Min,Max,Average,Standard_Deviation
0.018707399749232457,0.9898725005336892,0.6613220748118406,0.25683650617712994
