Min,Max,Average,Standard_Deviation
0.0,0.9984944287820933,0.2876266731339757,0.14580702327199976
