Min,Max,Average,Standard_Deviation
0.21237007264017388,1.0,0.6821853830734594,0.23873327043093617
