Min,Max,Average,Standard_Deviation
0.14730852352404772,0.9764780553981053,0.6921610831585537,0.2008013382027798
