Min,Max,Average,Standard_Deviation
0.023147739877873403,1.0,0.5640091818302867,0.28891319356776846
