Min,Max,Average,Standard_Deviation
0.0,1.0,0.4972799623370051,0.31398537474355726
