Min,Max,Average,Standard_Deviation,Count
0.27077009474811964,1.0,0.7569376947021113,0.21814245090386297,73
