Min,Max,Average,Standard_Deviation,Count
0.0,1.0,0.6028424149020724,0.31374346290940636,73
