Min,Max,Average,Standard_Deviation,Count
0.15786167529965633,0.9946552106509385,0.7308579226433355,0.24844828840888072,73
