Min,Max,Average,Standard_Deviation
0.143651166196951,1.0,0.7128020125250146,0.25448706438039004
