Min,Max,Average,Standard_Deviation,Count
0.4037878787881898,1.0,0.773898937487972,0.19368505726479848,73
