Min,Max,Average,Standard_Deviation
0.0037329399841782487,1.0,0.5950362648954296,0.3055606441989996
