
$ /venv/main/bin/python /workspace/configs/run_sweeps_antigravity.py --experiment qwen3-8b-base_lora_enc_dec_r16_5e6_gcb --max_risk high --hardware_profile rtx6000 --force_rerun --decoder_revision b968826d9c46dd6066d109eabc6255188de91218 --seed 42 --train_file data/datasets/arm64_graphv2/flutter_train_graphv2.jsonl --eval_file data/datasets/arm64_graphv2/flutter_eval_graphv2.jsonl --compile_dataset data/datasets/arm64_graphv2/flutter_eval_graphv2.jsonl --pass_dataset data/datasets/arm64_graphv2/flutter_eval_graphv2.jsonl --compile_mode jit_tests --epochs 4 --sft_lr 5e-6 --lora_r 64 --lora_alpha 128 --load_4bit 0 --attn_implementation sdpa --gradient_checkpointing 1 --train_batch_size 4 --grad_accum 16 --qwen_prefix_gate_mode token --qwen_prefix_rms_match 1 --decoder_prompt_max_length 2048 --prompt_fit_assembly 1 --auto_cfg 0 --max_block_instrs 20 --position_scheme roberta --causal_position_ids cumsum --use_reasoning 0 --eval_max_new_tokens 768 --generation_batch_size 10 --num_samples 10 --pass_num_samples 10 --metric_workers 64 --save_strategy no --save_total_limit 1 --gnn_layers 4 --global_attention_ablation full --name_suffix _arm64v21_s42_prefix_no_gine_regions16 --qwen_prefix_tokens 64 --qwen_prefix_dynamic 1 --qwen_prefix_min_tokens 4 --prompt_assembly_mode none --prompt_fit_assembly 0 --prompt_clean_asm 0 --dfg_mode edges --edge_ablation full --gnn_ablation identity --add_reverse_edges 1 --block_position_mode sinusoidal --encoder gcb --encoder_revision 2b0488a7bb0eefc7041f1bb2cad1ab26b0da269d --region_compression linear_residual --region_max_blocks 16 --block_pooling cls --block_vectors_per_block 4 --qwen_prefix_tokens_per_log2 4 --qwen_prefix_gate_init 0.2 --hf_repo raafatabualazm/antigravity-qwen3-8b-artifacts --hf_private 1 --hf_upload_checkpoints 1
CLI overrides applied to all sweeps: epochs=4, lora_r=64, lora_alpha=128

>>> Stage: SFT for qwen3-8b-base_lora_enc_dec_r64_5e6_gcb_a128_arm64v21_s42_prefix_no_gine_regions16

==================================================
RUNNING EXPERIMENT: qwen3-8b-base_lora_enc_dec_r64_5e6_gcb_a128_arm64v21_s42_prefix_no_gine_regions16
Decoder: Qwen/Qwen3-8B
Encoder PEFT: lora | Decoder PEFT: lora
LR: 5e-6 | Epochs: 4
OOM Risk (on 6GB VRAM): HIGH
Training Mode: SFT (Supervised Fine-Tuning)
==================================================

Dynamic Batch Size: 4 | Grad Accum: 16 | LoRA R: 64 | Alpha: 128 | Qwen prefix tokens: 64 | Qwen gate init: 0.2 | Qwen gate mode: token | Dynamic prefix: 1 [4, 4/log2] | Prefix RMS match: 1 | Prompt tokens: 2048 | Reasoning: 0 | Attention: sdpa | Grad ckpt: 1
Graph channel: dfg_mode=edges | edge_ablation=full | gnn_ablation=identity | gnn_layers=4 | global_attention=full | region_compression=linear_residual | region_max_blocks=16 | block_pooling=cls | block_vectors=4 | reverse_edges=1 | block_positions=sinusoidal | position_scheme=roberta | causal_position_ids=cumsum | grpo_train_graph_glue=1 | auto_cfg=0
Graph channel config: dfg_mode=edges | edge_ablation=full | gnn_ablation=identity | gnn_layers=4 | global_attention=full | position_scheme=roberta | causal_position_ids=cumsum | auto_cfg=0
Loading datasets...
Tokenizing datasets (using unified tensor builder format)...
Tokenized 500/1371 examples
Tokenized 1000/1371 examples

Loading weights:   0%|          | 0/197 [00:00<?, ?it/s]
Loading weights: 100%|██████████| 197/197 [00:00<00:00, 45109.89it/s]
Decoder attention implementation: sdpa

Loading weights:   0%|          | 0/399 [00:00<?, ?it/s]
Loading weights: 100%|██████████| 399/399 [00:00<00:00, 7648.07it/s]
Enabled decoder gradient checkpointing.
Enabled Qwen graph glue: 64 learned prefix tokens, dynamic=1, gate_mode=token, gate_init=0.2
Qwen prefix RMS matching ON: target token RMS 0.022050
Applied PEFT LORA (r=64, alpha=128) to LocalBlockEncoder
Enabled local block encoder gradient checkpointing.
Applied PEFT LORA (r=64, alpha=128) to Decoder
Qwen graph prefix gate: 0.200000
Gradient accumulation steps: 16
Starting training...

  0%|          | 0/88 [00:00<?, ?it/s]
  1%|          | 1/88 [01:46<2:34:09, 106.32s/it]
  2%|▏         | 2/88 [03:34<2:33:58, 107.42s/it]
  3%|▎         | 3/88 [05:18<2:29:49, 105.76s/it]
  5%|▍         | 4/88 [07:03<2:27:57, 105.68s/it]
  6%|▌         | 5/88 [08:49<2:25:57, 105.51s/it]
  7%|▋         | 6/88 [10:47<2:29:59, 109.75s/it]
  8%|▊         | 7/88 [12:33<2:26:46, 108.72s/it]
  9%|▉         | 8/88 [14:34<2:30:09, 112.62s/it]
 10%|█         | 9/88 [16:22<2:26:16, 111.10s/it]
 11%|█▏        | 10/88 [18:10<2:23:07, 110.09s/it]
                                                  
{'loss': '8.296', 'grad_norm': '11.99', 'learning_rate': '4.939e-06', 'epoch': '0.4665'}

 11%|█▏        | 10/88 [18:10<2:23:07, 110.09s/it]
 12%|█▎        | 11/88 [19:52<2:18:24, 107.85s/it]
 14%|█▎        | 12/88 [21:38<2:15:51, 107.26s/it]
 15%|█▍        | 13/88 [23:26<2:14:12, 107.37s/it]
 16%|█▌        | 14/88 [25:13<2:12:15, 107.23s/it]
 17%|█▋        | 15/88 [27:00<2:10:34, 107.32s/it]
 18%|█▊        | 16/88 [28:46<2:08:18, 106.92s/it]
 19%|█▉        | 17/88 [30:31<2:05:48, 106.31s/it]
 20%|██        | 18/88 [32:16<2:03:16, 105.67s/it]
 22%|██▏       | 19/88 [34:09<2:04:13, 108.02s/it]
 23%|██▎       | 20/88 [35:53<2:01:10, 106.92s/it]
                                                  
{'loss': '7.412', 'grad_norm': '12.53', 'learning_rate': '4.575e-06', 'epoch': '0.9329'}

 23%|██▎       | 20/88 [35:53<2:01:10, 106.92s/it]
 24%|██▍       | 21/88 [37:39<1:58:57, 106.53s/it]
 25%|██▌       | 22/88 [38:21<1:36:00, 87.29s/it] 

  0%|          | 0/86 [00:00<?, ?it/s][A

  2%|▏         | 2/86 [00:02<01:24,  1.01s/it][A

  3%|▎         | 3/86 [00:03<01:55,  1.39s/it][A

  5%|▍         | 4/86 [00:05<02:03,  1.51s/it][A

  6%|▌         | 5/86 [00:07<02:24,  1.78s/it][A

  7%|▋         | 6/86 [00:10<02:48,  2.11s/it][A

  8%|▊         | 7/86 [00:13<02:57,  2.24s/it][A

  9%|▉         | 8/86 [00:15<02:59,  2.30s/it][A

 10%|█         | 9/86 [00:17<02:57,  2.30s/it][A

 12%|█▏        | 10/86 [00:20<03:02,  2.41s/it][A

 13%|█▎        | 11/86 [00:23<03:08,  2.51s/it][A

 14%|█▍        | 12/86 [00:26<03:14,  2.63s/it][A

 15%|█▌        | 13/86 [00:28<03:11,  2.62s/it][A

 16%|█▋        | 14/86 [00:30<02:57,  2.47s/it][A

 17%|█▋        | 15/86 [00:32<02:41,  2.27s/it][A

 19%|█▊        | 16/86 [00:35<02:39,  2.28s/it][A

 20%|█▉        | 17/86 [00:37<02:37,  2.28s/it][A

 21%|██        | 18/86 [00:39<02:36,  2.30s/it][A

 22%|██▏       | 19/86 [00:41<02:32,  2.27s/it][A

 23%|██▎       | 20/86 [00:44<02:32,  2.31s/it][A

 24%|██▍       | 21/86 [00:46<02:26,  2.25s/it][A

 26%|██▌       | 22/86 [00:48<02:14,  2.09s/it][A

 27%|██▋       | 23/86 [00:50<02:09,  2.05s/it][A

 28%|██▊       | 24/86 [00:52<02:04,  2.01s/it][A

 29%|██▉       | 25/86 [00:53<01:58,  1.94s/it][A

 30%|███       | 26/86 [00:55<01:59,  1.99s/it][A

 31%|███▏      | 27/86 [00:58<02:05,  2.13s/it][A

 33%|███▎      | 28/86 [01:01<02:12,  2.28s/it][A

 34%|███▎      | 29/86 [01:03<02:15,  2.37s/it][A

 35%|███▍      | 30/86 [01:06<02:17,  2.45s/it][A

 36%|███▌      | 31/86 [01:08<02:15,  2.46s/it][A

 37%|███▋      | 32/86 [01:10<02:07,  2.36s/it][A

 38%|███▊      | 33/86 [01:12<01:59,  2.26s/it][A

 40%|███▉      | 34/86 [01:14<01:51,  2.14s/it][A

 41%|████      | 35/86 [01:16<01:48,  2.13s/it][A

 42%|████▏     | 36/86 [01:19<01:49,  2.20s/it][A

 43%|████▎     | 37/86 [01:21<01:47,  2.19s/it][A

 44%|████▍     | 38/86 [01:23<01:43,  2.16s/it][A

 45%|████▌     | 39/86 [01:25<01:45,  2.25s/it][A

 47%|████▋     | 40/86 [01:28<01:48,  2.36s/it][A

 48%|████▊     | 41/86 [01:30<01:45,  2.35s/it][A

 49%|████▉     | 42/86 [01:33<01:44,  2.36s/it][A

 50%|█████     | 43/86 [01:35<01:41,  2.37s/it][A

 51%|█████     | 44/86 [01:38<01:42,  2.45s/it][A

 52%|█████▏    | 45/86 [01:40<01:43,  2.52s/it][A

 53%|█████▎    | 46/86 [01:43<01:35,  2.39s/it][A

 55%|█████▍    | 47/86 [01:45<01:29,  2.30s/it][A

 56%|█████▌    | 48/86 [01:47<01:25,  2.26s/it][A

 57%|█████▋    | 49/86 [01:49<01:21,  2.20s/it][A

 58%|█████▊    | 50/86 [01:51<01:15,  2.09s/it][A

 59%|█████▉    | 51/86 [01:53<01:12,  2.06s/it][A

 60%|██████    | 52/86 [01:55<01:09,  2.03s/it][A

 62%|██████▏   | 53/86 [01:57<01:08,  2.07s/it][A

 63%|██████▎   | 54/86 [01:59<01:10,  2.19s/it][A

 64%|██████▍   | 55/86 [02:01<01:06,  2.14s/it][A

 65%|██████▌   | 56/86 [02:03<01:01,  2.05s/it][A

 66%|██████▋   | 57/86 [02:05<00:59,  2.07s/it][A

 67%|██████▋   | 58/86 [02:08<01:00,  2.15s/it][A

 69%|██████▊   | 59/86 [02:10<00:57,  2.14s/it][A

 70%|██████▉   | 60/86 [02:12<00:55,  2.13s/it][A

 71%|███████   | 61/86 [02:14<00:52,  2.11s/it][A

 72%|███████▏  | 62/86 [02:16<00:49,  2.08s/it][A

 73%|███████▎  | 63/86 [02:18<00:47,  2.06s/it][A

 74%|███████▍  | 64/86 [02:20<00:45,  2.09s/it][A

 76%|███████▌  | 65/86 [02:22<00:45,  2.17s/it][A

 77%|███████▋  | 66/86 [02:25<00:43,  2.16s/it][A

 78%|███████▊  | 67/86 [02:27<00:40,  2.13s/it][A

 79%|███████▉  | 68/86 [02:29<00:39,  2.17s/it][A

 80%|████████  | 69/86 [02:31<00:38,  2.25s/it][A

 81%|████████▏ | 70/86 [02:34<00:37,  2.32s/it][A

 83%|████████▎ | 71/86 [02:36<00:34,  2.33s/it][A

 84%|████████▎ | 72/86 [02:39<00:33,  2.38s/it][A

 85%|████████▍ | 73/86 [02:42<00:33,  2.57s/it][A

 86%|████████▌ | 74/86 [02:45<00:32,  2.75s/it][A

 87%|████████▋ | 75/86 [02:48<00:31,  2.83s/it][A

 88%|████████▊ | 76/86 [02:50<00:27,  2.73s/it][A

 90%|████████▉ | 77/86 [02:53<00:24,  2.75s/it][A

 91%|█████████ | 78/86 [02:56<00:21,  2.73s/it][A

 92%|█████████▏| 79/86 [02:58<00:17,  2.49s/it][A

 93%|█████████▎| 80/86 [03:00<00:14,  2.42s/it][A

 94%|█████████▍| 81/86 [03:03<00:12,  2.48s/it][A

 95%|█████████▌| 82/86 [03:05<00:10,  2.56s/it][A

 97%|█████████▋| 83/86 [03:09<00:08,  2.75s/it][A

 98%|█████████▊| 84/86 [03:12<00:05,  2.93s/it][A

 99%|█████████▉| 85/86 [03:14<00:02,  2.79s/it][A

100%|██████████| 86/86 [03:16<00:00,  2.37s/it][A
                                                 

                                               
[A{'eval_loss': '0.4409', 'eval_runtime': '198.2', 'eval_samples_per_second': '1.73', 'eval_steps_per_second': '0.434', 'epoch': '1'}

 25%|██▌       | 22/88 [41:40<1:36:00, 87.29s/it]

100%|██████████| 86/86 [03:16<00:00,  2.37s/it][A

                                               [A
 26%|██▌       | 23/88 [43:25<2:44:51, 152.18s/it]
 27%|██▋       | 24/88 [45:11<2:27:29, 138.28s/it]
 28%|██▊       | 25/88 [47:00<2:16:03, 129.58s/it]
 30%|██▉       | 26/88 [48:49<2:07:24, 123.30s/it]
 31%|███       | 27/88 [50:36<2:00:30, 118.53s/it]
 32%|███▏      | 28/88 [52:25<1:55:37, 115.62s/it]
 33%|███▎      | 29/88 [54:10<1:50:37, 112.50s/it]
 34%|███▍      | 30/88 [55:55<1:46:38, 110.33s/it]
                                                  
{'loss': '6.351', 'grad_norm': '6.293', 'learning_rate': '3.932e-06', 'epoch': '1.373'}

 34%|███▍      | 30/88 [55:55<1:46:38, 110.33s/it]
 35%|███▌      | 31/88 [57:47<1:45:09, 110.69s/it]
 36%|███▋      | 32/88 [59:33<1:41:53, 109.17s/it]
 38%|███▊      | 33/88 [1:01:15<1:38:08, 107.06s/it]
 39%|███▊      | 34/88 [1:03:00<1:35:52, 106.54s/it]
 40%|███▉      | 35/88 [1:04:45<1:33:39, 106.03s/it]
 41%|████      | 36/88 [1:06:29<1:31:20, 105.40s/it]
 42%|████▏     | 37/88 [1:08:14<1:29:33, 105.36s/it]
 43%|████▎     | 38/88 [1:10:03<1:28:37, 106.35s/it]
 44%|████▍     | 39/88 [1:11:52<1:27:26, 107.08s/it]
 45%|████▌     | 40/88 [1:13:38<1:25:37, 107.04s/it]
                                                    
{'loss': '6.562', 'grad_norm': '6.324', 'learning_rate': '3.095e-06', 'epoch': '1.84'}

 45%|████▌     | 40/88 [1:13:38<1:25:37, 107.04s/it]
 47%|████▋     | 41/88 [1:15:23<1:23:12, 106.22s/it]
 48%|████▊     | 42/88 [1:17:07<1:20:56, 105.57s/it]
 49%|████▉     | 43/88 [1:18:50<1:18:32, 104.72s/it]
 50%|█████     | 44/88 [1:19:35<1:03:39, 86.81s/it] 

  0%|          | 0/86 [00:00<?, ?it/s][A

  2%|▏         | 2/86 [00:02<01:24,  1.01s/it][A

  3%|▎         | 3/86 [00:03<01:55,  1.39s/it][A

  5%|▍         | 4/86 [00:05<02:03,  1.51s/it][A

  6%|▌         | 5/86 [00:07<02:24,  1.78s/it][A

  7%|▋         | 6/86 [00:10<02:48,  2.11s/it][A

  8%|▊         | 7/86 [00:13<02:57,  2.25s/it][A

  9%|▉         | 8/86 [00:15<02:59,  2.31s/it][A

 10%|█         | 9/86 [00:18<03:07,  2.43s/it][A

 12%|█▏        | 10/86 [00:21<03:09,  2.50s/it][A

 13%|█▎        | 11/86 [00:23<03:13,  2.58s/it][A

 14%|█▍        | 12/86 [00:26<03:18,  2.68s/it][A

 15%|█▌        | 13/86 [00:29<03:13,  2.66s/it][A

 16%|█▋        | 14/86 [00:31<02:59,  2.50s/it][A

 17%|█▋        | 15/86 [00:33<02:42,  2.29s/it][A

 19%|█▊        | 16/86 [00:35<02:31,  2.17s/it][A

 20%|█▉        | 17/86 [00:37<02:32,  2.20s/it][A

 21%|██        | 18/86 [00:39<02:33,  2.25s/it][A

 22%|██▏       | 19/86 [00:41<02:29,  2.24s/it][A

 23%|██▎       | 20/86 [00:44<02:30,  2.28s/it][A

 24%|██▍       | 21/86 [00:46<02:25,  2.23s/it][A

 26%|██▌       | 22/86 [00:48<02:13,  2.08s/it][A

 27%|██▋       | 23/86 [00:50<02:08,  2.04s/it][A

 28%|██▊       | 24/86 [00:52<02:04,  2.00s/it][A

 29%|██▉       | 25/86 [00:53<01:58,  1.94s/it][A

 30%|███       | 26/86 [00:55<01:59,  1.99s/it][A

 31%|███▏      | 27/86 [00:58<02:05,  2.13s/it][A

 33%|███▎      | 28/86 [01:01<02:12,  2.28s/it][A

 34%|███▎      | 29/86 [01:03<02:15,  2.38s/it][A

 35%|███▍      | 30/86 [01:06<02:17,  2.46s/it][A

 36%|███▌      | 31/86 [01:08<02:15,  2.47s/it][A

 37%|███▋      | 32/86 [01:10<02:07,  2.37s/it][A

 38%|███▊      | 33/86 [01:12<01:59,  2.26s/it][A

 40%|███▉      | 34/86 [01:14<01:51,  2.15s/it][A

 41%|████      | 35/86 [01:16<01:48,  2.14s/it][A

 42%|████▏     | 36/86 [01:19<01:49,  2.20s/it][A

 43%|████▎     | 37/86 [01:21<01:47,  2.20s/it][A

 44%|████▍     | 38/86 [01:23<01:44,  2.17s/it][A

 45%|████▌     | 39/86 [01:26<01:46,  2.26s/it][A

 47%|████▋     | 40/86 [01:28<01:48,  2.36s/it][A

 48%|████▊     | 41/86 [01:31<01:45,  2.35s/it][A

 49%|████▉     | 42/86 [01:33<01:44,  2.37s/it][A

 50%|█████     | 43/86 [01:35<01:41,  2.37s/it][A

 51%|█████     | 44/86 [01:38<01:43,  2.46s/it][A

 52%|█████▏    | 45/86 [01:41<01:43,  2.52s/it][A

 53%|█████▎    | 46/86 [01:43<01:35,  2.40s/it][A

 55%|█████▍    | 47/86 [01:45<01:29,  2.31s/it][A

 56%|█████▌    | 48/86 [01:47<01:26,  2.26s/it][A

 57%|█████▋    | 49/86 [01:49<01:21,  2.20s/it][A

 58%|█████▊    | 50/86 [01:51<01:15,  2.10s/it][A

 59%|█████▉    | 51/86 [01:53<01:12,  2.07s/it][A

 60%|██████    | 52/86 [01:55<01:09,  2.04s/it][A

 62%|██████▏   | 53/86 [01:57<01:08,  2.07s/it][A

 63%|██████▎   | 54/86 [02:00<01:10,  2.20s/it][A

 64%|██████▍   | 55/86 [02:02<01:06,  2.15s/it][A

 65%|██████▌   | 56/86 [02:03<01:01,  2.06s/it][A

 66%|██████▋   | 57/86 [02:05<01:00,  2.07s/it][A

 67%|██████▋   | 58/86 [02:08<01:00,  2.15s/it][A

 69%|██████▊   | 59/86 [02:10<00:57,  2.15s/it][A

 70%|██████▉   | 60/86 [02:12<00:55,  2.13s/it][A

 71%|███████   | 61/86 [02:14<00:52,  2.11s/it][A

 72%|███████▏  | 62/86 [02:16<00:49,  2.08s/it][A

 73%|███████▎  | 63/86 [02:18<00:47,  2.06s/it][A

 74%|███████▍  | 64/86 [02:20<00:46,  2.09s/it][A

 76%|███████▌  | 65/86 [02:23<00:45,  2.18s/it][A

 77%|███████▋  | 66/86 [02:25<00:43,  2.16s/it][A

 78%|███████▊  | 67/86 [02:27<00:40,  2.13s/it][A

 79%|███████▉  | 68/86 [02:29<00:39,  2.17s/it][A

 80%|████████  | 69/86 [02:32<00:38,  2.25s/it][A

 81%|████████▏ | 70/86 [02:34<00:36,  2.31s/it][A

 83%|████████▎ | 71/86 [02:36<00:34,  2.32s/it][A

 84%|████████▎ | 72/86 [02:39<00:33,  2.36s/it][A

 85%|████████▍ | 73/86 [02:42<00:33,  2.55s/it][A

 86%|████████▌ | 74/86 [02:45<00:32,  2.73s/it][A

 87%|████████▋ | 75/86 [02:48<00:30,  2.80s/it][A

 88%|████████▊ | 76/86 [02:50<00:27,  2.70s/it][A

 90%|████████▉ | 77/86 [02:53<00:24,  2.73s/it][A

 91%|█████████ | 78/86 [02:56<00:21,  2.70s/it][A

 92%|█████████▏| 79/86 [02:58<00:17,  2.47s/it][A

 93%|█████████▎| 80/86 [03:00<00:14,  2.41s/it][A

 94%|█████████▍| 81/86 [03:03<00:12,  2.48s/it][A

 95%|█████████▌| 82/86 [03:05<00:10,  2.56s/it][A

 97%|█████████▋| 83/86 [03:09<00:08,  2.76s/it][A

 98%|█████████▊| 84/86 [03:12<00:05,  2.93s/it][A

 99%|█████████▉| 85/86 [03:14<00:02,  2.79s/it][A

100%|██████████| 86/86 [03:16<00:00,  2.38s/it][A
                                                   

                                               
[A{'eval_loss': '0.4081', 'eval_runtime': '198.3', 'eval_samples_per_second': '1.729', 'eval_steps_per_second': '0.434', 'epoch': '2'}

 50%|█████     | 44/88 [1:22:53<1:03:39, 86.81s/it]

100%|██████████| 86/86 [03:16<00:00,  2.38s/it][A

                                               [A
 51%|█████     | 45/88 [1:24:38<1:48:45, 151.75s/it]
 52%|█████▏    | 46/88 [1:26:19<1:35:37, 136.61s/it]
 53%|█████▎    | 47/88 [1:28:09<1:27:50, 128.54s/it]
 55%|█████▍    | 48/88 [1:29:54<1:21:02, 121.56s/it]
 56%|█████▌    | 49/88 [1:31:39<1:15:43, 116.49s/it]
 57%|█████▋    | 50/88 [1:33:24<1:11:34, 113.02s/it]
                                                    
{'loss': '5.923', 'grad_norm': '5.241', 'learning_rate': '2.178e-06', 'epoch': '2.28'}

 57%|█████▋    | 50/88 [1:33:24<1:11:34, 113.02s/it]
 58%|█████▊    | 51/88 [1:35:12<1:08:53, 111.71s/it]
 59%|█████▉    | 52/88 [1:37:00<1:06:16, 110.47s/it]
 60%|██████    | 53/88 [1:38:47<1:03:45, 109.31s/it]
 61%|██████▏   | 54/88 [1:40:38<1:02:19, 109.99s/it]
 62%|██████▎   | 55/88 [1:42:23<59:39, 108.48s/it]  
 64%|██████▎   | 56/88 [1:44:12<57:56, 108.65s/it]
 65%|██████▍   | 57/88 [1:46:00<55:57, 108.32s/it]
 66%|██████▌   | 58/88 [1:47:42<53:11, 106.38s/it]
 67%|██████▋   | 59/88 [1:49:29<51:35, 106.76s/it]
 68%|██████▊   | 60/88 [1:51:18<50:08, 107.45s/it]
                                                  
{'loss': '6.308', 'grad_norm': '4.71', 'learning_rate': '1.304e-06', 'epoch': '2.746'}

 68%|██████▊   | 60/88 [1:51:18<50:08, 107.45s/it]
 69%|██████▉   | 61/88 [1:53:00<47:35, 105.75s/it]
 70%|███████   | 62/88 [1:54:48<46:07, 106.45s/it]
 72%|███████▏  | 63/88 [1:56:32<44:04, 105.78s/it]
 73%|███████▎  | 64/88 [1:58:17<42:12, 105.52s/it]
 74%|███████▍  | 65/88 [2:00:07<40:54, 106.71s/it]
 75%|███████▌  | 66/88 [2:00:50<32:10, 87.76s/it] 

  0%|          | 0/86 [00:00<?, ?it/s][A

  2%|▏         | 2/86 [00:02<01:25,  1.02s/it][A

  3%|▎         | 3/86 [00:03<01:56,  1.40s/it][A

  5%|▍         | 4/86 [00:05<02:04,  1.52s/it][A

  6%|▌         | 5/86 [00:08<02:25,  1.80s/it][A

  7%|▋         | 6/86 [00:10<02:50,  2.13s/it][A

  8%|▊         | 7/86 [00:13<02:59,  2.27s/it][A

  9%|▉         | 8/86 [00:15<03:01,  2.33s/it][A

 10%|█         | 9/86 [00:18<02:58,  2.32s/it][A

 12%|█▏        | 10/86 [00:20<03:04,  2.43s/it][A

 13%|█▎        | 11/86 [00:23<03:10,  2.54s/it][A

 14%|█▍        | 12/86 [00:26<03:16,  2.66s/it][A

 15%|█▌        | 13/86 [00:29<03:13,  2.65s/it][A

 16%|█▋        | 14/86 [00:31<02:59,  2.49s/it][A

 17%|█▋        | 15/86 [00:33<02:42,  2.29s/it][A

 19%|█▊        | 16/86 [00:35<02:32,  2.17s/it][A

 20%|█▉        | 17/86 [00:37<02:32,  2.21s/it][A

 21%|██        | 18/86 [00:39<02:34,  2.27s/it][A

 22%|██▏       | 19/86 [00:41<02:30,  2.25s/it][A

 23%|██▎       | 20/86 [00:44<02:31,  2.30s/it][A

 24%|██▍       | 21/86 [00:46<02:25,  2.25s/it][A

 26%|██▌       | 22/86 [00:48<02:14,  2.10s/it][A

 27%|██▋       | 23/86 [00:50<02:17,  2.18s/it][A

 28%|██▊       | 24/86 [00:52<02:10,  2.10s/it][A

 29%|██▉       | 25/86 [00:54<02:02,  2.01s/it][A

 30%|███       | 26/86 [00:56<02:02,  2.04s/it][A

 31%|███▏      | 27/86 [00:58<02:08,  2.18s/it][A

 33%|███▎      | 28/86 [01:01<02:14,  2.32s/it][A

 34%|███▎      | 29/86 [01:04<02:17,  2.41s/it][A

 35%|███▍      | 30/86 [01:06<02:19,  2.48s/it][A

 36%|███▌      | 31/86 [01:09<02:17,  2.49s/it][A

 37%|███▋      | 32/86 [01:11<02:08,  2.38s/it][A

 38%|███▊      | 33/86 [01:13<02:00,  2.28s/it][A

 40%|███▉      | 34/86 [01:15<01:52,  2.16s/it][A

 41%|████      | 35/86 [01:17<01:49,  2.15s/it][A

 42%|████▏     | 36/86 [01:19<01:50,  2.21s/it][A

 43%|████▎     | 37/86 [01:22<01:48,  2.21s/it][A

 44%|████▍     | 38/86 [01:24<01:44,  2.18s/it][A

 45%|████▌     | 39/86 [01:26<01:46,  2.27s/it][A

 47%|████▋     | 40/86 [01:29<01:49,  2.38s/it][A

 48%|████▊     | 41/86 [01:31<01:46,  2.37s/it][A

 49%|████▉     | 42/86 [01:34<01:45,  2.39s/it][A

 50%|█████     | 43/86 [01:36<01:42,  2.39s/it][A

 51%|█████     | 44/86 [01:39<01:43,  2.47s/it][A

 52%|█████▏    | 45/86 [01:41<01:44,  2.55s/it][A

 53%|█████▎    | 46/86 [01:43<01:36,  2.42s/it][A

 55%|█████▍    | 47/86 [01:46<01:30,  2.32s/it][A

 56%|█████▌    | 48/86 [01:48<01:26,  2.28s/it][A

 57%|█████▋    | 49/86 [01:50<01:21,  2.21s/it][A

 58%|█████▊    | 50/86 [01:52<01:15,  2.11s/it][A

 59%|█████▉    | 51/86 [01:54<01:12,  2.08s/it][A

 60%|██████    | 52/86 [01:56<01:09,  2.05s/it][A

 62%|██████▏   | 53/86 [01:58<01:08,  2.09s/it][A

 63%|██████▎   | 54/86 [02:00<01:10,  2.21s/it][A

 64%|██████▍   | 55/86 [02:02<01:07,  2.16s/it][A

 65%|██████▌   | 56/86 [02:04<01:02,  2.07s/it][A

 66%|██████▋   | 57/86 [02:06<01:00,  2.09s/it][A

 67%|██████▋   | 58/86 [02:09<01:00,  2.16s/it][A

 69%|██████▊   | 59/86 [02:11<00:58,  2.16s/it][A

 70%|██████▉   | 60/86 [02:13<00:55,  2.14s/it][A

 71%|███████   | 61/86 [02:15<00:53,  2.13s/it][A

 72%|███████▏  | 62/86 [02:17<00:50,  2.09s/it][A

 73%|███████▎  | 63/86 [02:19<00:47,  2.08s/it][A

 74%|███████▍  | 64/86 [02:21<00:46,  2.11s/it][A

 76%|███████▌  | 65/86 [02:24<00:46,  2.19s/it][A

 77%|███████▋  | 66/86 [02:26<00:43,  2.18s/it][A

 78%|███████▊  | 67/86 [02:28<00:40,  2.15s/it][A

 79%|███████▉  | 68/86 [02:30<00:39,  2.18s/it][A

 80%|████████  | 69/86 [02:33<00:38,  2.27s/it][A

 81%|████████▏ | 70/86 [02:35<00:37,  2.34s/it][A

 83%|████████▎ | 71/86 [02:38<00:35,  2.35s/it][A

 84%|████████▎ | 72/86 [02:40<00:33,  2.39s/it][A

 85%|████████▍ | 73/86 [02:43<00:33,  2.59s/it][A

 86%|████████▌ | 74/86 [02:46<00:33,  2.78s/it][A

 87%|████████▋ | 75/86 [02:49<00:31,  2.86s/it][A

 88%|████████▊ | 76/86 [02:52<00:27,  2.76s/it][A

 90%|████████▉ | 77/86 [02:55<00:25,  2.78s/it][A

 91%|█████████ | 78/86 [02:57<00:22,  2.75s/it][A

 92%|█████████▏| 79/86 [02:59<00:17,  2.51s/it][A

 93%|█████████▎| 80/86 [03:02<00:14,  2.45s/it][A

 94%|█████████▍| 81/86 [03:04<00:12,  2.51s/it][A

 95%|█████████▌| 82/86 [03:07<00:10,  2.58s/it][A

 97%|█████████▋| 83/86 [03:10<00:08,  2.78s/it][A

 98%|█████████▊| 84/86 [03:14<00:05,  2.96s/it][A

 99%|█████████▉| 85/86 [03:16<00:02,  2.82s/it][A

100%|██████████| 86/86 [03:18<00:00,  2.40s/it][A
                                                 

                                               
[A{'eval_loss': '0.3969', 'eval_runtime': '200.1', 'eval_samples_per_second': '1.714', 'eval_steps_per_second': '0.43', 'epoch': '3'}

 75%|███████▌  | 66/88 [2:04:10<32:10, 87.76s/it]

100%|██████████| 86/86 [03:18<00:00,  2.40s/it][A

                                               [A
 76%|███████▌  | 67/88 [2:05:56<53:35, 153.11s/it]
 77%|███████▋  | 68/88 [2:07:41<46:12, 138.63s/it]
 78%|███████▊  | 69/88 [2:09:27<40:52, 129.05s/it]
 80%|███████▉  | 70/88 [2:11:16<36:52, 122.92s/it]
                                                  
{'loss': '5.87', 'grad_norm': '5.701', 'learning_rate': '5.915e-07', 'epoch': '3.187'}

 80%|███████▉  | 70/88 [2:11:16<36:52, 122.92s/it]
 81%|████████  | 71/88 [2:12:59<33:09, 117.05s/it]
 82%|████████▏ | 72/88 [2:14:47<30:29, 114.33s/it]
 83%|████████▎ | 73/88 [2:16:32<27:50, 111.34s/it]
 84%|████████▍ | 74/88 [2:18:17<25:32, 109.49s/it]
 85%|████████▌ | 75/88 [2:20:02<23:25, 108.15s/it]
 86%|████████▋ | 76/88 [2:21:46<21:21, 106.80s/it]
 88%|████████▊ | 77/88 [2:23:31<19:30, 106.39s/it]
 89%|████████▊ | 78/88 [2:25:18<17:45, 106.52s/it]
 90%|████████▉ | 79/88 [2:27:04<15:58, 106.51s/it]
 91%|█████████ | 80/88 [2:28:51<14:13, 106.67s/it]
                                                  
{'loss': '6.24', 'grad_norm': '4.602', 'learning_rate': '1.37e-07', 'epoch': '3.653'}

 91%|█████████ | 80/88 [2:28:51<14:13, 106.67s/it]
 92%|█████████▏| 81/88 [2:30:37<12:25, 106.52s/it]
 93%|█████████▎| 82/88 [2:32:24<10:39, 106.60s/it]
 94%|█████████▍| 83/88 [2:34:11<08:53, 106.69s/it]
 95%|█████████▌| 84/88 [2:36:06<07:16, 109.08s/it]
 97%|█████████▋| 85/88 [2:37:53<05:25, 108.56s/it]
 98%|█████████▊| 86/88 [2:39:39<03:35, 107.79s/it]
 99%|█████████▉| 87/88 [2:41:29<01:48, 108.26s/it]
100%|██████████| 88/88 [2:42:12<00:00, 88.76s/it] 

  0%|          | 0/86 [00:00<?, ?it/s][A

  2%|▏         | 2/86 [00:02<01:25,  1.02s/it][A

  3%|▎         | 3/86 [00:03<01:56,  1.40s/it][A

  5%|▍         | 4/86 [00:05<02:04,  1.52s/it][A

  6%|▌         | 5/86 [00:08<02:25,  1.80s/it][A

  7%|▋         | 6/86 [00:10<02:50,  2.13s/it][A

  8%|▊         | 7/86 [00:13<02:59,  2.28s/it][A

  9%|▉         | 8/86 [00:15<03:01,  2.33s/it][A

 10%|█         | 9/86 [00:18<02:59,  2.33s/it][A

 12%|█▏        | 10/86 [00:20<03:04,  2.43s/it][A

 13%|█▎        | 11/86 [00:23<03:10,  2.54s/it][A

 14%|█▍        | 12/86 [00:26<03:16,  2.66s/it][A

 15%|█▌        | 13/86 [00:29<03:13,  2.65s/it][A

 16%|█▋        | 14/86 [00:31<02:59,  2.50s/it][A

 17%|█▋        | 15/86 [00:33<02:42,  2.29s/it][A

 19%|█▊        | 16/86 [00:35<02:32,  2.18s/it][A

 20%|█▉        | 17/86 [00:37<02:33,  2.22s/it][A

 21%|██        | 18/86 [00:39<02:34,  2.28s/it][A

 22%|██▏       | 19/86 [00:42<02:39,  2.39s/it][A

 23%|██▎       | 20/86 [00:44<02:38,  2.40s/it][A

 24%|██▍       | 21/86 [00:46<02:30,  2.32s/it][A

 26%|██▌       | 22/86 [00:48<02:17,  2.15s/it][A

 27%|██▋       | 23/86 [00:50<02:11,  2.09s/it][A

 28%|██▊       | 24/86 [00:52<02:06,  2.04s/it][A

 29%|██▉       | 25/86 [00:54<02:00,  1.98s/it][A

 30%|███       | 26/86 [00:56<02:00,  2.02s/it][A

 31%|███▏      | 27/86 [00:59<02:07,  2.16s/it][A

 33%|███▎      | 28/86 [01:01<02:14,  2.32s/it][A

 34%|███▎      | 29/86 [01:04<02:17,  2.41s/it][A

 35%|███▍      | 30/86 [01:07<02:19,  2.48s/it][A

 36%|███▌      | 31/86 [01:09<02:17,  2.49s/it][A

 37%|███▋      | 32/86 [01:11<02:09,  2.39s/it][A

 38%|███▊      | 33/86 [01:13<02:00,  2.28s/it][A

 40%|███▉      | 34/86 [01:15<01:52,  2.17s/it][A

 41%|████      | 35/86 [01:17<01:49,  2.16s/it][A

 42%|████▏     | 36/86 [01:20<01:51,  2.22s/it][A

 43%|████▎     | 37/86 [01:22<01:48,  2.21s/it][A

 44%|████▍     | 38/86 [01:24<01:45,  2.19s/it][A

 45%|████▌     | 39/86 [01:26<01:47,  2.28s/it][A

 47%|████▋     | 40/86 [01:29<01:49,  2.39s/it][A

 48%|████▊     | 41/86 [01:31<01:46,  2.37s/it][A

 49%|████▉     | 42/86 [01:34<01:45,  2.39s/it][A

 50%|█████     | 43/86 [01:36<01:42,  2.39s/it][A

 51%|█████     | 44/86 [01:39<01:44,  2.48s/it][A

 52%|█████▏    | 45/86 [01:42<01:44,  2.55s/it][A

 53%|█████▎    | 46/86 [01:44<01:36,  2.42s/it][A

 55%|█████▍    | 47/86 [01:46<01:30,  2.33s/it][A

 56%|█████▌    | 48/86 [01:48<01:26,  2.28s/it][A

 57%|█████▋    | 49/86 [01:50<01:22,  2.22s/it][A

 58%|█████▊    | 50/86 [01:52<01:16,  2.11s/it][A

 59%|█████▉    | 51/86 [01:54<01:12,  2.08s/it][A

 60%|██████    | 52/86 [01:56<01:09,  2.05s/it][A

 62%|██████▏   | 53/86 [01:58<01:08,  2.09s/it][A

 63%|██████▎   | 54/86 [02:01<01:10,  2.21s/it][A

 64%|██████▍   | 55/86 [02:03<01:07,  2.16s/it][A

 65%|██████▌   | 56/86 [02:05<01:02,  2.07s/it][A

 66%|██████▋   | 57/86 [02:07<01:00,  2.09s/it][A

 67%|██████▋   | 58/86 [02:09<01:00,  2.17s/it][A

 69%|██████▊   | 59/86 [02:11<00:58,  2.16s/it][A

 70%|██████▉   | 60/86 [02:13<00:55,  2.15s/it][A

 71%|███████   | 61/86 [02:15<00:53,  2.13s/it][A

 72%|███████▏  | 62/86 [02:17<00:50,  2.10s/it][A

 73%|███████▎  | 63/86 [02:19<00:47,  2.08s/it][A

 74%|███████▍  | 64/86 [02:22<00:46,  2.11s/it][A

 76%|███████▌  | 65/86 [02:24<00:46,  2.20s/it][A

 77%|███████▋  | 66/86 [02:26<00:43,  2.19s/it][A

 78%|███████▊  | 67/86 [02:28<00:40,  2.16s/it][A

 79%|███████▉  | 68/86 [02:31<00:39,  2.19s/it][A

 80%|████████  | 69/86 [02:33<00:38,  2.27s/it][A

 81%|████████▏ | 70/86 [02:35<00:37,  2.34s/it][A

 83%|████████▎ | 71/86 [02:38<00:35,  2.36s/it][A

 84%|████████▎ | 72/86 [02:40<00:33,  2.40s/it][A

 85%|████████▍ | 73/86 [02:43<00:33,  2.60s/it][A

 86%|████████▌ | 74/86 [02:47<00:33,  2.78s/it][A

 87%|████████▋ | 75/86 [02:50<00:31,  2.86s/it][A

 88%|████████▊ | 76/86 [02:52<00:27,  2.76s/it][A

 90%|████████▉ | 77/86 [02:55<00:25,  2.78s/it][A

 91%|█████████ | 78/86 [02:58<00:22,  2.76s/it][A

 92%|█████████▏| 79/86 [03:00<00:17,  2.51s/it][A

 93%|█████████▎| 80/86 [03:02<00:14,  2.45s/it][A

 94%|█████████▍| 81/86 [03:05<00:12,  2.52s/it][A

 95%|█████████▌| 82/86 [03:07<00:10,  2.59s/it][A

 97%|█████████▋| 83/86 [03:11<00:08,  2.79s/it][A

 98%|█████████▊| 84/86 [03:14<00:05,  2.97s/it][A

 99%|█████████▉| 85/86 [03:17<00:02,  2.82s/it][A

100%|██████████| 86/86 [03:18<00:00,  2.40s/it][A
                                                 

                                               
[A{'eval_loss': '0.3947', 'eval_runtime': '200.5', 'eval_samples_per_second': '1.711', 'eval_steps_per_second': '0.429', 'epoch': '4'}

100%|██████████| 88/88 [2:45:32<00:00, 88.76s/it]

100%|██████████| 86/86 [03:18<00:00,  2.40s/it][A

                                               [A
                                                 
{'train_runtime': '9933', 'train_samples_per_second': '0.552', 'train_steps_per_second': '0.009', 'train_loss': '6.52', 'epoch': '4'}

100%|██████████| 88/88 [2:45:32<00:00, 88.76s/it]
100%|██████████| 88/88 [2:45:32<00:00, 112.87s/it]
Saving model to artifacts/qwen3-8b-base_lora_enc_dec_r64_5e6_gcb_a128_arm64v21_s42_prefix_no_gine_regions16...
AntigravitySeq2SeqTrainer: Saving model state dict to artifacts/qwen3-8b-base_lora_enc_dec_r64_5e6_gcb_a128_arm64v21_s42_prefix_no_gine_regions16
HF upload complete: raafatabualazm/antigravity-qwen3-8b-artifacts/artifacts/qwen3-8b-base_lora_enc_dec_r64_5e6_gcb_a128_arm64v21_s42_prefix_no_gine_regions16

Running multi-sample inference for legacy compile/CodeBLEU tasks...

Loading weights:   0%|          | 0/197 [00:00<?, ?it/s]
Loading weights: 100%|██████████| 197/197 [00:00<00:00, 47086.73it/s]
Decoder attention implementation: sdpa

Loading weights:   0%|          | 0/399 [00:00<?, ?it/s]
Loading weights: 100%|██████████| 399/399 [00:00<00:00, 7215.31it/s]
Enabled decoder gradient checkpointing.
Enabled Qwen graph glue: 64 learned prefix tokens, dynamic=1, gate_mode=token, gate_init=0.2
Qwen prefix RMS matching ON: target token RMS 0.022050
Applied PEFT LORA (r=64, alpha=128) to LocalBlockEncoder
Enabled local block encoder gradient checkpointing.
Applied PEFT LORA (r=64, alpha=128) to Decoder
loaded checkpoint: /workspace/artifacts/qwen3-8b-base_lora_enc_dec_r64_5e6_gcb_a128_arm64v21_s42_prefix_no_gine_regions16/pytorch_model.bin
Loaded parameters with strict=False. Missing keys: 602, Unexpected keys: 0
Qwen graph prefix gate: 0.200005
Inference mode: decoder gradient checkpointing OFF; KV cache ON

generate:   0%|          | 0/343 [00:00<?, ?row/s]
                                                  
[1/343] generated 10 candidates

generate:   0%|          | 0/343 [00:23<?, ?row/s]
generate:   0%|          | 1/343 [00:23<2:12:54, 23.32s/row]
                                                            
[2/343] generated 10 candidates

generate:   0%|          | 1/343 [00:38<2:12:54, 23.32s/row]
generate:   1%|          | 2/343 [00:38<1:46:17, 18.70s/row]
                                                            
[3/343] generated 10 candidates

generate:   1%|          | 2/343 [01:29<1:46:17, 18.70s/row]
generate:   1%|          | 3/343 [01:29<3:09:56, 33.52s/row]
                                                            
[4/343] generated 10 candidates

generate:   1%|          | 3/343 [02:03<3:09:56, 33.52s/row]
generate:   1%|          | 4/343 [02:03<3:08:32, 33.37s/row]
                                                            
[5/343] generated 10 candidates

generate:   1%|          | 4/343 [02:35<3:08:32, 33.37s/row]
generate:   1%|▏         | 5/343 [02:35<3:05:51, 32.99s/row]
                                                            
[6/343] generated 10 candidates

generate:   1%|▏         | 5/343 [03:02<3:05:51, 32.99s/row]
generate:   2%|▏         | 6/343 [03:02<2:53:34, 30.90s/row]
                                                            
[7/343] generated 10 candidates

generate:   2%|▏         | 6/343 [03:27<2:53:34, 30.90s/row]
generate:   2%|▏         | 7/343 [03:27<2:42:27, 29.01s/row]
                                                            
[8/343] generated 10 candidates

generate:   2%|▏         | 7/343 [03:34<2:42:27, 29.01s/row]
generate:   2%|▏         | 8/343 [03:34<2:03:50, 22.18s/row]
                                                            
[9/343] generated 10 candidates

generate:   2%|▏         | 8/343 [03:54<2:03:50, 22.18s/row]
generate:   3%|▎         | 9/343 [03:54<1:58:47, 21.34s/row]
                                                            
[10/343] generated 10 candidates

generate:   3%|▎         | 9/343 [04:37<1:58:47, 21.34s/row]
generate:   3%|▎         | 10/343 [04:37<2:36:07, 28.13s/row]
                                                             
[11/343] generated 10 candidates

generate:   3%|▎         | 10/343 [05:28<2:36:07, 28.13s/row]
generate:   3%|▎         | 11/343 [05:28<3:14:21, 35.12s/row]
                                                             
[12/343] generated 10 candidates

generate:   3%|▎         | 11/343 [05:48<3:14:21, 35.12s/row]
generate:   3%|▎         | 12/343 [05:48<2:48:16, 30.50s/row]
                                                             
[13/343] generated 10 candidates

generate:   3%|▎         | 12/343 [06:16<2:48:16, 30.50s/row]
generate:   4%|▍         | 13/343 [06:16<2:44:05, 29.83s/row]
                                                             
[14/343] generated 10 candidates

generate:   4%|▍         | 13/343 [07:07<2:44:05, 29.83s/row]
generate:   4%|▍         | 14/343 [07:07<3:18:19, 36.17s/row]
                                                             
[15/343] generated 10 candidates

generate:   4%|▍         | 14/343 [07:37<3:18:19, 36.17s/row]
generate:   4%|▍         | 15/343 [07:37<3:06:30, 34.12s/row]
                                                             
[16/343] generated 10 candidates

generate:   4%|▍         | 15/343 [07:48<3:06:30, 34.12s/row]
generate:   5%|▍         | 16/343 [07:48<2:28:19, 27.22s/row]
                                                             
[17/343] generated 10 candidates

generate:   5%|▍         | 16/343 [08:16<2:28:19, 27.22s/row]
generate:   5%|▍         | 17/343 [08:16<2:29:21, 27.49s/row]
                                                             
[18/343] generated 10 candidates

generate:   5%|▍         | 17/343 [08:42<2:29:21, 27.49s/row]
generate:   5%|▌         | 18/343 [08:42<2:26:46, 27.10s/row]
                                                             
[19/343] generated 10 candidates

generate:   5%|▌         | 18/343 [09:02<2:26:46, 27.10s/row]
generate:   6%|▌         | 19/343 [09:02<2:14:49, 24.97s/row]
                                                             
[20/343] generated 10 candidates

generate:   6%|▌         | 19/343 [09:46<2:14:49, 24.97s/row]
generate:   6%|▌         | 20/343 [09:46<2:45:14, 30.69s/row]
                                                             
[21/343] generated 10 candidates

generate:   6%|▌         | 20/343 [10:37<2:45:14, 30.69s/row]
generate:   6%|▌         | 21/343 [10:37<3:17:22, 36.78s/row]
                                                             
[22/343] generated 10 candidates

generate:   6%|▌         | 21/343 [11:09<3:17:22, 36.78s/row]
generate:   6%|▋         | 22/343 [11:09<3:08:54, 35.31s/row]
                                                             
[23/343] generated 10 candidates

generate:   6%|▋         | 22/343 [11:58<3:08:54, 35.31s/row]
generate:   7%|▋         | 23/343 [11:58<3:29:46, 39.33s/row]
                                                             
[24/343] generated 10 candidates

generate:   7%|▋         | 23/343 [12:49<3:29:46, 39.33s/row]
generate:   7%|▋         | 24/343 [12:49<3:48:40, 43.01s/row]
                                                             
[25/343] generated 10 candidates

generate:   7%|▋         | 24/343 [13:16<3:48:40, 43.01s/row]
generate:   7%|▋         | 25/343 [13:16<3:21:37, 38.04s/row]
                                                             
[26/343] generated 10 candidates

generate:   7%|▋         | 25/343 [13:56<3:21:37, 38.04s/row]
generate:   8%|▊         | 26/343 [13:56<3:24:17, 38.67s/row]
                                                             
[27/343] generated 10 candidates

generate:   8%|▊         | 26/343 [14:36<3:24:17, 38.67s/row]
generate:   8%|▊         | 27/343 [14:36<3:25:59, 39.11s/row]
                                                             
[28/343] generated 10 candidates

generate:   8%|▊         | 27/343 [15:26<3:25:59, 39.11s/row]
generate:   8%|▊         | 28/343 [15:26<3:42:48, 42.44s/row]
                                                             
[29/343] generated 10 candidates

generate:   8%|▊         | 28/343 [15:55<3:42:48, 42.44s/row]
generate:   8%|▊         | 29/343 [15:55<3:21:11, 38.44s/row]
                                                             
[30/343] generated 10 candidates

generate:   8%|▊         | 29/343 [16:45<3:21:11, 38.44s/row]
generate:   9%|▊         | 30/343 [16:45<3:37:29, 41.69s/row]
                                                             
[31/343] generated 10 candidates

generate:   9%|▊         | 30/343 [17:12<3:37:29, 41.69s/row]
generate:   9%|▉         | 31/343 [17:12<3:14:24, 37.38s/row]
                                                             
[32/343] generated 10 candidates

generate:   9%|▉         | 31/343 [17:47<3:14:24, 37.38s/row]
generate:   9%|▉         | 32/343 [17:47<3:09:35, 36.58s/row]
                                                             
[33/343] generated 10 candidates

generate:   9%|▉         | 32/343 [18:13<3:09:35, 36.58s/row]
generate:  10%|▉         | 33/343 [18:13<2:53:26, 33.57s/row]
                                                             
[34/343] generated 10 candidates

generate:  10%|▉         | 33/343 [18:26<2:53:26, 33.57s/row]
generate:  10%|▉         | 34/343 [18:26<2:20:26, 27.27s/row]
                                                             
[35/343] generated 10 candidates

generate:  10%|▉         | 34/343 [18:52<2:20:26, 27.27s/row]
generate:  10%|█         | 35/343 [18:52<2:18:51, 27.05s/row]
                                                             
[36/343] generated 10 candidates

generate:  10%|█         | 35/343 [19:24<2:18:51, 27.05s/row]
generate:  10%|█         | 36/343 [19:24<2:25:17, 28.39s/row]
                                                             
[37/343] generated 10 candidates

generate:  10%|█         | 36/343 [19:55<2:25:17, 28.39s/row]
generate:  11%|█         | 37/343 [19:55<2:29:03, 29.23s/row]
                                                             
[38/343] generated 10 candidates

generate:  11%|█         | 37/343 [20:22<2:29:03, 29.23s/row]
generate:  11%|█         | 38/343 [20:22<2:25:01, 28.53s/row]
                                                             
[39/343] generated 10 candidates

generate:  11%|█         | 38/343 [21:14<2:25:01, 28.53s/row]
generate:  11%|█▏        | 39/343 [21:14<2:59:52, 35.50s/row]
                                                             
[40/343] generated 10 candidates

generate:  11%|█▏        | 39/343 [21:37<2:59:52, 35.50s/row]
generate:  12%|█▏        | 40/343 [21:37<2:41:11, 31.92s/row]
                                                             
[41/343] generated 10 candidates

generate:  12%|█▏        | 40/343 [22:28<2:41:11, 31.92s/row]
generate:  12%|█▏        | 41/343 [22:28<3:09:37, 37.67s/row]
                                                             
[42/343] generated 10 candidates

generate:  12%|█▏        | 41/343 [22:50<3:09:37, 37.67s/row]
generate:  12%|█▏        | 42/343 [22:50<2:45:22, 32.96s/row]
                                                             
[43/343] generated 10 candidates

generate:  12%|█▏        | 42/343 [23:15<2:45:22, 32.96s/row]
generate:  13%|█▎        | 43/343 [23:15<2:31:38, 30.33s/row]
                                                             
[44/343] generated 10 candidates

generate:  13%|█▎        | 43/343 [24:06<2:31:38, 30.33s/row]
generate:  13%|█▎        | 44/343 [24:06<3:02:34, 36.64s/row]
                                                             
[45/343] generated 10 candidates

generate:  13%|█▎        | 44/343 [24:57<3:02:34, 36.64s/row]
generate:  13%|█▎        | 45/343 [24:57<3:24:06, 41.10s/row]
                                                             
[46/343] generated 10 candidates

generate:  13%|█▎        | 45/343 [25:49<3:24:06, 41.10s/row]
generate:  13%|█▎        | 46/343 [25:49<3:38:55, 44.23s/row]
                                                             
[47/343] generated 10 candidates

generate:  13%|█▎        | 46/343 [26:27<3:38:55, 44.23s/row]
generate:  14%|█▎        | 47/343 [26:27<3:28:57, 42.36s/row]
                                                             
[48/343] generated 10 candidates

generate:  14%|█▎        | 47/343 [26:58<3:28:57, 42.36s/row]
generate:  14%|█▍        | 48/343 [26:58<3:11:48, 39.01s/row]
                                                             
[49/343] generated 10 candidates

generate:  14%|█▍        | 48/343 [27:36<3:11:48, 39.01s/row]
generate:  14%|█▍        | 49/343 [27:36<3:09:38, 38.70s/row]
                                                             
[50/343] generated 10 candidates

generate:  14%|█▍        | 49/343 [28:27<3:09:38, 38.70s/row]
generate:  15%|█▍        | 50/343 [28:27<3:26:52, 42.36s/row]
                                                             
[51/343] generated 10 candidates

generate:  15%|█▍        | 50/343 [28:55<3:26:52, 42.36s/row]
generate:  15%|█▍        | 51/343 [28:55<3:05:43, 38.16s/row]
                                                             
[52/343] generated 10 candidates

generate:  15%|█▍        | 51/343 [29:21<3:05:43, 38.16s/row]
generate:  15%|█▌        | 52/343 [29:21<2:46:15, 34.28s/row]
                                                             
[53/343] generated 10 candidates

generate:  15%|█▌        | 52/343 [30:06<2:46:15, 34.28s/row]
generate:  15%|█▌        | 53/343 [30:06<3:01:53, 37.63s/row]
                                                             
[54/343] generated 10 candidates

generate:  15%|█▌        | 53/343 [30:25<3:01:53, 37.63s/row]
generate:  16%|█▌        | 54/343 [30:25<2:34:52, 32.15s/row]
                                                             
[55/343] generated 10 candidates

generate:  16%|█▌        | 54/343 [30:54<2:34:52, 32.15s/row]
generate:  16%|█▌        | 55/343 [30:54<2:29:39, 31.18s/row]
                                                             
[56/343] generated 10 candidates

generate:  16%|█▌        | 55/343 [31:25<2:29:39, 31.18s/row]
generate:  16%|█▋        | 56/343 [31:25<2:27:47, 30.90s/row]
                                                             
[57/343] generated 10 candidates

generate:  16%|█▋        | 56/343 [31:42<2:27:47, 30.90s/row]
generate:  17%|█▋        | 57/343 [31:42<2:07:53, 26.83s/row]
                                                             
[58/343] generated 10 candidates

generate:  17%|█▋        | 57/343 [32:23<2:07:53, 26.83s/row]
generate:  17%|█▋        | 58/343 [32:23<2:27:15, 31.00s/row]
                                                             
[59/343] generated 10 candidates

generate:  17%|█▋        | 58/343 [32:41<2:27:15, 31.00s/row]
generate:  17%|█▋        | 59/343 [32:41<2:08:49, 27.22s/row]
                                                             
[60/343] generated 10 candidates

generate:  17%|█▋        | 59/343 [33:11<2:08:49, 27.22s/row]
generate:  17%|█▋        | 60/343 [33:11<2:12:03, 28.00s/row]
                                                             
[61/343] generated 10 candidates

generate:  17%|█▋        | 60/343 [34:02<2:12:03, 28.00s/row]
generate:  18%|█▊        | 61/343 [34:02<2:43:44, 34.84s/row]
                                                             
[62/343] generated 10 candidates

generate:  18%|█▊        | 61/343 [34:39<2:43:44, 34.84s/row]
generate:  18%|█▊        | 62/343 [34:39<2:46:14, 35.50s/row]
                                                             
[63/343] generated 10 candidates

generate:  18%|█▊        | 62/343 [34:49<2:46:14, 35.50s/row]
generate:  18%|█▊        | 63/343 [34:49<2:10:04, 27.87s/row]
                                                             
[64/343] generated 10 candidates

generate:  18%|█▊        | 63/343 [35:11<2:10:04, 27.87s/row]
generate:  19%|█▊        | 64/343 [35:11<2:01:54, 26.22s/row]
                                                             
[65/343] generated 10 candidates

generate:  19%|█▊        | 64/343 [35:43<2:01:54, 26.22s/row]
generate:  19%|█▉        | 65/343 [35:43<2:08:46, 27.79s/row]
                                                             
[66/343] generated 10 candidates

generate:  19%|█▉        | 65/343 [36:01<2:08:46, 27.79s/row]
generate:  19%|█▉        | 66/343 [36:01<1:54:37, 24.83s/row]
                                                             
[67/343] generated 10 candidates

generate:  19%|█▉        | 66/343 [36:26<1:54:37, 24.83s/row]
generate:  20%|█▉        | 67/343 [36:26<1:54:27, 24.88s/row]
                                                             
[68/343] generated 10 candidates

generate:  20%|█▉        | 67/343 [37:13<1:54:27, 24.88s/row]
generate:  20%|█▉        | 68/343 [37:13<2:24:50, 31.60s/row]
                                                             
[69/343] generated 10 candidates

generate:  20%|█▉        | 68/343 [37:48<2:24:50, 31.60s/row]
generate:  20%|██        | 69/343 [37:48<2:29:06, 32.65s/row]
                                                             
[70/343] generated 10 candidates

generate:  20%|██        | 69/343 [38:28<2:29:06, 32.65s/row]
generate:  20%|██        | 70/343 [38:28<2:38:15, 34.78s/row]
                                                             
[71/343] generated 10 candidates

generate:  20%|██        | 70/343 [38:52<2:38:15, 34.78s/row]
generate:  21%|██        | 71/343 [38:52<2:23:49, 31.73s/row]
                                                             
[72/343] generated 10 candidates

generate:  21%|██        | 71/343 [39:44<2:23:49, 31.73s/row]
generate:  21%|██        | 72/343 [39:44<2:49:47, 37.59s/row]
                                                             
[73/343] generated 10 candidates

generate:  21%|██        | 72/343 [40:04<2:49:47, 37.59s/row]
generate:  21%|██▏       | 73/343 [40:04<2:26:20, 32.52s/row]
                                                             
[74/343] generated 10 candidates

generate:  21%|██▏       | 73/343 [40:26<2:26:20, 32.52s/row]
generate:  22%|██▏       | 74/343 [40:26<2:10:53, 29.20s/row]
                                                             
[75/343] generated 10 candidates

generate:  22%|██▏       | 74/343 [40:47<2:10:53, 29.20s/row]
generate:  22%|██▏       | 75/343 [40:47<1:59:27, 26.75s/row]
                                                             
[76/343] generated 10 candidates

generate:  22%|██▏       | 75/343 [41:20<1:59:27, 26.75s/row]
generate:  22%|██▏       | 76/343 [41:20<2:07:53, 28.74s/row]
                                                             
[77/343] generated 10 candidates

generate:  22%|██▏       | 76/343 [41:55<2:07:53, 28.74s/row]
generate:  22%|██▏       | 77/343 [41:55<2:15:33, 30.58s/row]
                                                             
[78/343] generated 10 candidates

generate:  22%|██▏       | 77/343 [42:46<2:15:33, 30.58s/row]
generate:  23%|██▎       | 78/343 [42:46<2:42:41, 36.83s/row]
                                                             
[79/343] generated 10 candidates

generate:  23%|██▎       | 78/343 [43:18<2:42:41, 36.83s/row]
generate:  23%|██▎       | 79/343 [43:18<2:34:56, 35.22s/row]
                                                             
[80/343] generated 10 candidates

generate:  23%|██▎       | 79/343 [43:25<2:34:56, 35.22s/row]
generate:  23%|██▎       | 80/343 [43:25<1:57:49, 26.88s/row]
                                                             
[81/343] generated 10 candidates

generate:  23%|██▎       | 80/343 [43:40<1:57:49, 26.88s/row]
generate:  24%|██▎       | 81/343 [43:40<1:42:04, 23.38s/row]
                                                             
[82/343] generated 10 candidates

generate:  24%|██▎       | 81/343 [44:00<1:42:04, 23.38s/row]
generate:  24%|██▍       | 82/343 [44:00<1:36:05, 22.09s/row]
                                                             
[83/343] generated 10 candidates

generate:  24%|██▍       | 82/343 [44:20<1:36:05, 22.09s/row]
generate:  24%|██▍       | 83/343 [44:20<1:33:56, 21.68s/row]
                                                             
[84/343] generated 10 candidates

generate:  24%|██▍       | 83/343 [44:53<1:33:56, 21.68s/row]
generate:  24%|██▍       | 84/343 [44:53<1:48:02, 25.03s/row]
                                                             
[85/343] generated 10 candidates

generate:  24%|██▍       | 84/343 [45:04<1:48:02, 25.03s/row]
generate:  25%|██▍       | 85/343 [45:04<1:29:24, 20.79s/row]
                                                             
[86/343] generated 10 candidates

generate:  25%|██▍       | 85/343 [45:18<1:29:24, 20.79s/row]
generate:  25%|██▌       | 86/343 [45:18<1:19:52, 18.65s/row]
                                                             
[87/343] generated 10 candidates

generate:  25%|██▌       | 86/343 [45:34<1:19:52, 18.65s/row]
generate:  25%|██▌       | 87/343 [45:34<1:17:13, 18.10s/row]
                                                             
[88/343] generated 10 candidates

generate:  25%|██▌       | 87/343 [45:51<1:17:13, 18.10s/row]
generate:  26%|██▌       | 88/343 [45:51<1:15:23, 17.74s/row]
                                                             
[89/343] generated 10 candidates

generate:  26%|██▌       | 88/343 [46:04<1:15:23, 17.74s/row]
generate:  26%|██▌       | 89/343 [46:04<1:08:36, 16.21s/row]
                                                             
[90/343] generated 10 candidates

generate:  26%|██▌       | 89/343 [46:47<1:08:36, 16.21s/row]
generate:  26%|██▌       | 90/343 [46:47<1:41:58, 24.18s/row]
                                                             
[91/343] generated 10 candidates

generate:  26%|██▌       | 90/343 [47:02<1:41:58, 24.18s/row]
generate:  27%|██▋       | 91/343 [47:02<1:30:33, 21.56s/row]
                                                             
[92/343] generated 10 candidates

generate:  27%|██▋       | 91/343 [47:20<1:30:33, 21.56s/row]
generate:  27%|██▋       | 92/343 [47:20<1:25:05, 20.34s/row]
                                                             
[93/343] generated 10 candidates

generate:  27%|██▋       | 92/343 [47:34<1:25:05, 20.34s/row]
generate:  27%|██▋       | 93/343 [47:34<1:17:19, 18.56s/row]
                                                             
[94/343] generated 10 candidates

generate:  27%|██▋       | 93/343 [47:57<1:17:19, 18.56s/row]
generate:  27%|██▋       | 94/343 [47:57<1:22:58, 19.99s/row]
                                                             
[95/343] generated 10 candidates

generate:  27%|██▋       | 94/343 [48:38<1:22:58, 19.99s/row]
generate:  28%|██▊       | 95/343 [48:38<1:48:36, 26.27s/row]
                                                             
[96/343] generated 10 candidates

generate:  28%|██▊       | 95/343 [49:29<1:48:36, 26.27s/row]
generate:  28%|██▊       | 96/343 [49:29<2:18:19, 33.60s/row]
                                                             
[97/343] generated 10 candidates

generate:  28%|██▊       | 96/343 [50:20<2:18:19, 33.60s/row]
generate:  28%|██▊       | 97/343 [50:20<2:38:39, 38.70s/row]
                                                             
[98/343] generated 10 candidates

generate:  28%|██▊       | 97/343 [50:47<2:38:39, 38.70s/row]
generate:  29%|██▊       | 98/343 [50:47<2:23:29, 35.14s/row]
                                                             
[99/343] generated 10 candidates

generate:  29%|██▊       | 98/343 [51:37<2:23:29, 35.14s/row]
generate:  29%|██▉       | 99/343 [51:37<2:41:33, 39.73s/row]
                                                             
[100/343] generated 10 candidates

generate:  29%|██▉       | 99/343 [51:55<2:41:33, 39.73s/row]
generate:  29%|██▉       | 100/343 [51:55<2:14:21, 33.17s/row]
                                                              
[101/343] generated 10 candidates

generate:  29%|██▉       | 100/343 [52:16<2:14:21, 33.17s/row]
generate:  29%|██▉       | 101/343 [52:16<1:59:38, 29.66s/row]
                                                              
[102/343] generated 10 candidates

generate:  29%|██▉       | 101/343 [53:04<1:59:38, 29.66s/row]
generate:  30%|██▉       | 102/343 [53:04<2:20:59, 35.10s/row]
                                                              
[103/343] generated 10 candidates

generate:  30%|██▉       | 102/343 [53:25<2:20:59, 35.10s/row]
generate:  30%|███       | 103/343 [53:25<2:03:49, 30.96s/row]
                                                              
[104/343] generated 10 candidates

generate:  30%|███       | 103/343 [53:49<2:03:49, 30.96s/row]
generate:  30%|███       | 104/343 [53:49<1:54:24, 28.72s/row]
                                                              
[105/343] generated 10 candidates

generate:  30%|███       | 104/343 [54:11<1:54:24, 28.72s/row]
generate:  31%|███       | 105/343 [54:11<1:45:32, 26.61s/row]
                                                              
[106/343] generated 10 candidates

generate:  31%|███       | 105/343 [54:38<1:45:32, 26.61s/row]
generate:  31%|███       | 106/343 [54:38<1:45:35, 26.73s/row]
                                                              
[107/343] generated 10 candidates

generate:  31%|███       | 106/343 [55:25<1:45:35, 26.73s/row]
generate:  31%|███       | 107/343 [55:25<2:09:54, 33.03s/row]
                                                              
[108/343] generated 10 candidates

generate:  31%|███       | 107/343 [55:38<2:09:54, 33.03s/row]
generate:  31%|███▏      | 108/343 [55:38<1:45:24, 26.91s/row]
                                                              
[109/343] generated 10 candidates

generate:  31%|███▏      | 108/343 [56:29<1:45:24, 26.91s/row]
generate:  32%|███▏      | 109/343 [56:29<2:12:51, 34.07s/row]
                                                              
[110/343] generated 10 candidates

generate:  32%|███▏      | 109/343 [56:43<2:12:51, 34.07s/row]
generate:  32%|███▏      | 110/343 [56:43<1:49:48, 28.28s/row]
                                                              
[111/343] generated 10 candidates

generate:  32%|███▏      | 110/343 [57:35<1:49:48, 28.28s/row]
generate:  32%|███▏      | 111/343 [57:35<2:16:47, 35.38s/row]
                                                              
[112/343] generated 10 candidates

generate:  32%|███▏      | 111/343 [58:27<2:16:47, 35.38s/row]
generate:  33%|███▎      | 112/343 [58:27<2:34:29, 40.13s/row]
                                                              
[113/343] generated 10 candidates

generate:  33%|███▎      | 112/343 [58:45<2:34:29, 40.13s/row]
generate:  33%|███▎      | 113/343 [58:45<2:08:55, 33.63s/row]
                                                              
[114/343] generated 10 candidates

generate:  33%|███▎      | 113/343 [59:07<2:08:55, 33.63s/row]
generate:  33%|███▎      | 114/343 [59:07<1:55:23, 30.23s/row]
                                                              
[115/343] generated 10 candidates

generate:  33%|███▎      | 114/343 [59:44<1:55:23, 30.23s/row]
generate:  34%|███▎      | 115/343 [59:44<2:02:12, 32.16s/row]
                                                              
[116/343] generated 10 candidates

generate:  34%|███▎      | 115/343 [1:00:05<2:02:12, 32.16s/row]
generate:  34%|███▍      | 116/343 [1:00:05<1:48:40, 28.73s/row]
                                                                
[117/343] generated 10 candidates

generate:  34%|███▍      | 116/343 [1:00:39<1:48:40, 28.73s/row]
generate:  34%|███▍      | 117/343 [1:00:39<1:54:43, 30.46s/row]
                                                                
[118/343] generated 10 candidates

generate:  34%|███▍      | 117/343 [1:01:18<1:54:43, 30.46s/row]
generate:  34%|███▍      | 118/343 [1:01:18<2:03:35, 32.96s/row]
                                                                
[119/343] generated 10 candidates

generate:  34%|███▍      | 118/343 [1:01:49<2:03:35, 32.96s/row]
generate:  35%|███▍      | 119/343 [1:01:49<2:01:12, 32.47s/row]
                                                                
[120/343] generated 10 candidates

generate:  35%|███▍      | 119/343 [1:02:19<2:01:12, 32.47s/row]
generate:  35%|███▍      | 120/343 [1:02:19<1:57:26, 31.60s/row]
                                                                
[121/343] generated 10 candidates

generate:  35%|███▍      | 120/343 [1:03:07<1:57:26, 31.60s/row]
generate:  35%|███▌      | 121/343 [1:03:07<2:15:01, 36.49s/row]
                                                                
[122/343] generated 10 candidates

generate:  35%|███▌      | 121/343 [1:03:22<2:15:01, 36.49s/row]
generate:  36%|███▌      | 122/343 [1:03:22<1:50:34, 30.02s/row]
                                                                
[123/343] generated 10 candidates

generate:  36%|███▌      | 122/343 [1:03:37<1:50:34, 30.02s/row]
generate:  36%|███▌      | 123/343 [1:03:37<1:33:55, 25.62s/row]
                                                                
[124/343] generated 10 candidates

generate:  36%|███▌      | 123/343 [1:04:05<1:33:55, 25.62s/row]
generate:  36%|███▌      | 124/343 [1:04:05<1:35:55, 26.28s/row]
                                                                
[125/343] generated 10 candidates

generate:  36%|███▌      | 124/343 [1:04:20<1:35:55, 26.28s/row]
generate:  36%|███▋      | 125/343 [1:04:20<1:22:52, 22.81s/row]
                                                                
[126/343] generated 10 candidates

generate:  36%|███▋      | 125/343 [1:05:11<1:22:52, 22.81s/row]
generate:  37%|███▋      | 126/343 [1:05:11<1:53:12, 31.30s/row]
                                                                
[127/343] generated 10 candidates

generate:  37%|███▋      | 126/343 [1:05:59<1:53:12, 31.30s/row]
generate:  37%|███▋      | 127/343 [1:05:59<2:10:24, 36.23s/row]
                                                                
[128/343] generated 10 candidates

generate:  37%|███▋      | 127/343 [1:06:49<2:10:24, 36.23s/row]
generate:  37%|███▋      | 128/343 [1:06:49<2:25:33, 40.62s/row]
                                                                
[129/343] generated 10 candidates

generate:  37%|███▋      | 128/343 [1:07:21<2:25:33, 40.62s/row]
generate:  38%|███▊      | 129/343 [1:07:21<2:14:44, 37.78s/row]
                                                                
[130/343] generated 10 candidates

generate:  38%|███▊      | 129/343 [1:07:40<2:14:44, 37.78s/row]
generate:  38%|███▊      | 130/343 [1:07:40<1:54:38, 32.29s/row]
                                                                
[131/343] generated 10 candidates

generate:  38%|███▊      | 130/343 [1:08:00<1:54:38, 32.29s/row]
generate:  38%|███▊      | 131/343 [1:08:00<1:41:02, 28.60s/row]
                                                                
[132/343] generated 10 candidates

generate:  38%|███▊      | 131/343 [1:08:20<1:41:02, 28.60s/row]
generate:  38%|███▊      | 132/343 [1:08:20<1:31:32, 26.03s/row]
                                                                
[133/343] generated 10 candidates

generate:  38%|███▊      | 132/343 [1:08:36<1:31:32, 26.03s/row]
generate:  39%|███▉      | 133/343 [1:08:36<1:20:31, 23.01s/row]
                                                                
[134/343] generated 10 candidates

generate:  39%|███▉      | 133/343 [1:09:02<1:20:31, 23.01s/row]
generate:  39%|███▉      | 134/343 [1:09:02<1:23:36, 24.00s/row]
                                                                
[135/343] generated 10 candidates

generate:  39%|███▉      | 134/343 [1:09:53<1:23:36, 24.00s/row]
generate:  39%|███▉      | 135/343 [1:09:53<1:51:04, 32.04s/row]
                                                                
[136/343] generated 10 candidates

generate:  39%|███▉      | 135/343 [1:10:16<1:51:04, 32.04s/row]
generate:  40%|███▉      | 136/343 [1:10:16<1:41:27, 29.41s/row]
                                                                
[137/343] generated 10 candidates

generate:  40%|███▉      | 136/343 [1:10:49<1:41:27, 29.41s/row]
generate:  40%|███▉      | 137/343 [1:10:49<1:44:01, 30.30s/row]
                                                                
[138/343] generated 10 candidates

generate:  40%|███▉      | 137/343 [1:11:40<1:44:01, 30.30s/row]
generate:  40%|████      | 138/343 [1:11:40<2:04:30, 36.44s/row]
                                                                
[139/343] generated 10 candidates

generate:  40%|████      | 138/343 [1:12:11<2:04:30, 36.44s/row]
generate:  41%|████      | 139/343 [1:12:11<1:58:51, 34.96s/row]
                                                                
[140/343] generated 10 candidates

generate:  41%|████      | 139/343 [1:13:02<1:58:51, 34.96s/row]
generate:  41%|████      | 140/343 [1:13:02<2:14:21, 39.71s/row]
                                                                
[141/343] generated 10 candidates

generate:  41%|████      | 140/343 [1:13:31<2:14:21, 39.71s/row]
generate:  41%|████      | 141/343 [1:13:31<2:03:05, 36.56s/row]
                                                                
[142/343] generated 10 candidates

generate:  41%|████      | 141/343 [1:14:15<2:03:05, 36.56s/row]
generate:  41%|████▏     | 142/343 [1:14:15<2:09:29, 38.66s/row]
                                                                
[143/343] generated 10 candidates

generate:  41%|████▏     | 142/343 [1:15:06<2:09:29, 38.66s/row]
generate:  42%|████▏     | 143/343 [1:15:06<2:21:17, 42.39s/row]
                                                                
[144/343] generated 10 candidates

generate:  42%|████▏     | 143/343 [1:15:49<2:21:17, 42.39s/row]
generate:  42%|████▏     | 144/343 [1:15:49<2:21:45, 42.74s/row]
                                                                
[145/343] generated 10 candidates

generate:  42%|████▏     | 144/343 [1:16:27<2:21:45, 42.74s/row]
generate:  42%|████▏     | 145/343 [1:16:27<2:16:25, 41.34s/row]
                                                                
[146/343] generated 10 candidates

generate:  42%|████▏     | 145/343 [1:16:47<2:16:25, 41.34s/row]
generate:  43%|████▎     | 146/343 [1:16:47<1:54:13, 34.79s/row]
                                                                
[147/343] generated 10 candidates

generate:  43%|████▎     | 146/343 [1:17:00<1:54:13, 34.79s/row]
generate:  43%|████▎     | 147/343 [1:17:00<1:32:21, 28.27s/row]
                                                                
[148/343] generated 10 candidates

generate:  43%|████▎     | 147/343 [1:17:20<1:32:21, 28.27s/row]
generate:  43%|████▎     | 148/343 [1:17:20<1:23:33, 25.71s/row]
                                                                
[149/343] generated 10 candidates

generate:  43%|████▎     | 148/343 [1:18:09<1:23:33, 25.71s/row]
generate:  43%|████▎     | 149/343 [1:18:09<1:46:09, 32.83s/row]
                                                                
[150/343] generated 10 candidates

generate:  43%|████▎     | 149/343 [1:18:49<1:46:09, 32.83s/row]
generate:  44%|████▎     | 150/343 [1:18:49<1:52:41, 35.03s/row]
                                                                
[151/343] generated 10 candidates

generate:  44%|████▎     | 150/343 [1:19:13<1:52:41, 35.03s/row]
generate:  44%|████▍     | 151/343 [1:19:13<1:40:49, 31.51s/row]
                                                                
[152/343] generated 10 candidates

generate:  44%|████▍     | 151/343 [1:20:03<1:40:49, 31.51s/row]
generate:  44%|████▍     | 152/343 [1:20:03<1:58:49, 37.33s/row]
                                                                
[153/343] generated 10 candidates

generate:  44%|████▍     | 152/343 [1:20:31<1:58:49, 37.33s/row]
generate:  45%|████▍     | 153/343 [1:20:31<1:48:29, 34.26s/row]
                                                                
[154/343] generated 10 candidates

generate:  45%|████▍     | 153/343 [1:21:01<1:48:29, 34.26s/row]
generate:  45%|████▍     | 154/343 [1:21:01<1:44:10, 33.07s/row]
                                                                
[155/343] generated 10 candidates

generate:  45%|████▍     | 154/343 [1:21:52<1:44:10, 33.07s/row]
generate:  45%|████▌     | 155/343 [1:21:52<2:00:41, 38.52s/row]
                                                                
[156/343] generated 10 candidates

generate:  45%|████▌     | 155/343 [1:22:43<2:00:41, 38.52s/row]
generate:  45%|████▌     | 156/343 [1:22:43<2:11:38, 42.24s/row]
                                                                
[157/343] generated 10 candidates

generate:  45%|████▌     | 156/343 [1:23:15<2:11:38, 42.24s/row]
generate:  46%|████▌     | 157/343 [1:23:15<2:01:51, 39.31s/row]
                                                                
[158/343] generated 10 candidates

generate:  46%|████▌     | 157/343 [1:24:05<2:01:51, 39.31s/row]
generate:  46%|████▌     | 158/343 [1:24:05<2:10:44, 42.40s/row]
                                                                
[159/343] generated 10 candidates

generate:  46%|████▌     | 158/343 [1:24:56<2:10:44, 42.40s/row]
generate:  46%|████▋     | 159/343 [1:24:56<2:18:01, 45.01s/row]
                                                                
[160/343] generated 10 candidates

generate:  46%|████▋     | 159/343 [1:25:27<2:18:01, 45.01s/row]
generate:  47%|████▋     | 160/343 [1:25:27<2:04:14, 40.73s/row]
                                                                
[161/343] generated 10 candidates

generate:  47%|████▋     | 160/343 [1:26:18<2:04:14, 40.73s/row]
generate:  47%|████▋     | 161/343 [1:26:18<2:12:55, 43.82s/row]
                                                                
[162/343] generated 10 candidates

generate:  47%|████▋     | 161/343 [1:26:45<2:12:55, 43.82s/row]
generate:  47%|████▋     | 162/343 [1:26:45<1:56:52, 38.74s/row]
                                                                
[163/343] generated 10 candidates

generate:  47%|████▋     | 162/343 [1:27:15<1:56:52, 38.74s/row]
generate:  48%|████▊     | 163/343 [1:27:15<1:48:33, 36.19s/row]
                                                                
[164/343] generated 10 candidates

generate:  48%|████▊     | 163/343 [1:27:46<1:48:33, 36.19s/row]
generate:  48%|████▊     | 164/343 [1:27:46<1:43:39, 34.75s/row]
                                                                
[165/343] generated 10 candidates

generate:  48%|████▊     | 164/343 [1:28:18<1:43:39, 34.75s/row]
generate:  48%|████▊     | 165/343 [1:28:18<1:40:10, 33.77s/row]
                                                                
[166/343] generated 10 candidates

generate:  48%|████▊     | 165/343 [1:29:09<1:40:10, 33.77s/row]
generate:  48%|████▊     | 166/343 [1:29:09<1:54:55, 38.96s/row]
                                                                
[167/343] generated 10 candidates

generate:  48%|████▊     | 166/343 [1:29:26<1:54:55, 38.96s/row]
generate:  49%|████▊     | 167/343 [1:29:26<1:34:54, 32.36s/row]
                                                                
[168/343] generated 10 candidates

generate:  49%|████▊     | 167/343 [1:29:59<1:34:54, 32.36s/row]
generate:  49%|████▉     | 168/343 [1:29:59<1:35:07, 32.61s/row]
                                                                
[169/343] generated 10 candidates

generate:  49%|████▉     | 168/343 [1:30:50<1:35:07, 32.61s/row]
generate:  49%|████▉     | 169/343 [1:30:50<1:50:37, 38.15s/row]
                                                                
[170/343] generated 10 candidates

generate:  49%|████▉     | 169/343 [1:31:14<1:50:37, 38.15s/row]
generate:  50%|████▉     | 170/343 [1:31:14<1:37:27, 33.80s/row]
                                                                
[171/343] generated 10 candidates

generate:  50%|████▉     | 170/343 [1:31:47<1:37:27, 33.80s/row]
generate:  50%|████▉     | 171/343 [1:31:47<1:36:34, 33.69s/row]
                                                                
[172/343] generated 10 candidates

generate:  50%|████▉     | 171/343 [1:32:39<1:36:34, 33.69s/row]
generate:  50%|█████     | 172/343 [1:32:39<1:51:06, 38.98s/row]
                                                                
[173/343] generated 10 candidates

generate:  50%|█████     | 172/343 [1:32:57<1:51:06, 38.98s/row]
generate:  50%|█████     | 173/343 [1:32:57<1:33:17, 32.93s/row]
                                                                
[174/343] generated 10 candidates

generate:  50%|█████     | 173/343 [1:33:07<1:33:17, 32.93s/row]
generate:  51%|█████     | 174/343 [1:33:07<1:13:25, 26.07s/row]
                                                                
[175/343] generated 10 candidates

generate:  51%|█████     | 174/343 [1:33:38<1:13:25, 26.07s/row]
generate:  51%|█████     | 175/343 [1:33:38<1:16:53, 27.46s/row]
                                                                
[176/343] generated 10 candidates

generate:  51%|█████     | 175/343 [1:34:29<1:16:53, 27.46s/row]
generate:  51%|█████▏    | 176/343 [1:34:29<1:36:08, 34.54s/row]
                                                                
[177/343] generated 10 candidates

generate:  51%|█████▏    | 176/343 [1:35:16<1:36:08, 34.54s/row]
generate:  52%|█████▏    | 177/343 [1:35:16<1:45:47, 38.24s/row]
                                                                
[178/343] generated 10 candidates

generate:  52%|█████▏    | 177/343 [1:35:55<1:45:47, 38.24s/row]
generate:  52%|█████▏    | 178/343 [1:35:55<1:45:25, 38.34s/row]
                                                                
[179/343] generated 10 candidates

generate:  52%|█████▏    | 178/343 [1:36:46<1:45:25, 38.34s/row]
generate:  52%|█████▏    | 179/343 [1:36:46<1:55:29, 42.25s/row]
                                                                
[180/343] generated 10 candidates

generate:  52%|█████▏    | 179/343 [1:37:09<1:55:29, 42.25s/row]
generate:  52%|█████▏    | 180/343 [1:37:09<1:39:21, 36.58s/row]
                                                                
[181/343] generated 10 candidates

generate:  52%|█████▏    | 180/343 [1:37:48<1:39:21, 36.58s/row]
generate:  53%|█████▎    | 181/343 [1:37:48<1:40:19, 37.16s/row]
                                                                
[182/343] generated 10 candidates

generate:  53%|█████▎    | 181/343 [1:38:02<1:40:19, 37.16s/row]
generate:  53%|█████▎    | 182/343 [1:38:02<1:20:43, 30.09s/row]
                                                                
[183/343] generated 10 candidates

generate:  53%|█████▎    | 182/343 [1:38:23<1:20:43, 30.09s/row]
generate:  53%|█████▎    | 183/343 [1:38:23<1:13:36, 27.60s/row]
                                                                
[184/343] generated 10 candidates

generate:  53%|█████▎    | 183/343 [1:38:54<1:13:36, 27.60s/row]
generate:  54%|█████▎    | 184/343 [1:38:54<1:15:21, 28.43s/row]
                                                                
[185/343] generated 10 candidates

generate:  54%|█████▎    | 184/343 [1:39:19<1:15:21, 28.43s/row]
generate:  54%|█████▍    | 185/343 [1:39:19<1:12:27, 27.51s/row]
                                                                
[186/343] generated 10 candidates

generate:  54%|█████▍    | 185/343 [1:40:10<1:12:27, 27.51s/row]
generate:  54%|█████▍    | 186/343 [1:40:10<1:30:16, 34.50s/row]
                                                                
[187/343] generated 10 candidates

generate:  54%|█████▍    | 186/343 [1:40:31<1:30:16, 34.50s/row]
generate:  55%|█████▍    | 187/343 [1:40:31<1:19:03, 30.41s/row]
                                                                
[188/343] generated 10 candidates

generate:  55%|█████▍    | 187/343 [1:40:46<1:19:03, 30.41s/row]
generate:  55%|█████▍    | 188/343 [1:40:46<1:06:34, 25.77s/row]
                                                                
[189/343] generated 10 candidates

generate:  55%|█████▍    | 188/343 [1:41:18<1:06:34, 25.77s/row]
generate:  55%|█████▌    | 189/343 [1:41:18<1:11:19, 27.79s/row]
                                                                
[190/343] generated 10 candidates

generate:  55%|█████▌    | 189/343 [1:42:04<1:11:19, 27.79s/row]
generate:  55%|█████▌    | 190/343 [1:42:04<1:24:31, 33.15s/row]
                                                                
[191/343] generated 10 candidates

generate:  55%|█████▌    | 190/343 [1:42:32<1:24:31, 33.15s/row]
generate:  56%|█████▌    | 191/343 [1:42:32<1:20:26, 31.75s/row]
                                                                
[192/343] generated 10 candidates

generate:  56%|█████▌    | 191/343 [1:42:45<1:20:26, 31.75s/row]
generate:  56%|█████▌    | 192/343 [1:42:45<1:05:22, 25.98s/row]
                                                                
[193/343] generated 10 candidates

generate:  56%|█████▌    | 192/343 [1:43:07<1:05:22, 25.98s/row]
generate:  56%|█████▋    | 193/343 [1:43:07<1:02:12, 24.88s/row]
                                                                
[194/343] generated 10 candidates

generate:  56%|█████▋    | 193/343 [1:43:34<1:02:12, 24.88s/row]
generate:  57%|█████▋    | 194/343 [1:43:34<1:03:22, 25.52s/row]
                                                                
[195/343] generated 10 candidates

generate:  57%|█████▋    | 194/343 [1:44:25<1:03:22, 25.52s/row]
generate:  57%|█████▋    | 195/343 [1:44:25<1:21:45, 33.15s/row]
                                                                
[196/343] generated 10 candidates

generate:  57%|█████▋    | 195/343 [1:45:08<1:21:45, 33.15s/row]
generate:  57%|█████▋    | 196/343 [1:45:08<1:28:25, 36.10s/row]
                                                                
[197/343] generated 10 candidates

generate:  57%|█████▋    | 196/343 [1:45:34<1:28:25, 36.10s/row]
generate:  57%|█████▋    | 197/343 [1:45:34<1:20:42, 33.16s/row]
                                                                
[198/343] generated 10 candidates

generate:  57%|█████▋    | 197/343 [1:45:50<1:20:42, 33.16s/row]
generate:  58%|█████▊    | 198/343 [1:45:50<1:07:31, 27.94s/row]
                                                                
[199/343] generated 10 candidates

generate:  58%|█████▊    | 198/343 [1:46:05<1:07:31, 27.94s/row]
generate:  58%|█████▊    | 199/343 [1:46:05<57:38, 24.02s/row]  
                                                              
[200/343] generated 10 candidates

generate:  58%|█████▊    | 199/343 [1:46:22<57:38, 24.02s/row]
generate:  58%|█████▊    | 200/343 [1:46:22<52:11, 21.90s/row]
                                                              
[201/343] generated 10 candidates

generate:  58%|█████▊    | 200/343 [1:47:10<52:11, 21.90s/row]
generate:  59%|█████▊    | 201/343 [1:47:10<1:10:32, 29.80s/row]
                                                                
[202/343] generated 10 candidates

generate:  59%|█████▊    | 201/343 [1:47:25<1:10:32, 29.80s/row]
generate:  59%|█████▉    | 202/343 [1:47:25<59:08, 25.17s/row]  
                                                              
[203/343] generated 10 candidates

generate:  59%|█████▉    | 202/343 [1:47:46<59:08, 25.17s/row]
generate:  59%|█████▉    | 203/343 [1:47:46<56:21, 24.15s/row]
                                                              
[204/343] generated 10 candidates

generate:  59%|█████▉    | 203/343 [1:48:30<56:21, 24.15s/row]
generate:  59%|█████▉    | 204/343 [1:48:30<1:09:32, 30.02s/row]
                                                                
[205/343] generated 10 candidates

generate:  59%|█████▉    | 204/343 [1:49:00<1:09:32, 30.02s/row]
generate:  60%|█████▉    | 205/343 [1:49:00<1:09:07, 30.05s/row]
                                                                
[206/343] generated 10 candidates

generate:  60%|█████▉    | 205/343 [1:49:23<1:09:07, 30.05s/row]
generate:  60%|██████    | 206/343 [1:49:23<1:03:46, 27.93s/row]
                                                                
[207/343] generated 10 candidates

generate:  60%|██████    | 206/343 [1:49:44<1:03:46, 27.93s/row]
generate:  60%|██████    | 207/343 [1:49:44<58:24, 25.77s/row]  
                                                              
[208/343] generated 10 candidates

generate:  60%|██████    | 207/343 [1:50:16<58:24, 25.77s/row]
generate:  61%|██████    | 208/343 [1:50:16<1:01:57, 27.54s/row]
                                                                
[209/343] generated 10 candidates

generate:  61%|██████    | 208/343 [1:51:06<1:01:57, 27.54s/row]
generate:  61%|██████    | 209/343 [1:51:06<1:17:04, 34.51s/row]
                                                                
[210/343] generated 10 candidates

generate:  61%|██████    | 209/343 [1:51:32<1:17:04, 34.51s/row]
generate:  61%|██████    | 210/343 [1:51:32<1:10:21, 31.74s/row]
                                                                
[211/343] generated 10 candidates

generate:  61%|██████    | 210/343 [1:52:23<1:10:21, 31.74s/row]
generate:  62%|██████▏   | 211/343 [1:52:23<1:22:31, 37.51s/row]
                                                                
[212/343] generated 10 candidates

generate:  62%|██████▏   | 211/343 [1:52:37<1:22:31, 37.51s/row]
generate:  62%|██████▏   | 212/343 [1:52:37<1:06:46, 30.58s/row]
                                                                
[213/343] generated 10 candidates

generate:  62%|██████▏   | 212/343 [1:53:14<1:06:46, 30.58s/row]
generate:  62%|██████▏   | 213/343 [1:53:14<1:10:28, 32.53s/row]
                                                                
[214/343] generated 10 candidates

generate:  62%|██████▏   | 213/343 [1:54:06<1:10:28, 32.53s/row]
generate:  62%|██████▏   | 214/343 [1:54:06<1:22:09, 38.21s/row]
                                                                
[215/343] generated 10 candidates

generate:  62%|██████▏   | 214/343 [1:54:22<1:22:09, 38.21s/row]
generate:  63%|██████▎   | 215/343 [1:54:22<1:07:17, 31.55s/row]
                                                                
[216/343] generated 10 candidates

generate:  63%|██████▎   | 215/343 [1:54:36<1:07:17, 31.55s/row]
generate:  63%|██████▎   | 216/343 [1:54:36<56:02, 26.48s/row]  
                                                              
[217/343] generated 10 candidates

generate:  63%|██████▎   | 216/343 [1:54:58<56:02, 26.48s/row]
generate:  63%|██████▎   | 217/343 [1:54:58<52:24, 24.96s/row]
                                                              
[218/343] generated 10 candidates

generate:  63%|██████▎   | 217/343 [1:55:49<52:24, 24.96s/row]
generate:  64%|██████▎   | 218/343 [1:55:49<1:08:17, 32.78s/row]
                                                                
[219/343] generated 10 candidates

generate:  64%|██████▎   | 218/343 [1:56:11<1:08:17, 32.78s/row]
generate:  64%|██████▍   | 219/343 [1:56:11<1:01:34, 29.79s/row]
                                                                
[220/343] generated 10 candidates

generate:  64%|██████▍   | 219/343 [1:56:45<1:01:34, 29.79s/row]
generate:  64%|██████▍   | 220/343 [1:56:45<1:03:28, 30.96s/row]
                                                                
[221/343] generated 10 candidates

generate:  64%|██████▍   | 220/343 [1:57:00<1:03:28, 30.96s/row]
generate:  64%|██████▍   | 221/343 [1:57:00<53:19, 26.22s/row]  
                                                              
[222/343] generated 10 candidates

generate:  64%|██████▍   | 221/343 [1:57:51<53:19, 26.22s/row]
generate:  65%|██████▍   | 222/343 [1:57:51<1:07:48, 33.63s/row]
                                                                
[223/343] generated 10 candidates

generate:  65%|██████▍   | 222/343 [1:58:09<1:07:48, 33.63s/row]
generate:  65%|██████▌   | 223/343 [1:58:09<57:30, 28.75s/row]  
                                                              
[224/343] generated 10 candidates

generate:  65%|██████▌   | 223/343 [1:58:24<57:30, 28.75s/row]
generate:  65%|██████▌   | 224/343 [1:58:24<49:01, 24.72s/row]
                                                              
[225/343] generated 10 candidates

generate:  65%|██████▌   | 224/343 [1:58:49<49:01, 24.72s/row]
generate:  66%|██████▌   | 225/343 [1:58:49<48:52, 24.85s/row]
                                                              
[226/343] generated 10 candidates

generate:  66%|██████▌   | 225/343 [1:59:25<48:52, 24.85s/row]
generate:  66%|██████▌   | 226/343 [1:59:25<54:56, 28.17s/row]
                                                              
[227/343] generated 10 candidates

generate:  66%|██████▌   | 226/343 [2:00:06<54:56, 28.17s/row]
generate:  66%|██████▌   | 227/343 [2:00:06<1:02:01, 32.08s/row]
                                                                
[228/343] generated 10 candidates

generate:  66%|██████▌   | 227/343 [2:00:52<1:02:01, 32.08s/row]
generate:  66%|██████▋   | 228/343 [2:00:52<1:09:05, 36.05s/row]
                                                                
[229/343] generated 10 candidates

generate:  66%|██████▋   | 228/343 [2:01:30<1:09:05, 36.05s/row]
generate:  67%|██████▋   | 229/343 [2:01:30<1:09:59, 36.84s/row]
                                                                
[230/343] generated 10 candidates

generate:  67%|██████▋   | 229/343 [2:02:06<1:09:59, 36.84s/row]
generate:  67%|██████▋   | 230/343 [2:02:06<1:08:38, 36.45s/row]
                                                                
[231/343] generated 10 candidates

generate:  67%|██████▋   | 230/343 [2:02:57<1:08:38, 36.45s/row]
generate:  67%|██████▋   | 231/343 [2:02:57<1:16:10, 40.81s/row]
                                                                
[232/343] generated 10 candidates

generate:  67%|██████▋   | 231/343 [2:03:22<1:16:10, 40.81s/row]
generate:  68%|██████▊   | 232/343 [2:03:22<1:06:38, 36.02s/row]
                                                                
[233/343] generated 10 candidates

generate:  68%|██████▊   | 232/343 [2:03:58<1:06:38, 36.02s/row]
generate:  68%|██████▊   | 233/343 [2:03:58<1:06:28, 36.26s/row]
                                                                
[234/343] generated 10 candidates

generate:  68%|██████▊   | 233/343 [2:04:50<1:06:28, 36.26s/row]
generate:  68%|██████▊   | 234/343 [2:04:50<1:13:59, 40.73s/row]
                                                                
[235/343] generated 10 candidates

generate:  68%|██████▊   | 234/343 [2:04:57<1:13:59, 40.73s/row]
generate:  69%|██████▊   | 235/343 [2:04:57<55:34, 30.88s/row]  
                                                              
[236/343] generated 10 candidates

generate:  69%|██████▊   | 235/343 [2:05:29<55:34, 30.88s/row]
generate:  69%|██████▉   | 236/343 [2:05:29<55:36, 31.18s/row]
                                                              
[237/343] generated 10 candidates

generate:  69%|██████▉   | 236/343 [2:06:21<55:36, 31.18s/row]
generate:  69%|██████▉   | 237/343 [2:06:21<1:05:42, 37.19s/row]
                                                                
[238/343] generated 10 candidates

generate:  69%|██████▉   | 237/343 [2:06:41<1:05:42, 37.19s/row]
generate:  69%|██████▉   | 238/343 [2:06:41<56:21, 32.21s/row]  
                                                              
[239/343] generated 10 candidates

generate:  69%|██████▉   | 238/343 [2:07:32<56:21, 32.21s/row]
generate:  70%|██████▉   | 239/343 [2:07:32<1:05:25, 37.75s/row]
                                                                
[240/343] generated 10 candidates

generate:  70%|██████▉   | 239/343 [2:07:50<1:05:25, 37.75s/row]
generate:  70%|██████▉   | 240/343 [2:07:50<54:29, 31.75s/row]  
                                                              
[241/343] generated 10 candidates

generate:  70%|██████▉   | 240/343 [2:08:35<54:29, 31.75s/row]
generate:  70%|███████   | 241/343 [2:08:35<1:00:44, 35.73s/row]
                                                                
[242/343] generated 10 candidates

generate:  70%|███████   | 241/343 [2:09:09<1:00:44, 35.73s/row]
generate:  71%|███████   | 242/343 [2:09:09<59:33, 35.38s/row]  
                                                              
[243/343] generated 10 candidates

generate:  71%|███████   | 242/343 [2:09:21<59:33, 35.38s/row]
generate:  71%|███████   | 243/343 [2:09:21<47:18, 28.39s/row]
                                                              
[244/343] generated 10 candidates

generate:  71%|███████   | 243/343 [2:09:55<47:18, 28.39s/row]
generate:  71%|███████   | 244/343 [2:09:55<49:41, 30.12s/row]
                                                              
[245/343] generated 10 candidates

generate:  71%|███████   | 244/343 [2:10:14<49:41, 30.12s/row]
generate:  71%|███████▏  | 245/343 [2:10:14<43:27, 26.61s/row]
                                                              
[246/343] generated 10 candidates

generate:  71%|███████▏  | 245/343 [2:10:50<43:27, 26.61s/row]
generate:  72%|███████▏  | 246/343 [2:10:50<47:40, 29.49s/row]
                                                              
[247/343] generated 10 candidates

generate:  72%|███████▏  | 246/343 [2:11:09<47:40, 29.49s/row]
generate:  72%|███████▏  | 247/343 [2:11:09<42:07, 26.33s/row]
                                                              
[248/343] generated 10 candidates

generate:  72%|███████▏  | 247/343 [2:11:33<42:07, 26.33s/row]
generate:  72%|███████▏  | 248/343 [2:11:33<40:39, 25.68s/row]
                                                              
[249/343] generated 10 candidates

generate:  72%|███████▏  | 248/343 [2:12:24<40:39, 25.68s/row]
generate:  73%|███████▎  | 249/343 [2:12:24<52:07, 33.27s/row]
                                                              
[250/343] generated 10 candidates

generate:  73%|███████▎  | 249/343 [2:13:03<52:07, 33.27s/row]
generate:  73%|███████▎  | 250/343 [2:13:03<54:22, 35.08s/row]
                                                              
[251/343] generated 10 candidates

generate:  73%|███████▎  | 250/343 [2:13:54<54:22, 35.08s/row]
generate:  73%|███████▎  | 251/343 [2:13:54<1:01:02, 39.81s/row]
                                                                
[252/343] generated 10 candidates

generate:  73%|███████▎  | 251/343 [2:14:20<1:01:02, 39.81s/row]
generate:  73%|███████▎  | 252/343 [2:14:20<54:01, 35.62s/row]  
                                                              
[253/343] generated 10 candidates

generate:  73%|███████▎  | 252/343 [2:15:03<54:01, 35.62s/row]
generate:  74%|███████▍  | 253/343 [2:15:03<56:42, 37.81s/row]
                                                              
[254/343] generated 10 candidates

generate:  74%|███████▍  | 253/343 [2:15:16<56:42, 37.81s/row]
generate:  74%|███████▍  | 254/343 [2:15:16<45:14, 30.50s/row]
                                                              
[255/343] generated 10 candidates

generate:  74%|███████▍  | 254/343 [2:15:53<45:14, 30.50s/row]
generate:  74%|███████▍  | 255/343 [2:15:53<47:27, 32.36s/row]
                                                              
[256/343] generated 10 candidates

generate:  74%|███████▍  | 255/343 [2:16:24<47:27, 32.36s/row]
generate:  75%|███████▍  | 256/343 [2:16:24<46:18, 31.93s/row]
                                                              
[257/343] generated 10 candidates

generate:  75%|███████▍  | 256/343 [2:17:15<46:18, 31.93s/row]
generate:  75%|███████▍  | 257/343 [2:17:15<53:53, 37.60s/row]
                                                              
[258/343] generated 10 candidates

generate:  75%|███████▍  | 257/343 [2:18:06<53:53, 37.60s/row]
generate:  75%|███████▌  | 258/343 [2:18:06<59:04, 41.70s/row]
                                                              
[259/343] generated 10 candidates

generate:  75%|███████▌  | 258/343 [2:18:33<59:04, 41.70s/row]
generate:  76%|███████▌  | 259/343 [2:18:33<51:59, 37.14s/row]
                                                              
[260/343] generated 10 candidates

generate:  76%|███████▌  | 259/343 [2:19:05<51:59, 37.14s/row]
generate:  76%|███████▌  | 260/343 [2:19:05<49:35, 35.85s/row]
                                                              
[261/343] generated 10 candidates

generate:  76%|███████▌  | 260/343 [2:19:29<49:35, 35.85s/row]
generate:  76%|███████▌  | 261/343 [2:19:29<43:47, 32.05s/row]
                                                              
[262/343] generated 10 candidates

generate:  76%|███████▌  | 261/343 [2:19:57<43:47, 32.05s/row]
generate:  76%|███████▋  | 262/343 [2:19:57<41:48, 30.97s/row]
                                                              
[263/343] generated 10 candidates

generate:  76%|███████▋  | 262/343 [2:20:44<41:48, 30.97s/row]
generate:  77%|███████▋  | 263/343 [2:20:44<47:48, 35.85s/row]
                                                              
[264/343] generated 10 candidates

generate:  77%|███████▋  | 263/343 [2:21:01<47:48, 35.85s/row]
generate:  77%|███████▋  | 264/343 [2:21:01<39:28, 29.98s/row]
                                                              
[265/343] generated 10 candidates

generate:  77%|███████▋  | 264/343 [2:21:08<39:28, 29.98s/row]
generate:  77%|███████▋  | 265/343 [2:21:08<29:58, 23.06s/row]
                                                              
[266/343] generated 10 candidates

generate:  77%|███████▋  | 265/343 [2:21:51<29:58, 23.06s/row]
generate:  78%|███████▊  | 266/343 [2:21:51<37:31, 29.24s/row]
                                                              
[267/343] generated 10 candidates

generate:  78%|███████▊  | 266/343 [2:22:42<37:31, 29.24s/row]
generate:  78%|███████▊  | 267/343 [2:22:42<45:13, 35.71s/row]
                                                              
[268/343] generated 10 candidates

generate:  78%|███████▊  | 267/343 [2:23:08<45:13, 35.71s/row]
generate:  78%|███████▊  | 268/343 [2:23:08<41:05, 32.87s/row]
                                                              
[269/343] generated 10 candidates

generate:  78%|███████▊  | 268/343 [2:23:30<41:05, 32.87s/row]
generate:  78%|███████▊  | 269/343 [2:23:30<36:34, 29.66s/row]
                                                              
[270/343] generated 10 candidates

generate:  78%|███████▊  | 269/343 [2:23:41<36:34, 29.66s/row]
generate:  79%|███████▊  | 270/343 [2:23:41<29:06, 23.93s/row]
                                                              
[271/343] generated 10 candidates

generate:  79%|███████▊  | 270/343 [2:24:32<29:06, 23.93s/row]
generate:  79%|███████▉  | 271/343 [2:24:32<38:27, 32.05s/row]
                                                              
[272/343] generated 10 candidates

generate:  79%|███████▉  | 271/343 [2:24:55<38:27, 32.05s/row]
generate:  79%|███████▉  | 272/343 [2:24:55<34:46, 29.39s/row]
                                                              
[273/343] generated 10 candidates

generate:  79%|███████▉  | 272/343 [2:25:14<34:46, 29.39s/row]
generate:  80%|███████▉  | 273/343 [2:25:14<30:40, 26.29s/row]
                                                              
[274/343] generated 10 candidates

generate:  80%|███████▉  | 273/343 [2:25:41<30:40, 26.29s/row]
generate:  80%|███████▉  | 274/343 [2:25:41<30:24, 26.44s/row]
                                                              
[275/343] generated 10 candidates

generate:  80%|███████▉  | 274/343 [2:26:18<30:24, 26.44s/row]
generate:  80%|████████  | 275/343 [2:26:18<33:24, 29.48s/row]
                                                              
[276/343] generated 10 candidates

generate:  80%|████████  | 275/343 [2:26:35<33:24, 29.48s/row]
generate:  80%|████████  | 276/343 [2:26:35<29:00, 25.98s/row]
                                                              
[277/343] generated 10 candidates

generate:  80%|████████  | 276/343 [2:27:26<29:00, 25.98s/row]
generate:  81%|████████  | 277/343 [2:27:26<36:41, 33.36s/row]
                                                              
[278/343] generated 10 candidates

generate:  81%|████████  | 277/343 [2:27:49<36:41, 33.36s/row]
generate:  81%|████████  | 278/343 [2:27:49<32:40, 30.17s/row]
                                                              
[279/343] generated 10 candidates

generate:  81%|████████  | 278/343 [2:28:25<32:40, 30.17s/row]
generate:  81%|████████▏ | 279/343 [2:28:25<34:15, 32.12s/row]
                                                              
[280/343] generated 10 candidates

generate:  81%|████████▏ | 279/343 [2:28:48<34:15, 32.12s/row]
generate:  82%|████████▏ | 280/343 [2:28:48<30:46, 29.31s/row]
                                                              
[281/343] generated 10 candidates

generate:  82%|████████▏ | 280/343 [2:29:39<30:46, 29.31s/row]
generate:  82%|████████▏ | 281/343 [2:29:39<37:06, 35.91s/row]
                                                              
[282/343] generated 10 candidates

generate:  82%|████████▏ | 281/343 [2:30:23<37:06, 35.91s/row]
generate:  82%|████████▏ | 282/343 [2:30:23<38:53, 38.25s/row]
                                                              
[283/343] generated 10 candidates

generate:  82%|████████▏ | 282/343 [2:30:54<38:53, 38.25s/row]
generate:  83%|████████▎ | 283/343 [2:30:54<36:10, 36.17s/row]
                                                              
[284/343] generated 10 candidates

generate:  83%|████████▎ | 283/343 [2:31:18<36:10, 36.17s/row]
generate:  83%|████████▎ | 284/343 [2:31:18<31:55, 32.46s/row]
                                                              
[285/343] generated 10 candidates

generate:  83%|████████▎ | 284/343 [2:31:40<31:55, 32.46s/row]
generate:  83%|████████▎ | 285/343 [2:31:40<28:20, 29.32s/row]
                                                              
[286/343] generated 10 candidates

generate:  83%|████████▎ | 285/343 [2:32:01<28:20, 29.32s/row]
generate:  83%|████████▎ | 286/343 [2:32:01<25:18, 26.65s/row]
                                                              
[287/343] generated 10 candidates

generate:  83%|████████▎ | 286/343 [2:32:31<25:18, 26.65s/row]
generate:  84%|████████▎ | 287/343 [2:32:31<25:48, 27.65s/row]
                                                              
[288/343] generated 10 candidates

generate:  84%|████████▎ | 287/343 [2:32:49<25:48, 27.65s/row]
generate:  84%|████████▍ | 288/343 [2:32:49<22:48, 24.89s/row]
                                                              
[289/343] generated 10 candidates

generate:  84%|████████▍ | 288/343 [2:33:20<22:48, 24.89s/row]
generate:  84%|████████▍ | 289/343 [2:33:20<24:06, 26.79s/row]
                                                              
[290/343] generated 10 candidates

generate:  84%|████████▍ | 289/343 [2:33:53<24:06, 26.79s/row]
generate:  85%|████████▍ | 290/343 [2:33:53<25:11, 28.52s/row]
                                                              
[291/343] generated 10 candidates

generate:  85%|████████▍ | 290/343 [2:34:42<25:11, 28.52s/row]
generate:  85%|████████▍ | 291/343 [2:34:42<30:04, 34.71s/row]
                                                              
[292/343] generated 10 candidates

generate:  85%|████████▍ | 291/343 [2:35:10<30:04, 34.71s/row]
generate:  85%|████████▌ | 292/343 [2:35:10<27:47, 32.70s/row]
                                                              
[293/343] generated 10 candidates

generate:  85%|████████▌ | 292/343 [2:35:45<27:47, 32.70s/row]
generate:  85%|████████▌ | 293/343 [2:35:45<27:41, 33.24s/row]
                                                              
[294/343] generated 10 candidates

generate:  85%|████████▌ | 293/343 [2:36:15<27:41, 33.24s/row]
generate:  86%|████████▌ | 294/343 [2:36:15<26:23, 32.32s/row]
                                                              
[295/343] generated 10 candidates

generate:  86%|████████▌ | 294/343 [2:36:40<26:23, 32.32s/row]
generate:  86%|████████▌ | 295/343 [2:36:40<24:06, 30.13s/row]
                                                              
[296/343] generated 10 candidates

generate:  86%|████████▌ | 295/343 [2:36:54<24:06, 30.13s/row]
generate:  86%|████████▋ | 296/343 [2:36:54<19:58, 25.50s/row]
                                                              
[297/343] generated 10 candidates

generate:  86%|████████▋ | 296/343 [2:37:38<19:58, 25.50s/row]
generate:  87%|████████▋ | 297/343 [2:37:38<23:44, 30.96s/row]
                                                              
[298/343] generated 10 candidates

generate:  87%|████████▋ | 297/343 [2:38:26<23:44, 30.96s/row]
generate:  87%|████████▋ | 298/343 [2:38:26<27:00, 36.02s/row]
                                                              
[299/343] generated 10 candidates

generate:  87%|████████▋ | 298/343 [2:39:07<27:00, 36.02s/row]
generate:  87%|████████▋ | 299/343 [2:39:07<27:25, 37.40s/row]
                                                              
[300/343] generated 10 candidates

generate:  87%|████████▋ | 299/343 [2:39:58<27:25, 37.40s/row]
generate:  87%|████████▋ | 300/343 [2:39:58<29:48, 41.60s/row]
                                                              
[301/343] generated 10 candidates

generate:  87%|████████▋ | 300/343 [2:40:17<29:48, 41.60s/row]
generate:  88%|████████▊ | 301/343 [2:40:17<24:23, 34.85s/row]
                                                              
[302/343] generated 10 candidates

generate:  88%|████████▊ | 301/343 [2:40:58<24:23, 34.85s/row]
generate:  88%|████████▊ | 302/343 [2:40:58<25:06, 36.75s/row]
                                                              
[303/343] generated 10 candidates

generate:  88%|████████▊ | 302/343 [2:41:15<25:06, 36.75s/row]
generate:  88%|████████▊ | 303/343 [2:41:15<20:27, 30.70s/row]
                                                              
[304/343] generated 10 candidates

generate:  88%|████████▊ | 303/343 [2:41:42<20:27, 30.70s/row]
generate:  89%|████████▊ | 304/343 [2:41:42<19:21, 29.79s/row]
                                                              
[305/343] generated 10 candidates

generate:  89%|████████▊ | 304/343 [2:42:14<19:21, 29.79s/row]
generate:  89%|████████▉ | 305/343 [2:42:14<19:09, 30.26s/row]
                                                              
[306/343] generated 10 candidates

generate:  89%|████████▉ | 305/343 [2:42:54<19:09, 30.26s/row]
generate:  89%|████████▉ | 306/343 [2:42:54<20:33, 33.33s/row]
                                                              
[307/343] generated 10 candidates

generate:  89%|████████▉ | 306/343 [2:43:36<20:33, 33.33s/row]
generate:  90%|████████▉ | 307/343 [2:43:36<21:25, 35.70s/row]
                                                              
[308/343] generated 10 candidates

generate:  90%|████████▉ | 307/343 [2:44:06<21:25, 35.70s/row]
generate:  90%|████████▉ | 308/343 [2:44:06<19:55, 34.15s/row]
                                                              
[309/343] generated 10 candidates

generate:  90%|████████▉ | 308/343 [2:44:39<19:55, 34.15s/row]
generate:  90%|█████████ | 309/343 [2:44:39<19:11, 33.88s/row]
                                                              
[310/343] generated 10 candidates

generate:  90%|█████████ | 309/343 [2:45:30<19:11, 33.88s/row]
generate:  90%|█████████ | 310/343 [2:45:30<21:27, 39.03s/row]
                                                              
[311/343] generated 10 candidates

generate:  90%|█████████ | 310/343 [2:46:09<21:27, 39.03s/row]
generate:  91%|█████████ | 311/343 [2:46:09<20:49, 39.04s/row]
                                                              
[312/343] generated 10 candidates

generate:  91%|█████████ | 311/343 [2:46:26<20:49, 39.04s/row]
generate:  91%|█████████ | 312/343 [2:46:26<16:40, 32.27s/row]
                                                              
[313/343] generated 10 candidates

generate:  91%|█████████ | 312/343 [2:46:38<16:40, 32.27s/row]
generate:  91%|█████████▏| 313/343 [2:46:38<13:03, 26.13s/row]
                                                              
[314/343] generated 10 candidates

generate:  91%|█████████▏| 313/343 [2:47:15<13:03, 26.13s/row]
generate:  92%|█████████▏| 314/343 [2:47:15<14:14, 29.46s/row]
                                                              
[315/343] generated 10 candidates

generate:  92%|█████████▏| 314/343 [2:47:30<14:14, 29.46s/row]
generate:  92%|█████████▏| 315/343 [2:47:30<11:41, 25.06s/row]
                                                              
[316/343] generated 10 candidates

generate:  92%|█████████▏| 315/343 [2:47:54<11:41, 25.06s/row]
generate:  92%|█████████▏| 316/343 [2:47:54<11:07, 24.71s/row]
                                                              
[317/343] generated 10 candidates

generate:  92%|█████████▏| 316/343 [2:48:44<11:07, 24.71s/row]
generate:  92%|█████████▏| 317/343 [2:48:44<14:06, 32.55s/row]
                                                              
[318/343] generated 10 candidates

generate:  92%|█████████▏| 317/343 [2:49:19<14:06, 32.55s/row]
generate:  93%|█████████▎| 318/343 [2:49:19<13:51, 33.28s/row]
                                                              
[319/343] generated 10 candidates

generate:  93%|█████████▎| 318/343 [2:49:37<13:51, 33.28s/row]
generate:  93%|█████████▎| 319/343 [2:49:37<11:28, 28.69s/row]
                                                              
[320/343] generated 10 candidates

generate:  93%|█████████▎| 319/343 [2:50:09<11:28, 28.69s/row]
generate:  93%|█████████▎| 320/343 [2:50:09<11:16, 29.41s/row]
                                                              
[321/343] generated 10 candidates

generate:  93%|█████████▎| 320/343 [2:50:59<11:16, 29.41s/row]
generate:  94%|█████████▎| 321/343 [2:50:59<13:07, 35.80s/row]
                                                              
[322/343] generated 10 candidates

generate:  94%|█████████▎| 321/343 [2:51:42<13:07, 35.80s/row]
generate:  94%|█████████▍| 322/343 [2:51:42<13:16, 37.94s/row]
                                                              
[323/343] generated 10 candidates

generate:  94%|█████████▍| 322/343 [2:52:33<13:16, 37.94s/row]
generate:  94%|█████████▍| 323/343 [2:52:33<13:55, 41.78s/row]
                                                              
[324/343] generated 10 candidates

generate:  94%|█████████▍| 323/343 [2:52:58<13:55, 41.78s/row]
generate:  94%|█████████▍| 324/343 [2:52:58<11:39, 36.81s/row]
                                                              
[325/343] generated 10 candidates

generate:  94%|█████████▍| 324/343 [2:53:16<11:39, 36.81s/row]
generate:  95%|█████████▍| 325/343 [2:53:16<09:22, 31.27s/row]
                                                              
[326/343] generated 10 candidates

generate:  95%|█████████▍| 325/343 [2:53:48<09:22, 31.27s/row]
generate:  95%|█████████▌| 326/343 [2:53:48<08:51, 31.26s/row]
                                                              
[327/343] generated 10 candidates

generate:  95%|█████████▌| 326/343 [2:54:05<08:51, 31.26s/row]
generate:  95%|█████████▌| 327/343 [2:54:05<07:15, 27.19s/row]
                                                              
[328/343] generated 10 candidates

generate:  95%|█████████▌| 327/343 [2:54:49<07:15, 27.19s/row]
generate:  96%|█████████▌| 328/343 [2:54:49<08:00, 32.04s/row]
                                                              
[329/343] generated 10 candidates

generate:  96%|█████████▌| 328/343 [2:55:40<08:00, 32.04s/row]
generate:  96%|█████████▌| 329/343 [2:55:40<08:50, 37.86s/row]
                                                              
[330/343] generated 10 candidates

generate:  96%|█████████▌| 329/343 [2:56:12<08:50, 37.86s/row]
generate:  96%|█████████▌| 330/343 [2:56:12<07:48, 36.01s/row]
                                                              
[331/343] generated 10 candidates

generate:  96%|█████████▌| 330/343 [2:56:50<07:48, 36.01s/row]
generate:  97%|█████████▋| 331/343 [2:56:50<07:18, 36.53s/row]
                                                              
[332/343] generated 10 candidates

generate:  97%|█████████▋| 331/343 [2:57:41<07:18, 36.53s/row]
generate:  97%|█████████▋| 332/343 [2:57:41<07:29, 40.90s/row]
                                                              
[333/343] generated 10 candidates

generate:  97%|█████████▋| 332/343 [2:58:30<07:29, 40.90s/row]
generate:  97%|█████████▋| 333/343 [2:58:30<07:13, 43.37s/row]
                                                              
[334/343] generated 10 candidates

generate:  97%|█████████▋| 333/343 [2:59:21<07:13, 43.37s/row]
generate:  97%|█████████▋| 334/343 [2:59:21<06:50, 45.60s/row]
                                                              
[335/343] generated 10 candidates

generate:  97%|█████████▋| 334/343 [3:00:12<06:50, 45.60s/row]
generate:  98%|█████████▊| 335/343 [3:00:12<06:17, 47.25s/row]
                                                              
[336/343] generated 10 candidates

generate:  98%|█████████▊| 335/343 [3:01:04<06:17, 47.25s/row]
generate:  98%|█████████▊| 336/343 [3:01:04<05:40, 48.71s/row]
                                                              
[337/343] generated 10 candidates

generate:  98%|█████████▊| 336/343 [3:01:39<05:40, 48.71s/row]
generate:  98%|█████████▊| 337/343 [3:01:39<04:28, 44.77s/row]
                                                              
[338/343] generated 10 candidates

generate:  98%|█████████▊| 337/343 [3:02:08<04:28, 44.77s/row]
generate:  99%|█████████▊| 338/343 [3:02:08<03:20, 40.03s/row]
                                                              
[339/343] generated 10 candidates

generate:  99%|█████████▊| 338/343 [3:02:58<03:20, 40.03s/row]
generate:  99%|█████████▉| 339/343 [3:02:58<02:51, 42.94s/row]
                                                              
[340/343] generated 10 candidates

generate:  99%|█████████▉| 339/343 [3:03:31<02:51, 42.94s/row]
generate:  99%|█████████▉| 340/343 [3:03:31<01:59, 39.84s/row]
                                                              
[341/343] generated 10 candidates

generate:  99%|█████████▉| 340/343 [3:04:16<01:59, 39.84s/row]
generate:  99%|█████████▉| 341/343 [3:04:16<01:22, 41.34s/row]
                                                              
[342/343] generated 10 candidates

generate:  99%|█████████▉| 341/343 [3:05:00<01:22, 41.34s/row]
generate: 100%|█████████▉| 342/343 [3:05:00<00:42, 42.21s/row]
                                                              
[343/343] generated 10 candidates

generate: 100%|█████████▉| 342/343 [3:05:35<00:42, 42.21s/row]
generate: 100%|██████████| 343/343 [3:05:35<00:00, 40.06s/row]
generate: 100%|██████████| 343/343 [3:05:35<00:00, 32.46s/row]
wrote /workspace/results/qwen3-8b-base_lora_enc_dec_r64_5e6_gcb_a128_arm64v21_s42_prefix_no_gine_regions16_compile_predictions.json
wrote /workspace/results/qwen3-8b-base_lora_enc_dec_r64_5e6_gcb_a128_arm64v21_s42_prefix_no_gine_regions16_compile_predictions.json.provenance.json

Compile and pass evaluation settings match; reusing the same candidate pool.

Calculating metrics...
CodeBLEU Results:
{
  "count": 343,
  "samples_with_success": 343,
  "mean_codebleu": 0.67232372727892,
  "min_codebleu": 0.3907873899615062,
  "max_codebleu": 0.8415330798344485
}

Compiled-only CodeBLEU Results:
{
  "count": 343,
  "samples_with_success": 227,
  "mean_codebleu": 0.6634723334737541,
  "min_codebleu": 0.3936749737522528,
  "max_codebleu": 0.8204657296718888
}

Using Dart binary: /home/zeus/dart-sdk/bin/dart | workers=64

compile@k:   0%|          | 0/343 [00:00<?, ?row/s]
compile@k:   0%|          | 1/343 [00:32<3:06:59, 32.81s/row]
compile@k:   1%|          | 4/343 [00:33<35:49,  6.34s/row]  
compile@k:   1%|▏         | 5/343 [00:35<28:52,  5.13s/row]
compile@k:   2%|▏         | 6/343 [01:02<1:03:24, 11.29s/row]
compile@k:   7%|▋         | 25/343 [01:03<07:11,  1.36s/row] 
compile@k:  11%|█         | 37/343 [01:04<04:04,  1.25row/s]
compile@k:  19%|█▉        | 65/343 [01:06<01:42,  2.70row/s]
compile@k:  20%|█▉        | 67/343 [01:07<01:40,  2.74row/s]
compile@k:  20%|██        | 70/343 [01:07<01:30,  3.02row/s]
compile@k:  21%|██        | 72/343 [01:10<02:04,  2.17row/s]
compile@k:  22%|██▏       | 74/343 [01:16<03:13,  1.39row/s]
compile@k:  22%|██▏       | 75/343 [02:10<21:54,  4.91s/row]
compile@k:  43%|████▎     | 147/343 [02:34<02:44,  1.19row/s]
compile@k:  51%|█████     | 174/343 [03:15<02:58,  1.05s/row]
compile@k:  56%|█████▌    | 192/343 [03:42<02:55,  1.16s/row]
compile@k:  76%|███████▋  | 262/343 [03:44<00:42,  1.92row/s]
compile@k:  77%|███████▋  | 265/343 [03:45<00:39,  1.96row/s]
compile@k:  83%|████████▎ | 283/343 [03:48<00:26,  2.29row/s]
compile@k:  92%|█████████▏| 317/343 [03:48<00:07,  3.65row/s]
compile@k:  96%|█████████▌| 328/343 [03:50<00:03,  3.96row/s]
compile@k:  96%|█████████▌| 328/343 [04:00<00:03,  3.96row/s]
compile@k:  99%|█████████▉| 341/343 [04:08<00:00,  2.07row/s]
compile@k: 100%|██████████| 343/343 [04:08<00:00,  1.38row/s]
Compile@k Results:
[1/343] n=10, compiling=6, compile@1=0.6000
[2/343] n=10, compiling=8, compile@1=0.8000
[3/343] n=10, compiling=4, compile@1=0.4000
[4/343] n=10, compiling=5, compile@1=0.5000
[5/343] n=10, compiling=3, compile@1=0.3000
[6/343] n=10, compiling=7, compile@1=0.7000
[7/343] n=10, compiling=3, compile@1=0.3000
[8/343] n=10, compiling=6, compile@1=0.6000
[9/343] n=10, compiling=5, compile@1=0.5000
[10/343] n=10, compiling=3, compile@1=0.3000
[11/343] n=10, compiling=2, compile@1=0.2000
[12/343] n=10, compiling=2, compile@1=0.2000
[13/343] n=10, compiling=6, compile@1=0.6000
[14/343] n=10, compiling=4, compile@1=0.4000
[15/343] n=10, compiling=5, compile@1=0.5000
[16/343] n=10, compiling=8, compile@1=0.8000
[17/343] n=10, compiling=9, compile@1=0.9000
[18/343] n=10, compiling=7, compile@1=0.7000
[19/343] n=10, compiling=7, compile@1=0.7000
[20/343] n=10, compiling=4, compile@1=0.4000
[21/343] n=10, compiling=7, compile@1=0.7000
[22/343] n=10, compiling=5, compile@1=0.5000
[23/343] n=10, compiling=4, compile@1=0.4000
[24/343] n=10, compiling=2, compile@1=0.2000
[25/343] n=10, compiling=4, compile@1=0.4000
[26/343] n=10, compiling=6, compile@1=0.6000
[27/343] n=10, compiling=3, compile@1=0.3000
[28/343] n=10, compiling=5, compile@1=0.5000
[29/343] n=10, compiling=1, compile@1=0.1000
[30/343] n=10, compiling=5, compile@1=0.5000
[31/343] n=10, compiling=5, compile@1=0.5000
[32/343] n=10, compiling=7, compile@1=0.7000
[33/343] n=10, compiling=9, compile@1=0.9000
[34/343] n=10, compiling=8, compile@1=0.8000
[35/343] n=10, compiling=5, compile@1=0.5000
[36/343] n=10, compiling=6, compile@1=0.6000
[37/343] n=10, compiling=10, compile@1=1.0000
[38/343] n=10, compiling=6, compile@1=0.6000
[39/343] n=10, compiling=6, compile@1=0.6000
[40/343] n=10, compiling=1, compile@1=0.1000
[41/343] n=10, compiling=1, compile@1=0.1000
[42/343] n=10, compiling=7, compile@1=0.7000
[43/343] n=10, compiling=5, compile@1=0.5000
[44/343] n=10, compiling=3, compile@1=0.3000
[45/343] n=10, compiling=1, compile@1=0.1000
[46/343] n=10, compiling=2, compile@1=0.2000
[47/343] n=10, compiling=4, compile@1=0.4000
[48/343] n=10, compiling=5, compile@1=0.5000
[49/343] n=10, compiling=1, compile@1=0.1000
[50/343] n=10, compiling=1, compile@1=0.1000
[51/343] n=10, compiling=2, compile@1=0.2000
[52/343] n=10, compiling=5, compile@1=0.5000
[53/343] n=10, compiling=1, compile@1=0.1000
[54/343] n=10, compiling=4, compile@1=0.4000
[55/343] n=10, compiling=6, compile@1=0.6000
[56/343] n=10, compiling=4, compile@1=0.4000
[57/343] n=10, compiling=10, compile@1=1.0000
[58/343] n=10, compiling=3, compile@1=0.3000
[59/343] n=10, compiling=1, compile@1=0.1000
[60/343] n=10, compiling=9, compile@1=0.9000
[61/343] n=10, compiling=5, compile@1=0.5000
[62/343] n=10, compiling=4, compile@1=0.4000
[63/343] n=10, compiling=4, compile@1=0.4000
[64/343] n=10, compiling=5, compile@1=0.5000
[65/343] n=10, compiling=9, compile@1=0.9000
[66/343] n=10, compiling=6, compile@1=0.6000
[67/343] n=10, compiling=8, compile@1=0.8000
[68/343] n=10, compiling=5, compile@1=0.5000
[69/343] n=10, compiling=5, compile@1=0.5000
[70/343] n=10, compiling=1, compile@1=0.1000
[71/343] n=10, compiling=9, compile@1=0.9000
[72/343] n=10, compiling=4, compile@1=0.4000
[73/343] n=10, compiling=3, compile@1=0.3000
[74/343] n=10, compiling=8, compile@1=0.8000
[75/343] n=10, compiling=8, compile@1=0.8000
[76/343] n=10, compiling=3, compile@1=0.3000
[77/343] n=10, compiling=3, compile@1=0.3000
[78/343] n=10, compiling=4, compile@1=0.4000
[79/343] n=10, compiling=2, compile@1=0.2000
[80/343] n=10, compiling=9, compile@1=0.9000
[81/343] n=10, compiling=3, compile@1=0.3000
[82/343] n=10, compiling=3, compile@1=0.3000
[83/343] n=10, compiling=5, compile@1=0.5000
[84/343] n=10, compiling=1, compile@1=0.1000
[85/343] n=10, compiling=9, compile@1=0.9000
[86/343] n=10, compiling=10, compile@1=1.0000
[87/343] n=10, compiling=6, compile@1=0.6000
[88/343] n=10, compiling=4, compile@1=0.4000
[89/343] n=10, compiling=10, compile@1=1.0000
[90/343] n=10, compiling=5, compile@1=0.5000
[91/343] n=10, compiling=7, compile@1=0.7000
[92/343] n=10, compiling=8, compile@1=0.8000
[93/343] n=10, compiling=3, compile@1=0.3000
[94/343] n=10, compiling=2, compile@1=0.2000
[95/343] n=10, compiling=2, compile@1=0.2000
[96/343] n=10, compiling=5, compile@1=0.5000
[97/343] n=10, compiling=5, compile@1=0.5000
[98/343] n=10, compiling=5, compile@1=0.5000
[99/343] n=10, compiling=9, compile@1=0.9000
[100/343] n=10, compiling=7, compile@1=0.7000
[101/343] n=10, compiling=9, compile@1=0.9000
[102/343] n=10, compiling=6, compile@1=0.6000
[103/343] n=10, compiling=7, compile@1=0.7000
[104/343] n=10, compiling=6, compile@1=0.6000
[105/343] n=10, compiling=5, compile@1=0.5000
[106/343] n=10, compiling=6, compile@1=0.6000
[107/343] n=10, compiling=0, compile@1=0.0000
[108/343] n=10, compiling=7, compile@1=0.7000
[109/343] n=10, compiling=4, compile@1=0.4000
[110/343] n=10, compiling=9, compile@1=0.9000
[111/343] n=10, compiling=2, compile@1=0.2000
[112/343] n=10, compiling=7, compile@1=0.7000
[113/343] n=10, compiling=7, compile@1=0.7000
[114/343] n=10, compiling=9, compile@1=0.9000
[115/343] n=10, compiling=4, compile@1=0.4000
[116/343] n=10, compiling=8, compile@1=0.8000
[117/343] n=10, compiling=7, compile@1=0.7000
[118/343] n=10, compiling=4, compile@1=0.4000
[119/343] n=10, compiling=2, compile@1=0.2000
[120/343] n=10, compiling=4, compile@1=0.4000
[121/343] n=10, compiling=8, compile@1=0.8000
[122/343] n=10, compiling=7, compile@1=0.7000
[123/343] n=10, compiling=6, compile@1=0.6000
[124/343] n=10, compiling=3, compile@1=0.3000
[125/343] n=10, compiling=8, compile@1=0.8000
[126/343] n=10, compiling=3, compile@1=0.3000
[127/343] n=10, compiling=8, compile@1=0.8000
[128/343] n=10, compiling=4, compile@1=0.4000
[129/343] n=10, compiling=6, compile@1=0.6000
[130/343] n=10, compiling=4, compile@1=0.4000
[131/343] n=10, compiling=6, compile@1=0.6000
[132/343] n=10, compiling=5, compile@1=0.5000
[133/343] n=10, compiling=9, compile@1=0.9000
[134/343] n=10, compiling=5, compile@1=0.5000
[135/343] n=10, compiling=5, compile@1=0.5000
[136/343] n=10, compiling=3, compile@1=0.3000
[137/343] n=10, compiling=10, compile@1=1.0000
[138/343] n=10, compiling=3, compile@1=0.3000
[139/343] n=10, compiling=6, compile@1=0.6000
[140/343] n=10, compiling=8, compile@1=0.8000
[141/343] n=10, compiling=8, compile@1=0.8000
[142/343] n=10, compiling=5, compile@1=0.5000
[143/343] n=10, compiling=3, compile@1=0.3000
[144/343] n=10, compiling=7, compile@1=0.7000
[145/343] n=10, compiling=2, compile@1=0.2000
[146/343] n=10, compiling=6, compile@1=0.6000
[147/343] n=10, compiling=10, compile@1=1.0000
[148/343] n=10, compiling=8, compile@1=0.8000
[149/343] n=10, compiling=2, compile@1=0.2000
[150/343] n=10, compiling=2, compile@1=0.2000
[151/343] n=10, compiling=6, compile@1=0.6000
[152/343] n=10, compiling=5, compile@1=0.5000
[153/343] n=10, compiling=8, compile@1=0.8000
[154/343] n=10, compiling=10, compile@1=1.0000
[155/343] n=10, compiling=3, compile@1=0.3000
[156/343] n=10, compiling=4, compile@1=0.4000
[157/343] n=10, compiling=5, compile@1=0.5000
[158/343] n=10, compiling=0, compile@1=0.0000
[159/343] n=10, compiling=3, compile@1=0.3000
[160/343] n=10, compiling=6, compile@1=0.6000
[161/343] n=10, compiling=3, compile@1=0.3000
[162/343] n=10, compiling=5, compile@1=0.5000
[163/343] n=10, compiling=4, compile@1=0.4000
[164/343] n=10, compiling=6, compile@1=0.6000
[165/343] n=10, compiling=9, compile@1=0.9000
[166/343] n=10, compiling=3, compile@1=0.3000
[167/343] n=10, compiling=10, compile@1=1.0000
[168/343] n=10, compiling=4, compile@1=0.4000
[169/343] n=10, compiling=5, compile@1=0.5000
[170/343] n=10, compiling=5, compile@1=0.5000
[171/343] n=10, compiling=6, compile@1=0.6000
[172/343] n=10, compiling=4, compile@1=0.4000
[173/343] n=10, compiling=10, compile@1=1.0000
[174/343] n=10, compiling=10, compile@1=1.0000
[175/343] n=10, compiling=5, compile@1=0.5000
[176/343] n=10, compiling=6, compile@1=0.6000
[177/343] n=10, compiling=1, compile@1=0.1000
[178/343] n=10, compiling=5, compile@1=0.5000
[179/343] n=10, compiling=1, compile@1=0.1000
[180/343] n=10, compiling=5, compile@1=0.5000
[181/343] n=10, compiling=2, compile@1=0.2000
[182/343] n=10, compiling=7, compile@1=0.7000
[183/343] n=10, compiling=9, compile@1=0.9000
[184/343] n=10, compiling=6, compile@1=0.6000
[185/343] n=10, compiling=7, compile@1=0.7000
[186/343] n=10, compiling=3, compile@1=0.3000
[187/343] n=10, compiling=7, compile@1=0.7000
[188/343] n=10, compiling=8, compile@1=0.8000
[189/343] n=10, compiling=5, compile@1=0.5000
[190/343] n=10, compiling=5, compile@1=0.5000
[191/343] n=10, compiling=7, compile@1=0.7000
[192/343] n=10, compiling=10, compile@1=1.0000
[193/343] n=10, compiling=6, compile@1=0.6000
[194/343] n=10, compiling=4, compile@1=0.4000
[195/343] n=10, compiling=2, compile@1=0.2000
[196/343] n=10, compiling=3, compile@1=0.3000
[197/343] n=10, compiling=9, compile@1=0.9000
[198/343] n=10, compiling=9, compile@1=0.9000
[199/343] n=10, compiling=10, compile@1=1.0000
[200/343] n=10, compiling=10, compile@1=1.0000
[201/343] n=10, compiling=8, compile@1=0.8000
[202/343] n=10, compiling=8, compile@1=0.8000
[203/343] n=10, compiling=8, compile@1=0.8000
[204/343] n=10, compiling=10, compile@1=1.0000
[205/343] n=10, compiling=3, compile@1=0.3000
[206/343] n=10, compiling=4, compile@1=0.4000
[207/343] n=10, compiling=9, compile@1=0.9000
[208/343] n=10, compiling=4, compile@1=0.4000
[209/343] n=10, compiling=7, compile@1=0.7000
[210/343] n=10, compiling=5, compile@1=0.5000
[211/343] n=10, compiling=7, compile@1=0.7000
[212/343] n=10, compiling=9, compile@1=0.9000
[213/343] n=10, compiling=8, compile@1=0.8000
[214/343] n=10, compiling=2, compile@1=0.2000
[215/343] n=10, compiling=6, compile@1=0.6000
[216/343] n=10, compiling=9, compile@1=0.9000
[217/343] n=10, compiling=5, compile@1=0.5000
[218/343] n=10, compiling=7, compile@1=0.7000
[219/343] n=10, compiling=8, compile@1=0.8000
[220/343] n=10, compiling=5, compile@1=0.5000
[221/343] n=10, compiling=8, compile@1=0.8000
[222/343] n=10, compiling=3, compile@1=0.3000
[223/343] n=10, compiling=6, compile@1=0.6000
[224/343] n=10, compiling=5, compile@1=0.5000
[225/343] n=10, compiling=7, compile@1=0.7000
[226/343] n=10, compiling=7, compile@1=0.7000
[227/343] n=10, compiling=4, compile@1=0.4000
[228/343] n=10, compiling=3, compile@1=0.3000
[229/343] n=10, compiling=5, compile@1=0.5000
[230/343] n=10, compiling=6, compile@1=0.6000
[231/343] n=10, compiling=6, compile@1=0.6000
[232/343] n=10, compiling=9, compile@1=0.9000
[233/343] n=10, compiling=7, compile@1=0.7000
[234/343] n=10, compiling=4, compile@1=0.4000
[235/343] n=10, compiling=10, compile@1=1.0000
[236/343] n=10, compiling=3, compile@1=0.3000
[237/343] n=10, compiling=5, compile@1=0.5000
[238/343] n=10, compiling=6, compile@1=0.6000
[239/343] n=10, compiling=6, compile@1=0.6000
[240/343] n=10, compiling=8, compile@1=0.8000
[241/343] n=10, compiling=4, compile@1=0.4000
[242/343] n=10, compiling=1, compile@1=0.1000
[243/343] n=10, compiling=9, compile@1=0.9000
[244/343] n=10, compiling=5, compile@1=0.5000
[245/343] n=10, compiling=9, compile@1=0.9000
[246/343] n=10, compiling=6, compile@1=0.6000
[247/343] n=10, compiling=3, compile@1=0.3000
[248/343] n=10, compiling=4, compile@1=0.4000
[249/343] n=10, compiling=0, compile@1=0.0000
[250/343] n=10, compiling=6, compile@1=0.6000
[251/343] n=10, compiling=4, compile@1=0.4000
[252/343] n=10, compiling=9, compile@1=0.9000
[253/343] n=10, compiling=2, compile@1=0.2000
[254/343] n=10, compiling=10, compile@1=1.0000
[255/343] n=10, compiling=7, compile@1=0.7000
[256/343] n=10, compiling=7, compile@1=0.7000
[257/343] n=10, compiling=5, compile@1=0.5000
[258/343] n=10, compiling=3, compile@1=0.3000
[259/343] n=10, compiling=6, compile@1=0.6000
[260/343] n=10, compiling=2, compile@1=0.2000
[261/343] n=10, compiling=7, compile@1=0.7000
[262/343] n=10, compiling=4, compile@1=0.4000
[263/343] n=10, compiling=6, compile@1=0.6000
[264/343] n=10, compiling=9, compile@1=0.9000
[265/343] n=10, compiling=10, compile@1=1.0000
[266/343] n=10, compiling=6, compile@1=0.6000
[267/343] n=10, compiling=3, compile@1=0.3000
[268/343] n=10, compiling=3, compile@1=0.3000
[269/343] n=10, compiling=7, compile@1=0.7000
[270/343] n=10, compiling=8, compile@1=0.8000
[271/343] n=10, compiling=6, compile@1=0.6000
[272/343] n=10, compiling=6, compile@1=0.6000
[273/343] n=10, compiling=8, compile@1=0.8000
[274/343] n=10, compiling=5, compile@1=0.5000
[275/343] n=10, compiling=7, compile@1=0.7000
[276/343] n=10, compiling=7, compile@1=0.7000
[277/343] n=10, compiling=7, compile@1=0.7000
[278/343] n=10, compiling=6, compile@1=0.6000
[279/343] n=10, compiling=6, compile@1=0.6000
[280/343] n=10, compiling=6, compile@1=0.6000
[281/343] n=10, compiling=1, compile@1=0.1000
[282/343] n=10, compiling=3, compile@1=0.3000
[283/343] n=10, compiling=3, compile@1=0.3000
[284/343] n=10, compiling=9, compile@1=0.9000
[285/343] n=10, compiling=5, compile@1=0.5000
[286/343] n=10, compiling=6, compile@1=0.6000
[287/343] n=10, compiling=3, compile@1=0.3000
[288/343] n=10, compiling=7, compile@1=0.7000
[289/343] n=10, compiling=3, compile@1=0.3000
[290/343] n=10, compiling=8, compile@1=0.8000
[291/343] n=10, compiling=2, compile@1=0.2000
[292/343] n=10, compiling=6, compile@1=0.6000
[293/343] n=10, compiling=6, compile@1=0.6000
[294/343] n=10, compiling=4, compile@1=0.4000
[295/343] n=10, compiling=3, compile@1=0.3000
[296/343] n=10, compiling=9, compile@1=0.9000
[297/343] n=10, compiling=1, compile@1=0.1000
[298/343] n=10, compiling=3, compile@1=0.3000
[299/343] n=10, compiling=3, compile@1=0.3000
[300/343] n=10, compiling=3, compile@1=0.3000
[301/343] n=10, compiling=6, compile@1=0.6000
[302/343] n=10, compiling=1, compile@1=0.1000
[303/343] n=10, compiling=7, compile@1=0.7000
[304/343] n=10, compiling=4, compile@1=0.4000
[305/343] n=10, compiling=4, compile@1=0.4000
[306/343] n=10, compiling=1, compile@1=0.1000
[307/343] n=10, compiling=7, compile@1=0.7000
[308/343] n=10, compiling=4, compile@1=0.4000
[309/343] n=10, compiling=2, compile@1=0.2000
[310/343] n=10, compiling=1, compile@1=0.1000
[311/343] n=10, compiling=7, compile@1=0.7000
[312/343] n=10, compiling=3, compile@1=0.3000
[313/343] n=10, compiling=10, compile@1=1.0000
[314/343] n=10, compiling=4, compile@1=0.4000
[315/343] n=10, compiling=4, compile@1=0.4000
[316/343] n=10, compiling=7, compile@1=0.7000
[317/343] n=10, compiling=5, compile@1=0.5000
[318/343] n=10, compiling=4, compile@1=0.4000
[319/343] n=10, compiling=8, compile@1=0.8000
[320/343] n=10, compiling=2, compile@1=0.2000
[321/343] n=10, compiling=5, compile@1=0.5000
[322/343] n=10, compiling=4, compile@1=0.4000
[323/343] n=10, compiling=2, compile@1=0.2000
[324/343] n=10, compiling=3, compile@1=0.3000
[325/343] n=10, compiling=7, compile@1=0.7000
[326/343] n=10, compiling=3, compile@1=0.3000
[327/343] n=10, compiling=9, compile@1=0.9000
[328/343] n=10, compiling=3, compile@1=0.3000
[329/343] n=10, compiling=5, compile@1=0.5000
[330/343] n=10, compiling=2, compile@1=0.2000
[331/343] n=10, compiling=4, compile@1=0.4000
[332/343] n=10, compiling=4, compile@1=0.4000
[333/343] n=10, compiling=0, compile@1=0.0000
[334/343] n=10, compiling=5, compile@1=0.5000
[335/343] n=10, compiling=4, compile@1=0.4000
[336/343] n=10, compiling=1, compile@1=0.1000
[337/343] n=10, compiling=2, compile@1=0.2000
[338/343] n=10, compiling=6, compile@1=0.6000
[339/343] n=10, compiling=3, compile@1=0.3000
[340/343] n=10, compiling=5, compile@1=0.5000
[341/343] n=10, compiling=5, compile@1=0.5000
[342/343] n=10, compiling=4, compile@1=0.4000
[343/343] n=10, compiling=5, compile@1=0.5000
{
  "compile_at_1": 0.5294460641399417,
  "compile_at_5": 0.9307464482391603,
  "total_problems": 343
}

Using Dart binary: /home/zeus/dart-sdk/bin/dart | workers=64

pass@k:   0%|          | 0/343 [00:00<?, ?row/s]
pass@k:   0%|          | 1/343 [00:21<2:02:07, 21.42s/row]
pass@k:   1%|          | 3/343 [00:27<44:30,  7.85s/row]  
pass@k:   2%|▏         | 6/343 [00:51<44:22,  7.90s/row]
pass@k:   7%|▋         | 25/343 [00:52<06:44,  1.27s/row]
pass@k:  11%|█         | 37/343 [00:58<04:37,  1.10row/s]
pass@k:  19%|█▊        | 64/343 [00:58<01:48,  2.57row/s]
pass@k:  22%|██▏       | 74/343 [01:07<02:16,  1.96row/s]
pass@k:  22%|██▏       | 74/343 [01:20<02:16,  1.96row/s]
pass@k:  22%|██▏       | 75/343 [01:40<07:00,  1.57s/row]
pass@k:  43%|████▎     | 147/343 [02:15<02:23,  1.37row/s]
pass@k:  51%|█████     | 174/343 [03:01<02:51,  1.01s/row]
pass@k:  56%|█████▌    | 192/343 [03:25<02:43,  1.08s/row]
pass@k:  77%|███████▋  | 265/343 [03:32<00:42,  1.86row/s]
pass@k:  99%|█████████▉| 341/343 [03:48<00:00,  2.60row/s]
pass@k: 100%|██████████| 343/343 [03:48<00:00,  1.50row/s]
Pass@k Results:
[1/343] n=10, passed=0, pass@1=0.0000
[2/343] n=10, passed=0, pass@1=0.0000
[3/343] n=10, passed=0, pass@1=0.0000
[4/343] n=10, passed=0, pass@1=0.0000
[5/343] n=10, passed=0, pass@1=0.0000
[6/343] n=10, passed=0, pass@1=0.0000
[7/343] n=10, passed=0, pass@1=0.0000
[8/343] n=10, passed=4, pass@1=0.4000
[9/343] n=10, passed=0, pass@1=0.0000
[10/343] n=10, passed=0, pass@1=0.0000
[11/343] n=10, passed=0, pass@1=0.0000
[12/343] n=10, passed=0, pass@1=0.0000
[13/343] n=10, passed=0, pass@1=0.0000
[14/343] n=10, passed=0, pass@1=0.0000
[15/343] n=10, passed=0, pass@1=0.0000
[16/343] n=10, passed=0, pass@1=0.0000
[17/343] n=10, passed=0, pass@1=0.0000
[18/343] n=10, passed=0, pass@1=0.0000
[19/343] n=10, passed=0, pass@1=0.0000
[20/343] n=10, passed=0, pass@1=0.0000
[21/343] n=10, passed=0, pass@1=0.0000
[22/343] n=10, passed=0, pass@1=0.0000
[23/343] n=10, passed=0, pass@1=0.0000
[24/343] n=10, passed=0, pass@1=0.0000
[25/343] n=10, passed=0, pass@1=0.0000
[26/343] n=10, passed=0, pass@1=0.0000
[27/343] n=10, passed=0, pass@1=0.0000
[28/343] n=10, passed=0, pass@1=0.0000
[29/343] n=10, passed=0, pass@1=0.0000
[30/343] n=10, passed=0, pass@1=0.0000
[31/343] n=10, passed=0, pass@1=0.0000
[32/343] n=10, passed=0, pass@1=0.0000
[33/343] n=10, passed=0, pass@1=0.0000
[34/343] n=10, passed=2, pass@1=0.2000
[35/343] n=10, passed=0, pass@1=0.0000
[36/343] n=10, passed=0, pass@1=0.0000
[37/343] n=10, passed=0, pass@1=0.0000
[38/343] n=10, passed=0, pass@1=0.0000
[39/343] n=10, passed=0, pass@1=0.0000
[40/343] n=10, passed=0, pass@1=0.0000
[41/343] n=10, passed=0, pass@1=0.0000
[42/343] n=10, passed=0, pass@1=0.0000
[43/343] n=10, passed=0, pass@1=0.0000
[44/343] n=10, passed=0, pass@1=0.0000
[45/343] n=10, passed=0, pass@1=0.0000
[46/343] n=10, passed=0, pass@1=0.0000
[47/343] n=10, passed=0, pass@1=0.0000
[48/343] n=10, passed=0, pass@1=0.0000
[49/343] n=10, passed=0, pass@1=0.0000
[50/343] n=10, passed=0, pass@1=0.0000
[51/343] n=10, passed=0, pass@1=0.0000
[52/343] n=10, passed=0, pass@1=0.0000
[53/343] n=10, passed=0, pass@1=0.0000
[54/343] n=10, passed=0, pass@1=0.0000
[55/343] n=10, passed=0, pass@1=0.0000
[56/343] n=10, passed=0, pass@1=0.0000
[57/343] n=10, passed=1, pass@1=0.1000
[58/343] n=10, passed=0, pass@1=0.0000
[59/343] n=10, passed=0, pass@1=0.0000
[60/343] n=10, passed=0, pass@1=0.0000
[61/343] n=10, passed=0, pass@1=0.0000
[62/343] n=10, passed=0, pass@1=0.0000
[63/343] n=10, passed=3, pass@1=0.3000
[64/343] n=10, passed=0, pass@1=0.0000
[65/343] n=10, passed=0, pass@1=0.0000
[66/343] n=10, passed=0, pass@1=0.0000
[67/343] n=10, passed=0, pass@1=0.0000
[68/343] n=10, passed=0, pass@1=0.0000
[69/343] n=10, passed=0, pass@1=0.0000
[70/343] n=10, passed=0, pass@1=0.0000
[71/343] n=10, passed=0, pass@1=0.0000
[72/343] n=10, passed=0, pass@1=0.0000
[73/343] n=10, passed=0, pass@1=0.0000
[74/343] n=10, passed=1, pass@1=0.1000
[75/343] n=10, passed=6, pass@1=0.6000
[76/343] n=10, passed=0, pass@1=0.0000
[77/343] n=10, passed=0, pass@1=0.0000
[78/343] n=10, passed=0, pass@1=0.0000
[79/343] n=10, passed=0, pass@1=0.0000
[80/343] n=10, passed=2, pass@1=0.2000
[81/343] n=10, passed=0, pass@1=0.0000
[82/343] n=10, passed=0, pass@1=0.0000
[83/343] n=10, passed=0, pass@1=0.0000
[84/343] n=10, passed=0, pass@1=0.0000
[85/343] n=10, passed=0, pass@1=0.0000
[86/343] n=10, passed=0, pass@1=0.0000
[87/343] n=10, passed=0, pass@1=0.0000
[88/343] n=10, passed=0, pass@1=0.0000
[89/343] n=10, passed=0, pass@1=0.0000
[90/343] n=10, passed=0, pass@1=0.0000
[91/343] n=10, passed=2, pass@1=0.2000
[92/343] n=10, passed=0, pass@1=0.0000
[93/343] n=10, passed=0, pass@1=0.0000
[94/343] n=10, passed=0, pass@1=0.0000
[95/343] n=10, passed=0, pass@1=0.0000
[96/343] n=10, passed=0, pass@1=0.0000
[97/343] n=10, passed=0, pass@1=0.0000
[98/343] n=10, passed=0, pass@1=0.0000
[99/343] n=10, passed=0, pass@1=0.0000
[100/343] n=10, passed=0, pass@1=0.0000
[101/343] n=10, passed=0, pass@1=0.0000
[102/343] n=10, passed=0, pass@1=0.0000
[103/343] n=10, passed=0, pass@1=0.0000
[104/343] n=10, passed=0, pass@1=0.0000
[105/343] n=10, passed=0, pass@1=0.0000
[106/343] n=10, passed=0, pass@1=0.0000
[107/343] n=10, passed=0, pass@1=0.0000
[108/343] n=10, passed=0, pass@1=0.0000
[109/343] n=10, passed=0, pass@1=0.0000
[110/343] n=10, passed=0, pass@1=0.0000
[111/343] n=10, passed=0, pass@1=0.0000
[112/343] n=10, passed=0, pass@1=0.0000
[113/343] n=10, passed=0, pass@1=0.0000
[114/343] n=10, passed=0, pass@1=0.0000
[115/343] n=10, passed=0, pass@1=0.0000
[116/343] n=10, passed=0, pass@1=0.0000
[117/343] n=10, passed=0, pass@1=0.0000
[118/343] n=10, passed=0, pass@1=0.0000
[119/343] n=10, passed=0, pass@1=0.0000
[120/343] n=10, passed=0, pass@1=0.0000
[121/343] n=10, passed=0, pass@1=0.0000
[122/343] n=10, passed=0, pass@1=0.0000
[123/343] n=10, passed=0, pass@1=0.0000
[124/343] n=10, passed=0, pass@1=0.0000
[125/343] n=10, passed=0, pass@1=0.0000
[126/343] n=10, passed=0, pass@1=0.0000
[127/343] n=10, passed=0, pass@1=0.0000
[128/343] n=10, passed=0, pass@1=0.0000
[129/343] n=10, passed=0, pass@1=0.0000
[130/343] n=10, passed=0, pass@1=0.0000
[131/343] n=10, passed=0, pass@1=0.0000
[132/343] n=10, passed=0, pass@1=0.0000
[133/343] n=10, passed=0, pass@1=0.0000
[134/343] n=10, passed=0, pass@1=0.0000
[135/343] n=10, passed=0, pass@1=0.0000
[136/343] n=10, passed=0, pass@1=0.0000
[137/343] n=10, passed=0, pass@1=0.0000
[138/343] n=10, passed=0, pass@1=0.0000
[139/343] n=10, passed=0, pass@1=0.0000
[140/343] n=10, passed=0, pass@1=0.0000
[141/343] n=10, passed=0, pass@1=0.0000
[142/343] n=10, passed=0, pass@1=0.0000
[143/343] n=10, passed=0, pass@1=0.0000
[144/343] n=10, passed=0, pass@1=0.0000
[145/343] n=10, passed=0, pass@1=0.0000
[146/343] n=10, passed=0, pass@1=0.0000
[147/343] n=10, passed=4, pass@1=0.4000
[148/343] n=10, passed=0, pass@1=0.0000
[149/343] n=10, passed=0, pass@1=0.0000
[150/343] n=10, passed=0, pass@1=0.0000
[151/343] n=10, passed=0, pass@1=0.0000
[152/343] n=10, passed=0, pass@1=0.0000
[153/343] n=10, passed=0, pass@1=0.0000
[154/343] n=10, passed=0, pass@1=0.0000
[155/343] n=10, passed=0, pass@1=0.0000
[156/343] n=10, passed=0, pass@1=0.0000
[157/343] n=10, passed=0, pass@1=0.0000
[158/343] n=10, passed=0, pass@1=0.0000
[159/343] n=10, passed=0, pass@1=0.0000
[160/343] n=10, passed=0, pass@1=0.0000
[161/343] n=10, passed=0, pass@1=0.0000
[162/343] n=10, passed=0, pass@1=0.0000
[163/343] n=10, passed=0, pass@1=0.0000
[164/343] n=10, passed=0, pass@1=0.0000
[165/343] n=10, passed=0, pass@1=0.0000
[166/343] n=10, passed=0, pass@1=0.0000
[167/343] n=10, passed=0, pass@1=0.0000
[168/343] n=10, passed=0, pass@1=0.0000
[169/343] n=10, passed=0, pass@1=0.0000
[170/343] n=10, passed=0, pass@1=0.0000
[171/343] n=10, passed=0, pass@1=0.0000
[172/343] n=10, passed=0, pass@1=0.0000
[173/343] n=10, passed=0, pass@1=0.0000
[174/343] n=10, passed=9, pass@1=0.9000
[175/343] n=10, passed=0, pass@1=0.0000
[176/343] n=10, passed=0, pass@1=0.0000
[177/343] n=10, passed=0, pass@1=0.0000
[178/343] n=10, passed=0, pass@1=0.0000
[179/343] n=10, passed=0, pass@1=0.0000
[180/343] n=10, passed=0, pass@1=0.0000
[181/343] n=10, passed=0, pass@1=0.0000
[182/343] n=10, passed=3, pass@1=0.3000
[183/343] n=10, passed=0, pass@1=0.0000
[184/343] n=10, passed=0, pass@1=0.0000
[185/343] n=10, passed=0, pass@1=0.0000
[186/343] n=10, passed=0, pass@1=0.0000
[187/343] n=10, passed=0, pass@1=0.0000
[188/343] n=10, passed=0, pass@1=0.0000
[189/343] n=10, passed=0, pass@1=0.0000
[190/343] n=10, passed=0, pass@1=0.0000
[191/343] n=10, passed=0, pass@1=0.0000
[192/343] n=10, passed=9, pass@1=0.9000
[193/343] n=10, passed=0, pass@1=0.0000
[194/343] n=10, passed=0, pass@1=0.0000
[195/343] n=10, passed=0, pass@1=0.0000
[196/343] n=10, passed=0, pass@1=0.0000
[197/343] n=10, passed=1, pass@1=0.1000
[198/343] n=10, passed=0, pass@1=0.0000
[199/343] n=10, passed=0, pass@1=0.0000
[200/343] n=10, passed=0, pass@1=0.0000
[201/343] n=10, passed=0, pass@1=0.0000
[202/343] n=10, passed=0, pass@1=0.0000
[203/343] n=10, passed=0, pass@1=0.0000
[204/343] n=10, passed=7, pass@1=0.7000
[205/343] n=10, passed=0, pass@1=0.0000
[206/343] n=10, passed=0, pass@1=0.0000
[207/343] n=10, passed=0, pass@1=0.0000
[208/343] n=10, passed=0, pass@1=0.0000
[209/343] n=10, passed=0, pass@1=0.0000
[210/343] n=10, passed=0, pass@1=0.0000
[211/343] n=10, passed=0, pass@1=0.0000
[212/343] n=10, passed=0, pass@1=0.0000
[213/343] n=10, passed=0, pass@1=0.0000
[214/343] n=10, passed=0, pass@1=0.0000
[215/343] n=10, passed=0, pass@1=0.0000
[216/343] n=10, passed=0, pass@1=0.0000
[217/343] n=10, passed=0, pass@1=0.0000
[218/343] n=10, passed=0, pass@1=0.0000
[219/343] n=10, passed=0, pass@1=0.0000
[220/343] n=10, passed=0, pass@1=0.0000
[221/343] n=10, passed=0, pass@1=0.0000
[222/343] n=10, passed=0, pass@1=0.0000
[223/343] n=10, passed=0, pass@1=0.0000
[224/343] n=10, passed=5, pass@1=0.5000
[225/343] n=10, passed=0, pass@1=0.0000
[226/343] n=10, passed=0, pass@1=0.0000
[227/343] n=10, passed=0, pass@1=0.0000
[228/343] n=10, passed=0, pass@1=0.0000
[229/343] n=10, passed=0, pass@1=0.0000
[230/343] n=10, passed=0, pass@1=0.0000
[231/343] n=10, passed=0, pass@1=0.0000
[232/343] n=10, passed=0, pass@1=0.0000
[233/343] n=10, passed=0, pass@1=0.0000
[234/343] n=10, passed=0, pass@1=0.0000
[235/343] n=10, passed=3, pass@1=0.3000
[236/343] n=10, passed=0, pass@1=0.0000
[237/343] n=10, passed=0, pass@1=0.0000
[238/343] n=10, passed=0, pass@1=0.0000
[239/343] n=10, passed=0, pass@1=0.0000
[240/343] n=10, passed=0, pass@1=0.0000
[241/343] n=10, passed=0, pass@1=0.0000
[242/343] n=10, passed=0, pass@1=0.0000
[243/343] n=10, passed=0, pass@1=0.0000
[244/343] n=10, passed=0, pass@1=0.0000
[245/343] n=10, passed=0, pass@1=0.0000
[246/343] n=10, passed=0, pass@1=0.0000
[247/343] n=10, passed=0, pass@1=0.0000
[248/343] n=10, passed=0, pass@1=0.0000
[249/343] n=10, passed=0, pass@1=0.0000
[250/343] n=10, passed=0, pass@1=0.0000
[251/343] n=10, passed=0, pass@1=0.0000
[252/343] n=10, passed=0, pass@1=0.0000
[253/343] n=10, passed=0, pass@1=0.0000
[254/343] n=10, passed=0, pass@1=0.0000
[255/343] n=10, passed=0, pass@1=0.0000
[256/343] n=10, passed=0, pass@1=0.0000
[257/343] n=10, passed=0, pass@1=0.0000
[258/343] n=10, passed=0, pass@1=0.0000
[259/343] n=10, passed=0, pass@1=0.0000
[260/343] n=10, passed=0, pass@1=0.0000
[261/343] n=10, passed=0, pass@1=0.0000
[262/343] n=10, passed=0, pass@1=0.0000
[263/343] n=10, passed=0, pass@1=0.0000
[264/343] n=10, passed=0, pass@1=0.0000
[265/343] n=10, passed=9, pass@1=0.9000
[266/343] n=10, passed=0, pass@1=0.0000
[267/343] n=10, passed=0, pass@1=0.0000
[268/343] n=10, passed=0, pass@1=0.0000
[269/343] n=10, passed=0, pass@1=0.0000
[270/343] n=10, passed=0, pass@1=0.0000
[271/343] n=10, passed=0, pass@1=0.0000
[272/343] n=10, passed=0, pass@1=0.0000
[273/343] n=10, passed=0, pass@1=0.0000
[274/343] n=10, passed=0, pass@1=0.0000
[275/343] n=10, passed=0, pass@1=0.0000
[276/343] n=10, passed=1, pass@1=0.1000
[277/343] n=10, passed=0, pass@1=0.0000
[278/343] n=10, passed=0, pass@1=0.0000
[279/343] n=10, passed=0, pass@1=0.0000
[280/343] n=10, passed=0, pass@1=0.0000
[281/343] n=10, passed=0, pass@1=0.0000
[282/343] n=10, passed=0, pass@1=0.0000
[283/343] n=10, passed=0, pass@1=0.0000
[284/343] n=10, passed=0, pass@1=0.0000
[285/343] n=10, passed=0, pass@1=0.0000
[286/343] n=10, passed=0, pass@1=0.0000
[287/343] n=10, passed=0, pass@1=0.0000
[288/343] n=10, passed=0, pass@1=0.0000
[289/343] n=10, passed=0, pass@1=0.0000
[290/343] n=10, passed=0, pass@1=0.0000
[291/343] n=10, passed=0, pass@1=0.0000
[292/343] n=10, passed=0, pass@1=0.0000
[293/343] n=10, passed=0, pass@1=0.0000
[294/343] n=10, passed=0, pass@1=0.0000
[295/343] n=10, passed=0, pass@1=0.0000
[296/343] n=10, passed=0, pass@1=0.0000
[297/343] n=10, passed=0, pass@1=0.0000
[298/343] n=10, passed=0, pass@1=0.0000
[299/343] n=10, passed=0, pass@1=0.0000
[300/343] n=10, passed=0, pass@1=0.0000
[301/343] n=10, passed=0, pass@1=0.0000
[302/343] n=10, passed=0, pass@1=0.0000
[303/343] n=10, passed=0, pass@1=0.0000
[304/343] n=10, passed=0, pass@1=0.0000
[305/343] n=10, passed=0, pass@1=0.0000
[306/343] n=10, passed=0, pass@1=0.0000
[307/343] n=10, passed=0, pass@1=0.0000
[308/343] n=10, passed=0, pass@1=0.0000
[309/343] n=10, passed=0, pass@1=0.0000
[310/343] n=10, passed=0, pass@1=0.0000
[311/343] n=10, passed=0, pass@1=0.0000
[312/343] n=10, passed=0, pass@1=0.0000
[313/343] n=10, passed=0, pass@1=0.0000
[314/343] n=10, passed=0, pass@1=0.0000
[315/343] n=10, passed=0, pass@1=0.0000
[316/343] n=10, passed=0, pass@1=0.0000
[317/343] n=10, passed=0, pass@1=0.0000
[318/343] n=10, passed=0, pass@1=0.0000
[319/343] n=10, passed=0, pass@1=0.0000
[320/343] n=10, passed=0, pass@1=0.0000
[321/343] n=10, passed=0, pass@1=0.0000
[322/343] n=10, passed=0, pass@1=0.0000
[323/343] n=10, passed=0, pass@1=0.0000
[324/343] n=10, passed=0, pass@1=0.0000
[325/343] n=10, passed=0, pass@1=0.0000
[326/343] n=10, passed=0, pass@1=0.0000
[327/343] n=10, passed=1, pass@1=0.1000
[328/343] n=10, passed=0, pass@1=0.0000
[329/343] n=10, passed=0, pass@1=0.0000
[330/343] n=10, passed=0, pass@1=0.0000
[331/343] n=10, passed=0, pass@1=0.0000
[332/343] n=10, passed=0, pass@1=0.0000
[333/343] n=10, passed=0, pass@1=0.0000
[334/343] n=10, passed=0, pass@1=0.0000
[335/343] n=10, passed=0, pass@1=0.0000
[336/343] n=10, passed=0, pass@1=0.0000
[337/343] n=10, passed=0, pass@1=0.0000
[338/343] n=10, passed=0, pass@1=0.0000
[339/343] n=10, passed=0, pass@1=0.0000
[340/343] n=10, passed=0, pass@1=0.0000
[341/343] n=10, passed=0, pass@1=0.0000
[342/343] n=10, passed=0, pass@1=0.0000
[343/343] n=10, passed=0, pass@1=0.0000
{
  "pass_at_1": 0.02128279883381924,
  "pass_at_5": 0.045282058401591926,
  "pass_at_10": 0.05539358600583091,
  "total_problems": 343
}

Results summary saved to /workspace/results/sweeps_antigravity/qwen3-8b-base_lora_enc_dec_r64_5e6_gcb_a128_arm64v21_s42_prefix_no_gine_regions16.json

Compiling candidate-level metrics to CSV: /workspace/results/sweeps_antigravity/qwen3-8b-base_lora_enc_dec_r64_5e6_gcb_a128_arm64v21_s42_prefix_no_gine_regions16_compile_stats.csv ...
Using Dart binary: /home/zeus/dart-sdk/bin/dart
Stats CSV workers=64

stats CSV:   0%|          | 0/343 [00:00<?, ?row/s]
stats CSV:   0%|          | 1/343 [00:17<1:41:17, 17.77s/row]
stats CSV:   1%|          | 3/343 [00:18<28:30,  5.03s/row]  
stats CSV:   2%|▏         | 6/343 [00:49<45:57,  8.18s/row]
stats CSV:   7%|▋         | 25/343 [00:51<07:02,  1.33s/row]
stats CSV:  11%|█         | 37/343 [00:53<04:21,  1.17row/s]
stats CSV:  22%|██▏       | 75/343 [01:02<01:55,  2.33row/s]
stats CSV:  36%|███▋      | 125/343 [01:07<00:55,  3.91row/s]
stats CSV:  37%|███▋      | 126/343 [01:09<01:01,  3.55row/s]
stats CSV:  38%|███▊      | 131/343 [01:12<01:03,  3.35row/s]
stats CSV:  43%|████▎     | 147/343 [01:25<01:31,  2.15row/s]
stats CSV:  51%|█████     | 174/343 [01:52<01:57,  1.44row/s]
stats CSV:  56%|█████▌    | 191/343 [02:12<02:07,  1.20row/s]
stats CSV:  56%|█████▌    | 192/343 [02:19<02:26,  1.03row/s]
stats CSV:  70%|██████▉   | 240/343 [02:22<00:43,  2.38row/s]
stats CSV:  76%|███████▋  | 262/343 [02:39<00:41,  1.93row/s]
stats CSV:  79%|███████▊  | 270/343 [02:40<00:34,  2.12row/s]
stats CSV:  83%|████████▎ | 283/343 [02:46<00:28,  2.13row/s]
stats CSV:  99%|█████████▉| 341/343 [02:59<00:00,  3.10row/s]
stats CSV: 100%|██████████| 343/343 [02:59<00:00,  1.91row/s]
Successfully compiled per-problem statistics to: /workspace/results/sweeps_antigravity/qwen3-8b-base_lora_enc_dec_r64_5e6_gcb_a128_arm64v21_s42_prefix_no_gine_regions16_compile_stats.csv

Reusing aligned candidate-level statistics: /workspace/results/sweeps_antigravity/qwen3-8b-base_lora_enc_dec_r64_5e6_gcb_a128_arm64v21_s42_prefix_no_gine_regions16_pass_stats.csv
HF upload complete: raafatabualazm/antigravity-qwen3-8b-artifacts/results/qwen3-8b-base_lora_enc_dec_r64_5e6_gcb_a128_arm64v21_s42_prefix_no_gine_regions16_compile_predictions.json
HF upload complete: raafatabualazm/antigravity-qwen3-8b-artifacts/results/qwen3-8b-base_lora_enc_dec_r64_5e6_gcb_a128_arm64v21_s42_prefix_no_gine_regions16_pass_predictions.json
HF upload complete: raafatabualazm/antigravity-qwen3-8b-artifacts/results/sweeps_antigravity/qwen3-8b-base_lora_enc_dec_r64_5e6_gcb_a128_arm64v21_s42_prefix_no_gine_regions16.json
HF upload complete: raafatabualazm/antigravity-qwen3-8b-artifacts/results/sweeps_antigravity/qwen3-8b-base_lora_enc_dec_r64_5e6_gcb_a128_arm64v21_s42_prefix_no_gine_regions16_compile_stats.csv
HF upload complete: raafatabualazm/antigravity-qwen3-8b-artifacts/results/sweeps_antigravity/qwen3-8b-base_lora_enc_dec_r64_5e6_gcb_a128_arm64v21_s42_prefix_no_gine_regions16_pass_stats.csv
