/workspace/hybrid_training_patch_v2_3/scripts/preprocessing/build_t5gemma2_typed_api_visible_split.py: OK
/workspace/hybrid_training_patch_v2_3/scripts/training/t5gemma2_typed_visible_failure_projection.py: OK
/workspace/hybrid_training_patch_v2_3/scripts/training/t5gemma2_typed_api_rescue_cascade.py: OK
/workspace/multifunction_v1/expanded2776/build/train_multifunction_binary_expanded_2776.jsonl: OK
/workspace/multifunction_v1/expanded2776/build/train_multifunction_binary_expanded_2776_f2.jsonl: OK
/workspace/multifunction_v1/build/dev_multifunction_binary.jsonl: OK
/workspace/artifacts/t5gemma2_typed_local_direct_harvest_rs58_k4_v1/harvest_report.json: OK
/workspace/artifacts/t5gemma2_typed_local_direct_harvest_rs58_k4_v1/harvest.journal.jsonl: OK
/workspace/artifacts/t5gemma2_typed_local_direct_harvest_rs58_k4_v1/direct_targets.jsonl: OK
/workspace/artifacts/t5gemma2_4b4b_typed_direct_rs_sft_225_v1/dataset_manifest.json: OK
{"task": 1, "task_id": "sigless_843e7f29588f", "tasks": 2550, "visible_unique_passes": 0}
{"task": 2, "task_id": "sigless_eb7c1fd303d8", "tasks": 2550, "visible_unique_passes": 3}
{"task": 3, "task_id": "fresh-eval-dd145ba8583e", "tasks": 2550, "visible_unique_passes": 0}
{"task": 4, "task_id": "fresh-eval-7dce8db15eea", "tasks": 2550, "visible_unique_passes": 0}
{"task": 5, "task_id": "sigless_298bba1a9323", "tasks": 2550, "visible_unique_passes": 0}
{"task": 6, "task_id": "fresh-eval-407a8ec6122c", "tasks": 2550, "visible_unique_passes": 0}
{"task": 7, "task_id": "sigless_4b5d0d625c7a", "tasks": 2550, "visible_unique_passes": 0}
{"task": 8, "task_id": "fresh-eval-8a7c2b2744fb", "tasks": 2550, "visible_unique_passes": 0}
{"task": 9, "task_id": "fresh-eval-c191b1a781b7", "tasks": 2550, "visible_unique_passes": 0}
{"task": 10, "task_id": "sigless_1699627ab40d", "tasks": 2550, "visible_unique_passes": 0}
{"task": 11, "task_id": "sigless_213fc2bb261b", "tasks": 2550, "visible_unique_passes": 2}
{"task": 12, "task_id": "fresh-eval-6a4321b029c0", "tasks": 2550, "visible_unique_passes": 0}
{"task": 13, "task_id": "fresh-eval-571d2a57ed7d", "tasks": 2550, "visible_unique_passes": 0}
{"task": 14, "task_id": "sigless_5924af15138d", "tasks": 2550, "visible_unique_passes": 1}
{"task": 15, "task_id": "sigless_76c13a325358", "tasks": 2550, "visible_unique_passes": 0}
{"task": 16, "task_id": "sigless_4389d86f1a06", "tasks": 2550, "visible_unique_passes": 0}
{"task": 17, "task_id": "sigless_32cbc94d1c33", "tasks": 2550, "visible_unique_passes": 1}
{"task": 18, "task_id": "sigless_80ddd55c9870", "tasks": 2550, "visible_unique_passes": 0}
{"task": 19, "task_id": "fresh-eval-2f206ecd3c72", "tasks": 2550, "visible_unique_passes": 2}
{"task": 20, "task_id": "sigless_6059c2556f0a", "tasks": 2550, "visible_unique_passes": 0}
{"task": 21, "task_id": "fresh-eval-0cda103ab439", "tasks": 2550, "visible_unique_passes": 0}
{"task": 22, "task_id": "sigless_e81ac4c1ff2c", "tasks": 2550, "visible_unique_passes": 0}
{"task": 23, "task_id": "sigless_39bc5ee73822", "tasks": 2550, "visible_unique_passes": 0}
{"task": 24, "task_id": "fresh-eval-9c97701c3e3d", "tasks": 2550, "visible_unique_passes": 0}
{"task": 25, "task_id": "fresh-eval-e649ea1bbfba", "tasks": 2550, "visible_unique_passes": 1}
{"task": 26, "task_id": "fresh-eval-dfbb53b5c9a6", "tasks": 2550, "visible_unique_passes": 0}
{"task": 27, "task_id": "sigless_574f0e5c20e4", "tasks": 2550, "visible_unique_passes": 1}
{"task": 28, "task_id": "sigless_fbf7927487ed", "tasks": 2550, "visible_unique_passes": 0}
{"task": 29, "task_id": "fresh-eval-c413e39d0ce2", "tasks": 2550, "visible_unique_passes": 1}
{"task": 30, "task_id": "sigless_74bb500fd9f7", "tasks": 2550, "visible_unique_passes": 0}
{"task": 31, "task_id": "sigless_4fd2c2dce87b", "tasks": 2550, "visible_unique_passes": 0}
{"task": 32, "task_id": "fresh-eval-be1483bbcb5d", "tasks": 2550, "visible_unique_passes": 0}
{"task": 33, "task_id": "sigless_b96e50595783", "tasks": 2550, "visible_unique_passes": 0}
{"task": 34, "task_id": "sigless_a1c2066f0eb8", "tasks": 2550, "visible_unique_passes": 0}
{"task": 35, "task_id": "fresh-eval-3474b61f80c5", "tasks": 2550, "visible_unique_passes": 0}
{"task": 36, "task_id": "sigless_955e5b90afcd", "tasks": 2550, "visible_unique_passes": 4}
{"task": 37, "task_id": "sigless_fbfcf8fb856b", "tasks": 2550, "visible_unique_passes": 2}
{"task": 38, "task_id": "sigless_ac7e5f1d9830", "tasks": 2550, "visible_unique_passes": 0}
{"task": 39, "task_id": "sigless_557348c6591e", "tasks": 2550, "visible_unique_passes": 0}
{"task": 40, "task_id": "sigless_63a2947d5d69", "tasks": 2550, "visible_unique_passes": 0}
{"task": 41, "task_id": "sigless_89f17c985506", "tasks": 2550, "visible_unique_passes": 0}
{"task": 42, "task_id": "sigless_704a38ed6e57", "tasks": 2550, "visible_unique_passes": 1}
{"task": 43, "task_id": "sigless_d608fc698ae8", "tasks": 2550, "visible_unique_passes": 0}
{"task": 44, "task_id": "sigless_eb2688fbe445", "tasks": 2550, "visible_unique_passes": 4}
{"task": 45, "task_id": "sigless_dbad8c29b1f5", "tasks": 2550, "visible_unique_passes": 0}
{"task": 46, "task_id": "sigless_81b37bb80e50", "tasks": 2550, "visible_unique_passes": 0}
{"task": 47, "task_id": "fresh-eval-bfed0c8999b4", "tasks": 2550, "visible_unique_passes": 0}
{"task": 48, "task_id": "fresh-eval-858ac3fed508", "tasks": 2550, "visible_unique_passes": 0}
{"task": 49, "task_id": "sigless_9b1cfd89a614", "tasks": 2550, "visible_unique_passes": 4}
{"task": 50, "task_id": "sigless_d4f1cb23bd7d", "tasks": 2550, "visible_unique_passes": 0}
{"task": 51, "task_id": "fresh-eval-39e00cf2632a", "tasks": 2550, "visible_unique_passes": 0}
{"task": 52, "task_id": "sigless_3d2fb5109b32", "tasks": 2550, "visible_unique_passes": 0}
{"task": 53, "task_id": "sigless_690b5b46fa1c", "tasks": 2550, "visible_unique_passes": 0}
{"task": 54, "task_id": "sigless_8c4a598f53c2", "tasks": 2550, "visible_unique_passes": 1}
{"task": 55, "task_id": "fresh-eval-69e3d41844dd", "tasks": 2550, "visible_unique_passes": 0}
{"task": 56, "task_id": "fresh-eval-c09d44abf36a", "tasks": 2550, "visible_unique_passes": 0}
{"task": 57, "task_id": "sigless_c1cca0d0c5c6", "tasks": 2550, "visible_unique_passes": 0}
{"task": 58, "task_id": "sigless_e48c4e2c7edc", "tasks": 2550, "visible_unique_passes": 0}
{"task": 59, "task_id": "sigless_6af9fceb80e8", "tasks": 2550, "visible_unique_passes": 3}
{"task": 60, "task_id": "fresh-eval-afe13e5d6848", "tasks": 2550, "visible_unique_passes": 0}
{"task": 61, "task_id": "sigless_c1a31fa4592f", "tasks": 2550, "visible_unique_passes": 1}
{"task": 62, "task_id": "fresh-eval-a9d3844a8c93", "tasks": 2550, "visible_unique_passes": 1}
{"task": 63, "task_id": "fresh-eval-bb737b3d1afb", "tasks": 2550, "visible_unique_passes": 0}
{"task": 64, "task_id": "sigless_c74b344ea414", "tasks": 2550, "visible_unique_passes": 0}
{"task": 65, "task_id": "sigless_e79001cf6c91", "tasks": 2550, "visible_unique_passes": 3}
{"task": 66, "task_id": "sigless_d40f759e326c", "tasks": 2550, "visible_unique_passes": 0}
{"task": 67, "task_id": "fresh-eval-b5f2f5683d36", "tasks": 2550, "visible_unique_passes": 0}
{"task": 68, "task_id": "fresh-eval-d78181441539", "tasks": 2550, "visible_unique_passes": 0}
{"task": 69, "task_id": "sigless_0c6f2eaae053", "tasks": 2550, "visible_unique_passes": 0}
{"task": 70, "task_id": "fresh-eval-98302fdf95f1", "tasks": 2550, "visible_unique_passes": 0}
{"task": 71, "task_id": "sigless_51de9c248228", "tasks": 2550, "visible_unique_passes": 0}
{"task": 72, "task_id": "sigless_e469f0b29c0a", "tasks": 2550, "visible_unique_passes": 0}
{"task": 73, "task_id": "sigless_86706387733e", "tasks": 2550, "visible_unique_passes": 0}
{"task": 74, "task_id": "sigless_e2a7dcd25afe", "tasks": 2550, "visible_unique_passes": 0}
{"task": 75, "task_id": "fresh-eval-a097b4ef3c0c", "tasks": 2550, "visible_unique_passes": 0}
{"task": 76, "task_id": "sigless_2bc74dda6db2", "tasks": 2550, "visible_unique_passes": 0}
{"task": 77, "task_id": "sigless_d99739d41cf9", "tasks": 2550, "visible_unique_passes": 0}
{"task": 78, "task_id": "fresh-eval-8296572a2f1b", "tasks": 2550, "visible_unique_passes": 0}
{"task": 79, "task_id": "sigless_b5cb3f9f2d41", "tasks": 2550, "visible_unique_passes": 0}
{"task": 80, "task_id": "fresh-eval-da4dad65bf68", "tasks": 2550, "visible_unique_passes": 0}
{"task": 81, "task_id": "fresh-eval-2800dd3192dd", "tasks": 2550, "visible_unique_passes": 0}
{"task": 82, "task_id": "sigless_715c7ec145b2", "tasks": 2550, "visible_unique_passes": 0}
{"task": 83, "task_id": "sigless_b5fab9a7fa6a", "tasks": 2550, "visible_unique_passes": 0}
{"task": 84, "task_id": "sigless_86b750a18634", "tasks": 2550, "visible_unique_passes": 0}
{"task": 85, "task_id": "sigless_aeeab7ebb616", "tasks": 2550, "visible_unique_passes": 0}
{"task": 86, "task_id": "sigless_c7fd8134d058", "tasks": 2550, "visible_unique_passes": 0}
{"task": 87, "task_id": "fresh-eval-6b8b97ee2655", "tasks": 2550, "visible_unique_passes": 0}
{"task": 88, "task_id": "sigless_6b7e2532e6de", "tasks": 2550, "visible_unique_passes": 2}
{"task": 89, "task_id": "fresh-eval-e0cf90b45984", "tasks": 2550, "visible_unique_passes": 0}
{"task": 90, "task_id": "sigless_e64a49e06b0f", "tasks": 2550, "visible_unique_passes": 0}
{"task": 91, "task_id": "sigless_5e09beb70d6b", "tasks": 2550, "visible_unique_passes": 0}
{"task": 92, "task_id": "sigless_2a8674ba4eac", "tasks": 2550, "visible_unique_passes": 1}
{"task": 93, "task_id": "sigless_5ef01b4278b3", "tasks": 2550, "visible_unique_passes": 0}
{"task": 94, "task_id": "sigless_a72f93fa1ad3", "tasks": 2550, "visible_unique_passes": 0}
{"task": 95, "task_id": "sigless_a180f95ee3b6", "tasks": 2550, "visible_unique_passes": 0}
{"task": 96, "task_id": "fresh-eval-6cc433f34bed", "tasks": 2550, "visible_unique_passes": 0}
{"task": 97, "task_id": "fresh-eval-323a0583d248", "tasks": 2550, "visible_unique_passes": 0}
{"task": 98, "task_id": "sigless_1a4d8e08efe7", "tasks": 2550, "visible_unique_passes": 0}
{"task": 99, "task_id": "fresh-eval-afe7e339e3e2", "tasks": 2550, "visible_unique_passes": 0}
{"task": 100, "task_id": "fresh-eval-60c2bcfe24e4", "tasks": 2550, "visible_unique_passes": 0}
{"task": 101, "task_id": "sigless_61ecbe80369a", "tasks": 2550, "visible_unique_passes": 0}
{"task": 102, "task_id": "sigless_d5000f24b202", "tasks": 2550, "visible_unique_passes": 4}
{"task": 103, "task_id": "sigless_209ce932bb60", "tasks": 2550, "visible_unique_passes": 0}
{"task": 104, "task_id": "sigless_46362f9b28ab", "tasks": 2550, "visible_unique_passes": 0}
{"task": 105, "task_id": "sigless_4398c6e43900", "tasks": 2550, "visible_unique_passes": 0}
{"task": 106, "task_id": "fresh-eval-bc74f5897f24", "tasks": 2550, "visible_unique_passes": 0}
{"task": 107, "task_id": "sigless_b278cfa1a1bc", "tasks": 2550, "visible_unique_passes": 0}
{"task": 108, "task_id": "fresh-eval-805b106888cc", "tasks": 2550, "visible_unique_passes": 0}
{"task": 109, "task_id": "fresh-eval-b19278493dd5", "tasks": 2550, "visible_unique_passes": 0}
{"task": 110, "task_id": "sigless_fb3e17ee0c3a", "tasks": 2550, "visible_unique_passes": 0}
{"task": 111, "task_id": "sigless_6087e05a8ced", "tasks": 2550, "visible_unique_passes": 0}
{"task": 112, "task_id": "sigless_1d373a9f5ebf", "tasks": 2550, "visible_unique_passes": 0}
{"task": 113, "task_id": "fresh-eval-7bb1f482213d", "tasks": 2550, "visible_unique_passes": 0}
{"task": 114, "task_id": "sigless_2e2c6b473482", "tasks": 2550, "visible_unique_passes": 4}
{"task": 115, "task_id": "sigless_84fac23a0ac2", "tasks": 2550, "visible_unique_passes": 0}
{"task": 116, "task_id": "sigless_35bd6e60af40", "tasks": 2550, "visible_unique_passes": 0}
{"task": 117, "task_id": "fresh-eval-83f901936496", "tasks": 2550, "visible_unique_passes": 0}
{"task": 118, "task_id": "fresh-eval-553007006a73", "tasks": 2550, "visible_unique_passes": 0}
{"task": 119, "task_id": "sigless_9e31dab51a51", "tasks": 2550, "visible_unique_passes": 0}
{"task": 120, "task_id": "sigless_aad2118e9750", "tasks": 2550, "visible_unique_passes": 0}
{"task": 121, "task_id": "fresh-eval-83a7a59af356", "tasks": 2550, "visible_unique_passes": 0}
{"task": 122, "task_id": "fresh-eval-0eeafdf13fc2", "tasks": 2550, "visible_unique_passes": 0}
{"task": 123, "task_id": "sigless_9fef6df6e672", "tasks": 2550, "visible_unique_passes": 0}
{"task": 124, "task_id": "fresh-eval-66f0b3781ce8", "tasks": 2550, "visible_unique_passes": 0}
{"task": 125, "task_id": "sigless_8789556b1885", "tasks": 2550, "visible_unique_passes": 0}
{"task": 126, "task_id": "fresh-eval-6697c373d83a", "tasks": 2550, "visible_unique_passes": 0}
{"task": 127, "task_id": "sigless_97dcfe9fe4f5", "tasks": 2550, "visible_unique_passes": 0}
{"task": 128, "task_id": "sigless_7665842201ad", "tasks": 2550, "visible_unique_passes": 0}
{"task": 129, "task_id": "fresh-eval-a1b3616c2878", "tasks": 2550, "visible_unique_passes": 0}
{"task": 130, "task_id": "fresh-eval-e32209aa6841", "tasks": 2550, "visible_unique_passes": 0}
{"task": 131, "task_id": "sigless_335d5ceec1af", "tasks": 2550, "visible_unique_passes": 0}
{"task": 132, "task_id": "sigless_121875db1e91", "tasks": 2550, "visible_unique_passes": 2}
{"task": 133, "task_id": "sigless_9fac3f3ee538", "tasks": 2550, "visible_unique_passes": 0}
{"task": 134, "task_id": "fresh-eval-33ce70393c83", "tasks": 2550, "visible_unique_passes": 0}
{"task": 135, "task_id": "sigless_5fe36c70fdb4", "tasks": 2550, "visible_unique_passes": 0}
{"task": 136, "task_id": "sigless_1a0508342c42", "tasks": 2550, "visible_unique_passes": 0}
{"task": 137, "task_id": "sigless_5fe7bc45ffb6", "tasks": 2550, "visible_unique_passes": 0}
{"task": 138, "task_id": "fresh-eval-839097506f7a", "tasks": 2550, "visible_unique_passes": 0}
{"task": 139, "task_id": "fresh-eval-2d06d1987648", "tasks": 2550, "visible_unique_passes": 0}
{"task": 140, "task_id": "sigless_dfc03b6791ce", "tasks": 2550, "visible_unique_passes": 4}
{"task": 141, "task_id": "fresh-eval-92774b2d26f4", "tasks": 2550, "visible_unique_passes": 0}
{"task": 142, "task_id": "sigless_de6a5acac393", "tasks": 2550, "visible_unique_passes": 0}
{"task": 143, "task_id": "fresh-eval-d1c2e51de8bd", "tasks": 2550, "visible_unique_passes": 0}
{"task": 144, "task_id": "fresh-eval-3303b79a7c15", "tasks": 2550, "visible_unique_passes": 0}
{"task": 145, "task_id": "fresh-eval-352bce75b1cb", "tasks": 2550, "visible_unique_passes": 0}
{"task": 146, "task_id": "sigless_374e9dbb1380", "tasks": 2550, "visible_unique_passes": 1}
{"task": 147, "task_id": "fresh-eval-c8483a96da1d", "tasks": 2550, "visible_unique_passes": 0}
{"task": 148, "task_id": "sigless_aa78c1454979", "tasks": 2550, "visible_unique_passes": 0}
{"task": 149, "task_id": "sigless_72883f187054", "tasks": 2550, "visible_unique_passes": 0}
{"task": 150, "task_id": "sigless_bd944de32ae2", "tasks": 2550, "visible_unique_passes": 0}
{"task": 151, "task_id": "sigless_6ca3db557f4a", "tasks": 2550, "visible_unique_passes": 0}
{"task": 152, "task_id": "sigless_6f18fdb8a164", "tasks": 2550, "visible_unique_passes": 2}
{"task": 153, "task_id": "sigless_47bcbc22b960", "tasks": 2550, "visible_unique_passes": 0}
{"task": 154, "task_id": "sigless_a8e53f0d8a5f", "tasks": 2550, "visible_unique_passes": 0}
{"task": 155, "task_id": "sigless_5007e0787104", "tasks": 2550, "visible_unique_passes": 0}
{"task": 156, "task_id": "fresh-eval-5aa602bff466", "tasks": 2550, "visible_unique_passes": 0}
{"task": 157, "task_id": "sigless_a080c700ad3b", "tasks": 2550, "visible_unique_passes": 1}
{"task": 158, "task_id": "fresh-eval-c311275a0ba7", "tasks": 2550, "visible_unique_passes": 0}
{"task": 159, "task_id": "sigless_77c45375c83f", "tasks": 2550, "visible_unique_passes": 0}
{"task": 160, "task_id": "fresh-eval-f44776c62622", "tasks": 2550, "visible_unique_passes": 0}
{"task": 161, "task_id": "fresh-eval-b8c960441780", "tasks": 2550, "visible_unique_passes": 0}
{"task": 162, "task_id": "fresh-eval-cb60ff1a036e", "tasks": 2550, "visible_unique_passes": 0}
{"task": 163, "task_id": "sigless_2714a082e217", "tasks": 2550, "visible_unique_passes": 0}
{"task": 164, "task_id": "sigless_225e7bab061d", "tasks": 2550, "visible_unique_passes": 0}
{"task": 165, "task_id": "fresh-eval-c95767b4a2bd", "tasks": 2550, "visible_unique_passes": 0}
{"task": 166, "task_id": "fresh-eval-d21f01a98559", "tasks": 2550, "visible_unique_passes": 0}
{"task": 167, "task_id": "fresh-eval-9b9ae22c4c7d", "tasks": 2550, "visible_unique_passes": 0}
{"task": 168, "task_id": "fresh-eval-10abc51c078a", "tasks": 2550, "visible_unique_passes": 0}
{"task": 169, "task_id": "sigless_7a2560c23363", "tasks": 2550, "visible_unique_passes": 0}
{"task": 170, "task_id": "sigless_e79b5e65141e", "tasks": 2550, "visible_unique_passes": 0}
{"task": 171, "task_id": "sigless_7a2f94b2a4cb", "tasks": 2550, "visible_unique_passes": 0}
{"task": 172, "task_id": "sigless_bde9f43aeb8e", "tasks": 2550, "visible_unique_passes": 0}
{"task": 173, "task_id": "sigless_2db028b42b6f", "tasks": 2550, "visible_unique_passes": 0}
{"task": 174, "task_id": "sigless_da776d634e7f", "tasks": 2550, "visible_unique_passes": 0}
{"task": 175, "task_id": "fresh-eval-3b4061919c95", "tasks": 2550, "visible_unique_passes": 0}
{"task": 176, "task_id": "sigless_c6c16b565fb8", "tasks": 2550, "visible_unique_passes": 0}
{"task": 177, "task_id": "sigless_f1f876558a71", "tasks": 2550, "visible_unique_passes": 0}
{"task": 178, "task_id": "sigless_d4328de32368", "tasks": 2550, "visible_unique_passes": 0}
{"task": 179, "task_id": "sigless_62a0336b3763", "tasks": 2550, "visible_unique_passes": 0}
{"task": 180, "task_id": "sigless_543866b934d4", "tasks": 2550, "visible_unique_passes": 0}
{"task": 181, "task_id": "fresh-eval-1bc2ed1fe366", "tasks": 2550, "visible_unique_passes": 0}
{"task": 182, "task_id": "sigless_ecdba1f20916", "tasks": 2550, "visible_unique_passes": 0}
{"task": 183, "task_id": "sigless_5ff58e590f8e", "tasks": 2550, "visible_unique_passes": 0}
{"task": 184, "task_id": "fresh-eval-31b2639dc6a9", "tasks": 2550, "visible_unique_passes": 0}
{"task": 185, "task_id": "sigless_51d6c4641da4", "tasks": 2550, "visible_unique_passes": 2}
{"task": 186, "task_id": "fresh-eval-122c02d97e73", "tasks": 2550, "visible_unique_passes": 0}
{"task": 187, "task_id": "fresh-eval-046615abeb13", "tasks": 2550, "visible_unique_passes": 0}
{"task": 188, "task_id": "sigless_596085856e22", "tasks": 2550, "visible_unique_passes": 0}
{"task": 189, "task_id": "sigless_f714c35fac58", "tasks": 2550, "visible_unique_passes": 0}
{"task": 190, "task_id": "fresh-eval-837fea7951a8", "tasks": 2550, "visible_unique_passes": 0}
{"task": 191, "task_id": "fresh-eval-047f5d7f1ae0", "tasks": 2550, "visible_unique_passes": 0}
{"task": 192, "task_id": "fresh-eval-b7d669d4a006", "tasks": 2550, "visible_unique_passes": 1}
{"task": 193, "task_id": "sigless_c60167bc8ff6", "tasks": 2550, "visible_unique_passes": 0}
{"task": 194, "task_id": "sigless_df68c8f73970", "tasks": 2550, "visible_unique_passes": 4}
{"task": 195, "task_id": "sigless_2702567b685b", "tasks": 2550, "visible_unique_passes": 0}
{"task": 196, "task_id": "sigless_5674ae7f919c", "tasks": 2550, "visible_unique_passes": 3}
{"task": 197, "task_id": "sigless_462653facfc9", "tasks": 2550, "visible_unique_passes": 0}
{"task": 198, "task_id": "sigless_bef2e2baa600", "tasks": 2550, "visible_unique_passes": 0}
{"task": 199, "task_id": "fresh-eval-1049804b7011", "tasks": 2550, "visible_unique_passes": 0}
{"task": 200, "task_id": "fresh-eval-141127c3521f", "tasks": 2550, "visible_unique_passes": 0}
{"task": 201, "task_id": "sigless_7b31da914133", "tasks": 2550, "visible_unique_passes": 0}
{"task": 202, "task_id": "sigless_4c7e01a433ab", "tasks": 2550, "visible_unique_passes": 0}
{"task": 203, "task_id": "sigless_5df5e3704dc8", "tasks": 2550, "visible_unique_passes": 0}
{"task": 204, "task_id": "fresh-eval-a50193395359", "tasks": 2550, "visible_unique_passes": 0}
{"task": 205, "task_id": "fresh-eval-4cf376fb9298", "tasks": 2550, "visible_unique_passes": 0}
{"task": 206, "task_id": "sigless_4cd3735945ef", "tasks": 2550, "visible_unique_passes": 0}
{"task": 207, "task_id": "fresh-eval-b5550eb08b8b", "tasks": 2550, "visible_unique_passes": 0}
{"task": 208, "task_id": "sigless_7a419ff2ac73", "tasks": 2550, "visible_unique_passes": 0}
{"task": 209, "task_id": "sigless_8eb7e2c7ce95", "tasks": 2550, "visible_unique_passes": 0}
{"task": 210, "task_id": "sigless_0b19a9a5c674", "tasks": 2550, "visible_unique_passes": 0}
{"task": 211, "task_id": "sigless_013d51913266", "tasks": 2550, "visible_unique_passes": 0}
{"task": 212, "task_id": "sigless_77083497f4ca", "tasks": 2550, "visible_unique_passes": 0}
{"task": 213, "task_id": "sigless_c59764b814bb", "tasks": 2550, "visible_unique_passes": 0}
{"task": 214, "task_id": "fresh-eval-178153118a89", "tasks": 2550, "visible_unique_passes": 0}
{"task": 215, "task_id": "fresh-eval-078ad8a7ba3f", "tasks": 2550, "visible_unique_passes": 0}
{"task": 216, "task_id": "sigless_5762cc9e273e", "tasks": 2550, "visible_unique_passes": 0}
{"task": 217, "task_id": "sigless_379c83cb1f2c", "tasks": 2550, "visible_unique_passes": 0}
{"task": 218, "task_id": "sigless_bde09b4fe716", "tasks": 2550, "visible_unique_passes": 0}
{"task": 219, "task_id": "fresh-eval-2db5c428aa7a", "tasks": 2550, "visible_unique_passes": 0}
{"task": 220, "task_id": "sigless_8062cd680b98", "tasks": 2550, "visible_unique_passes": 0}
{"task": 221, "task_id": "sigless_e4b4f97ba66f", "tasks": 2550, "visible_unique_passes": 0}
{"task": 222, "task_id": "sigless_c2416805fabe", "tasks": 2550, "visible_unique_passes": 0}
{"task": 223, "task_id": "fresh-eval-247df66b85fd", "tasks": 2550, "visible_unique_passes": 0}
{"task": 224, "task_id": "fresh-eval-eee81e7b76e0", "tasks": 2550, "visible_unique_passes": 0}
{"task": 225, "task_id": "sigless_275a97d955a0", "tasks": 2550, "visible_unique_passes": 0}
{"task": 226, "task_id": "fresh-eval-d40bdbb24bb6", "tasks": 2550, "visible_unique_passes": 0}
{"task": 227, "task_id": "sigless_42a1f04378b2", "tasks": 2550, "visible_unique_passes": 0}
{"task": 228, "task_id": "sigless_f087ebc9516f", "tasks": 2550, "visible_unique_passes": 0}
{"task": 229, "task_id": "sigless_a944a8a7f573", "tasks": 2550, "visible_unique_passes": 0}
{"task": 230, "task_id": "sigless_bf42b7800acf", "tasks": 2550, "visible_unique_passes": 0}
{"task": 231, "task_id": "sigless_2506f74a7a44", "tasks": 2550, "visible_unique_passes": 0}
{"task": 232, "task_id": "sigless_fc157a93d029", "tasks": 2550, "visible_unique_passes": 0}
{"task": 233, "task_id": "sigless_e5fa5974ba3e", "tasks": 2550, "visible_unique_passes": 0}
{"task": 234, "task_id": "sigless_16b9d860b264", "tasks": 2550, "visible_unique_passes": 0}
{"task": 235, "task_id": "fresh-eval-e59ed2c31c0b", "tasks": 2550, "visible_unique_passes": 0}
{"task": 236, "task_id": "fresh-eval-3e5a1287b4cc", "tasks": 2550, "visible_unique_passes": 0}
{"task": 237, "task_id": "sigless_1411951dfcee", "tasks": 2550, "visible_unique_passes": 2}
{"task": 238, "task_id": "fresh-eval-b43c124fd422", "tasks": 2550, "visible_unique_passes": 0}
{"task": 239, "task_id": "sigless_037a83cfa693", "tasks": 2550, "visible_unique_passes": 0}
{"task": 240, "task_id": "sigless_dcb9ce819729", "tasks": 2550, "visible_unique_passes": 0}
{"task": 241, "task_id": "fresh-eval-82523069ca1c", "tasks": 2550, "visible_unique_passes": 0}
{"task": 242, "task_id": "fresh-eval-3113fc5a2be4", "tasks": 2550, "visible_unique_passes": 1}
{"task": 243, "task_id": "sigless_3cfd5b8ccf52", "tasks": 2550, "visible_unique_passes": 0}
{"task": 244, "task_id": "sigless_3246dfeb7fff", "tasks": 2550, "visible_unique_passes": 0}
{"task": 245, "task_id": "sigless_76f885fdf899", "tasks": 2550, "visible_unique_passes": 0}
{"task": 246, "task_id": "fresh-eval-fb3cbed892c0", "tasks": 2550, "visible_unique_passes": 0}
{"task": 247, "task_id": "sigless_4431602e7900", "tasks": 2550, "visible_unique_passes": 0}
{"task": 248, "task_id": "sigless_e29643fbaf7a", "tasks": 2550, "visible_unique_passes": 0}
{"task": 249, "task_id": "sigless_24891ee6efde", "tasks": 2550, "visible_unique_passes": 3}
{"task": 250, "task_id": "sigless_ea5aed26d55f", "tasks": 2550, "visible_unique_passes": 0}
{"task": 251, "task_id": "sigless_56ad9ca1cec6", "tasks": 2550, "visible_unique_passes": 0}
{"task": 252, "task_id": "fresh-eval-65b6ef3c5fca", "tasks": 2550, "visible_unique_passes": 0}
{"task": 253, "task_id": "sigless_4523c169c47b", "tasks": 2550, "visible_unique_passes": 0}
{"task": 254, "task_id": "sigless_e4c04619ac60", "tasks": 2550, "visible_unique_passes": 0}
{"task": 255, "task_id": "fresh-eval-818e1bc20fa9", "tasks": 2550, "visible_unique_passes": 0}
{"task": 256, "task_id": "sigless_3518a36dafdb", "tasks": 2550, "visible_unique_passes": 0}
{"task": 257, "task_id": "sigless_f4242b9e4116", "tasks": 2550, "visible_unique_passes": 0}
{"task": 258, "task_id": "sigless_47b94bac6f86", "tasks": 2550, "visible_unique_passes": 0}
{"task": 259, "task_id": "fresh-eval-cf2e1a495264", "tasks": 2550, "visible_unique_passes": 0}
{"task": 260, "task_id": "sigless_5a999462cbea", "tasks": 2550, "visible_unique_passes": 0}
{"task": 261, "task_id": "sigless_a98bf56871d5", "tasks": 2550, "visible_unique_passes": 0}
{"task": 262, "task_id": "sigless_7c692ff41d8b", "tasks": 2550, "visible_unique_passes": 0}
{"task": 263, "task_id": "sigless_e45852ef8453", "tasks": 2550, "visible_unique_passes": 0}
{"task": 264, "task_id": "sigless_ea3cee24023a", "tasks": 2550, "visible_unique_passes": 0}
{"task": 265, "task_id": "fresh-eval-1920896238c3", "tasks": 2550, "visible_unique_passes": 0}
{"task": 266, "task_id": "sigless_6a33bb1a672e", "tasks": 2550, "visible_unique_passes": 0}
{"task": 267, "task_id": "sigless_2e52f7ff3934", "tasks": 2550, "visible_unique_passes": 0}
{"task": 268, "task_id": "sigless_5ea9d3de6f73", "tasks": 2550, "visible_unique_passes": 0}
{"task": 269, "task_id": "sigless_81cfd70df0fb", "tasks": 2550, "visible_unique_passes": 0}
{"task": 270, "task_id": "fresh-eval-d1e214f72ef0", "tasks": 2550, "visible_unique_passes": 0}
{"task": 271, "task_id": "sigless_6ef711342e0d", "tasks": 2550, "visible_unique_passes": 1}
{"task": 272, "task_id": "sigless_8e8a431af870", "tasks": 2550, "visible_unique_passes": 0}
{"task": 273, "task_id": "sigless_c3b37d0778cc", "tasks": 2550, "visible_unique_passes": 0}
{"task": 274, "task_id": "sigless_1ff6e83b3a8f", "tasks": 2550, "visible_unique_passes": 0}
{"task": 275, "task_id": "sigless_fcd9451ee13a", "tasks": 2550, "visible_unique_passes": 0}
{"task": 276, "task_id": "sigless_80f4b2b2d94a", "tasks": 2550, "visible_unique_passes": 0}
{"task": 277, "task_id": "fresh-eval-b44f5ac107c7", "tasks": 2550, "visible_unique_passes": 0}
{"task": 278, "task_id": "sigless_819608fd1a27", "tasks": 2550, "visible_unique_passes": 1}
{"task": 279, "task_id": "fresh-eval-f2c0409a4b2e", "tasks": 2550, "visible_unique_passes": 0}
{"task": 280, "task_id": "sigless_31af3ee45617", "tasks": 2550, "visible_unique_passes": 2}
{"task": 281, "task_id": "sigless_5b1d9f69bd54", "tasks": 2550, "visible_unique_passes": 0}
{"task": 282, "task_id": "sigless_e9c970ad8337", "tasks": 2550, "visible_unique_passes": 0}
{"task": 283, "task_id": "fresh-eval-24d916ebaab6", "tasks": 2550, "visible_unique_passes": 0}
{"task": 284, "task_id": "fresh-eval-55efd75c1be2", "tasks": 2550, "visible_unique_passes": 0}
{"task": 285, "task_id": "fresh-eval-b1e101a08577", "tasks": 2550, "visible_unique_passes": 0}
{"task": 286, "task_id": "sigless_bde6c80eb940", "tasks": 2550, "visible_unique_passes": 2}
{"task": 287, "task_id": "fresh-eval-a288d38d8f66", "tasks": 2550, "visible_unique_passes": 0}
{"task": 288, "task_id": "sigless_4a3c2de2a07d", "tasks": 2550, "visible_unique_passes": 0}
{"task": 289, "task_id": "sigless_615fca46817a", "tasks": 2550, "visible_unique_passes": 0}
{"task": 290, "task_id": "sigless_7069756aad90", "tasks": 2550, "visible_unique_passes": 0}
{"task": 291, "task_id": "fresh-eval-12e19d785497", "tasks": 2550, "visible_unique_passes": 0}
{"task": 292, "task_id": "sigless_db90f7cc3196", "tasks": 2550, "visible_unique_passes": 0}
{"task": 293, "task_id": "sigless_3f2345010a60", "tasks": 2550, "visible_unique_passes": 0}
{"task": 294, "task_id": "sigless_9443de867663", "tasks": 2550, "visible_unique_passes": 0}
{"task": 295, "task_id": "sigless_ea7f83372c50", "tasks": 2550, "visible_unique_passes": 0}
{"task": 296, "task_id": "sigless_478f73ff60b2", "tasks": 2550, "visible_unique_passes": 0}
{"task": 297, "task_id": "fresh-eval-c68b3b3565be", "tasks": 2550, "visible_unique_passes": 0}
{"task": 298, "task_id": "fresh-eval-3aca6ce0992f", "tasks": 2550, "visible_unique_passes": 0}
{"task": 299, "task_id": "sigless_67bb88ce699e", "tasks": 2550, "visible_unique_passes": 0}
{"task": 300, "task_id": "fresh-eval-013380515e5e", "tasks": 2550, "visible_unique_passes": 0}
{"task": 301, "task_id": "sigless_16db32a19d83", "tasks": 2550, "visible_unique_passes": 0}
{"task": 302, "task_id": "sigless_d5506ef24e4e", "tasks": 2550, "visible_unique_passes": 0}
{"task": 303, "task_id": "fresh-eval-f0f594514f57", "tasks": 2550, "visible_unique_passes": 0}
{"task": 304, "task_id": "fresh-eval-7d4c0937d16f", "tasks": 2550, "visible_unique_passes": 0}
{"task": 305, "task_id": "sigless_776bbbd98f1d", "tasks": 2550, "visible_unique_passes": 0}
{"task": 306, "task_id": "fresh-eval-1ac587da7451", "tasks": 2550, "visible_unique_passes": 0}
{"task": 307, "task_id": "sigless_67e6fe112861", "tasks": 2550, "visible_unique_passes": 0}
{"task": 308, "task_id": "sigless_b739b7a4394b", "tasks": 2550, "visible_unique_passes": 0}
{"task": 309, "task_id": "sigless_409490976dbd", "tasks": 2550, "visible_unique_passes": 0}
{"task": 310, "task_id": "sigless_ca6f94a19f6f", "tasks": 2550, "visible_unique_passes": 0}
{"task": 311, "task_id": "sigless_33f29c427ad9", "tasks": 2550, "visible_unique_passes": 0}
{"task": 312, "task_id": "fresh-eval-6cff098a3266", "tasks": 2550, "visible_unique_passes": 0}
{"task": 313, "task_id": "fresh-eval-69b72027251a", "tasks": 2550, "visible_unique_passes": 2}
{"task": 314, "task_id": "sigless_f0ac1add9d29", "tasks": 2550, "visible_unique_passes": 0}
{"task": 315, "task_id": "sigless_af679416bcea", "tasks": 2550, "visible_unique_passes": 0}
{"task": 316, "task_id": "sigless_f139c80b6731", "tasks": 2550, "visible_unique_passes": 2}
{"task": 317, "task_id": "sigless_cdd9c9084d7d", "tasks": 2550, "visible_unique_passes": 0}
{"task": 318, "task_id": "fresh-eval-71ad4d8aa77d", "tasks": 2550, "visible_unique_passes": 0}
{"task": 319, "task_id": "sigless_515d8cc9bdf6", "tasks": 2550, "visible_unique_passes": 1}
{"task": 320, "task_id": "fresh-eval-e7eef461c7e0", "tasks": 2550, "visible_unique_passes": 0}
{"task": 321, "task_id": "fresh-eval-abcf8cf8880f", "tasks": 2550, "visible_unique_passes": 0}
{"task": 322, "task_id": "fresh-eval-934684d960e2", "tasks": 2550, "visible_unique_passes": 0}
{"task": 323, "task_id": "sigless_b41496af33c7", "tasks": 2550, "visible_unique_passes": 0}
{"task": 324, "task_id": "sigless_46a3dd2dee97", "tasks": 2550, "visible_unique_passes": 0}
{"task": 325, "task_id": "sigless_330ac0be7569", "tasks": 2550, "visible_unique_passes": 0}
{"task": 326, "task_id": "sigless_29c0300b3024", "tasks": 2550, "visible_unique_passes": 0}
{"task": 327, "task_id": "sigless_8f40e6042df6", "tasks": 2550, "visible_unique_passes": 0}
{"task": 328, "task_id": "sigless_1b18b649ff39", "tasks": 2550, "visible_unique_passes": 0}
{"task": 329, "task_id": "sigless_7bcd7c647f19", "tasks": 2550, "visible_unique_passes": 0}
{"task": 330, "task_id": "sigless_452856447bcf", "tasks": 2550, "visible_unique_passes": 0}
{"task": 331, "task_id": "sigless_48d4ceda49f8", "tasks": 2550, "visible_unique_passes": 0}
{"task": 332, "task_id": "fresh-eval-54db40277f3d", "tasks": 2550, "visible_unique_passes": 0}
{"task": 333, "task_id": "sigless_a0350ffbcc4b", "tasks": 2550, "visible_unique_passes": 0}
{"task": 334, "task_id": "sigless_53b68025a4c4", "tasks": 2550, "visible_unique_passes": 0}
{"task": 335, "task_id": "fresh-eval-49ef691011fa", "tasks": 2550, "visible_unique_passes": 0}
{"task": 336, "task_id": "fresh-eval-6cbb31c8d39a", "tasks": 2550, "visible_unique_passes": 0}
{"task": 337, "task_id": "sigless_a31ee63471ed", "tasks": 2550, "visible_unique_passes": 0}
{"task": 338, "task_id": "fresh-eval-90836d0239b6", "tasks": 2550, "visible_unique_passes": 2}
{"task": 339, "task_id": "sigless_49896e053003", "tasks": 2550, "visible_unique_passes": 0}
{"task": 340, "task_id": "sigless_2372aebbb538", "tasks": 2550, "visible_unique_passes": 0}
{"task": 341, "task_id": "fresh-eval-c5f52da5b057", "tasks": 2550, "visible_unique_passes": 0}
{"task": 342, "task_id": "sigless_8d4e0fe00b08", "tasks": 2550, "visible_unique_passes": 0}
{"task": 343, "task_id": "sigless_f529c5a7cbbb", "tasks": 2550, "visible_unique_passes": 0}
{"task": 344, "task_id": "sigless_8e3ed27a2c7f", "tasks": 2550, "visible_unique_passes": 0}
{"task": 345, "task_id": "sigless_f488683a4b63", "tasks": 2550, "visible_unique_passes": 0}
{"task": 346, "task_id": "sigless_28400c365daa", "tasks": 2550, "visible_unique_passes": 0}
{"task": 347, "task_id": "sigless_138ce9eaad5e", "tasks": 2550, "visible_unique_passes": 0}
{"task": 348, "task_id": "fresh-eval-dbfcac76bee5", "tasks": 2550, "visible_unique_passes": 0}
{"task": 349, "task_id": "sigless_2cceeb8e07f6", "tasks": 2550, "visible_unique_passes": 0}
{"task": 350, "task_id": "fresh-eval-40c8376b636a", "tasks": 2550, "visible_unique_passes": 0}
{"task": 351, "task_id": "sigless_3715faa04936", "tasks": 2550, "visible_unique_passes": 0}
{"task": 352, "task_id": "sigless_a404c9677646", "tasks": 2550, "visible_unique_passes": 0}
{"task": 353, "task_id": "sigless_f0f9ae5b061d", "tasks": 2550, "visible_unique_passes": 0}
{"task": 354, "task_id": "sigless_8dcc4e3745f9", "tasks": 2550, "visible_unique_passes": 0}
{"task": 355, "task_id": "sigless_87b6c01e9e70", "tasks": 2550, "visible_unique_passes": 0}
{"task": 356, "task_id": "fresh-eval-714df50be03e", "tasks": 2550, "visible_unique_passes": 0}
{"task": 357, "task_id": "sigless_93282e33b0cb", "tasks": 2550, "visible_unique_passes": 0}
{"task": 358, "task_id": "sigless_3b76d1562492", "tasks": 2550, "visible_unique_passes": 0}
{"task": 359, "task_id": "sigless_6574fbb8906f", "tasks": 2550, "visible_unique_passes": 0}
{"task": 360, "task_id": "fresh-eval-c394c61c7a88", "tasks": 2550, "visible_unique_passes": 0}
{"task": 361, "task_id": "sigless_b3f1f6302d8f", "tasks": 2550, "visible_unique_passes": 0}
{"task": 362, "task_id": "sigless_3c7d4c054d9a", "tasks": 2550, "visible_unique_passes": 0}
{"task": 363, "task_id": "sigless_49cc43525b6c", "tasks": 2550, "visible_unique_passes": 1}
{"task": 364, "task_id": "sigless_216846b03f8a", "tasks": 2550, "visible_unique_passes": 0}
{"task": 365, "task_id": "sigless_c5b0fac01604", "tasks": 2550, "visible_unique_passes": 0}
{"task": 366, "task_id": "sigless_e72423a63208", "tasks": 2550, "visible_unique_passes": 0}
{"task": 367, "task_id": "fresh-eval-495b8bc5a564", "tasks": 2550, "visible_unique_passes": 0}
{"task": 368, "task_id": "sigless_7893233089a4", "tasks": 2550, "visible_unique_passes": 0}
{"task": 369, "task_id": "fresh-eval-d5bbf55572c5", "tasks": 2550, "visible_unique_passes": 0}
{"task": 370, "task_id": "sigless_65080120cd1e", "tasks": 2550, "visible_unique_passes": 1}
{"task": 371, "task_id": "sigless_014bf0a4ca2a", "tasks": 2550, "visible_unique_passes": 1}
{"task": 372, "task_id": "sigless_0ffa80913a37", "tasks": 2550, "visible_unique_passes": 0}
{"task": 373, "task_id": "sigless_c3c3dace837a", "tasks": 2550, "visible_unique_passes": 1}
{"task": 374, "task_id": "sigless_61eee8f6fcee", "tasks": 2550, "visible_unique_passes": 0}
{"task": 375, "task_id": "fresh-eval-4fdfe7cfd20e", "tasks": 2550, "visible_unique_passes": 0}
{"task": 376, "task_id": "sigless_f8b503ca2a6e", "tasks": 2550, "visible_unique_passes": 0}
{"task": 377, "task_id": "sigless_483bbf7bb6b1", "tasks": 2550, "visible_unique_passes": 0}
{"task": 378, "task_id": "sigless_2341d18c9a80", "tasks": 2550, "visible_unique_passes": 3}
{"task": 379, "task_id": "fresh-eval-8b22d097b6da", "tasks": 2550, "visible_unique_passes": 0}
{"task": 380, "task_id": "fresh-eval-b60202f039f2", "tasks": 2550, "visible_unique_passes": 0}
{"task": 381, "task_id": "sigless_466484c17a69", "tasks": 2550, "visible_unique_passes": 0}
{"task": 382, "task_id": "sigless_e8c72d7ff2f0", "tasks": 2550, "visible_unique_passes": 0}
{"task": 383, "task_id": "sigless_5540ab714120", "tasks": 2550, "visible_unique_passes": 0}
{"task": 384, "task_id": "fresh-eval-82c863d5fcf9", "tasks": 2550, "visible_unique_passes": 0}
{"task": 385, "task_id": "fresh-eval-43cbc91be065", "tasks": 2550, "visible_unique_passes": 0}
{"task": 386, "task_id": "sigless_235c9a1f35e3", "tasks": 2550, "visible_unique_passes": 0}
{"task": 387, "task_id": "fresh-eval-1719610f2cb0", "tasks": 2550, "visible_unique_passes": 0}
{"task": 388, "task_id": "fresh-eval-b71df8db0390", "tasks": 2550, "visible_unique_passes": 0}
{"task": 389, "task_id": "fresh-eval-7651f627d97d", "tasks": 2550, "visible_unique_passes": 0}
{"task": 390, "task_id": "fresh-eval-afbc4d35234c", "tasks": 2550, "visible_unique_passes": 0}
{"task": 391, "task_id": "fresh-eval-05eab17b10d2", "tasks": 2550, "visible_unique_passes": 0}
{"task": 392, "task_id": "sigless_f16ef468a89d", "tasks": 2550, "visible_unique_passes": 0}
{"task": 393, "task_id": "fresh-eval-6859c2e44cbe", "tasks": 2550, "visible_unique_passes": 0}
{"task": 394, "task_id": "sigless_732a7dce1806", "tasks": 2550, "visible_unique_passes": 0}
{"task": 395, "task_id": "sigless_793fa2336cda", "tasks": 2550, "visible_unique_passes": 0}
{"task": 396, "task_id": "sigless_b134101d0412", "tasks": 2550, "visible_unique_passes": 0}
{"task": 397, "task_id": "fresh-eval-55b6b7f5eedd", "tasks": 2550, "visible_unique_passes": 0}
{"task": 398, "task_id": "fresh-eval-346f9da0bc37", "tasks": 2550, "visible_unique_passes": 0}
{"task": 399, "task_id": "sigless_e4dfd8300608", "tasks": 2550, "visible_unique_passes": 0}
{"task": 400, "task_id": "sigless_70da962c825c", "tasks": 2550, "visible_unique_passes": 0}
{"task": 401, "task_id": "sigless_0de0b2c1403b", "tasks": 2550, "visible_unique_passes": 0}
{"task": 402, "task_id": "sigless_17d7ab3013f6", "tasks": 2550, "visible_unique_passes": 0}
{"task": 403, "task_id": "fresh-eval-39ed3c268aa0", "tasks": 2550, "visible_unique_passes": 0}
{"task": 404, "task_id": "fresh-eval-7fdf3a219ff6", "tasks": 2550, "visible_unique_passes": 0}
{"task": 405, "task_id": "sigless_4b089cb999db", "tasks": 2550, "visible_unique_passes": 0}
{"task": 406, "task_id": "sigless_6188f7cf59a7", "tasks": 2550, "visible_unique_passes": 0}
{"task": 407, "task_id": "sigless_502e5bfa8d5a", "tasks": 2550, "visible_unique_passes": 0}
{"task": 408, "task_id": "fresh-eval-003098a11018", "tasks": 2550, "visible_unique_passes": 0}
{"task": 409, "task_id": "sigless_b31da4a19239", "tasks": 2550, "visible_unique_passes": 0}
{"task": 410, "task_id": "sigless_ce9170946843", "tasks": 2550, "visible_unique_passes": 0}
{"task": 411, "task_id": "sigless_96d9c81edafe", "tasks": 2550, "visible_unique_passes": 0}
{"task": 412, "task_id": "fresh-eval-0d6c273efb27", "tasks": 2550, "visible_unique_passes": 0}
{"task": 413, "task_id": "fresh-eval-22b2def866ce", "tasks": 2550, "visible_unique_passes": 0}
{"task": 414, "task_id": "sigless_770c685a6555", "tasks": 2550, "visible_unique_passes": 0}
{"task": 415, "task_id": "sigless_0a07056204e8", "tasks": 2550, "visible_unique_passes": 0}
{"task": 416, "task_id": "fresh-eval-8ac217272c75", "tasks": 2550, "visible_unique_passes": 0}
{"task": 417, "task_id": "fresh-eval-c1632ecb88a0", "tasks": 2550, "visible_unique_passes": 3}
{"task": 418, "task_id": "sigless_82b5b4eb7dbf", "tasks": 2550, "visible_unique_passes": 0}
{"task": 419, "task_id": "fresh-eval-68cebb3fcdce", "tasks": 2550, "visible_unique_passes": 0}
{"task": 420, "task_id": "sigless_85e6280b92e7", "tasks": 2550, "visible_unique_passes": 0}
{"task": 421, "task_id": "sigless_1927f708f601", "tasks": 2550, "visible_unique_passes": 2}
{"task": 422, "task_id": "sigless_af5db0a8c81c", "tasks": 2550, "visible_unique_passes": 0}
{"task": 423, "task_id": "sigless_1ab9e6b29441", "tasks": 2550, "visible_unique_passes": 0}
{"task": 424, "task_id": "sigless_af21df606631", "tasks": 2550, "visible_unique_passes": 2}
{"task": 425, "task_id": "sigless_f6be37e7f4d2", "tasks": 2550, "visible_unique_passes": 0}
{"task": 426, "task_id": "sigless_4686488c1971", "tasks": 2550, "visible_unique_passes": 0}
{"task": 427, "task_id": "sigless_7389c6e2e4bf", "tasks": 2550, "visible_unique_passes": 3}
{"task": 428, "task_id": "sigless_15ad71198701", "tasks": 2550, "visible_unique_passes": 1}
{"task": 429, "task_id": "sigless_4912d9758095", "tasks": 2550, "visible_unique_passes": 0}
{"task": 430, "task_id": "fresh-eval-4008c7e7f49c", "tasks": 2550, "visible_unique_passes": 0}
{"task": 431, "task_id": "fresh-eval-b441b00a0571", "tasks": 2550, "visible_unique_passes": 0}
{"task": 432, "task_id": "sigless_b13153c083c9", "tasks": 2550, "visible_unique_passes": 0}
{"task": 433, "task_id": "fresh-eval-3bd4f7c60f6e", "tasks": 2550, "visible_unique_passes": 0}
{"task": 434, "task_id": "sigless_cc45685be3db", "tasks": 2550, "visible_unique_passes": 3}
{"task": 435, "task_id": "sigless_e42efcdddab1", "tasks": 2550, "visible_unique_passes": 0}
{"task": 436, "task_id": "sigless_808e9e3c429f", "tasks": 2550, "visible_unique_passes": 0}
{"task": 437, "task_id": "fresh-eval-1a9afd7bad2a", "tasks": 2550, "visible_unique_passes": 0}
{"task": 438, "task_id": "sigless_f3c7d77bace6", "tasks": 2550, "visible_unique_passes": 0}
{"task": 439, "task_id": "sigless_a2d8ca5042c6", "tasks": 2550, "visible_unique_passes": 0}
{"task": 440, "task_id": "fresh-eval-e1ecc8c603a0", "tasks": 2550, "visible_unique_passes": 0}
{"task": 441, "task_id": "sigless_8194237df33d", "tasks": 2550, "visible_unique_passes": 0}
{"task": 442, "task_id": "sigless_daeaf17b365c", "tasks": 2550, "visible_unique_passes": 4}
{"task": 443, "task_id": "sigless_1519c0410c08", "tasks": 2550, "visible_unique_passes": 0}
{"task": 444, "task_id": "sigless_00f47e96a28e", "tasks": 2550, "visible_unique_passes": 0}
{"task": 445, "task_id": "sigless_67de1f9e5055", "tasks": 2550, "visible_unique_passes": 0}
{"task": 446, "task_id": "fresh-eval-1ade1474d5b7", "tasks": 2550, "visible_unique_passes": 0}
{"task": 447, "task_id": "fresh-eval-328bb2dbda49", "tasks": 2550, "visible_unique_passes": 0}
{"task": 448, "task_id": "fresh-eval-9cf2b019a001", "tasks": 2550, "visible_unique_passes": 0}
{"task": 449, "task_id": "sigless_5573d9b29949", "tasks": 2550, "visible_unique_passes": 0}
{"task": 450, "task_id": "sigless_16361bdfb961", "tasks": 2550, "visible_unique_passes": 0}
{"task": 451, "task_id": "fresh-eval-cf372f90aa8c", "tasks": 2550, "visible_unique_passes": 0}
{"task": 452, "task_id": "sigless_d935bac81005", "tasks": 2550, "visible_unique_passes": 0}
{"task": 453, "task_id": "fresh-eval-1a4ae9d4d210", "tasks": 2550, "visible_unique_passes": 0}
{"task": 454, "task_id": "fresh-eval-9fad87268c07", "tasks": 2550, "visible_unique_passes": 0}
{"task": 455, "task_id": "sigless_3b0bbd2b96f7", "tasks": 2550, "visible_unique_passes": 3}
{"task": 456, "task_id": "sigless_d4a66305fe7c", "tasks": 2550, "visible_unique_passes": 0}
{"task": 457, "task_id": "sigless_a85966f77adb", "tasks": 2550, "visible_unique_passes": 0}
{"task": 458, "task_id": "sigless_999136a41d22", "tasks": 2550, "visible_unique_passes": 0}
{"task": 459, "task_id": "sigless_d1da23840973", "tasks": 2550, "visible_unique_passes": 0}
{"task": 460, "task_id": "sigless_cad0445308c6", "tasks": 2550, "visible_unique_passes": 0}
{"task": 461, "task_id": "sigless_d1eaa8d7b257", "tasks": 2550, "visible_unique_passes": 0}
{"task": 462, "task_id": "sigless_9d959dfa0c13", "tasks": 2550, "visible_unique_passes": 0}
{"task": 463, "task_id": "sigless_d518be7dacdd", "tasks": 2550, "visible_unique_passes": 0}
{"task": 464, "task_id": "sigless_1e9d4fb93ebc", "tasks": 2550, "visible_unique_passes": 1}
{"task": 465, "task_id": "sigless_1750d19fd681", "tasks": 2550, "visible_unique_passes": 0}
{"task": 466, "task_id": "sigless_1f7bb8ed8eac", "tasks": 2550, "visible_unique_passes": 0}
{"task": 467, "task_id": "sigless_7fa93e50f39f", "tasks": 2550, "visible_unique_passes": 0}
{"task": 468, "task_id": "sigless_d5e001efad78", "tasks": 2550, "visible_unique_passes": 0}
{"task": 469, "task_id": "sigless_edb8d6d82d4d", "tasks": 2550, "visible_unique_passes": 0}
{"task": 470, "task_id": "fresh-eval-63f7d20ebf05", "tasks": 2550, "visible_unique_passes": 0}
{"task": 471, "task_id": "fresh-eval-dfa028b562a0", "tasks": 2550, "visible_unique_passes": 0}
{"task": 472, "task_id": "sigless_d063a38af836", "tasks": 2550, "visible_unique_passes": 0}
{"task": 473, "task_id": "sigless_85a267e95106", "tasks": 2550, "visible_unique_passes": 0}
{"task": 474, "task_id": "fresh-eval-d238b35062c6", "tasks": 2550, "visible_unique_passes": 0}
{"task": 475, "task_id": "sigless_01c1441fdd06", "tasks": 2550, "visible_unique_passes": 0}
{"task": 476, "task_id": "sigless_41b0dda01a6b", "tasks": 2550, "visible_unique_passes": 2}
{"task": 477, "task_id": "fresh-eval-bc424bf3fdad", "tasks": 2550, "visible_unique_passes": 0}
{"task": 478, "task_id": "sigless_1bba4dc0b268", "tasks": 2550, "visible_unique_passes": 0}
{"task": 479, "task_id": "sigless_b1270b141694", "tasks": 2550, "visible_unique_passes": 1}
{"task": 480, "task_id": "sigless_2bb7268a4c7c", "tasks": 2550, "visible_unique_passes": 1}
{"task": 481, "task_id": "fresh-eval-4ffc2a72bf2f", "tasks": 2550, "visible_unique_passes": 0}
{"task": 482, "task_id": "sigless_e92ad9874cc2", "tasks": 2550, "visible_unique_passes": 1}
{"task": 483, "task_id": "fresh-eval-ced5f46e2f09", "tasks": 2550, "visible_unique_passes": 0}
{"task": 484, "task_id": "sigless_107bd3b1be91", "tasks": 2550, "visible_unique_passes": 0}
{"task": 485, "task_id": "sigless_1988fac64320", "tasks": 2550, "visible_unique_passes": 2}
{"task": 486, "task_id": "fresh-eval-1a266a2c6798", "tasks": 2550, "visible_unique_passes": 0}
{"task": 487, "task_id": "fresh-eval-204d6fbaef33", "tasks": 2550, "visible_unique_passes": 0}
{"task": 488, "task_id": "fresh-eval-1aa9add98e5e", "tasks": 2550, "visible_unique_passes": 1}
{"task": 489, "task_id": "fresh-eval-df35a932e122", "tasks": 2550, "visible_unique_passes": 0}
{"task": 490, "task_id": "fresh-eval-e0b68497df3c", "tasks": 2550, "visible_unique_passes": 0}
{"task": 491, "task_id": "fresh-eval-4df434005a37", "tasks": 2550, "visible_unique_passes": 0}
{"task": 492, "task_id": "sigless_3fc954b04793", "tasks": 2550, "visible_unique_passes": 0}
{"task": 493, "task_id": "sigless_adbd100a08c3", "tasks": 2550, "visible_unique_passes": 3}
{"task": 494, "task_id": "fresh-eval-0acd29551b0b", "tasks": 2550, "visible_unique_passes": 0}
{"task": 495, "task_id": "fresh-eval-fad11d3fb55a", "tasks": 2550, "visible_unique_passes": 0}
{"task": 496, "task_id": "fresh-eval-c7400f9e7c53", "tasks": 2550, "visible_unique_passes": 0}
{"task": 497, "task_id": "sigless_785b38ff1492", "tasks": 2550, "visible_unique_passes": 0}
{"task": 498, "task_id": "sigless_b42e24bb8508", "tasks": 2550, "visible_unique_passes": 0}
{"task": 499, "task_id": "fresh-eval-c584dcf25453", "tasks": 2550, "visible_unique_passes": 0}
{"task": 500, "task_id": "fresh-eval-e8350392e1ec", "tasks": 2550, "visible_unique_passes": 0}
{"task": 501, "task_id": "sigless_3dfef6dee448", "tasks": 2550, "visible_unique_passes": 0}
{"task": 502, "task_id": "fresh-eval-1d4b99de4bce", "tasks": 2550, "visible_unique_passes": 0}
{"task": 503, "task_id": "sigless_4cf6a2bc0974", "tasks": 2550, "visible_unique_passes": 0}
{"task": 504, "task_id": "sigless_c9a4461d0eb8", "tasks": 2550, "visible_unique_passes": 0}
{"task": 505, "task_id": "sigless_fd831842a33c", "tasks": 2550, "visible_unique_passes": 0}
{"task": 506, "task_id": "fresh-eval-6cd1406fd440", "tasks": 2550, "visible_unique_passes": 0}
{"task": 507, "task_id": "fresh-eval-d59aa0c95b8c", "tasks": 2550, "visible_unique_passes": 0}
{"task": 508, "task_id": "fresh-eval-2bea9c9e84b5", "tasks": 2550, "visible_unique_passes": 0}
{"task": 509, "task_id": "sigless_3e39a97c7cf8", "tasks": 2550, "visible_unique_passes": 0}
{"task": 510, "task_id": "fresh-eval-b3c16d23c338", "tasks": 2550, "visible_unique_passes": 0}
{"task": 511, "task_id": "sigless_7fffee6c6306", "tasks": 2550, "visible_unique_passes": 0}
{"task": 512, "task_id": "sigless_358a4b71825b", "tasks": 2550, "visible_unique_passes": 1}
{"task": 513, "task_id": "sigless_c1c1609741a5", "tasks": 2550, "visible_unique_passes": 0}
{"task": 514, "task_id": "sigless_18226b85cb19", "tasks": 2550, "visible_unique_passes": 0}
{"task": 515, "task_id": "sigless_890ba472fbb0", "tasks": 2550, "visible_unique_passes": 0}
{"task": 516, "task_id": "sigless_aca3a29acba5", "tasks": 2550, "visible_unique_passes": 0}
{"task": 517, "task_id": "sigless_4c8b59edb066", "tasks": 2550, "visible_unique_passes": 0}
{"task": 518, "task_id": "fresh-eval-bbeb5b147396", "tasks": 2550, "visible_unique_passes": 3}
{"task": 519, "task_id": "sigless_ccb2a861632d", "tasks": 2550, "visible_unique_passes": 0}
{"task": 520, "task_id": "fresh-eval-4b18972e5cdc", "tasks": 2550, "visible_unique_passes": 0}
{"task": 521, "task_id": "fresh-eval-9ee989a731f8", "tasks": 2550, "visible_unique_passes": 0}
{"task": 522, "task_id": "sigless_d881e7b7c75f", "tasks": 2550, "visible_unique_passes": 1}
{"task": 523, "task_id": "sigless_36098fb696ff", "tasks": 2550, "visible_unique_passes": 0}
{"task": 524, "task_id": "sigless_7eb76cb48195", "tasks": 2550, "visible_unique_passes": 0}
{"task": 525, "task_id": "sigless_e36d213d6f55", "tasks": 2550, "visible_unique_passes": 0}
{"task": 526, "task_id": "sigless_c2b0abd70ce7", "tasks": 2550, "visible_unique_passes": 0}
{"task": 527, "task_id": "sigless_f152d910b035", "tasks": 2550, "visible_unique_passes": 0}
{"task": 528, "task_id": "sigless_f900a5a8bbcb", "tasks": 2550, "visible_unique_passes": 0}
{"task": 529, "task_id": "sigless_b7f39d4f4b7a", "tasks": 2550, "visible_unique_passes": 0}
{"task": 530, "task_id": "sigless_35f4f0ac8f50", "tasks": 2550, "visible_unique_passes": 1}
{"task": 531, "task_id": "sigless_e83a20b1cd4f", "tasks": 2550, "visible_unique_passes": 0}
{"task": 532, "task_id": "sigless_72f15d80615f", "tasks": 2550, "visible_unique_passes": 0}
{"task": 533, "task_id": "fresh-eval-31027b7317f6", "tasks": 2550, "visible_unique_passes": 0}
{"task": 534, "task_id": "sigless_fb1b1896379a", "tasks": 2550, "visible_unique_passes": 0}
{"task": 535, "task_id": "sigless_3015682ee30d", "tasks": 2550, "visible_unique_passes": 3}
{"task": 536, "task_id": "fresh-eval-d53ec8a6ff35", "tasks": 2550, "visible_unique_passes": 0}
{"task": 537, "task_id": "fresh-eval-7be88959ef90", "tasks": 2550, "visible_unique_passes": 1}
{"task": 538, "task_id": "fresh-eval-7f6c4f4de33f", "tasks": 2550, "visible_unique_passes": 0}
{"task": 539, "task_id": "sigless_db465188cf87", "tasks": 2550, "visible_unique_passes": 0}
{"task": 540, "task_id": "sigless_37940dd84528", "tasks": 2550, "visible_unique_passes": 0}
{"task": 541, "task_id": "sigless_1cbe3362270a", "tasks": 2550, "visible_unique_passes": 0}
{"task": 542, "task_id": "fresh-eval-87f48f283ae4", "tasks": 2550, "visible_unique_passes": 0}
{"task": 543, "task_id": "sigless_2e526981de9c", "tasks": 2550, "visible_unique_passes": 0}
{"task": 544, "task_id": "fresh-eval-30f09613b0bb", "tasks": 2550, "visible_unique_passes": 0}
{"task": 545, "task_id": "sigless_71459bc947d1", "tasks": 2550, "visible_unique_passes": 0}
{"task": 546, "task_id": "fresh-eval-f0212bcc5301", "tasks": 2550, "visible_unique_passes": 0}
{"task": 547, "task_id": "fresh-eval-6773ea5bc9a3", "tasks": 2550, "visible_unique_passes": 0}
{"task": 548, "task_id": "sigless_1b576b000f13", "tasks": 2550, "visible_unique_passes": 0}
{"task": 549, "task_id": "sigless_cdc7c1159a85", "tasks": 2550, "visible_unique_passes": 3}
{"task": 550, "task_id": "fresh-eval-916ebb37ad85", "tasks": 2550, "visible_unique_passes": 0}
{"task": 551, "task_id": "fresh-eval-65286251372e", "tasks": 2550, "visible_unique_passes": 0}
{"task": 552, "task_id": "sigless_58746dfa400d", "tasks": 2550, "visible_unique_passes": 0}
{"task": 553, "task_id": "fresh-eval-2ba2502dbf55", "tasks": 2550, "visible_unique_passes": 0}
{"task": 554, "task_id": "fresh-eval-3c025ca723b6", "tasks": 2550, "visible_unique_passes": 0}
{"task": 555, "task_id": "fresh-eval-d7755cac9c15", "tasks": 2550, "visible_unique_passes": 0}
{"task": 556, "task_id": "fresh-eval-9faf48f2e3e2", "tasks": 2550, "visible_unique_passes": 0}
{"task": 557, "task_id": "sigless_ae03d3ff6cc5", "tasks": 2550, "visible_unique_passes": 0}
{"task": 558, "task_id": "sigless_359db3846b93", "tasks": 2550, "visible_unique_passes": 1}
{"task": 559, "task_id": "sigless_07a1b040261d", "tasks": 2550, "visible_unique_passes": 0}
{"task": 560, "task_id": "sigless_7b43e10e2d4d", "tasks": 2550, "visible_unique_passes": 0}
{"task": 561, "task_id": "sigless_3664525e90df", "tasks": 2550, "visible_unique_passes": 0}
{"task": 562, "task_id": "sigless_46f144c68c36", "tasks": 2550, "visible_unique_passes": 0}
{"task": 563, "task_id": "fresh-eval-59f5d9878675", "tasks": 2550, "visible_unique_passes": 0}
{"task": 564, "task_id": "sigless_7e60582b33f7", "tasks": 2550, "visible_unique_passes": 0}
{"task": 565, "task_id": "sigless_a6082e178c44", "tasks": 2550, "visible_unique_passes": 0}
{"task": 566, "task_id": "fresh-eval-e1714bef80bf", "tasks": 2550, "visible_unique_passes": 0}
{"task": 567, "task_id": "sigless_3eb51ddaba86", "tasks": 2550, "visible_unique_passes": 0}
{"task": 568, "task_id": "fresh-eval-84e5309bc2ff", "tasks": 2550, "visible_unique_passes": 0}
{"task": 569, "task_id": "sigless_081a63a5fd25", "tasks": 2550, "visible_unique_passes": 0}
{"task": 570, "task_id": "fresh-eval-8155750253d9", "tasks": 2550, "visible_unique_passes": 0}
{"task": 571, "task_id": "sigless_2f5e24445832", "tasks": 2550, "visible_unique_passes": 3}
{"task": 572, "task_id": "fresh-eval-c4ae3b8addd4", "tasks": 2550, "visible_unique_passes": 0}
{"task": 573, "task_id": "sigless_16750f2b50db", "tasks": 2550, "visible_unique_passes": 3}
{"task": 574, "task_id": "fresh-eval-faf2a15fbc00", "tasks": 2550, "visible_unique_passes": 0}
{"task": 575, "task_id": "fresh-eval-3186795c815d", "tasks": 2550, "visible_unique_passes": 4}
{"task": 576, "task_id": "sigless_2fb28a05cd26", "tasks": 2550, "visible_unique_passes": 0}
{"task": 577, "task_id": "fresh-eval-67cd6bc40988", "tasks": 2550, "visible_unique_passes": 0}
{"task": 578, "task_id": "sigless_e7d6c13e60b0", "tasks": 2550, "visible_unique_passes": 0}
{"task": 579, "task_id": "fresh-eval-94ac6f9cb495", "tasks": 2550, "visible_unique_passes": 0}
{"task": 580, "task_id": "fresh-eval-c8b6bfed6434", "tasks": 2550, "visible_unique_passes": 0}
{"task": 581, "task_id": "sigless_14f880c04611", "tasks": 2550, "visible_unique_passes": 0}
{"task": 582, "task_id": "sigless_9dff560cf485", "tasks": 2550, "visible_unique_passes": 0}
{"task": 583, "task_id": "sigless_e06ff95ae407", "tasks": 2550, "visible_unique_passes": 0}
{"task": 584, "task_id": "fresh-eval-b3dcf962fd7a", "tasks": 2550, "visible_unique_passes": 0}
{"task": 585, "task_id": "sigless_729b3487592b", "tasks": 2550, "visible_unique_passes": 0}
{"task": 586, "task_id": "fresh-eval-95c736f9af11", "tasks": 2550, "visible_unique_passes": 0}
{"task": 587, "task_id": "fresh-eval-28fb4aa5ce26", "tasks": 2550, "visible_unique_passes": 0}
{"task": 588, "task_id": "fresh-eval-ad995329fdfb", "tasks": 2550, "visible_unique_passes": 0}
{"task": 589, "task_id": "sigless_dc4c176cdc50", "tasks": 2550, "visible_unique_passes": 0}
{"task": 590, "task_id": "fresh-eval-19286050d6ff", "tasks": 2550, "visible_unique_passes": 0}
{"task": 591, "task_id": "sigless_9ff29e2b3570", "tasks": 2550, "visible_unique_passes": 0}
{"task": 592, "task_id": "fresh-eval-92ac8d5dd5ce", "tasks": 2550, "visible_unique_passes": 0}
{"task": 593, "task_id": "fresh-eval-e8ba09ea3410", "tasks": 2550, "visible_unique_passes": 0}
{"task": 594, "task_id": "sigless_61eab8ecee80", "tasks": 2550, "visible_unique_passes": 0}
{"task": 595, "task_id": "fresh-eval-734beaa2910c", "tasks": 2550, "visible_unique_passes": 0}
{"task": 596, "task_id": "fresh-eval-d03ae6412d2a", "tasks": 2550, "visible_unique_passes": 1}
{"task": 597, "task_id": "sigless_b1a4463fa322", "tasks": 2550, "visible_unique_passes": 0}
{"task": 598, "task_id": "sigless_f74d0bfe48c0", "tasks": 2550, "visible_unique_passes": 0}
{"task": 599, "task_id": "fresh-eval-7ef810576a6f", "tasks": 2550, "visible_unique_passes": 0}
{"task": 600, "task_id": "sigless_c6b6462d4767", "tasks": 2550, "visible_unique_passes": 0}
{"task": 601, "task_id": "fresh-eval-ca15c804d85c", "tasks": 2550, "visible_unique_passes": 0}
{"task": 602, "task_id": "sigless_46526231a356", "tasks": 2550, "visible_unique_passes": 0}
{"task": 603, "task_id": "sigless_eab2c199b773", "tasks": 2550, "visible_unique_passes": 0}
{"task": 604, "task_id": "sigless_7aff8a28604f", "tasks": 2550, "visible_unique_passes": 0}
{"task": 605, "task_id": "fresh-eval-2aba778debe2", "tasks": 2550, "visible_unique_passes": 0}
{"task": 606, "task_id": "fresh-eval-e198918faa70", "tasks": 2550, "visible_unique_passes": 0}
{"task": 607, "task_id": "sigless_fbde2742a233", "tasks": 2550, "visible_unique_passes": 0}
{"task": 608, "task_id": "sigless_2a247e15d60e", "tasks": 2550, "visible_unique_passes": 0}
{"task": 609, "task_id": "sigless_ed327194c61b", "tasks": 2550, "visible_unique_passes": 1}
{"task": 610, "task_id": "sigless_14b6d535cc1d", "tasks": 2550, "visible_unique_passes": 0}
{"task": 611, "task_id": "sigless_edbe9275807e", "tasks": 2550, "visible_unique_passes": 0}
{"task": 612, "task_id": "fresh-eval-3832b2a0b095", "tasks": 2550, "visible_unique_passes": 0}
{"task": 613, "task_id": "fresh-eval-86a5a8bb2b1a", "tasks": 2550, "visible_unique_passes": 4}
{"task": 614, "task_id": "fresh-eval-0db813cb0954", "tasks": 2550, "visible_unique_passes": 0}
{"task": 615, "task_id": "sigless_e18cfe2df675", "tasks": 2550, "visible_unique_passes": 0}
{"task": 616, "task_id": "fresh-eval-3d41de09fee0", "tasks": 2550, "visible_unique_passes": 0}
{"task": 617, "task_id": "sigless_eb850f94a7ae", "tasks": 2550, "visible_unique_passes": 0}
{"task": 618, "task_id": "fresh-eval-3604a01412d1", "tasks": 2550, "visible_unique_passes": 0}
{"task": 619, "task_id": "fresh-eval-eda74d9c944d", "tasks": 2550, "visible_unique_passes": 0}
{"task": 620, "task_id": "fresh-eval-ffb264b4a6ca", "tasks": 2550, "visible_unique_passes": 0}
{"task": 621, "task_id": "sigless_452c11877e17", "tasks": 2550, "visible_unique_passes": 0}
{"task": 622, "task_id": "sigless_ef3eaa7f5028", "tasks": 2550, "visible_unique_passes": 0}
{"task": 623, "task_id": "sigless_8b41b904991e", "tasks": 2550, "visible_unique_passes": 0}
{"task": 624, "task_id": "fresh-eval-84fc03641dfc", "tasks": 2550, "visible_unique_passes": 0}
{"task": 625, "task_id": "fresh-eval-c0b548d5be09", "tasks": 2550, "visible_unique_passes": 2}
{"task": 626, "task_id": "sigless_1e956b404b93", "tasks": 2550, "visible_unique_passes": 0}
{"task": 627, "task_id": "sigless_512c37b17567", "tasks": 2550, "visible_unique_passes": 0}
{"task": 628, "task_id": "fresh-eval-d52f6292cb0f", "tasks": 2550, "visible_unique_passes": 0}
{"task": 629, "task_id": "sigless_c02e641d8e95", "tasks": 2550, "visible_unique_passes": 0}
{"task": 630, "task_id": "sigless_ea890014e562", "tasks": 2550, "visible_unique_passes": 0}
{"task": 631, "task_id": "sigless_4c1aaefe00e2", "tasks": 2550, "visible_unique_passes": 0}
{"task": 632, "task_id": "sigless_f5df9c453178", "tasks": 2550, "visible_unique_passes": 0}
{"task": 633, "task_id": "sigless_843a4c783d68", "tasks": 2550, "visible_unique_passes": 0}
{"task": 634, "task_id": "sigless_2f1564fd2a46", "tasks": 2550, "visible_unique_passes": 1}
{"task": 635, "task_id": "sigless_d735a77c9442", "tasks": 2550, "visible_unique_passes": 0}
{"task": 636, "task_id": "sigless_736aa7627d04", "tasks": 2550, "visible_unique_passes": 0}
{"task": 637, "task_id": "sigless_b36d359a3908", "tasks": 2550, "visible_unique_passes": 1}
{"task": 638, "task_id": "fresh-eval-81a2eaac448e", "tasks": 2550, "visible_unique_passes": 3}
{"task": 639, "task_id": "fresh-eval-8fc32e9f2243", "tasks": 2550, "visible_unique_passes": 0}
{"task": 640, "task_id": "sigless_399d3d67edf9", "tasks": 2550, "visible_unique_passes": 0}
{"task": 641, "task_id": "fresh-eval-251f231253e2", "tasks": 2550, "visible_unique_passes": 0}
{"task": 642, "task_id": "fresh-eval-4fde4325a2f4", "tasks": 2550, "visible_unique_passes": 0}
{"task": 643, "task_id": "fresh-eval-eadd0d47dc23", "tasks": 2550, "visible_unique_passes": 0}
{"task": 644, "task_id": "sigless_ed22a4fc6ffe", "tasks": 2550, "visible_unique_passes": 0}
{"task": 645, "task_id": "fresh-eval-9f6cd51dda20", "tasks": 2550, "visible_unique_passes": 0}
{"task": 646, "task_id": "fresh-eval-80c7f1eba81b", "tasks": 2550, "visible_unique_passes": 2}
{"task": 647, "task_id": "sigless_f1e6bf31e18b", "tasks": 2550, "visible_unique_passes": 0}
{"task": 648, "task_id": "sigless_c49790b21f46", "tasks": 2550, "visible_unique_passes": 0}
{"task": 649, "task_id": "sigless_0a931bf567b8", "tasks": 2550, "visible_unique_passes": 0}
{"task": 650, "task_id": "sigless_d3bdbd0bb58a", "tasks": 2550, "visible_unique_passes": 0}
{"task": 651, "task_id": "sigless_5358f29cea01", "tasks": 2550, "visible_unique_passes": 0}
{"task": 652, "task_id": "fresh-eval-9e847ad5a7c9", "tasks": 2550, "visible_unique_passes": 0}
{"task": 653, "task_id": "sigless_650f86cb4658", "tasks": 2550, "visible_unique_passes": 0}
{"task": 654, "task_id": "sigless_372125604061", "tasks": 2550, "visible_unique_passes": 0}
{"task": 655, "task_id": "sigless_2c2cf472d235", "tasks": 2550, "visible_unique_passes": 0}
{"task": 656, "task_id": "sigless_8f0c5138ce88", "tasks": 2550, "visible_unique_passes": 0}
{"task": 657, "task_id": "sigless_24de26abf5c9", "tasks": 2550, "visible_unique_passes": 0}
{"task": 658, "task_id": "sigless_d31452461c65", "tasks": 2550, "visible_unique_passes": 0}
{"task": 659, "task_id": "fresh-eval-bfaf67596435", "tasks": 2550, "visible_unique_passes": 0}
{"task": 660, "task_id": "sigless_7eaac73acfe6", "tasks": 2550, "visible_unique_passes": 0}
{"task": 661, "task_id": "sigless_a5284c87e9de", "tasks": 2550, "visible_unique_passes": 3}
{"task": 662, "task_id": "sigless_e2e78e142120", "tasks": 2550, "visible_unique_passes": 2}
{"task": 663, "task_id": "fresh-eval-56cd9a43fae2", "tasks": 2550, "visible_unique_passes": 0}
{"task": 664, "task_id": "sigless_b1b21c4df6f6", "tasks": 2550, "visible_unique_passes": 0}
{"task": 665, "task_id": "sigless_f7c21b876e64", "tasks": 2550, "visible_unique_passes": 0}
{"task": 666, "task_id": "fresh-eval-a1e1ee7d5564", "tasks": 2550, "visible_unique_passes": 0}
{"task": 667, "task_id": "sigless_3256c48c303a", "tasks": 2550, "visible_unique_passes": 0}
{"task": 668, "task_id": "sigless_4f9cdf141b45", "tasks": 2550, "visible_unique_passes": 0}
{"task": 669, "task_id": "sigless_511302602195", "tasks": 2550, "visible_unique_passes": 0}
{"task": 670, "task_id": "sigless_20f7388811d3", "tasks": 2550, "visible_unique_passes": 0}
{"task": 671, "task_id": "sigless_c8f1ce340f76", "tasks": 2550, "visible_unique_passes": 0}
{"task": 672, "task_id": "fresh-eval-6cf9ac34c82c", "tasks": 2550, "visible_unique_passes": 0}
{"task": 673, "task_id": "sigless_1e074deb3f08", "tasks": 2550, "visible_unique_passes": 0}
{"task": 674, "task_id": "fresh-eval-50e6dcfee4c9", "tasks": 2550, "visible_unique_passes": 0}
{"task": 675, "task_id": "fresh-eval-43b3371aa5c5", "tasks": 2550, "visible_unique_passes": 0}
{"task": 676, "task_id": "sigless_ffb62c1d43f8", "tasks": 2550, "visible_unique_passes": 0}
{"task": 677, "task_id": "sigless_bc6250a45aaa", "tasks": 2550, "visible_unique_passes": 0}
{"task": 678, "task_id": "sigless_b332ffb8adba", "tasks": 2550, "visible_unique_passes": 0}
{"task": 679, "task_id": "sigless_d2c82853f01f", "tasks": 2550, "visible_unique_passes": 0}
{"task": 680, "task_id": "sigless_b422f07d1341", "tasks": 2550, "visible_unique_passes": 0}
{"task": 681, "task_id": "sigless_6d302a685d9b", "tasks": 2550, "visible_unique_passes": 0}
{"task": 682, "task_id": "fresh-eval-9570337b4741", "tasks": 2550, "visible_unique_passes": 0}
{"task": 683, "task_id": "fresh-eval-dbdc95db21b7", "tasks": 2550, "visible_unique_passes": 0}
{"task": 684, "task_id": "fresh-eval-2971e19c7e8c", "tasks": 2550, "visible_unique_passes": 0}
{"task": 685, "task_id": "fresh-eval-6a5b39e99413", "tasks": 2550, "visible_unique_passes": 0}
{"task": 686, "task_id": "sigless_6b2aa1ebbddb", "tasks": 2550, "visible_unique_passes": 0}
{"task": 687, "task_id": "sigless_fe5d5e599027", "tasks": 2550, "visible_unique_passes": 0}
{"task": 688, "task_id": "fresh-eval-7f33d57dc366", "tasks": 2550, "visible_unique_passes": 1}
{"task": 689, "task_id": "sigless_6c5c6357dae4", "tasks": 2550, "visible_unique_passes": 0}
{"task": 690, "task_id": "sigless_54c0916b4d43", "tasks": 2550, "visible_unique_passes": 0}
{"task": 691, "task_id": "fresh-eval-82c0c7b1d74a", "tasks": 2550, "visible_unique_passes": 0}
{"task": 692, "task_id": "sigless_793d53edeafd", "tasks": 2550, "visible_unique_passes": 0}
{"task": 693, "task_id": "sigless_96cd030d738b", "tasks": 2550, "visible_unique_passes": 0}
{"task": 694, "task_id": "fresh-eval-6683d36e5288", "tasks": 2550, "visible_unique_passes": 0}
{"task": 695, "task_id": "sigless_bd92f6caf6a1", "tasks": 2550, "visible_unique_passes": 0}
{"task": 696, "task_id": "sigless_5fa6189c27e2", "tasks": 2550, "visible_unique_passes": 0}
{"task": 697, "task_id": "fresh-eval-9a81d5e6bfa4", "tasks": 2550, "visible_unique_passes": 0}
{"task": 698, "task_id": "fresh-eval-18214e4b6220", "tasks": 2550, "visible_unique_passes": 0}
{"task": 699, "task_id": "fresh-eval-0a4d9ef2d1de", "tasks": 2550, "visible_unique_passes": 1}
{"task": 700, "task_id": "sigless_a7ae11d407e8", "tasks": 2550, "visible_unique_passes": 1}
{"task": 701, "task_id": "fresh-eval-b34fbe0789dd", "tasks": 2550, "visible_unique_passes": 0}
{"task": 702, "task_id": "sigless_a56cfc171fc7", "tasks": 2550, "visible_unique_passes": 0}
{"task": 703, "task_id": "sigless_22521759a0d7", "tasks": 2550, "visible_unique_passes": 0}
{"task": 704, "task_id": "sigless_97d95beb0952", "tasks": 2550, "visible_unique_passes": 0}
{"task": 705, "task_id": "sigless_971ecf15eeb7", "tasks": 2550, "visible_unique_passes": 0}
{"task": 706, "task_id": "sigless_30cd57d07a8b", "tasks": 2550, "visible_unique_passes": 0}
{"task": 707, "task_id": "sigless_481b18472ebe", "tasks": 2550, "visible_unique_passes": 0}
{"task": 708, "task_id": "fresh-eval-d4cc8653acde", "tasks": 2550, "visible_unique_passes": 0}
{"task": 709, "task_id": "sigless_5f6bfcb825ce", "tasks": 2550, "visible_unique_passes": 0}
{"task": 710, "task_id": "fresh-eval-99cc95fc3d0d", "tasks": 2550, "visible_unique_passes": 0}
{"task": 711, "task_id": "sigless_c0d41b7f4567", "tasks": 2550, "visible_unique_passes": 0}
{"task": 712, "task_id": "sigless_05ea627bbfb5", "tasks": 2550, "visible_unique_passes": 0}
{"task": 713, "task_id": "sigless_ac8cdbdba57a", "tasks": 2550, "visible_unique_passes": 0}
{"task": 714, "task_id": "fresh-eval-97b48b767fd6", "tasks": 2550, "visible_unique_passes": 0}
{"task": 715, "task_id": "fresh-eval-c350b566b006", "tasks": 2550, "visible_unique_passes": 0}
{"task": 716, "task_id": "fresh-eval-87dce2b3cfb2", "tasks": 2550, "visible_unique_passes": 0}
{"task": 717, "task_id": "sigless_5191c50b5b8b", "tasks": 2550, "visible_unique_passes": 0}
{"task": 718, "task_id": "sigless_0ce335c1f55f", "tasks": 2550, "visible_unique_passes": 0}
{"task": 719, "task_id": "sigless_c468c7824b3d", "tasks": 2550, "visible_unique_passes": 0}
{"task": 720, "task_id": "fresh-eval-549d5c0ff033", "tasks": 2550, "visible_unique_passes": 0}
{"task": 721, "task_id": "fresh-eval-488bf94f3f2b", "tasks": 2550, "visible_unique_passes": 0}
{"task": 722, "task_id": "sigless_3a79b50e978f", "tasks": 2550, "visible_unique_passes": 0}
{"task": 723, "task_id": "fresh-eval-c612a40c75c0", "tasks": 2550, "visible_unique_passes": 0}
{"task": 724, "task_id": "fresh-eval-e5b1921f1aea", "tasks": 2550, "visible_unique_passes": 0}
{"task": 725, "task_id": "sigless_bcd571136f39", "tasks": 2550, "visible_unique_passes": 0}
{"task": 726, "task_id": "sigless_d8a2b302b452", "tasks": 2550, "visible_unique_passes": 0}
{"task": 727, "task_id": "fresh-eval-5df9f3e904e0", "tasks": 2550, "visible_unique_passes": 0}
{"task": 728, "task_id": "sigless_911e30440884", "tasks": 2550, "visible_unique_passes": 0}
{"task": 729, "task_id": "fresh-eval-54981e6186a8", "tasks": 2550, "visible_unique_passes": 1}
{"task": 730, "task_id": "sigless_1f4ac9e62c3f", "tasks": 2550, "visible_unique_passes": 0}
{"task": 731, "task_id": "sigless_42cd7721fadd", "tasks": 2550, "visible_unique_passes": 4}
{"task": 732, "task_id": "sigless_63631da2d1f2", "tasks": 2550, "visible_unique_passes": 0}
{"task": 733, "task_id": "sigless_c2ea7131482c", "tasks": 2550, "visible_unique_passes": 0}
{"task": 734, "task_id": "sigless_065370bba5d5", "tasks": 2550, "visible_unique_passes": 0}
{"task": 735, "task_id": "sigless_6b1fb00348be", "tasks": 2550, "visible_unique_passes": 0}
{"task": 736, "task_id": "sigless_93327e31510f", "tasks": 2550, "visible_unique_passes": 0}
{"task": 737, "task_id": "sigless_675d26c571a9", "tasks": 2550, "visible_unique_passes": 0}
{"task": 738, "task_id": "fresh-eval-dad7222b9418", "tasks": 2550, "visible_unique_passes": 0}
{"task": 739, "task_id": "fresh-eval-a019cba455db", "tasks": 2550, "visible_unique_passes": 0}
{"task": 740, "task_id": "sigless_14b4b0c8e73b", "tasks": 2550, "visible_unique_passes": 0}
{"task": 741, "task_id": "fresh-eval-27c612dd8e4f", "tasks": 2550, "visible_unique_passes": 0}
{"task": 742, "task_id": "fresh-eval-2f20542b34b2", "tasks": 2550, "visible_unique_passes": 0}
{"task": 743, "task_id": "sigless_27d49e927192", "tasks": 2550, "visible_unique_passes": 0}
{"task": 744, "task_id": "sigless_54b8d33cb85e", "tasks": 2550, "visible_unique_passes": 0}
{"task": 745, "task_id": "sigless_cdef6492a016", "tasks": 2550, "visible_unique_passes": 0}
{"task": 746, "task_id": "sigless_fa5d6466520d", "tasks": 2550, "visible_unique_passes": 2}
{"task": 747, "task_id": "sigless_a14418023e87", "tasks": 2550, "visible_unique_passes": 0}
{"task": 748, "task_id": "sigless_a8eea3bbc975", "tasks": 2550, "visible_unique_passes": 2}
{"task": 749, "task_id": "sigless_d068b24b49ae", "tasks": 2550, "visible_unique_passes": 0}
{"task": 750, "task_id": "sigless_c18b49d9ac27", "tasks": 2550, "visible_unique_passes": 3}
{"task": 751, "task_id": "sigless_612c92b9c5f6", "tasks": 2550, "visible_unique_passes": 0}
{"task": 752, "task_id": "sigless_c236670fd617", "tasks": 2550, "visible_unique_passes": 0}
{"task": 753, "task_id": "fresh-eval-2affc07002ff", "tasks": 2550, "visible_unique_passes": 0}
{"task": 754, "task_id": "sigless_82f7067efda2", "tasks": 2550, "visible_unique_passes": 0}
{"task": 755, "task_id": "sigless_4dd10ea5ec52", "tasks": 2550, "visible_unique_passes": 4}
{"task": 756, "task_id": "sigless_30987982104a", "tasks": 2550, "visible_unique_passes": 0}
{"task": 757, "task_id": "sigless_023bd7678351", "tasks": 2550, "visible_unique_passes": 0}
{"task": 758, "task_id": "fresh-eval-ceb6757fff5b", "tasks": 2550, "visible_unique_passes": 0}
{"task": 759, "task_id": "sigless_264498dbbd46", "tasks": 2550, "visible_unique_passes": 0}
{"task": 760, "task_id": "sigless_e32e4ca976a1", "tasks": 2550, "visible_unique_passes": 0}
{"task": 761, "task_id": "fresh-eval-1863b7cfd59a", "tasks": 2550, "visible_unique_passes": 0}
{"task": 762, "task_id": "sigless_bdf0a489217a", "tasks": 2550, "visible_unique_passes": 0}
{"task": 763, "task_id": "sigless_af664e695666", "tasks": 2550, "visible_unique_passes": 1}
{"task": 764, "task_id": "sigless_553bab51bfc9", "tasks": 2550, "visible_unique_passes": 0}
{"task": 765, "task_id": "sigless_d7925c929036", "tasks": 2550, "visible_unique_passes": 0}
{"task": 766, "task_id": "sigless_ae7bb728b3b9", "tasks": 2550, "visible_unique_passes": 1}
{"task": 767, "task_id": "fresh-eval-32abd600a182", "tasks": 2550, "visible_unique_passes": 0}
{"task": 768, "task_id": "fresh-eval-c5bccd990a2b", "tasks": 2550, "visible_unique_passes": 0}
{"task": 769, "task_id": "sigless_7c18a676e23c", "tasks": 2550, "visible_unique_passes": 0}
{"task": 770, "task_id": "fresh-eval-3a0533b9f875", "tasks": 2550, "visible_unique_passes": 0}
{"task": 771, "task_id": "sigless_89bf8b70d5c3", "tasks": 2550, "visible_unique_passes": 0}
{"task": 772, "task_id": "fresh-eval-e3735a726fa3", "tasks": 2550, "visible_unique_passes": 0}
{"task": 773, "task_id": "fresh-eval-902e75f8ba18", "tasks": 2550, "visible_unique_passes": 0}
{"task": 774, "task_id": "sigless_99382783f270", "tasks": 2550, "visible_unique_passes": 0}
{"task": 775, "task_id": "sigless_e5824239f216", "tasks": 2550, "visible_unique_passes": 0}
{"task": 776, "task_id": "sigless_e4836b3cc890", "tasks": 2550, "visible_unique_passes": 0}
{"task": 777, "task_id": "fresh-eval-e7483c20a637", "tasks": 2550, "visible_unique_passes": 0}
{"task": 778, "task_id": "sigless_18814b32dd1b", "tasks": 2550, "visible_unique_passes": 0}
{"task": 779, "task_id": "fresh-eval-64622da83b2b", "tasks": 2550, "visible_unique_passes": 1}
{"task": 780, "task_id": "sigless_4ea90d30a415", "tasks": 2550, "visible_unique_passes": 0}
{"task": 781, "task_id": "fresh-eval-72c0b702c0e5", "tasks": 2550, "visible_unique_passes": 0}
{"task": 782, "task_id": "fresh-eval-8e2553c1c1ae", "tasks": 2550, "visible_unique_passes": 0}
{"task": 783, "task_id": "sigless_ab72994d99c0", "tasks": 2550, "visible_unique_passes": 0}
{"task": 784, "task_id": "fresh-eval-b48262630e7c", "tasks": 2550, "visible_unique_passes": 0}
{"task": 785, "task_id": "sigless_75ebf1d3f72e", "tasks": 2550, "visible_unique_passes": 1}
{"task": 786, "task_id": "sigless_245625de910f", "tasks": 2550, "visible_unique_passes": 0}
{"task": 787, "task_id": "fresh-eval-3cc7b7fb8542", "tasks": 2550, "visible_unique_passes": 0}
{"task": 788, "task_id": "sigless_438e8e99ae4c", "tasks": 2550, "visible_unique_passes": 4}
{"task": 789, "task_id": "sigless_68ff94b07210", "tasks": 2550, "visible_unique_passes": 0}
{"task": 790, "task_id": "sigless_0bbc4b648b35", "tasks": 2550, "visible_unique_passes": 0}
{"task": 791, "task_id": "fresh-eval-b18403dc7da1", "tasks": 2550, "visible_unique_passes": 0}
{"task": 792, "task_id": "fresh-eval-fab718bbdff1", "tasks": 2550, "visible_unique_passes": 0}
{"task": 793, "task_id": "sigless_8f6e8257a22f", "tasks": 2550, "visible_unique_passes": 0}
{"task": 794, "task_id": "fresh-eval-5aceda75519c", "tasks": 2550, "visible_unique_passes": 0}
{"task": 795, "task_id": "sigless_00fca81586fc", "tasks": 2550, "visible_unique_passes": 2}
{"task": 796, "task_id": "sigless_942b823547de", "tasks": 2550, "visible_unique_passes": 0}
{"task": 797, "task_id": "sigless_98d5d1deed73", "tasks": 2550, "visible_unique_passes": 0}
{"task": 798, "task_id": "sigless_6207e6302ea8", "tasks": 2550, "visible_unique_passes": 0}
{"task": 799, "task_id": "sigless_c17c69a9e46f", "tasks": 2550, "visible_unique_passes": 0}
{"task": 800, "task_id": "sigless_ea24389ac8ad", "tasks": 2550, "visible_unique_passes": 0}
{"task": 801, "task_id": "fresh-eval-d798d104d5ca", "tasks": 2550, "visible_unique_passes": 0}
{"task": 802, "task_id": "sigless_437dad78f0eb", "tasks": 2550, "visible_unique_passes": 1}
{"task": 803, "task_id": "sigless_93162e2ef769", "tasks": 2550, "visible_unique_passes": 0}
{"task": 804, "task_id": "fresh-eval-3655d6211866", "tasks": 2550, "visible_unique_passes": 0}
{"task": 805, "task_id": "sigless_eb084c16b48f", "tasks": 2550, "visible_unique_passes": 1}
{"task": 806, "task_id": "sigless_94ca04b10b25", "tasks": 2550, "visible_unique_passes": 0}
{"task": 807, "task_id": "fresh-eval-731910e9790c", "tasks": 2550, "visible_unique_passes": 0}
{"task": 808, "task_id": "fresh-eval-750feb70712b", "tasks": 2550, "visible_unique_passes": 0}
{"task": 809, "task_id": "sigless_c581a903fbc2", "tasks": 2550, "visible_unique_passes": 0}
{"task": 810, "task_id": "sigless_bb624ac8d16c", "tasks": 2550, "visible_unique_passes": 0}
{"task": 811, "task_id": "sigless_dc9975f3da2b", "tasks": 2550, "visible_unique_passes": 0}
{"task": 812, "task_id": "fresh-eval-5c945545b94b", "tasks": 2550, "visible_unique_passes": 0}
{"task": 813, "task_id": "fresh-eval-e5ad72f9a3e5", "tasks": 2550, "visible_unique_passes": 0}
{"task": 814, "task_id": "sigless_ce877ce68b19", "tasks": 2550, "visible_unique_passes": 0}
{"task": 815, "task_id": "sigless_10496c53e031", "tasks": 2550, "visible_unique_passes": 0}
{"task": 816, "task_id": "sigless_e4c9064bfc27", "tasks": 2550, "visible_unique_passes": 0}
{"task": 817, "task_id": "fresh-eval-59b80d38afb6", "tasks": 2550, "visible_unique_passes": 1}
{"task": 818, "task_id": "sigless_0c18150794f0", "tasks": 2550, "visible_unique_passes": 0}
{"task": 819, "task_id": "sigless_aa68914b47a2", "tasks": 2550, "visible_unique_passes": 0}
{"task": 820, "task_id": "fresh-eval-ddd9d42e086a", "tasks": 2550, "visible_unique_passes": 0}
{"task": 821, "task_id": "fresh-eval-5a49cbd95a53", "tasks": 2550, "visible_unique_passes": 0}
{"task": 822, "task_id": "sigless_d335447f3d3b", "tasks": 2550, "visible_unique_passes": 0}
{"task": 823, "task_id": "sigless_08d9788809ed", "tasks": 2550, "visible_unique_passes": 0}
{"task": 824, "task_id": "fresh-eval-6915ceb5a268", "tasks": 2550, "visible_unique_passes": 0}
{"task": 825, "task_id": "fresh-eval-468c2c29ee7b", "tasks": 2550, "visible_unique_passes": 0}
{"task": 826, "task_id": "sigless_e5c938d40480", "tasks": 2550, "visible_unique_passes": 0}
{"task": 827, "task_id": "sigless_470f8bc43ad0", "tasks": 2550, "visible_unique_passes": 0}
{"task": 828, "task_id": "fresh-eval-1f882a192f1b", "tasks": 2550, "visible_unique_passes": 0}
{"task": 829, "task_id": "sigless_f51cc296f78e", "tasks": 2550, "visible_unique_passes": 0}
{"task": 830, "task_id": "fresh-eval-20f537e9dffc", "tasks": 2550, "visible_unique_passes": 0}
{"task": 831, "task_id": "sigless_192b20a07f88", "tasks": 2550, "visible_unique_passes": 4}
{"task": 832, "task_id": "fresh-eval-11dea928524f", "tasks": 2550, "visible_unique_passes": 0}
{"task": 833, "task_id": "sigless_4afddde485ae", "tasks": 2550, "visible_unique_passes": 0}
{"task": 834, "task_id": "sigless_cb5a96661187", "tasks": 2550, "visible_unique_passes": 1}
{"task": 835, "task_id": "sigless_a41dc6712994", "tasks": 2550, "visible_unique_passes": 0}
{"task": 836, "task_id": "fresh-eval-98329ee073db", "tasks": 2550, "visible_unique_passes": 0}
{"task": 837, "task_id": "fresh-eval-9451a700b482", "tasks": 2550, "visible_unique_passes": 0}
{"task": 838, "task_id": "sigless_9b1f40f65dfe", "tasks": 2550, "visible_unique_passes": 0}
{"task": 839, "task_id": "fresh-eval-cb128976dab9", "tasks": 2550, "visible_unique_passes": 3}
{"task": 840, "task_id": "sigless_bb5f7d1fed6b", "tasks": 2550, "visible_unique_passes": 0}
{"task": 841, "task_id": "sigless_db1ecd912d82", "tasks": 2550, "visible_unique_passes": 0}
{"task": 842, "task_id": "sigless_d6b3c77004da", "tasks": 2550, "visible_unique_passes": 0}
{"task": 843, "task_id": "fresh-eval-91558c779dc6", "tasks": 2550, "visible_unique_passes": 0}
{"task": 844, "task_id": "sigless_f2b252301242", "tasks": 2550, "visible_unique_passes": 0}
{"task": 845, "task_id": "sigless_33a109360df0", "tasks": 2550, "visible_unique_passes": 0}
{"task": 846, "task_id": "sigless_20847e928c04", "tasks": 2550, "visible_unique_passes": 0}
{"task": 847, "task_id": "sigless_1738d828c452", "tasks": 2550, "visible_unique_passes": 0}
{"task": 848, "task_id": "sigless_2c1c4052e1a7", "tasks": 2550, "visible_unique_passes": 0}
{"task": 849, "task_id": "fresh-eval-8897d78dd194", "tasks": 2550, "visible_unique_passes": 0}
{"task": 850, "task_id": "fresh-eval-3b0b9af316ea", "tasks": 2550, "visible_unique_passes": 1}
{"task": 851, "task_id": "sigless_6b02632d1a2d", "tasks": 2550, "visible_unique_passes": 2}
{"task": 852, "task_id": "fresh-eval-69d2bef7f331", "tasks": 2550, "visible_unique_passes": 0}
{"task": 853, "task_id": "sigless_c18317cdc24d", "tasks": 2550, "visible_unique_passes": 0}
{"task": 854, "task_id": "sigless_907934b05c68", "tasks": 2550, "visible_unique_passes": 0}
{"task": 855, "task_id": "fresh-eval-72d2a08f3831", "tasks": 2550, "visible_unique_passes": 0}
{"task": 856, "task_id": "sigless_57f066ca292b", "tasks": 2550, "visible_unique_passes": 0}
{"task": 857, "task_id": "sigless_db1a352a528f", "tasks": 2550, "visible_unique_passes": 0}
{"task": 858, "task_id": "sigless_7b2a343ad877", "tasks": 2550, "visible_unique_passes": 0}
{"task": 859, "task_id": "sigless_68cb01dfc7bb", "tasks": 2550, "visible_unique_passes": 0}
{"task": 860, "task_id": "sigless_1f61e3fb66d0", "tasks": 2550, "visible_unique_passes": 0}
{"task": 861, "task_id": "fresh-eval-1f7c26a66e4b", "tasks": 2550, "visible_unique_passes": 0}
{"task": 862, "task_id": "sigless_ce22430ff5d6", "tasks": 2550, "visible_unique_passes": 0}
{"task": 863, "task_id": "sigless_7e314bd29bc0", "tasks": 2550, "visible_unique_passes": 0}
{"task": 864, "task_id": "sigless_1b2e684a68fd", "tasks": 2550, "visible_unique_passes": 0}
{"task": 865, "task_id": "sigless_a0352130fbb2", "tasks": 2550, "visible_unique_passes": 1}
{"task": 866, "task_id": "sigless_477efaa63dcd", "tasks": 2550, "visible_unique_passes": 0}
{"task": 867, "task_id": "fresh-eval-d2bf3ff76579", "tasks": 2550, "visible_unique_passes": 0}
{"task": 868, "task_id": "sigless_132223c52b77", "tasks": 2550, "visible_unique_passes": 0}
{"task": 869, "task_id": "fresh-eval-ba5ea4a2b3c3", "tasks": 2550, "visible_unique_passes": 0}
{"task": 870, "task_id": "fresh-eval-56de0a9ccfae", "tasks": 2550, "visible_unique_passes": 0}
{"task": 871, "task_id": "sigless_48da30789c32", "tasks": 2550, "visible_unique_passes": 0}
{"task": 872, "task_id": "fresh-eval-c81433b26718", "tasks": 2550, "visible_unique_passes": 0}
{"task": 873, "task_id": "fresh-eval-87279127b457", "tasks": 2550, "visible_unique_passes": 3}
{"task": 874, "task_id": "fresh-eval-228e1eb388df", "tasks": 2550, "visible_unique_passes": 0}
{"task": 875, "task_id": "fresh-eval-0ea52e422125", "tasks": 2550, "visible_unique_passes": 0}
{"task": 876, "task_id": "fresh-eval-a3f59be8fbd3", "tasks": 2550, "visible_unique_passes": 1}
{"task": 877, "task_id": "sigless_873cde3e6d60", "tasks": 2550, "visible_unique_passes": 0}
{"task": 878, "task_id": "fresh-eval-70e3f4aa3009", "tasks": 2550, "visible_unique_passes": 0}
{"task": 879, "task_id": "fresh-eval-fe6e820beadd", "tasks": 2550, "visible_unique_passes": 1}
{"task": 880, "task_id": "fresh-eval-a7480c8227c1", "tasks": 2550, "visible_unique_passes": 0}
{"task": 881, "task_id": "sigless_05bfe2c6d100", "tasks": 2550, "visible_unique_passes": 1}
{"task": 882, "task_id": "sigless_542ea202d1d5", "tasks": 2550, "visible_unique_passes": 0}
{"task": 883, "task_id": "sigless_6732ad0e03c2", "tasks": 2550, "visible_unique_passes": 0}
{"task": 884, "task_id": "fresh-eval-94af567b3ff7", "tasks": 2550, "visible_unique_passes": 0}
{"task": 885, "task_id": "sigless_efb693d864b1", "tasks": 2550, "visible_unique_passes": 0}
{"task": 886, "task_id": "sigless_391449f564cd", "tasks": 2550, "visible_unique_passes": 0}
{"task": 887, "task_id": "fresh-eval-598b7983f02a", "tasks": 2550, "visible_unique_passes": 0}
{"task": 888, "task_id": "fresh-eval-6ba873eee276", "tasks": 2550, "visible_unique_passes": 0}
{"task": 889, "task_id": "fresh-eval-77f0c25e60d1", "tasks": 2550, "visible_unique_passes": 0}
{"task": 890, "task_id": "sigless_c3def4af1815", "tasks": 2550, "visible_unique_passes": 0}
{"task": 891, "task_id": "fresh-eval-33acc4a9cba3", "tasks": 2550, "visible_unique_passes": 0}
{"task": 892, "task_id": "fresh-eval-f8f8ea56ecde", "tasks": 2550, "visible_unique_passes": 0}
{"task": 893, "task_id": "sigless_1923297c7d50", "tasks": 2550, "visible_unique_passes": 0}
{"task": 894, "task_id": "fresh-eval-4315a78f8b36", "tasks": 2550, "visible_unique_passes": 0}
{"task": 895, "task_id": "sigless_bb039d862ff0", "tasks": 2550, "visible_unique_passes": 0}
{"task": 896, "task_id": "sigless_2b17ddcf6c38", "tasks": 2550, "visible_unique_passes": 0}
{"task": 897, "task_id": "sigless_cad359731735", "tasks": 2550, "visible_unique_passes": 0}
{"task": 898, "task_id": "sigless_2a1f91c3c553", "tasks": 2550, "visible_unique_passes": 0}
{"task": 899, "task_id": "fresh-eval-849fe458eb48", "tasks": 2550, "visible_unique_passes": 0}
{"task": 900, "task_id": "fresh-eval-ac3fcee7b645", "tasks": 2550, "visible_unique_passes": 0}
{"task": 901, "task_id": "sigless_65ecc2868490", "tasks": 2550, "visible_unique_passes": 0}
{"task": 902, "task_id": "sigless_03902106df36", "tasks": 2550, "visible_unique_passes": 0}
{"task": 903, "task_id": "sigless_b3772effd358", "tasks": 2550, "visible_unique_passes": 0}
{"task": 904, "task_id": "fresh-eval-fbbf142d2de3", "tasks": 2550, "visible_unique_passes": 0}
{"task": 905, "task_id": "sigless_66397ac8d150", "tasks": 2550, "visible_unique_passes": 0}
{"task": 906, "task_id": "sigless_11949d469b8a", "tasks": 2550, "visible_unique_passes": 0}
{"task": 907, "task_id": "fresh-eval-f324d9ff4309", "tasks": 2550, "visible_unique_passes": 0}
{"task": 908, "task_id": "sigless_83287f2a7c2f", "tasks": 2550, "visible_unique_passes": 0}
{"task": 909, "task_id": "fresh-eval-6febbf0a2317", "tasks": 2550, "visible_unique_passes": 0}
{"task": 910, "task_id": "sigless_35dd474101de", "tasks": 2550, "visible_unique_passes": 0}
{"task": 911, "task_id": "sigless_b4ccbe68e85e", "tasks": 2550, "visible_unique_passes": 0}
{"task": 912, "task_id": "sigless_a95675800736", "tasks": 2550, "visible_unique_passes": 2}
{"task": 913, "task_id": "fresh-eval-b2ddaeef80b6", "tasks": 2550, "visible_unique_passes": 0}
{"task": 914, "task_id": "sigless_0026465806c5", "tasks": 2550, "visible_unique_passes": 0}
{"task": 915, "task_id": "sigless_704208010f34", "tasks": 2550, "visible_unique_passes": 0}
{"task": 916, "task_id": "sigless_adb5a826e894", "tasks": 2550, "visible_unique_passes": 0}
{"task": 917, "task_id": "fresh-eval-1fa012f5af61", "tasks": 2550, "visible_unique_passes": 0}
{"task": 918, "task_id": "sigless_29617a96ff32", "tasks": 2550, "visible_unique_passes": 0}
{"task": 919, "task_id": "fresh-eval-9301f8d00d24", "tasks": 2550, "visible_unique_passes": 0}
{"task": 920, "task_id": "sigless_7284c778ac0d", "tasks": 2550, "visible_unique_passes": 0}
{"task": 921, "task_id": "sigless_7088255671b1", "tasks": 2550, "visible_unique_passes": 0}
{"task": 922, "task_id": "sigless_9a92fa9691ee", "tasks": 2550, "visible_unique_passes": 0}
{"task": 923, "task_id": "sigless_974f6c51acc7", "tasks": 2550, "visible_unique_passes": 0}
{"task": 924, "task_id": "sigless_5761828e1d48", "tasks": 2550, "visible_unique_passes": 0}
{"task": 925, "task_id": "sigless_dfe8156844d2", "tasks": 2550, "visible_unique_passes": 0}
{"task": 926, "task_id": "fresh-eval-cf841646cf91", "tasks": 2550, "visible_unique_passes": 0}
{"task": 927, "task_id": "sigless_59690a61e2a4", "tasks": 2550, "visible_unique_passes": 0}
{"task": 928, "task_id": "sigless_e4cf1f4f4c27", "tasks": 2550, "visible_unique_passes": 0}
{"task": 929, "task_id": "sigless_cbded82a5e40", "tasks": 2550, "visible_unique_passes": 0}
{"task": 930, "task_id": "fresh-eval-c1a59fd8f6ff", "tasks": 2550, "visible_unique_passes": 0}
{"task": 931, "task_id": "sigless_afc2c607fe0a", "tasks": 2550, "visible_unique_passes": 1}
{"task": 932, "task_id": "sigless_c9ae64937e34", "tasks": 2550, "visible_unique_passes": 0}
{"task": 933, "task_id": "sigless_3a0f0bb2a7be", "tasks": 2550, "visible_unique_passes": 0}
{"task": 934, "task_id": "sigless_5c7dbc974cdc", "tasks": 2550, "visible_unique_passes": 0}
{"task": 935, "task_id": "sigless_baf87012e760", "tasks": 2550, "visible_unique_passes": 0}
{"task": 936, "task_id": "fresh-eval-299e3d34eea8", "tasks": 2550, "visible_unique_passes": 0}
{"task": 937, "task_id": "sigless_834c9572e69a", "tasks": 2550, "visible_unique_passes": 0}
{"task": 938, "task_id": "sigless_a0f6463b194e", "tasks": 2550, "visible_unique_passes": 0}
{"task": 939, "task_id": "fresh-eval-7a2a960d09eb", "tasks": 2550, "visible_unique_passes": 0}
{"task": 940, "task_id": "fresh-eval-97e081e08c14", "tasks": 2550, "visible_unique_passes": 0}
{"task": 941, "task_id": "fresh-eval-048418c176e1", "tasks": 2550, "visible_unique_passes": 0}
{"task": 942, "task_id": "sigless_3ff551d952ab", "tasks": 2550, "visible_unique_passes": 4}
{"task": 943, "task_id": "sigless_23937f663130", "tasks": 2550, "visible_unique_passes": 0}
{"task": 944, "task_id": "sigless_ed9917e10d10", "tasks": 2550, "visible_unique_passes": 0}
{"task": 945, "task_id": "fresh-eval-c0749d66f755", "tasks": 2550, "visible_unique_passes": 0}
{"task": 946, "task_id": "sigless_e5c3c9909625", "tasks": 2550, "visible_unique_passes": 0}
{"task": 947, "task_id": "sigless_8eaf4520fd84", "tasks": 2550, "visible_unique_passes": 0}
{"task": 948, "task_id": "fresh-eval-6db8960b3fcd", "tasks": 2550, "visible_unique_passes": 0}
{"task": 949, "task_id": "sigless_40021a378acd", "tasks": 2550, "visible_unique_passes": 0}
{"task": 950, "task_id": "fresh-eval-b3c1cecc97a1", "tasks": 2550, "visible_unique_passes": 0}
{"task": 951, "task_id": "fresh-eval-e46edb6e5ac0", "tasks": 2550, "visible_unique_passes": 0}
{"task": 952, "task_id": "sigless_64755b013416", "tasks": 2550, "visible_unique_passes": 0}
{"task": 953, "task_id": "sigless_df98c7bdfbfa", "tasks": 2550, "visible_unique_passes": 0}
{"task": 954, "task_id": "sigless_eff214afb779", "tasks": 2550, "visible_unique_passes": 0}
{"task": 955, "task_id": "fresh-eval-5b990521baee", "tasks": 2550, "visible_unique_passes": 0}
{"task": 956, "task_id": "fresh-eval-1c6c7ef6b60e", "tasks": 2550, "visible_unique_passes": 0}
{"task": 957, "task_id": "sigless_81299d9a7119", "tasks": 2550, "visible_unique_passes": 0}
{"task": 958, "task_id": "fresh-eval-95c621702774", "tasks": 2550, "visible_unique_passes": 0}
{"task": 959, "task_id": "sigless_8e46ffdc0539", "tasks": 2550, "visible_unique_passes": 0}
{"task": 960, "task_id": "fresh-eval-5f719ea96207", "tasks": 2550, "visible_unique_passes": 0}
{"task": 961, "task_id": "fresh-eval-537dc27fc85e", "tasks": 2550, "visible_unique_passes": 0}
{"task": 962, "task_id": "sigless_a63b34e34b37", "tasks": 2550, "visible_unique_passes": 0}
{"task": 963, "task_id": "sigless_a26b35e44f9b", "tasks": 2550, "visible_unique_passes": 2}
{"task": 964, "task_id": "sigless_187885ac214a", "tasks": 2550, "visible_unique_passes": 0}
{"task": 965, "task_id": "fresh-eval-08124c6c8b48", "tasks": 2550, "visible_unique_passes": 0}
{"task": 966, "task_id": "sigless_7dca9de1e1ff", "tasks": 2550, "visible_unique_passes": 0}
{"task": 967, "task_id": "sigless_ae53329ac629", "tasks": 2550, "visible_unique_passes": 4}
{"task": 968, "task_id": "fresh-eval-83a439604a13", "tasks": 2550, "visible_unique_passes": 0}
{"task": 969, "task_id": "sigless_8e061c7e8ea8", "tasks": 2550, "visible_unique_passes": 0}
{"task": 970, "task_id": "sigless_2e3cad641e0e", "tasks": 2550, "visible_unique_passes": 0}
{"task": 971, "task_id": "fresh-eval-1b70bb506d0a", "tasks": 2550, "visible_unique_passes": 0}
{"task": 972, "task_id": "sigless_d17d50df7f1f", "tasks": 2550, "visible_unique_passes": 0}
{"task": 973, "task_id": "fresh-eval-088132e9e59f", "tasks": 2550, "visible_unique_passes": 0}
{"task": 974, "task_id": "sigless_5927884fefb4", "tasks": 2550, "visible_unique_passes": 0}
{"task": 975, "task_id": "fresh-eval-2db9c3262ad0", "tasks": 2550, "visible_unique_passes": 0}
{"task": 976, "task_id": "sigless_926705983961", "tasks": 2550, "visible_unique_passes": 0}
{"task": 977, "task_id": "sigless_d50058854fcb", "tasks": 2550, "visible_unique_passes": 0}
{"task": 978, "task_id": "fresh-eval-e954c8fb9064", "tasks": 2550, "visible_unique_passes": 0}
{"task": 979, "task_id": "sigless_7c8e98088253", "tasks": 2550, "visible_unique_passes": 1}
{"task": 980, "task_id": "sigless_f5e50d25f5af", "tasks": 2550, "visible_unique_passes": 0}
{"task": 981, "task_id": "fresh-eval-529de042f352", "tasks": 2550, "visible_unique_passes": 0}
{"task": 982, "task_id": "sigless_35bf468535bf", "tasks": 2550, "visible_unique_passes": 0}
{"task": 983, "task_id": "sigless_736e44f5b60e", "tasks": 2550, "visible_unique_passes": 0}
{"task": 984, "task_id": "sigless_a08a60a2c34f", "tasks": 2550, "visible_unique_passes": 0}
{"task": 985, "task_id": "sigless_40a26706917d", "tasks": 2550, "visible_unique_passes": 0}
{"task": 986, "task_id": "sigless_40c2d861da38", "tasks": 2550, "visible_unique_passes": 4}
{"task": 987, "task_id": "sigless_0318583ec671", "tasks": 2550, "visible_unique_passes": 0}
{"task": 988, "task_id": "sigless_7637fe73bbeb", "tasks": 2550, "visible_unique_passes": 0}
{"task": 989, "task_id": "sigless_a7bf17dd7855", "tasks": 2550, "visible_unique_passes": 0}
{"task": 990, "task_id": "fresh-eval-903f207a1822", "tasks": 2550, "visible_unique_passes": 0}
{"task": 991, "task_id": "fresh-eval-1a326a2252a0", "tasks": 2550, "visible_unique_passes": 0}
{"task": 992, "task_id": "sigless_5e85a7023303", "tasks": 2550, "visible_unique_passes": 0}
{"task": 993, "task_id": "fresh-eval-c8974d7a7119", "tasks": 2550, "visible_unique_passes": 0}
{"task": 994, "task_id": "fresh-eval-02e1af433a1e", "tasks": 2550, "visible_unique_passes": 0}
{"task": 995, "task_id": "sigless_17d5ffff4fef", "tasks": 2550, "visible_unique_passes": 0}
{"task": 996, "task_id": "fresh-eval-8e8b9707ec74", "tasks": 2550, "visible_unique_passes": 0}
{"task": 997, "task_id": "fresh-eval-4dffd7d6bcb7", "tasks": 2550, "visible_unique_passes": 0}
{"task": 998, "task_id": "sigless_98747a98cae3", "tasks": 2550, "visible_unique_passes": 0}
{"task": 999, "task_id": "sigless_64acaac520b2", "tasks": 2550, "visible_unique_passes": 0}
{"task": 1000, "task_id": "sigless_160db68bff81", "tasks": 2550, "visible_unique_passes": 4}
{"task": 1001, "task_id": "fresh-eval-95f9bb44bd41", "tasks": 2550, "visible_unique_passes": 0}
{"task": 1002, "task_id": "sigless_658c2c4687ae", "tasks": 2550, "visible_unique_passes": 0}
{"task": 1003, "task_id": "sigless_6461b6c0e332", "tasks": 2550, "visible_unique_passes": 0}
{"task": 1004, "task_id": "sigless_6b314672515e", "tasks": 2550, "visible_unique_passes": 0}
{"task": 1005, "task_id": "fresh-eval-617ecaa256c4", "tasks": 2550, "visible_unique_passes": 0}
{"task": 1006, "task_id": "fresh-eval-80976e1216c7", "tasks": 2550, "visible_unique_passes": 0}
{"task": 1007, "task_id": "sigless_f244d71cd7a9", "tasks": 2550, "visible_unique_passes": 0}
{"task": 1008, "task_id": "sigless_492415a8178c", "tasks": 2550, "visible_unique_passes": 0}
{"task": 1009, "task_id": "sigless_68bd3a92b2d2", "tasks": 2550, "visible_unique_passes": 0}
{"task": 1010, "task_id": "sigless_6c7b600c7555", "tasks": 2550, "visible_unique_passes": 0}
{"task": 1011, "task_id": "sigless_8c9317753e4a", "tasks": 2550, "visible_unique_passes": 0}
{"task": 1012, "task_id": "sigless_f82cbe0b39af", "tasks": 2550, "visible_unique_passes": 0}
{"task": 1013, "task_id": "fresh-eval-b6f75c68bc08", "tasks": 2550, "visible_unique_passes": 0}
{"task": 1014, "task_id": "sigless_069856d0b7f4", "tasks": 2550, "visible_unique_passes": 0}
{"task": 1015, "task_id": "sigless_e447695c1cef", "tasks": 2550, "visible_unique_passes": 2}
{"task": 1016, "task_id": "sigless_d2d65331e5c2", "tasks": 2550, "visible_unique_passes": 0}
{"task": 1017, "task_id": "sigless_6be8a83c7158", "tasks": 2550, "visible_unique_passes": 0}
{"task": 1018, "task_id": "sigless_6ff314f414dd", "tasks": 2550, "visible_unique_passes": 0}
{"task": 1019, "task_id": "sigless_ffb1f44c25e8", "tasks": 2550, "visible_unique_passes": 0}
{"task": 1020, "task_id": "fresh-eval-5608c068a1b8", "tasks": 2550, "visible_unique_passes": 0}
{"task": 1021, "task_id": "sigless_ea1288f01b81", "tasks": 2550, "visible_unique_passes": 0}
{"task": 1022, "task_id": "fresh-eval-9b966161ccc9", "tasks": 2550, "visible_unique_passes": 0}
{"task": 1023, "task_id": "sigless_e363d29f3912", "tasks": 2550, "visible_unique_passes": 2}
{"task": 1024, "task_id": "fresh-eval-3a552e69c008", "tasks": 2550, "visible_unique_passes": 0}
{"task": 1025, "task_id": "fresh-eval-28744e3005e3", "tasks": 2550, "visible_unique_passes": 0}
{"task": 1026, "task_id": "sigless_1f843af8f1f4", "tasks": 2550, "visible_unique_passes": 0}
{"task": 1027, "task_id": "fresh-eval-c402ce567cf4", "tasks": 2550, "visible_unique_passes": 1}
{"task": 1028, "task_id": "fresh-eval-6dc601a1f90e", "tasks": 2550, "visible_unique_passes": 0}
{"task": 1029, "task_id": "sigless_262495f5da02", "tasks": 2550, "visible_unique_passes": 0}
{"task": 1030, "task_id": "fresh-eval-03b3cae90318", "tasks": 2550, "visible_unique_passes": 0}
{"task": 1031, "task_id": "sigless_866297fd3761", "tasks": 2550, "visible_unique_passes": 0}
{"task": 1032, "task_id": "fresh-eval-e2e6354f2163", "tasks": 2550, "visible_unique_passes": 0}
{"task": 1033, "task_id": "sigless_661c3072afa4", "tasks": 2550, "visible_unique_passes": 0}
{"task": 1034, "task_id": "sigless_a0c4fe9127a8", "tasks": 2550, "visible_unique_passes": 0}
{"task": 1035, "task_id": "fresh-eval-0fc2a73949a6", "tasks": 2550, "visible_unique_passes": 0}
{"task": 1036, "task_id": "sigless_41536e079793", "tasks": 2550, "visible_unique_passes": 0}
{"task": 1037, "task_id": "sigless_4ff42a81f761", "tasks": 2550, "visible_unique_passes": 0}
{"task": 1038, "task_id": "sigless_8cb221fbe4ce", "tasks": 2550, "visible_unique_passes": 0}
{"task": 1039, "task_id": "sigless_ebc0b53b2cf0", "tasks": 2550, "visible_unique_passes": 0}
{"task": 1040, "task_id": "sigless_a218ad5d1243", "tasks": 2550, "visible_unique_passes": 0}
{"task": 1041, "task_id": "sigless_b0affe348ad0", "tasks": 2550, "visible_unique_passes": 1}
{"task": 1042, "task_id": "sigless_5202f99206f4", "tasks": 2550, "visible_unique_passes": 0}
{"task": 1043, "task_id": "sigless_af88065cd8fc", "tasks": 2550, "visible_unique_passes": 0}
{"task": 1044, "task_id": "fresh-eval-d8ad52796185", "tasks": 2550, "visible_unique_passes": 0}
{"task": 1045, "task_id": "fresh-eval-8cc3012a2df8", "tasks": 2550, "visible_unique_passes": 3}
{"task": 1046, "task_id": "sigless_4b50e8ec567a", "tasks": 2550, "visible_unique_passes": 0}
{"task": 1047, "task_id": "sigless_509c3f3df91b", "tasks": 2550, "visible_unique_passes": 0}
{"task": 1048, "task_id": "sigless_cd5d9fa4e585", "tasks": 2550, "visible_unique_passes": 0}
{"task": 1049, "task_id": "sigless_6c7cc82cf730", "tasks": 2550, "visible_unique_passes": 3}
{"task": 1050, "task_id": "fresh-eval-32a961a9b2c2", "tasks": 2550, "visible_unique_passes": 0}
{"task": 1051, "task_id": "sigless_34a9876149cb", "tasks": 2550, "visible_unique_passes": 0}
{"task": 1052, "task_id": "sigless_721b6f536099", "tasks": 2550, "visible_unique_passes": 0}
{"task": 1053, "task_id": "fresh-eval-a02e26bd6048", "tasks": 2550, "visible_unique_passes": 0}
{"task": 1054, "task_id": "sigless_8d6b90ee9293", "tasks": 2550, "visible_unique_passes": 0}
{"task": 1055, "task_id": "sigless_165be0615c4a", "tasks": 2550, "visible_unique_passes": 0}
{"task": 1056, "task_id": "sigless_83a4ee31b1f6", "tasks": 2550, "visible_unique_passes": 0}
{"task": 1057, "task_id": "fresh-eval-ab31f6afe96a", "tasks": 2550, "visible_unique_passes": 2}
{"task": 1058, "task_id": "fresh-eval-69c874c9d36e", "tasks": 2550, "visible_unique_passes": 0}
{"task": 1059, "task_id": "sigless_25ca98f83a91", "tasks": 2550, "visible_unique_passes": 0}
{"task": 1060, "task_id": "fresh-eval-fa87d491d2b9", "tasks": 2550, "visible_unique_passes": 1}
{"task": 1061, "task_id": "fresh-eval-df48652506c2", "tasks": 2550, "visible_unique_passes": 0}
{"task": 1062, "task_id": "sigless_921a14a5f720", "tasks": 2550, "visible_unique_passes": 0}
{"task": 1063, "task_id": "fresh-eval-c536abfd8cbc", "tasks": 2550, "visible_unique_passes": 0}
{"task": 1064, "task_id": "sigless_76da01dea4af", "tasks": 2550, "visible_unique_passes": 0}
{"task": 1065, "task_id": "sigless_54dbb247dde0", "tasks": 2550, "visible_unique_passes": 0}
{"task": 1066, "task_id": "fresh-eval-40b6cbf7aaef", "tasks": 2550, "visible_unique_passes": 0}
{"task": 1067, "task_id": "fresh-eval-5df63479560b", "tasks": 2550, "visible_unique_passes": 0}
{"task": 1068, "task_id": "sigless_eac299d61c41", "tasks": 2550, "visible_unique_passes": 1}
{"task": 1069, "task_id": "sigless_f41c56e5ebca", "tasks": 2550, "visible_unique_passes": 0}
{"task": 1070, "task_id": "fresh-eval-4dc2ccd35d85", "tasks": 2550, "visible_unique_passes": 0}
{"task": 1071, "task_id": "sigless_a43368a20420", "tasks": 2550, "visible_unique_passes": 0}
{"task": 1072, "task_id": "fresh-eval-758b536e9949", "tasks": 2550, "visible_unique_passes": 0}
{"task": 1073, "task_id": "sigless_9e51b855c9d0", "tasks": 2550, "visible_unique_passes": 0}
{"task": 1074, "task_id": "sigless_2109d025019a", "tasks": 2550, "visible_unique_passes": 1}
{"task": 1075, "task_id": "sigless_c18ba89385a7", "tasks": 2550, "visible_unique_passes": 0}
{"task": 1076, "task_id": "sigless_9fde04bbdde9", "tasks": 2550, "visible_unique_passes": 0}
{"task": 1077, "task_id": "sigless_449274263de4", "tasks": 2550, "visible_unique_passes": 0}
{"task": 1078, "task_id": "sigless_6e865a282c09", "tasks": 2550, "visible_unique_passes": 0}
{"task": 1079, "task_id": "fresh-eval-e13d1b4f84ec", "tasks": 2550, "visible_unique_passes": 0}
{"task": 1080, "task_id": "sigless_275bc66fb430", "tasks": 2550, "visible_unique_passes": 0}
{"task": 1081, "task_id": "fresh-eval-e5f233caad1c", "tasks": 2550, "visible_unique_passes": 0}
{"task": 1082, "task_id": "fresh-eval-8322d8576ac8", "tasks": 2550, "visible_unique_passes": 0}
{"task": 1083, "task_id": "sigless_4cf82ab8aa02", "tasks": 2550, "visible_unique_passes": 0}
{"task": 1084, "task_id": "sigless_68b87c298670", "tasks": 2550, "visible_unique_passes": 0}
{"task": 1085, "task_id": "sigless_9f39fb843bf3", "tasks": 2550, "visible_unique_passes": 0}
{"task": 1086, "task_id": "fresh-eval-72ac49a6fb92", "tasks": 2550, "visible_unique_passes": 1}
{"task": 1087, "task_id": "sigless_a5a4f9d01d65", "tasks": 2550, "visible_unique_passes": 0}
{"task": 1088, "task_id": "sigless_dbbc9b4071b8", "tasks": 2550, "visible_unique_passes": 0}
{"task": 1089, "task_id": "sigless_cb8b7f216fae", "tasks": 2550, "visible_unique_passes": 0}
{"task": 1090, "task_id": "fresh-eval-06b5e832ca86", "tasks": 2550, "visible_unique_passes": 0}
{"task": 1091, "task_id": "sigless_ed7256f89583", "tasks": 2550, "visible_unique_passes": 0}
{"task": 1092, "task_id": "fresh-eval-003dd67b29be", "tasks": 2550, "visible_unique_passes": 0}
{"task": 1093, "task_id": "sigless_48ec04f44e6e", "tasks": 2550, "visible_unique_passes": 0}
{"task": 1094, "task_id": "fresh-eval-68b40892f842", "tasks": 2550, "visible_unique_passes": 0}
{"task": 1095, "task_id": "fresh-eval-e8d8d59e9079", "tasks": 2550, "visible_unique_passes": 0}
{"task": 1096, "task_id": "sigless_78af4d8993d1", "tasks": 2550, "visible_unique_passes": 4}
{"task": 1097, "task_id": "sigless_5e9dafb2479a", "tasks": 2550, "visible_unique_passes": 2}
{"task": 1098, "task_id": "sigless_ecf748cf12af", "tasks": 2550, "visible_unique_passes": 0}
{"task": 1099, "task_id": "sigless_1a75d8cc40e0", "tasks": 2550, "visible_unique_passes": 0}
{"task": 1100, "task_id": "sigless_e9a8258d5cf4", "tasks": 2550, "visible_unique_passes": 0}
{"task": 1101, "task_id": "sigless_dca382e64e86", "tasks": 2550, "visible_unique_passes": 0}
{"task": 1102, "task_id": "sigless_a85b5ba792cf", "tasks": 2550, "visible_unique_passes": 0}
{"task": 1103, "task_id": "sigless_fc51151e9da6", "tasks": 2550, "visible_unique_passes": 1}
{"task": 1104, "task_id": "sigless_3138d93351cd", "tasks": 2550, "visible_unique_passes": 1}
{"task": 1105, "task_id": "fresh-eval-2b925e3be3ba", "tasks": 2550, "visible_unique_passes": 0}
{"task": 1106, "task_id": "sigless_5086cd138e58", "tasks": 2550, "visible_unique_passes": 0}
{"task": 1107, "task_id": "fresh-eval-cbbb017d8c15", "tasks": 2550, "visible_unique_passes": 0}
{"task": 1108, "task_id": "sigless_8a0bed8a5864", "tasks": 2550, "visible_unique_passes": 0}
{"task": 1109, "task_id": "fresh-eval-4fb2dc22526a", "tasks": 2550, "visible_unique_passes": 0}
{"task": 1110, "task_id": "sigless_d4aa83b9e134", "tasks": 2550, "visible_unique_passes": 0}
{"task": 1111, "task_id": "sigless_c41729040615", "tasks": 2550, "visible_unique_passes": 0}
{"task": 1112, "task_id": "fresh-eval-6cbcb7f64b54", "tasks": 2550, "visible_unique_passes": 0}
{"task": 1113, "task_id": "sigless_a5256a11b11e", "tasks": 2550, "visible_unique_passes": 0}
{"task": 1114, "task_id": "fresh-eval-61b2118b7444", "tasks": 2550, "visible_unique_passes": 1}
{"task": 1115, "task_id": "sigless_509ad5d6523e", "tasks": 2550, "visible_unique_passes": 0}
{"task": 1116, "task_id": "fresh-eval-44b1c77c816a", "tasks": 2550, "visible_unique_passes": 0}
{"task": 1117, "task_id": "sigless_ed2e199f472f", "tasks": 2550, "visible_unique_passes": 0}
{"task": 1118, "task_id": "fresh-eval-9307b9c3e898", "tasks": 2550, "visible_unique_passes": 0}
{"task": 1119, "task_id": "fresh-eval-f00d99f33fdf", "tasks": 2550, "visible_unique_passes": 0}
{"task": 1120, "task_id": "sigless_cc6ed6d6afd0", "tasks": 2550, "visible_unique_passes": 0}
{"task": 1121, "task_id": "sigless_627bb8b51393", "tasks": 2550, "visible_unique_passes": 0}
{"task": 1122, "task_id": "sigless_694e9c7e42ca", "tasks": 2550, "visible_unique_passes": 0}
{"task": 1123, "task_id": "sigless_e8b5f7e7d1a6", "tasks": 2550, "visible_unique_passes": 0}
{"task": 1124, "task_id": "sigless_0d974e766dcc", "tasks": 2550, "visible_unique_passes": 0}
{"task": 1125, "task_id": "sigless_277ef06ee879", "tasks": 2550, "visible_unique_passes": 0}
{"task": 1126, "task_id": "sigless_16645e6ac045", "tasks": 2550, "visible_unique_passes": 0}
{"task": 1127, "task_id": "fresh-eval-dcc8b923b42a", "tasks": 2550, "visible_unique_passes": 0}
{"task": 1128, "task_id": "sigless_fd68c63c1041", "tasks": 2550, "visible_unique_passes": 0}
{"task": 1129, "task_id": "sigless_5b0e17aa0970", "tasks": 2550, "visible_unique_passes": 0}
{"task": 1130, "task_id": "fresh-eval-81714d68a738", "tasks": 2550, "visible_unique_passes": 0}
{"task": 1131, "task_id": "sigless_19f099f43134", "tasks": 2550, "visible_unique_passes": 0}
{"task": 1132, "task_id": "sigless_2cb123ac730d", "tasks": 2550, "visible_unique_passes": 0}
{"task": 1133, "task_id": "sigless_824ec5ce79b0", "tasks": 2550, "visible_unique_passes": 0}
{"task": 1134, "task_id": "fresh-eval-6d9b89f4acb4", "tasks": 2550, "visible_unique_passes": 0}
{"task": 1135, "task_id": "fresh-eval-0ed6263ae19a", "tasks": 2550, "visible_unique_passes": 0}
{"task": 1136, "task_id": "sigless_b8882547725b", "tasks": 2550, "visible_unique_passes": 0}
{"task": 1137, "task_id": "sigless_fa6550b96029", "tasks": 2550, "visible_unique_passes": 0}
{"task": 1138, "task_id": "sigless_7db68d441a47", "tasks": 2550, "visible_unique_passes": 4}
{"task": 1139, "task_id": "sigless_ac9813d5b875", "tasks": 2550, "visible_unique_passes": 0}
{"task": 1140, "task_id": "sigless_255a0b7d8178", "tasks": 2550, "visible_unique_passes": 2}
{"task": 1141, "task_id": "sigless_4cc5205ea1c3", "tasks": 2550, "visible_unique_passes": 0}
{"task": 1142, "task_id": "fresh-eval-ff745e0f2cef", "tasks": 2550, "visible_unique_passes": 0}
{"task": 1143, "task_id": "sigless_4c483a37edd9", "tasks": 2550, "visible_unique_passes": 0}
{"task": 1144, "task_id": "sigless_fd2fb70f256a", "tasks": 2550, "visible_unique_passes": 0}
{"task": 1145, "task_id": "fresh-eval-7e5351713c65", "tasks": 2550, "visible_unique_passes": 0}
{"task": 1146, "task_id": "fresh-eval-0493e45ed745", "tasks": 2550, "visible_unique_passes": 1}
{"task": 1147, "task_id": "sigless_3b79442b6ed4", "tasks": 2550, "visible_unique_passes": 0}
{"task": 1148, "task_id": "sigless_f3e2c3b85193", "tasks": 2550, "visible_unique_passes": 0}
{"task": 1149, "task_id": "sigless_b8c3d7d38830", "tasks": 2550, "visible_unique_passes": 0}
{"task": 1150, "task_id": "sigless_3773367d1427", "tasks": 2550, "visible_unique_passes": 0}
{"task": 1151, "task_id": "sigless_16bcaf41b72c", "tasks": 2550, "visible_unique_passes": 0}
{"task": 1152, "task_id": "fresh-eval-69f7b9fbad94", "tasks": 2550, "visible_unique_passes": 0}
{"task": 1153, "task_id": "sigless_6ff0c53c4f49", "tasks": 2550, "visible_unique_passes": 0}
{"task": 1154, "task_id": "sigless_7d311535d8c7", "tasks": 2550, "visible_unique_passes": 0}
{"task": 1155, "task_id": "sigless_4f1f06f120a6", "tasks": 2550, "visible_unique_passes": 0}
{"task": 1156, "task_id": "sigless_5f66f666ffaa", "tasks": 2550, "visible_unique_passes": 0}
{"task": 1157, "task_id": "sigless_a98835a1b936", "tasks": 2550, "visible_unique_passes": 0}
{"task": 1158, "task_id": "sigless_5dd07b42bd8f", "tasks": 2550, "visible_unique_passes": 0}
{"task": 1159, "task_id": "fresh-eval-14971febdc8a", "tasks": 2550, "visible_unique_passes": 0}
{"task": 1160, "task_id": "fresh-eval-1e1ae3eb3b78", "tasks": 2550, "visible_unique_passes": 0}
{"task": 1161, "task_id": "sigless_ab5126bfa871", "tasks": 2550, "visible_unique_passes": 3}
{"task": 1162, "task_id": "sigless_ef859ff0ffc4", "tasks": 2550, "visible_unique_passes": 0}
{"task": 1163, "task_id": "sigless_41fa6d8715eb", "tasks": 2550, "visible_unique_passes": 0}
{"task": 1164, "task_id": "fresh-eval-391a5f3d8be1", "tasks": 2550, "visible_unique_passes": 0}
{"task": 1165, "task_id": "sigless_198562fcc704", "tasks": 2550, "visible_unique_passes": 0}
{"task": 1166, "task_id": "sigless_d6a577acccac", "tasks": 2550, "visible_unique_passes": 0}
{"task": 1167, "task_id": "fresh-eval-feea325c347f", "tasks": 2550, "visible_unique_passes": 0}
{"task": 1168, "task_id": "fresh-eval-48cd90343d60", "tasks": 2550, "visible_unique_passes": 0}
{"task": 1169, "task_id": "fresh-eval-d369650329af", "tasks": 2550, "visible_unique_passes": 1}
{"task": 1170, "task_id": "fresh-eval-a59d5f677ab6", "tasks": 2550, "visible_unique_passes": 0}
{"task": 1171, "task_id": "fresh-eval-1cbdf57ca1d8", "tasks": 2550, "visible_unique_passes": 0}
{"task": 1172, "task_id": "fresh-eval-f98b7c96ae8b", "tasks": 2550, "visible_unique_passes": 0}
{"task": 1173, "task_id": "fresh-eval-05d5dc4d637f", "tasks": 2550, "visible_unique_passes": 0}
{"task": 1174, "task_id": "sigless_bbbcf84d0e08", "tasks": 2550, "visible_unique_passes": 0}
{"task": 1175, "task_id": "sigless_567b3586f4af", "tasks": 2550, "visible_unique_passes": 1}
{"task": 1176, "task_id": "sigless_bfae60aff458", "tasks": 2550, "visible_unique_passes": 0}
{"task": 1177, "task_id": "sigless_4d0cb2ab25ea", "tasks": 2550, "visible_unique_passes": 0}
{"task": 1178, "task_id": "fresh-eval-153ca55eacf5", "tasks": 2550, "visible_unique_passes": 0}
{"task": 1179, "task_id": "fresh-eval-ae9730de6ebf", "tasks": 2550, "visible_unique_passes": 0}
{"task": 1180, "task_id": "fresh-eval-25247a0364a5", "tasks": 2550, "visible_unique_passes": 0}
{"task": 1181, "task_id": "sigless_ac2a7abba9ff", "tasks": 2550, "visible_unique_passes": 2}
{"task": 1182, "task_id": "sigless_6dd015213dfb", "tasks": 2550, "visible_unique_passes": 0}
{"task": 1183, "task_id": "sigless_f9ae48a939d4", "tasks": 2550, "visible_unique_passes": 0}
{"task": 1184, "task_id": "fresh-eval-0116b8b35bd8", "tasks": 2550, "visible_unique_passes": 0}
{"task": 1185, "task_id": "fresh-eval-053434525606", "tasks": 2550, "visible_unique_passes": 0}
{"task": 1186, "task_id": "sigless_9170a561ffb4", "tasks": 2550, "visible_unique_passes": 0}
{"task": 1187, "task_id": "sigless_750cbb2afc88", "tasks": 2550, "visible_unique_passes": 0}
{"task": 1188, "task_id": "fresh-eval-966bedb15910", "tasks": 2550, "visible_unique_passes": 0}
{"task": 1189, "task_id": "sigless_b53b418c9bf1", "tasks": 2550, "visible_unique_passes": 0}
{"task": 1190, "task_id": "fresh-eval-6c6e4ae0d12e", "tasks": 2550, "visible_unique_passes": 0}
{"task": 1191, "task_id": "fresh-eval-0c402b78cec7", "tasks": 2550, "visible_unique_passes": 0}
{"task": 1192, "task_id": "sigless_c654c026ae17", "tasks": 2550, "visible_unique_passes": 0}
{"task": 1193, "task_id": "sigless_f2e9ae140c31", "tasks": 2550, "visible_unique_passes": 2}
{"task": 1194, "task_id": "fresh-eval-eca57851d7e2", "tasks": 2550, "visible_unique_passes": 0}
{"task": 1195, "task_id": "sigless_b7ea5ce09860", "tasks": 2550, "visible_unique_passes": 0}
{"task": 1196, "task_id": "sigless_2a2506fe6e54", "tasks": 2550, "visible_unique_passes": 0}
{"task": 1197, "task_id": "fresh-eval-ef0cf897e22d", "tasks": 2550, "visible_unique_passes": 0}
{"task": 1198, "task_id": "sigless_993ba73baa27", "tasks": 2550, "visible_unique_passes": 1}
{"task": 1199, "task_id": "sigless_b0a7da6a0031", "tasks": 2550, "visible_unique_passes": 1}
{"task": 1200, "task_id": "sigless_d6b6d42aed74", "tasks": 2550, "visible_unique_passes": 0}
{"task": 1201, "task_id": "sigless_290ec232dd7c", "tasks": 2550, "visible_unique_passes": 0}
{"task": 1202, "task_id": "sigless_adf7885a1cb5", "tasks": 2550, "visible_unique_passes": 1}
{"task": 1203, "task_id": "sigless_cad792729acb", "tasks": 2550, "visible_unique_passes": 0}
{"task": 1204, "task_id": "sigless_24e61cb866eb", "tasks": 2550, "visible_unique_passes": 1}
{"task": 1205, "task_id": "fresh-eval-fb525e334207", "tasks": 2550, "visible_unique_passes": 0}
{"task": 1206, "task_id": "sigless_9f9af699de34", "tasks": 2550, "visible_unique_passes": 0}
{"task": 1207, "task_id": "sigless_5a513654f328", "tasks": 2550, "visible_unique_passes": 0}
{"task": 1208, "task_id": "sigless_1fd051e0f5ac", "tasks": 2550, "visible_unique_passes": 0}
{"task": 1209, "task_id": "sigless_541406b9790b", "tasks": 2550, "visible_unique_passes": 0}
{"task": 1210, "task_id": "fresh-eval-730047cb5d47", "tasks": 2550, "visible_unique_passes": 1}
{"task": 1211, "task_id": "sigless_be338ce17515", "tasks": 2550, "visible_unique_passes": 0}
{"task": 1212, "task_id": "fresh-eval-09207cb97461", "tasks": 2550, "visible_unique_passes": 0}
{"task": 1213, "task_id": "sigless_f02d857ebcf1", "tasks": 2550, "visible_unique_passes": 0}
{"task": 1214, "task_id": "sigless_a903fac60558", "tasks": 2550, "visible_unique_passes": 2}
{"task": 1215, "task_id": "sigless_cb01fbe87bc4", "tasks": 2550, "visible_unique_passes": 0}
{"task": 1216, "task_id": "fresh-eval-4096dc09a178", "tasks": 2550, "visible_unique_passes": 0}
{"task": 1217, "task_id": "sigless_604fc9c7847c", "tasks": 2550, "visible_unique_passes": 0}
{"task": 1218, "task_id": "sigless_0259c702f2a1", "tasks": 2550, "visible_unique_passes": 0}
{"task": 1219, "task_id": "sigless_75b95252c164", "tasks": 2550, "visible_unique_passes": 0}
{"task": 1220, "task_id": "fresh-eval-a77c28d48f51", "tasks": 2550, "visible_unique_passes": 0}
{"task": 1221, "task_id": "fresh-eval-ddc821d56d55", "tasks": 2550, "visible_unique_passes": 0}
{"task": 1222, "task_id": "sigless_cfd57db15ad7", "tasks": 2550, "visible_unique_passes": 0}
{"task": 1223, "task_id": "sigless_677744062f33", "tasks": 2550, "visible_unique_passes": 0}
{"task": 1224, "task_id": "sigless_10d0bbe56b6e", "tasks": 2550, "visible_unique_passes": 0}
{"task": 1225, "task_id": "sigless_42e7550180db", "tasks": 2550, "visible_unique_passes": 0}
{"task": 1226, "task_id": "sigless_5709313db58d", "tasks": 2550, "visible_unique_passes": 0}
{"task": 1227, "task_id": "sigless_a32cb6578893", "tasks": 2550, "visible_unique_passes": 2}
{"task": 1228, "task_id": "sigless_f57b47cce3c9", "tasks": 2550, "visible_unique_passes": 0}
{"task": 1229, "task_id": "sigless_5872901d959d", "tasks": 2550, "visible_unique_passes": 0}
{"task": 1230, "task_id": "sigless_82663e62aa73", "tasks": 2550, "visible_unique_passes": 0}
{"task": 1231, "task_id": "sigless_ebc735224b10", "tasks": 2550, "visible_unique_passes": 0}
{"task": 1232, "task_id": "sigless_7295efea90ce", "tasks": 2550, "visible_unique_passes": 0}
{"task": 1233, "task_id": "sigless_63ed178e201c", "tasks": 2550, "visible_unique_passes": 0}
{"task": 1234, "task_id": "fresh-eval-2866e442908d", "tasks": 2550, "visible_unique_passes": 0}
{"task": 1235, "task_id": "fresh-eval-cb4511521cfa", "tasks": 2550, "visible_unique_passes": 0}
{"task": 1236, "task_id": "sigless_7eab3a26eb78", "tasks": 2550, "visible_unique_passes": 0}
{"task": 1237, "task_id": "fresh-eval-21b48b0f080b", "tasks": 2550, "visible_unique_passes": 0}
{"task": 1238, "task_id": "sigless_a6b2d9360035", "tasks": 2550, "visible_unique_passes": 0}
{"task": 1239, "task_id": "fresh-eval-a737bc7b7b0f", "tasks": 2550, "visible_unique_passes": 0}
{"task": 1240, "task_id": "sigless_e7d0961e6696", "tasks": 2550, "visible_unique_passes": 0}
{"task": 1241, "task_id": "sigless_08b4932c76ef", "tasks": 2550, "visible_unique_passes": 0}
{"task": 1242, "task_id": "sigless_07eb50411e6e", "tasks": 2550, "visible_unique_passes": 0}
{"task": 1243, "task_id": "sigless_ab4783479a1e", "tasks": 2550, "visible_unique_passes": 0}
{"task": 1244, "task_id": "fresh-eval-85b408ff67ca", "tasks": 2550, "visible_unique_passes": 0}
{"task": 1245, "task_id": "sigless_58b3964be7ff", "tasks": 2550, "visible_unique_passes": 0}
{"task": 1246, "task_id": "sigless_73a943a35079", "tasks": 2550, "visible_unique_passes": 1}
{"task": 1247, "task_id": "sigless_10dee176dca4", "tasks": 2550, "visible_unique_passes": 0}
{"task": 1248, "task_id": "sigless_db328298f8c7", "tasks": 2550, "visible_unique_passes": 0}
{"task": 1249, "task_id": "fresh-eval-21f4b0cbc4c7", "tasks": 2550, "visible_unique_passes": 0}
{"task": 1250, "task_id": "sigless_dc847205a22a", "tasks": 2550, "visible_unique_passes": 0}
{"task": 1251, "task_id": "sigless_bb828c382a1b", "tasks": 2550, "visible_unique_passes": 0}
{"task": 1252, "task_id": "fresh-eval-4b22efc9b672", "tasks": 2550, "visible_unique_passes": 1}
{"task": 1253, "task_id": "fresh-eval-8561a60e8045", "tasks": 2550, "visible_unique_passes": 0}
{"task": 1254, "task_id": "fresh-eval-413fd255eaab", "tasks": 2550, "visible_unique_passes": 1}
{"task": 1255, "task_id": "sigless_1b50c532933b", "tasks": 2550, "visible_unique_passes": 0}
{"task": 1256, "task_id": "fresh-eval-36d05a87ddcc", "tasks": 2550, "visible_unique_passes": 0}
{"task": 1257, "task_id": "sigless_5710e0c06fe3", "tasks": 2550, "visible_unique_passes": 0}
{"task": 1258, "task_id": "sigless_d2002cb06243", "tasks": 2550, "visible_unique_passes": 0}
{"task": 1259, "task_id": "sigless_d2214425fc35", "tasks": 2550, "visible_unique_passes": 0}
{"task": 1260, "task_id": "sigless_be093ad7983f", "tasks": 2550, "visible_unique_passes": 0}
{"task": 1261, "task_id": "sigless_8db8c1a0b4c8", "tasks": 2550, "visible_unique_passes": 0}
{"task": 1262, "task_id": "sigless_1624bba57515", "tasks": 2550, "visible_unique_passes": 0}
{"task": 1263, "task_id": "fresh-eval-a06a689f8eb2", "tasks": 2550, "visible_unique_passes": 2}
{"task": 1264, "task_id": "fresh-eval-8da644d3e1ff", "tasks": 2550, "visible_unique_passes": 0}
{"task": 1265, "task_id": "fresh-eval-ba7ddf9b4406", "tasks": 2550, "visible_unique_passes": 0}
{"task": 1266, "task_id": "fresh-eval-dacaf16a526f", "tasks": 2550, "visible_unique_passes": 0}
{"task": 1267, "task_id": "fresh-eval-bc282a97dc8d", "tasks": 2550, "visible_unique_passes": 0}
{"task": 1268, "task_id": "sigless_e958b53a2ef2", "tasks": 2550, "visible_unique_passes": 0}
{"task": 1269, "task_id": "fresh-eval-80d807f36102", "tasks": 2550, "visible_unique_passes": 0}
{"task": 1270, "task_id": "sigless_86f64ad8f93b", "tasks": 2550, "visible_unique_passes": 0}
{"task": 1271, "task_id": "fresh-eval-58274e049569", "tasks": 2550, "visible_unique_passes": 0}
{"task": 1272, "task_id": "fresh-eval-33e2d39aa4d3", "tasks": 2550, "visible_unique_passes": 0}
{"task": 1273, "task_id": "fresh-eval-6025d9164b38", "tasks": 2550, "visible_unique_passes": 0}
{"task": 1274, "task_id": "sigless_c084b2fa1b52", "tasks": 2550, "visible_unique_passes": 0}
{"task": 1275, "task_id": "fresh-eval-628e548b4a1b", "tasks": 2550, "visible_unique_passes": 0}
{"task": 1276, "task_id": "sigless_a8f165178aba", "tasks": 2550, "visible_unique_passes": 0}
{"task": 1277, "task_id": "sigless_215e52943b05", "tasks": 2550, "visible_unique_passes": 0}
{"task": 1278, "task_id": "fresh-eval-a9597bbadc8e", "tasks": 2550, "visible_unique_passes": 0}
{"task": 1279, "task_id": "sigless_a4c7076f4aaf", "tasks": 2550, "visible_unique_passes": 0}
{"task": 1280, "task_id": "sigless_be5ae150746e", "tasks": 2550, "visible_unique_passes": 2}
{"task": 1281, "task_id": "fresh-eval-f013bee2fd01", "tasks": 2550, "visible_unique_passes": 0}
{"task": 1282, "task_id": "fresh-eval-553c55cff4f8", "tasks": 2550, "visible_unique_passes": 0}
{"task": 1283, "task_id": "sigless_3f8cd1073058", "tasks": 2550, "visible_unique_passes": 0}
{"task": 1284, "task_id": "fresh-eval-56de396ac740", "tasks": 2550, "visible_unique_passes": 0}
{"task": 1285, "task_id": "sigless_be7c79632490", "tasks": 2550, "visible_unique_passes": 1}
{"task": 1286, "task_id": "sigless_0175c4ce6880", "tasks": 2550, "visible_unique_passes": 0}
{"task": 1287, "task_id": "fresh-eval-cd1ca7de8751", "tasks": 2550, "visible_unique_passes": 0}
{"task": 1288, "task_id": "sigless_581d3f725aba", "tasks": 2550, "visible_unique_passes": 0}
{"task": 1289, "task_id": "sigless_b005a86c5903", "tasks": 2550, "visible_unique_passes": 0}
{"task": 1290, "task_id": "fresh-eval-8083a4f7a167", "tasks": 2550, "visible_unique_passes": 0}
{"task": 1291, "task_id": "sigless_78f759d71cd8", "tasks": 2550, "visible_unique_passes": 0}
{"task": 1292, "task_id": "sigless_ce3f8ea4ae4e", "tasks": 2550, "visible_unique_passes": 1}
{"task": 1293, "task_id": "fresh-eval-367fa1235540", "tasks": 2550, "visible_unique_passes": 0}
{"task": 1294, "task_id": "fresh-eval-59a220d83a38", "tasks": 2550, "visible_unique_passes": 1}
{"task": 1295, "task_id": "fresh-eval-9d021a91dd6d", "tasks": 2550, "visible_unique_passes": 0}
{"task": 1296, "task_id": "fresh-eval-62d5127a4250", "tasks": 2550, "visible_unique_passes": 0}
{"task": 1297, "task_id": "fresh-eval-3bc6fd8074ee", "tasks": 2550, "visible_unique_passes": 0}
{"task": 1298, "task_id": "fresh-eval-34feea4dde14", "tasks": 2550, "visible_unique_passes": 0}
{"task": 1299, "task_id": "sigless_f12c016c033a", "tasks": 2550, "visible_unique_passes": 0}
{"task": 1300, "task_id": "sigless_03c031fc2414", "tasks": 2550, "visible_unique_passes": 0}
{"task": 1301, "task_id": "sigless_252685088a75", "tasks": 2550, "visible_unique_passes": 0}
{"task": 1302, "task_id": "sigless_16e10df556ef", "tasks": 2550, "visible_unique_passes": 0}
{"task": 1303, "task_id": "fresh-eval-77b6155fc5e7", "tasks": 2550, "visible_unique_passes": 0}
{"task": 1304, "task_id": "fresh-eval-e59675779b7d", "tasks": 2550, "visible_unique_passes": 0}
{"task": 1305, "task_id": "sigless_388c314e6431", "tasks": 2550, "visible_unique_passes": 0}
{"task": 1306, "task_id": "sigless_c04ed9af1879", "tasks": 2550, "visible_unique_passes": 0}
{"task": 1307, "task_id": "fresh-eval-5ef56d9abcb3", "tasks": 2550, "visible_unique_passes": 0}
{"task": 1308, "task_id": "sigless_ba202ac63e22", "tasks": 2550, "visible_unique_passes": 1}
{"task": 1309, "task_id": "sigless_994ed9c36e27", "tasks": 2550, "visible_unique_passes": 0}
{"task": 1310, "task_id": "sigless_46c3cfe42052", "tasks": 2550, "visible_unique_passes": 0}
{"task": 1311, "task_id": "sigless_b368cb06bde1", "tasks": 2550, "visible_unique_passes": 0}
{"task": 1312, "task_id": "sigless_30bb765f383a", "tasks": 2550, "visible_unique_passes": 0}
{"task": 1313, "task_id": "sigless_9fb84135ed20", "tasks": 2550, "visible_unique_passes": 0}
{"task": 1314, "task_id": "fresh-eval-f627a5cf25ef", "tasks": 2550, "visible_unique_passes": 0}
{"task": 1315, "task_id": "fresh-eval-7ad048777030", "tasks": 2550, "visible_unique_passes": 0}
{"task": 1316, "task_id": "sigless_a24574f2a414", "tasks": 2550, "visible_unique_passes": 0}
{"task": 1317, "task_id": "sigless_256b13a91498", "tasks": 2550, "visible_unique_passes": 0}
{"task": 1318, "task_id": "sigless_675a0a1c1519", "tasks": 2550, "visible_unique_passes": 0}
{"task": 1319, "task_id": "fresh-eval-66b3a41f1db3", "tasks": 2550, "visible_unique_passes": 0}
{"task": 1320, "task_id": "sigless_a373cc2baf70", "tasks": 2550, "visible_unique_passes": 0}
{"task": 1321, "task_id": "fresh-eval-b6faa6e319a4", "tasks": 2550, "visible_unique_passes": 0}
{"task": 1322, "task_id": "sigless_c9e4990c51f6", "tasks": 2550, "visible_unique_passes": 0}
{"task": 1323, "task_id": "sigless_028211648fc5", "tasks": 2550, "visible_unique_passes": 0}
{"task": 1324, "task_id": "sigless_18652c4a9084", "tasks": 2550, "visible_unique_passes": 4}
{"task": 1325, "task_id": "sigless_ff88740d3e0a", "tasks": 2550, "visible_unique_passes": 0}
{"task": 1326, "task_id": "sigless_bafbec2fb030", "tasks": 2550, "visible_unique_passes": 0}
{"task": 1327, "task_id": "sigless_f60ae09084ad", "tasks": 2550, "visible_unique_passes": 0}
{"task": 1328, "task_id": "sigless_f83ac3a99d86", "tasks": 2550, "visible_unique_passes": 0}
{"task": 1329, "task_id": "fresh-eval-c0d8f9b8994e", "tasks": 2550, "visible_unique_passes": 0}
{"task": 1330, "task_id": "sigless_a39943f30e05", "tasks": 2550, "visible_unique_passes": 0}
{"task": 1331, "task_id": "fresh-eval-faabaaf30e4f", "tasks": 2550, "visible_unique_passes": 0}
{"task": 1332, "task_id": "fresh-eval-9f44c7101ee6", "tasks": 2550, "visible_unique_passes": 0}
{"task": 1333, "task_id": "fresh-eval-492c360c10de", "tasks": 2550, "visible_unique_passes": 0}
{"task": 1334, "task_id": "fresh-eval-a5ed1213af84", "tasks": 2550, "visible_unique_passes": 0}
{"task": 1335, "task_id": "sigless_6eb97f7722d4", "tasks": 2550, "visible_unique_passes": 0}
{"task": 1336, "task_id": "sigless_37a89d6ec41a", "tasks": 2550, "visible_unique_passes": 0}
{"task": 1337, "task_id": "sigless_37e338b85da4", "tasks": 2550, "visible_unique_passes": 0}
{"task": 1338, "task_id": "fresh-eval-c4d9c5fb2205", "tasks": 2550, "visible_unique_passes": 0}
{"task": 1339, "task_id": "sigless_e5698447616d", "tasks": 2550, "visible_unique_passes": 0}
{"task": 1340, "task_id": "sigless_245fb6173f5d", "tasks": 2550, "visible_unique_passes": 1}
{"task": 1341, "task_id": "fresh-eval-219f9591bad3", "tasks": 2550, "visible_unique_passes": 0}
{"task": 1342, "task_id": "sigless_c11f51dca221", "tasks": 2550, "visible_unique_passes": 0}
{"task": 1343, "task_id": "sigless_91d0a51c71d9", "tasks": 2550, "visible_unique_passes": 0}
{"task": 1344, "task_id": "sigless_822d0f620f78", "tasks": 2550, "visible_unique_passes": 0}
{"task": 1345, "task_id": "sigless_d790ff6bf02e", "tasks": 2550, "visible_unique_passes": 0}
{"task": 1346, "task_id": "fresh-eval-3cc3a1459d3f", "tasks": 2550, "visible_unique_passes": 0}
{"task": 1347, "task_id": "sigless_614262e191e5", "tasks": 2550, "visible_unique_passes": 4}
{"task": 1348, "task_id": "sigless_5a30d6da004b", "tasks": 2550, "visible_unique_passes": 3}
{"task": 1349, "task_id": "sigless_16f4b13e040d", "tasks": 2550, "visible_unique_passes": 0}
{"task": 1350, "task_id": "fresh-eval-bf93c13108eb", "tasks": 2550, "visible_unique_passes": 0}
{"task": 1351, "task_id": "fresh-eval-0f4664b0ee2b", "tasks": 2550, "visible_unique_passes": 0}
{"task": 1352, "task_id": "sigless_04fe0abfa30b", "tasks": 2550, "visible_unique_passes": 0}
{"task": 1353, "task_id": "fresh-eval-272a94d357a5", "tasks": 2550, "visible_unique_passes": 0}
{"task": 1354, "task_id": "sigless_a63618b7280a", "tasks": 2550, "visible_unique_passes": 0}
{"task": 1355, "task_id": "fresh-eval-55aab0b8b807", "tasks": 2550, "visible_unique_passes": 0}
{"task": 1356, "task_id": "fresh-eval-c9a1dac8b9d8", "tasks": 2550, "visible_unique_passes": 0}
{"task": 1357, "task_id": "fresh-eval-7a23087e87f0", "tasks": 2550, "visible_unique_passes": 0}
{"task": 1358, "task_id": "fresh-eval-927b729728de", "tasks": 2550, "visible_unique_passes": 0}
{"task": 1359, "task_id": "sigless_943c0406ecfa", "tasks": 2550, "visible_unique_passes": 0}
{"task": 1360, "task_id": "sigless_70bf273eff25", "tasks": 2550, "visible_unique_passes": 0}
{"task": 1361, "task_id": "sigless_ec039702977f", "tasks": 2550, "visible_unique_passes": 0}
{"task": 1362, "task_id": "sigless_8299a25e8f8d", "tasks": 2550, "visible_unique_passes": 0}
{"task": 1363, "task_id": "fresh-eval-06b5623025dd", "tasks": 2550, "visible_unique_passes": 0}
{"task": 1364, "task_id": "sigless_fd20abcd2c91", "tasks": 2550, "visible_unique_passes": 0}
{"task": 1365, "task_id": "fresh-eval-b0032eb5e406", "tasks": 2550, "visible_unique_passes": 0}
{"task": 1366, "task_id": "sigless_76dc385f978b", "tasks": 2550, "visible_unique_passes": 0}
{"task": 1367, "task_id": "sigless_7ceba7eab1b6", "tasks": 2550, "visible_unique_passes": 1}
{"task": 1368, "task_id": "fresh-eval-ebd1d46dd96e", "tasks": 2550, "visible_unique_passes": 0}
{"task": 1369, "task_id": "fresh-eval-c3c01c2ab001", "tasks": 2550, "visible_unique_passes": 0}
{"task": 1370, "task_id": "fresh-eval-48a85d93ad4d", "tasks": 2550, "visible_unique_passes": 1}
{"task": 1371, "task_id": "sigless_38d9d69d539c", "tasks": 2550, "visible_unique_passes": 0}
{"task": 1372, "task_id": "sigless_c2b3687c14d6", "tasks": 2550, "visible_unique_passes": 0}
{"task": 1373, "task_id": "fresh-eval-61f17f443aaf", "tasks": 2550, "visible_unique_passes": 0}
{"task": 1374, "task_id": "fresh-eval-e67c5ae7e025", "tasks": 2550, "visible_unique_passes": 0}
{"task": 1375, "task_id": "sigless_3e559f4d0f59", "tasks": 2550, "visible_unique_passes": 0}
{"task": 1376, "task_id": "sigless_019cb11e62b5", "tasks": 2550, "visible_unique_passes": 0}
{"task": 1377, "task_id": "sigless_cb7f0dda4063", "tasks": 2550, "visible_unique_passes": 0}
{"task": 1378, "task_id": "fresh-eval-7aa103bf15ef", "tasks": 2550, "visible_unique_passes": 2}
{"task": 1379, "task_id": "fresh-eval-ff800115be6d", "tasks": 2550, "visible_unique_passes": 0}
{"task": 1380, "task_id": "fresh-eval-b3ce0b24cd53", "tasks": 2550, "visible_unique_passes": 0}
{"task": 1381, "task_id": "sigless_857807765dcc", "tasks": 2550, "visible_unique_passes": 0}
{"task": 1382, "task_id": "sigless_44b5b8de7031", "tasks": 2550, "visible_unique_passes": 0}
{"task": 1383, "task_id": "sigless_6ed6d93b57fc", "tasks": 2550, "visible_unique_passes": 0}
{"task": 1384, "task_id": "sigless_affd6967e62e", "tasks": 2550, "visible_unique_passes": 1}
{"task": 1385, "task_id": "sigless_c64047238b2e", "tasks": 2550, "visible_unique_passes": 0}
{"task": 1386, "task_id": "sigless_f09d9557f98c", "tasks": 2550, "visible_unique_passes": 0}
{"task": 1387, "task_id": "sigless_5048df068f10", "tasks": 2550, "visible_unique_passes": 0}
{"task": 1388, "task_id": "sigless_a44286e7f2d8", "tasks": 2550, "visible_unique_passes": 0}
{"task": 1389, "task_id": "fresh-eval-f0acb5dad35c", "tasks": 2550, "visible_unique_passes": 0}
{"task": 1390, "task_id": "sigless_4ce2c0558a79", "tasks": 2550, "visible_unique_passes": 0}
{"task": 1391, "task_id": "fresh-eval-20691924ead8", "tasks": 2550, "visible_unique_passes": 0}
{"task": 1392, "task_id": "sigless_c503921bae7a", "tasks": 2550, "visible_unique_passes": 0}
{"task": 1393, "task_id": "fresh-eval-2f477f9ac371", "tasks": 2550, "visible_unique_passes": 0}
{"task": 1394, "task_id": "sigless_e2e1bd8444c2", "tasks": 2550, "visible_unique_passes": 0}
{"task": 1395, "task_id": "sigless_c87d2c98aa3b", "tasks": 2550, "visible_unique_passes": 0}
{"task": 1396, "task_id": "sigless_211bc5d1b816", "tasks": 2550, "visible_unique_passes": 2}
{"task": 1397, "task_id": "sigless_e71254a0cf98", "tasks": 2550, "visible_unique_passes": 0}
{"task": 1398, "task_id": "fresh-eval-4e195e82a545", "tasks": 2550, "visible_unique_passes": 0}
{"task": 1399, "task_id": "fresh-eval-2b7caec2955a", "tasks": 2550, "visible_unique_passes": 0}
{"task": 1400, "task_id": "fresh-eval-0c9caf6537c9", "tasks": 2550, "visible_unique_passes": 0}
{"task": 1401, "task_id": "fresh-eval-dd975ed5af19", "tasks": 2550, "visible_unique_passes": 0}
{"task": 1402, "task_id": "sigless_737020729913", "tasks": 2550, "visible_unique_passes": 0}
{"task": 1403, "task_id": "fresh-eval-2297684056ac", "tasks": 2550, "visible_unique_passes": 0}
{"task": 1404, "task_id": "fresh-eval-bba439e8c1c5", "tasks": 2550, "visible_unique_passes": 1}
{"task": 1405, "task_id": "sigless_1561f962fc9e", "tasks": 2550, "visible_unique_passes": 0}
{"task": 1406, "task_id": "sigless_da17de4fe313", "tasks": 2550, "visible_unique_passes": 0}
{"task": 1407, "task_id": "sigless_f221251b6b7f", "tasks": 2550, "visible_unique_passes": 0}
{"task": 1408, "task_id": "sigless_acf1bac39dff", "tasks": 2550, "visible_unique_passes": 0}
{"task": 1409, "task_id": "fresh-eval-6836854c5a96", "tasks": 2550, "visible_unique_passes": 0}
{"task": 1410, "task_id": "fresh-eval-3a8d77c98e3a", "tasks": 2550, "visible_unique_passes": 0}
{"task": 1411, "task_id": "fresh-eval-0c22ff1fdb3e", "tasks": 2550, "visible_unique_passes": 0}
{"task": 1412, "task_id": "sigless_bfde11b99b84", "tasks": 2550, "visible_unique_passes": 0}
{"task": 1413, "task_id": "sigless_036147af4595", "tasks": 2550, "visible_unique_passes": 1}
{"task": 1414, "task_id": "sigless_735f3061a675", "tasks": 2550, "visible_unique_passes": 0}
{"task": 1415, "task_id": "sigless_e74e85959ddf", "tasks": 2550, "visible_unique_passes": 0}
{"task": 1416, "task_id": "fresh-eval-0d08b3312a27", "tasks": 2550, "visible_unique_passes": 0}
{"task": 1417, "task_id": "sigless_75e668b01b85", "tasks": 2550, "visible_unique_passes": 0}
{"task": 1418, "task_id": "fresh-eval-cbd8e82087d6", "tasks": 2550, "visible_unique_passes": 0}
{"task": 1419, "task_id": "fresh-eval-25ce5c7565f3", "tasks": 2550, "visible_unique_passes": 0}
{"task": 1420, "task_id": "sigless_54895a555e71", "tasks": 2550, "visible_unique_passes": 0}
{"task": 1421, "task_id": "sigless_cec340d14e20", "tasks": 2550, "visible_unique_passes": 0}
{"task": 1422, "task_id": "fresh-eval-d183d265e544", "tasks": 2550, "visible_unique_passes": 0}
{"task": 1423, "task_id": "fresh-eval-46fd1f72d9f1", "tasks": 2550, "visible_unique_passes": 3}
{"task": 1424, "task_id": "sigless_978e6e0fc30a", "tasks": 2550, "visible_unique_passes": 0}
{"task": 1425, "task_id": "sigless_48b20185823d", "tasks": 2550, "visible_unique_passes": 0}
{"task": 1426, "task_id": "sigless_164c7fcca78f", "tasks": 2550, "visible_unique_passes": 0}
{"task": 1427, "task_id": "fresh-eval-251815ae7c4f", "tasks": 2550, "visible_unique_passes": 0}
{"task": 1428, "task_id": "fresh-eval-dba1fc9af285", "tasks": 2550, "visible_unique_passes": 0}
{"task": 1429, "task_id": "sigless_bdf9e7753934", "tasks": 2550, "visible_unique_passes": 0}
{"task": 1430, "task_id": "fresh-eval-9fba4f2fd643", "tasks": 2550, "visible_unique_passes": 0}
{"task": 1431, "task_id": "sigless_81ec67fa4418", "tasks": 2550, "visible_unique_passes": 0}
{"task": 1432, "task_id": "sigless_67dc6a67e2fa", "tasks": 2550, "visible_unique_passes": 0}
{"task": 1433, "task_id": "fresh-eval-3d561cce1c3a", "tasks": 2550, "visible_unique_passes": 0}
{"task": 1434, "task_id": "sigless_b06a7032c94d", "tasks": 2550, "visible_unique_passes": 0}
{"task": 1435, "task_id": "sigless_0b1aeec69fdd", "tasks": 2550, "visible_unique_passes": 3}
{"task": 1436, "task_id": "sigless_7964c00b2567", "tasks": 2550, "visible_unique_passes": 1}
{"task": 1437, "task_id": "sigless_5576eacf8857", "tasks": 2550, "visible_unique_passes": 0}
{"task": 1438, "task_id": "fresh-eval-e73c0a8bb127", "tasks": 2550, "visible_unique_passes": 0}
{"task": 1439, "task_id": "fresh-eval-1c6ae64ce92f", "tasks": 2550, "visible_unique_passes": 0}
{"task": 1440, "task_id": "sigless_0aacd006f897", "tasks": 2550, "visible_unique_passes": 0}
{"task": 1441, "task_id": "sigless_aea7dbe52ffd", "tasks": 2550, "visible_unique_passes": 0}
{"task": 1442, "task_id": "sigless_ced22ff988f0", "tasks": 2550, "visible_unique_passes": 0}
{"task": 1443, "task_id": "fresh-eval-cc9937dc7ae6", "tasks": 2550, "visible_unique_passes": 0}
{"task": 1444, "task_id": "fresh-eval-d05aa462136e", "tasks": 2550, "visible_unique_passes": 2}
{"task": 1445, "task_id": "sigless_b3b42cca3e2e", "tasks": 2550, "visible_unique_passes": 0}
{"task": 1446, "task_id": "sigless_1fa125aae2e1", "tasks": 2550, "visible_unique_passes": 0}
{"task": 1447, "task_id": "sigless_3271c74e2301", "tasks": 2550, "visible_unique_passes": 0}
{"task": 1448, "task_id": "sigless_0760e69c581d", "tasks": 2550, "visible_unique_passes": 0}
{"task": 1449, "task_id": "sigless_dc2e38d4137a", "tasks": 2550, "visible_unique_passes": 0}
{"task": 1450, "task_id": "fresh-eval-2a41476e7548", "tasks": 2550, "visible_unique_passes": 0}
{"task": 1451, "task_id": "fresh-eval-088cc68e4e05", "tasks": 2550, "visible_unique_passes": 0}
{"task": 1452, "task_id": "fresh-eval-6278556be125", "tasks": 2550, "visible_unique_passes": 0}
{"task": 1453, "task_id": "sigless_6a8dc6897ded", "tasks": 2550, "visible_unique_passes": 0}
{"task": 1454, "task_id": "fresh-eval-8e7e610afcc6", "tasks": 2550, "visible_unique_passes": 0}
{"task": 1455, "task_id": "sigless_1f21dd7f4660", "tasks": 2550, "visible_unique_passes": 0}
{"task": 1456, "task_id": "sigless_267cb138e158", "tasks": 2550, "visible_unique_passes": 0}
{"task": 1457, "task_id": "fresh-eval-9efe4e5e5547", "tasks": 2550, "visible_unique_passes": 0}
{"task": 1458, "task_id": "sigless_c3a7f8be934b", "tasks": 2550, "visible_unique_passes": 0}
{"task": 1459, "task_id": "fresh-eval-f7a9ce49f8ce", "tasks": 2550, "visible_unique_passes": 0}
{"task": 1460, "task_id": "sigless_9abe00ccebbf", "tasks": 2550, "visible_unique_passes": 0}
{"task": 1461, "task_id": "sigless_09ddb7108e86", "tasks": 2550, "visible_unique_passes": 2}
{"task": 1462, "task_id": "sigless_90b87a48f3be", "tasks": 2550, "visible_unique_passes": 0}
{"task": 1463, "task_id": "fresh-eval-4628d7a6e264", "tasks": 2550, "visible_unique_passes": 0}
{"task": 1464, "task_id": "fresh-eval-884969851ea2", "tasks": 2550, "visible_unique_passes": 0}
{"task": 1465, "task_id": "fresh-eval-c0c0f5c0dfb2", "tasks": 2550, "visible_unique_passes": 0}
{"task": 1466, "task_id": "sigless_6e4d3d79c9ce", "tasks": 2550, "visible_unique_passes": 0}
{"task": 1467, "task_id": "sigless_3ab26101ff63", "tasks": 2550, "visible_unique_passes": 0}
{"task": 1468, "task_id": "sigless_ceb9dc2356de", "tasks": 2550, "visible_unique_passes": 0}
{"task": 1469, "task_id": "sigless_6b7c99340d51", "tasks": 2550, "visible_unique_passes": 0}
{"task": 1470, "task_id": "sigless_2dec5f792073", "tasks": 2550, "visible_unique_passes": 4}
{"task": 1471, "task_id": "fresh-eval-3e8c6ab72c32", "tasks": 2550, "visible_unique_passes": 0}
{"task": 1472, "task_id": "sigless_25aaddbffecb", "tasks": 2550, "visible_unique_passes": 2}
{"task": 1473, "task_id": "sigless_d020ba845c7d", "tasks": 2550, "visible_unique_passes": 0}
{"task": 1474, "task_id": "fresh-eval-6a08a4945c4d", "tasks": 2550, "visible_unique_passes": 0}
{"task": 1475, "task_id": "sigless_bff3b049ffef", "tasks": 2550, "visible_unique_passes": 2}
{"task": 1476, "task_id": "sigless_5249960ce9fb", "tasks": 2550, "visible_unique_passes": 0}
{"task": 1477, "task_id": "fresh-eval-46a41e744a24", "tasks": 2550, "visible_unique_passes": 0}
{"task": 1478, "task_id": "sigless_92b0f94ad966", "tasks": 2550, "visible_unique_passes": 3}
{"task": 1479, "task_id": "fresh-eval-5bf9261c1ae1", "tasks": 2550, "visible_unique_passes": 0}
{"task": 1480, "task_id": "fresh-eval-8a3712558f1b", "tasks": 2550, "visible_unique_passes": 0}
{"task": 1481, "task_id": "fresh-eval-5d6b932b3399", "tasks": 2550, "visible_unique_passes": 0}
{"task": 1482, "task_id": "sigless_2e3e17ad3f24", "tasks": 2550, "visible_unique_passes": 0}
{"task": 1483, "task_id": "sigless_04fce95fb003", "tasks": 2550, "visible_unique_passes": 0}
{"task": 1484, "task_id": "sigless_de99a1e30701", "tasks": 2550, "visible_unique_passes": 0}
{"task": 1485, "task_id": "fresh-eval-f6d3cbd0823f", "tasks": 2550, "visible_unique_passes": 0}
{"task": 1486, "task_id": "sigless_e5b673ececc2", "tasks": 2550, "visible_unique_passes": 0}
{"task": 1487, "task_id": "sigless_7865e1f554ea", "tasks": 2550, "visible_unique_passes": 0}
{"task": 1488, "task_id": "fresh-eval-8964beebe130", "tasks": 2550, "visible_unique_passes": 0}
{"task": 1489, "task_id": "fresh-eval-65f3123ad6a0", "tasks": 2550, "visible_unique_passes": 0}
{"task": 1490, "task_id": "sigless_a069da56acfa", "tasks": 2550, "visible_unique_passes": 0}
{"task": 1491, "task_id": "sigless_d904dfa4a770", "tasks": 2550, "visible_unique_passes": 1}
{"task": 1492, "task_id": "fresh-eval-3f551d719b8e", "tasks": 2550, "visible_unique_passes": 0}
{"task": 1493, "task_id": "fresh-eval-b5a13aecbb19", "tasks": 2550, "visible_unique_passes": 0}
{"task": 1494, "task_id": "sigless_7b5341499e11", "tasks": 2550, "visible_unique_passes": 4}
{"task": 1495, "task_id": "sigless_c25fea17b550", "tasks": 2550, "visible_unique_passes": 0}
{"task": 1496, "task_id": "sigless_87959dac9b18", "tasks": 2550, "visible_unique_passes": 0}
{"task": 1497, "task_id": "sigless_e9edc1b9d456", "tasks": 2550, "visible_unique_passes": 0}
{"task": 1498, "task_id": "sigless_823cb6ece12c", "tasks": 2550, "visible_unique_passes": 2}
{"task": 1499, "task_id": "sigless_32ab828bc1f1", "tasks": 2550, "visible_unique_passes": 0}
{"task": 1500, "task_id": "fresh-eval-c671e0c2096d", "tasks": 2550, "visible_unique_passes": 0}
{"task": 1501, "task_id": "fresh-eval-537869253b63", "tasks": 2550, "visible_unique_passes": 0}
{"task": 1502, "task_id": "sigless_cefec9f42b63", "tasks": 2550, "visible_unique_passes": 0}
{"task": 1503, "task_id": "sigless_79c0c2a11d73", "tasks": 2550, "visible_unique_passes": 0}
{"task": 1504, "task_id": "sigless_838f66be3591", "tasks": 2550, "visible_unique_passes": 0}
{"task": 1505, "task_id": "sigless_f65e0d707580", "tasks": 2550, "visible_unique_passes": 0}
{"task": 1506, "task_id": "sigless_8774c1cef8c5", "tasks": 2550, "visible_unique_passes": 0}
{"task": 1507, "task_id": "fresh-eval-ffeb652f75cd", "tasks": 2550, "visible_unique_passes": 0}
{"task": 1508, "task_id": "fresh-eval-af2c99538c53", "tasks": 2550, "visible_unique_passes": 0}
{"task": 1509, "task_id": "sigless_cc0de96caf05", "tasks": 2550, "visible_unique_passes": 0}
{"task": 1510, "task_id": "sigless_1dd3c0084125", "tasks": 2550, "visible_unique_passes": 0}
{"task": 1511, "task_id": "sigless_28be1b99f998", "tasks": 2550, "visible_unique_passes": 0}
{"task": 1512, "task_id": "sigless_179bd653c6f4", "tasks": 2550, "visible_unique_passes": 0}
{"task": 1513, "task_id": "sigless_560165a1604f", "tasks": 2550, "visible_unique_passes": 0}
{"task": 1514, "task_id": "fresh-eval-fa901890264f", "tasks": 2550, "visible_unique_passes": 0}
{"task": 1515, "task_id": "sigless_4833dbf8eee7", "tasks": 2550, "visible_unique_passes": 1}
{"task": 1516, "task_id": "sigless_4643689d0568", "tasks": 2550, "visible_unique_passes": 0}
{"task": 1517, "task_id": "sigless_36a3afeeec98", "tasks": 2550, "visible_unique_passes": 0}
{"task": 1518, "task_id": "sigless_b92855c49992", "tasks": 2550, "visible_unique_passes": 3}
{"task": 1519, "task_id": "sigless_6fe01b777085", "tasks": 2550, "visible_unique_passes": 3}
{"task": 1520, "task_id": "sigless_a28537742896", "tasks": 2550, "visible_unique_passes": 0}
{"task": 1521, "task_id": "sigless_c6c0e58fb84c", "tasks": 2550, "visible_unique_passes": 0}
{"task": 1522, "task_id": "sigless_ed2e51023840", "tasks": 2550, "visible_unique_passes": 0}
{"task": 1523, "task_id": "sigless_4f6b7ccb866f", "tasks": 2550, "visible_unique_passes": 0}
{"task": 1524, "task_id": "sigless_68a36e57f2f6", "tasks": 2550, "visible_unique_passes": 0}
{"task": 1525, "task_id": "sigless_9887d7c81f2b", "tasks": 2550, "visible_unique_passes": 2}
{"task": 1526, "task_id": "sigless_6b1b536baaf8", "tasks": 2550, "visible_unique_passes": 0}
{"task": 1527, "task_id": "sigless_a8ba6bf5b57a", "tasks": 2550, "visible_unique_passes": 0}
{"task": 1528, "task_id": "sigless_d0e3d86c264d", "tasks": 2550, "visible_unique_passes": 0}
{"task": 1529, "task_id": "fresh-eval-a51b430261b6", "tasks": 2550, "visible_unique_passes": 0}
{"task": 1530, "task_id": "sigless_bbb48f871d84", "tasks": 2550, "visible_unique_passes": 3}
{"task": 1531, "task_id": "fresh-eval-399dbd912db4", "tasks": 2550, "visible_unique_passes": 0}
{"task": 1532, "task_id": "fresh-eval-eed472934e88", "tasks": 2550, "visible_unique_passes": 0}
{"task": 1533, "task_id": "sigless_ba698ed738e9", "tasks": 2550, "visible_unique_passes": 0}
{"task": 1534, "task_id": "sigless_fcd0d6de18a1", "tasks": 2550, "visible_unique_passes": 0}
{"task": 1535, "task_id": "fresh-eval-dbdee5f00311", "tasks": 2550, "visible_unique_passes": 0}
{"task": 1536, "task_id": "sigless_19edcdb64f02", "tasks": 2550, "visible_unique_passes": 0}
{"task": 1537, "task_id": "sigless_eadba030569c", "tasks": 2550, "visible_unique_passes": 0}
{"task": 1538, "task_id": "sigless_ad7fe64deac0", "tasks": 2550, "visible_unique_passes": 0}
{"task": 1539, "task_id": "sigless_4f6d18d2a3d3", "tasks": 2550, "visible_unique_passes": 1}
{"task": 1540, "task_id": "sigless_96857a2fd055", "tasks": 2550, "visible_unique_passes": 0}
{"task": 1541, "task_id": "sigless_106097bc0fa1", "tasks": 2550, "visible_unique_passes": 2}
{"task": 1542, "task_id": "sigless_ca74ce66306b", "tasks": 2550, "visible_unique_passes": 0}
{"task": 1543, "task_id": "sigless_66571e00a72e", "tasks": 2550, "visible_unique_passes": 1}
{"task": 1544, "task_id": "sigless_dae7a76f7a63", "tasks": 2550, "visible_unique_passes": 0}
{"task": 1545, "task_id": "fresh-eval-bcdd94b70b3c", "tasks": 2550, "visible_unique_passes": 0}
{"task": 1546, "task_id": "sigless_d490f1ee7cca", "tasks": 2550, "visible_unique_passes": 0}
{"task": 1547, "task_id": "sigless_bcaaa62ab040", "tasks": 2550, "visible_unique_passes": 0}
{"task": 1548, "task_id": "sigless_b2c4d026b5ba", "tasks": 2550, "visible_unique_passes": 0}
{"task": 1549, "task_id": "sigless_f914e7f69cb1", "tasks": 2550, "visible_unique_passes": 0}
{"task": 1550, "task_id": "sigless_771620b826b2", "tasks": 2550, "visible_unique_passes": 0}
{"task": 1551, "task_id": "sigless_e56f17a1c99c", "tasks": 2550, "visible_unique_passes": 0}
{"task": 1552, "task_id": "fresh-eval-01e86e5a5646", "tasks": 2550, "visible_unique_passes": 0}
{"task": 1553, "task_id": "sigless_55242a39e781", "tasks": 2550, "visible_unique_passes": 1}
{"task": 1554, "task_id": "sigless_ba91090ce32c", "tasks": 2550, "visible_unique_passes": 1}
{"task": 1555, "task_id": "fresh-eval-07c651bf9fa0", "tasks": 2550, "visible_unique_passes": 0}
{"task": 1556, "task_id": "sigless_432ddd2eace6", "tasks": 2550, "visible_unique_passes": 0}
{"task": 1557, "task_id": "sigless_ab267dcfcb70", "tasks": 2550, "visible_unique_passes": 0}
{"task": 1558, "task_id": "sigless_6e41970b141e", "tasks": 2550, "visible_unique_passes": 0}
{"task": 1559, "task_id": "fresh-eval-ab076010ff34", "tasks": 2550, "visible_unique_passes": 0}
{"task": 1560, "task_id": "sigless_9b86bec43b73", "tasks": 2550, "visible_unique_passes": 0}
{"task": 1561, "task_id": "sigless_879ec6aad5ee", "tasks": 2550, "visible_unique_passes": 0}
{"task": 1562, "task_id": "fresh-eval-8ae1ed97be41", "tasks": 2550, "visible_unique_passes": 0}
{"task": 1563, "task_id": "sigless_ac9174e7c0f7", "tasks": 2550, "visible_unique_passes": 0}
{"task": 1564, "task_id": "sigless_86d3999b819b", "tasks": 2550, "visible_unique_passes": 0}
{"task": 1565, "task_id": "fresh-eval-b91f346b1faf", "tasks": 2550, "visible_unique_passes": 1}
{"task": 1566, "task_id": "sigless_051ca28bea88", "tasks": 2550, "visible_unique_passes": 0}
{"task": 1567, "task_id": "fresh-eval-1ad3590d0574", "tasks": 2550, "visible_unique_passes": 0}
{"task": 1568, "task_id": "fresh-eval-49991bde3619", "tasks": 2550, "visible_unique_passes": 0}
{"task": 1569, "task_id": "fresh-eval-9c544852370c", "tasks": 2550, "visible_unique_passes": 0}
{"task": 1570, "task_id": "sigless_c166d0b52338", "tasks": 2550, "visible_unique_passes": 0}
{"task": 1571, "task_id": "sigless_845abf53dda7", "tasks": 2550, "visible_unique_passes": 1}
{"task": 1572, "task_id": "sigless_8f472697d070", "tasks": 2550, "visible_unique_passes": 0}
{"task": 1573, "task_id": "sigless_3583392ac147", "tasks": 2550, "visible_unique_passes": 0}
{"task": 1574, "task_id": "sigless_d498aace83e8", "tasks": 2550, "visible_unique_passes": 0}
{"task": 1575, "task_id": "fresh-eval-1313ecf58e0b", "tasks": 2550, "visible_unique_passes": 0}
{"task": 1576, "task_id": "sigless_36239102198c", "tasks": 2550, "visible_unique_passes": 0}
{"task": 1577, "task_id": "fresh-eval-b22766ec8568", "tasks": 2550, "visible_unique_passes": 0}
{"task": 1578, "task_id": "sigless_0606f6ab3fc9", "tasks": 2550, "visible_unique_passes": 2}
{"task": 1579, "task_id": "sigless_cc092971b507", "tasks": 2550, "visible_unique_passes": 0}
{"task": 1580, "task_id": "sigless_8bafc62c65e4", "tasks": 2550, "visible_unique_passes": 0}
{"task": 1581, "task_id": "sigless_85a201bba52a", "tasks": 2550, "visible_unique_passes": 0}
{"task": 1582, "task_id": "sigless_c130f159f65f", "tasks": 2550, "visible_unique_passes": 0}
{"task": 1583, "task_id": "sigless_51a58f591c98", "tasks": 2550, "visible_unique_passes": 0}
{"task": 1584, "task_id": "sigless_532459aca3ac", "tasks": 2550, "visible_unique_passes": 0}
{"task": 1585, "task_id": "sigless_4d1810912b68", "tasks": 2550, "visible_unique_passes": 0}
{"task": 1586, "task_id": "fresh-eval-b0616a38faab", "tasks": 2550, "visible_unique_passes": 0}
{"task": 1587, "task_id": "fresh-eval-e7e91d820a79", "tasks": 2550, "visible_unique_passes": 0}
{"task": 1588, "task_id": "sigless_40c47a765b04", "tasks": 2550, "visible_unique_passes": 0}
{"task": 1589, "task_id": "fresh-eval-5d815d2ca48b", "tasks": 2550, "visible_unique_passes": 0}
{"task": 1590, "task_id": "sigless_59e4ab88d090", "tasks": 2550, "visible_unique_passes": 0}
{"task": 1591, "task_id": "sigless_1e3657593d79", "tasks": 2550, "visible_unique_passes": 0}
{"task": 1592, "task_id": "sigless_5f1b9246ea63", "tasks": 2550, "visible_unique_passes": 1}
{"task": 1593, "task_id": "sigless_5d2136f6a2be", "tasks": 2550, "visible_unique_passes": 0}
{"task": 1594, "task_id": "sigless_492b0a274933", "tasks": 2550, "visible_unique_passes": 0}
{"task": 1595, "task_id": "sigless_1f5b2a0a5a8e", "tasks": 2550, "visible_unique_passes": 0}
{"task": 1596, "task_id": "fresh-eval-424c8fab6c83", "tasks": 2550, "visible_unique_passes": 0}
{"task": 1597, "task_id": "sigless_881bd76a8215", "tasks": 2550, "visible_unique_passes": 2}
{"task": 1598, "task_id": "sigless_e831d0c798ed", "tasks": 2550, "visible_unique_passes": 1}
{"task": 1599, "task_id": "sigless_f9e266ef9d1b", "tasks": 2550, "visible_unique_passes": 0}
{"task": 1600, "task_id": "fresh-eval-6f7443947253", "tasks": 2550, "visible_unique_passes": 0}
{"task": 1601, "task_id": "sigless_450f1e3cb187", "tasks": 2550, "visible_unique_passes": 0}
{"task": 1602, "task_id": "sigless_85b5bd6ca02c", "tasks": 2550, "visible_unique_passes": 0}
{"task": 1603, "task_id": "sigless_bfd0fa167fc5", "tasks": 2550, "visible_unique_passes": 4}
{"task": 1604, "task_id": "sigless_d994a475a083", "tasks": 2550, "visible_unique_passes": 0}
{"task": 1605, "task_id": "fresh-eval-493fbe636405", "tasks": 2550, "visible_unique_passes": 0}
{"task": 1606, "task_id": "sigless_a2926ef31703", "tasks": 2550, "visible_unique_passes": 0}
{"task": 1607, "task_id": "sigless_64e5a22a0036", "tasks": 2550, "visible_unique_passes": 0}
{"task": 1608, "task_id": "sigless_af2f78147ca0", "tasks": 2550, "visible_unique_passes": 0}
{"task": 1609, "task_id": "fresh-eval-ca89c64e43ba", "tasks": 2550, "visible_unique_passes": 0}
{"task": 1610, "task_id": "fresh-eval-95bc01e82937", "tasks": 2550, "visible_unique_passes": 0}
{"task": 1611, "task_id": "sigless_8eec066b7e74", "tasks": 2550, "visible_unique_passes": 0}
{"task": 1612, "task_id": "sigless_9cd134168f2a", "tasks": 2550, "visible_unique_passes": 0}
{"task": 1613, "task_id": "sigless_f72a68734ad0", "tasks": 2550, "visible_unique_passes": 0}
{"task": 1614, "task_id": "fresh-eval-22b18154a209", "tasks": 2550, "visible_unique_passes": 0}
{"task": 1615, "task_id": "sigless_737244781e06", "tasks": 2550, "visible_unique_passes": 0}
{"task": 1616, "task_id": "sigless_da005ad69cdb", "tasks": 2550, "visible_unique_passes": 0}
{"task": 1617, "task_id": "fresh-eval-f9f5f7b668a5", "tasks": 2550, "visible_unique_passes": 0}
{"task": 1618, "task_id": "fresh-eval-b7ff26527f10", "tasks": 2550, "visible_unique_passes": 0}
{"task": 1619, "task_id": "sigless_21f8633750c2", "tasks": 2550, "visible_unique_passes": 0}
{"task": 1620, "task_id": "fresh-eval-458f24d9e0cf", "tasks": 2550, "visible_unique_passes": 0}
{"task": 1621, "task_id": "sigless_632fe2fdcdd7", "tasks": 2550, "visible_unique_passes": 0}
{"task": 1622, "task_id": "sigless_376b704609c9", "tasks": 2550, "visible_unique_passes": 0}
{"task": 1623, "task_id": "fresh-eval-522a205d5262", "tasks": 2550, "visible_unique_passes": 1}
{"task": 1624, "task_id": "sigless_9c4cdb42a938", "tasks": 2550, "visible_unique_passes": 2}
{"task": 1625, "task_id": "fresh-eval-428d9cb72a90", "tasks": 2550, "visible_unique_passes": 0}
{"task": 1626, "task_id": "sigless_2ed0aae31f64", "tasks": 2550, "visible_unique_passes": 0}
{"task": 1627, "task_id": "sigless_f3a60f9a2545", "tasks": 2550, "visible_unique_passes": 0}
{"task": 1628, "task_id": "fresh-eval-a2702f17ed6f", "tasks": 2550, "visible_unique_passes": 0}
{"task": 1629, "task_id": "fresh-eval-4eeb0995dd72", "tasks": 2550, "visible_unique_passes": 0}
{"task": 1630, "task_id": "fresh-eval-b08742cd4f93", "tasks": 2550, "visible_unique_passes": 0}
{"task": 1631, "task_id": "sigless_8da606e3075e", "tasks": 2550, "visible_unique_passes": 0}
{"task": 1632, "task_id": "sigless_ce359d26e1b6", "tasks": 2550, "visible_unique_passes": 0}
{"task": 1633, "task_id": "fresh-eval-ce70bf36d145", "tasks": 2550, "visible_unique_passes": 0}
{"task": 1634, "task_id": "fresh-eval-630491cbc807", "tasks": 2550, "visible_unique_passes": 2}
{"task": 1635, "task_id": "sigless_567f761e810b", "tasks": 2550, "visible_unique_passes": 0}
{"task": 1636, "task_id": "fresh-eval-83a0ab99f3a0", "tasks": 2550, "visible_unique_passes": 0}
{"task": 1637, "task_id": "sigless_fba6296cd5fa", "tasks": 2550, "visible_unique_passes": 0}
{"task": 1638, "task_id": "fresh-eval-484402465fcb", "tasks": 2550, "visible_unique_passes": 0}
{"task": 1639, "task_id": "fresh-eval-734d86ba707d", "tasks": 2550, "visible_unique_passes": 0}
{"task": 1640, "task_id": "sigless_5069ef634589", "tasks": 2550, "visible_unique_passes": 0}
{"task": 1641, "task_id": "sigless_cb1e3b31978d", "tasks": 2550, "visible_unique_passes": 0}
{"task": 1642, "task_id": "fresh-eval-44239264b3a1", "tasks": 2550, "visible_unique_passes": 0}
{"task": 1643, "task_id": "fresh-eval-ad955f68b657", "tasks": 2550, "visible_unique_passes": 0}
{"task": 1644, "task_id": "fresh-eval-c0094fd6f211", "tasks": 2550, "visible_unique_passes": 0}
{"task": 1645, "task_id": "sigless_222ade458902", "tasks": 2550, "visible_unique_passes": 0}
{"task": 1646, "task_id": "sigless_2b2572659f3a", "tasks": 2550, "visible_unique_passes": 0}
{"task": 1647, "task_id": "sigless_d90d5bfe312c", "tasks": 2550, "visible_unique_passes": 0}
{"task": 1648, "task_id": "fresh-eval-5f124e6ba82e", "tasks": 2550, "visible_unique_passes": 0}
{"task": 1649, "task_id": "fresh-eval-d81675777888", "tasks": 2550, "visible_unique_passes": 0}
{"task": 1650, "task_id": "sigless_5c8479320aac", "tasks": 2550, "visible_unique_passes": 0}
{"task": 1651, "task_id": "sigless_ab44624f23c7", "tasks": 2550, "visible_unique_passes": 1}
{"task": 1652, "task_id": "sigless_dd3f0def030d", "tasks": 2550, "visible_unique_passes": 0}
{"task": 1653, "task_id": "sigless_1ec5d3189199", "tasks": 2550, "visible_unique_passes": 0}
{"task": 1654, "task_id": "sigless_f9f3693c0515", "tasks": 2550, "visible_unique_passes": 0}
{"task": 1655, "task_id": "sigless_14bcaf210a9e", "tasks": 2550, "visible_unique_passes": 1}
{"task": 1656, "task_id": "sigless_0ae882aa2b4c", "tasks": 2550, "visible_unique_passes": 0}
{"task": 1657, "task_id": "fresh-eval-ecbcdb77643c", "tasks": 2550, "visible_unique_passes": 0}
{"task": 1658, "task_id": "sigless_15ca1575f7d1", "tasks": 2550, "visible_unique_passes": 0}
{"task": 1659, "task_id": "sigless_a19f6af19ed5", "tasks": 2550, "visible_unique_passes": 0}
{"task": 1660, "task_id": "sigless_4ff8bd844523", "tasks": 2550, "visible_unique_passes": 0}
{"task": 1661, "task_id": "fresh-eval-79bb85c375fa", "tasks": 2550, "visible_unique_passes": 0}
{"task": 1662, "task_id": "sigless_f9991a98a4f9", "tasks": 2550, "visible_unique_passes": 0}
{"task": 1663, "task_id": "sigless_a22f6a855416", "tasks": 2550, "visible_unique_passes": 0}
{"task": 1664, "task_id": "sigless_422f6a20ef05", "tasks": 2550, "visible_unique_passes": 0}
{"task": 1665, "task_id": "sigless_97cea9527095", "tasks": 2550, "visible_unique_passes": 0}
{"task": 1666, "task_id": "sigless_8e59c9b8b5e6", "tasks": 2550, "visible_unique_passes": 0}
{"task": 1667, "task_id": "sigless_a0f853c85702", "tasks": 2550, "visible_unique_passes": 0}
{"task": 1668, "task_id": "sigless_47394a146108", "tasks": 2550, "visible_unique_passes": 0}
{"task": 1669, "task_id": "sigless_9ad0f4968187", "tasks": 2550, "visible_unique_passes": 0}
{"task": 1670, "task_id": "sigless_a0c192f9fb04", "tasks": 2550, "visible_unique_passes": 3}
{"task": 1671, "task_id": "sigless_22d6d12f78e2", "tasks": 2550, "visible_unique_passes": 1}
{"task": 1672, "task_id": "sigless_cd4741deab08", "tasks": 2550, "visible_unique_passes": 0}
{"task": 1673, "task_id": "fresh-eval-70ab44135a43", "tasks": 2550, "visible_unique_passes": 0}
{"task": 1674, "task_id": "sigless_9ed9155a78b1", "tasks": 2550, "visible_unique_passes": 1}
{"task": 1675, "task_id": "sigless_fc9adde7dbfd", "tasks": 2550, "visible_unique_passes": 0}
{"task": 1676, "task_id": "fresh-eval-650d74c92ac0", "tasks": 2550, "visible_unique_passes": 0}
{"task": 1677, "task_id": "sigless_2562eb1b2c02", "tasks": 2550, "visible_unique_passes": 0}
{"task": 1678, "task_id": "fresh-eval-401c03b07c3c", "tasks": 2550, "visible_unique_passes": 0}
{"task": 1679, "task_id": "sigless_7d5aadae9838", "tasks": 2550, "visible_unique_passes": 0}
{"task": 1680, "task_id": "sigless_a53daafdb2f6", "tasks": 2550, "visible_unique_passes": 1}
{"task": 1681, "task_id": "sigless_f937052730fe", "tasks": 2550, "visible_unique_passes": 0}
{"task": 1682, "task_id": "sigless_aa48973e76be", "tasks": 2550, "visible_unique_passes": 0}
{"task": 1683, "task_id": "sigless_d428f6be87aa", "tasks": 2550, "visible_unique_passes": 0}
{"task": 1684, "task_id": "fresh-eval-9ddd49dbc785", "tasks": 2550, "visible_unique_passes": 0}
{"task": 1685, "task_id": "sigless_2166e215da8f", "tasks": 2550, "visible_unique_passes": 2}
{"task": 1686, "task_id": "fresh-eval-6f1b645954fa", "tasks": 2550, "visible_unique_passes": 0}
{"task": 1687, "task_id": "sigless_bb8e98c7d955", "tasks": 2550, "visible_unique_passes": 4}
{"task": 1688, "task_id": "sigless_3749d7489c7c", "tasks": 2550, "visible_unique_passes": 0}
{"task": 1689, "task_id": "fresh-eval-eee04fd6f56d", "tasks": 2550, "visible_unique_passes": 0}
{"task": 1690, "task_id": "sigless_ec2433dcab23", "tasks": 2550, "visible_unique_passes": 0}
{"task": 1691, "task_id": "sigless_39105bcd71a9", "tasks": 2550, "visible_unique_passes": 0}
{"task": 1692, "task_id": "sigless_c564529d390a", "tasks": 2550, "visible_unique_passes": 0}
{"task": 1693, "task_id": "fresh-eval-5dc276bbf7f2", "tasks": 2550, "visible_unique_passes": 0}
{"task": 1694, "task_id": "fresh-eval-475541b4c8ed", "tasks": 2550, "visible_unique_passes": 0}
{"task": 1695, "task_id": "sigless_fdeed52a4fdd", "tasks": 2550, "visible_unique_passes": 0}
{"task": 1696, "task_id": "fresh-eval-40360525fd10", "tasks": 2550, "visible_unique_passes": 0}
{"task": 1697, "task_id": "sigless_170ea73047ad", "tasks": 2550, "visible_unique_passes": 0}
{"task": 1698, "task_id": "fresh-eval-46febf7bb75b", "tasks": 2550, "visible_unique_passes": 0}
{"task": 1699, "task_id": "fresh-eval-f029f39d4192", "tasks": 2550, "visible_unique_passes": 0}
{"task": 1700, "task_id": "fresh-eval-8bed9d92b576", "tasks": 2550, "visible_unique_passes": 0}
{"task": 1701, "task_id": "fresh-eval-72a6b548a8f3", "tasks": 2550, "visible_unique_passes": 0}
{"task": 1702, "task_id": "fresh-eval-114c2a9d91ff", "tasks": 2550, "visible_unique_passes": 0}
{"task": 1703, "task_id": "fresh-eval-0189a22db052", "tasks": 2550, "visible_unique_passes": 0}
{"task": 1704, "task_id": "sigless_b92b086f848f", "tasks": 2550, "visible_unique_passes": 0}
{"task": 1705, "task_id": "fresh-eval-d68eec185cc6", "tasks": 2550, "visible_unique_passes": 0}
{"task": 1706, "task_id": "fresh-eval-423c584fd446", "tasks": 2550, "visible_unique_passes": 0}
{"task": 1707, "task_id": "sigless_b71757c06bc5", "tasks": 2550, "visible_unique_passes": 0}
{"task": 1708, "task_id": "fresh-eval-7df5366fed22", "tasks": 2550, "visible_unique_passes": 0}
{"task": 1709, "task_id": "sigless_37deae204ccf", "tasks": 2550, "visible_unique_passes": 0}
{"task": 1710, "task_id": "sigless_17ec8d961625", "tasks": 2550, "visible_unique_passes": 0}
{"task": 1711, "task_id": "sigless_45de28aa3233", "tasks": 2550, "visible_unique_passes": 0}
{"task": 1712, "task_id": "sigless_a804ddc7a6e3", "tasks": 2550, "visible_unique_passes": 0}
{"task": 1713, "task_id": "fresh-eval-5f8b708ad6fd", "tasks": 2550, "visible_unique_passes": 0}
{"task": 1714, "task_id": "sigless_f8afcb8c1ee2", "tasks": 2550, "visible_unique_passes": 2}
{"task": 1715, "task_id": "sigless_e2be18d1a621", "tasks": 2550, "visible_unique_passes": 0}
{"task": 1716, "task_id": "sigless_a6fe8cb6d2c0", "tasks": 2550, "visible_unique_passes": 3}
{"task": 1717, "task_id": "fresh-eval-37d51d9a3207", "tasks": 2550, "visible_unique_passes": 0}
{"task": 1718, "task_id": "fresh-eval-df3ad1e3cae0", "tasks": 2550, "visible_unique_passes": 0}
{"task": 1719, "task_id": "fresh-eval-bea56186ff9b", "tasks": 2550, "visible_unique_passes": 0}
{"task": 1720, "task_id": "fresh-eval-e80a4431a5b9", "tasks": 2550, "visible_unique_passes": 0}
{"task": 1721, "task_id": "fresh-eval-01f0babe7165", "tasks": 2550, "visible_unique_passes": 0}
{"task": 1722, "task_id": "sigless_f3a6984bc886", "tasks": 2550, "visible_unique_passes": 0}
{"task": 1723, "task_id": "sigless_dcce2a7081d2", "tasks": 2550, "visible_unique_passes": 0}
{"task": 1724, "task_id": "sigless_dff07db59ffb", "tasks": 2550, "visible_unique_passes": 2}
{"task": 1725, "task_id": "sigless_ef1c3c62fcd2", "tasks": 2550, "visible_unique_passes": 0}
{"task": 1726, "task_id": "fresh-eval-98d96a819adf", "tasks": 2550, "visible_unique_passes": 0}
{"task": 1727, "task_id": "fresh-eval-f9ffd4ab26f9", "tasks": 2550, "visible_unique_passes": 0}
{"task": 1728, "task_id": "fresh-eval-6c2393ff7057", "tasks": 2550, "visible_unique_passes": 0}
{"task": 1729, "task_id": "sigless_2cd253f9ba89", "tasks": 2550, "visible_unique_passes": 0}
{"task": 1730, "task_id": "sigless_f00147033ff9", "tasks": 2550, "visible_unique_passes": 0}
{"task": 1731, "task_id": "sigless_565f76319a38", "tasks": 2550, "visible_unique_passes": 0}
{"task": 1732, "task_id": "fresh-eval-d9b12cb7a99e", "tasks": 2550, "visible_unique_passes": 0}
{"task": 1733, "task_id": "fresh-eval-a739231f5b8f", "tasks": 2550, "visible_unique_passes": 0}
{"task": 1734, "task_id": "sigless_7d1d5cb29bd9", "tasks": 2550, "visible_unique_passes": 0}
{"task": 1735, "task_id": "sigless_ee918d23b3db", "tasks": 2550, "visible_unique_passes": 0}
{"task": 1736, "task_id": "sigless_3d7df12e28e0", "tasks": 2550, "visible_unique_passes": 0}
{"task": 1737, "task_id": "fresh-eval-b965b3a2a8a6", "tasks": 2550, "visible_unique_passes": 0}
{"task": 1738, "task_id": "fresh-eval-f9848bc6dfcc", "tasks": 2550, "visible_unique_passes": 0}
{"task": 1739, "task_id": "fresh-eval-7dc39309d0be", "tasks": 2550, "visible_unique_passes": 0}
{"task": 1740, "task_id": "fresh-eval-d7abe80f85b5", "tasks": 2550, "visible_unique_passes": 0}
{"task": 1741, "task_id": "sigless_f3c0cb67b9c2", "tasks": 2550, "visible_unique_passes": 0}
{"task": 1742, "task_id": "sigless_ad63952eb61b", "tasks": 2550, "visible_unique_passes": 4}
{"task": 1743, "task_id": "sigless_397eecf2df92", "tasks": 2550, "visible_unique_passes": 0}
{"task": 1744, "task_id": "sigless_743b302a38bb", "tasks": 2550, "visible_unique_passes": 0}
{"task": 1745, "task_id": "fresh-eval-90a10a5c119a", "tasks": 2550, "visible_unique_passes": 0}
{"task": 1746, "task_id": "fresh-eval-2ed4874159c9", "tasks": 2550, "visible_unique_passes": 0}
{"task": 1747, "task_id": "sigless_ceed4039dca5", "tasks": 2550, "visible_unique_passes": 0}
{"task": 1748, "task_id": "sigless_4f3ed7b17a1f", "tasks": 2550, "visible_unique_passes": 0}
{"task": 1749, "task_id": "fresh-eval-d4c062375866", "tasks": 2550, "visible_unique_passes": 0}
{"task": 1750, "task_id": "sigless_46cbbaa7642e", "tasks": 2550, "visible_unique_passes": 0}
{"task": 1751, "task_id": "fresh-eval-7a8fe55d1454", "tasks": 2550, "visible_unique_passes": 0}
{"task": 1752, "task_id": "sigless_7604d0a9be1d", "tasks": 2550, "visible_unique_passes": 0}
{"task": 1753, "task_id": "sigless_d218a8f6660b", "tasks": 2550, "visible_unique_passes": 0}
{"task": 1754, "task_id": "fresh-eval-dccfdd3e464c", "tasks": 2550, "visible_unique_passes": 0}
{"task": 1755, "task_id": "sigless_c2b17d7018c8", "tasks": 2550, "visible_unique_passes": 0}
{"task": 1756, "task_id": "sigless_0aa123040ab4", "tasks": 2550, "visible_unique_passes": 0}
{"task": 1757, "task_id": "fresh-eval-e1a245cce4db", "tasks": 2550, "visible_unique_passes": 0}
{"task": 1758, "task_id": "sigless_7d5338918fe2", "tasks": 2550, "visible_unique_passes": 0}
{"task": 1759, "task_id": "fresh-eval-a45c7be6480e", "tasks": 2550, "visible_unique_passes": 0}
{"task": 1760, "task_id": "sigless_ceab788163dc", "tasks": 2550, "visible_unique_passes": 1}
{"task": 1761, "task_id": "fresh-eval-f0013911879c", "tasks": 2550, "visible_unique_passes": 0}
{"task": 1762, "task_id": "sigless_db577636f2a7", "tasks": 2550, "visible_unique_passes": 0}
{"task": 1763, "task_id": "sigless_e78be91ca5a1", "tasks": 2550, "visible_unique_passes": 0}
{"task": 1764, "task_id": "fresh-eval-048911e7eac1", "tasks": 2550, "visible_unique_passes": 0}
{"task": 1765, "task_id": "sigless_90bde4357ab2", "tasks": 2550, "visible_unique_passes": 0}
{"task": 1766, "task_id": "fresh-eval-95ad9e90cfda", "tasks": 2550, "visible_unique_passes": 0}
{"task": 1767, "task_id": "sigless_06d86ef1dfb2", "tasks": 2550, "visible_unique_passes": 0}
{"task": 1768, "task_id": "sigless_5085a14c9ee0", "tasks": 2550, "visible_unique_passes": 0}
{"task": 1769, "task_id": "sigless_9a6b9c994e19", "tasks": 2550, "visible_unique_passes": 0}
{"task": 1770, "task_id": "sigless_062b9dc75cc0", "tasks": 2550, "visible_unique_passes": 0}
{"task": 1771, "task_id": "sigless_340a13c771ac", "tasks": 2550, "visible_unique_passes": 0}
{"task": 1772, "task_id": "sigless_de4b6e64cf9b", "tasks": 2550, "visible_unique_passes": 1}
{"task": 1773, "task_id": "fresh-eval-35c81a28d4a8", "tasks": 2550, "visible_unique_passes": 0}
{"task": 1774, "task_id": "fresh-eval-e938048e0da1", "tasks": 2550, "visible_unique_passes": 0}
{"task": 1775, "task_id": "sigless_0976288ffcc3", "tasks": 2550, "visible_unique_passes": 0}
{"task": 1776, "task_id": "sigless_0c8772846c12", "tasks": 2550, "visible_unique_passes": 0}
{"task": 1777, "task_id": "sigless_a5a2e7a18847", "tasks": 2550, "visible_unique_passes": 0}
{"task": 1778, "task_id": "sigless_a6499ad89c83", "tasks": 2550, "visible_unique_passes": 0}
{"task": 1779, "task_id": "fresh-eval-f9be9e56b8ba", "tasks": 2550, "visible_unique_passes": 1}
{"task": 1780, "task_id": "sigless_7d4e529893c8", "tasks": 2550, "visible_unique_passes": 2}
{"task": 1781, "task_id": "sigless_2123a2d9b7fe", "tasks": 2550, "visible_unique_passes": 0}
{"task": 1782, "task_id": "fresh-eval-eacd19e847aa", "tasks": 2550, "visible_unique_passes": 0}
{"task": 1783, "task_id": "fresh-eval-7d759cca76c8", "tasks": 2550, "visible_unique_passes": 0}
{"task": 1784, "task_id": "sigless_0db69fa53646", "tasks": 2550, "visible_unique_passes": 0}
{"task": 1785, "task_id": "fresh-eval-013434169dec", "tasks": 2550, "visible_unique_passes": 0}
{"task": 1786, "task_id": "sigless_ee7d70613fbd", "tasks": 2550, "visible_unique_passes": 0}
{"task": 1787, "task_id": "sigless_d17d194e8870", "tasks": 2550, "visible_unique_passes": 0}
{"task": 1788, "task_id": "sigless_aee9cdf2dfce", "tasks": 2550, "visible_unique_passes": 0}
{"task": 1789, "task_id": "fresh-eval-5c7428e2931b", "tasks": 2550, "visible_unique_passes": 4}
{"task": 1790, "task_id": "fresh-eval-732ad9c04b4d", "tasks": 2550, "visible_unique_passes": 0}
{"task": 1791, "task_id": "sigless_dac0bc4a8dbd", "tasks": 2550, "visible_unique_passes": 0}
{"task": 1792, "task_id": "fresh-eval-e6ed7d856e09", "tasks": 2550, "visible_unique_passes": 0}
{"task": 1793, "task_id": "sigless_a379eff40271", "tasks": 2550, "visible_unique_passes": 3}
{"task": 1794, "task_id": "fresh-eval-5d32dc320586", "tasks": 2550, "visible_unique_passes": 0}
{"task": 1795, "task_id": "sigless_0ee53913499c", "tasks": 2550, "visible_unique_passes": 0}
{"task": 1796, "task_id": "sigless_17f6949935a5", "tasks": 2550, "visible_unique_passes": 0}
{"task": 1797, "task_id": "sigless_8603905c4f10", "tasks": 2550, "visible_unique_passes": 0}
{"task": 1798, "task_id": "fresh-eval-585f4e81930a", "tasks": 2550, "visible_unique_passes": 0}
{"task": 1799, "task_id": "fresh-eval-d5cc50700ad1", "tasks": 2550, "visible_unique_passes": 0}
{"task": 1800, "task_id": "sigless_973aef1237ef", "tasks": 2550, "visible_unique_passes": 0}
{"task": 1801, "task_id": "fresh-eval-132bc21da2d8", "tasks": 2550, "visible_unique_passes": 0}
{"task": 1802, "task_id": "fresh-eval-abf4416db2bd", "tasks": 2550, "visible_unique_passes": 0}
{"task": 1803, "task_id": "sigless_0a21b1e07fe1", "tasks": 2550, "visible_unique_passes": 0}
{"task": 1804, "task_id": "fresh-eval-3d8ae6915834", "tasks": 2550, "visible_unique_passes": 1}
{"task": 1805, "task_id": "sigless_7542fe6a2fa5", "tasks": 2550, "visible_unique_passes": 0}
{"task": 1806, "task_id": "fresh-eval-f77c4d9f7344", "tasks": 2550, "visible_unique_passes": 0}
{"task": 1807, "task_id": "sigless_ff7d9e36c230", "tasks": 2550, "visible_unique_passes": 0}
{"task": 1808, "task_id": "sigless_bec3d20db018", "tasks": 2550, "visible_unique_passes": 0}
{"task": 1809, "task_id": "sigless_4258ee4998de", "tasks": 2550, "visible_unique_passes": 0}
{"task": 1810, "task_id": "sigless_4465ff991c91", "tasks": 2550, "visible_unique_passes": 0}
{"task": 1811, "task_id": "sigless_da6cca059038", "tasks": 2550, "visible_unique_passes": 2}
{"task": 1812, "task_id": "sigless_19cce34f874f", "tasks": 2550, "visible_unique_passes": 0}
{"task": 1813, "task_id": "sigless_98f5e6ed8de4", "tasks": 2550, "visible_unique_passes": 0}
{"task": 1814, "task_id": "sigless_8a460480c524", "tasks": 2550, "visible_unique_passes": 0}
{"task": 1815, "task_id": "fresh-eval-2a48edef3437", "tasks": 2550, "visible_unique_passes": 0}
{"task": 1816, "task_id": "sigless_a1c47e9a6462", "tasks": 2550, "visible_unique_passes": 1}
{"task": 1817, "task_id": "fresh-eval-99fde9d16e64", "tasks": 2550, "visible_unique_passes": 0}
{"task": 1818, "task_id": "fresh-eval-6d4af312c53e", "tasks": 2550, "visible_unique_passes": 0}
{"task": 1819, "task_id": "fresh-eval-dcd1b9515429", "tasks": 2550, "visible_unique_passes": 0}
{"task": 1820, "task_id": "fresh-eval-e7018b845dcd", "tasks": 2550, "visible_unique_passes": 0}
{"task": 1821, "task_id": "sigless_d446aa3002be", "tasks": 2550, "visible_unique_passes": 0}
{"task": 1822, "task_id": "sigless_878a7fe6acf6", "tasks": 2550, "visible_unique_passes": 0}
{"task": 1823, "task_id": "sigless_d3a4262da07b", "tasks": 2550, "visible_unique_passes": 0}
{"task": 1824, "task_id": "fresh-eval-b56f0274c0fc", "tasks": 2550, "visible_unique_passes": 0}
{"task": 1825, "task_id": "sigless_6e0bd70568be", "tasks": 2550, "visible_unique_passes": 0}
{"task": 1826, "task_id": "fresh-eval-4f93e026c1a8", "tasks": 2550, "visible_unique_passes": 0}
{"task": 1827, "task_id": "fresh-eval-32b3ee0b624d", "tasks": 2550, "visible_unique_passes": 0}
{"task": 1828, "task_id": "sigless_ec9f86a778a1", "tasks": 2550, "visible_unique_passes": 0}
{"task": 1829, "task_id": "fresh-eval-eb14db9047b8", "tasks": 2550, "visible_unique_passes": 0}
{"task": 1830, "task_id": "sigless_809fa57b3e7c", "tasks": 2550, "visible_unique_passes": 0}
{"task": 1831, "task_id": "sigless_34461005b36a", "tasks": 2550, "visible_unique_passes": 0}
{"task": 1832, "task_id": "sigless_aa5d923c77ee", "tasks": 2550, "visible_unique_passes": 0}
{"task": 1833, "task_id": "sigless_4e5963a46a73", "tasks": 2550, "visible_unique_passes": 0}
{"task": 1834, "task_id": "fresh-eval-cd48dd20cef8", "tasks": 2550, "visible_unique_passes": 0}
{"task": 1835, "task_id": "sigless_04af5f4c43f4", "tasks": 2550, "visible_unique_passes": 2}
{"task": 1836, "task_id": "sigless_5bddac084f3e", "tasks": 2550, "visible_unique_passes": 0}
{"task": 1837, "task_id": "fresh-eval-0db12fd883d2", "tasks": 2550, "visible_unique_passes": 0}
{"task": 1838, "task_id": "sigless_c108d5749043", "tasks": 2550, "visible_unique_passes": 0}
{"task": 1839, "task_id": "fresh-eval-0b5c9f948944", "tasks": 2550, "visible_unique_passes": 0}
{"task": 1840, "task_id": "fresh-eval-073e2de63739", "tasks": 2550, "visible_unique_passes": 0}
{"task": 1841, "task_id": "fresh-eval-9fa0160b14b1", "tasks": 2550, "visible_unique_passes": 0}
{"task": 1842, "task_id": "sigless_1ea945a6ddc4", "tasks": 2550, "visible_unique_passes": 1}
{"task": 1843, "task_id": "fresh-eval-13f846a9f2e6", "tasks": 2550, "visible_unique_passes": 0}
{"task": 1844, "task_id": "sigless_79e66414f19b", "tasks": 2550, "visible_unique_passes": 0}
{"task": 1845, "task_id": "fresh-eval-10a9b7254ce2", "tasks": 2550, "visible_unique_passes": 0}
{"task": 1846, "task_id": "fresh-eval-4e6046c6a127", "tasks": 2550, "visible_unique_passes": 0}
{"task": 1847, "task_id": "fresh-eval-0aec716f3cce", "tasks": 2550, "visible_unique_passes": 0}
{"task": 1848, "task_id": "sigless_5d987da12971", "tasks": 2550, "visible_unique_passes": 1}
{"task": 1849, "task_id": "sigless_95c9aaf30eb5", "tasks": 2550, "visible_unique_passes": 0}
{"task": 1850, "task_id": "sigless_e6853588926e", "tasks": 2550, "visible_unique_passes": 2}
{"task": 1851, "task_id": "fresh-eval-4df772c7d475", "tasks": 2550, "visible_unique_passes": 0}
{"task": 1852, "task_id": "sigless_f430d8eed10f", "tasks": 2550, "visible_unique_passes": 0}
{"task": 1853, "task_id": "sigless_ae7501aa7a1f", "tasks": 2550, "visible_unique_passes": 0}
{"task": 1854, "task_id": "sigless_0c6a5f955e75", "tasks": 2550, "visible_unique_passes": 0}
{"task": 1855, "task_id": "sigless_af90c8d47630", "tasks": 2550, "visible_unique_passes": 3}
{"task": 1856, "task_id": "sigless_a5f75d3edeb2", "tasks": 2550, "visible_unique_passes": 0}
{"task": 1857, "task_id": "sigless_7aa3028ed8a9", "tasks": 2550, "visible_unique_passes": 0}
{"task": 1858, "task_id": "fresh-eval-485edda8cb32", "tasks": 2550, "visible_unique_passes": 0}
{"task": 1859, "task_id": "sigless_72481ce96772", "tasks": 2550, "visible_unique_passes": 0}
{"task": 1860, "task_id": "sigless_ea1302dcd9a4", "tasks": 2550, "visible_unique_passes": 3}
{"task": 1861, "task_id": "sigless_f3c3922f3bf1", "tasks": 2550, "visible_unique_passes": 3}
{"task": 1862, "task_id": "sigless_6f6dfde51cb2", "tasks": 2550, "visible_unique_passes": 0}
{"task": 1863, "task_id": "sigless_148f77d7380c", "tasks": 2550, "visible_unique_passes": 0}
{"task": 1864, "task_id": "sigless_dc6d7156f280", "tasks": 2550, "visible_unique_passes": 0}
{"task": 1865, "task_id": "fresh-eval-1f52ae560d21", "tasks": 2550, "visible_unique_passes": 0}
{"task": 1866, "task_id": "sigless_13a2ad923021", "tasks": 2550, "visible_unique_passes": 0}
{"task": 1867, "task_id": "sigless_76ef24c85011", "tasks": 2550, "visible_unique_passes": 0}
{"task": 1868, "task_id": "fresh-eval-b468b415147b", "tasks": 2550, "visible_unique_passes": 0}
{"task": 1869, "task_id": "sigless_56b6c511751e", "tasks": 2550, "visible_unique_passes": 0}
{"task": 1870, "task_id": "sigless_5c34cedadff3", "tasks": 2550, "visible_unique_passes": 0}
{"task": 1871, "task_id": "fresh-eval-637336509304", "tasks": 2550, "visible_unique_passes": 0}
{"task": 1872, "task_id": "sigless_53699360ee35", "tasks": 2550, "visible_unique_passes": 0}
{"task": 1873, "task_id": "sigless_19d11e73e95f", "tasks": 2550, "visible_unique_passes": 0}
{"task": 1874, "task_id": "sigless_a1d0c1d2e293", "tasks": 2550, "visible_unique_passes": 0}
{"task": 1875, "task_id": "sigless_4842bfa84b52", "tasks": 2550, "visible_unique_passes": 0}
{"task": 1876, "task_id": "sigless_6bffbc25b0eb", "tasks": 2550, "visible_unique_passes": 0}
{"task": 1877, "task_id": "sigless_5887c98023cf", "tasks": 2550, "visible_unique_passes": 0}
{"task": 1878, "task_id": "sigless_ee6974eab08e", "tasks": 2550, "visible_unique_passes": 1}
{"task": 1879, "task_id": "sigless_84449734ca07", "tasks": 2550, "visible_unique_passes": 0}
{"task": 1880, "task_id": "sigless_f0a4c6ceeee1", "tasks": 2550, "visible_unique_passes": 0}
{"task": 1881, "task_id": "sigless_ab3f243db140", "tasks": 2550, "visible_unique_passes": 0}
{"task": 1882, "task_id": "fresh-eval-da2f8fe31fd4", "tasks": 2550, "visible_unique_passes": 0}
{"task": 1883, "task_id": "sigless_cf0dc4200761", "tasks": 2550, "visible_unique_passes": 0}
{"task": 1884, "task_id": "sigless_367c856e7b09", "tasks": 2550, "visible_unique_passes": 0}
{"task": 1885, "task_id": "sigless_f80271b50fdf", "tasks": 2550, "visible_unique_passes": 0}
{"task": 1886, "task_id": "fresh-eval-5cae041538ac", "tasks": 2550, "visible_unique_passes": 0}
{"task": 1887, "task_id": "sigless_4e53325b91fa", "tasks": 2550, "visible_unique_passes": 0}
{"task": 1888, "task_id": "sigless_d258ba20ace2", "tasks": 2550, "visible_unique_passes": 1}
{"task": 1889, "task_id": "sigless_56fd96ee2ff6", "tasks": 2550, "visible_unique_passes": 0}
{"task": 1890, "task_id": "sigless_1b51da6470dc", "tasks": 2550, "visible_unique_passes": 0}
{"task": 1891, "task_id": "sigless_26a76b71777d", "tasks": 2550, "visible_unique_passes": 0}
{"task": 1892, "task_id": "sigless_f982cae071ae", "tasks": 2550, "visible_unique_passes": 0}
{"task": 1893, "task_id": "fresh-eval-ca15fa62fdfb", "tasks": 2550, "visible_unique_passes": 0}
{"task": 1894, "task_id": "sigless_6620c6d3f56d", "tasks": 2550, "visible_unique_passes": 0}
{"task": 1895, "task_id": "sigless_eae5ce81d21f", "tasks": 2550, "visible_unique_passes": 0}
{"task": 1896, "task_id": "sigless_f089e97aafbc", "tasks": 2550, "visible_unique_passes": 0}
{"task": 1897, "task_id": "sigless_ad47025276c6", "tasks": 2550, "visible_unique_passes": 0}
{"task": 1898, "task_id": "fresh-eval-f9bed347690c", "tasks": 2550, "visible_unique_passes": 0}
{"task": 1899, "task_id": "sigless_2499f3b025bd", "tasks": 2550, "visible_unique_passes": 0}
{"task": 1900, "task_id": "sigless_3cbb0f19e999", "tasks": 2550, "visible_unique_passes": 2}
{"task": 1901, "task_id": "sigless_05fdf0633843", "tasks": 2550, "visible_unique_passes": 0}
{"task": 1902, "task_id": "sigless_bebb52019d4d", "tasks": 2550, "visible_unique_passes": 0}
{"task": 1903, "task_id": "sigless_c57d81318f9c", "tasks": 2550, "visible_unique_passes": 0}
{"task": 1904, "task_id": "fresh-eval-d5df402bee67", "tasks": 2550, "visible_unique_passes": 0}
{"task": 1905, "task_id": "sigless_aba88447920b", "tasks": 2550, "visible_unique_passes": 0}
{"task": 1906, "task_id": "sigless_50121c96998c", "tasks": 2550, "visible_unique_passes": 0}
{"task": 1907, "task_id": "sigless_c004cde4f585", "tasks": 2550, "visible_unique_passes": 0}
{"task": 1908, "task_id": "sigless_a9dcf8597831", "tasks": 2550, "visible_unique_passes": 0}
{"task": 1909, "task_id": "sigless_e7f784979ca1", "tasks": 2550, "visible_unique_passes": 4}
{"task": 1910, "task_id": "sigless_085572a9ea56", "tasks": 2550, "visible_unique_passes": 3}
{"task": 1911, "task_id": "sigless_f3f39bc2c4e1", "tasks": 2550, "visible_unique_passes": 4}
{"task": 1912, "task_id": "fresh-eval-8cab785bd74a", "tasks": 2550, "visible_unique_passes": 0}
{"task": 1913, "task_id": "fresh-eval-686b908b14e4", "tasks": 2550, "visible_unique_passes": 0}
{"task": 1914, "task_id": "sigless_950a461eb480", "tasks": 2550, "visible_unique_passes": 0}
{"task": 1915, "task_id": "fresh-eval-18eabed0b20c", "tasks": 2550, "visible_unique_passes": 0}
{"task": 1916, "task_id": "sigless_4e46284c792c", "tasks": 2550, "visible_unique_passes": 0}
{"task": 1917, "task_id": "sigless_9815c3a7cb3e", "tasks": 2550, "visible_unique_passes": 1}
{"task": 1918, "task_id": "fresh-eval-50008806c2f9", "tasks": 2550, "visible_unique_passes": 0}
{"task": 1919, "task_id": "sigless_462e769671a2", "tasks": 2550, "visible_unique_passes": 0}
{"task": 1920, "task_id": "sigless_a90978e73c2b", "tasks": 2550, "visible_unique_passes": 0}
{"task": 1921, "task_id": "sigless_10a2dda57446", "tasks": 2550, "visible_unique_passes": 0}
{"task": 1922, "task_id": "sigless_e2ab3969687a", "tasks": 2550, "visible_unique_passes": 0}
{"task": 1923, "task_id": "sigless_cc35f0aee394", "tasks": 2550, "visible_unique_passes": 0}
{"task": 1924, "task_id": "sigless_5d8aa0e83d87", "tasks": 2550, "visible_unique_passes": 0}
{"task": 1925, "task_id": "sigless_668d1567cb72", "tasks": 2550, "visible_unique_passes": 0}
{"task": 1926, "task_id": "sigless_7a06161c48cb", "tasks": 2550, "visible_unique_passes": 0}
{"task": 1927, "task_id": "sigless_890c6337d027", "tasks": 2550, "visible_unique_passes": 0}
{"task": 1928, "task_id": "sigless_ca2751f48b81", "tasks": 2550, "visible_unique_passes": 0}
{"task": 1929, "task_id": "sigless_6dbe6d7760e1", "tasks": 2550, "visible_unique_passes": 0}
{"task": 1930, "task_id": "fresh-eval-2b5d65dfab4d", "tasks": 2550, "visible_unique_passes": 0}
{"task": 1931, "task_id": "sigless_52e96517f527", "tasks": 2550, "visible_unique_passes": 0}
{"task": 1932, "task_id": "fresh-eval-6931b06bf4a3", "tasks": 2550, "visible_unique_passes": 0}
{"task": 1933, "task_id": "fresh-eval-afbf3aca0b15", "tasks": 2550, "visible_unique_passes": 0}
{"task": 1934, "task_id": "sigless_8c5cd5096002", "tasks": 2550, "visible_unique_passes": 0}
{"task": 1935, "task_id": "fresh-eval-07888609b8c7", "tasks": 2550, "visible_unique_passes": 0}
{"task": 1936, "task_id": "sigless_c6b79d3c53a9", "tasks": 2550, "visible_unique_passes": 0}
{"task": 1937, "task_id": "sigless_8988dd9509f4", "tasks": 2550, "visible_unique_passes": 1}
{"task": 1938, "task_id": "sigless_232632332b90", "tasks": 2550, "visible_unique_passes": 0}
{"task": 1939, "task_id": "fresh-eval-aa92d1c98233", "tasks": 2550, "visible_unique_passes": 0}
{"task": 1940, "task_id": "fresh-eval-ad372b437b26", "tasks": 2550, "visible_unique_passes": 0}
{"task": 1941, "task_id": "fresh-eval-45e4af97e06a", "tasks": 2550, "visible_unique_passes": 0}
{"task": 1942, "task_id": "fresh-eval-a8b68ea26a73", "tasks": 2550, "visible_unique_passes": 0}
{"task": 1943, "task_id": "sigless_7f1aeee4e097", "tasks": 2550, "visible_unique_passes": 0}
{"task": 1944, "task_id": "sigless_91a8855c0141", "tasks": 2550, "visible_unique_passes": 0}
{"task": 1945, "task_id": "fresh-eval-8e5aef6abadc", "tasks": 2550, "visible_unique_passes": 0}
{"task": 1946, "task_id": "sigless_04294683dccb", "tasks": 2550, "visible_unique_passes": 0}
{"task": 1947, "task_id": "fresh-eval-48550e439008", "tasks": 2550, "visible_unique_passes": 0}
{"task": 1948, "task_id": "sigless_09ce81b7f2f1", "tasks": 2550, "visible_unique_passes": 0}
{"task": 1949, "task_id": "sigless_541b25454164", "tasks": 2550, "visible_unique_passes": 0}
{"task": 1950, "task_id": "sigless_f619f86531c6", "tasks": 2550, "visible_unique_passes": 1}
{"task": 1951, "task_id": "fresh-eval-8078dac03e5f", "tasks": 2550, "visible_unique_passes": 0}
{"task": 1952, "task_id": "sigless_274ed84d9e19", "tasks": 2550, "visible_unique_passes": 0}
{"task": 1953, "task_id": "sigless_f95ee40f56e7", "tasks": 2550, "visible_unique_passes": 0}
{"task": 1954, "task_id": "sigless_e86a58684cb2", "tasks": 2550, "visible_unique_passes": 0}
{"task": 1955, "task_id": "fresh-eval-12c5b3e440c5", "tasks": 2550, "visible_unique_passes": 1}
{"task": 1956, "task_id": "sigless_9988351a0951", "tasks": 2550, "visible_unique_passes": 0}
{"task": 1957, "task_id": "sigless_95a5f2ef9de4", "tasks": 2550, "visible_unique_passes": 0}
{"task": 1958, "task_id": "sigless_f1e4f471b05f", "tasks": 2550, "visible_unique_passes": 0}
{"task": 1959, "task_id": "fresh-eval-0f63439d1b38", "tasks": 2550, "visible_unique_passes": 0}
{"task": 1960, "task_id": "fresh-eval-08bf39a82ded", "tasks": 2550, "visible_unique_passes": 0}
{"task": 1961, "task_id": "sigless_32a0ebbb1ce3", "tasks": 2550, "visible_unique_passes": 0}
{"task": 1962, "task_id": "sigless_b11b19c460d3", "tasks": 2550, "visible_unique_passes": 1}
{"task": 1963, "task_id": "fresh-eval-c437e3f0fae0", "tasks": 2550, "visible_unique_passes": 0}
{"task": 1964, "task_id": "fresh-eval-60670077b0e2", "tasks": 2550, "visible_unique_passes": 0}
{"task": 1965, "task_id": "fresh-eval-85a6b3fcdddb", "tasks": 2550, "visible_unique_passes": 0}
{"task": 1966, "task_id": "sigless_90c2f0279ced", "tasks": 2550, "visible_unique_passes": 0}
{"task": 1967, "task_id": "sigless_853fa1e3f650", "tasks": 2550, "visible_unique_passes": 0}
{"task": 1968, "task_id": "sigless_cbfc347da3a8", "tasks": 2550, "visible_unique_passes": 3}
{"task": 1969, "task_id": "sigless_f2e0af62e1d4", "tasks": 2550, "visible_unique_passes": 0}
{"task": 1970, "task_id": "sigless_d231f9caf3c1", "tasks": 2550, "visible_unique_passes": 0}
{"task": 1971, "task_id": "sigless_8207389c7f96", "tasks": 2550, "visible_unique_passes": 0}
{"task": 1972, "task_id": "sigless_4d2d5f34630c", "tasks": 2550, "visible_unique_passes": 0}
{"task": 1973, "task_id": "sigless_4fcc82d235ae", "tasks": 2550, "visible_unique_passes": 0}
{"task": 1974, "task_id": "sigless_0ca175829da9", "tasks": 2550, "visible_unique_passes": 0}
{"task": 1975, "task_id": "sigless_89225991a53f", "tasks": 2550, "visible_unique_passes": 0}
{"task": 1976, "task_id": "sigless_b78f065b5f17", "tasks": 2550, "visible_unique_passes": 0}
{"task": 1977, "task_id": "sigless_d2c37f7a90d8", "tasks": 2550, "visible_unique_passes": 0}
{"task": 1978, "task_id": "sigless_a3d60784ec40", "tasks": 2550, "visible_unique_passes": 0}
{"task": 1979, "task_id": "fresh-eval-b4aa26ea1d78", "tasks": 2550, "visible_unique_passes": 0}
{"task": 1980, "task_id": "fresh-eval-b8f6081d9ac5", "tasks": 2550, "visible_unique_passes": 0}
{"task": 1981, "task_id": "fresh-eval-1af7b7a1837a", "tasks": 2550, "visible_unique_passes": 0}
{"task": 1982, "task_id": "fresh-eval-0aaedc099c87", "tasks": 2550, "visible_unique_passes": 0}
{"task": 1983, "task_id": "sigless_d1ff80a58217", "tasks": 2550, "visible_unique_passes": 0}
{"task": 1984, "task_id": "sigless_58a99d8b4546", "tasks": 2550, "visible_unique_passes": 1}
{"task": 1985, "task_id": "fresh-eval-16f38e5f2525", "tasks": 2550, "visible_unique_passes": 0}
{"task": 1986, "task_id": "fresh-eval-5a1975d3e0e7", "tasks": 2550, "visible_unique_passes": 0}
{"task": 1987, "task_id": "fresh-eval-3fdc2178228c", "tasks": 2550, "visible_unique_passes": 0}
{"task": 1988, "task_id": "sigless_3b6794cde604", "tasks": 2550, "visible_unique_passes": 0}
{"task": 1989, "task_id": "fresh-eval-77def05d14f2", "tasks": 2550, "visible_unique_passes": 0}
{"task": 1990, "task_id": "fresh-eval-3facfecbdc11", "tasks": 2550, "visible_unique_passes": 0}
{"task": 1991, "task_id": "sigless_d1a5de35533a", "tasks": 2550, "visible_unique_passes": 0}
{"task": 1992, "task_id": "fresh-eval-7c1c58f5b64a", "tasks": 2550, "visible_unique_passes": 0}
{"task": 1993, "task_id": "sigless_a19a96a4834c", "tasks": 2550, "visible_unique_passes": 0}
{"task": 1994, "task_id": "sigless_bb7d757d445c", "tasks": 2550, "visible_unique_passes": 0}
{"task": 1995, "task_id": "sigless_459ef454900f", "tasks": 2550, "visible_unique_passes": 0}
{"task": 1996, "task_id": "fresh-eval-8f4288ac08a4", "tasks": 2550, "visible_unique_passes": 0}
{"task": 1997, "task_id": "sigless_739912711571", "tasks": 2550, "visible_unique_passes": 0}
{"task": 1998, "task_id": "fresh-eval-a896a9c0a40f", "tasks": 2550, "visible_unique_passes": 0}
{"task": 1999, "task_id": "fresh-eval-b96799ba4b32", "tasks": 2550, "visible_unique_passes": 0}
{"task": 2000, "task_id": "sigless_946e0a8b48ee", "tasks": 2550, "visible_unique_passes": 0}
{"task": 2001, "task_id": "fresh-eval-a1a80d85ad11", "tasks": 2550, "visible_unique_passes": 0}
{"task": 2002, "task_id": "fresh-eval-a58549b877a1", "tasks": 2550, "visible_unique_passes": 0}
{"task": 2003, "task_id": "sigless_24e86989f05d", "tasks": 2550, "visible_unique_passes": 0}
{"task": 2004, "task_id": "sigless_c436f96f1126", "tasks": 2550, "visible_unique_passes": 0}
{"task": 2005, "task_id": "sigless_0c2f2f6c7b35", "tasks": 2550, "visible_unique_passes": 0}
{"task": 2006, "task_id": "sigless_fa302886fd8c", "tasks": 2550, "visible_unique_passes": 2}
{"task": 2007, "task_id": "sigless_5e6e101afac5", "tasks": 2550, "visible_unique_passes": 0}
{"task": 2008, "task_id": "sigless_73628d1f6734", "tasks": 2550, "visible_unique_passes": 0}
{"task": 2009, "task_id": "fresh-eval-810bb54d9e2e", "tasks": 2550, "visible_unique_passes": 0}
{"task": 2010, "task_id": "sigless_18d527564a8f", "tasks": 2550, "visible_unique_passes": 0}
{"task": 2011, "task_id": "sigless_3b739e655234", "tasks": 2550, "visible_unique_passes": 1}
{"task": 2012, "task_id": "sigless_15b04034a59c", "tasks": 2550, "visible_unique_passes": 0}
{"task": 2013, "task_id": "sigless_b744b284ec93", "tasks": 2550, "visible_unique_passes": 0}
{"task": 2014, "task_id": "fresh-eval-c90793346915", "tasks": 2550, "visible_unique_passes": 0}
{"task": 2015, "task_id": "fresh-eval-fb0e669efeb6", "tasks": 2550, "visible_unique_passes": 0}
{"task": 2016, "task_id": "sigless_3c0642849805", "tasks": 2550, "visible_unique_passes": 1}
{"task": 2017, "task_id": "fresh-eval-1312cc302169", "tasks": 2550, "visible_unique_passes": 0}
{"task": 2018, "task_id": "sigless_49c2a62dccf1", "tasks": 2550, "visible_unique_passes": 1}
{"task": 2019, "task_id": "fresh-eval-53521f3f53fe", "tasks": 2550, "visible_unique_passes": 0}
{"task": 2020, "task_id": "fresh-eval-a835c400d2aa", "tasks": 2550, "visible_unique_passes": 0}
{"task": 2021, "task_id": "sigless_8827198af603", "tasks": 2550, "visible_unique_passes": 0}
{"task": 2022, "task_id": "sigless_1e1c9ccd8382", "tasks": 2550, "visible_unique_passes": 0}
{"task": 2023, "task_id": "sigless_f1f7a792e31e", "tasks": 2550, "visible_unique_passes": 0}
{"task": 2024, "task_id": "fresh-eval-0417a3227e74", "tasks": 2550, "visible_unique_passes": 0}
{"task": 2025, "task_id": "sigless_1b08e4b5b590", "tasks": 2550, "visible_unique_passes": 0}
{"task": 2026, "task_id": "sigless_f33d2da3c021", "tasks": 2550, "visible_unique_passes": 0}
{"task": 2027, "task_id": "sigless_32e3cbeb2171", "tasks": 2550, "visible_unique_passes": 4}
{"task": 2028, "task_id": "fresh-eval-a1526db17209", "tasks": 2550, "visible_unique_passes": 0}
{"task": 2029, "task_id": "sigless_b98afa8b8771", "tasks": 2550, "visible_unique_passes": 0}
{"task": 2030, "task_id": "fresh-eval-ad7c50d2cd26", "tasks": 2550, "visible_unique_passes": 0}
{"task": 2031, "task_id": "fresh-eval-507aea4210a6", "tasks": 2550, "visible_unique_passes": 0}
{"task": 2032, "task_id": "sigless_70b26b4cb9bb", "tasks": 2550, "visible_unique_passes": 0}
{"task": 2033, "task_id": "sigless_dabb909b3720", "tasks": 2550, "visible_unique_passes": 0}
{"task": 2034, "task_id": "fresh-eval-d9b5c583f724", "tasks": 2550, "visible_unique_passes": 0}
{"task": 2035, "task_id": "sigless_764f39545d30", "tasks": 2550, "visible_unique_passes": 0}
{"task": 2036, "task_id": "sigless_54142b1c1dfc", "tasks": 2550, "visible_unique_passes": 3}
{"task": 2037, "task_id": "sigless_e82e29132a38", "tasks": 2550, "visible_unique_passes": 0}
{"task": 2038, "task_id": "sigless_f9fe030b4137", "tasks": 2550, "visible_unique_passes": 0}
{"task": 2039, "task_id": "sigless_bdc3fe7a76fa", "tasks": 2550, "visible_unique_passes": 0}
{"task": 2040, "task_id": "sigless_cb63b0b71548", "tasks": 2550, "visible_unique_passes": 0}
{"task": 2041, "task_id": "sigless_2cecbd257aff", "tasks": 2550, "visible_unique_passes": 1}
{"task": 2042, "task_id": "sigless_99288a8d8311", "tasks": 2550, "visible_unique_passes": 0}
{"task": 2043, "task_id": "fresh-eval-065c5f25ed96", "tasks": 2550, "visible_unique_passes": 0}
{"task": 2044, "task_id": "sigless_1c485c927aee", "tasks": 2550, "visible_unique_passes": 0}
{"task": 2045, "task_id": "sigless_54284a2441d7", "tasks": 2550, "visible_unique_passes": 0}
{"task": 2046, "task_id": "fresh-eval-b06f9cb11b9c", "tasks": 2550, "visible_unique_passes": 0}
{"task": 2047, "task_id": "sigless_7d2e8ed321e8", "tasks": 2550, "visible_unique_passes": 0}
{"task": 2048, "task_id": "fresh-eval-1f0c2099132a", "tasks": 2550, "visible_unique_passes": 0}
{"task": 2049, "task_id": "fresh-eval-db4f2d4a0809", "tasks": 2550, "visible_unique_passes": 0}
{"task": 2050, "task_id": "sigless_37d4d507d12a", "tasks": 2550, "visible_unique_passes": 0}
{"task": 2051, "task_id": "sigless_71c583c83a2f", "tasks": 2550, "visible_unique_passes": 0}
{"task": 2052, "task_id": "fresh-eval-e9e00cf22941", "tasks": 2550, "visible_unique_passes": 0}
{"task": 2053, "task_id": "sigless_05324e057621", "tasks": 2550, "visible_unique_passes": 1}
{"task": 2054, "task_id": "fresh-eval-03b3b93e0ad3", "tasks": 2550, "visible_unique_passes": 0}
{"task": 2055, "task_id": "sigless_c72748183c0e", "tasks": 2550, "visible_unique_passes": 0}
{"task": 2056, "task_id": "fresh-eval-074d1675827b", "tasks": 2550, "visible_unique_passes": 0}
{"task": 2057, "task_id": "fresh-eval-e00e40b88455", "tasks": 2550, "visible_unique_passes": 0}
{"task": 2058, "task_id": "sigless_ccee7dc4b33d", "tasks": 2550, "visible_unique_passes": 0}
{"task": 2059, "task_id": "sigless_d67b16af9672", "tasks": 2550, "visible_unique_passes": 0}
{"task": 2060, "task_id": "fresh-eval-4b95ab6f2740", "tasks": 2550, "visible_unique_passes": 0}
{"task": 2061, "task_id": "sigless_9d0f3e499d2c", "tasks": 2550, "visible_unique_passes": 0}
{"task": 2062, "task_id": "sigless_0c62ce2fd6a9", "tasks": 2550, "visible_unique_passes": 0}
{"task": 2063, "task_id": "sigless_eae515fc8749", "tasks": 2550, "visible_unique_passes": 0}
{"task": 2064, "task_id": "fresh-eval-6bd80448923f", "tasks": 2550, "visible_unique_passes": 0}
{"task": 2065, "task_id": "sigless_ef8421170b28", "tasks": 2550, "visible_unique_passes": 0}
{"task": 2066, "task_id": "sigless_02355bfb0f06", "tasks": 2550, "visible_unique_passes": 0}
{"task": 2067, "task_id": "fresh-eval-7ae4d2534d3c", "tasks": 2550, "visible_unique_passes": 0}
{"task": 2068, "task_id": "sigless_efa0a6152712", "tasks": 2550, "visible_unique_passes": 0}
{"task": 2069, "task_id": "sigless_1f08c635f613", "tasks": 2550, "visible_unique_passes": 0}
{"task": 2070, "task_id": "sigless_2154c5f49b0d", "tasks": 2550, "visible_unique_passes": 0}
{"task": 2071, "task_id": "sigless_54ffee2e4670", "tasks": 2550, "visible_unique_passes": 0}
{"task": 2072, "task_id": "sigless_a9ba8fd30136", "tasks": 2550, "visible_unique_passes": 0}
{"task": 2073, "task_id": "sigless_6d76d005caa9", "tasks": 2550, "visible_unique_passes": 0}
{"task": 2074, "task_id": "sigless_852ec7e9d3e4", "tasks": 2550, "visible_unique_passes": 0}
{"task": 2075, "task_id": "sigless_6cb3d2f3a1c6", "tasks": 2550, "visible_unique_passes": 1}
{"task": 2076, "task_id": "sigless_b64bb0d0dd70", "tasks": 2550, "visible_unique_passes": 0}
{"task": 2077, "task_id": "fresh-eval-8bf7f554fc6a", "tasks": 2550, "visible_unique_passes": 0}
{"task": 2078, "task_id": "sigless_8633d51aed95", "tasks": 2550, "visible_unique_passes": 0}
{"task": 2079, "task_id": "fresh-eval-50bed1455141", "tasks": 2550, "visible_unique_passes": 0}
{"task": 2080, "task_id": "fresh-eval-e1bad749770b", "tasks": 2550, "visible_unique_passes": 0}
{"task": 2081, "task_id": "fresh-eval-6325c857d0b4", "tasks": 2550, "visible_unique_passes": 0}
{"task": 2082, "task_id": "sigless_604312285628", "tasks": 2550, "visible_unique_passes": 0}
{"task": 2083, "task_id": "sigless_c28303589b76", "tasks": 2550, "visible_unique_passes": 0}
{"task": 2084, "task_id": "sigless_bf0a356ed0ee", "tasks": 2550, "visible_unique_passes": 0}
{"task": 2085, "task_id": "sigless_2f8380969215", "tasks": 2550, "visible_unique_passes": 0}
{"task": 2086, "task_id": "sigless_3c89c552fd60", "tasks": 2550, "visible_unique_passes": 0}
{"task": 2087, "task_id": "fresh-eval-f21d4608f63d", "tasks": 2550, "visible_unique_passes": 0}
{"task": 2088, "task_id": "fresh-eval-cd311ddcfc77", "tasks": 2550, "visible_unique_passes": 1}
{"task": 2089, "task_id": "sigless_3333168fc1f9", "tasks": 2550, "visible_unique_passes": 0}
{"task": 2090, "task_id": "sigless_ff39541c5569", "tasks": 2550, "visible_unique_passes": 0}
{"task": 2091, "task_id": "sigless_0507b4b78962", "tasks": 2550, "visible_unique_passes": 0}
{"task": 2092, "task_id": "sigless_96b4faa7f424", "tasks": 2550, "visible_unique_passes": 0}
{"task": 2093, "task_id": "fresh-eval-0dd2304a5d4d", "tasks": 2550, "visible_unique_passes": 0}
{"task": 2094, "task_id": "sigless_b8c495a54b8d", "tasks": 2550, "visible_unique_passes": 0}
{"task": 2095, "task_id": "sigless_a8bd8bf0a72f", "tasks": 2550, "visible_unique_passes": 0}
{"task": 2096, "task_id": "fresh-eval-75b096c8efee", "tasks": 2550, "visible_unique_passes": 0}
{"task": 2097, "task_id": "sigless_73e2116d3dc1", "tasks": 2550, "visible_unique_passes": 0}
{"task": 2098, "task_id": "sigless_00820a343174", "tasks": 2550, "visible_unique_passes": 0}
{"task": 2099, "task_id": "sigless_5356bf3248b8", "tasks": 2550, "visible_unique_passes": 0}
{"task": 2100, "task_id": "sigless_fc309b4888da", "tasks": 2550, "visible_unique_passes": 0}
{"task": 2101, "task_id": "sigless_332a71719331", "tasks": 2550, "visible_unique_passes": 0}
{"task": 2102, "task_id": "fresh-eval-a6997d86151b", "tasks": 2550, "visible_unique_passes": 0}
{"task": 2103, "task_id": "fresh-eval-e0ef0e1c780c", "tasks": 2550, "visible_unique_passes": 0}
{"task": 2104, "task_id": "fresh-eval-9f769c54ee84", "tasks": 2550, "visible_unique_passes": 0}
{"task": 2105, "task_id": "sigless_5dd1ec529b86", "tasks": 2550, "visible_unique_passes": 0}
{"task": 2106, "task_id": "sigless_b9d8a8a5ae2e", "tasks": 2550, "visible_unique_passes": 0}
{"task": 2107, "task_id": "sigless_ff6183e13a95", "tasks": 2550, "visible_unique_passes": 0}
{"task": 2108, "task_id": "fresh-eval-6a56d4c20af9", "tasks": 2550, "visible_unique_passes": 0}
{"task": 2109, "task_id": "sigless_731f6c240879", "tasks": 2550, "visible_unique_passes": 0}
{"task": 2110, "task_id": "sigless_3578826f8c4c", "tasks": 2550, "visible_unique_passes": 0}
{"task": 2111, "task_id": "sigless_85d0b475b417", "tasks": 2550, "visible_unique_passes": 4}
{"task": 2112, "task_id": "fresh-eval-113fc6793a61", "tasks": 2550, "visible_unique_passes": 0}
{"task": 2113, "task_id": "sigless_c97232d9a6e7", "tasks": 2550, "visible_unique_passes": 0}
{"task": 2114, "task_id": "sigless_7fae72f58a8e", "tasks": 2550, "visible_unique_passes": 0}
{"task": 2115, "task_id": "sigless_fad549403ea6", "tasks": 2550, "visible_unique_passes": 0}
{"task": 2116, "task_id": "sigless_a0132d35599e", "tasks": 2550, "visible_unique_passes": 0}
{"task": 2117, "task_id": "sigless_8d4eee82bddf", "tasks": 2550, "visible_unique_passes": 0}
{"task": 2118, "task_id": "fresh-eval-2cb685c5367a", "tasks": 2550, "visible_unique_passes": 0}
{"task": 2119, "task_id": "sigless_c19da1bf8ba9", "tasks": 2550, "visible_unique_passes": 0}
{"task": 2120, "task_id": "fresh-eval-d983d52b9c1f", "tasks": 2550, "visible_unique_passes": 0}
{"task": 2121, "task_id": "fresh-eval-3b459478db53", "tasks": 2550, "visible_unique_passes": 0}
{"task": 2122, "task_id": "sigless_d89cd16b8a88", "tasks": 2550, "visible_unique_passes": 0}
{"task": 2123, "task_id": "sigless_1f00b0ec2559", "tasks": 2550, "visible_unique_passes": 3}
{"task": 2124, "task_id": "sigless_7637e7c8713e", "tasks": 2550, "visible_unique_passes": 0}
{"task": 2125, "task_id": "sigless_689d8a0758c5", "tasks": 2550, "visible_unique_passes": 0}
{"task": 2126, "task_id": "fresh-eval-034a8425b6a3", "tasks": 2550, "visible_unique_passes": 0}
{"task": 2127, "task_id": "fresh-eval-0d512abaa61d", "tasks": 2550, "visible_unique_passes": 0}
{"task": 2128, "task_id": "sigless_0aaa883d754b", "tasks": 2550, "visible_unique_passes": 0}
{"task": 2129, "task_id": "sigless_499ab3dbed90", "tasks": 2550, "visible_unique_passes": 0}
{"task": 2130, "task_id": "sigless_c752867db1a5", "tasks": 2550, "visible_unique_passes": 0}
{"task": 2131, "task_id": "sigless_a376b13312bb", "tasks": 2550, "visible_unique_passes": 2}
{"task": 2132, "task_id": "sigless_49b37259eb8e", "tasks": 2550, "visible_unique_passes": 0}
{"task": 2133, "task_id": "sigless_e8f38b9c25e7", "tasks": 2550, "visible_unique_passes": 0}
{"task": 2134, "task_id": "sigless_a674270be65d", "tasks": 2550, "visible_unique_passes": 0}
{"task": 2135, "task_id": "sigless_d7bf2906f3b4", "tasks": 2550, "visible_unique_passes": 3}
{"task": 2136, "task_id": "sigless_4128d40d5043", "tasks": 2550, "visible_unique_passes": 0}
{"task": 2137, "task_id": "sigless_80dd5325194c", "tasks": 2550, "visible_unique_passes": 0}
{"task": 2138, "task_id": "fresh-eval-e33d6ba7ab6c", "tasks": 2550, "visible_unique_passes": 0}
{"task": 2139, "task_id": "sigless_98cd508f735e", "tasks": 2550, "visible_unique_passes": 0}
{"task": 2140, "task_id": "sigless_a4ba19fd8844", "tasks": 2550, "visible_unique_passes": 0}
{"task": 2141, "task_id": "sigless_81b655211f70", "tasks": 2550, "visible_unique_passes": 1}
{"task": 2142, "task_id": "sigless_a8d6765acc3c", "tasks": 2550, "visible_unique_passes": 0}
{"task": 2143, "task_id": "fresh-eval-54f5321591ad", "tasks": 2550, "visible_unique_passes": 0}
{"task": 2144, "task_id": "fresh-eval-232f8a69e950", "tasks": 2550, "visible_unique_passes": 0}
{"task": 2145, "task_id": "sigless_8910f8434e4e", "tasks": 2550, "visible_unique_passes": 0}
{"task": 2146, "task_id": "sigless_f5ee8f5d4463", "tasks": 2550, "visible_unique_passes": 0}
{"task": 2147, "task_id": "fresh-eval-b5ba978e0218", "tasks": 2550, "visible_unique_passes": 0}
{"task": 2148, "task_id": "fresh-eval-677e8e1e38d6", "tasks": 2550, "visible_unique_passes": 0}
{"task": 2149, "task_id": "fresh-eval-4f4075787f6f", "tasks": 2550, "visible_unique_passes": 0}
{"task": 2150, "task_id": "fresh-eval-cd4ea783a57b", "tasks": 2550, "visible_unique_passes": 0}
{"task": 2151, "task_id": "sigless_6f42d827832d", "tasks": 2550, "visible_unique_passes": 0}
{"task": 2152, "task_id": "sigless_6275effff129", "tasks": 2550, "visible_unique_passes": 2}
{"task": 2153, "task_id": "sigless_b2452397d7d0", "tasks": 2550, "visible_unique_passes": 0}
{"task": 2154, "task_id": "sigless_02d5399592bf", "tasks": 2550, "visible_unique_passes": 0}
{"task": 2155, "task_id": "sigless_ebd602118867", "tasks": 2550, "visible_unique_passes": 0}
{"task": 2156, "task_id": "sigless_715c9df98739", "tasks": 2550, "visible_unique_passes": 0}
{"task": 2157, "task_id": "sigless_53d416d828df", "tasks": 2550, "visible_unique_passes": 0}
{"task": 2158, "task_id": "sigless_c543a3f04e8e", "tasks": 2550, "visible_unique_passes": 0}
{"task": 2159, "task_id": "sigless_8afd189c361d", "tasks": 2550, "visible_unique_passes": 0}
{"task": 2160, "task_id": "sigless_c6efd0c3a123", "tasks": 2550, "visible_unique_passes": 0}
{"task": 2161, "task_id": "sigless_b0043e150340", "tasks": 2550, "visible_unique_passes": 0}
{"task": 2162, "task_id": "sigless_89b6fc9e15d6", "tasks": 2550, "visible_unique_passes": 0}
{"task": 2163, "task_id": "sigless_56e87559a495", "tasks": 2550, "visible_unique_passes": 3}
{"task": 2164, "task_id": "sigless_ab8e3e51e84c", "tasks": 2550, "visible_unique_passes": 0}
{"task": 2165, "task_id": "fresh-eval-6fca789fcea2", "tasks": 2550, "visible_unique_passes": 0}
{"task": 2166, "task_id": "fresh-eval-321bce8e9269", "tasks": 2550, "visible_unique_passes": 0}
{"task": 2167, "task_id": "fresh-eval-2bddbf8c6fc5", "tasks": 2550, "visible_unique_passes": 0}
{"task": 2168, "task_id": "sigless_c4e5b442baad", "tasks": 2550, "visible_unique_passes": 0}
{"task": 2169, "task_id": "fresh-eval-794554972b49", "tasks": 2550, "visible_unique_passes": 0}
{"task": 2170, "task_id": "sigless_b0c29e95da1b", "tasks": 2550, "visible_unique_passes": 1}
{"task": 2171, "task_id": "fresh-eval-63efa1968019", "tasks": 2550, "visible_unique_passes": 0}
{"task": 2172, "task_id": "sigless_e9699c095415", "tasks": 2550, "visible_unique_passes": 0}
{"task": 2173, "task_id": "sigless_ec367ca40900", "tasks": 2550, "visible_unique_passes": 0}
{"task": 2174, "task_id": "fresh-eval-522648f868ec", "tasks": 2550, "visible_unique_passes": 0}
{"task": 2175, "task_id": "fresh-eval-59b8058892c0", "tasks": 2550, "visible_unique_passes": 1}
{"task": 2176, "task_id": "sigless_9313e4e9cd9b", "tasks": 2550, "visible_unique_passes": 1}
{"task": 2177, "task_id": "fresh-eval-ef90cc9de571", "tasks": 2550, "visible_unique_passes": 0}
{"task": 2178, "task_id": "sigless_9349d2199f5c", "tasks": 2550, "visible_unique_passes": 0}
{"task": 2179, "task_id": "fresh-eval-6246a0a90902", "tasks": 2550, "visible_unique_passes": 0}
{"task": 2180, "task_id": "sigless_9e6d2fa4567f", "tasks": 2550, "visible_unique_passes": 2}
{"task": 2181, "task_id": "sigless_3aa5ad95c544", "tasks": 2550, "visible_unique_passes": 0}
{"task": 2182, "task_id": "fresh-eval-4a6b302d1245", "tasks": 2550, "visible_unique_passes": 0}
{"task": 2183, "task_id": "sigless_765377c5baac", "tasks": 2550, "visible_unique_passes": 0}
{"task": 2184, "task_id": "fresh-eval-aac7052cd4e9", "tasks": 2550, "visible_unique_passes": 0}
{"task": 2185, "task_id": "fresh-eval-90e43c615720", "tasks": 2550, "visible_unique_passes": 0}
{"task": 2186, "task_id": "sigless_ea36c97b6259", "tasks": 2550, "visible_unique_passes": 0}
{"task": 2187, "task_id": "fresh-eval-a412ac1b3ed5", "tasks": 2550, "visible_unique_passes": 0}
{"task": 2188, "task_id": "sigless_98c52dc2dc1e", "tasks": 2550, "visible_unique_passes": 0}
{"task": 2189, "task_id": "sigless_9f6d5e0e0176", "tasks": 2550, "visible_unique_passes": 0}
{"task": 2190, "task_id": "fresh-eval-e963d96aeb21", "tasks": 2550, "visible_unique_passes": 0}
{"task": 2191, "task_id": "sigless_a5fb603692a1", "tasks": 2550, "visible_unique_passes": 0}
{"task": 2192, "task_id": "fresh-eval-d1230347c61a", "tasks": 2550, "visible_unique_passes": 0}
{"task": 2193, "task_id": "sigless_b15f809a72fb", "tasks": 2550, "visible_unique_passes": 0}
{"task": 2194, "task_id": "sigless_67337c7dd9ce", "tasks": 2550, "visible_unique_passes": 0}
{"task": 2195, "task_id": "sigless_9943023d2aba", "tasks": 2550, "visible_unique_passes": 0}
{"task": 2196, "task_id": "sigless_bf10c4917483", "tasks": 2550, "visible_unique_passes": 0}
{"task": 2197, "task_id": "sigless_022d6a0cd643", "tasks": 2550, "visible_unique_passes": 1}
{"task": 2198, "task_id": "fresh-eval-c1bb259f58c9", "tasks": 2550, "visible_unique_passes": 0}
{"task": 2199, "task_id": "sigless_60730d2e850f", "tasks": 2550, "visible_unique_passes": 0}
{"task": 2200, "task_id": "fresh-eval-ddec5bcb872f", "tasks": 2550, "visible_unique_passes": 0}
{"task": 2201, "task_id": "sigless_7d60c9ef2f67", "tasks": 2550, "visible_unique_passes": 0}
{"task": 2202, "task_id": "fresh-eval-3d341ce9fc9f", "tasks": 2550, "visible_unique_passes": 0}
{"task": 2203, "task_id": "sigless_dc7f9a27fcc8", "tasks": 2550, "visible_unique_passes": 0}
{"task": 2204, "task_id": "sigless_c15e5860f3e3", "tasks": 2550, "visible_unique_passes": 0}
{"task": 2205, "task_id": "fresh-eval-55fe80789b3a", "tasks": 2550, "visible_unique_passes": 0}
{"task": 2206, "task_id": "sigless_a3ae4fa21692", "tasks": 2550, "visible_unique_passes": 1}
{"task": 2207, "task_id": "fresh-eval-42be62dfe989", "tasks": 2550, "visible_unique_passes": 0}
{"task": 2208, "task_id": "sigless_851ca47e8650", "tasks": 2550, "visible_unique_passes": 4}
{"task": 2209, "task_id": "fresh-eval-8eea036b08a0", "tasks": 2550, "visible_unique_passes": 0}
{"task": 2210, "task_id": "sigless_cbdbaf09ade0", "tasks": 2550, "visible_unique_passes": 1}
{"task": 2211, "task_id": "sigless_d5986815e8c6", "tasks": 2550, "visible_unique_passes": 0}
{"task": 2212, "task_id": "fresh-eval-747e2f11ec4e", "tasks": 2550, "visible_unique_passes": 0}
{"task": 2213, "task_id": "fresh-eval-d2dd83e59bff", "tasks": 2550, "visible_unique_passes": 0}
{"task": 2214, "task_id": "sigless_a94ab907a9e6", "tasks": 2550, "visible_unique_passes": 0}
{"task": 2215, "task_id": "sigless_01688eb04678", "tasks": 2550, "visible_unique_passes": 0}
{"task": 2216, "task_id": "sigless_698b437f73b6", "tasks": 2550, "visible_unique_passes": 0}
{"task": 2217, "task_id": "sigless_349b49ac2473", "tasks": 2550, "visible_unique_passes": 0}
{"task": 2218, "task_id": "sigless_a876077e86b4", "tasks": 2550, "visible_unique_passes": 0}
{"task": 2219, "task_id": "fresh-eval-8ad2289bcb8a", "tasks": 2550, "visible_unique_passes": 0}
{"task": 2220, "task_id": "sigless_473dda549ded", "tasks": 2550, "visible_unique_passes": 0}
{"task": 2221, "task_id": "fresh-eval-ffcac2953b2d", "tasks": 2550, "visible_unique_passes": 0}
{"task": 2222, "task_id": "sigless_5f9fc3f15267", "tasks": 2550, "visible_unique_passes": 0}
{"task": 2223, "task_id": "sigless_57027513bb38", "tasks": 2550, "visible_unique_passes": 1}
{"task": 2224, "task_id": "sigless_8d4f4548285a", "tasks": 2550, "visible_unique_passes": 0}
{"task": 2225, "task_id": "sigless_60604c62022a", "tasks": 2550, "visible_unique_passes": 0}
{"task": 2226, "task_id": "sigless_adbfb45a1f8c", "tasks": 2550, "visible_unique_passes": 0}
{"task": 2227, "task_id": "sigless_f46441c34948", "tasks": 2550, "visible_unique_passes": 0}
{"task": 2228, "task_id": "sigless_93e20ea84488", "tasks": 2550, "visible_unique_passes": 0}
{"task": 2229, "task_id": "sigless_f7c3eeb498ba", "tasks": 2550, "visible_unique_passes": 0}
{"task": 2230, "task_id": "sigless_6cfc70d378dd", "tasks": 2550, "visible_unique_passes": 0}
{"task": 2231, "task_id": "sigless_58f28b7ca92c", "tasks": 2550, "visible_unique_passes": 0}
{"task": 2232, "task_id": "sigless_612c31a40df0", "tasks": 2550, "visible_unique_passes": 0}
{"task": 2233, "task_id": "fresh-eval-9774bd95558f", "tasks": 2550, "visible_unique_passes": 0}
{"task": 2234, "task_id": "sigless_b435d75e158e", "tasks": 2550, "visible_unique_passes": 0}
{"task": 2235, "task_id": "fresh-eval-6b3fdcd308cc", "tasks": 2550, "visible_unique_passes": 0}
{"task": 2236, "task_id": "sigless_ade00826fd57", "tasks": 2550, "visible_unique_passes": 4}
{"task": 2237, "task_id": "sigless_6951140d323d", "tasks": 2550, "visible_unique_passes": 0}
{"task": 2238, "task_id": "sigless_a8cd32e7feda", "tasks": 2550, "visible_unique_passes": 0}
{"task": 2239, "task_id": "sigless_c64e2cbb19a8", "tasks": 2550, "visible_unique_passes": 0}
{"task": 2240, "task_id": "sigless_611992bedab3", "tasks": 2550, "visible_unique_passes": 0}
{"task": 2241, "task_id": "sigless_28044f7b7ba4", "tasks": 2550, "visible_unique_passes": 0}
{"task": 2242, "task_id": "fresh-eval-39addd1b6504", "tasks": 2550, "visible_unique_passes": 0}
{"task": 2243, "task_id": "sigless_91040f015e13", "tasks": 2550, "visible_unique_passes": 0}
{"task": 2244, "task_id": "fresh-eval-79507a310d6e", "tasks": 2550, "visible_unique_passes": 0}
{"task": 2245, "task_id": "sigless_2109d615c49b", "tasks": 2550, "visible_unique_passes": 0}
{"task": 2246, "task_id": "fresh-eval-c2215f02e0da", "tasks": 2550, "visible_unique_passes": 0}
{"task": 2247, "task_id": "sigless_8bfecffb16b4", "tasks": 2550, "visible_unique_passes": 4}
{"task": 2248, "task_id": "sigless_05d7276e35f8", "tasks": 2550, "visible_unique_passes": 0}
{"task": 2249, "task_id": "sigless_5fe8ad286b25", "tasks": 2550, "visible_unique_passes": 0}
{"task": 2250, "task_id": "sigless_b915954a8521", "tasks": 2550, "visible_unique_passes": 0}
{"task": 2251, "task_id": "sigless_520115265a7e", "tasks": 2550, "visible_unique_passes": 0}
{"task": 2252, "task_id": "sigless_909163dfaedf", "tasks": 2550, "visible_unique_passes": 0}
{"task": 2253, "task_id": "sigless_6d5234f371f9", "tasks": 2550, "visible_unique_passes": 0}
{"task": 2254, "task_id": "sigless_1f1c8d8f3c38", "tasks": 2550, "visible_unique_passes": 0}
{"task": 2255, "task_id": "fresh-eval-44712dc740fc", "tasks": 2550, "visible_unique_passes": 0}
{"task": 2256, "task_id": "fresh-eval-31e355b54a0d", "tasks": 2550, "visible_unique_passes": 0}
{"task": 2257, "task_id": "fresh-eval-4a3578d75d3b", "tasks": 2550, "visible_unique_passes": 0}
{"task": 2258, "task_id": "sigless_65d64fc73d3e", "tasks": 2550, "visible_unique_passes": 0}
{"task": 2259, "task_id": "sigless_f676fc25c581", "tasks": 2550, "visible_unique_passes": 0}
{"task": 2260, "task_id": "fresh-eval-616b875ce7cf", "tasks": 2550, "visible_unique_passes": 0}
{"task": 2261, "task_id": "sigless_3ca0f71dc039", "tasks": 2550, "visible_unique_passes": 0}
{"task": 2262, "task_id": "sigless_36c354c2e279", "tasks": 2550, "visible_unique_passes": 0}
{"task": 2263, "task_id": "sigless_181c8bd4e619", "tasks": 2550, "visible_unique_passes": 0}
{"task": 2264, "task_id": "fresh-eval-618826157edc", "tasks": 2550, "visible_unique_passes": 0}
{"task": 2265, "task_id": "sigless_52c0482fa011", "tasks": 2550, "visible_unique_passes": 0}
{"task": 2266, "task_id": "fresh-eval-3ee7a15816b1", "tasks": 2550, "visible_unique_passes": 0}
{"task": 2267, "task_id": "sigless_9f35c41d66d2", "tasks": 2550, "visible_unique_passes": 0}
{"task": 2268, "task_id": "sigless_3bdfb37d3943", "tasks": 2550, "visible_unique_passes": 0}
{"task": 2269, "task_id": "sigless_7eac1299b4f2", "tasks": 2550, "visible_unique_passes": 1}
{"task": 2270, "task_id": "sigless_82e505f25203", "tasks": 2550, "visible_unique_passes": 0}
{"task": 2271, "task_id": "sigless_66993dcacde0", "tasks": 2550, "visible_unique_passes": 1}
{"task": 2272, "task_id": "fresh-eval-f6819a5e6a5c", "tasks": 2550, "visible_unique_passes": 0}
{"task": 2273, "task_id": "fresh-eval-849329aedc92", "tasks": 2550, "visible_unique_passes": 0}
{"task": 2274, "task_id": "sigless_13a7dd8b9754", "tasks": 2550, "visible_unique_passes": 0}
{"task": 2275, "task_id": "sigless_1eb90e924856", "tasks": 2550, "visible_unique_passes": 0}
{"task": 2276, "task_id": "sigless_d3fdcbc75653", "tasks": 2550, "visible_unique_passes": 0}
{"task": 2277, "task_id": "sigless_b97ec4460458", "tasks": 2550, "visible_unique_passes": 0}
{"task": 2278, "task_id": "sigless_a014dde59f95", "tasks": 2550, "visible_unique_passes": 0}
{"task": 2279, "task_id": "sigless_81370d6cb292", "tasks": 2550, "visible_unique_passes": 0}
{"task": 2280, "task_id": "sigless_9040b3021247", "tasks": 2550, "visible_unique_passes": 0}
{"task": 2281, "task_id": "fresh-eval-b512ebb4928d", "tasks": 2550, "visible_unique_passes": 0}
{"task": 2282, "task_id": "sigless_0b0199b6cf36", "tasks": 2550, "visible_unique_passes": 1}
{"task": 2283, "task_id": "fresh-eval-21c0a040b088", "tasks": 2550, "visible_unique_passes": 0}
{"task": 2284, "task_id": "fresh-eval-66a7002eb56b", "tasks": 2550, "visible_unique_passes": 0}
{"task": 2285, "task_id": "sigless_ac434de369f5", "tasks": 2550, "visible_unique_passes": 0}
{"task": 2286, "task_id": "sigless_987aacfeeca6", "tasks": 2550, "visible_unique_passes": 0}
{"task": 2287, "task_id": "sigless_ba89c4c8f327", "tasks": 2550, "visible_unique_passes": 3}
{"task": 2288, "task_id": "fresh-eval-95262d2fc682", "tasks": 2550, "visible_unique_passes": 0}
{"task": 2289, "task_id": "sigless_b14e45dadc02", "tasks": 2550, "visible_unique_passes": 0}
{"task": 2290, "task_id": "sigless_9dce8b79afb7", "tasks": 2550, "visible_unique_passes": 1}
{"task": 2291, "task_id": "sigless_d7ed83fb3f2f", "tasks": 2550, "visible_unique_passes": 0}
{"task": 2292, "task_id": "fresh-eval-a9765a83e341", "tasks": 2550, "visible_unique_passes": 0}
{"task": 2293, "task_id": "sigless_0c578dee7813", "tasks": 2550, "visible_unique_passes": 0}
{"task": 2294, "task_id": "fresh-eval-dc8f996dddb6", "tasks": 2550, "visible_unique_passes": 0}
{"task": 2295, "task_id": "sigless_60e7aed4983d", "tasks": 2550, "visible_unique_passes": 0}
{"task": 2296, "task_id": "sigless_8107272c2ce1", "tasks": 2550, "visible_unique_passes": 0}
{"task": 2297, "task_id": "fresh-eval-72922d9ea00d", "tasks": 2550, "visible_unique_passes": 0}
{"task": 2298, "task_id": "fresh-eval-b04d7aad800c", "tasks": 2550, "visible_unique_passes": 0}
{"task": 2299, "task_id": "sigless_e8049778a1eb", "tasks": 2550, "visible_unique_passes": 0}
{"task": 2300, "task_id": "sigless_0e44805622bb", "tasks": 2550, "visible_unique_passes": 0}
{"task": 2301, "task_id": "sigless_ac8a1737bea8", "tasks": 2550, "visible_unique_passes": 0}
{"task": 2302, "task_id": "sigless_f6020faa9f9f", "tasks": 2550, "visible_unique_passes": 1}
{"task": 2303, "task_id": "fresh-eval-37b52eb2a4d3", "tasks": 2550, "visible_unique_passes": 0}
{"task": 2304, "task_id": "fresh-eval-d109e66f55b6", "tasks": 2550, "visible_unique_passes": 0}
{"task": 2305, "task_id": "sigless_a5d336663a62", "tasks": 2550, "visible_unique_passes": 1}
{"task": 2306, "task_id": "sigless_c8b2cf967455", "tasks": 2550, "visible_unique_passes": 0}
{"task": 2307, "task_id": "sigless_c27bc56f860a", "tasks": 2550, "visible_unique_passes": 0}
{"task": 2308, "task_id": "sigless_e5ea1d301889", "tasks": 2550, "visible_unique_passes": 0}
{"task": 2309, "task_id": "fresh-eval-8caa8d3c6c80", "tasks": 2550, "visible_unique_passes": 0}
{"task": 2310, "task_id": "sigless_5a41046b670d", "tasks": 2550, "visible_unique_passes": 0}
{"task": 2311, "task_id": "sigless_06b73a986228", "tasks": 2550, "visible_unique_passes": 0}
{"task": 2312, "task_id": "sigless_03ab8b1c66a2", "tasks": 2550, "visible_unique_passes": 2}
{"task": 2313, "task_id": "fresh-eval-d3d5aa1ea94a", "tasks": 2550, "visible_unique_passes": 0}
{"task": 2314, "task_id": "fresh-eval-b6f3785de709", "tasks": 2550, "visible_unique_passes": 0}
{"task": 2315, "task_id": "fresh-eval-860ffb207de8", "tasks": 2550, "visible_unique_passes": 0}
{"task": 2316, "task_id": "sigless_76a58165ee49", "tasks": 2550, "visible_unique_passes": 0}
{"task": 2317, "task_id": "fresh-eval-189113f4e1e0", "tasks": 2550, "visible_unique_passes": 0}
{"task": 2318, "task_id": "sigless_585c4d792fa7", "tasks": 2550, "visible_unique_passes": 0}
{"task": 2319, "task_id": "sigless_3a8a0cbc5306", "tasks": 2550, "visible_unique_passes": 0}
{"task": 2320, "task_id": "fresh-eval-12109fa1579d", "tasks": 2550, "visible_unique_passes": 0}
{"task": 2321, "task_id": "sigless_fa602a669319", "tasks": 2550, "visible_unique_passes": 0}
{"task": 2322, "task_id": "fresh-eval-90b3f5dc6e39", "tasks": 2550, "visible_unique_passes": 1}
{"task": 2323, "task_id": "sigless_c8df1b666f4a", "tasks": 2550, "visible_unique_passes": 0}
{"task": 2324, "task_id": "fresh-eval-83ed80f2a7f7", "tasks": 2550, "visible_unique_passes": 0}
{"task": 2325, "task_id": "fresh-eval-845790aa3f74", "tasks": 2550, "visible_unique_passes": 0}
{"task": 2326, "task_id": "sigless_e813ba19b995", "tasks": 2550, "visible_unique_passes": 0}
{"task": 2327, "task_id": "sigless_e117b29fcd84", "tasks": 2550, "visible_unique_passes": 0}
{"task": 2328, "task_id": "sigless_ae82bf8a7db0", "tasks": 2550, "visible_unique_passes": 0}
{"task": 2329, "task_id": "sigless_1ff709cca1fb", "tasks": 2550, "visible_unique_passes": 0}
{"task": 2330, "task_id": "fresh-eval-bc2cc2e01ab8", "tasks": 2550, "visible_unique_passes": 0}
{"task": 2331, "task_id": "fresh-eval-4ee35d5d834a", "tasks": 2550, "visible_unique_passes": 0}
{"task": 2332, "task_id": "sigless_de1794d048d0", "tasks": 2550, "visible_unique_passes": 0}
{"task": 2333, "task_id": "fresh-eval-8316996c6777", "tasks": 2550, "visible_unique_passes": 0}
{"task": 2334, "task_id": "sigless_af41f65d49ad", "tasks": 2550, "visible_unique_passes": 2}
{"task": 2335, "task_id": "sigless_6604a0a3d6ed", "tasks": 2550, "visible_unique_passes": 0}
{"task": 2336, "task_id": "sigless_24572241d287", "tasks": 2550, "visible_unique_passes": 0}
{"task": 2337, "task_id": "sigless_73b117219888", "tasks": 2550, "visible_unique_passes": 0}
{"task": 2338, "task_id": "sigless_6dc5ffbd5c63", "tasks": 2550, "visible_unique_passes": 1}
{"task": 2339, "task_id": "sigless_be0eb4848387", "tasks": 2550, "visible_unique_passes": 0}
{"task": 2340, "task_id": "sigless_6b3cd9994515", "tasks": 2550, "visible_unique_passes": 0}
{"task": 2341, "task_id": "sigless_e4be1ee8ee36", "tasks": 2550, "visible_unique_passes": 0}
{"task": 2342, "task_id": "fresh-eval-aa506dda2e49", "tasks": 2550, "visible_unique_passes": 0}
{"task": 2343, "task_id": "fresh-eval-5384041c86ca", "tasks": 2550, "visible_unique_passes": 0}
{"task": 2344, "task_id": "fresh-eval-83c7e4eeb2f8", "tasks": 2550, "visible_unique_passes": 0}
{"task": 2345, "task_id": "sigless_0edf1a833bcf", "tasks": 2550, "visible_unique_passes": 0}
{"task": 2346, "task_id": "sigless_f53d28dda027", "tasks": 2550, "visible_unique_passes": 0}
{"task": 2347, "task_id": "fresh-eval-c12e45a67b54", "tasks": 2550, "visible_unique_passes": 0}
{"task": 2348, "task_id": "fresh-eval-fdb2b09fb4c9", "tasks": 2550, "visible_unique_passes": 0}
{"task": 2349, "task_id": "sigless_2710fcb10572", "tasks": 2550, "visible_unique_passes": 1}
{"task": 2350, "task_id": "sigless_67751684f6fc", "tasks": 2550, "visible_unique_passes": 0}
{"task": 2351, "task_id": "sigless_b31a63e0778a", "tasks": 2550, "visible_unique_passes": 0}
{"task": 2352, "task_id": "sigless_1c0640f2fccf", "tasks": 2550, "visible_unique_passes": 0}
{"task": 2353, "task_id": "sigless_8ea51a184b55", "tasks": 2550, "visible_unique_passes": 0}
{"task": 2354, "task_id": "sigless_a75e5964ecb6", "tasks": 2550, "visible_unique_passes": 0}
{"task": 2355, "task_id": "fresh-eval-0ea2879c9889", "tasks": 2550, "visible_unique_passes": 4}
{"task": 2356, "task_id": "sigless_3ddcd7b67860", "tasks": 2550, "visible_unique_passes": 0}
{"task": 2357, "task_id": "fresh-eval-7e03cdfa9eea", "tasks": 2550, "visible_unique_passes": 0}
{"task": 2358, "task_id": "fresh-eval-1e03e029d784", "tasks": 2550, "visible_unique_passes": 0}
{"task": 2359, "task_id": "fresh-eval-9974c0da681b", "tasks": 2550, "visible_unique_passes": 0}
{"task": 2360, "task_id": "sigless_3e3c1dbc5086", "tasks": 2550, "visible_unique_passes": 0}
{"task": 2361, "task_id": "sigless_856dbc8090dd", "tasks": 2550, "visible_unique_passes": 2}
{"task": 2362, "task_id": "fresh-eval-8417a840064a", "tasks": 2550, "visible_unique_passes": 0}
{"task": 2363, "task_id": "fresh-eval-16f6d7e3419d", "tasks": 2550, "visible_unique_passes": 0}
{"task": 2364, "task_id": "sigless_e6e5363141ad", "tasks": 2550, "visible_unique_passes": 0}
{"task": 2365, "task_id": "sigless_a1b0acb76e4c", "tasks": 2550, "visible_unique_passes": 0}
{"task": 2366, "task_id": "sigless_e8f305def787", "tasks": 2550, "visible_unique_passes": 0}
{"task": 2367, "task_id": "sigless_b2dde365dffd", "tasks": 2550, "visible_unique_passes": 0}
{"task": 2368, "task_id": "fresh-eval-45560964f0bc", "tasks": 2550, "visible_unique_passes": 0}
{"task": 2369, "task_id": "sigless_eaf36c4da84c", "tasks": 2550, "visible_unique_passes": 0}
{"task": 2370, "task_id": "sigless_b04a0ddeade1", "tasks": 2550, "visible_unique_passes": 0}
{"task": 2371, "task_id": "sigless_bdb84057030a", "tasks": 2550, "visible_unique_passes": 0}
{"task": 2372, "task_id": "sigless_fc41f71e4a69", "tasks": 2550, "visible_unique_passes": 0}
{"task": 2373, "task_id": "fresh-eval-31dbb22dc641", "tasks": 2550, "visible_unique_passes": 0}
{"task": 2374, "task_id": "sigless_8650d8564ac7", "tasks": 2550, "visible_unique_passes": 0}
{"task": 2375, "task_id": "sigless_b9c52a2496a5", "tasks": 2550, "visible_unique_passes": 2}
{"task": 2376, "task_id": "sigless_f9b618f8a81a", "tasks": 2550, "visible_unique_passes": 0}
{"task": 2377, "task_id": "sigless_f7705be5acc9", "tasks": 2550, "visible_unique_passes": 0}
{"task": 2378, "task_id": "sigless_77acf8e62e89", "tasks": 2550, "visible_unique_passes": 0}
{"task": 2379, "task_id": "sigless_cbfe7a20b129", "tasks": 2550, "visible_unique_passes": 0}
{"task": 2380, "task_id": "fresh-eval-8ed218ba2102", "tasks": 2550, "visible_unique_passes": 0}
{"task": 2381, "task_id": "sigless_465c428aa543", "tasks": 2550, "visible_unique_passes": 0}
{"task": 2382, "task_id": "fresh-eval-4b6181334477", "tasks": 2550, "visible_unique_passes": 0}
{"task": 2383, "task_id": "sigless_328d057a3918", "tasks": 2550, "visible_unique_passes": 3}
{"task": 2384, "task_id": "fresh-eval-6fa8603c4807", "tasks": 2550, "visible_unique_passes": 0}
{"task": 2385, "task_id": "sigless_4d0cd0a428ea", "tasks": 2550, "visible_unique_passes": 0}
{"task": 2386, "task_id": "fresh-eval-3e435a868231", "tasks": 2550, "visible_unique_passes": 0}
{"task": 2387, "task_id": "fresh-eval-4888aaaa32b4", "tasks": 2550, "visible_unique_passes": 0}
{"task": 2388, "task_id": "fresh-eval-67df5de76249", "tasks": 2550, "visible_unique_passes": 0}
{"task": 2389, "task_id": "fresh-eval-ec130e8e48d6", "tasks": 2550, "visible_unique_passes": 0}
{"task": 2390, "task_id": "fresh-eval-1a5422c0d75b", "tasks": 2550, "visible_unique_passes": 0}
{"task": 2391, "task_id": "fresh-eval-60e124372560", "tasks": 2550, "visible_unique_passes": 0}
{"task": 2392, "task_id": "sigless_a209b2a5252a", "tasks": 2550, "visible_unique_passes": 0}
{"task": 2393, "task_id": "fresh-eval-014269cdbcc4", "tasks": 2550, "visible_unique_passes": 0}
{"task": 2394, "task_id": "fresh-eval-4b23d4dd650a", "tasks": 2550, "visible_unique_passes": 0}
{"task": 2395, "task_id": "sigless_82d69dc9d747", "tasks": 2550, "visible_unique_passes": 1}
{"task": 2396, "task_id": "fresh-eval-e4db9247065b", "tasks": 2550, "visible_unique_passes": 0}
{"task": 2397, "task_id": "fresh-eval-060bb42aeeb3", "tasks": 2550, "visible_unique_passes": 0}
{"task": 2398, "task_id": "sigless_feeebf637e95", "tasks": 2550, "visible_unique_passes": 1}
{"task": 2399, "task_id": "fresh-eval-95ba8ee7258b", "tasks": 2550, "visible_unique_passes": 0}
{"task": 2400, "task_id": "fresh-eval-4b33ccbea684", "tasks": 2550, "visible_unique_passes": 0}
{"task": 2401, "task_id": "fresh-eval-b3b45f8b3bea", "tasks": 2550, "visible_unique_passes": 0}
{"task": 2402, "task_id": "sigless_ff505e642c03", "tasks": 2550, "visible_unique_passes": 2}
{"task": 2403, "task_id": "sigless_a5809c78e91c", "tasks": 2550, "visible_unique_passes": 0}
{"task": 2404, "task_id": "sigless_0a4608d2a9d7", "tasks": 2550, "visible_unique_passes": 0}
{"task": 2405, "task_id": "sigless_57ebb9eb364c", "tasks": 2550, "visible_unique_passes": 0}
{"task": 2406, "task_id": "sigless_3e1442eb6167", "tasks": 2550, "visible_unique_passes": 0}
{"task": 2407, "task_id": "sigless_16aaf614b380", "tasks": 2550, "visible_unique_passes": 0}
{"task": 2408, "task_id": "sigless_3c88665083a9", "tasks": 2550, "visible_unique_passes": 0}
{"task": 2409, "task_id": "fresh-eval-8ad8edc2461e", "tasks": 2550, "visible_unique_passes": 2}
{"task": 2410, "task_id": "sigless_dc0a942599f9", "tasks": 2550, "visible_unique_passes": 0}
{"task": 2411, "task_id": "sigless_311a8ed6271c", "tasks": 2550, "visible_unique_passes": 1}
{"task": 2412, "task_id": "sigless_788de340e1f0", "tasks": 2550, "visible_unique_passes": 0}
{"task": 2413, "task_id": "sigless_86f93f55ffea", "tasks": 2550, "visible_unique_passes": 1}
{"task": 2414, "task_id": "sigless_9fc068de82b7", "tasks": 2550, "visible_unique_passes": 0}
{"task": 2415, "task_id": "sigless_3cc825c92fbb", "tasks": 2550, "visible_unique_passes": 0}
{"task": 2416, "task_id": "sigless_68e70b6e3ee0", "tasks": 2550, "visible_unique_passes": 0}
{"task": 2417, "task_id": "sigless_0807a304e05c", "tasks": 2550, "visible_unique_passes": 0}
{"task": 2418, "task_id": "sigless_07987b152fec", "tasks": 2550, "visible_unique_passes": 2}
{"task": 2419, "task_id": "sigless_842997336ec6", "tasks": 2550, "visible_unique_passes": 0}
{"task": 2420, "task_id": "fresh-eval-88b0c2fa78f6", "tasks": 2550, "visible_unique_passes": 0}
{"task": 2421, "task_id": "fresh-eval-e0fa97c8303b", "tasks": 2550, "visible_unique_passes": 0}
{"task": 2422, "task_id": "sigless_0cb6bf3a9ca0", "tasks": 2550, "visible_unique_passes": 2}
{"task": 2423, "task_id": "fresh-eval-9d0a24d2bcb2", "tasks": 2550, "visible_unique_passes": 2}
{"task": 2424, "task_id": "fresh-eval-5e950a4ebc9e", "tasks": 2550, "visible_unique_passes": 0}
{"task": 2425, "task_id": "sigless_3366bdb728e8", "tasks": 2550, "visible_unique_passes": 1}
{"task": 2426, "task_id": "sigless_2f67f22e192a", "tasks": 2550, "visible_unique_passes": 0}
{"task": 2427, "task_id": "sigless_954a8a9a968f", "tasks": 2550, "visible_unique_passes": 0}
{"task": 2428, "task_id": "fresh-eval-1e555fc80b12", "tasks": 2550, "visible_unique_passes": 0}
{"task": 2429, "task_id": "sigless_7d627d871752", "tasks": 2550, "visible_unique_passes": 0}
{"task": 2430, "task_id": "sigless_e8e040c1c0d7", "tasks": 2550, "visible_unique_passes": 0}
{"task": 2431, "task_id": "fresh-eval-4ab0a88fe69b", "tasks": 2550, "visible_unique_passes": 0}
{"task": 2432, "task_id": "sigless_4f9074a7eed5", "tasks": 2550, "visible_unique_passes": 0}
{"task": 2433, "task_id": "sigless_ac1cee02b41c", "tasks": 2550, "visible_unique_passes": 0}
{"task": 2434, "task_id": "sigless_e9d0502871e3", "tasks": 2550, "visible_unique_passes": 0}
{"task": 2435, "task_id": "sigless_200cb7d8cb7b", "tasks": 2550, "visible_unique_passes": 0}
{"task": 2436, "task_id": "fresh-eval-4fba0154b1dc", "tasks": 2550, "visible_unique_passes": 0}
{"task": 2437, "task_id": "fresh-eval-443730ec0309", "tasks": 2550, "visible_unique_passes": 0}
{"task": 2438, "task_id": "sigless_e1bad9f09886", "tasks": 2550, "visible_unique_passes": 1}
{"task": 2439, "task_id": "fresh-eval-5647292ec18d", "tasks": 2550, "visible_unique_passes": 0}
{"task": 2440, "task_id": "sigless_ed552125f186", "tasks": 2550, "visible_unique_passes": 0}
{"task": 2441, "task_id": "sigless_53963acbf653", "tasks": 2550, "visible_unique_passes": 0}
{"task": 2442, "task_id": "fresh-eval-2ac19e2312f2", "tasks": 2550, "visible_unique_passes": 0}
{"task": 2443, "task_id": "sigless_637826cd2d83", "tasks": 2550, "visible_unique_passes": 0}
{"task": 2444, "task_id": "sigless_886756ad8bf3", "tasks": 2550, "visible_unique_passes": 0}
{"task": 2445, "task_id": "fresh-eval-965e83c1601d", "tasks": 2550, "visible_unique_passes": 0}
{"task": 2446, "task_id": "fresh-eval-bd5fc5b86c0b", "tasks": 2550, "visible_unique_passes": 1}
{"task": 2447, "task_id": "sigless_a8ef2fa5fcc5", "tasks": 2550, "visible_unique_passes": 1}
{"task": 2448, "task_id": "sigless_d5c9da42dcc3", "tasks": 2550, "visible_unique_passes": 0}
{"task": 2449, "task_id": "fresh-eval-2b4630c31637", "tasks": 2550, "visible_unique_passes": 0}
{"task": 2450, "task_id": "sigless_f69a19cc404b", "tasks": 2550, "visible_unique_passes": 0}
{"task": 2451, "task_id": "sigless_ac279ba1425a", "tasks": 2550, "visible_unique_passes": 0}
{"task": 2452, "task_id": "sigless_d9259c3c6e64", "tasks": 2550, "visible_unique_passes": 0}
{"task": 2453, "task_id": "sigless_9fd7ba0b6a14", "tasks": 2550, "visible_unique_passes": 0}
{"task": 2454, "task_id": "fresh-eval-4e3bb25fff8c", "tasks": 2550, "visible_unique_passes": 0}
{"task": 2455, "task_id": "sigless_e9d0414a6c4c", "tasks": 2550, "visible_unique_passes": 0}
{"task": 2456, "task_id": "sigless_81a20ae47888", "tasks": 2550, "visible_unique_passes": 0}
{"task": 2457, "task_id": "fresh-eval-0ae604d15b6f", "tasks": 2550, "visible_unique_passes": 0}
{"task": 2458, "task_id": "sigless_b84f6a3cd500", "tasks": 2550, "visible_unique_passes": 0}
{"task": 2459, "task_id": "fresh-eval-3b31e3a3cfce", "tasks": 2550, "visible_unique_passes": 0}
{"task": 2460, "task_id": "fresh-eval-74df9ce7ff64", "tasks": 2550, "visible_unique_passes": 0}
{"task": 2461, "task_id": "fresh-eval-af2fea8eff33", "tasks": 2550, "visible_unique_passes": 0}
{"task": 2462, "task_id": "sigless_25800dc4acc5", "tasks": 2550, "visible_unique_passes": 1}
{"task": 2463, "task_id": "fresh-eval-f92b6586e0ca", "tasks": 2550, "visible_unique_passes": 0}
{"task": 2464, "task_id": "sigless_43a8f5093484", "tasks": 2550, "visible_unique_passes": 3}
{"task": 2465, "task_id": "fresh-eval-56698f6226e1", "tasks": 2550, "visible_unique_passes": 0}
{"task": 2466, "task_id": "sigless_5209bbd9d038", "tasks": 2550, "visible_unique_passes": 0}
{"task": 2467, "task_id": "sigless_27ce58cda66f", "tasks": 2550, "visible_unique_passes": 0}
{"task": 2468, "task_id": "sigless_ad9b0b297158", "tasks": 2550, "visible_unique_passes": 0}
{"task": 2469, "task_id": "sigless_13439b7dbb3a", "tasks": 2550, "visible_unique_passes": 0}
{"task": 2470, "task_id": "sigless_13119a589f29", "tasks": 2550, "visible_unique_passes": 0}
{"task": 2471, "task_id": "sigless_dfea8dc82122", "tasks": 2550, "visible_unique_passes": 1}
{"task": 2472, "task_id": "sigless_29c5b309e476", "tasks": 2550, "visible_unique_passes": 0}
{"task": 2473, "task_id": "sigless_01b0e3e210ad", "tasks": 2550, "visible_unique_passes": 0}
{"task": 2474, "task_id": "fresh-eval-4c3e4e6d39ad", "tasks": 2550, "visible_unique_passes": 0}
{"task": 2475, "task_id": "sigless_ef1a9ba935f8", "tasks": 2550, "visible_unique_passes": 0}
{"task": 2476, "task_id": "sigless_0a7b1fba4992", "tasks": 2550, "visible_unique_passes": 0}
{"task": 2477, "task_id": "sigless_f17b4d628f1b", "tasks": 2550, "visible_unique_passes": 0}
{"task": 2478, "task_id": "sigless_7fb16eb8c461", "tasks": 2550, "visible_unique_passes": 0}
{"task": 2479, "task_id": "sigless_29b121682ef4", "tasks": 2550, "visible_unique_passes": 1}
{"task": 2480, "task_id": "fresh-eval-8caa0cdff2b4", "tasks": 2550, "visible_unique_passes": 0}
{"task": 2481, "task_id": "sigless_f1a8dac275a9", "tasks": 2550, "visible_unique_passes": 0}
{"task": 2482, "task_id": "sigless_f4350b2e3372", "tasks": 2550, "visible_unique_passes": 0}
{"task": 2483, "task_id": "sigless_a3a94f87589a", "tasks": 2550, "visible_unique_passes": 0}
{"task": 2484, "task_id": "sigless_c8035a89d24a", "tasks": 2550, "visible_unique_passes": 0}
{"task": 2485, "task_id": "sigless_22ea8f75397a", "tasks": 2550, "visible_unique_passes": 0}
{"task": 2486, "task_id": "sigless_86dddf478ce3", "tasks": 2550, "visible_unique_passes": 0}
{"task": 2487, "task_id": "fresh-eval-3f0e54f09098", "tasks": 2550, "visible_unique_passes": 0}
{"task": 2488, "task_id": "fresh-eval-974156622dd2", "tasks": 2550, "visible_unique_passes": 0}
{"task": 2489, "task_id": "sigless_9fcb1335fac1", "tasks": 2550, "visible_unique_passes": 0}
{"task": 2490, "task_id": "sigless_b31c682b1ebf", "tasks": 2550, "visible_unique_passes": 0}
{"task": 2491, "task_id": "fresh-eval-837393b38204", "tasks": 2550, "visible_unique_passes": 0}
{"task": 2492, "task_id": "sigless_a1614da05728", "tasks": 2550, "visible_unique_passes": 0}
{"task": 2493, "task_id": "sigless_789cd2f3035d", "tasks": 2550, "visible_unique_passes": 4}
{"task": 2494, "task_id": "sigless_427c3c46f65c", "tasks": 2550, "visible_unique_passes": 0}
{"task": 2495, "task_id": "sigless_81812351194a", "tasks": 2550, "visible_unique_passes": 0}
{"task": 2496, "task_id": "sigless_f5fe346d9a35", "tasks": 2550, "visible_unique_passes": 1}
{"task": 2497, "task_id": "sigless_0cfc23369d57", "tasks": 2550, "visible_unique_passes": 0}
{"task": 2498, "task_id": "sigless_2516066a8a33", "tasks": 2550, "visible_unique_passes": 0}
{"task": 2499, "task_id": "fresh-eval-b8f528c16140", "tasks": 2550, "visible_unique_passes": 0}
{"task": 2500, "task_id": "fresh-eval-222c0d485fff", "tasks": 2550, "visible_unique_passes": 0}
{"task": 2501, "task_id": "sigless_6db71c675d48", "tasks": 2550, "visible_unique_passes": 0}
{"task": 2502, "task_id": "fresh-eval-ba4ad9d5088a", "tasks": 2550, "visible_unique_passes": 0}
{"task": 2503, "task_id": "fresh-eval-8cf4f3913a47", "tasks": 2550, "visible_unique_passes": 0}
{"task": 2504, "task_id": "sigless_b4ffa3e03e0f", "tasks": 2550, "visible_unique_passes": 0}
{"task": 2505, "task_id": "sigless_cfa8dddf2419", "tasks": 2550, "visible_unique_passes": 0}
{"task": 2506, "task_id": "sigless_db7feaefc962", "tasks": 2550, "visible_unique_passes": 0}
{"task": 2507, "task_id": "sigless_f939906b6264", "tasks": 2550, "visible_unique_passes": 0}
{"task": 2508, "task_id": "sigless_63aead8d7be5", "tasks": 2550, "visible_unique_passes": 3}
{"task": 2509, "task_id": "fresh-eval-8e4872bd3b87", "tasks": 2550, "visible_unique_passes": 0}
{"task": 2510, "task_id": "fresh-eval-fe7f00e50431", "tasks": 2550, "visible_unique_passes": 0}
{"task": 2511, "task_id": "fresh-eval-dc85bbca39e7", "tasks": 2550, "visible_unique_passes": 0}
{"task": 2512, "task_id": "sigless_4f28fef57301", "tasks": 2550, "visible_unique_passes": 0}
{"task": 2513, "task_id": "fresh-eval-c29016cb20a4", "tasks": 2550, "visible_unique_passes": 0}
{"task": 2514, "task_id": "fresh-eval-1cbafb7485fb", "tasks": 2550, "visible_unique_passes": 0}
{"task": 2515, "task_id": "sigless_e6cba48054ed", "tasks": 2550, "visible_unique_passes": 0}
{"task": 2516, "task_id": "sigless_8a331f448580", "tasks": 2550, "visible_unique_passes": 0}
{"task": 2517, "task_id": "sigless_34ac254a10c0", "tasks": 2550, "visible_unique_passes": 0}
{"task": 2518, "task_id": "sigless_ea406018c864", "tasks": 2550, "visible_unique_passes": 4}
{"task": 2519, "task_id": "sigless_7cd5630c7413", "tasks": 2550, "visible_unique_passes": 0}
{"task": 2520, "task_id": "fresh-eval-526fc1f0a108", "tasks": 2550, "visible_unique_passes": 0}
{"task": 2521, "task_id": "sigless_eec91ad630a3", "tasks": 2550, "visible_unique_passes": 0}
{"task": 2522, "task_id": "sigless_12f60ae9521e", "tasks": 2550, "visible_unique_passes": 0}
{"task": 2523, "task_id": "fresh-eval-f55469a1dc66", "tasks": 2550, "visible_unique_passes": 0}
{"task": 2524, "task_id": "fresh-eval-5669fd454723", "tasks": 2550, "visible_unique_passes": 0}
{"task": 2525, "task_id": "fresh-eval-b9decc25dbef", "tasks": 2550, "visible_unique_passes": 0}
{"task": 2526, "task_id": "fresh-eval-605822788c74", "tasks": 2550, "visible_unique_passes": 0}
{"task": 2527, "task_id": "sigless_2019f1f39205", "tasks": 2550, "visible_unique_passes": 0}
{"task": 2528, "task_id": "sigless_0551cfc95251", "tasks": 2550, "visible_unique_passes": 0}
{"task": 2529, "task_id": "sigless_143925cf9773", "tasks": 2550, "visible_unique_passes": 0}
{"task": 2530, "task_id": "sigless_bcd24e6f2c18", "tasks": 2550, "visible_unique_passes": 0}
{"task": 2531, "task_id": "sigless_d07ef976e1a5", "tasks": 2550, "visible_unique_passes": 0}
{"task": 2532, "task_id": "fresh-eval-f5a683efe6ac", "tasks": 2550, "visible_unique_passes": 0}
{"task": 2533, "task_id": "sigless_38eb59793f4c", "tasks": 2550, "visible_unique_passes": 0}
{"task": 2534, "task_id": "sigless_6ebc10a812a1", "tasks": 2550, "visible_unique_passes": 0}
{"task": 2535, "task_id": "sigless_6321989cab9b", "tasks": 2550, "visible_unique_passes": 0}
{"task": 2536, "task_id": "fresh-eval-c69f7412ba4e", "tasks": 2550, "visible_unique_passes": 0}
{"task": 2537, "task_id": "fresh-eval-0f3539723442", "tasks": 2550, "visible_unique_passes": 0}
{"task": 2538, "task_id": "sigless_f063735927c7", "tasks": 2550, "visible_unique_passes": 1}
{"task": 2539, "task_id": "fresh-eval-f5a17e16cf64", "tasks": 2550, "visible_unique_passes": 0}
{"task": 2540, "task_id": "fresh-eval-b89e4be6f65c", "tasks": 2550, "visible_unique_passes": 2}
{"task": 2541, "task_id": "sigless_dfd38d464b34", "tasks": 2550, "visible_unique_passes": 0}
{"task": 2542, "task_id": "sigless_d5dbeee30dd7", "tasks": 2550, "visible_unique_passes": 1}
{"task": 2543, "task_id": "sigless_2ab4f8ec4867", "tasks": 2550, "visible_unique_passes": 0}
{"task": 2544, "task_id": "fresh-eval-a4147261fa66", "tasks": 2550, "visible_unique_passes": 0}
{"task": 2545, "task_id": "sigless_112a67159d52", "tasks": 2550, "visible_unique_passes": 0}
{"task": 2546, "task_id": "fresh-eval-496df0a0cbce", "tasks": 2550, "visible_unique_passes": 0}
{"task": 2547, "task_id": "fresh-eval-279422029a34", "tasks": 2550, "visible_unique_passes": 0}
{"task": 2548, "task_id": "sigless_b32c0a1bc6b2", "tasks": 2550, "visible_unique_passes": 0}
{"task": 2549, "task_id": "sigless_bda2c9fb514c", "tasks": 2550, "visible_unique_passes": 0}
{"task": 2550, "task_id": "fresh-eval-31f47b6ba2a5", "tasks": 2550, "visible_unique_passes": 0}
{"api_eligible_task_ids_sha256": "c434c898ec9db1d1f3e07f920ec679552f9160583713bdcc23e3afbbf06cfe5b", "api_eligible_tasks": 2285, "candidate_executions": 10200, "journal": {"chain_head_path": "/workspace/artifacts/t5gemma2_typed_visible_failure_projection_v1/visible_projection.journal.jsonl.chain-head.json", "chain_head_sha256": "5bac2cad788c245132b2d85ac8f9d46f1fefc5b4981c4c40ae5f625e2709703f", "event_count": 2552, "head_event_sha256": "a91e66d5d1d5b8cf1947fa8157f26c01b8b6e20f588676f2121954edf91c5831", "path": "/workspace/artifacts/t5gemma2_typed_visible_failure_projection_v1/visible_projection.journal.jsonl", "sha256": "1359c20028418a1a678c70364b6bf522338ac95e9169a8156626bd32af9b8502"}, "privacy": {"eligibility_source": "sealed_visible_TRAIN_split_only", "frontier_api_calls": false, "heldout_175_opened": false, "private_complete_diagnostic_consumed": false, "private_complete_outcome_consumed_for_eligibility": false, "singleton_private_answer_used_for_eligibility": false}, "run_contract_sha256": "99f4fed5e10b48a301b3d07fd850a003efcef2b6a90c7041c4a79837c384a98d", "schema": "t5gemma2-typed-visible-failure-projection-report-v1", "singleton_stdout_compile_call_only_tasks": 52, "singleton_stdout_task_ids_sha256": "31482c41211f8b0e157a1846a8a2ef9610a23102fcfccd18b894d028704fd93c", "status": "complete", "tasks": 2550, "visible_all_zero_task_ids_sha256": "0be262fb1a403f424dcff0520a8b1ed6a61062023b03f5041f27b1c6e00a76f3", "visible_all_zero_tasks": 2238}
T5GEMMA_TYPED_API_PREPARE_COMPLETE split_manifest_sha256=d9694f084c694c6d1f3cc85ffa00b06d91bb953e97f3e5f8b8f74f5708e0afcc visible_sha256=0f6054d688d1fdd9b7f332cef703ae7ff0c00956f57c47944223c9883055ad23 private_sha256=419917fceb8fd98849333309270277b412c877f4b2d7205976532bd532d1494b projection_report_sha256=2f2ef4a288da49f47fdd659576a1dda67836bdd069bd9546c8b5b1e479a3426c projection_journal_sha256=1359c20028418a1a678c70364b6bf522338ac95e9169a8156626bd32af9b8502
