/workspace/multifunction_v1/build/dev_multifunction_binary.jsonl: OK
/workspace/multifunction_v1/build/dev_multifunction_binary.seal.json: OK
/workspace/multifunction_v1/build/dev_multifunction_binary_f2.jsonl: OK
/workspace/multifunction_v1/build/dev_multifunction_binary_f2.jsonl.manifest.json: OK
Loading weights:   0%|          | 0/1327 [00:00<?, ?it/s]Loading weights:  60%|██████    | 798/1327 [00:00<00:00, 7973.51it/s]Loading weights: 100%|██████████| 1327/1327 [00:00<00:00, 9917.24it/s]
[transformers] Both `min_new_tokens` (=0) and `min_length`(=0) seem to have been set. `min_new_tokens` will take precedence. Please refer to the documentation for more information. (https://huggingface.co/docs/transformers/main/en/main_classes/text_generation)
{"arm": "sft", "max_token_completions": 0, "mean_action_tokens": 426.3, "task": 1, "task_id": "sigless_6f74b303025c", "tasks": 175}
[transformers] Both `min_new_tokens` (=0) and `min_length`(=0) seem to have been set. `min_new_tokens` will take precedence. Please refer to the documentation for more information. (https://huggingface.co/docs/transformers/main/en/main_classes/text_generation)
{"arm": "sft", "max_token_completions": 0, "mean_action_tokens": 287.1, "task": 2, "task_id": "sigless_1eae8c49db66", "tasks": 175}
[transformers] Both `min_new_tokens` (=0) and `min_length`(=0) seem to have been set. `min_new_tokens` will take precedence. Please refer to the documentation for more information. (https://huggingface.co/docs/transformers/main/en/main_classes/text_generation)
{"arm": "sft", "max_token_completions": 0, "mean_action_tokens": 331.6, "task": 3, "task_id": "sigless_8230c078962e", "tasks": 175}
[transformers] Both `min_new_tokens` (=0) and `min_length`(=0) seem to have been set. `min_new_tokens` will take precedence. Please refer to the documentation for more information. (https://huggingface.co/docs/transformers/main/en/main_classes/text_generation)
{"arm": "sft", "max_token_completions": 0, "mean_action_tokens": 429.3, "task": 4, "task_id": "sigless_ef71ae50a5fb", "tasks": 175}
[transformers] Both `min_new_tokens` (=0) and `min_length`(=0) seem to have been set. `min_new_tokens` will take precedence. Please refer to the documentation for more information. (https://huggingface.co/docs/transformers/main/en/main_classes/text_generation)
{"arm": "sft", "max_token_completions": 0, "mean_action_tokens": 125.5, "task": 5, "task_id": "sigless_0c28ea18fc09", "tasks": 175}
[transformers] Both `min_new_tokens` (=0) and `min_length`(=0) seem to have been set. `min_new_tokens` will take precedence. Please refer to the documentation for more information. (https://huggingface.co/docs/transformers/main/en/main_classes/text_generation)
{"arm": "sft", "max_token_completions": 0, "mean_action_tokens": 162.8, "task": 6, "task_id": "sigless_9dcc77211b03", "tasks": 175}
[transformers] Both `min_new_tokens` (=0) and `min_length`(=0) seem to have been set. `min_new_tokens` will take precedence. Please refer to the documentation for more information. (https://huggingface.co/docs/transformers/main/en/main_classes/text_generation)
{"arm": "sft", "max_token_completions": 0, "mean_action_tokens": 202.0, "task": 7, "task_id": "sigless_e3b7af399229", "tasks": 175}
[transformers] Both `min_new_tokens` (=0) and `min_length`(=0) seem to have been set. `min_new_tokens` will take precedence. Please refer to the documentation for more information. (https://huggingface.co/docs/transformers/main/en/main_classes/text_generation)
{"arm": "sft", "max_token_completions": 0, "mean_action_tokens": 197.8, "task": 8, "task_id": "sigless_f2b582d1df68", "tasks": 175}
[transformers] Both `min_new_tokens` (=0) and `min_length`(=0) seem to have been set. `min_new_tokens` will take precedence. Please refer to the documentation for more information. (https://huggingface.co/docs/transformers/main/en/main_classes/text_generation)
{"arm": "sft", "max_token_completions": 0, "mean_action_tokens": 221.0, "task": 9, "task_id": "sigless_af8ea815d9ac", "tasks": 175}
[transformers] Both `min_new_tokens` (=0) and `min_length`(=0) seem to have been set. `min_new_tokens` will take precedence. Please refer to the documentation for more information. (https://huggingface.co/docs/transformers/main/en/main_classes/text_generation)
{"arm": "sft", "max_token_completions": 0, "mean_action_tokens": 300.6, "task": 10, "task_id": "sigless_ed4d7dcd5f20", "tasks": 175}
[transformers] Both `min_new_tokens` (=0) and `min_length`(=0) seem to have been set. `min_new_tokens` will take precedence. Please refer to the documentation for more information. (https://huggingface.co/docs/transformers/main/en/main_classes/text_generation)
{"arm": "sft", "max_token_completions": 0, "mean_action_tokens": 195.7, "task": 11, "task_id": "sigless_ac1a3f90780a", "tasks": 175}
[transformers] Both `min_new_tokens` (=0) and `min_length`(=0) seem to have been set. `min_new_tokens` will take precedence. Please refer to the documentation for more information. (https://huggingface.co/docs/transformers/main/en/main_classes/text_generation)
{"arm": "sft", "max_token_completions": 0, "mean_action_tokens": 124.1, "task": 12, "task_id": "sigless_2607923a35c2", "tasks": 175}
[transformers] Both `min_new_tokens` (=0) and `min_length`(=0) seem to have been set. `min_new_tokens` will take precedence. Please refer to the documentation for more information. (https://huggingface.co/docs/transformers/main/en/main_classes/text_generation)
{"arm": "sft", "max_token_completions": 1, "mean_action_tokens": 1474.2, "task": 13, "task_id": "sigless_9acafa491865", "tasks": 175}
[transformers] Both `min_new_tokens` (=0) and `min_length`(=0) seem to have been set. `min_new_tokens` will take precedence. Please refer to the documentation for more information. (https://huggingface.co/docs/transformers/main/en/main_classes/text_generation)
{"arm": "sft", "max_token_completions": 0, "mean_action_tokens": 120.2, "task": 14, "task_id": "sigless_08a97c3f3f6b", "tasks": 175}
[transformers] Both `min_new_tokens` (=0) and `min_length`(=0) seem to have been set. `min_new_tokens` will take precedence. Please refer to the documentation for more information. (https://huggingface.co/docs/transformers/main/en/main_classes/text_generation)
{"arm": "sft", "max_token_completions": 0, "mean_action_tokens": 129.9, "task": 15, "task_id": "sigless_561333b633a8", "tasks": 175}
[transformers] Both `min_new_tokens` (=0) and `min_length`(=0) seem to have been set. `min_new_tokens` will take precedence. Please refer to the documentation for more information. (https://huggingface.co/docs/transformers/main/en/main_classes/text_generation)
{"arm": "sft", "max_token_completions": 0, "mean_action_tokens": 137.2, "task": 16, "task_id": "sigless_43bc373e09d3", "tasks": 175}
[transformers] Both `min_new_tokens` (=0) and `min_length`(=0) seem to have been set. `min_new_tokens` will take precedence. Please refer to the documentation for more information. (https://huggingface.co/docs/transformers/main/en/main_classes/text_generation)
{"arm": "sft", "max_token_completions": 0, "mean_action_tokens": 411.2, "task": 17, "task_id": "sigless_7968d9b30560", "tasks": 175}
[transformers] Both `min_new_tokens` (=0) and `min_length`(=0) seem to have been set. `min_new_tokens` will take precedence. Please refer to the documentation for more information. (https://huggingface.co/docs/transformers/main/en/main_classes/text_generation)
{"arm": "sft", "max_token_completions": 0, "mean_action_tokens": 198.9, "task": 18, "task_id": "sigless_682c5301dfb2", "tasks": 175}
[transformers] Both `min_new_tokens` (=0) and `min_length`(=0) seem to have been set. `min_new_tokens` will take precedence. Please refer to the documentation for more information. (https://huggingface.co/docs/transformers/main/en/main_classes/text_generation)
{"arm": "sft", "max_token_completions": 0, "mean_action_tokens": 455.1, "task": 19, "task_id": "sigless_37c22f197b0e", "tasks": 175}
[transformers] Both `min_new_tokens` (=0) and `min_length`(=0) seem to have been set. `min_new_tokens` will take precedence. Please refer to the documentation for more information. (https://huggingface.co/docs/transformers/main/en/main_classes/text_generation)
{"arm": "sft", "max_token_completions": 0, "mean_action_tokens": 504.2, "task": 20, "task_id": "sigless_34e9dc99606e", "tasks": 175}
[transformers] Both `min_new_tokens` (=0) and `min_length`(=0) seem to have been set. `min_new_tokens` will take precedence. Please refer to the documentation for more information. (https://huggingface.co/docs/transformers/main/en/main_classes/text_generation)
{"arm": "sft", "max_token_completions": 0, "mean_action_tokens": 773.6, "task": 21, "task_id": "sigless_6ad70e03dabe", "tasks": 175}
[transformers] Both `min_new_tokens` (=0) and `min_length`(=0) seem to have been set. `min_new_tokens` will take precedence. Please refer to the documentation for more information. (https://huggingface.co/docs/transformers/main/en/main_classes/text_generation)
{"arm": "sft", "max_token_completions": 0, "mean_action_tokens": 155.7, "task": 22, "task_id": "sigless_217ef71865c3", "tasks": 175}
[transformers] Both `min_new_tokens` (=0) and `min_length`(=0) seem to have been set. `min_new_tokens` will take precedence. Please refer to the documentation for more information. (https://huggingface.co/docs/transformers/main/en/main_classes/text_generation)
{"arm": "sft", "max_token_completions": 0, "mean_action_tokens": 305.9, "task": 23, "task_id": "sigless_295a1f5c7259", "tasks": 175}
[transformers] Both `min_new_tokens` (=0) and `min_length`(=0) seem to have been set. `min_new_tokens` will take precedence. Please refer to the documentation for more information. (https://huggingface.co/docs/transformers/main/en/main_classes/text_generation)
{"arm": "sft", "max_token_completions": 0, "mean_action_tokens": 195.8, "task": 24, "task_id": "sigless_3b143aa33af0", "tasks": 175}
[transformers] Both `min_new_tokens` (=0) and `min_length`(=0) seem to have been set. `min_new_tokens` will take precedence. Please refer to the documentation for more information. (https://huggingface.co/docs/transformers/main/en/main_classes/text_generation)
{"arm": "sft", "max_token_completions": 0, "mean_action_tokens": 239.5, "task": 25, "task_id": "sigless_6e4974ba05d6", "tasks": 175}
[transformers] Both `min_new_tokens` (=0) and `min_length`(=0) seem to have been set. `min_new_tokens` will take precedence. Please refer to the documentation for more information. (https://huggingface.co/docs/transformers/main/en/main_classes/text_generation)
{"arm": "sft", "max_token_completions": 0, "mean_action_tokens": 137.9, "task": 26, "task_id": "sigless_40ffe3504975", "tasks": 175}
[transformers] Both `min_new_tokens` (=0) and `min_length`(=0) seem to have been set. `min_new_tokens` will take precedence. Please refer to the documentation for more information. (https://huggingface.co/docs/transformers/main/en/main_classes/text_generation)
{"arm": "sft", "max_token_completions": 0, "mean_action_tokens": 282.7, "task": 27, "task_id": "sigless_5c47cc5132ae", "tasks": 175}
[transformers] Both `min_new_tokens` (=0) and `min_length`(=0) seem to have been set. `min_new_tokens` will take precedence. Please refer to the documentation for more information. (https://huggingface.co/docs/transformers/main/en/main_classes/text_generation)
{"arm": "sft", "max_token_completions": 0, "mean_action_tokens": 169.5, "task": 28, "task_id": "sigless_0dc17d9531b9", "tasks": 175}
[transformers] Both `min_new_tokens` (=0) and `min_length`(=0) seem to have been set. `min_new_tokens` will take precedence. Please refer to the documentation for more information. (https://huggingface.co/docs/transformers/main/en/main_classes/text_generation)
{"arm": "sft", "max_token_completions": 0, "mean_action_tokens": 233.2, "task": 29, "task_id": "sigless_e989552bfd91", "tasks": 175}
[transformers] Both `min_new_tokens` (=0) and `min_length`(=0) seem to have been set. `min_new_tokens` will take precedence. Please refer to the documentation for more information. (https://huggingface.co/docs/transformers/main/en/main_classes/text_generation)
{"arm": "sft", "max_token_completions": 0, "mean_action_tokens": 254.0, "task": 30, "task_id": "sigless_588a3df34892", "tasks": 175}
[transformers] Both `min_new_tokens` (=0) and `min_length`(=0) seem to have been set. `min_new_tokens` will take precedence. Please refer to the documentation for more information. (https://huggingface.co/docs/transformers/main/en/main_classes/text_generation)
{"arm": "sft", "max_token_completions": 0, "mean_action_tokens": 340.1, "task": 31, "task_id": "sigless_7f5464d20af0", "tasks": 175}
[transformers] Both `min_new_tokens` (=0) and `min_length`(=0) seem to have been set. `min_new_tokens` will take precedence. Please refer to the documentation for more information. (https://huggingface.co/docs/transformers/main/en/main_classes/text_generation)
{"arm": "sft", "max_token_completions": 0, "mean_action_tokens": 283.6, "task": 32, "task_id": "sigless_c06bd1b6353c", "tasks": 175}
[transformers] Both `min_new_tokens` (=0) and `min_length`(=0) seem to have been set. `min_new_tokens` will take precedence. Please refer to the documentation for more information. (https://huggingface.co/docs/transformers/main/en/main_classes/text_generation)
{"arm": "sft", "max_token_completions": 0, "mean_action_tokens": 112.2, "task": 33, "task_id": "sigless_7ce0645c7c59", "tasks": 175}
[transformers] Both `min_new_tokens` (=0) and `min_length`(=0) seem to have been set. `min_new_tokens` will take precedence. Please refer to the documentation for more information. (https://huggingface.co/docs/transformers/main/en/main_classes/text_generation)
{"arm": "sft", "max_token_completions": 0, "mean_action_tokens": 163.3, "task": 34, "task_id": "sigless_842d8bd3822e", "tasks": 175}
[transformers] Both `min_new_tokens` (=0) and `min_length`(=0) seem to have been set. `min_new_tokens` will take precedence. Please refer to the documentation for more information. (https://huggingface.co/docs/transformers/main/en/main_classes/text_generation)
{"arm": "sft", "max_token_completions": 0, "mean_action_tokens": 221.7, "task": 35, "task_id": "sigless_f19a1cde385c", "tasks": 175}
[transformers] Both `min_new_tokens` (=0) and `min_length`(=0) seem to have been set. `min_new_tokens` will take precedence. Please refer to the documentation for more information. (https://huggingface.co/docs/transformers/main/en/main_classes/text_generation)
{"arm": "sft", "max_token_completions": 0, "mean_action_tokens": 150.8, "task": 36, "task_id": "sigless_66f0c3982031", "tasks": 175}
[transformers] Both `min_new_tokens` (=0) and `min_length`(=0) seem to have been set. `min_new_tokens` will take precedence. Please refer to the documentation for more information. (https://huggingface.co/docs/transformers/main/en/main_classes/text_generation)
{"arm": "sft", "max_token_completions": 0, "mean_action_tokens": 254.6, "task": 37, "task_id": "sigless_6ca6f0196a67", "tasks": 175}
[transformers] Both `min_new_tokens` (=0) and `min_length`(=0) seem to have been set. `min_new_tokens` will take precedence. Please refer to the documentation for more information. (https://huggingface.co/docs/transformers/main/en/main_classes/text_generation)
{"arm": "sft", "max_token_completions": 0, "mean_action_tokens": 224.8, "task": 38, "task_id": "sigless_8cc4767c9e31", "tasks": 175}
[transformers] Both `min_new_tokens` (=0) and `min_length`(=0) seem to have been set. `min_new_tokens` will take precedence. Please refer to the documentation for more information. (https://huggingface.co/docs/transformers/main/en/main_classes/text_generation)
{"arm": "sft", "max_token_completions": 0, "mean_action_tokens": 384.9, "task": 39, "task_id": "sigless_689fa1a18517", "tasks": 175}
[transformers] Both `min_new_tokens` (=0) and `min_length`(=0) seem to have been set. `min_new_tokens` will take precedence. Please refer to the documentation for more information. (https://huggingface.co/docs/transformers/main/en/main_classes/text_generation)
{"arm": "sft", "max_token_completions": 0, "mean_action_tokens": 417.1, "task": 40, "task_id": "sigless_a6a008b7b43f", "tasks": 175}
[transformers] Both `min_new_tokens` (=0) and `min_length`(=0) seem to have been set. `min_new_tokens` will take precedence. Please refer to the documentation for more information. (https://huggingface.co/docs/transformers/main/en/main_classes/text_generation)
{"arm": "sft", "max_token_completions": 0, "mean_action_tokens": 203.2, "task": 41, "task_id": "sigless_b03bf3bb9c5b", "tasks": 175}
[transformers] Both `min_new_tokens` (=0) and `min_length`(=0) seem to have been set. `min_new_tokens` will take precedence. Please refer to the documentation for more information. (https://huggingface.co/docs/transformers/main/en/main_classes/text_generation)
{"arm": "sft", "max_token_completions": 0, "mean_action_tokens": 168.8, "task": 42, "task_id": "sigless_c5fe1b2b12ae", "tasks": 175}
[transformers] Both `min_new_tokens` (=0) and `min_length`(=0) seem to have been set. `min_new_tokens` will take precedence. Please refer to the documentation for more information. (https://huggingface.co/docs/transformers/main/en/main_classes/text_generation)
{"arm": "sft", "max_token_completions": 0, "mean_action_tokens": 150.8, "task": 43, "task_id": "sigless_8d0cf57a5b8f", "tasks": 175}
[transformers] Both `min_new_tokens` (=0) and `min_length`(=0) seem to have been set. `min_new_tokens` will take precedence. Please refer to the documentation for more information. (https://huggingface.co/docs/transformers/main/en/main_classes/text_generation)
{"arm": "sft", "max_token_completions": 0, "mean_action_tokens": 255.7, "task": 44, "task_id": "sigless_7e986e1787e9", "tasks": 175}
[transformers] Both `min_new_tokens` (=0) and `min_length`(=0) seem to have been set. `min_new_tokens` will take precedence. Please refer to the documentation for more information. (https://huggingface.co/docs/transformers/main/en/main_classes/text_generation)
{"arm": "sft", "max_token_completions": 1, "mean_action_tokens": 1417.3, "task": 45, "task_id": "sigless_172bb23be947", "tasks": 175}
[transformers] Both `min_new_tokens` (=0) and `min_length`(=0) seem to have been set. `min_new_tokens` will take precedence. Please refer to the documentation for more information. (https://huggingface.co/docs/transformers/main/en/main_classes/text_generation)
{"arm": "sft", "max_token_completions": 0, "mean_action_tokens": 160.8, "task": 46, "task_id": "sigless_5f0732a851d6", "tasks": 175}
[transformers] Both `min_new_tokens` (=0) and `min_length`(=0) seem to have been set. `min_new_tokens` will take precedence. Please refer to the documentation for more information. (https://huggingface.co/docs/transformers/main/en/main_classes/text_generation)
{"arm": "sft", "max_token_completions": 0, "mean_action_tokens": 471.2, "task": 47, "task_id": "sigless_761f28484d46", "tasks": 175}
[transformers] Both `min_new_tokens` (=0) and `min_length`(=0) seem to have been set. `min_new_tokens` will take precedence. Please refer to the documentation for more information. (https://huggingface.co/docs/transformers/main/en/main_classes/text_generation)
{"arm": "sft", "max_token_completions": 0, "mean_action_tokens": 126.7, "task": 48, "task_id": "sigless_1f311da5c92c", "tasks": 175}
[transformers] Both `min_new_tokens` (=0) and `min_length`(=0) seem to have been set. `min_new_tokens` will take precedence. Please refer to the documentation for more information. (https://huggingface.co/docs/transformers/main/en/main_classes/text_generation)
{"arm": "sft", "max_token_completions": 0, "mean_action_tokens": 560.4, "task": 49, "task_id": "sigless_5b084bc217a7", "tasks": 175}
[transformers] Both `min_new_tokens` (=0) and `min_length`(=0) seem to have been set. `min_new_tokens` will take precedence. Please refer to the documentation for more information. (https://huggingface.co/docs/transformers/main/en/main_classes/text_generation)
{"arm": "sft", "max_token_completions": 0, "mean_action_tokens": 377.0, "task": 50, "task_id": "sigless_813393f0ede5", "tasks": 175}
[transformers] Both `min_new_tokens` (=0) and `min_length`(=0) seem to have been set. `min_new_tokens` will take precedence. Please refer to the documentation for more information. (https://huggingface.co/docs/transformers/main/en/main_classes/text_generation)
{"arm": "sft", "max_token_completions": 0, "mean_action_tokens": 241.7, "task": 51, "task_id": "sigless_c533ec05295f", "tasks": 175}
[transformers] Both `min_new_tokens` (=0) and `min_length`(=0) seem to have been set. `min_new_tokens` will take precedence. Please refer to the documentation for more information. (https://huggingface.co/docs/transformers/main/en/main_classes/text_generation)
{"arm": "sft", "max_token_completions": 0, "mean_action_tokens": 255.3, "task": 52, "task_id": "sigless_f313c6aa6b38", "tasks": 175}
[transformers] Both `min_new_tokens` (=0) and `min_length`(=0) seem to have been set. `min_new_tokens` will take precedence. Please refer to the documentation for more information. (https://huggingface.co/docs/transformers/main/en/main_classes/text_generation)
{"arm": "sft", "max_token_completions": 0, "mean_action_tokens": 216.1, "task": 53, "task_id": "sigless_7da06c701a11", "tasks": 175}
[transformers] Both `min_new_tokens` (=0) and `min_length`(=0) seem to have been set. `min_new_tokens` will take precedence. Please refer to the documentation for more information. (https://huggingface.co/docs/transformers/main/en/main_classes/text_generation)
{"arm": "sft", "max_token_completions": 0, "mean_action_tokens": 1438.8, "task": 54, "task_id": "sigless_32c65c037f11", "tasks": 175}
[transformers] Both `min_new_tokens` (=0) and `min_length`(=0) seem to have been set. `min_new_tokens` will take precedence. Please refer to the documentation for more information. (https://huggingface.co/docs/transformers/main/en/main_classes/text_generation)
{"arm": "sft", "max_token_completions": 0, "mean_action_tokens": 150.2, "task": 55, "task_id": "sigless_800a63a44bf8", "tasks": 175}
[transformers] Both `min_new_tokens` (=0) and `min_length`(=0) seem to have been set. `min_new_tokens` will take precedence. Please refer to the documentation for more information. (https://huggingface.co/docs/transformers/main/en/main_classes/text_generation)
{"arm": "sft", "max_token_completions": 0, "mean_action_tokens": 124.8, "task": 56, "task_id": "sigless_ae3f6b074a1d", "tasks": 175}
[transformers] Both `min_new_tokens` (=0) and `min_length`(=0) seem to have been set. `min_new_tokens` will take precedence. Please refer to the documentation for more information. (https://huggingface.co/docs/transformers/main/en/main_classes/text_generation)
{"arm": "sft", "max_token_completions": 0, "mean_action_tokens": 205.0, "task": 57, "task_id": "sigless_bdb5051ba702", "tasks": 175}
[transformers] Both `min_new_tokens` (=0) and `min_length`(=0) seem to have been set. `min_new_tokens` will take precedence. Please refer to the documentation for more information. (https://huggingface.co/docs/transformers/main/en/main_classes/text_generation)
{"arm": "sft", "max_token_completions": 0, "mean_action_tokens": 191.1, "task": 58, "task_id": "sigless_5a81bb01e5b7", "tasks": 175}
[transformers] Both `min_new_tokens` (=0) and `min_length`(=0) seem to have been set. `min_new_tokens` will take precedence. Please refer to the documentation for more information. (https://huggingface.co/docs/transformers/main/en/main_classes/text_generation)
{"arm": "sft", "max_token_completions": 0, "mean_action_tokens": 216.6, "task": 59, "task_id": "sigless_3cc19bbfa30f", "tasks": 175}
[transformers] Both `min_new_tokens` (=0) and `min_length`(=0) seem to have been set. `min_new_tokens` will take precedence. Please refer to the documentation for more information. (https://huggingface.co/docs/transformers/main/en/main_classes/text_generation)
{"arm": "sft", "max_token_completions": 0, "mean_action_tokens": 107.9, "task": 60, "task_id": "sigless_ca058cccbe26", "tasks": 175}
[transformers] Both `min_new_tokens` (=0) and `min_length`(=0) seem to have been set. `min_new_tokens` will take precedence. Please refer to the documentation for more information. (https://huggingface.co/docs/transformers/main/en/main_classes/text_generation)
{"arm": "sft", "max_token_completions": 0, "mean_action_tokens": 399.2, "task": 61, "task_id": "sigless_b33d2de9af80", "tasks": 175}
[transformers] Both `min_new_tokens` (=0) and `min_length`(=0) seem to have been set. `min_new_tokens` will take precedence. Please refer to the documentation for more information. (https://huggingface.co/docs/transformers/main/en/main_classes/text_generation)
{"arm": "sft", "max_token_completions": 0, "mean_action_tokens": 180.1, "task": 62, "task_id": "sigless_c25abcd9a325", "tasks": 175}
[transformers] Both `min_new_tokens` (=0) and `min_length`(=0) seem to have been set. `min_new_tokens` will take precedence. Please refer to the documentation for more information. (https://huggingface.co/docs/transformers/main/en/main_classes/text_generation)
{"arm": "sft", "max_token_completions": 0, "mean_action_tokens": 204.1, "task": 63, "task_id": "sigless_6d8c4ba351c5", "tasks": 175}
[transformers] Both `min_new_tokens` (=0) and `min_length`(=0) seem to have been set. `min_new_tokens` will take precedence. Please refer to the documentation for more information. (https://huggingface.co/docs/transformers/main/en/main_classes/text_generation)
{"arm": "sft", "max_token_completions": 0, "mean_action_tokens": 221.8, "task": 64, "task_id": "sigless_a247e5f7ba82", "tasks": 175}
[transformers] Both `min_new_tokens` (=0) and `min_length`(=0) seem to have been set. `min_new_tokens` will take precedence. Please refer to the documentation for more information. (https://huggingface.co/docs/transformers/main/en/main_classes/text_generation)
{"arm": "sft", "max_token_completions": 0, "mean_action_tokens": 150.4, "task": 65, "task_id": "sigless_2285fc4955db", "tasks": 175}
[transformers] Both `min_new_tokens` (=0) and `min_length`(=0) seem to have been set. `min_new_tokens` will take precedence. Please refer to the documentation for more information. (https://huggingface.co/docs/transformers/main/en/main_classes/text_generation)
{"arm": "sft", "max_token_completions": 0, "mean_action_tokens": 321.2, "task": 66, "task_id": "sigless_97decd4f7443", "tasks": 175}
[transformers] Both `min_new_tokens` (=0) and `min_length`(=0) seem to have been set. `min_new_tokens` will take precedence. Please refer to the documentation for more information. (https://huggingface.co/docs/transformers/main/en/main_classes/text_generation)
{"arm": "sft", "max_token_completions": 0, "mean_action_tokens": 182.7, "task": 67, "task_id": "sigless_79bfe84158a3", "tasks": 175}
[transformers] Both `min_new_tokens` (=0) and `min_length`(=0) seem to have been set. `min_new_tokens` will take precedence. Please refer to the documentation for more information. (https://huggingface.co/docs/transformers/main/en/main_classes/text_generation)
{"arm": "sft", "max_token_completions": 0, "mean_action_tokens": 134.6, "task": 68, "task_id": "sigless_6dfdaa80a5a8", "tasks": 175}
[transformers] Both `min_new_tokens` (=0) and `min_length`(=0) seem to have been set. `min_new_tokens` will take precedence. Please refer to the documentation for more information. (https://huggingface.co/docs/transformers/main/en/main_classes/text_generation)
{"arm": "sft", "max_token_completions": 0, "mean_action_tokens": 262.6, "task": 69, "task_id": "sigless_52260deec95d", "tasks": 175}
[transformers] Both `min_new_tokens` (=0) and `min_length`(=0) seem to have been set. `min_new_tokens` will take precedence. Please refer to the documentation for more information. (https://huggingface.co/docs/transformers/main/en/main_classes/text_generation)
{"arm": "sft", "max_token_completions": 0, "mean_action_tokens": 246.9, "task": 70, "task_id": "sigless_96546ea01643", "tasks": 175}
[transformers] Both `min_new_tokens` (=0) and `min_length`(=0) seem to have been set. `min_new_tokens` will take precedence. Please refer to the documentation for more information. (https://huggingface.co/docs/transformers/main/en/main_classes/text_generation)
{"arm": "sft", "max_token_completions": 0, "mean_action_tokens": 184.4, "task": 71, "task_id": "sigless_083954eb2fb3", "tasks": 175}
[transformers] Both `min_new_tokens` (=0) and `min_length`(=0) seem to have been set. `min_new_tokens` will take precedence. Please refer to the documentation for more information. (https://huggingface.co/docs/transformers/main/en/main_classes/text_generation)
{"arm": "sft", "max_token_completions": 0, "mean_action_tokens": 420.7, "task": 72, "task_id": "sigless_a348fccf3353", "tasks": 175}
[transformers] Both `min_new_tokens` (=0) and `min_length`(=0) seem to have been set. `min_new_tokens` will take precedence. Please refer to the documentation for more information. (https://huggingface.co/docs/transformers/main/en/main_classes/text_generation)
{"arm": "sft", "max_token_completions": 0, "mean_action_tokens": 394.7, "task": 73, "task_id": "sigless_1b1ea7b75cff", "tasks": 175}
[transformers] Both `min_new_tokens` (=0) and `min_length`(=0) seem to have been set. `min_new_tokens` will take precedence. Please refer to the documentation for more information. (https://huggingface.co/docs/transformers/main/en/main_classes/text_generation)
{"arm": "sft", "max_token_completions": 0, "mean_action_tokens": 474.9, "task": 74, "task_id": "sigless_f8e93c6852a8", "tasks": 175}
[transformers] Both `min_new_tokens` (=0) and `min_length`(=0) seem to have been set. `min_new_tokens` will take precedence. Please refer to the documentation for more information. (https://huggingface.co/docs/transformers/main/en/main_classes/text_generation)
{"arm": "sft", "max_token_completions": 0, "mean_action_tokens": 249.6, "task": 75, "task_id": "sigless_8bf7f40ca356", "tasks": 175}
[transformers] Both `min_new_tokens` (=0) and `min_length`(=0) seem to have been set. `min_new_tokens` will take precedence. Please refer to the documentation for more information. (https://huggingface.co/docs/transformers/main/en/main_classes/text_generation)
{"arm": "sft", "max_token_completions": 0, "mean_action_tokens": 308.5, "task": 76, "task_id": "sigless_dda92f9b56cf", "tasks": 175}
[transformers] Both `min_new_tokens` (=0) and `min_length`(=0) seem to have been set. `min_new_tokens` will take precedence. Please refer to the documentation for more information. (https://huggingface.co/docs/transformers/main/en/main_classes/text_generation)
{"arm": "sft", "max_token_completions": 0, "mean_action_tokens": 221.0, "task": 77, "task_id": "sigless_29facc14bbd7", "tasks": 175}
[transformers] Both `min_new_tokens` (=0) and `min_length`(=0) seem to have been set. `min_new_tokens` will take precedence. Please refer to the documentation for more information. (https://huggingface.co/docs/transformers/main/en/main_classes/text_generation)
{"arm": "sft", "max_token_completions": 0, "mean_action_tokens": 343.2, "task": 78, "task_id": "sigless_03890dcefaec", "tasks": 175}
[transformers] Both `min_new_tokens` (=0) and `min_length`(=0) seem to have been set. `min_new_tokens` will take precedence. Please refer to the documentation for more information. (https://huggingface.co/docs/transformers/main/en/main_classes/text_generation)
{"arm": "sft", "max_token_completions": 0, "mean_action_tokens": 370.3, "task": 79, "task_id": "sigless_0676ce351471", "tasks": 175}
[transformers] Both `min_new_tokens` (=0) and `min_length`(=0) seem to have been set. `min_new_tokens` will take precedence. Please refer to the documentation for more information. (https://huggingface.co/docs/transformers/main/en/main_classes/text_generation)
{"arm": "sft", "max_token_completions": 0, "mean_action_tokens": 115.7, "task": 80, "task_id": "sigless_a507056ae077", "tasks": 175}
[transformers] Both `min_new_tokens` (=0) and `min_length`(=0) seem to have been set. `min_new_tokens` will take precedence. Please refer to the documentation for more information. (https://huggingface.co/docs/transformers/main/en/main_classes/text_generation)
{"arm": "sft", "max_token_completions": 0, "mean_action_tokens": 144.7, "task": 81, "task_id": "sigless_cc73707101e6", "tasks": 175}
[transformers] Both `min_new_tokens` (=0) and `min_length`(=0) seem to have been set. `min_new_tokens` will take precedence. Please refer to the documentation for more information. (https://huggingface.co/docs/transformers/main/en/main_classes/text_generation)
{"arm": "sft", "max_token_completions": 0, "mean_action_tokens": 297.2, "task": 82, "task_id": "sigless_9588ecf888b2", "tasks": 175}
[transformers] Both `min_new_tokens` (=0) and `min_length`(=0) seem to have been set. `min_new_tokens` will take precedence. Please refer to the documentation for more information. (https://huggingface.co/docs/transformers/main/en/main_classes/text_generation)
{"arm": "sft", "max_token_completions": 0, "mean_action_tokens": 261.3, "task": 83, "task_id": "sigless_4708b0b01b11", "tasks": 175}
[transformers] Both `min_new_tokens` (=0) and `min_length`(=0) seem to have been set. `min_new_tokens` will take precedence. Please refer to the documentation for more information. (https://huggingface.co/docs/transformers/main/en/main_classes/text_generation)
{"arm": "sft", "max_token_completions": 0, "mean_action_tokens": 278.2, "task": 84, "task_id": "sigless_a4594aa05a9c", "tasks": 175}
[transformers] Both `min_new_tokens` (=0) and `min_length`(=0) seem to have been set. `min_new_tokens` will take precedence. Please refer to the documentation for more information. (https://huggingface.co/docs/transformers/main/en/main_classes/text_generation)
{"arm": "sft", "max_token_completions": 0, "mean_action_tokens": 153.4, "task": 85, "task_id": "sigless_0d23ec54c1ec", "tasks": 175}
[transformers] Both `min_new_tokens` (=0) and `min_length`(=0) seem to have been set. `min_new_tokens` will take precedence. Please refer to the documentation for more information. (https://huggingface.co/docs/transformers/main/en/main_classes/text_generation)
{"arm": "sft", "max_token_completions": 0, "mean_action_tokens": 160.1, "task": 86, "task_id": "sigless_2b4ce9b63420", "tasks": 175}
[transformers] Both `min_new_tokens` (=0) and `min_length`(=0) seem to have been set. `min_new_tokens` will take precedence. Please refer to the documentation for more information. (https://huggingface.co/docs/transformers/main/en/main_classes/text_generation)
{"arm": "sft", "max_token_completions": 0, "mean_action_tokens": 167.9, "task": 87, "task_id": "sigless_d19512840646", "tasks": 175}
[transformers] Both `min_new_tokens` (=0) and `min_length`(=0) seem to have been set. `min_new_tokens` will take precedence. Please refer to the documentation for more information. (https://huggingface.co/docs/transformers/main/en/main_classes/text_generation)
{"arm": "sft", "max_token_completions": 0, "mean_action_tokens": 246.5, "task": 88, "task_id": "sigless_254a6441f2f8", "tasks": 175}
[transformers] Both `min_new_tokens` (=0) and `min_length`(=0) seem to have been set. `min_new_tokens` will take precedence. Please refer to the documentation for more information. (https://huggingface.co/docs/transformers/main/en/main_classes/text_generation)
{"arm": "sft", "max_token_completions": 0, "mean_action_tokens": 206.9, "task": 89, "task_id": "sigless_bd2a15378da9", "tasks": 175}
[transformers] Both `min_new_tokens` (=0) and `min_length`(=0) seem to have been set. `min_new_tokens` will take precedence. Please refer to the documentation for more information. (https://huggingface.co/docs/transformers/main/en/main_classes/text_generation)
{"arm": "sft", "max_token_completions": 0, "mean_action_tokens": 118.8, "task": 90, "task_id": "sigless_81915896d27e", "tasks": 175}
[transformers] Both `min_new_tokens` (=0) and `min_length`(=0) seem to have been set. `min_new_tokens` will take precedence. Please refer to the documentation for more information. (https://huggingface.co/docs/transformers/main/en/main_classes/text_generation)
{"arm": "sft", "max_token_completions": 0, "mean_action_tokens": 229.1, "task": 91, "task_id": "sigless_e1ba6073c24a", "tasks": 175}
[transformers] Both `min_new_tokens` (=0) and `min_length`(=0) seem to have been set. `min_new_tokens` will take precedence. Please refer to the documentation for more information. (https://huggingface.co/docs/transformers/main/en/main_classes/text_generation)
{"arm": "sft", "max_token_completions": 0, "mean_action_tokens": 193.5, "task": 92, "task_id": "sigless_3a3a9c12bb06", "tasks": 175}
[transformers] Both `min_new_tokens` (=0) and `min_length`(=0) seem to have been set. `min_new_tokens` will take precedence. Please refer to the documentation for more information. (https://huggingface.co/docs/transformers/main/en/main_classes/text_generation)
{"arm": "sft", "max_token_completions": 0, "mean_action_tokens": 289.3, "task": 93, "task_id": "sigless_288bf7a714e1", "tasks": 175}
[transformers] Both `min_new_tokens` (=0) and `min_length`(=0) seem to have been set. `min_new_tokens` will take precedence. Please refer to the documentation for more information. (https://huggingface.co/docs/transformers/main/en/main_classes/text_generation)
{"arm": "sft", "max_token_completions": 0, "mean_action_tokens": 130.9, "task": 94, "task_id": "sigless_35088d24eba1", "tasks": 175}
[transformers] Both `min_new_tokens` (=0) and `min_length`(=0) seem to have been set. `min_new_tokens` will take precedence. Please refer to the documentation for more information. (https://huggingface.co/docs/transformers/main/en/main_classes/text_generation)
{"arm": "sft", "max_token_completions": 0, "mean_action_tokens": 214.0, "task": 95, "task_id": "sigless_64a085399724", "tasks": 175}
[transformers] Both `min_new_tokens` (=0) and `min_length`(=0) seem to have been set. `min_new_tokens` will take precedence. Please refer to the documentation for more information. (https://huggingface.co/docs/transformers/main/en/main_classes/text_generation)
{"arm": "sft", "max_token_completions": 0, "mean_action_tokens": 618.3, "task": 96, "task_id": "sigless_d544567b9189", "tasks": 175}
[transformers] Both `min_new_tokens` (=0) and `min_length`(=0) seem to have been set. `min_new_tokens` will take precedence. Please refer to the documentation for more information. (https://huggingface.co/docs/transformers/main/en/main_classes/text_generation)
{"arm": "sft", "max_token_completions": 0, "mean_action_tokens": 197.2, "task": 97, "task_id": "sigless_73f9e7c2b2e2", "tasks": 175}
[transformers] Both `min_new_tokens` (=0) and `min_length`(=0) seem to have been set. `min_new_tokens` will take precedence. Please refer to the documentation for more information. (https://huggingface.co/docs/transformers/main/en/main_classes/text_generation)
{"arm": "sft", "max_token_completions": 0, "mean_action_tokens": 143.7, "task": 98, "task_id": "sigless_719577f723ab", "tasks": 175}
[transformers] Both `min_new_tokens` (=0) and `min_length`(=0) seem to have been set. `min_new_tokens` will take precedence. Please refer to the documentation for more information. (https://huggingface.co/docs/transformers/main/en/main_classes/text_generation)
{"arm": "sft", "max_token_completions": 0, "mean_action_tokens": 266.0, "task": 99, "task_id": "sigless_2f380f310be1", "tasks": 175}
[transformers] Both `min_new_tokens` (=0) and `min_length`(=0) seem to have been set. `min_new_tokens` will take precedence. Please refer to the documentation for more information. (https://huggingface.co/docs/transformers/main/en/main_classes/text_generation)
{"arm": "sft", "max_token_completions": 0, "mean_action_tokens": 338.1, "task": 100, "task_id": "sigless_cd4130196f1f", "tasks": 175}
[transformers] Both `min_new_tokens` (=0) and `min_length`(=0) seem to have been set. `min_new_tokens` will take precedence. Please refer to the documentation for more information. (https://huggingface.co/docs/transformers/main/en/main_classes/text_generation)
{"arm": "sft", "max_token_completions": 0, "mean_action_tokens": 322.4, "task": 101, "task_id": "sigless_af300e5a0f21", "tasks": 175}
[transformers] Both `min_new_tokens` (=0) and `min_length`(=0) seem to have been set. `min_new_tokens` will take precedence. Please refer to the documentation for more information. (https://huggingface.co/docs/transformers/main/en/main_classes/text_generation)
{"arm": "sft", "max_token_completions": 0, "mean_action_tokens": 210.7, "task": 102, "task_id": "sigless_8c5d7927d750", "tasks": 175}
[transformers] Both `min_new_tokens` (=0) and `min_length`(=0) seem to have been set. `min_new_tokens` will take precedence. Please refer to the documentation for more information. (https://huggingface.co/docs/transformers/main/en/main_classes/text_generation)
{"arm": "sft", "max_token_completions": 0, "mean_action_tokens": 170.2, "task": 103, "task_id": "sigless_c4383a715ff3", "tasks": 175}
[transformers] Both `min_new_tokens` (=0) and `min_length`(=0) seem to have been set. `min_new_tokens` will take precedence. Please refer to the documentation for more information. (https://huggingface.co/docs/transformers/main/en/main_classes/text_generation)
{"arm": "sft", "max_token_completions": 0, "mean_action_tokens": 206.0, "task": 104, "task_id": "sigless_bd986d86cebb", "tasks": 175}
[transformers] Both `min_new_tokens` (=0) and `min_length`(=0) seem to have been set. `min_new_tokens` will take precedence. Please refer to the documentation for more information. (https://huggingface.co/docs/transformers/main/en/main_classes/text_generation)
{"arm": "sft", "max_token_completions": 0, "mean_action_tokens": 187.7, "task": 105, "task_id": "sigless_bcebeb9e6334", "tasks": 175}
[transformers] Both `min_new_tokens` (=0) and `min_length`(=0) seem to have been set. `min_new_tokens` will take precedence. Please refer to the documentation for more information. (https://huggingface.co/docs/transformers/main/en/main_classes/text_generation)
{"arm": "sft", "max_token_completions": 0, "mean_action_tokens": 109.9, "task": 106, "task_id": "sigless_d705d736995d", "tasks": 175}
[transformers] Both `min_new_tokens` (=0) and `min_length`(=0) seem to have been set. `min_new_tokens` will take precedence. Please refer to the documentation for more information. (https://huggingface.co/docs/transformers/main/en/main_classes/text_generation)
{"arm": "sft", "max_token_completions": 0, "mean_action_tokens": 128.1, "task": 107, "task_id": "sigless_b03a8afc1094", "tasks": 175}
[transformers] Both `min_new_tokens` (=0) and `min_length`(=0) seem to have been set. `min_new_tokens` will take precedence. Please refer to the documentation for more information. (https://huggingface.co/docs/transformers/main/en/main_classes/text_generation)
{"arm": "sft", "max_token_completions": 0, "mean_action_tokens": 151.1, "task": 108, "task_id": "sigless_fa4972c4e52e", "tasks": 175}
[transformers] Both `min_new_tokens` (=0) and `min_length`(=0) seem to have been set. `min_new_tokens` will take precedence. Please refer to the documentation for more information. (https://huggingface.co/docs/transformers/main/en/main_classes/text_generation)
{"arm": "sft", "max_token_completions": 3, "mean_action_tokens": 2241.9, "task": 109, "task_id": "sigless_993f7ab38cdd", "tasks": 175}
[transformers] Both `min_new_tokens` (=0) and `min_length`(=0) seem to have been set. `min_new_tokens` will take precedence. Please refer to the documentation for more information. (https://huggingface.co/docs/transformers/main/en/main_classes/text_generation)
{"arm": "sft", "max_token_completions": 0, "mean_action_tokens": 169.4, "task": 110, "task_id": "sigless_95105e48c1e8", "tasks": 175}
[transformers] Both `min_new_tokens` (=0) and `min_length`(=0) seem to have been set. `min_new_tokens` will take precedence. Please refer to the documentation for more information. (https://huggingface.co/docs/transformers/main/en/main_classes/text_generation)
{"arm": "sft", "max_token_completions": 0, "mean_action_tokens": 170.1, "task": 111, "task_id": "sigless_9e128db660ea", "tasks": 175}
[transformers] Both `min_new_tokens` (=0) and `min_length`(=0) seem to have been set. `min_new_tokens` will take precedence. Please refer to the documentation for more information. (https://huggingface.co/docs/transformers/main/en/main_classes/text_generation)
{"arm": "sft", "max_token_completions": 0, "mean_action_tokens": 390.2, "task": 112, "task_id": "sigless_949e6c11e478", "tasks": 175}
[transformers] Both `min_new_tokens` (=0) and `min_length`(=0) seem to have been set. `min_new_tokens` will take precedence. Please refer to the documentation for more information. (https://huggingface.co/docs/transformers/main/en/main_classes/text_generation)
{"arm": "sft", "max_token_completions": 0, "mean_action_tokens": 157.8, "task": 113, "task_id": "sigless_55cc112cbb2c", "tasks": 175}
[transformers] Both `min_new_tokens` (=0) and `min_length`(=0) seem to have been set. `min_new_tokens` will take precedence. Please refer to the documentation for more information. (https://huggingface.co/docs/transformers/main/en/main_classes/text_generation)
{"arm": "sft", "max_token_completions": 0, "mean_action_tokens": 240.4, "task": 114, "task_id": "sigless_c45cfc4290f2", "tasks": 175}
[transformers] Both `min_new_tokens` (=0) and `min_length`(=0) seem to have been set. `min_new_tokens` will take precedence. Please refer to the documentation for more information. (https://huggingface.co/docs/transformers/main/en/main_classes/text_generation)
{"arm": "sft", "max_token_completions": 0, "mean_action_tokens": 154.9, "task": 115, "task_id": "sigless_d1f52bab434e", "tasks": 175}
[transformers] Both `min_new_tokens` (=0) and `min_length`(=0) seem to have been set. `min_new_tokens` will take precedence. Please refer to the documentation for more information. (https://huggingface.co/docs/transformers/main/en/main_classes/text_generation)
{"arm": "sft", "max_token_completions": 0, "mean_action_tokens": 131.1, "task": 116, "task_id": "sigless_696808df1978", "tasks": 175}
[transformers] Both `min_new_tokens` (=0) and `min_length`(=0) seem to have been set. `min_new_tokens` will take precedence. Please refer to the documentation for more information. (https://huggingface.co/docs/transformers/main/en/main_classes/text_generation)
{"arm": "sft", "max_token_completions": 0, "mean_action_tokens": 134.9, "task": 117, "task_id": "sigless_840847bedc74", "tasks": 175}
[transformers] Both `min_new_tokens` (=0) and `min_length`(=0) seem to have been set. `min_new_tokens` will take precedence. Please refer to the documentation for more information. (https://huggingface.co/docs/transformers/main/en/main_classes/text_generation)
{"arm": "sft", "max_token_completions": 0, "mean_action_tokens": 112.1, "task": 118, "task_id": "sigless_eee05f5f93cc", "tasks": 175}
[transformers] Both `min_new_tokens` (=0) and `min_length`(=0) seem to have been set. `min_new_tokens` will take precedence. Please refer to the documentation for more information. (https://huggingface.co/docs/transformers/main/en/main_classes/text_generation)
{"arm": "sft", "max_token_completions": 0, "mean_action_tokens": 185.3, "task": 119, "task_id": "sigless_d61f01ff1856", "tasks": 175}
[transformers] Both `min_new_tokens` (=0) and `min_length`(=0) seem to have been set. `min_new_tokens` will take precedence. Please refer to the documentation for more information. (https://huggingface.co/docs/transformers/main/en/main_classes/text_generation)
{"arm": "sft", "max_token_completions": 0, "mean_action_tokens": 158.7, "task": 120, "task_id": "sigless_79a8dd260f8c", "tasks": 175}
[transformers] Both `min_new_tokens` (=0) and `min_length`(=0) seem to have been set. `min_new_tokens` will take precedence. Please refer to the documentation for more information. (https://huggingface.co/docs/transformers/main/en/main_classes/text_generation)
{"arm": "sft", "max_token_completions": 0, "mean_action_tokens": 159.8, "task": 121, "task_id": "sigless_5628428fcb9e", "tasks": 175}
[transformers] Both `min_new_tokens` (=0) and `min_length`(=0) seem to have been set. `min_new_tokens` will take precedence. Please refer to the documentation for more information. (https://huggingface.co/docs/transformers/main/en/main_classes/text_generation)
{"arm": "sft", "max_token_completions": 0, "mean_action_tokens": 547.3, "task": 122, "task_id": "sigless_459decc7079c", "tasks": 175}
[transformers] Both `min_new_tokens` (=0) and `min_length`(=0) seem to have been set. `min_new_tokens` will take precedence. Please refer to the documentation for more information. (https://huggingface.co/docs/transformers/main/en/main_classes/text_generation)
{"arm": "sft", "max_token_completions": 0, "mean_action_tokens": 265.5, "task": 123, "task_id": "sigless_897c175fe34d", "tasks": 175}
[transformers] Both `min_new_tokens` (=0) and `min_length`(=0) seem to have been set. `min_new_tokens` will take precedence. Please refer to the documentation for more information. (https://huggingface.co/docs/transformers/main/en/main_classes/text_generation)
{"arm": "sft", "max_token_completions": 1, "mean_action_tokens": 2579.6, "task": 124, "task_id": "sigless_f9772127b371", "tasks": 175}
[transformers] Both `min_new_tokens` (=0) and `min_length`(=0) seem to have been set. `min_new_tokens` will take precedence. Please refer to the documentation for more information. (https://huggingface.co/docs/transformers/main/en/main_classes/text_generation)
{"arm": "sft", "max_token_completions": 1, "mean_action_tokens": 2131.3, "task": 125, "task_id": "sigless_e087cd483fa1", "tasks": 175}
[transformers] Both `min_new_tokens` (=0) and `min_length`(=0) seem to have been set. `min_new_tokens` will take precedence. Please refer to the documentation for more information. (https://huggingface.co/docs/transformers/main/en/main_classes/text_generation)
{"arm": "sft", "max_token_completions": 0, "mean_action_tokens": 1213.9, "task": 126, "task_id": "sigless_c8721da111a6", "tasks": 175}
[transformers] Both `min_new_tokens` (=0) and `min_length`(=0) seem to have been set. `min_new_tokens` will take precedence. Please refer to the documentation for more information. (https://huggingface.co/docs/transformers/main/en/main_classes/text_generation)
{"arm": "sft", "max_token_completions": 0, "mean_action_tokens": 310.5, "task": 127, "task_id": "sigless_39b2bb878943", "tasks": 175}
[transformers] Both `min_new_tokens` (=0) and `min_length`(=0) seem to have been set. `min_new_tokens` will take precedence. Please refer to the documentation for more information. (https://huggingface.co/docs/transformers/main/en/main_classes/text_generation)
{"arm": "sft", "max_token_completions": 0, "mean_action_tokens": 236.5, "task": 128, "task_id": "sigless_fc85f3ba4f9a", "tasks": 175}
[transformers] Both `min_new_tokens` (=0) and `min_length`(=0) seem to have been set. `min_new_tokens` will take precedence. Please refer to the documentation for more information. (https://huggingface.co/docs/transformers/main/en/main_classes/text_generation)
{"arm": "sft", "max_token_completions": 0, "mean_action_tokens": 216.0, "task": 129, "task_id": "sigless_877a173b0a13", "tasks": 175}
[transformers] Both `min_new_tokens` (=0) and `min_length`(=0) seem to have been set. `min_new_tokens` will take precedence. Please refer to the documentation for more information. (https://huggingface.co/docs/transformers/main/en/main_classes/text_generation)
{"arm": "sft", "max_token_completions": 0, "mean_action_tokens": 306.8, "task": 130, "task_id": "sigless_f35b198c6f09", "tasks": 175}
[transformers] Both `min_new_tokens` (=0) and `min_length`(=0) seem to have been set. `min_new_tokens` will take precedence. Please refer to the documentation for more information. (https://huggingface.co/docs/transformers/main/en/main_classes/text_generation)
{"arm": "sft", "max_token_completions": 0, "mean_action_tokens": 162.6, "task": 131, "task_id": "sigless_f12cc1905252", "tasks": 175}
[transformers] Both `min_new_tokens` (=0) and `min_length`(=0) seem to have been set. `min_new_tokens` will take precedence. Please refer to the documentation for more information. (https://huggingface.co/docs/transformers/main/en/main_classes/text_generation)
{"arm": "sft", "max_token_completions": 0, "mean_action_tokens": 179.1, "task": 132, "task_id": "sigless_2d693beca98e", "tasks": 175}
[transformers] Both `min_new_tokens` (=0) and `min_length`(=0) seem to have been set. `min_new_tokens` will take precedence. Please refer to the documentation for more information. (https://huggingface.co/docs/transformers/main/en/main_classes/text_generation)
{"arm": "sft", "max_token_completions": 0, "mean_action_tokens": 263.0, "task": 133, "task_id": "sigless_ca1164247b57", "tasks": 175}
[transformers] Both `min_new_tokens` (=0) and `min_length`(=0) seem to have been set. `min_new_tokens` will take precedence. Please refer to the documentation for more information. (https://huggingface.co/docs/transformers/main/en/main_classes/text_generation)
{"arm": "sft", "max_token_completions": 0, "mean_action_tokens": 163.6, "task": 134, "task_id": "sigless_1c2de2da855e", "tasks": 175}
[transformers] Both `min_new_tokens` (=0) and `min_length`(=0) seem to have been set. `min_new_tokens` will take precedence. Please refer to the documentation for more information. (https://huggingface.co/docs/transformers/main/en/main_classes/text_generation)
{"arm": "sft", "max_token_completions": 0, "mean_action_tokens": 208.2, "task": 135, "task_id": "sigless_fde9338419bb", "tasks": 175}
[transformers] Both `min_new_tokens` (=0) and `min_length`(=0) seem to have been set. `min_new_tokens` will take precedence. Please refer to the documentation for more information. (https://huggingface.co/docs/transformers/main/en/main_classes/text_generation)
{"arm": "sft", "max_token_completions": 0, "mean_action_tokens": 709.8, "task": 136, "task_id": "sigless_caabd71fcc51", "tasks": 175}
[transformers] Both `min_new_tokens` (=0) and `min_length`(=0) seem to have been set. `min_new_tokens` will take precedence. Please refer to the documentation for more information. (https://huggingface.co/docs/transformers/main/en/main_classes/text_generation)
{"arm": "sft", "max_token_completions": 0, "mean_action_tokens": 190.9, "task": 137, "task_id": "sigless_f5884d232b82", "tasks": 175}
[transformers] Both `min_new_tokens` (=0) and `min_length`(=0) seem to have been set. `min_new_tokens` will take precedence. Please refer to the documentation for more information. (https://huggingface.co/docs/transformers/main/en/main_classes/text_generation)
{"arm": "sft", "max_token_completions": 0, "mean_action_tokens": 300.1, "task": 138, "task_id": "sigless_f00a8eba1899", "tasks": 175}
[transformers] Both `min_new_tokens` (=0) and `min_length`(=0) seem to have been set. `min_new_tokens` will take precedence. Please refer to the documentation for more information. (https://huggingface.co/docs/transformers/main/en/main_classes/text_generation)
{"arm": "sft", "max_token_completions": 0, "mean_action_tokens": 191.1, "task": 139, "task_id": "sigless_00029a7e6212", "tasks": 175}
[transformers] Both `min_new_tokens` (=0) and `min_length`(=0) seem to have been set. `min_new_tokens` will take precedence. Please refer to the documentation for more information. (https://huggingface.co/docs/transformers/main/en/main_classes/text_generation)
{"arm": "sft", "max_token_completions": 0, "mean_action_tokens": 299.4, "task": 140, "task_id": "sigless_92c2979883a9", "tasks": 175}
[transformers] Both `min_new_tokens` (=0) and `min_length`(=0) seem to have been set. `min_new_tokens` will take precedence. Please refer to the documentation for more information. (https://huggingface.co/docs/transformers/main/en/main_classes/text_generation)
{"arm": "sft", "max_token_completions": 0, "mean_action_tokens": 323.8, "task": 141, "task_id": "sigless_294c09c37fca", "tasks": 175}
[transformers] Both `min_new_tokens` (=0) and `min_length`(=0) seem to have been set. `min_new_tokens` will take precedence. Please refer to the documentation for more information. (https://huggingface.co/docs/transformers/main/en/main_classes/text_generation)
{"arm": "sft", "max_token_completions": 0, "mean_action_tokens": 702.4, "task": 142, "task_id": "sigless_15d4ae2f8443", "tasks": 175}
[transformers] Both `min_new_tokens` (=0) and `min_length`(=0) seem to have been set. `min_new_tokens` will take precedence. Please refer to the documentation for more information. (https://huggingface.co/docs/transformers/main/en/main_classes/text_generation)
{"arm": "sft", "max_token_completions": 0, "mean_action_tokens": 170.8, "task": 143, "task_id": "sigless_fcd2fb050bf6", "tasks": 175}
[transformers] Both `min_new_tokens` (=0) and `min_length`(=0) seem to have been set. `min_new_tokens` will take precedence. Please refer to the documentation for more information. (https://huggingface.co/docs/transformers/main/en/main_classes/text_generation)
{"arm": "sft", "max_token_completions": 0, "mean_action_tokens": 135.2, "task": 144, "task_id": "sigless_4b8ae6c364f9", "tasks": 175}
[transformers] Both `min_new_tokens` (=0) and `min_length`(=0) seem to have been set. `min_new_tokens` will take precedence. Please refer to the documentation for more information. (https://huggingface.co/docs/transformers/main/en/main_classes/text_generation)
{"arm": "sft", "max_token_completions": 0, "mean_action_tokens": 137.9, "task": 145, "task_id": "sigless_5af03fd8ef7b", "tasks": 175}
[transformers] Both `min_new_tokens` (=0) and `min_length`(=0) seem to have been set. `min_new_tokens` will take precedence. Please refer to the documentation for more information. (https://huggingface.co/docs/transformers/main/en/main_classes/text_generation)
{"arm": "sft", "max_token_completions": 0, "mean_action_tokens": 160.3, "task": 146, "task_id": "sigless_d34ebc7ed34a", "tasks": 175}
[transformers] Both `min_new_tokens` (=0) and `min_length`(=0) seem to have been set. `min_new_tokens` will take precedence. Please refer to the documentation for more information. (https://huggingface.co/docs/transformers/main/en/main_classes/text_generation)
{"arm": "sft", "max_token_completions": 0, "mean_action_tokens": 172.7, "task": 147, "task_id": "sigless_808d6c1c9b6a", "tasks": 175}
[transformers] Both `min_new_tokens` (=0) and `min_length`(=0) seem to have been set. `min_new_tokens` will take precedence. Please refer to the documentation for more information. (https://huggingface.co/docs/transformers/main/en/main_classes/text_generation)
{"arm": "sft", "max_token_completions": 0, "mean_action_tokens": 829.8, "task": 148, "task_id": "sigless_26315cbfcfbf", "tasks": 175}
[transformers] Both `min_new_tokens` (=0) and `min_length`(=0) seem to have been set. `min_new_tokens` will take precedence. Please refer to the documentation for more information. (https://huggingface.co/docs/transformers/main/en/main_classes/text_generation)
{"arm": "sft", "max_token_completions": 0, "mean_action_tokens": 451.1, "task": 149, "task_id": "sigless_f70dce70d2e6", "tasks": 175}
[transformers] Both `min_new_tokens` (=0) and `min_length`(=0) seem to have been set. `min_new_tokens` will take precedence. Please refer to the documentation for more information. (https://huggingface.co/docs/transformers/main/en/main_classes/text_generation)
{"arm": "sft", "max_token_completions": 0, "mean_action_tokens": 251.2, "task": 150, "task_id": "sigless_192fbb20f4b6", "tasks": 175}
[transformers] Both `min_new_tokens` (=0) and `min_length`(=0) seem to have been set. `min_new_tokens` will take precedence. Please refer to the documentation for more information. (https://huggingface.co/docs/transformers/main/en/main_classes/text_generation)
{"arm": "sft", "max_token_completions": 0, "mean_action_tokens": 136.1, "task": 151, "task_id": "sigless_c6fed62b2c1d", "tasks": 175}
[transformers] Both `min_new_tokens` (=0) and `min_length`(=0) seem to have been set. `min_new_tokens` will take precedence. Please refer to the documentation for more information. (https://huggingface.co/docs/transformers/main/en/main_classes/text_generation)
{"arm": "sft", "max_token_completions": 0, "mean_action_tokens": 377.5, "task": 152, "task_id": "sigless_07dd80fcc8e7", "tasks": 175}
[transformers] Both `min_new_tokens` (=0) and `min_length`(=0) seem to have been set. `min_new_tokens` will take precedence. Please refer to the documentation for more information. (https://huggingface.co/docs/transformers/main/en/main_classes/text_generation)
{"arm": "sft", "max_token_completions": 0, "mean_action_tokens": 165.4, "task": 153, "task_id": "sigless_6dbf14b60080", "tasks": 175}
[transformers] Both `min_new_tokens` (=0) and `min_length`(=0) seem to have been set. `min_new_tokens` will take precedence. Please refer to the documentation for more information. (https://huggingface.co/docs/transformers/main/en/main_classes/text_generation)
{"arm": "sft", "max_token_completions": 0, "mean_action_tokens": 296.3, "task": 154, "task_id": "sigless_c4f8a1d2a501", "tasks": 175}
[transformers] Both `min_new_tokens` (=0) and `min_length`(=0) seem to have been set. `min_new_tokens` will take precedence. Please refer to the documentation for more information. (https://huggingface.co/docs/transformers/main/en/main_classes/text_generation)
{"arm": "sft", "max_token_completions": 0, "mean_action_tokens": 132.7, "task": 155, "task_id": "sigless_b6b6f07b0ff9", "tasks": 175}
[transformers] Both `min_new_tokens` (=0) and `min_length`(=0) seem to have been set. `min_new_tokens` will take precedence. Please refer to the documentation for more information. (https://huggingface.co/docs/transformers/main/en/main_classes/text_generation)
{"arm": "sft", "max_token_completions": 0, "mean_action_tokens": 257.7, "task": 156, "task_id": "sigless_94c9c9421304", "tasks": 175}
[transformers] Both `min_new_tokens` (=0) and `min_length`(=0) seem to have been set. `min_new_tokens` will take precedence. Please refer to the documentation for more information. (https://huggingface.co/docs/transformers/main/en/main_classes/text_generation)
{"arm": "sft", "max_token_completions": 0, "mean_action_tokens": 224.1, "task": 157, "task_id": "sigless_6d83ced1ddc9", "tasks": 175}
[transformers] Both `min_new_tokens` (=0) and `min_length`(=0) seem to have been set. `min_new_tokens` will take precedence. Please refer to the documentation for more information. (https://huggingface.co/docs/transformers/main/en/main_classes/text_generation)
{"arm": "sft", "max_token_completions": 0, "mean_action_tokens": 159.8, "task": 158, "task_id": "sigless_37e2ca3dea18", "tasks": 175}
[transformers] Both `min_new_tokens` (=0) and `min_length`(=0) seem to have been set. `min_new_tokens` will take precedence. Please refer to the documentation for more information. (https://huggingface.co/docs/transformers/main/en/main_classes/text_generation)
{"arm": "sft", "max_token_completions": 0, "mean_action_tokens": 132.1, "task": 159, "task_id": "sigless_27d7320a3bdf", "tasks": 175}
[transformers] Both `min_new_tokens` (=0) and `min_length`(=0) seem to have been set. `min_new_tokens` will take precedence. Please refer to the documentation for more information. (https://huggingface.co/docs/transformers/main/en/main_classes/text_generation)
{"arm": "sft", "max_token_completions": 0, "mean_action_tokens": 327.8, "task": 160, "task_id": "sigless_88aae2bb0dda", "tasks": 175}
[transformers] Both `min_new_tokens` (=0) and `min_length`(=0) seem to have been set. `min_new_tokens` will take precedence. Please refer to the documentation for more information. (https://huggingface.co/docs/transformers/main/en/main_classes/text_generation)
{"arm": "sft", "max_token_completions": 0, "mean_action_tokens": 179.0, "task": 161, "task_id": "sigless_809d366ff6f0", "tasks": 175}
[transformers] Both `min_new_tokens` (=0) and `min_length`(=0) seem to have been set. `min_new_tokens` will take precedence. Please refer to the documentation for more information. (https://huggingface.co/docs/transformers/main/en/main_classes/text_generation)
{"arm": "sft", "max_token_completions": 0, "mean_action_tokens": 164.1, "task": 162, "task_id": "sigless_7412fc8a275b", "tasks": 175}
[transformers] Both `min_new_tokens` (=0) and `min_length`(=0) seem to have been set. `min_new_tokens` will take precedence. Please refer to the documentation for more information. (https://huggingface.co/docs/transformers/main/en/main_classes/text_generation)
{"arm": "sft", "max_token_completions": 0, "mean_action_tokens": 210.0, "task": 163, "task_id": "sigless_dd676587e3c2", "tasks": 175}
[transformers] Both `min_new_tokens` (=0) and `min_length`(=0) seem to have been set. `min_new_tokens` will take precedence. Please refer to the documentation for more information. (https://huggingface.co/docs/transformers/main/en/main_classes/text_generation)
{"arm": "sft", "max_token_completions": 0, "mean_action_tokens": 370.7, "task": 164, "task_id": "sigless_4cb006480238", "tasks": 175}
[transformers] Both `min_new_tokens` (=0) and `min_length`(=0) seem to have been set. `min_new_tokens` will take precedence. Please refer to the documentation for more information. (https://huggingface.co/docs/transformers/main/en/main_classes/text_generation)
{"arm": "sft", "max_token_completions": 0, "mean_action_tokens": 274.1, "task": 165, "task_id": "sigless_adc978f7e65b", "tasks": 175}
[transformers] Both `min_new_tokens` (=0) and `min_length`(=0) seem to have been set. `min_new_tokens` will take precedence. Please refer to the documentation for more information. (https://huggingface.co/docs/transformers/main/en/main_classes/text_generation)
{"arm": "sft", "max_token_completions": 0, "mean_action_tokens": 309.8, "task": 166, "task_id": "sigless_7e997d06e5bd", "tasks": 175}
[transformers] Both `min_new_tokens` (=0) and `min_length`(=0) seem to have been set. `min_new_tokens` will take precedence. Please refer to the documentation for more information. (https://huggingface.co/docs/transformers/main/en/main_classes/text_generation)
{"arm": "sft", "max_token_completions": 0, "mean_action_tokens": 261.2, "task": 167, "task_id": "sigless_edd7ed243c48", "tasks": 175}
[transformers] Both `min_new_tokens` (=0) and `min_length`(=0) seem to have been set. `min_new_tokens` will take precedence. Please refer to the documentation for more information. (https://huggingface.co/docs/transformers/main/en/main_classes/text_generation)
{"arm": "sft", "max_token_completions": 0, "mean_action_tokens": 244.0, "task": 168, "task_id": "sigless_b721d6a533f8", "tasks": 175}
[transformers] Both `min_new_tokens` (=0) and `min_length`(=0) seem to have been set. `min_new_tokens` will take precedence. Please refer to the documentation for more information. (https://huggingface.co/docs/transformers/main/en/main_classes/text_generation)
{"arm": "sft", "max_token_completions": 0, "mean_action_tokens": 222.7, "task": 169, "task_id": "sigless_bcb6f4de3081", "tasks": 175}
[transformers] Both `min_new_tokens` (=0) and `min_length`(=0) seem to have been set. `min_new_tokens` will take precedence. Please refer to the documentation for more information. (https://huggingface.co/docs/transformers/main/en/main_classes/text_generation)
{"arm": "sft", "max_token_completions": 0, "mean_action_tokens": 184.6, "task": 170, "task_id": "sigless_fe5faa93760d", "tasks": 175}
[transformers] Both `min_new_tokens` (=0) and `min_length`(=0) seem to have been set. `min_new_tokens` will take precedence. Please refer to the documentation for more information. (https://huggingface.co/docs/transformers/main/en/main_classes/text_generation)
{"arm": "sft", "max_token_completions": 0, "mean_action_tokens": 207.9, "task": 171, "task_id": "sigless_d59fd5c25caf", "tasks": 175}
[transformers] Both `min_new_tokens` (=0) and `min_length`(=0) seem to have been set. `min_new_tokens` will take precedence. Please refer to the documentation for more information. (https://huggingface.co/docs/transformers/main/en/main_classes/text_generation)
{"arm": "sft", "max_token_completions": 0, "mean_action_tokens": 254.9, "task": 172, "task_id": "sigless_bf3de39765c8", "tasks": 175}
[transformers] Both `min_new_tokens` (=0) and `min_length`(=0) seem to have been set. `min_new_tokens` will take precedence. Please refer to the documentation for more information. (https://huggingface.co/docs/transformers/main/en/main_classes/text_generation)
{"arm": "sft", "max_token_completions": 0, "mean_action_tokens": 253.9, "task": 173, "task_id": "sigless_b885d1ba1001", "tasks": 175}
[transformers] Both `min_new_tokens` (=0) and `min_length`(=0) seem to have been set. `min_new_tokens` will take precedence. Please refer to the documentation for more information. (https://huggingface.co/docs/transformers/main/en/main_classes/text_generation)
{"arm": "sft", "max_token_completions": 0, "mean_action_tokens": 199.1, "task": 174, "task_id": "sigless_3af6f6ae5576", "tasks": 175}
[transformers] Both `min_new_tokens` (=0) and `min_length`(=0) seem to have been set. `min_new_tokens` will take precedence. Please refer to the documentation for more information. (https://huggingface.co/docs/transformers/main/en/main_classes/text_generation)
{"arm": "sft", "max_token_completions": 0, "mean_action_tokens": 181.3, "task": 175, "task_id": "sigless_54c0d3ca981f", "tasks": 175}
{"arm": "sft", "max_token_completions": 7, "output": "/workspace/artifacts/t5gemma2_f2_measurement_audit_v1/baseline_seed43_k10_predictions.json", "output_sha256": "1f4d735e62629a19f2807316b631531c5d76928567e3c647ed38386297204e4b", "rows": 175, "samples": 1750}
PASSK_RESULT tasks=175 pass@1=2/175=0.0114 pass@10=7/175=0.0400 compile@10=125/175=0.7143
MEASUREMENT_AUDIT_RESEED_COMPLETE seed=43 score=/workspace/artifacts/t5gemma2_f2_measurement_audit_v1/baseline_seed43_k10_score.json
Loading weights:   0%|          | 0/1327 [00:00<?, ?it/s]Loading weights:  56%|█████▌    | 738/1327 [00:00<00:00, 7364.12it/s]Loading weights: 100%|██████████| 1327/1327 [00:00<00:00, 7810.86it/s]
[transformers] Both `min_new_tokens` (=0) and `min_length`(=0) seem to have been set. `min_new_tokens` will take precedence. Please refer to the documentation for more information. (https://huggingface.co/docs/transformers/main/en/main_classes/text_generation)
{"arm": "sft", "max_token_completions": 0, "mean_action_tokens": 492.4, "task": 1, "task_id": "sigless_6f74b303025c", "tasks": 175}
[transformers] Both `min_new_tokens` (=0) and `min_length`(=0) seem to have been set. `min_new_tokens` will take precedence. Please refer to the documentation for more information. (https://huggingface.co/docs/transformers/main/en/main_classes/text_generation)
{"arm": "sft", "max_token_completions": 0, "mean_action_tokens": 233.9, "task": 2, "task_id": "sigless_1eae8c49db66", "tasks": 175}
[transformers] Both `min_new_tokens` (=0) and `min_length`(=0) seem to have been set. `min_new_tokens` will take precedence. Please refer to the documentation for more information. (https://huggingface.co/docs/transformers/main/en/main_classes/text_generation)
{"arm": "sft", "max_token_completions": 0, "mean_action_tokens": 258.3, "task": 3, "task_id": "sigless_8230c078962e", "tasks": 175}
[transformers] Both `min_new_tokens` (=0) and `min_length`(=0) seem to have been set. `min_new_tokens` will take precedence. Please refer to the documentation for more information. (https://huggingface.co/docs/transformers/main/en/main_classes/text_generation)
{"arm": "sft", "max_token_completions": 0, "mean_action_tokens": 388.7, "task": 4, "task_id": "sigless_ef71ae50a5fb", "tasks": 175}
[transformers] Both `min_new_tokens` (=0) and `min_length`(=0) seem to have been set. `min_new_tokens` will take precedence. Please refer to the documentation for more information. (https://huggingface.co/docs/transformers/main/en/main_classes/text_generation)
{"arm": "sft", "max_token_completions": 0, "mean_action_tokens": 137.2, "task": 5, "task_id": "sigless_0c28ea18fc09", "tasks": 175}
[transformers] Both `min_new_tokens` (=0) and `min_length`(=0) seem to have been set. `min_new_tokens` will take precedence. Please refer to the documentation for more information. (https://huggingface.co/docs/transformers/main/en/main_classes/text_generation)
{"arm": "sft", "max_token_completions": 0, "mean_action_tokens": 169.9, "task": 6, "task_id": "sigless_9dcc77211b03", "tasks": 175}
[transformers] Both `min_new_tokens` (=0) and `min_length`(=0) seem to have been set. `min_new_tokens` will take precedence. Please refer to the documentation for more information. (https://huggingface.co/docs/transformers/main/en/main_classes/text_generation)
{"arm": "sft", "max_token_completions": 0, "mean_action_tokens": 174.1, "task": 7, "task_id": "sigless_e3b7af399229", "tasks": 175}
[transformers] Both `min_new_tokens` (=0) and `min_length`(=0) seem to have been set. `min_new_tokens` will take precedence. Please refer to the documentation for more information. (https://huggingface.co/docs/transformers/main/en/main_classes/text_generation)
{"arm": "sft", "max_token_completions": 0, "mean_action_tokens": 219.5, "task": 8, "task_id": "sigless_f2b582d1df68", "tasks": 175}
[transformers] Both `min_new_tokens` (=0) and `min_length`(=0) seem to have been set. `min_new_tokens` will take precedence. Please refer to the documentation for more information. (https://huggingface.co/docs/transformers/main/en/main_classes/text_generation)
{"arm": "sft", "max_token_completions": 0, "mean_action_tokens": 230.7, "task": 9, "task_id": "sigless_af8ea815d9ac", "tasks": 175}
[transformers] Both `min_new_tokens` (=0) and `min_length`(=0) seem to have been set. `min_new_tokens` will take precedence. Please refer to the documentation for more information. (https://huggingface.co/docs/transformers/main/en/main_classes/text_generation)
{"arm": "sft", "max_token_completions": 0, "mean_action_tokens": 323.8, "task": 10, "task_id": "sigless_ed4d7dcd5f20", "tasks": 175}
[transformers] Both `min_new_tokens` (=0) and `min_length`(=0) seem to have been set. `min_new_tokens` will take precedence. Please refer to the documentation for more information. (https://huggingface.co/docs/transformers/main/en/main_classes/text_generation)
{"arm": "sft", "max_token_completions": 0, "mean_action_tokens": 243.9, "task": 11, "task_id": "sigless_ac1a3f90780a", "tasks": 175}
[transformers] Both `min_new_tokens` (=0) and `min_length`(=0) seem to have been set. `min_new_tokens` will take precedence. Please refer to the documentation for more information. (https://huggingface.co/docs/transformers/main/en/main_classes/text_generation)
{"arm": "sft", "max_token_completions": 0, "mean_action_tokens": 106.2, "task": 12, "task_id": "sigless_2607923a35c2", "tasks": 175}
[transformers] Both `min_new_tokens` (=0) and `min_length`(=0) seem to have been set. `min_new_tokens` will take precedence. Please refer to the documentation for more information. (https://huggingface.co/docs/transformers/main/en/main_classes/text_generation)
{"arm": "sft", "max_token_completions": 0, "mean_action_tokens": 1020.9, "task": 13, "task_id": "sigless_9acafa491865", "tasks": 175}
[transformers] Both `min_new_tokens` (=0) and `min_length`(=0) seem to have been set. `min_new_tokens` will take precedence. Please refer to the documentation for more information. (https://huggingface.co/docs/transformers/main/en/main_classes/text_generation)
{"arm": "sft", "max_token_completions": 0, "mean_action_tokens": 105.3, "task": 14, "task_id": "sigless_08a97c3f3f6b", "tasks": 175}
[transformers] Both `min_new_tokens` (=0) and `min_length`(=0) seem to have been set. `min_new_tokens` will take precedence. Please refer to the documentation for more information. (https://huggingface.co/docs/transformers/main/en/main_classes/text_generation)
{"arm": "sft", "max_token_completions": 0, "mean_action_tokens": 155.5, "task": 15, "task_id": "sigless_561333b633a8", "tasks": 175}
[transformers] Both `min_new_tokens` (=0) and `min_length`(=0) seem to have been set. `min_new_tokens` will take precedence. Please refer to the documentation for more information. (https://huggingface.co/docs/transformers/main/en/main_classes/text_generation)
{"arm": "sft", "max_token_completions": 0, "mean_action_tokens": 132.9, "task": 16, "task_id": "sigless_43bc373e09d3", "tasks": 175}
[transformers] Both `min_new_tokens` (=0) and `min_length`(=0) seem to have been set. `min_new_tokens` will take precedence. Please refer to the documentation for more information. (https://huggingface.co/docs/transformers/main/en/main_classes/text_generation)
{"arm": "sft", "max_token_completions": 0, "mean_action_tokens": 398.5, "task": 17, "task_id": "sigless_7968d9b30560", "tasks": 175}
[transformers] Both `min_new_tokens` (=0) and `min_length`(=0) seem to have been set. `min_new_tokens` will take precedence. Please refer to the documentation for more information. (https://huggingface.co/docs/transformers/main/en/main_classes/text_generation)
{"arm": "sft", "max_token_completions": 0, "mean_action_tokens": 179.6, "task": 18, "task_id": "sigless_682c5301dfb2", "tasks": 175}
[transformers] Both `min_new_tokens` (=0) and `min_length`(=0) seem to have been set. `min_new_tokens` will take precedence. Please refer to the documentation for more information. (https://huggingface.co/docs/transformers/main/en/main_classes/text_generation)
{"arm": "sft", "max_token_completions": 0, "mean_action_tokens": 473.6, "task": 19, "task_id": "sigless_37c22f197b0e", "tasks": 175}
[transformers] Both `min_new_tokens` (=0) and `min_length`(=0) seem to have been set. `min_new_tokens` will take precedence. Please refer to the documentation for more information. (https://huggingface.co/docs/transformers/main/en/main_classes/text_generation)
{"arm": "sft", "max_token_completions": 0, "mean_action_tokens": 481.7, "task": 20, "task_id": "sigless_34e9dc99606e", "tasks": 175}
[transformers] Both `min_new_tokens` (=0) and `min_length`(=0) seem to have been set. `min_new_tokens` will take precedence. Please refer to the documentation for more information. (https://huggingface.co/docs/transformers/main/en/main_classes/text_generation)
{"arm": "sft", "max_token_completions": 0, "mean_action_tokens": 699.5, "task": 21, "task_id": "sigless_6ad70e03dabe", "tasks": 175}
[transformers] Both `min_new_tokens` (=0) and `min_length`(=0) seem to have been set. `min_new_tokens` will take precedence. Please refer to the documentation for more information. (https://huggingface.co/docs/transformers/main/en/main_classes/text_generation)
{"arm": "sft", "max_token_completions": 0, "mean_action_tokens": 151.4, "task": 22, "task_id": "sigless_217ef71865c3", "tasks": 175}
[transformers] Both `min_new_tokens` (=0) and `min_length`(=0) seem to have been set. `min_new_tokens` will take precedence. Please refer to the documentation for more information. (https://huggingface.co/docs/transformers/main/en/main_classes/text_generation)
{"arm": "sft", "max_token_completions": 1, "mean_action_tokens": 748.2, "task": 23, "task_id": "sigless_295a1f5c7259", "tasks": 175}
[transformers] Both `min_new_tokens` (=0) and `min_length`(=0) seem to have been set. `min_new_tokens` will take precedence. Please refer to the documentation for more information. (https://huggingface.co/docs/transformers/main/en/main_classes/text_generation)
{"arm": "sft", "max_token_completions": 0, "mean_action_tokens": 181.9, "task": 24, "task_id": "sigless_3b143aa33af0", "tasks": 175}
[transformers] Both `min_new_tokens` (=0) and `min_length`(=0) seem to have been set. `min_new_tokens` will take precedence. Please refer to the documentation for more information. (https://huggingface.co/docs/transformers/main/en/main_classes/text_generation)
{"arm": "sft", "max_token_completions": 0, "mean_action_tokens": 255.1, "task": 25, "task_id": "sigless_6e4974ba05d6", "tasks": 175}
[transformers] Both `min_new_tokens` (=0) and `min_length`(=0) seem to have been set. `min_new_tokens` will take precedence. Please refer to the documentation for more information. (https://huggingface.co/docs/transformers/main/en/main_classes/text_generation)
{"arm": "sft", "max_token_completions": 0, "mean_action_tokens": 147.3, "task": 26, "task_id": "sigless_40ffe3504975", "tasks": 175}
[transformers] Both `min_new_tokens` (=0) and `min_length`(=0) seem to have been set. `min_new_tokens` will take precedence. Please refer to the documentation for more information. (https://huggingface.co/docs/transformers/main/en/main_classes/text_generation)
{"arm": "sft", "max_token_completions": 0, "mean_action_tokens": 277.5, "task": 27, "task_id": "sigless_5c47cc5132ae", "tasks": 175}
[transformers] Both `min_new_tokens` (=0) and `min_length`(=0) seem to have been set. `min_new_tokens` will take precedence. Please refer to the documentation for more information. (https://huggingface.co/docs/transformers/main/en/main_classes/text_generation)
{"arm": "sft", "max_token_completions": 0, "mean_action_tokens": 170.5, "task": 28, "task_id": "sigless_0dc17d9531b9", "tasks": 175}
[transformers] Both `min_new_tokens` (=0) and `min_length`(=0) seem to have been set. `min_new_tokens` will take precedence. Please refer to the documentation for more information. (https://huggingface.co/docs/transformers/main/en/main_classes/text_generation)
{"arm": "sft", "max_token_completions": 0, "mean_action_tokens": 238.3, "task": 29, "task_id": "sigless_e989552bfd91", "tasks": 175}
[transformers] Both `min_new_tokens` (=0) and `min_length`(=0) seem to have been set. `min_new_tokens` will take precedence. Please refer to the documentation for more information. (https://huggingface.co/docs/transformers/main/en/main_classes/text_generation)
{"arm": "sft", "max_token_completions": 0, "mean_action_tokens": 243.4, "task": 30, "task_id": "sigless_588a3df34892", "tasks": 175}
[transformers] Both `min_new_tokens` (=0) and `min_length`(=0) seem to have been set. `min_new_tokens` will take precedence. Please refer to the documentation for more information. (https://huggingface.co/docs/transformers/main/en/main_classes/text_generation)
{"arm": "sft", "max_token_completions": 0, "mean_action_tokens": 342.8, "task": 31, "task_id": "sigless_7f5464d20af0", "tasks": 175}
[transformers] Both `min_new_tokens` (=0) and `min_length`(=0) seem to have been set. `min_new_tokens` will take precedence. Please refer to the documentation for more information. (https://huggingface.co/docs/transformers/main/en/main_classes/text_generation)
{"arm": "sft", "max_token_completions": 0, "mean_action_tokens": 256.2, "task": 32, "task_id": "sigless_c06bd1b6353c", "tasks": 175}
[transformers] Both `min_new_tokens` (=0) and `min_length`(=0) seem to have been set. `min_new_tokens` will take precedence. Please refer to the documentation for more information. (https://huggingface.co/docs/transformers/main/en/main_classes/text_generation)
{"arm": "sft", "max_token_completions": 0, "mean_action_tokens": 117.5, "task": 33, "task_id": "sigless_7ce0645c7c59", "tasks": 175}
[transformers] Both `min_new_tokens` (=0) and `min_length`(=0) seem to have been set. `min_new_tokens` will take precedence. Please refer to the documentation for more information. (https://huggingface.co/docs/transformers/main/en/main_classes/text_generation)
{"arm": "sft", "max_token_completions": 0, "mean_action_tokens": 155.2, "task": 34, "task_id": "sigless_842d8bd3822e", "tasks": 175}
[transformers] Both `min_new_tokens` (=0) and `min_length`(=0) seem to have been set. `min_new_tokens` will take precedence. Please refer to the documentation for more information. (https://huggingface.co/docs/transformers/main/en/main_classes/text_generation)
{"arm": "sft", "max_token_completions": 0, "mean_action_tokens": 198.8, "task": 35, "task_id": "sigless_f19a1cde385c", "tasks": 175}
[transformers] Both `min_new_tokens` (=0) and `min_length`(=0) seem to have been set. `min_new_tokens` will take precedence. Please refer to the documentation for more information. (https://huggingface.co/docs/transformers/main/en/main_classes/text_generation)
{"arm": "sft", "max_token_completions": 0, "mean_action_tokens": 149.7, "task": 36, "task_id": "sigless_66f0c3982031", "tasks": 175}
[transformers] Both `min_new_tokens` (=0) and `min_length`(=0) seem to have been set. `min_new_tokens` will take precedence. Please refer to the documentation for more information. (https://huggingface.co/docs/transformers/main/en/main_classes/text_generation)
{"arm": "sft", "max_token_completions": 0, "mean_action_tokens": 260.6, "task": 37, "task_id": "sigless_6ca6f0196a67", "tasks": 175}
[transformers] Both `min_new_tokens` (=0) and `min_length`(=0) seem to have been set. `min_new_tokens` will take precedence. Please refer to the documentation for more information. (https://huggingface.co/docs/transformers/main/en/main_classes/text_generation)
{"arm": "sft", "max_token_completions": 0, "mean_action_tokens": 203.9, "task": 38, "task_id": "sigless_8cc4767c9e31", "tasks": 175}
[transformers] Both `min_new_tokens` (=0) and `min_length`(=0) seem to have been set. `min_new_tokens` will take precedence. Please refer to the documentation for more information. (https://huggingface.co/docs/transformers/main/en/main_classes/text_generation)
{"arm": "sft", "max_token_completions": 0, "mean_action_tokens": 407.3, "task": 39, "task_id": "sigless_689fa1a18517", "tasks": 175}
[transformers] Both `min_new_tokens` (=0) and `min_length`(=0) seem to have been set. `min_new_tokens` will take precedence. Please refer to the documentation for more information. (https://huggingface.co/docs/transformers/main/en/main_classes/text_generation)
{"arm": "sft", "max_token_completions": 0, "mean_action_tokens": 482.2, "task": 40, "task_id": "sigless_a6a008b7b43f", "tasks": 175}
[transformers] Both `min_new_tokens` (=0) and `min_length`(=0) seem to have been set. `min_new_tokens` will take precedence. Please refer to the documentation for more information. (https://huggingface.co/docs/transformers/main/en/main_classes/text_generation)
{"arm": "sft", "max_token_completions": 0, "mean_action_tokens": 185.1, "task": 41, "task_id": "sigless_b03bf3bb9c5b", "tasks": 175}
[transformers] Both `min_new_tokens` (=0) and `min_length`(=0) seem to have been set. `min_new_tokens` will take precedence. Please refer to the documentation for more information. (https://huggingface.co/docs/transformers/main/en/main_classes/text_generation)
{"arm": "sft", "max_token_completions": 0, "mean_action_tokens": 172.4, "task": 42, "task_id": "sigless_c5fe1b2b12ae", "tasks": 175}
[transformers] Both `min_new_tokens` (=0) and `min_length`(=0) seem to have been set. `min_new_tokens` will take precedence. Please refer to the documentation for more information. (https://huggingface.co/docs/transformers/main/en/main_classes/text_generation)
{"arm": "sft", "max_token_completions": 0, "mean_action_tokens": 137.4, "task": 43, "task_id": "sigless_8d0cf57a5b8f", "tasks": 175}
[transformers] Both `min_new_tokens` (=0) and `min_length`(=0) seem to have been set. `min_new_tokens` will take precedence. Please refer to the documentation for more information. (https://huggingface.co/docs/transformers/main/en/main_classes/text_generation)
{"arm": "sft", "max_token_completions": 0, "mean_action_tokens": 305.3, "task": 44, "task_id": "sigless_7e986e1787e9", "tasks": 175}
[transformers] Both `min_new_tokens` (=0) and `min_length`(=0) seem to have been set. `min_new_tokens` will take precedence. Please refer to the documentation for more information. (https://huggingface.co/docs/transformers/main/en/main_classes/text_generation)
{"arm": "sft", "max_token_completions": 1, "mean_action_tokens": 1481.6, "task": 45, "task_id": "sigless_172bb23be947", "tasks": 175}
[transformers] Both `min_new_tokens` (=0) and `min_length`(=0) seem to have been set. `min_new_tokens` will take precedence. Please refer to the documentation for more information. (https://huggingface.co/docs/transformers/main/en/main_classes/text_generation)
{"arm": "sft", "max_token_completions": 0, "mean_action_tokens": 178.1, "task": 46, "task_id": "sigless_5f0732a851d6", "tasks": 175}
[transformers] Both `min_new_tokens` (=0) and `min_length`(=0) seem to have been set. `min_new_tokens` will take precedence. Please refer to the documentation for more information. (https://huggingface.co/docs/transformers/main/en/main_classes/text_generation)
{"arm": "sft", "max_token_completions": 0, "mean_action_tokens": 468.8, "task": 47, "task_id": "sigless_761f28484d46", "tasks": 175}
[transformers] Both `min_new_tokens` (=0) and `min_length`(=0) seem to have been set. `min_new_tokens` will take precedence. Please refer to the documentation for more information. (https://huggingface.co/docs/transformers/main/en/main_classes/text_generation)
{"arm": "sft", "max_token_completions": 0, "mean_action_tokens": 126.7, "task": 48, "task_id": "sigless_1f311da5c92c", "tasks": 175}
[transformers] Both `min_new_tokens` (=0) and `min_length`(=0) seem to have been set. `min_new_tokens` will take precedence. Please refer to the documentation for more information. (https://huggingface.co/docs/transformers/main/en/main_classes/text_generation)
{"arm": "sft", "max_token_completions": 0, "mean_action_tokens": 520.4, "task": 49, "task_id": "sigless_5b084bc217a7", "tasks": 175}
[transformers] Both `min_new_tokens` (=0) and `min_length`(=0) seem to have been set. `min_new_tokens` will take precedence. Please refer to the documentation for more information. (https://huggingface.co/docs/transformers/main/en/main_classes/text_generation)
{"arm": "sft", "max_token_completions": 0, "mean_action_tokens": 340.0, "task": 50, "task_id": "sigless_813393f0ede5", "tasks": 175}
[transformers] Both `min_new_tokens` (=0) and `min_length`(=0) seem to have been set. `min_new_tokens` will take precedence. Please refer to the documentation for more information. (https://huggingface.co/docs/transformers/main/en/main_classes/text_generation)
{"arm": "sft", "max_token_completions": 0, "mean_action_tokens": 209.9, "task": 51, "task_id": "sigless_c533ec05295f", "tasks": 175}
[transformers] Both `min_new_tokens` (=0) and `min_length`(=0) seem to have been set. `min_new_tokens` will take precedence. Please refer to the documentation for more information. (https://huggingface.co/docs/transformers/main/en/main_classes/text_generation)
{"arm": "sft", "max_token_completions": 0, "mean_action_tokens": 194.3, "task": 52, "task_id": "sigless_f313c6aa6b38", "tasks": 175}
[transformers] Both `min_new_tokens` (=0) and `min_length`(=0) seem to have been set. `min_new_tokens` will take precedence. Please refer to the documentation for more information. (https://huggingface.co/docs/transformers/main/en/main_classes/text_generation)
{"arm": "sft", "max_token_completions": 0, "mean_action_tokens": 227.8, "task": 53, "task_id": "sigless_7da06c701a11", "tasks": 175}
[transformers] Both `min_new_tokens` (=0) and `min_length`(=0) seem to have been set. `min_new_tokens` will take precedence. Please refer to the documentation for more information. (https://huggingface.co/docs/transformers/main/en/main_classes/text_generation)
{"arm": "sft", "max_token_completions": 3, "mean_action_tokens": 2045.6, "task": 54, "task_id": "sigless_32c65c037f11", "tasks": 175}
[transformers] Both `min_new_tokens` (=0) and `min_length`(=0) seem to have been set. `min_new_tokens` will take precedence. Please refer to the documentation for more information. (https://huggingface.co/docs/transformers/main/en/main_classes/text_generation)
{"arm": "sft", "max_token_completions": 0, "mean_action_tokens": 173.4, "task": 55, "task_id": "sigless_800a63a44bf8", "tasks": 175}
[transformers] Both `min_new_tokens` (=0) and `min_length`(=0) seem to have been set. `min_new_tokens` will take precedence. Please refer to the documentation for more information. (https://huggingface.co/docs/transformers/main/en/main_classes/text_generation)
{"arm": "sft", "max_token_completions": 0, "mean_action_tokens": 121.2, "task": 56, "task_id": "sigless_ae3f6b074a1d", "tasks": 175}
[transformers] Both `min_new_tokens` (=0) and `min_length`(=0) seem to have been set. `min_new_tokens` will take precedence. Please refer to the documentation for more information. (https://huggingface.co/docs/transformers/main/en/main_classes/text_generation)
{"arm": "sft", "max_token_completions": 0, "mean_action_tokens": 168.9, "task": 57, "task_id": "sigless_bdb5051ba702", "tasks": 175}
[transformers] Both `min_new_tokens` (=0) and `min_length`(=0) seem to have been set. `min_new_tokens` will take precedence. Please refer to the documentation for more information. (https://huggingface.co/docs/transformers/main/en/main_classes/text_generation)
{"arm": "sft", "max_token_completions": 0, "mean_action_tokens": 193.1, "task": 58, "task_id": "sigless_5a81bb01e5b7", "tasks": 175}
[transformers] Both `min_new_tokens` (=0) and `min_length`(=0) seem to have been set. `min_new_tokens` will take precedence. Please refer to the documentation for more information. (https://huggingface.co/docs/transformers/main/en/main_classes/text_generation)
{"arm": "sft", "max_token_completions": 0, "mean_action_tokens": 248.7, "task": 59, "task_id": "sigless_3cc19bbfa30f", "tasks": 175}
[transformers] Both `min_new_tokens` (=0) and `min_length`(=0) seem to have been set. `min_new_tokens` will take precedence. Please refer to the documentation for more information. (https://huggingface.co/docs/transformers/main/en/main_classes/text_generation)
{"arm": "sft", "max_token_completions": 0, "mean_action_tokens": 123.5, "task": 60, "task_id": "sigless_ca058cccbe26", "tasks": 175}
[transformers] Both `min_new_tokens` (=0) and `min_length`(=0) seem to have been set. `min_new_tokens` will take precedence. Please refer to the documentation for more information. (https://huggingface.co/docs/transformers/main/en/main_classes/text_generation)
{"arm": "sft", "max_token_completions": 0, "mean_action_tokens": 338.9, "task": 61, "task_id": "sigless_b33d2de9af80", "tasks": 175}
[transformers] Both `min_new_tokens` (=0) and `min_length`(=0) seem to have been set. `min_new_tokens` will take precedence. Please refer to the documentation for more information. (https://huggingface.co/docs/transformers/main/en/main_classes/text_generation)
{"arm": "sft", "max_token_completions": 0, "mean_action_tokens": 152.9, "task": 62, "task_id": "sigless_c25abcd9a325", "tasks": 175}
[transformers] Both `min_new_tokens` (=0) and `min_length`(=0) seem to have been set. `min_new_tokens` will take precedence. Please refer to the documentation for more information. (https://huggingface.co/docs/transformers/main/en/main_classes/text_generation)
{"arm": "sft", "max_token_completions": 0, "mean_action_tokens": 221.5, "task": 63, "task_id": "sigless_6d8c4ba351c5", "tasks": 175}
[transformers] Both `min_new_tokens` (=0) and `min_length`(=0) seem to have been set. `min_new_tokens` will take precedence. Please refer to the documentation for more information. (https://huggingface.co/docs/transformers/main/en/main_classes/text_generation)
{"arm": "sft", "max_token_completions": 0, "mean_action_tokens": 178.8, "task": 64, "task_id": "sigless_a247e5f7ba82", "tasks": 175}
[transformers] Both `min_new_tokens` (=0) and `min_length`(=0) seem to have been set. `min_new_tokens` will take precedence. Please refer to the documentation for more information. (https://huggingface.co/docs/transformers/main/en/main_classes/text_generation)
{"arm": "sft", "max_token_completions": 0, "mean_action_tokens": 167.8, "task": 65, "task_id": "sigless_2285fc4955db", "tasks": 175}
[transformers] Both `min_new_tokens` (=0) and `min_length`(=0) seem to have been set. `min_new_tokens` will take precedence. Please refer to the documentation for more information. (https://huggingface.co/docs/transformers/main/en/main_classes/text_generation)
{"arm": "sft", "max_token_completions": 0, "mean_action_tokens": 285.1, "task": 66, "task_id": "sigless_97decd4f7443", "tasks": 175}
[transformers] Both `min_new_tokens` (=0) and `min_length`(=0) seem to have been set. `min_new_tokens` will take precedence. Please refer to the documentation for more information. (https://huggingface.co/docs/transformers/main/en/main_classes/text_generation)
{"arm": "sft", "max_token_completions": 0, "mean_action_tokens": 191.3, "task": 67, "task_id": "sigless_79bfe84158a3", "tasks": 175}
[transformers] Both `min_new_tokens` (=0) and `min_length`(=0) seem to have been set. `min_new_tokens` will take precedence. Please refer to the documentation for more information. (https://huggingface.co/docs/transformers/main/en/main_classes/text_generation)
{"arm": "sft", "max_token_completions": 0, "mean_action_tokens": 139.9, "task": 68, "task_id": "sigless_6dfdaa80a5a8", "tasks": 175}
[transformers] Both `min_new_tokens` (=0) and `min_length`(=0) seem to have been set. `min_new_tokens` will take precedence. Please refer to the documentation for more information. (https://huggingface.co/docs/transformers/main/en/main_classes/text_generation)
{"arm": "sft", "max_token_completions": 0, "mean_action_tokens": 278.1, "task": 69, "task_id": "sigless_52260deec95d", "tasks": 175}
[transformers] Both `min_new_tokens` (=0) and `min_length`(=0) seem to have been set. `min_new_tokens` will take precedence. Please refer to the documentation for more information. (https://huggingface.co/docs/transformers/main/en/main_classes/text_generation)
{"arm": "sft", "max_token_completions": 0, "mean_action_tokens": 277.4, "task": 70, "task_id": "sigless_96546ea01643", "tasks": 175}
[transformers] Both `min_new_tokens` (=0) and `min_length`(=0) seem to have been set. `min_new_tokens` will take precedence. Please refer to the documentation for more information. (https://huggingface.co/docs/transformers/main/en/main_classes/text_generation)
{"arm": "sft", "max_token_completions": 0, "mean_action_tokens": 156.6, "task": 71, "task_id": "sigless_083954eb2fb3", "tasks": 175}
[transformers] Both `min_new_tokens` (=0) and `min_length`(=0) seem to have been set. `min_new_tokens` will take precedence. Please refer to the documentation for more information. (https://huggingface.co/docs/transformers/main/en/main_classes/text_generation)
{"arm": "sft", "max_token_completions": 0, "mean_action_tokens": 407.1, "task": 72, "task_id": "sigless_a348fccf3353", "tasks": 175}
[transformers] Both `min_new_tokens` (=0) and `min_length`(=0) seem to have been set. `min_new_tokens` will take precedence. Please refer to the documentation for more information. (https://huggingface.co/docs/transformers/main/en/main_classes/text_generation)
{"arm": "sft", "max_token_completions": 0, "mean_action_tokens": 316.5, "task": 73, "task_id": "sigless_1b1ea7b75cff", "tasks": 175}
[transformers] Both `min_new_tokens` (=0) and `min_length`(=0) seem to have been set. `min_new_tokens` will take precedence. Please refer to the documentation for more information. (https://huggingface.co/docs/transformers/main/en/main_classes/text_generation)
{"arm": "sft", "max_token_completions": 0, "mean_action_tokens": 464.9, "task": 74, "task_id": "sigless_f8e93c6852a8", "tasks": 175}
[transformers] Both `min_new_tokens` (=0) and `min_length`(=0) seem to have been set. `min_new_tokens` will take precedence. Please refer to the documentation for more information. (https://huggingface.co/docs/transformers/main/en/main_classes/text_generation)
{"arm": "sft", "max_token_completions": 0, "mean_action_tokens": 264.7, "task": 75, "task_id": "sigless_8bf7f40ca356", "tasks": 175}
[transformers] Both `min_new_tokens` (=0) and `min_length`(=0) seem to have been set. `min_new_tokens` will take precedence. Please refer to the documentation for more information. (https://huggingface.co/docs/transformers/main/en/main_classes/text_generation)
{"arm": "sft", "max_token_completions": 0, "mean_action_tokens": 282.7, "task": 76, "task_id": "sigless_dda92f9b56cf", "tasks": 175}
[transformers] Both `min_new_tokens` (=0) and `min_length`(=0) seem to have been set. `min_new_tokens` will take precedence. Please refer to the documentation for more information. (https://huggingface.co/docs/transformers/main/en/main_classes/text_generation)
{"arm": "sft", "max_token_completions": 0, "mean_action_tokens": 238.3, "task": 77, "task_id": "sigless_29facc14bbd7", "tasks": 175}
[transformers] Both `min_new_tokens` (=0) and `min_length`(=0) seem to have been set. `min_new_tokens` will take precedence. Please refer to the documentation for more information. (https://huggingface.co/docs/transformers/main/en/main_classes/text_generation)
{"arm": "sft", "max_token_completions": 0, "mean_action_tokens": 303.0, "task": 78, "task_id": "sigless_03890dcefaec", "tasks": 175}
[transformers] Both `min_new_tokens` (=0) and `min_length`(=0) seem to have been set. `min_new_tokens` will take precedence. Please refer to the documentation for more information. (https://huggingface.co/docs/transformers/main/en/main_classes/text_generation)
{"arm": "sft", "max_token_completions": 0, "mean_action_tokens": 421.1, "task": 79, "task_id": "sigless_0676ce351471", "tasks": 175}
[transformers] Both `min_new_tokens` (=0) and `min_length`(=0) seem to have been set. `min_new_tokens` will take precedence. Please refer to the documentation for more information. (https://huggingface.co/docs/transformers/main/en/main_classes/text_generation)
{"arm": "sft", "max_token_completions": 0, "mean_action_tokens": 108.4, "task": 80, "task_id": "sigless_a507056ae077", "tasks": 175}
[transformers] Both `min_new_tokens` (=0) and `min_length`(=0) seem to have been set. `min_new_tokens` will take precedence. Please refer to the documentation for more information. (https://huggingface.co/docs/transformers/main/en/main_classes/text_generation)
{"arm": "sft", "max_token_completions": 0, "mean_action_tokens": 147.4, "task": 81, "task_id": "sigless_cc73707101e6", "tasks": 175}
[transformers] Both `min_new_tokens` (=0) and `min_length`(=0) seem to have been set. `min_new_tokens` will take precedence. Please refer to the documentation for more information. (https://huggingface.co/docs/transformers/main/en/main_classes/text_generation)
{"arm": "sft", "max_token_completions": 0, "mean_action_tokens": 268.9, "task": 82, "task_id": "sigless_9588ecf888b2", "tasks": 175}
[transformers] Both `min_new_tokens` (=0) and `min_length`(=0) seem to have been set. `min_new_tokens` will take precedence. Please refer to the documentation for more information. (https://huggingface.co/docs/transformers/main/en/main_classes/text_generation)
{"arm": "sft", "max_token_completions": 0, "mean_action_tokens": 274.7, "task": 83, "task_id": "sigless_4708b0b01b11", "tasks": 175}
[transformers] Both `min_new_tokens` (=0) and `min_length`(=0) seem to have been set. `min_new_tokens` will take precedence. Please refer to the documentation for more information. (https://huggingface.co/docs/transformers/main/en/main_classes/text_generation)
{"arm": "sft", "max_token_completions": 0, "mean_action_tokens": 280.1, "task": 84, "task_id": "sigless_a4594aa05a9c", "tasks": 175}
[transformers] Both `min_new_tokens` (=0) and `min_length`(=0) seem to have been set. `min_new_tokens` will take precedence. Please refer to the documentation for more information. (https://huggingface.co/docs/transformers/main/en/main_classes/text_generation)
{"arm": "sft", "max_token_completions": 0, "mean_action_tokens": 167.4, "task": 85, "task_id": "sigless_0d23ec54c1ec", "tasks": 175}
[transformers] Both `min_new_tokens` (=0) and `min_length`(=0) seem to have been set. `min_new_tokens` will take precedence. Please refer to the documentation for more information. (https://huggingface.co/docs/transformers/main/en/main_classes/text_generation)
{"arm": "sft", "max_token_completions": 0, "mean_action_tokens": 152.8, "task": 86, "task_id": "sigless_2b4ce9b63420", "tasks": 175}
[transformers] Both `min_new_tokens` (=0) and `min_length`(=0) seem to have been set. `min_new_tokens` will take precedence. Please refer to the documentation for more information. (https://huggingface.co/docs/transformers/main/en/main_classes/text_generation)
{"arm": "sft", "max_token_completions": 0, "mean_action_tokens": 189.7, "task": 87, "task_id": "sigless_d19512840646", "tasks": 175}
[transformers] Both `min_new_tokens` (=0) and `min_length`(=0) seem to have been set. `min_new_tokens` will take precedence. Please refer to the documentation for more information. (https://huggingface.co/docs/transformers/main/en/main_classes/text_generation)
{"arm": "sft", "max_token_completions": 0, "mean_action_tokens": 282.2, "task": 88, "task_id": "sigless_254a6441f2f8", "tasks": 175}
[transformers] Both `min_new_tokens` (=0) and `min_length`(=0) seem to have been set. `min_new_tokens` will take precedence. Please refer to the documentation for more information. (https://huggingface.co/docs/transformers/main/en/main_classes/text_generation)
{"arm": "sft", "max_token_completions": 0, "mean_action_tokens": 207.0, "task": 89, "task_id": "sigless_bd2a15378da9", "tasks": 175}
[transformers] Both `min_new_tokens` (=0) and `min_length`(=0) seem to have been set. `min_new_tokens` will take precedence. Please refer to the documentation for more information. (https://huggingface.co/docs/transformers/main/en/main_classes/text_generation)
{"arm": "sft", "max_token_completions": 0, "mean_action_tokens": 123.8, "task": 90, "task_id": "sigless_81915896d27e", "tasks": 175}
[transformers] Both `min_new_tokens` (=0) and `min_length`(=0) seem to have been set. `min_new_tokens` will take precedence. Please refer to the documentation for more information. (https://huggingface.co/docs/transformers/main/en/main_classes/text_generation)
{"arm": "sft", "max_token_completions": 0, "mean_action_tokens": 231.9, "task": 91, "task_id": "sigless_e1ba6073c24a", "tasks": 175}
[transformers] Both `min_new_tokens` (=0) and `min_length`(=0) seem to have been set. `min_new_tokens` will take precedence. Please refer to the documentation for more information. (https://huggingface.co/docs/transformers/main/en/main_classes/text_generation)
{"arm": "sft", "max_token_completions": 0, "mean_action_tokens": 189.7, "task": 92, "task_id": "sigless_3a3a9c12bb06", "tasks": 175}
[transformers] Both `min_new_tokens` (=0) and `min_length`(=0) seem to have been set. `min_new_tokens` will take precedence. Please refer to the documentation for more information. (https://huggingface.co/docs/transformers/main/en/main_classes/text_generation)
{"arm": "sft", "max_token_completions": 0, "mean_action_tokens": 280.1, "task": 93, "task_id": "sigless_288bf7a714e1", "tasks": 175}
[transformers] Both `min_new_tokens` (=0) and `min_length`(=0) seem to have been set. `min_new_tokens` will take precedence. Please refer to the documentation for more information. (https://huggingface.co/docs/transformers/main/en/main_classes/text_generation)
{"arm": "sft", "max_token_completions": 0, "mean_action_tokens": 130.8, "task": 94, "task_id": "sigless_35088d24eba1", "tasks": 175}
[transformers] Both `min_new_tokens` (=0) and `min_length`(=0) seem to have been set. `min_new_tokens` will take precedence. Please refer to the documentation for more information. (https://huggingface.co/docs/transformers/main/en/main_classes/text_generation)
{"arm": "sft", "max_token_completions": 0, "mean_action_tokens": 237.8, "task": 95, "task_id": "sigless_64a085399724", "tasks": 175}
[transformers] Both `min_new_tokens` (=0) and `min_length`(=0) seem to have been set. `min_new_tokens` will take precedence. Please refer to the documentation for more information. (https://huggingface.co/docs/transformers/main/en/main_classes/text_generation)
{"arm": "sft", "max_token_completions": 0, "mean_action_tokens": 596.5, "task": 96, "task_id": "sigless_d544567b9189", "tasks": 175}
[transformers] Both `min_new_tokens` (=0) and `min_length`(=0) seem to have been set. `min_new_tokens` will take precedence. Please refer to the documentation for more information. (https://huggingface.co/docs/transformers/main/en/main_classes/text_generation)
{"arm": "sft", "max_token_completions": 0, "mean_action_tokens": 169.4, "task": 97, "task_id": "sigless_73f9e7c2b2e2", "tasks": 175}
[transformers] Both `min_new_tokens` (=0) and `min_length`(=0) seem to have been set. `min_new_tokens` will take precedence. Please refer to the documentation for more information. (https://huggingface.co/docs/transformers/main/en/main_classes/text_generation)
{"arm": "sft", "max_token_completions": 0, "mean_action_tokens": 136.6, "task": 98, "task_id": "sigless_719577f723ab", "tasks": 175}
[transformers] Both `min_new_tokens` (=0) and `min_length`(=0) seem to have been set. `min_new_tokens` will take precedence. Please refer to the documentation for more information. (https://huggingface.co/docs/transformers/main/en/main_classes/text_generation)
{"arm": "sft", "max_token_completions": 0, "mean_action_tokens": 216.1, "task": 99, "task_id": "sigless_2f380f310be1", "tasks": 175}
[transformers] Both `min_new_tokens` (=0) and `min_length`(=0) seem to have been set. `min_new_tokens` will take precedence. Please refer to the documentation for more information. (https://huggingface.co/docs/transformers/main/en/main_classes/text_generation)
{"arm": "sft", "max_token_completions": 0, "mean_action_tokens": 281.7, "task": 100, "task_id": "sigless_cd4130196f1f", "tasks": 175}
[transformers] Both `min_new_tokens` (=0) and `min_length`(=0) seem to have been set. `min_new_tokens` will take precedence. Please refer to the documentation for more information. (https://huggingface.co/docs/transformers/main/en/main_classes/text_generation)
{"arm": "sft", "max_token_completions": 0, "mean_action_tokens": 299.1, "task": 101, "task_id": "sigless_af300e5a0f21", "tasks": 175}
[transformers] Both `min_new_tokens` (=0) and `min_length`(=0) seem to have been set. `min_new_tokens` will take precedence. Please refer to the documentation for more information. (https://huggingface.co/docs/transformers/main/en/main_classes/text_generation)
{"arm": "sft", "max_token_completions": 0, "mean_action_tokens": 177.8, "task": 102, "task_id": "sigless_8c5d7927d750", "tasks": 175}
[transformers] Both `min_new_tokens` (=0) and `min_length`(=0) seem to have been set. `min_new_tokens` will take precedence. Please refer to the documentation for more information. (https://huggingface.co/docs/transformers/main/en/main_classes/text_generation)
{"arm": "sft", "max_token_completions": 0, "mean_action_tokens": 185.3, "task": 103, "task_id": "sigless_c4383a715ff3", "tasks": 175}
[transformers] Both `min_new_tokens` (=0) and `min_length`(=0) seem to have been set. `min_new_tokens` will take precedence. Please refer to the documentation for more information. (https://huggingface.co/docs/transformers/main/en/main_classes/text_generation)
{"arm": "sft", "max_token_completions": 0, "mean_action_tokens": 215.5, "task": 104, "task_id": "sigless_bd986d86cebb", "tasks": 175}
[transformers] Both `min_new_tokens` (=0) and `min_length`(=0) seem to have been set. `min_new_tokens` will take precedence. Please refer to the documentation for more information. (https://huggingface.co/docs/transformers/main/en/main_classes/text_generation)
{"arm": "sft", "max_token_completions": 0, "mean_action_tokens": 172.3, "task": 105, "task_id": "sigless_bcebeb9e6334", "tasks": 175}
[transformers] Both `min_new_tokens` (=0) and `min_length`(=0) seem to have been set. `min_new_tokens` will take precedence. Please refer to the documentation for more information. (https://huggingface.co/docs/transformers/main/en/main_classes/text_generation)
{"arm": "sft", "max_token_completions": 0, "mean_action_tokens": 132.1, "task": 106, "task_id": "sigless_d705d736995d", "tasks": 175}
[transformers] Both `min_new_tokens` (=0) and `min_length`(=0) seem to have been set. `min_new_tokens` will take precedence. Please refer to the documentation for more information. (https://huggingface.co/docs/transformers/main/en/main_classes/text_generation)
{"arm": "sft", "max_token_completions": 0, "mean_action_tokens": 132.1, "task": 107, "task_id": "sigless_b03a8afc1094", "tasks": 175}
[transformers] Both `min_new_tokens` (=0) and `min_length`(=0) seem to have been set. `min_new_tokens` will take precedence. Please refer to the documentation for more information. (https://huggingface.co/docs/transformers/main/en/main_classes/text_generation)
{"arm": "sft", "max_token_completions": 0, "mean_action_tokens": 152.3, "task": 108, "task_id": "sigless_fa4972c4e52e", "tasks": 175}
[transformers] Both `min_new_tokens` (=0) and `min_length`(=0) seem to have been set. `min_new_tokens` will take precedence. Please refer to the documentation for more information. (https://huggingface.co/docs/transformers/main/en/main_classes/text_generation)
{"arm": "sft", "max_token_completions": 1, "mean_action_tokens": 1975.1, "task": 109, "task_id": "sigless_993f7ab38cdd", "tasks": 175}
[transformers] Both `min_new_tokens` (=0) and `min_length`(=0) seem to have been set. `min_new_tokens` will take precedence. Please refer to the documentation for more information. (https://huggingface.co/docs/transformers/main/en/main_classes/text_generation)
{"arm": "sft", "max_token_completions": 0, "mean_action_tokens": 149.0, "task": 110, "task_id": "sigless_95105e48c1e8", "tasks": 175}
[transformers] Both `min_new_tokens` (=0) and `min_length`(=0) seem to have been set. `min_new_tokens` will take precedence. Please refer to the documentation for more information. (https://huggingface.co/docs/transformers/main/en/main_classes/text_generation)
{"arm": "sft", "max_token_completions": 0, "mean_action_tokens": 146.0, "task": 111, "task_id": "sigless_9e128db660ea", "tasks": 175}
[transformers] Both `min_new_tokens` (=0) and `min_length`(=0) seem to have been set. `min_new_tokens` will take precedence. Please refer to the documentation for more information. (https://huggingface.co/docs/transformers/main/en/main_classes/text_generation)
{"arm": "sft", "max_token_completions": 0, "mean_action_tokens": 457.6, "task": 112, "task_id": "sigless_949e6c11e478", "tasks": 175}
[transformers] Both `min_new_tokens` (=0) and `min_length`(=0) seem to have been set. `min_new_tokens` will take precedence. Please refer to the documentation for more information. (https://huggingface.co/docs/transformers/main/en/main_classes/text_generation)
{"arm": "sft", "max_token_completions": 0, "mean_action_tokens": 143.3, "task": 113, "task_id": "sigless_55cc112cbb2c", "tasks": 175}
[transformers] Both `min_new_tokens` (=0) and `min_length`(=0) seem to have been set. `min_new_tokens` will take precedence. Please refer to the documentation for more information. (https://huggingface.co/docs/transformers/main/en/main_classes/text_generation)
{"arm": "sft", "max_token_completions": 0, "mean_action_tokens": 295.3, "task": 114, "task_id": "sigless_c45cfc4290f2", "tasks": 175}
[transformers] Both `min_new_tokens` (=0) and `min_length`(=0) seem to have been set. `min_new_tokens` will take precedence. Please refer to the documentation for more information. (https://huggingface.co/docs/transformers/main/en/main_classes/text_generation)
{"arm": "sft", "max_token_completions": 0, "mean_action_tokens": 166.5, "task": 115, "task_id": "sigless_d1f52bab434e", "tasks": 175}
[transformers] Both `min_new_tokens` (=0) and `min_length`(=0) seem to have been set. `min_new_tokens` will take precedence. Please refer to the documentation for more information. (https://huggingface.co/docs/transformers/main/en/main_classes/text_generation)
{"arm": "sft", "max_token_completions": 0, "mean_action_tokens": 109.4, "task": 116, "task_id": "sigless_696808df1978", "tasks": 175}
[transformers] Both `min_new_tokens` (=0) and `min_length`(=0) seem to have been set. `min_new_tokens` will take precedence. Please refer to the documentation for more information. (https://huggingface.co/docs/transformers/main/en/main_classes/text_generation)
{"arm": "sft", "max_token_completions": 0, "mean_action_tokens": 145.2, "task": 117, "task_id": "sigless_840847bedc74", "tasks": 175}
[transformers] Both `min_new_tokens` (=0) and `min_length`(=0) seem to have been set. `min_new_tokens` will take precedence. Please refer to the documentation for more information. (https://huggingface.co/docs/transformers/main/en/main_classes/text_generation)
{"arm": "sft", "max_token_completions": 0, "mean_action_tokens": 111.7, "task": 118, "task_id": "sigless_eee05f5f93cc", "tasks": 175}
[transformers] Both `min_new_tokens` (=0) and `min_length`(=0) seem to have been set. `min_new_tokens` will take precedence. Please refer to the documentation for more information. (https://huggingface.co/docs/transformers/main/en/main_classes/text_generation)
{"arm": "sft", "max_token_completions": 0, "mean_action_tokens": 287.6, "task": 119, "task_id": "sigless_d61f01ff1856", "tasks": 175}
[transformers] Both `min_new_tokens` (=0) and `min_length`(=0) seem to have been set. `min_new_tokens` will take precedence. Please refer to the documentation for more information. (https://huggingface.co/docs/transformers/main/en/main_classes/text_generation)
{"arm": "sft", "max_token_completions": 0, "mean_action_tokens": 173.0, "task": 120, "task_id": "sigless_79a8dd260f8c", "tasks": 175}
[transformers] Both `min_new_tokens` (=0) and `min_length`(=0) seem to have been set. `min_new_tokens` will take precedence. Please refer to the documentation for more information. (https://huggingface.co/docs/transformers/main/en/main_classes/text_generation)
{"arm": "sft", "max_token_completions": 0, "mean_action_tokens": 171.2, "task": 121, "task_id": "sigless_5628428fcb9e", "tasks": 175}
[transformers] Both `min_new_tokens` (=0) and `min_length`(=0) seem to have been set. `min_new_tokens` will take precedence. Please refer to the documentation for more information. (https://huggingface.co/docs/transformers/main/en/main_classes/text_generation)
{"arm": "sft", "max_token_completions": 0, "mean_action_tokens": 575.4, "task": 122, "task_id": "sigless_459decc7079c", "tasks": 175}
[transformers] Both `min_new_tokens` (=0) and `min_length`(=0) seem to have been set. `min_new_tokens` will take precedence. Please refer to the documentation for more information. (https://huggingface.co/docs/transformers/main/en/main_classes/text_generation)
{"arm": "sft", "max_token_completions": 0, "mean_action_tokens": 181.8, "task": 123, "task_id": "sigless_897c175fe34d", "tasks": 175}
[transformers] Both `min_new_tokens` (=0) and `min_length`(=0) seem to have been set. `min_new_tokens` will take precedence. Please refer to the documentation for more information. (https://huggingface.co/docs/transformers/main/en/main_classes/text_generation)
{"arm": "sft", "max_token_completions": 0, "mean_action_tokens": 2387.7, "task": 124, "task_id": "sigless_f9772127b371", "tasks": 175}
[transformers] Both `min_new_tokens` (=0) and `min_length`(=0) seem to have been set. `min_new_tokens` will take precedence. Please refer to the documentation for more information. (https://huggingface.co/docs/transformers/main/en/main_classes/text_generation)
{"arm": "sft", "max_token_completions": 1, "mean_action_tokens": 2620.1, "task": 125, "task_id": "sigless_e087cd483fa1", "tasks": 175}
[transformers] Both `min_new_tokens` (=0) and `min_length`(=0) seem to have been set. `min_new_tokens` will take precedence. Please refer to the documentation for more information. (https://huggingface.co/docs/transformers/main/en/main_classes/text_generation)
{"arm": "sft", "max_token_completions": 0, "mean_action_tokens": 998.8, "task": 126, "task_id": "sigless_c8721da111a6", "tasks": 175}
[transformers] Both `min_new_tokens` (=0) and `min_length`(=0) seem to have been set. `min_new_tokens` will take precedence. Please refer to the documentation for more information. (https://huggingface.co/docs/transformers/main/en/main_classes/text_generation)
{"arm": "sft", "max_token_completions": 0, "mean_action_tokens": 232.0, "task": 127, "task_id": "sigless_39b2bb878943", "tasks": 175}
[transformers] Both `min_new_tokens` (=0) and `min_length`(=0) seem to have been set. `min_new_tokens` will take precedence. Please refer to the documentation for more information. (https://huggingface.co/docs/transformers/main/en/main_classes/text_generation)
{"arm": "sft", "max_token_completions": 0, "mean_action_tokens": 222.8, "task": 128, "task_id": "sigless_fc85f3ba4f9a", "tasks": 175}
[transformers] Both `min_new_tokens` (=0) and `min_length`(=0) seem to have been set. `min_new_tokens` will take precedence. Please refer to the documentation for more information. (https://huggingface.co/docs/transformers/main/en/main_classes/text_generation)
{"arm": "sft", "max_token_completions": 0, "mean_action_tokens": 201.6, "task": 129, "task_id": "sigless_877a173b0a13", "tasks": 175}
[transformers] Both `min_new_tokens` (=0) and `min_length`(=0) seem to have been set. `min_new_tokens` will take precedence. Please refer to the documentation for more information. (https://huggingface.co/docs/transformers/main/en/main_classes/text_generation)
{"arm": "sft", "max_token_completions": 0, "mean_action_tokens": 338.8, "task": 130, "task_id": "sigless_f35b198c6f09", "tasks": 175}
[transformers] Both `min_new_tokens` (=0) and `min_length`(=0) seem to have been set. `min_new_tokens` will take precedence. Please refer to the documentation for more information. (https://huggingface.co/docs/transformers/main/en/main_classes/text_generation)
{"arm": "sft", "max_token_completions": 0, "mean_action_tokens": 109.9, "task": 131, "task_id": "sigless_f12cc1905252", "tasks": 175}
[transformers] Both `min_new_tokens` (=0) and `min_length`(=0) seem to have been set. `min_new_tokens` will take precedence. Please refer to the documentation for more information. (https://huggingface.co/docs/transformers/main/en/main_classes/text_generation)
{"arm": "sft", "max_token_completions": 0, "mean_action_tokens": 169.2, "task": 132, "task_id": "sigless_2d693beca98e", "tasks": 175}
[transformers] Both `min_new_tokens` (=0) and `min_length`(=0) seem to have been set. `min_new_tokens` will take precedence. Please refer to the documentation for more information. (https://huggingface.co/docs/transformers/main/en/main_classes/text_generation)
{"arm": "sft", "max_token_completions": 0, "mean_action_tokens": 199.5, "task": 133, "task_id": "sigless_ca1164247b57", "tasks": 175}
[transformers] Both `min_new_tokens` (=0) and `min_length`(=0) seem to have been set. `min_new_tokens` will take precedence. Please refer to the documentation for more information. (https://huggingface.co/docs/transformers/main/en/main_classes/text_generation)
{"arm": "sft", "max_token_completions": 0, "mean_action_tokens": 100.9, "task": 134, "task_id": "sigless_1c2de2da855e", "tasks": 175}
[transformers] Both `min_new_tokens` (=0) and `min_length`(=0) seem to have been set. `min_new_tokens` will take precedence. Please refer to the documentation for more information. (https://huggingface.co/docs/transformers/main/en/main_classes/text_generation)
{"arm": "sft", "max_token_completions": 0, "mean_action_tokens": 259.2, "task": 135, "task_id": "sigless_fde9338419bb", "tasks": 175}
[transformers] Both `min_new_tokens` (=0) and `min_length`(=0) seem to have been set. `min_new_tokens` will take precedence. Please refer to the documentation for more information. (https://huggingface.co/docs/transformers/main/en/main_classes/text_generation)
{"arm": "sft", "max_token_completions": 0, "mean_action_tokens": 772.7, "task": 136, "task_id": "sigless_caabd71fcc51", "tasks": 175}
[transformers] Both `min_new_tokens` (=0) and `min_length`(=0) seem to have been set. `min_new_tokens` will take precedence. Please refer to the documentation for more information. (https://huggingface.co/docs/transformers/main/en/main_classes/text_generation)
{"arm": "sft", "max_token_completions": 0, "mean_action_tokens": 170.4, "task": 137, "task_id": "sigless_f5884d232b82", "tasks": 175}
[transformers] Both `min_new_tokens` (=0) and `min_length`(=0) seem to have been set. `min_new_tokens` will take precedence. Please refer to the documentation for more information. (https://huggingface.co/docs/transformers/main/en/main_classes/text_generation)
{"arm": "sft", "max_token_completions": 0, "mean_action_tokens": 273.8, "task": 138, "task_id": "sigless_f00a8eba1899", "tasks": 175}
[transformers] Both `min_new_tokens` (=0) and `min_length`(=0) seem to have been set. `min_new_tokens` will take precedence. Please refer to the documentation for more information. (https://huggingface.co/docs/transformers/main/en/main_classes/text_generation)
{"arm": "sft", "max_token_completions": 0, "mean_action_tokens": 305.2, "task": 139, "task_id": "sigless_00029a7e6212", "tasks": 175}
[transformers] Both `min_new_tokens` (=0) and `min_length`(=0) seem to have been set. `min_new_tokens` will take precedence. Please refer to the documentation for more information. (https://huggingface.co/docs/transformers/main/en/main_classes/text_generation)
{"arm": "sft", "max_token_completions": 0, "mean_action_tokens": 327.7, "task": 140, "task_id": "sigless_92c2979883a9", "tasks": 175}
[transformers] Both `min_new_tokens` (=0) and `min_length`(=0) seem to have been set. `min_new_tokens` will take precedence. Please refer to the documentation for more information. (https://huggingface.co/docs/transformers/main/en/main_classes/text_generation)
{"arm": "sft", "max_token_completions": 0, "mean_action_tokens": 379.8, "task": 141, "task_id": "sigless_294c09c37fca", "tasks": 175}
[transformers] Both `min_new_tokens` (=0) and `min_length`(=0) seem to have been set. `min_new_tokens` will take precedence. Please refer to the documentation for more information. (https://huggingface.co/docs/transformers/main/en/main_classes/text_generation)
{"arm": "sft", "max_token_completions": 0, "mean_action_tokens": 929.6, "task": 142, "task_id": "sigless_15d4ae2f8443", "tasks": 175}
[transformers] Both `min_new_tokens` (=0) and `min_length`(=0) seem to have been set. `min_new_tokens` will take precedence. Please refer to the documentation for more information. (https://huggingface.co/docs/transformers/main/en/main_classes/text_generation)
{"arm": "sft", "max_token_completions": 0, "mean_action_tokens": 196.4, "task": 143, "task_id": "sigless_fcd2fb050bf6", "tasks": 175}
[transformers] Both `min_new_tokens` (=0) and `min_length`(=0) seem to have been set. `min_new_tokens` will take precedence. Please refer to the documentation for more information. (https://huggingface.co/docs/transformers/main/en/main_classes/text_generation)
{"arm": "sft", "max_token_completions": 0, "mean_action_tokens": 142.3, "task": 144, "task_id": "sigless_4b8ae6c364f9", "tasks": 175}
[transformers] Both `min_new_tokens` (=0) and `min_length`(=0) seem to have been set. `min_new_tokens` will take precedence. Please refer to the documentation for more information. (https://huggingface.co/docs/transformers/main/en/main_classes/text_generation)
{"arm": "sft", "max_token_completions": 0, "mean_action_tokens": 139.2, "task": 145, "task_id": "sigless_5af03fd8ef7b", "tasks": 175}
[transformers] Both `min_new_tokens` (=0) and `min_length`(=0) seem to have been set. `min_new_tokens` will take precedence. Please refer to the documentation for more information. (https://huggingface.co/docs/transformers/main/en/main_classes/text_generation)
{"arm": "sft", "max_token_completions": 0, "mean_action_tokens": 190.9, "task": 146, "task_id": "sigless_d34ebc7ed34a", "tasks": 175}
[transformers] Both `min_new_tokens` (=0) and `min_length`(=0) seem to have been set. `min_new_tokens` will take precedence. Please refer to the documentation for more information. (https://huggingface.co/docs/transformers/main/en/main_classes/text_generation)
{"arm": "sft", "max_token_completions": 0, "mean_action_tokens": 135.8, "task": 147, "task_id": "sigless_808d6c1c9b6a", "tasks": 175}
[transformers] Both `min_new_tokens` (=0) and `min_length`(=0) seem to have been set. `min_new_tokens` will take precedence. Please refer to the documentation for more information. (https://huggingface.co/docs/transformers/main/en/main_classes/text_generation)
{"arm": "sft", "max_token_completions": 0, "mean_action_tokens": 1109.4, "task": 148, "task_id": "sigless_26315cbfcfbf", "tasks": 175}
[transformers] Both `min_new_tokens` (=0) and `min_length`(=0) seem to have been set. `min_new_tokens` will take precedence. Please refer to the documentation for more information. (https://huggingface.co/docs/transformers/main/en/main_classes/text_generation)
{"arm": "sft", "max_token_completions": 0, "mean_action_tokens": 496.1, "task": 149, "task_id": "sigless_f70dce70d2e6", "tasks": 175}
[transformers] Both `min_new_tokens` (=0) and `min_length`(=0) seem to have been set. `min_new_tokens` will take precedence. Please refer to the documentation for more information. (https://huggingface.co/docs/transformers/main/en/main_classes/text_generation)
{"arm": "sft", "max_token_completions": 0, "mean_action_tokens": 262.5, "task": 150, "task_id": "sigless_192fbb20f4b6", "tasks": 175}
[transformers] Both `min_new_tokens` (=0) and `min_length`(=0) seem to have been set. `min_new_tokens` will take precedence. Please refer to the documentation for more information. (https://huggingface.co/docs/transformers/main/en/main_classes/text_generation)
{"arm": "sft", "max_token_completions": 0, "mean_action_tokens": 160.0, "task": 151, "task_id": "sigless_c6fed62b2c1d", "tasks": 175}
[transformers] Both `min_new_tokens` (=0) and `min_length`(=0) seem to have been set. `min_new_tokens` will take precedence. Please refer to the documentation for more information. (https://huggingface.co/docs/transformers/main/en/main_classes/text_generation)
{"arm": "sft", "max_token_completions": 0, "mean_action_tokens": 384.4, "task": 152, "task_id": "sigless_07dd80fcc8e7", "tasks": 175}
[transformers] Both `min_new_tokens` (=0) and `min_length`(=0) seem to have been set. `min_new_tokens` will take precedence. Please refer to the documentation for more information. (https://huggingface.co/docs/transformers/main/en/main_classes/text_generation)
{"arm": "sft", "max_token_completions": 0, "mean_action_tokens": 160.4, "task": 153, "task_id": "sigless_6dbf14b60080", "tasks": 175}
[transformers] Both `min_new_tokens` (=0) and `min_length`(=0) seem to have been set. `min_new_tokens` will take precedence. Please refer to the documentation for more information. (https://huggingface.co/docs/transformers/main/en/main_classes/text_generation)
{"arm": "sft", "max_token_completions": 0, "mean_action_tokens": 310.1, "task": 154, "task_id": "sigless_c4f8a1d2a501", "tasks": 175}
[transformers] Both `min_new_tokens` (=0) and `min_length`(=0) seem to have been set. `min_new_tokens` will take precedence. Please refer to the documentation for more information. (https://huggingface.co/docs/transformers/main/en/main_classes/text_generation)
{"arm": "sft", "max_token_completions": 0, "mean_action_tokens": 139.4, "task": 155, "task_id": "sigless_b6b6f07b0ff9", "tasks": 175}
[transformers] Both `min_new_tokens` (=0) and `min_length`(=0) seem to have been set. `min_new_tokens` will take precedence. Please refer to the documentation for more information. (https://huggingface.co/docs/transformers/main/en/main_classes/text_generation)
{"arm": "sft", "max_token_completions": 0, "mean_action_tokens": 331.7, "task": 156, "task_id": "sigless_94c9c9421304", "tasks": 175}
[transformers] Both `min_new_tokens` (=0) and `min_length`(=0) seem to have been set. `min_new_tokens` will take precedence. Please refer to the documentation for more information. (https://huggingface.co/docs/transformers/main/en/main_classes/text_generation)
{"arm": "sft", "max_token_completions": 0, "mean_action_tokens": 263.5, "task": 157, "task_id": "sigless_6d83ced1ddc9", "tasks": 175}
[transformers] Both `min_new_tokens` (=0) and `min_length`(=0) seem to have been set. `min_new_tokens` will take precedence. Please refer to the documentation for more information. (https://huggingface.co/docs/transformers/main/en/main_classes/text_generation)
{"arm": "sft", "max_token_completions": 0, "mean_action_tokens": 194.2, "task": 158, "task_id": "sigless_37e2ca3dea18", "tasks": 175}
[transformers] Both `min_new_tokens` (=0) and `min_length`(=0) seem to have been set. `min_new_tokens` will take precedence. Please refer to the documentation for more information. (https://huggingface.co/docs/transformers/main/en/main_classes/text_generation)
{"arm": "sft", "max_token_completions": 0, "mean_action_tokens": 125.4, "task": 159, "task_id": "sigless_27d7320a3bdf", "tasks": 175}
[transformers] Both `min_new_tokens` (=0) and `min_length`(=0) seem to have been set. `min_new_tokens` will take precedence. Please refer to the documentation for more information. (https://huggingface.co/docs/transformers/main/en/main_classes/text_generation)
{"arm": "sft", "max_token_completions": 0, "mean_action_tokens": 362.2, "task": 160, "task_id": "sigless_88aae2bb0dda", "tasks": 175}
[transformers] Both `min_new_tokens` (=0) and `min_length`(=0) seem to have been set. `min_new_tokens` will take precedence. Please refer to the documentation for more information. (https://huggingface.co/docs/transformers/main/en/main_classes/text_generation)
{"arm": "sft", "max_token_completions": 0, "mean_action_tokens": 180.3, "task": 161, "task_id": "sigless_809d366ff6f0", "tasks": 175}
[transformers] Both `min_new_tokens` (=0) and `min_length`(=0) seem to have been set. `min_new_tokens` will take precedence. Please refer to the documentation for more information. (https://huggingface.co/docs/transformers/main/en/main_classes/text_generation)
{"arm": "sft", "max_token_completions": 0, "mean_action_tokens": 189.6, "task": 162, "task_id": "sigless_7412fc8a275b", "tasks": 175}
[transformers] Both `min_new_tokens` (=0) and `min_length`(=0) seem to have been set. `min_new_tokens` will take precedence. Please refer to the documentation for more information. (https://huggingface.co/docs/transformers/main/en/main_classes/text_generation)
{"arm": "sft", "max_token_completions": 0, "mean_action_tokens": 162.2, "task": 163, "task_id": "sigless_dd676587e3c2", "tasks": 175}
[transformers] Both `min_new_tokens` (=0) and `min_length`(=0) seem to have been set. `min_new_tokens` will take precedence. Please refer to the documentation for more information. (https://huggingface.co/docs/transformers/main/en/main_classes/text_generation)
{"arm": "sft", "max_token_completions": 0, "mean_action_tokens": 405.6, "task": 164, "task_id": "sigless_4cb006480238", "tasks": 175}
[transformers] Both `min_new_tokens` (=0) and `min_length`(=0) seem to have been set. `min_new_tokens` will take precedence. Please refer to the documentation for more information. (https://huggingface.co/docs/transformers/main/en/main_classes/text_generation)
{"arm": "sft", "max_token_completions": 0, "mean_action_tokens": 328.7, "task": 165, "task_id": "sigless_adc978f7e65b", "tasks": 175}
[transformers] Both `min_new_tokens` (=0) and `min_length`(=0) seem to have been set. `min_new_tokens` will take precedence. Please refer to the documentation for more information. (https://huggingface.co/docs/transformers/main/en/main_classes/text_generation)
{"arm": "sft", "max_token_completions": 1, "mean_action_tokens": 604.6, "task": 166, "task_id": "sigless_7e997d06e5bd", "tasks": 175}
[transformers] Both `min_new_tokens` (=0) and `min_length`(=0) seem to have been set. `min_new_tokens` will take precedence. Please refer to the documentation for more information. (https://huggingface.co/docs/transformers/main/en/main_classes/text_generation)
{"arm": "sft", "max_token_completions": 0, "mean_action_tokens": 250.2, "task": 167, "task_id": "sigless_edd7ed243c48", "tasks": 175}
[transformers] Both `min_new_tokens` (=0) and `min_length`(=0) seem to have been set. `min_new_tokens` will take precedence. Please refer to the documentation for more information. (https://huggingface.co/docs/transformers/main/en/main_classes/text_generation)
{"arm": "sft", "max_token_completions": 0, "mean_action_tokens": 218.5, "task": 168, "task_id": "sigless_b721d6a533f8", "tasks": 175}
[transformers] Both `min_new_tokens` (=0) and `min_length`(=0) seem to have been set. `min_new_tokens` will take precedence. Please refer to the documentation for more information. (https://huggingface.co/docs/transformers/main/en/main_classes/text_generation)
{"arm": "sft", "max_token_completions": 0, "mean_action_tokens": 300.7, "task": 169, "task_id": "sigless_bcb6f4de3081", "tasks": 175}
[transformers] Both `min_new_tokens` (=0) and `min_length`(=0) seem to have been set. `min_new_tokens` will take precedence. Please refer to the documentation for more information. (https://huggingface.co/docs/transformers/main/en/main_classes/text_generation)
{"arm": "sft", "max_token_completions": 0, "mean_action_tokens": 174.7, "task": 170, "task_id": "sigless_fe5faa93760d", "tasks": 175}
[transformers] Both `min_new_tokens` (=0) and `min_length`(=0) seem to have been set. `min_new_tokens` will take precedence. Please refer to the documentation for more information. (https://huggingface.co/docs/transformers/main/en/main_classes/text_generation)
{"arm": "sft", "max_token_completions": 0, "mean_action_tokens": 181.2, "task": 171, "task_id": "sigless_d59fd5c25caf", "tasks": 175}
[transformers] Both `min_new_tokens` (=0) and `min_length`(=0) seem to have been set. `min_new_tokens` will take precedence. Please refer to the documentation for more information. (https://huggingface.co/docs/transformers/main/en/main_classes/text_generation)
{"arm": "sft", "max_token_completions": 0, "mean_action_tokens": 360.9, "task": 172, "task_id": "sigless_bf3de39765c8", "tasks": 175}
[transformers] Both `min_new_tokens` (=0) and `min_length`(=0) seem to have been set. `min_new_tokens` will take precedence. Please refer to the documentation for more information. (https://huggingface.co/docs/transformers/main/en/main_classes/text_generation)
{"arm": "sft", "max_token_completions": 0, "mean_action_tokens": 268.9, "task": 173, "task_id": "sigless_b885d1ba1001", "tasks": 175}
[transformers] Both `min_new_tokens` (=0) and `min_length`(=0) seem to have been set. `min_new_tokens` will take precedence. Please refer to the documentation for more information. (https://huggingface.co/docs/transformers/main/en/main_classes/text_generation)
{"arm": "sft", "max_token_completions": 0, "mean_action_tokens": 152.1, "task": 174, "task_id": "sigless_3af6f6ae5576", "tasks": 175}
[transformers] Both `min_new_tokens` (=0) and `min_length`(=0) seem to have been set. `min_new_tokens` will take precedence. Please refer to the documentation for more information. (https://huggingface.co/docs/transformers/main/en/main_classes/text_generation)
{"arm": "sft", "max_token_completions": 0, "mean_action_tokens": 201.2, "task": 175, "task_id": "sigless_54c0d3ca981f", "tasks": 175}
{"arm": "sft", "max_token_completions": 8, "output": "/workspace/artifacts/t5gemma2_f2_measurement_audit_v1/baseline_seed44_k10_predictions.json", "output_sha256": "335458ed6bb366555a92505c5bea06481e110be7928da53e4360841a68b8c377", "rows": 175, "samples": 1750}
PASSK_RESULT tasks=175 pass@1=2/175=0.0114 pass@10=7/175=0.0400 compile@10=135/175=0.7714
MEASUREMENT_AUDIT_RESEED_COMPLETE seed=44 score=/workspace/artifacts/t5gemma2_f2_measurement_audit_v1/baseline_seed44_k10_score.json
Loading weights:   0%|          | 0/1327 [00:00<?, ?it/s]Loading weights:  71%|███████   | 940/1327 [00:00<00:00, 9397.72it/s]Loading weights: 100%|██████████| 1327/1327 [00:00<00:00, 9639.71it/s]
[transformers] Both `min_new_tokens` (=0) and `min_length`(=0) seem to have been set. `min_new_tokens` will take precedence. Please refer to the documentation for more information. (https://huggingface.co/docs/transformers/main/en/main_classes/text_generation)
{"arm": "sft", "max_token_completions": 0, "mean_action_tokens": 492.3, "task": 1, "task_id": "sigless_6f74b303025c", "tasks": 175}
[transformers] Both `min_new_tokens` (=0) and `min_length`(=0) seem to have been set. `min_new_tokens` will take precedence. Please refer to the documentation for more information. (https://huggingface.co/docs/transformers/main/en/main_classes/text_generation)
{"arm": "sft", "max_token_completions": 0, "mean_action_tokens": 285.4, "task": 2, "task_id": "sigless_1eae8c49db66", "tasks": 175}
[transformers] Both `min_new_tokens` (=0) and `min_length`(=0) seem to have been set. `min_new_tokens` will take precedence. Please refer to the documentation for more information. (https://huggingface.co/docs/transformers/main/en/main_classes/text_generation)
{"arm": "sft", "max_token_completions": 0, "mean_action_tokens": 298.9, "task": 3, "task_id": "sigless_8230c078962e", "tasks": 175}
[transformers] Both `min_new_tokens` (=0) and `min_length`(=0) seem to have been set. `min_new_tokens` will take precedence. Please refer to the documentation for more information. (https://huggingface.co/docs/transformers/main/en/main_classes/text_generation)
{"arm": "sft", "max_token_completions": 0, "mean_action_tokens": 481.1, "task": 4, "task_id": "sigless_ef71ae50a5fb", "tasks": 175}
[transformers] Both `min_new_tokens` (=0) and `min_length`(=0) seem to have been set. `min_new_tokens` will take precedence. Please refer to the documentation for more information. (https://huggingface.co/docs/transformers/main/en/main_classes/text_generation)
{"arm": "sft", "max_token_completions": 0, "mean_action_tokens": 126.0, "task": 5, "task_id": "sigless_0c28ea18fc09", "tasks": 175}
[transformers] Both `min_new_tokens` (=0) and `min_length`(=0) seem to have been set. `min_new_tokens` will take precedence. Please refer to the documentation for more information. (https://huggingface.co/docs/transformers/main/en/main_classes/text_generation)
{"arm": "sft", "max_token_completions": 0, "mean_action_tokens": 178.9, "task": 6, "task_id": "sigless_9dcc77211b03", "tasks": 175}
[transformers] Both `min_new_tokens` (=0) and `min_length`(=0) seem to have been set. `min_new_tokens` will take precedence. Please refer to the documentation for more information. (https://huggingface.co/docs/transformers/main/en/main_classes/text_generation)
{"arm": "sft", "max_token_completions": 0, "mean_action_tokens": 178.4, "task": 7, "task_id": "sigless_e3b7af399229", "tasks": 175}
[transformers] Both `min_new_tokens` (=0) and `min_length`(=0) seem to have been set. `min_new_tokens` will take precedence. Please refer to the documentation for more information. (https://huggingface.co/docs/transformers/main/en/main_classes/text_generation)
{"arm": "sft", "max_token_completions": 0, "mean_action_tokens": 229.0, "task": 8, "task_id": "sigless_f2b582d1df68", "tasks": 175}
[transformers] Both `min_new_tokens` (=0) and `min_length`(=0) seem to have been set. `min_new_tokens` will take precedence. Please refer to the documentation for more information. (https://huggingface.co/docs/transformers/main/en/main_classes/text_generation)
{"arm": "sft", "max_token_completions": 0, "mean_action_tokens": 269.5, "task": 9, "task_id": "sigless_af8ea815d9ac", "tasks": 175}
[transformers] Both `min_new_tokens` (=0) and `min_length`(=0) seem to have been set. `min_new_tokens` will take precedence. Please refer to the documentation for more information. (https://huggingface.co/docs/transformers/main/en/main_classes/text_generation)
{"arm": "sft", "max_token_completions": 0, "mean_action_tokens": 304.4, "task": 10, "task_id": "sigless_ed4d7dcd5f20", "tasks": 175}
[transformers] Both `min_new_tokens` (=0) and `min_length`(=0) seem to have been set. `min_new_tokens` will take precedence. Please refer to the documentation for more information. (https://huggingface.co/docs/transformers/main/en/main_classes/text_generation)
{"arm": "sft", "max_token_completions": 0, "mean_action_tokens": 217.6, "task": 11, "task_id": "sigless_ac1a3f90780a", "tasks": 175}
[transformers] Both `min_new_tokens` (=0) and `min_length`(=0) seem to have been set. `min_new_tokens` will take precedence. Please refer to the documentation for more information. (https://huggingface.co/docs/transformers/main/en/main_classes/text_generation)
{"arm": "sft", "max_token_completions": 0, "mean_action_tokens": 146.3, "task": 12, "task_id": "sigless_2607923a35c2", "tasks": 175}
[transformers] Both `min_new_tokens` (=0) and `min_length`(=0) seem to have been set. `min_new_tokens` will take precedence. Please refer to the documentation for more information. (https://huggingface.co/docs/transformers/main/en/main_classes/text_generation)
{"arm": "sft", "max_token_completions": 1, "mean_action_tokens": 1494.4, "task": 13, "task_id": "sigless_9acafa491865", "tasks": 175}
[transformers] Both `min_new_tokens` (=0) and `min_length`(=0) seem to have been set. `min_new_tokens` will take precedence. Please refer to the documentation for more information. (https://huggingface.co/docs/transformers/main/en/main_classes/text_generation)
{"arm": "sft", "max_token_completions": 0, "mean_action_tokens": 103.9, "task": 14, "task_id": "sigless_08a97c3f3f6b", "tasks": 175}
[transformers] Both `min_new_tokens` (=0) and `min_length`(=0) seem to have been set. `min_new_tokens` will take precedence. Please refer to the documentation for more information. (https://huggingface.co/docs/transformers/main/en/main_classes/text_generation)
{"arm": "sft", "max_token_completions": 0, "mean_action_tokens": 199.6, "task": 15, "task_id": "sigless_561333b633a8", "tasks": 175}
[transformers] Both `min_new_tokens` (=0) and `min_length`(=0) seem to have been set. `min_new_tokens` will take precedence. Please refer to the documentation for more information. (https://huggingface.co/docs/transformers/main/en/main_classes/text_generation)
{"arm": "sft", "max_token_completions": 0, "mean_action_tokens": 126.6, "task": 16, "task_id": "sigless_43bc373e09d3", "tasks": 175}
[transformers] Both `min_new_tokens` (=0) and `min_length`(=0) seem to have been set. `min_new_tokens` will take precedence. Please refer to the documentation for more information. (https://huggingface.co/docs/transformers/main/en/main_classes/text_generation)
{"arm": "sft", "max_token_completions": 0, "mean_action_tokens": 373.9, "task": 17, "task_id": "sigless_7968d9b30560", "tasks": 175}
[transformers] Both `min_new_tokens` (=0) and `min_length`(=0) seem to have been set. `min_new_tokens` will take precedence. Please refer to the documentation for more information. (https://huggingface.co/docs/transformers/main/en/main_classes/text_generation)
{"arm": "sft", "max_token_completions": 0, "mean_action_tokens": 196.7, "task": 18, "task_id": "sigless_682c5301dfb2", "tasks": 175}
[transformers] Both `min_new_tokens` (=0) and `min_length`(=0) seem to have been set. `min_new_tokens` will take precedence. Please refer to the documentation for more information. (https://huggingface.co/docs/transformers/main/en/main_classes/text_generation)
{"arm": "sft", "max_token_completions": 0, "mean_action_tokens": 427.8, "task": 19, "task_id": "sigless_37c22f197b0e", "tasks": 175}
[transformers] Both `min_new_tokens` (=0) and `min_length`(=0) seem to have been set. `min_new_tokens` will take precedence. Please refer to the documentation for more information. (https://huggingface.co/docs/transformers/main/en/main_classes/text_generation)
{"arm": "sft", "max_token_completions": 0, "mean_action_tokens": 454.1, "task": 20, "task_id": "sigless_34e9dc99606e", "tasks": 175}
[transformers] Both `min_new_tokens` (=0) and `min_length`(=0) seem to have been set. `min_new_tokens` will take precedence. Please refer to the documentation for more information. (https://huggingface.co/docs/transformers/main/en/main_classes/text_generation)
{"arm": "sft", "max_token_completions": 0, "mean_action_tokens": 680.3, "task": 21, "task_id": "sigless_6ad70e03dabe", "tasks": 175}
[transformers] Both `min_new_tokens` (=0) and `min_length`(=0) seem to have been set. `min_new_tokens` will take precedence. Please refer to the documentation for more information. (https://huggingface.co/docs/transformers/main/en/main_classes/text_generation)
{"arm": "sft", "max_token_completions": 0, "mean_action_tokens": 172.3, "task": 22, "task_id": "sigless_217ef71865c3", "tasks": 175}
[transformers] Both `min_new_tokens` (=0) and `min_length`(=0) seem to have been set. `min_new_tokens` will take precedence. Please refer to the documentation for more information. (https://huggingface.co/docs/transformers/main/en/main_classes/text_generation)
{"arm": "sft", "max_token_completions": 0, "mean_action_tokens": 426.3, "task": 23, "task_id": "sigless_295a1f5c7259", "tasks": 175}
[transformers] Both `min_new_tokens` (=0) and `min_length`(=0) seem to have been set. `min_new_tokens` will take precedence. Please refer to the documentation for more information. (https://huggingface.co/docs/transformers/main/en/main_classes/text_generation)
{"arm": "sft", "max_token_completions": 0, "mean_action_tokens": 211.5, "task": 24, "task_id": "sigless_3b143aa33af0", "tasks": 175}
[transformers] Both `min_new_tokens` (=0) and `min_length`(=0) seem to have been set. `min_new_tokens` will take precedence. Please refer to the documentation for more information. (https://huggingface.co/docs/transformers/main/en/main_classes/text_generation)
{"arm": "sft", "max_token_completions": 0, "mean_action_tokens": 262.2, "task": 25, "task_id": "sigless_6e4974ba05d6", "tasks": 175}
[transformers] Both `min_new_tokens` (=0) and `min_length`(=0) seem to have been set. `min_new_tokens` will take precedence. Please refer to the documentation for more information. (https://huggingface.co/docs/transformers/main/en/main_classes/text_generation)
{"arm": "sft", "max_token_completions": 0, "mean_action_tokens": 145.2, "task": 26, "task_id": "sigless_40ffe3504975", "tasks": 175}
[transformers] Both `min_new_tokens` (=0) and `min_length`(=0) seem to have been set. `min_new_tokens` will take precedence. Please refer to the documentation for more information. (https://huggingface.co/docs/transformers/main/en/main_classes/text_generation)
{"arm": "sft", "max_token_completions": 0, "mean_action_tokens": 322.2, "task": 27, "task_id": "sigless_5c47cc5132ae", "tasks": 175}
[transformers] Both `min_new_tokens` (=0) and `min_length`(=0) seem to have been set. `min_new_tokens` will take precedence. Please refer to the documentation for more information. (https://huggingface.co/docs/transformers/main/en/main_classes/text_generation)
{"arm": "sft", "max_token_completions": 0, "mean_action_tokens": 181.3, "task": 28, "task_id": "sigless_0dc17d9531b9", "tasks": 175}
[transformers] Both `min_new_tokens` (=0) and `min_length`(=0) seem to have been set. `min_new_tokens` will take precedence. Please refer to the documentation for more information. (https://huggingface.co/docs/transformers/main/en/main_classes/text_generation)
{"arm": "sft", "max_token_completions": 0, "mean_action_tokens": 242.1, "task": 29, "task_id": "sigless_e989552bfd91", "tasks": 175}
[transformers] Both `min_new_tokens` (=0) and `min_length`(=0) seem to have been set. `min_new_tokens` will take precedence. Please refer to the documentation for more information. (https://huggingface.co/docs/transformers/main/en/main_classes/text_generation)
{"arm": "sft", "max_token_completions": 0, "mean_action_tokens": 230.8, "task": 30, "task_id": "sigless_588a3df34892", "tasks": 175}
[transformers] Both `min_new_tokens` (=0) and `min_length`(=0) seem to have been set. `min_new_tokens` will take precedence. Please refer to the documentation for more information. (https://huggingface.co/docs/transformers/main/en/main_classes/text_generation)
{"arm": "sft", "max_token_completions": 0, "mean_action_tokens": 401.3, "task": 31, "task_id": "sigless_7f5464d20af0", "tasks": 175}
[transformers] Both `min_new_tokens` (=0) and `min_length`(=0) seem to have been set. `min_new_tokens` will take precedence. Please refer to the documentation for more information. (https://huggingface.co/docs/transformers/main/en/main_classes/text_generation)
{"arm": "sft", "max_token_completions": 0, "mean_action_tokens": 263.4, "task": 32, "task_id": "sigless_c06bd1b6353c", "tasks": 175}
[transformers] Both `min_new_tokens` (=0) and `min_length`(=0) seem to have been set. `min_new_tokens` will take precedence. Please refer to the documentation for more information. (https://huggingface.co/docs/transformers/main/en/main_classes/text_generation)
{"arm": "sft", "max_token_completions": 0, "mean_action_tokens": 109.5, "task": 33, "task_id": "sigless_7ce0645c7c59", "tasks": 175}
[transformers] Both `min_new_tokens` (=0) and `min_length`(=0) seem to have been set. `min_new_tokens` will take precedence. Please refer to the documentation for more information. (https://huggingface.co/docs/transformers/main/en/main_classes/text_generation)
{"arm": "sft", "max_token_completions": 0, "mean_action_tokens": 168.5, "task": 34, "task_id": "sigless_842d8bd3822e", "tasks": 175}
[transformers] Both `min_new_tokens` (=0) and `min_length`(=0) seem to have been set. `min_new_tokens` will take precedence. Please refer to the documentation for more information. (https://huggingface.co/docs/transformers/main/en/main_classes/text_generation)
{"arm": "sft", "max_token_completions": 0, "mean_action_tokens": 175.3, "task": 35, "task_id": "sigless_f19a1cde385c", "tasks": 175}
[transformers] Both `min_new_tokens` (=0) and `min_length`(=0) seem to have been set. `min_new_tokens` will take precedence. Please refer to the documentation for more information. (https://huggingface.co/docs/transformers/main/en/main_classes/text_generation)
{"arm": "sft", "max_token_completions": 0, "mean_action_tokens": 167.9, "task": 36, "task_id": "sigless_66f0c3982031", "tasks": 175}
[transformers] Both `min_new_tokens` (=0) and `min_length`(=0) seem to have been set. `min_new_tokens` will take precedence. Please refer to the documentation for more information. (https://huggingface.co/docs/transformers/main/en/main_classes/text_generation)
{"arm": "sft", "max_token_completions": 0, "mean_action_tokens": 257.5, "task": 37, "task_id": "sigless_6ca6f0196a67", "tasks": 175}
[transformers] Both `min_new_tokens` (=0) and `min_length`(=0) seem to have been set. `min_new_tokens` will take precedence. Please refer to the documentation for more information. (https://huggingface.co/docs/transformers/main/en/main_classes/text_generation)
{"arm": "sft", "max_token_completions": 0, "mean_action_tokens": 197.8, "task": 38, "task_id": "sigless_8cc4767c9e31", "tasks": 175}
[transformers] Both `min_new_tokens` (=0) and `min_length`(=0) seem to have been set. `min_new_tokens` will take precedence. Please refer to the documentation for more information. (https://huggingface.co/docs/transformers/main/en/main_classes/text_generation)
{"arm": "sft", "max_token_completions": 0, "mean_action_tokens": 376.6, "task": 39, "task_id": "sigless_689fa1a18517", "tasks": 175}
[transformers] Both `min_new_tokens` (=0) and `min_length`(=0) seem to have been set. `min_new_tokens` will take precedence. Please refer to the documentation for more information. (https://huggingface.co/docs/transformers/main/en/main_classes/text_generation)
{"arm": "sft", "max_token_completions": 0, "mean_action_tokens": 489.9, "task": 40, "task_id": "sigless_a6a008b7b43f", "tasks": 175}
[transformers] Both `min_new_tokens` (=0) and `min_length`(=0) seem to have been set. `min_new_tokens` will take precedence. Please refer to the documentation for more information. (https://huggingface.co/docs/transformers/main/en/main_classes/text_generation)
{"arm": "sft", "max_token_completions": 0, "mean_action_tokens": 165.5, "task": 41, "task_id": "sigless_b03bf3bb9c5b", "tasks": 175}
[transformers] Both `min_new_tokens` (=0) and `min_length`(=0) seem to have been set. `min_new_tokens` will take precedence. Please refer to the documentation for more information. (https://huggingface.co/docs/transformers/main/en/main_classes/text_generation)
{"arm": "sft", "max_token_completions": 0, "mean_action_tokens": 169.3, "task": 42, "task_id": "sigless_c5fe1b2b12ae", "tasks": 175}
[transformers] Both `min_new_tokens` (=0) and `min_length`(=0) seem to have been set. `min_new_tokens` will take precedence. Please refer to the documentation for more information. (https://huggingface.co/docs/transformers/main/en/main_classes/text_generation)
{"arm": "sft", "max_token_completions": 0, "mean_action_tokens": 126.3, "task": 43, "task_id": "sigless_8d0cf57a5b8f", "tasks": 175}
[transformers] Both `min_new_tokens` (=0) and `min_length`(=0) seem to have been set. `min_new_tokens` will take precedence. Please refer to the documentation for more information. (https://huggingface.co/docs/transformers/main/en/main_classes/text_generation)
{"arm": "sft", "max_token_completions": 0, "mean_action_tokens": 312.0, "task": 44, "task_id": "sigless_7e986e1787e9", "tasks": 175}
[transformers] Both `min_new_tokens` (=0) and `min_length`(=0) seem to have been set. `min_new_tokens` will take precedence. Please refer to the documentation for more information. (https://huggingface.co/docs/transformers/main/en/main_classes/text_generation)
{"arm": "sft", "max_token_completions": 0, "mean_action_tokens": 1335.2, "task": 45, "task_id": "sigless_172bb23be947", "tasks": 175}
[transformers] Both `min_new_tokens` (=0) and `min_length`(=0) seem to have been set. `min_new_tokens` will take precedence. Please refer to the documentation for more information. (https://huggingface.co/docs/transformers/main/en/main_classes/text_generation)
{"arm": "sft", "max_token_completions": 0, "mean_action_tokens": 166.8, "task": 46, "task_id": "sigless_5f0732a851d6", "tasks": 175}
[transformers] Both `min_new_tokens` (=0) and `min_length`(=0) seem to have been set. `min_new_tokens` will take precedence. Please refer to the documentation for more information. (https://huggingface.co/docs/transformers/main/en/main_classes/text_generation)
{"arm": "sft", "max_token_completions": 0, "mean_action_tokens": 710.3, "task": 47, "task_id": "sigless_761f28484d46", "tasks": 175}
[transformers] Both `min_new_tokens` (=0) and `min_length`(=0) seem to have been set. `min_new_tokens` will take precedence. Please refer to the documentation for more information. (https://huggingface.co/docs/transformers/main/en/main_classes/text_generation)
{"arm": "sft", "max_token_completions": 0, "mean_action_tokens": 116.8, "task": 48, "task_id": "sigless_1f311da5c92c", "tasks": 175}
[transformers] Both `min_new_tokens` (=0) and `min_length`(=0) seem to have been set. `min_new_tokens` will take precedence. Please refer to the documentation for more information. (https://huggingface.co/docs/transformers/main/en/main_classes/text_generation)
{"arm": "sft", "max_token_completions": 0, "mean_action_tokens": 550.0, "task": 49, "task_id": "sigless_5b084bc217a7", "tasks": 175}
[transformers] Both `min_new_tokens` (=0) and `min_length`(=0) seem to have been set. `min_new_tokens` will take precedence. Please refer to the documentation for more information. (https://huggingface.co/docs/transformers/main/en/main_classes/text_generation)
{"arm": "sft", "max_token_completions": 0, "mean_action_tokens": 305.8, "task": 50, "task_id": "sigless_813393f0ede5", "tasks": 175}
[transformers] Both `min_new_tokens` (=0) and `min_length`(=0) seem to have been set. `min_new_tokens` will take precedence. Please refer to the documentation for more information. (https://huggingface.co/docs/transformers/main/en/main_classes/text_generation)
{"arm": "sft", "max_token_completions": 0, "mean_action_tokens": 238.9, "task": 51, "task_id": "sigless_c533ec05295f", "tasks": 175}
[transformers] Both `min_new_tokens` (=0) and `min_length`(=0) seem to have been set. `min_new_tokens` will take precedence. Please refer to the documentation for more information. (https://huggingface.co/docs/transformers/main/en/main_classes/text_generation)
{"arm": "sft", "max_token_completions": 0, "mean_action_tokens": 224.9, "task": 52, "task_id": "sigless_f313c6aa6b38", "tasks": 175}
[transformers] Both `min_new_tokens` (=0) and `min_length`(=0) seem to have been set. `min_new_tokens` will take precedence. Please refer to the documentation for more information. (https://huggingface.co/docs/transformers/main/en/main_classes/text_generation)
{"arm": "sft", "max_token_completions": 0, "mean_action_tokens": 192.7, "task": 53, "task_id": "sigless_7da06c701a11", "tasks": 175}
[transformers] Both `min_new_tokens` (=0) and `min_length`(=0) seem to have been set. `min_new_tokens` will take precedence. Please refer to the documentation for more information. (https://huggingface.co/docs/transformers/main/en/main_classes/text_generation)
{"arm": "sft", "max_token_completions": 2, "mean_action_tokens": 2062.8, "task": 54, "task_id": "sigless_32c65c037f11", "tasks": 175}
[transformers] Both `min_new_tokens` (=0) and `min_length`(=0) seem to have been set. `min_new_tokens` will take precedence. Please refer to the documentation for more information. (https://huggingface.co/docs/transformers/main/en/main_classes/text_generation)
{"arm": "sft", "max_token_completions": 0, "mean_action_tokens": 168.0, "task": 55, "task_id": "sigless_800a63a44bf8", "tasks": 175}
[transformers] Both `min_new_tokens` (=0) and `min_length`(=0) seem to have been set. `min_new_tokens` will take precedence. Please refer to the documentation for more information. (https://huggingface.co/docs/transformers/main/en/main_classes/text_generation)
{"arm": "sft", "max_token_completions": 0, "mean_action_tokens": 123.8, "task": 56, "task_id": "sigless_ae3f6b074a1d", "tasks": 175}
[transformers] Both `min_new_tokens` (=0) and `min_length`(=0) seem to have been set. `min_new_tokens` will take precedence. Please refer to the documentation for more information. (https://huggingface.co/docs/transformers/main/en/main_classes/text_generation)
{"arm": "sft", "max_token_completions": 0, "mean_action_tokens": 158.4, "task": 57, "task_id": "sigless_bdb5051ba702", "tasks": 175}
[transformers] Both `min_new_tokens` (=0) and `min_length`(=0) seem to have been set. `min_new_tokens` will take precedence. Please refer to the documentation for more information. (https://huggingface.co/docs/transformers/main/en/main_classes/text_generation)
{"arm": "sft", "max_token_completions": 0, "mean_action_tokens": 185.9, "task": 58, "task_id": "sigless_5a81bb01e5b7", "tasks": 175}
[transformers] Both `min_new_tokens` (=0) and `min_length`(=0) seem to have been set. `min_new_tokens` will take precedence. Please refer to the documentation for more information. (https://huggingface.co/docs/transformers/main/en/main_classes/text_generation)
{"arm": "sft", "max_token_completions": 0, "mean_action_tokens": 191.5, "task": 59, "task_id": "sigless_3cc19bbfa30f", "tasks": 175}
[transformers] Both `min_new_tokens` (=0) and `min_length`(=0) seem to have been set. `min_new_tokens` will take precedence. Please refer to the documentation for more information. (https://huggingface.co/docs/transformers/main/en/main_classes/text_generation)
{"arm": "sft", "max_token_completions": 0, "mean_action_tokens": 111.7, "task": 60, "task_id": "sigless_ca058cccbe26", "tasks": 175}
[transformers] Both `min_new_tokens` (=0) and `min_length`(=0) seem to have been set. `min_new_tokens` will take precedence. Please refer to the documentation for more information. (https://huggingface.co/docs/transformers/main/en/main_classes/text_generation)
{"arm": "sft", "max_token_completions": 0, "mean_action_tokens": 397.4, "task": 61, "task_id": "sigless_b33d2de9af80", "tasks": 175}
[transformers] Both `min_new_tokens` (=0) and `min_length`(=0) seem to have been set. `min_new_tokens` will take precedence. Please refer to the documentation for more information. (https://huggingface.co/docs/transformers/main/en/main_classes/text_generation)
{"arm": "sft", "max_token_completions": 0, "mean_action_tokens": 124.5, "task": 62, "task_id": "sigless_c25abcd9a325", "tasks": 175}
[transformers] Both `min_new_tokens` (=0) and `min_length`(=0) seem to have been set. `min_new_tokens` will take precedence. Please refer to the documentation for more information. (https://huggingface.co/docs/transformers/main/en/main_classes/text_generation)
{"arm": "sft", "max_token_completions": 0, "mean_action_tokens": 191.6, "task": 63, "task_id": "sigless_6d8c4ba351c5", "tasks": 175}
[transformers] Both `min_new_tokens` (=0) and `min_length`(=0) seem to have been set. `min_new_tokens` will take precedence. Please refer to the documentation for more information. (https://huggingface.co/docs/transformers/main/en/main_classes/text_generation)
{"arm": "sft", "max_token_completions": 0, "mean_action_tokens": 204.2, "task": 64, "task_id": "sigless_a247e5f7ba82", "tasks": 175}
[transformers] Both `min_new_tokens` (=0) and `min_length`(=0) seem to have been set. `min_new_tokens` will take precedence. Please refer to the documentation for more information. (https://huggingface.co/docs/transformers/main/en/main_classes/text_generation)
{"arm": "sft", "max_token_completions": 0, "mean_action_tokens": 176.8, "task": 65, "task_id": "sigless_2285fc4955db", "tasks": 175}
[transformers] Both `min_new_tokens` (=0) and `min_length`(=0) seem to have been set. `min_new_tokens` will take precedence. Please refer to the documentation for more information. (https://huggingface.co/docs/transformers/main/en/main_classes/text_generation)
{"arm": "sft", "max_token_completions": 0, "mean_action_tokens": 270.3, "task": 66, "task_id": "sigless_97decd4f7443", "tasks": 175}
[transformers] Both `min_new_tokens` (=0) and `min_length`(=0) seem to have been set. `min_new_tokens` will take precedence. Please refer to the documentation for more information. (https://huggingface.co/docs/transformers/main/en/main_classes/text_generation)
{"arm": "sft", "max_token_completions": 0, "mean_action_tokens": 189.3, "task": 67, "task_id": "sigless_79bfe84158a3", "tasks": 175}
[transformers] Both `min_new_tokens` (=0) and `min_length`(=0) seem to have been set. `min_new_tokens` will take precedence. Please refer to the documentation for more information. (https://huggingface.co/docs/transformers/main/en/main_classes/text_generation)
{"arm": "sft", "max_token_completions": 0, "mean_action_tokens": 128.0, "task": 68, "task_id": "sigless_6dfdaa80a5a8", "tasks": 175}
[transformers] Both `min_new_tokens` (=0) and `min_length`(=0) seem to have been set. `min_new_tokens` will take precedence. Please refer to the documentation for more information. (https://huggingface.co/docs/transformers/main/en/main_classes/text_generation)
{"arm": "sft", "max_token_completions": 0, "mean_action_tokens": 268.3, "task": 69, "task_id": "sigless_52260deec95d", "tasks": 175}
[transformers] Both `min_new_tokens` (=0) and `min_length`(=0) seem to have been set. `min_new_tokens` will take precedence. Please refer to the documentation for more information. (https://huggingface.co/docs/transformers/main/en/main_classes/text_generation)
{"arm": "sft", "max_token_completions": 0, "mean_action_tokens": 220.0, "task": 70, "task_id": "sigless_96546ea01643", "tasks": 175}
[transformers] Both `min_new_tokens` (=0) and `min_length`(=0) seem to have been set. `min_new_tokens` will take precedence. Please refer to the documentation for more information. (https://huggingface.co/docs/transformers/main/en/main_classes/text_generation)
{"arm": "sft", "max_token_completions": 0, "mean_action_tokens": 236.8, "task": 71, "task_id": "sigless_083954eb2fb3", "tasks": 175}
[transformers] Both `min_new_tokens` (=0) and `min_length`(=0) seem to have been set. `min_new_tokens` will take precedence. Please refer to the documentation for more information. (https://huggingface.co/docs/transformers/main/en/main_classes/text_generation)
{"arm": "sft", "max_token_completions": 0, "mean_action_tokens": 629.3, "task": 72, "task_id": "sigless_a348fccf3353", "tasks": 175}
[transformers] Both `min_new_tokens` (=0) and `min_length`(=0) seem to have been set. `min_new_tokens` will take precedence. Please refer to the documentation for more information. (https://huggingface.co/docs/transformers/main/en/main_classes/text_generation)
{"arm": "sft", "max_token_completions": 0, "mean_action_tokens": 236.7, "task": 73, "task_id": "sigless_1b1ea7b75cff", "tasks": 175}
[transformers] Both `min_new_tokens` (=0) and `min_length`(=0) seem to have been set. `min_new_tokens` will take precedence. Please refer to the documentation for more information. (https://huggingface.co/docs/transformers/main/en/main_classes/text_generation)
{"arm": "sft", "max_token_completions": 0, "mean_action_tokens": 478.1, "task": 74, "task_id": "sigless_f8e93c6852a8", "tasks": 175}
[transformers] Both `min_new_tokens` (=0) and `min_length`(=0) seem to have been set. `min_new_tokens` will take precedence. Please refer to the documentation for more information. (https://huggingface.co/docs/transformers/main/en/main_classes/text_generation)
{"arm": "sft", "max_token_completions": 0, "mean_action_tokens": 272.2, "task": 75, "task_id": "sigless_8bf7f40ca356", "tasks": 175}
[transformers] Both `min_new_tokens` (=0) and `min_length`(=0) seem to have been set. `min_new_tokens` will take precedence. Please refer to the documentation for more information. (https://huggingface.co/docs/transformers/main/en/main_classes/text_generation)
{"arm": "sft", "max_token_completions": 0, "mean_action_tokens": 296.2, "task": 76, "task_id": "sigless_dda92f9b56cf", "tasks": 175}
[transformers] Both `min_new_tokens` (=0) and `min_length`(=0) seem to have been set. `min_new_tokens` will take precedence. Please refer to the documentation for more information. (https://huggingface.co/docs/transformers/main/en/main_classes/text_generation)
{"arm": "sft", "max_token_completions": 0, "mean_action_tokens": 218.0, "task": 77, "task_id": "sigless_29facc14bbd7", "tasks": 175}
[transformers] Both `min_new_tokens` (=0) and `min_length`(=0) seem to have been set. `min_new_tokens` will take precedence. Please refer to the documentation for more information. (https://huggingface.co/docs/transformers/main/en/main_classes/text_generation)
{"arm": "sft", "max_token_completions": 0, "mean_action_tokens": 361.7, "task": 78, "task_id": "sigless_03890dcefaec", "tasks": 175}
[transformers] Both `min_new_tokens` (=0) and `min_length`(=0) seem to have been set. `min_new_tokens` will take precedence. Please refer to the documentation for more information. (https://huggingface.co/docs/transformers/main/en/main_classes/text_generation)
{"arm": "sft", "max_token_completions": 0, "mean_action_tokens": 386.6, "task": 79, "task_id": "sigless_0676ce351471", "tasks": 175}
[transformers] Both `min_new_tokens` (=0) and `min_length`(=0) seem to have been set. `min_new_tokens` will take precedence. Please refer to the documentation for more information. (https://huggingface.co/docs/transformers/main/en/main_classes/text_generation)
{"arm": "sft", "max_token_completions": 0, "mean_action_tokens": 100.6, "task": 80, "task_id": "sigless_a507056ae077", "tasks": 175}
[transformers] Both `min_new_tokens` (=0) and `min_length`(=0) seem to have been set. `min_new_tokens` will take precedence. Please refer to the documentation for more information. (https://huggingface.co/docs/transformers/main/en/main_classes/text_generation)
{"arm": "sft", "max_token_completions": 0, "mean_action_tokens": 146.3, "task": 81, "task_id": "sigless_cc73707101e6", "tasks": 175}
[transformers] Both `min_new_tokens` (=0) and `min_length`(=0) seem to have been set. `min_new_tokens` will take precedence. Please refer to the documentation for more information. (https://huggingface.co/docs/transformers/main/en/main_classes/text_generation)
{"arm": "sft", "max_token_completions": 0, "mean_action_tokens": 340.0, "task": 82, "task_id": "sigless_9588ecf888b2", "tasks": 175}
[transformers] Both `min_new_tokens` (=0) and `min_length`(=0) seem to have been set. `min_new_tokens` will take precedence. Please refer to the documentation for more information. (https://huggingface.co/docs/transformers/main/en/main_classes/text_generation)
{"arm": "sft", "max_token_completions": 0, "mean_action_tokens": 266.7, "task": 83, "task_id": "sigless_4708b0b01b11", "tasks": 175}
[transformers] Both `min_new_tokens` (=0) and `min_length`(=0) seem to have been set. `min_new_tokens` will take precedence. Please refer to the documentation for more information. (https://huggingface.co/docs/transformers/main/en/main_classes/text_generation)
{"arm": "sft", "max_token_completions": 0, "mean_action_tokens": 297.0, "task": 84, "task_id": "sigless_a4594aa05a9c", "tasks": 175}
[transformers] Both `min_new_tokens` (=0) and `min_length`(=0) seem to have been set. `min_new_tokens` will take precedence. Please refer to the documentation for more information. (https://huggingface.co/docs/transformers/main/en/main_classes/text_generation)
{"arm": "sft", "max_token_completions": 0, "mean_action_tokens": 182.5, "task": 85, "task_id": "sigless_0d23ec54c1ec", "tasks": 175}
[transformers] Both `min_new_tokens` (=0) and `min_length`(=0) seem to have been set. `min_new_tokens` will take precedence. Please refer to the documentation for more information. (https://huggingface.co/docs/transformers/main/en/main_classes/text_generation)
{"arm": "sft", "max_token_completions": 0, "mean_action_tokens": 135.1, "task": 86, "task_id": "sigless_2b4ce9b63420", "tasks": 175}
[transformers] Both `min_new_tokens` (=0) and `min_length`(=0) seem to have been set. `min_new_tokens` will take precedence. Please refer to the documentation for more information. (https://huggingface.co/docs/transformers/main/en/main_classes/text_generation)
{"arm": "sft", "max_token_completions": 0, "mean_action_tokens": 116.2, "task": 87, "task_id": "sigless_d19512840646", "tasks": 175}
[transformers] Both `min_new_tokens` (=0) and `min_length`(=0) seem to have been set. `min_new_tokens` will take precedence. Please refer to the documentation for more information. (https://huggingface.co/docs/transformers/main/en/main_classes/text_generation)
{"arm": "sft", "max_token_completions": 0, "mean_action_tokens": 275.7, "task": 88, "task_id": "sigless_254a6441f2f8", "tasks": 175}
[transformers] Both `min_new_tokens` (=0) and `min_length`(=0) seem to have been set. `min_new_tokens` will take precedence. Please refer to the documentation for more information. (https://huggingface.co/docs/transformers/main/en/main_classes/text_generation)
{"arm": "sft", "max_token_completions": 0, "mean_action_tokens": 183.0, "task": 89, "task_id": "sigless_bd2a15378da9", "tasks": 175}
[transformers] Both `min_new_tokens` (=0) and `min_length`(=0) seem to have been set. `min_new_tokens` will take precedence. Please refer to the documentation for more information. (https://huggingface.co/docs/transformers/main/en/main_classes/text_generation)
{"arm": "sft", "max_token_completions": 0, "mean_action_tokens": 132.7, "task": 90, "task_id": "sigless_81915896d27e", "tasks": 175}
[transformers] Both `min_new_tokens` (=0) and `min_length`(=0) seem to have been set. `min_new_tokens` will take precedence. Please refer to the documentation for more information. (https://huggingface.co/docs/transformers/main/en/main_classes/text_generation)
{"arm": "sft", "max_token_completions": 0, "mean_action_tokens": 204.6, "task": 91, "task_id": "sigless_e1ba6073c24a", "tasks": 175}
[transformers] Both `min_new_tokens` (=0) and `min_length`(=0) seem to have been set. `min_new_tokens` will take precedence. Please refer to the documentation for more information. (https://huggingface.co/docs/transformers/main/en/main_classes/text_generation)
{"arm": "sft", "max_token_completions": 0, "mean_action_tokens": 191.5, "task": 92, "task_id": "sigless_3a3a9c12bb06", "tasks": 175}
[transformers] Both `min_new_tokens` (=0) and `min_length`(=0) seem to have been set. `min_new_tokens` will take precedence. Please refer to the documentation for more information. (https://huggingface.co/docs/transformers/main/en/main_classes/text_generation)
{"arm": "sft", "max_token_completions": 0, "mean_action_tokens": 397.7, "task": 93, "task_id": "sigless_288bf7a714e1", "tasks": 175}
[transformers] Both `min_new_tokens` (=0) and `min_length`(=0) seem to have been set. `min_new_tokens` will take precedence. Please refer to the documentation for more information. (https://huggingface.co/docs/transformers/main/en/main_classes/text_generation)
{"arm": "sft", "max_token_completions": 0, "mean_action_tokens": 131.3, "task": 94, "task_id": "sigless_35088d24eba1", "tasks": 175}
[transformers] Both `min_new_tokens` (=0) and `min_length`(=0) seem to have been set. `min_new_tokens` will take precedence. Please refer to the documentation for more information. (https://huggingface.co/docs/transformers/main/en/main_classes/text_generation)
{"arm": "sft", "max_token_completions": 0, "mean_action_tokens": 202.4, "task": 95, "task_id": "sigless_64a085399724", "tasks": 175}
[transformers] Both `min_new_tokens` (=0) and `min_length`(=0) seem to have been set. `min_new_tokens` will take precedence. Please refer to the documentation for more information. (https://huggingface.co/docs/transformers/main/en/main_classes/text_generation)
{"arm": "sft", "max_token_completions": 0, "mean_action_tokens": 571.6, "task": 96, "task_id": "sigless_d544567b9189", "tasks": 175}
[transformers] Both `min_new_tokens` (=0) and `min_length`(=0) seem to have been set. `min_new_tokens` will take precedence. Please refer to the documentation for more information. (https://huggingface.co/docs/transformers/main/en/main_classes/text_generation)
{"arm": "sft", "max_token_completions": 0, "mean_action_tokens": 173.8, "task": 97, "task_id": "sigless_73f9e7c2b2e2", "tasks": 175}
[transformers] Both `min_new_tokens` (=0) and `min_length`(=0) seem to have been set. `min_new_tokens` will take precedence. Please refer to the documentation for more information. (https://huggingface.co/docs/transformers/main/en/main_classes/text_generation)
{"arm": "sft", "max_token_completions": 0, "mean_action_tokens": 131.5, "task": 98, "task_id": "sigless_719577f723ab", "tasks": 175}
[transformers] Both `min_new_tokens` (=0) and `min_length`(=0) seem to have been set. `min_new_tokens` will take precedence. Please refer to the documentation for more information. (https://huggingface.co/docs/transformers/main/en/main_classes/text_generation)
{"arm": "sft", "max_token_completions": 0, "mean_action_tokens": 220.4, "task": 99, "task_id": "sigless_2f380f310be1", "tasks": 175}
[transformers] Both `min_new_tokens` (=0) and `min_length`(=0) seem to have been set. `min_new_tokens` will take precedence. Please refer to the documentation for more information. (https://huggingface.co/docs/transformers/main/en/main_classes/text_generation)
{"arm": "sft", "max_token_completions": 0, "mean_action_tokens": 313.1, "task": 100, "task_id": "sigless_cd4130196f1f", "tasks": 175}
[transformers] Both `min_new_tokens` (=0) and `min_length`(=0) seem to have been set. `min_new_tokens` will take precedence. Please refer to the documentation for more information. (https://huggingface.co/docs/transformers/main/en/main_classes/text_generation)
{"arm": "sft", "max_token_completions": 0, "mean_action_tokens": 328.1, "task": 101, "task_id": "sigless_af300e5a0f21", "tasks": 175}
[transformers] Both `min_new_tokens` (=0) and `min_length`(=0) seem to have been set. `min_new_tokens` will take precedence. Please refer to the documentation for more information. (https://huggingface.co/docs/transformers/main/en/main_classes/text_generation)
{"arm": "sft", "max_token_completions": 0, "mean_action_tokens": 177.3, "task": 102, "task_id": "sigless_8c5d7927d750", "tasks": 175}
[transformers] Both `min_new_tokens` (=0) and `min_length`(=0) seem to have been set. `min_new_tokens` will take precedence. Please refer to the documentation for more information. (https://huggingface.co/docs/transformers/main/en/main_classes/text_generation)
{"arm": "sft", "max_token_completions": 0, "mean_action_tokens": 147.0, "task": 103, "task_id": "sigless_c4383a715ff3", "tasks": 175}
[transformers] Both `min_new_tokens` (=0) and `min_length`(=0) seem to have been set. `min_new_tokens` will take precedence. Please refer to the documentation for more information. (https://huggingface.co/docs/transformers/main/en/main_classes/text_generation)
{"arm": "sft", "max_token_completions": 0, "mean_action_tokens": 180.0, "task": 104, "task_id": "sigless_bd986d86cebb", "tasks": 175}
[transformers] Both `min_new_tokens` (=0) and `min_length`(=0) seem to have been set. `min_new_tokens` will take precedence. Please refer to the documentation for more information. (https://huggingface.co/docs/transformers/main/en/main_classes/text_generation)
{"arm": "sft", "max_token_completions": 0, "mean_action_tokens": 196.6, "task": 105, "task_id": "sigless_bcebeb9e6334", "tasks": 175}
[transformers] Both `min_new_tokens` (=0) and `min_length`(=0) seem to have been set. `min_new_tokens` will take precedence. Please refer to the documentation for more information. (https://huggingface.co/docs/transformers/main/en/main_classes/text_generation)
{"arm": "sft", "max_token_completions": 0, "mean_action_tokens": 130.9, "task": 106, "task_id": "sigless_d705d736995d", "tasks": 175}
[transformers] Both `min_new_tokens` (=0) and `min_length`(=0) seem to have been set. `min_new_tokens` will take precedence. Please refer to the documentation for more information. (https://huggingface.co/docs/transformers/main/en/main_classes/text_generation)
{"arm": "sft", "max_token_completions": 0, "mean_action_tokens": 141.7, "task": 107, "task_id": "sigless_b03a8afc1094", "tasks": 175}
[transformers] Both `min_new_tokens` (=0) and `min_length`(=0) seem to have been set. `min_new_tokens` will take precedence. Please refer to the documentation for more information. (https://huggingface.co/docs/transformers/main/en/main_classes/text_generation)
{"arm": "sft", "max_token_completions": 0, "mean_action_tokens": 145.2, "task": 108, "task_id": "sigless_fa4972c4e52e", "tasks": 175}
[transformers] Both `min_new_tokens` (=0) and `min_length`(=0) seem to have been set. `min_new_tokens` will take precedence. Please refer to the documentation for more information. (https://huggingface.co/docs/transformers/main/en/main_classes/text_generation)
{"arm": "sft", "max_token_completions": 1, "mean_action_tokens": 1754.2, "task": 109, "task_id": "sigless_993f7ab38cdd", "tasks": 175}
[transformers] Both `min_new_tokens` (=0) and `min_length`(=0) seem to have been set. `min_new_tokens` will take precedence. Please refer to the documentation for more information. (https://huggingface.co/docs/transformers/main/en/main_classes/text_generation)
{"arm": "sft", "max_token_completions": 0, "mean_action_tokens": 148.5, "task": 110, "task_id": "sigless_95105e48c1e8", "tasks": 175}
[transformers] Both `min_new_tokens` (=0) and `min_length`(=0) seem to have been set. `min_new_tokens` will take precedence. Please refer to the documentation for more information. (https://huggingface.co/docs/transformers/main/en/main_classes/text_generation)
{"arm": "sft", "max_token_completions": 0, "mean_action_tokens": 165.8, "task": 111, "task_id": "sigless_9e128db660ea", "tasks": 175}
[transformers] Both `min_new_tokens` (=0) and `min_length`(=0) seem to have been set. `min_new_tokens` will take precedence. Please refer to the documentation for more information. (https://huggingface.co/docs/transformers/main/en/main_classes/text_generation)
{"arm": "sft", "max_token_completions": 0, "mean_action_tokens": 446.5, "task": 112, "task_id": "sigless_949e6c11e478", "tasks": 175}
[transformers] Both `min_new_tokens` (=0) and `min_length`(=0) seem to have been set. `min_new_tokens` will take precedence. Please refer to the documentation for more information. (https://huggingface.co/docs/transformers/main/en/main_classes/text_generation)
{"arm": "sft", "max_token_completions": 0, "mean_action_tokens": 150.6, "task": 113, "task_id": "sigless_55cc112cbb2c", "tasks": 175}
[transformers] Both `min_new_tokens` (=0) and `min_length`(=0) seem to have been set. `min_new_tokens` will take precedence. Please refer to the documentation for more information. (https://huggingface.co/docs/transformers/main/en/main_classes/text_generation)
{"arm": "sft", "max_token_completions": 0, "mean_action_tokens": 270.8, "task": 114, "task_id": "sigless_c45cfc4290f2", "tasks": 175}
[transformers] Both `min_new_tokens` (=0) and `min_length`(=0) seem to have been set. `min_new_tokens` will take precedence. Please refer to the documentation for more information. (https://huggingface.co/docs/transformers/main/en/main_classes/text_generation)
{"arm": "sft", "max_token_completions": 0, "mean_action_tokens": 212.9, "task": 115, "task_id": "sigless_d1f52bab434e", "tasks": 175}
[transformers] Both `min_new_tokens` (=0) and `min_length`(=0) seem to have been set. `min_new_tokens` will take precedence. Please refer to the documentation for more information. (https://huggingface.co/docs/transformers/main/en/main_classes/text_generation)
{"arm": "sft", "max_token_completions": 0, "mean_action_tokens": 138.6, "task": 116, "task_id": "sigless_696808df1978", "tasks": 175}
[transformers] Both `min_new_tokens` (=0) and `min_length`(=0) seem to have been set. `min_new_tokens` will take precedence. Please refer to the documentation for more information. (https://huggingface.co/docs/transformers/main/en/main_classes/text_generation)
{"arm": "sft", "max_token_completions": 0, "mean_action_tokens": 159.9, "task": 117, "task_id": "sigless_840847bedc74", "tasks": 175}
[transformers] Both `min_new_tokens` (=0) and `min_length`(=0) seem to have been set. `min_new_tokens` will take precedence. Please refer to the documentation for more information. (https://huggingface.co/docs/transformers/main/en/main_classes/text_generation)
{"arm": "sft", "max_token_completions": 0, "mean_action_tokens": 130.7, "task": 118, "task_id": "sigless_eee05f5f93cc", "tasks": 175}
[transformers] Both `min_new_tokens` (=0) and `min_length`(=0) seem to have been set. `min_new_tokens` will take precedence. Please refer to the documentation for more information. (https://huggingface.co/docs/transformers/main/en/main_classes/text_generation)
{"arm": "sft", "max_token_completions": 0, "mean_action_tokens": 187.0, "task": 119, "task_id": "sigless_d61f01ff1856", "tasks": 175}
[transformers] Both `min_new_tokens` (=0) and `min_length`(=0) seem to have been set. `min_new_tokens` will take precedence. Please refer to the documentation for more information. (https://huggingface.co/docs/transformers/main/en/main_classes/text_generation)
{"arm": "sft", "max_token_completions": 0, "mean_action_tokens": 152.3, "task": 120, "task_id": "sigless_79a8dd260f8c", "tasks": 175}
[transformers] Both `min_new_tokens` (=0) and `min_length`(=0) seem to have been set. `min_new_tokens` will take precedence. Please refer to the documentation for more information. (https://huggingface.co/docs/transformers/main/en/main_classes/text_generation)
{"arm": "sft", "max_token_completions": 0, "mean_action_tokens": 151.6, "task": 121, "task_id": "sigless_5628428fcb9e", "tasks": 175}
[transformers] Both `min_new_tokens` (=0) and `min_length`(=0) seem to have been set. `min_new_tokens` will take precedence. Please refer to the documentation for more information. (https://huggingface.co/docs/transformers/main/en/main_classes/text_generation)
{"arm": "sft", "max_token_completions": 0, "mean_action_tokens": 578.0, "task": 122, "task_id": "sigless_459decc7079c", "tasks": 175}
[transformers] Both `min_new_tokens` (=0) and `min_length`(=0) seem to have been set. `min_new_tokens` will take precedence. Please refer to the documentation for more information. (https://huggingface.co/docs/transformers/main/en/main_classes/text_generation)
{"arm": "sft", "max_token_completions": 0, "mean_action_tokens": 181.7, "task": 123, "task_id": "sigless_897c175fe34d", "tasks": 175}
[transformers] Both `min_new_tokens` (=0) and `min_length`(=0) seem to have been set. `min_new_tokens` will take precedence. Please refer to the documentation for more information. (https://huggingface.co/docs/transformers/main/en/main_classes/text_generation)
{"arm": "sft", "max_token_completions": 1, "mean_action_tokens": 2643.6, "task": 124, "task_id": "sigless_f9772127b371", "tasks": 175}
[transformers] Both `min_new_tokens` (=0) and `min_length`(=0) seem to have been set. `min_new_tokens` will take precedence. Please refer to the documentation for more information. (https://huggingface.co/docs/transformers/main/en/main_classes/text_generation)
{"arm": "sft", "max_token_completions": 0, "mean_action_tokens": 2116.4, "task": 125, "task_id": "sigless_e087cd483fa1", "tasks": 175}
[transformers] Both `min_new_tokens` (=0) and `min_length`(=0) seem to have been set. `min_new_tokens` will take precedence. Please refer to the documentation for more information. (https://huggingface.co/docs/transformers/main/en/main_classes/text_generation)
{"arm": "sft", "max_token_completions": 1, "mean_action_tokens": 1411.7, "task": 126, "task_id": "sigless_c8721da111a6", "tasks": 175}
[transformers] Both `min_new_tokens` (=0) and `min_length`(=0) seem to have been set. `min_new_tokens` will take precedence. Please refer to the documentation for more information. (https://huggingface.co/docs/transformers/main/en/main_classes/text_generation)
{"arm": "sft", "max_token_completions": 0, "mean_action_tokens": 242.6, "task": 127, "task_id": "sigless_39b2bb878943", "tasks": 175}
[transformers] Both `min_new_tokens` (=0) and `min_length`(=0) seem to have been set. `min_new_tokens` will take precedence. Please refer to the documentation for more information. (https://huggingface.co/docs/transformers/main/en/main_classes/text_generation)
{"arm": "sft", "max_token_completions": 0, "mean_action_tokens": 225.5, "task": 128, "task_id": "sigless_fc85f3ba4f9a", "tasks": 175}
[transformers] Both `min_new_tokens` (=0) and `min_length`(=0) seem to have been set. `min_new_tokens` will take precedence. Please refer to the documentation for more information. (https://huggingface.co/docs/transformers/main/en/main_classes/text_generation)
{"arm": "sft", "max_token_completions": 0, "mean_action_tokens": 208.1, "task": 129, "task_id": "sigless_877a173b0a13", "tasks": 175}
[transformers] Both `min_new_tokens` (=0) and `min_length`(=0) seem to have been set. `min_new_tokens` will take precedence. Please refer to the documentation for more information. (https://huggingface.co/docs/transformers/main/en/main_classes/text_generation)
{"arm": "sft", "max_token_completions": 0, "mean_action_tokens": 274.4, "task": 130, "task_id": "sigless_f35b198c6f09", "tasks": 175}
[transformers] Both `min_new_tokens` (=0) and `min_length`(=0) seem to have been set. `min_new_tokens` will take precedence. Please refer to the documentation for more information. (https://huggingface.co/docs/transformers/main/en/main_classes/text_generation)
{"arm": "sft", "max_token_completions": 0, "mean_action_tokens": 136.1, "task": 131, "task_id": "sigless_f12cc1905252", "tasks": 175}
[transformers] Both `min_new_tokens` (=0) and `min_length`(=0) seem to have been set. `min_new_tokens` will take precedence. Please refer to the documentation for more information. (https://huggingface.co/docs/transformers/main/en/main_classes/text_generation)
{"arm": "sft", "max_token_completions": 0, "mean_action_tokens": 159.1, "task": 132, "task_id": "sigless_2d693beca98e", "tasks": 175}
[transformers] Both `min_new_tokens` (=0) and `min_length`(=0) seem to have been set. `min_new_tokens` will take precedence. Please refer to the documentation for more information. (https://huggingface.co/docs/transformers/main/en/main_classes/text_generation)
{"arm": "sft", "max_token_completions": 0, "mean_action_tokens": 159.3, "task": 133, "task_id": "sigless_ca1164247b57", "tasks": 175}
[transformers] Both `min_new_tokens` (=0) and `min_length`(=0) seem to have been set. `min_new_tokens` will take precedence. Please refer to the documentation for more information. (https://huggingface.co/docs/transformers/main/en/main_classes/text_generation)
{"arm": "sft", "max_token_completions": 0, "mean_action_tokens": 129.7, "task": 134, "task_id": "sigless_1c2de2da855e", "tasks": 175}
[transformers] Both `min_new_tokens` (=0) and `min_length`(=0) seem to have been set. `min_new_tokens` will take precedence. Please refer to the documentation for more information. (https://huggingface.co/docs/transformers/main/en/main_classes/text_generation)
{"arm": "sft", "max_token_completions": 0, "mean_action_tokens": 264.2, "task": 135, "task_id": "sigless_fde9338419bb", "tasks": 175}
[transformers] Both `min_new_tokens` (=0) and `min_length`(=0) seem to have been set. `min_new_tokens` will take precedence. Please refer to the documentation for more information. (https://huggingface.co/docs/transformers/main/en/main_classes/text_generation)
{"arm": "sft", "max_token_completions": 0, "mean_action_tokens": 764.0, "task": 136, "task_id": "sigless_caabd71fcc51", "tasks": 175}
[transformers] Both `min_new_tokens` (=0) and `min_length`(=0) seem to have been set. `min_new_tokens` will take precedence. Please refer to the documentation for more information. (https://huggingface.co/docs/transformers/main/en/main_classes/text_generation)
{"arm": "sft", "max_token_completions": 0, "mean_action_tokens": 233.1, "task": 137, "task_id": "sigless_f5884d232b82", "tasks": 175}
[transformers] Both `min_new_tokens` (=0) and `min_length`(=0) seem to have been set. `min_new_tokens` will take precedence. Please refer to the documentation for more information. (https://huggingface.co/docs/transformers/main/en/main_classes/text_generation)
{"arm": "sft", "max_token_completions": 0, "mean_action_tokens": 270.4, "task": 138, "task_id": "sigless_f00a8eba1899", "tasks": 175}
[transformers] Both `min_new_tokens` (=0) and `min_length`(=0) seem to have been set. `min_new_tokens` will take precedence. Please refer to the documentation for more information. (https://huggingface.co/docs/transformers/main/en/main_classes/text_generation)
{"arm": "sft", "max_token_completions": 0, "mean_action_tokens": 186.4, "task": 139, "task_id": "sigless_00029a7e6212", "tasks": 175}
[transformers] Both `min_new_tokens` (=0) and `min_length`(=0) seem to have been set. `min_new_tokens` will take precedence. Please refer to the documentation for more information. (https://huggingface.co/docs/transformers/main/en/main_classes/text_generation)
{"arm": "sft", "max_token_completions": 0, "mean_action_tokens": 379.6, "task": 140, "task_id": "sigless_92c2979883a9", "tasks": 175}
[transformers] Both `min_new_tokens` (=0) and `min_length`(=0) seem to have been set. `min_new_tokens` will take precedence. Please refer to the documentation for more information. (https://huggingface.co/docs/transformers/main/en/main_classes/text_generation)
{"arm": "sft", "max_token_completions": 0, "mean_action_tokens": 338.4, "task": 141, "task_id": "sigless_294c09c37fca", "tasks": 175}
[transformers] Both `min_new_tokens` (=0) and `min_length`(=0) seem to have been set. `min_new_tokens` will take precedence. Please refer to the documentation for more information. (https://huggingface.co/docs/transformers/main/en/main_classes/text_generation)
{"arm": "sft", "max_token_completions": 0, "mean_action_tokens": 802.0, "task": 142, "task_id": "sigless_15d4ae2f8443", "tasks": 175}
[transformers] Both `min_new_tokens` (=0) and `min_length`(=0) seem to have been set. `min_new_tokens` will take precedence. Please refer to the documentation for more information. (https://huggingface.co/docs/transformers/main/en/main_classes/text_generation)
{"arm": "sft", "max_token_completions": 0, "mean_action_tokens": 177.5, "task": 143, "task_id": "sigless_fcd2fb050bf6", "tasks": 175}
[transformers] Both `min_new_tokens` (=0) and `min_length`(=0) seem to have been set. `min_new_tokens` will take precedence. Please refer to the documentation for more information. (https://huggingface.co/docs/transformers/main/en/main_classes/text_generation)
{"arm": "sft", "max_token_completions": 0, "mean_action_tokens": 143.9, "task": 144, "task_id": "sigless_4b8ae6c364f9", "tasks": 175}
[transformers] Both `min_new_tokens` (=0) and `min_length`(=0) seem to have been set. `min_new_tokens` will take precedence. Please refer to the documentation for more information. (https://huggingface.co/docs/transformers/main/en/main_classes/text_generation)
{"arm": "sft", "max_token_completions": 0, "mean_action_tokens": 116.1, "task": 145, "task_id": "sigless_5af03fd8ef7b", "tasks": 175}
[transformers] Both `min_new_tokens` (=0) and `min_length`(=0) seem to have been set. `min_new_tokens` will take precedence. Please refer to the documentation for more information. (https://huggingface.co/docs/transformers/main/en/main_classes/text_generation)
{"arm": "sft", "max_token_completions": 0, "mean_action_tokens": 182.0, "task": 146, "task_id": "sigless_d34ebc7ed34a", "tasks": 175}
[transformers] Both `min_new_tokens` (=0) and `min_length`(=0) seem to have been set. `min_new_tokens` will take precedence. Please refer to the documentation for more information. (https://huggingface.co/docs/transformers/main/en/main_classes/text_generation)
{"arm": "sft", "max_token_completions": 0, "mean_action_tokens": 174.6, "task": 147, "task_id": "sigless_808d6c1c9b6a", "tasks": 175}
[transformers] Both `min_new_tokens` (=0) and `min_length`(=0) seem to have been set. `min_new_tokens` will take precedence. Please refer to the documentation for more information. (https://huggingface.co/docs/transformers/main/en/main_classes/text_generation)
{"arm": "sft", "max_token_completions": 0, "mean_action_tokens": 864.6, "task": 148, "task_id": "sigless_26315cbfcfbf", "tasks": 175}
[transformers] Both `min_new_tokens` (=0) and `min_length`(=0) seem to have been set. `min_new_tokens` will take precedence. Please refer to the documentation for more information. (https://huggingface.co/docs/transformers/main/en/main_classes/text_generation)
{"arm": "sft", "max_token_completions": 0, "mean_action_tokens": 480.4, "task": 149, "task_id": "sigless_f70dce70d2e6", "tasks": 175}
[transformers] Both `min_new_tokens` (=0) and `min_length`(=0) seem to have been set. `min_new_tokens` will take precedence. Please refer to the documentation for more information. (https://huggingface.co/docs/transformers/main/en/main_classes/text_generation)
{"arm": "sft", "max_token_completions": 0, "mean_action_tokens": 204.7, "task": 150, "task_id": "sigless_192fbb20f4b6", "tasks": 175}
[transformers] Both `min_new_tokens` (=0) and `min_length`(=0) seem to have been set. `min_new_tokens` will take precedence. Please refer to the documentation for more information. (https://huggingface.co/docs/transformers/main/en/main_classes/text_generation)
{"arm": "sft", "max_token_completions": 0, "mean_action_tokens": 167.6, "task": 151, "task_id": "sigless_c6fed62b2c1d", "tasks": 175}
[transformers] Both `min_new_tokens` (=0) and `min_length`(=0) seem to have been set. `min_new_tokens` will take precedence. Please refer to the documentation for more information. (https://huggingface.co/docs/transformers/main/en/main_classes/text_generation)
{"arm": "sft", "max_token_completions": 0, "mean_action_tokens": 406.6, "task": 152, "task_id": "sigless_07dd80fcc8e7", "tasks": 175}
[transformers] Both `min_new_tokens` (=0) and `min_length`(=0) seem to have been set. `min_new_tokens` will take precedence. Please refer to the documentation for more information. (https://huggingface.co/docs/transformers/main/en/main_classes/text_generation)
{"arm": "sft", "max_token_completions": 0, "mean_action_tokens": 161.7, "task": 153, "task_id": "sigless_6dbf14b60080", "tasks": 175}
[transformers] Both `min_new_tokens` (=0) and `min_length`(=0) seem to have been set. `min_new_tokens` will take precedence. Please refer to the documentation for more information. (https://huggingface.co/docs/transformers/main/en/main_classes/text_generation)
{"arm": "sft", "max_token_completions": 0, "mean_action_tokens": 291.6, "task": 154, "task_id": "sigless_c4f8a1d2a501", "tasks": 175}
[transformers] Both `min_new_tokens` (=0) and `min_length`(=0) seem to have been set. `min_new_tokens` will take precedence. Please refer to the documentation for more information. (https://huggingface.co/docs/transformers/main/en/main_classes/text_generation)
{"arm": "sft", "max_token_completions": 0, "mean_action_tokens": 122.2, "task": 155, "task_id": "sigless_b6b6f07b0ff9", "tasks": 175}
[transformers] Both `min_new_tokens` (=0) and `min_length`(=0) seem to have been set. `min_new_tokens` will take precedence. Please refer to the documentation for more information. (https://huggingface.co/docs/transformers/main/en/main_classes/text_generation)
{"arm": "sft", "max_token_completions": 0, "mean_action_tokens": 288.8, "task": 156, "task_id": "sigless_94c9c9421304", "tasks": 175}
[transformers] Both `min_new_tokens` (=0) and `min_length`(=0) seem to have been set. `min_new_tokens` will take precedence. Please refer to the documentation for more information. (https://huggingface.co/docs/transformers/main/en/main_classes/text_generation)
{"arm": "sft", "max_token_completions": 0, "mean_action_tokens": 279.7, "task": 157, "task_id": "sigless_6d83ced1ddc9", "tasks": 175}
[transformers] Both `min_new_tokens` (=0) and `min_length`(=0) seem to have been set. `min_new_tokens` will take precedence. Please refer to the documentation for more information. (https://huggingface.co/docs/transformers/main/en/main_classes/text_generation)
{"arm": "sft", "max_token_completions": 0, "mean_action_tokens": 189.4, "task": 158, "task_id": "sigless_37e2ca3dea18", "tasks": 175}
[transformers] Both `min_new_tokens` (=0) and `min_length`(=0) seem to have been set. `min_new_tokens` will take precedence. Please refer to the documentation for more information. (https://huggingface.co/docs/transformers/main/en/main_classes/text_generation)
{"arm": "sft", "max_token_completions": 0, "mean_action_tokens": 155.8, "task": 159, "task_id": "sigless_27d7320a3bdf", "tasks": 175}
[transformers] Both `min_new_tokens` (=0) and `min_length`(=0) seem to have been set. `min_new_tokens` will take precedence. Please refer to the documentation for more information. (https://huggingface.co/docs/transformers/main/en/main_classes/text_generation)
{"arm": "sft", "max_token_completions": 1, "mean_action_tokens": 690.5, "task": 160, "task_id": "sigless_88aae2bb0dda", "tasks": 175}
[transformers] Both `min_new_tokens` (=0) and `min_length`(=0) seem to have been set. `min_new_tokens` will take precedence. Please refer to the documentation for more information. (https://huggingface.co/docs/transformers/main/en/main_classes/text_generation)
{"arm": "sft", "max_token_completions": 0, "mean_action_tokens": 178.4, "task": 161, "task_id": "sigless_809d366ff6f0", "tasks": 175}
[transformers] Both `min_new_tokens` (=0) and `min_length`(=0) seem to have been set. `min_new_tokens` will take precedence. Please refer to the documentation for more information. (https://huggingface.co/docs/transformers/main/en/main_classes/text_generation)
{"arm": "sft", "max_token_completions": 0, "mean_action_tokens": 160.8, "task": 162, "task_id": "sigless_7412fc8a275b", "tasks": 175}
[transformers] Both `min_new_tokens` (=0) and `min_length`(=0) seem to have been set. `min_new_tokens` will take precedence. Please refer to the documentation for more information. (https://huggingface.co/docs/transformers/main/en/main_classes/text_generation)
{"arm": "sft", "max_token_completions": 0, "mean_action_tokens": 215.0, "task": 163, "task_id": "sigless_dd676587e3c2", "tasks": 175}
[transformers] Both `min_new_tokens` (=0) and `min_length`(=0) seem to have been set. `min_new_tokens` will take precedence. Please refer to the documentation for more information. (https://huggingface.co/docs/transformers/main/en/main_classes/text_generation)
{"arm": "sft", "max_token_completions": 0, "mean_action_tokens": 537.7, "task": 164, "task_id": "sigless_4cb006480238", "tasks": 175}
[transformers] Both `min_new_tokens` (=0) and `min_length`(=0) seem to have been set. `min_new_tokens` will take precedence. Please refer to the documentation for more information. (https://huggingface.co/docs/transformers/main/en/main_classes/text_generation)
{"arm": "sft", "max_token_completions": 0, "mean_action_tokens": 297.7, "task": 165, "task_id": "sigless_adc978f7e65b", "tasks": 175}
[transformers] Both `min_new_tokens` (=0) and `min_length`(=0) seem to have been set. `min_new_tokens` will take precedence. Please refer to the documentation for more information. (https://huggingface.co/docs/transformers/main/en/main_classes/text_generation)
{"arm": "sft", "max_token_completions": 0, "mean_action_tokens": 272.2, "task": 166, "task_id": "sigless_7e997d06e5bd", "tasks": 175}
[transformers] Both `min_new_tokens` (=0) and `min_length`(=0) seem to have been set. `min_new_tokens` will take precedence. Please refer to the documentation for more information. (https://huggingface.co/docs/transformers/main/en/main_classes/text_generation)
{"arm": "sft", "max_token_completions": 0, "mean_action_tokens": 264.3, "task": 167, "task_id": "sigless_edd7ed243c48", "tasks": 175}
[transformers] Both `min_new_tokens` (=0) and `min_length`(=0) seem to have been set. `min_new_tokens` will take precedence. Please refer to the documentation for more information. (https://huggingface.co/docs/transformers/main/en/main_classes/text_generation)
{"arm": "sft", "max_token_completions": 0, "mean_action_tokens": 186.2, "task": 168, "task_id": "sigless_b721d6a533f8", "tasks": 175}
[transformers] Both `min_new_tokens` (=0) and `min_length`(=0) seem to have been set. `min_new_tokens` will take precedence. Please refer to the documentation for more information. (https://huggingface.co/docs/transformers/main/en/main_classes/text_generation)
{"arm": "sft", "max_token_completions": 0, "mean_action_tokens": 240.3, "task": 169, "task_id": "sigless_bcb6f4de3081", "tasks": 175}
[transformers] Both `min_new_tokens` (=0) and `min_length`(=0) seem to have been set. `min_new_tokens` will take precedence. Please refer to the documentation for more information. (https://huggingface.co/docs/transformers/main/en/main_classes/text_generation)
{"arm": "sft", "max_token_completions": 0, "mean_action_tokens": 182.5, "task": 170, "task_id": "sigless_fe5faa93760d", "tasks": 175}
[transformers] Both `min_new_tokens` (=0) and `min_length`(=0) seem to have been set. `min_new_tokens` will take precedence. Please refer to the documentation for more information. (https://huggingface.co/docs/transformers/main/en/main_classes/text_generation)
{"arm": "sft", "max_token_completions": 0, "mean_action_tokens": 167.9, "task": 171, "task_id": "sigless_d59fd5c25caf", "tasks": 175}
[transformers] Both `min_new_tokens` (=0) and `min_length`(=0) seem to have been set. `min_new_tokens` will take precedence. Please refer to the documentation for more information. (https://huggingface.co/docs/transformers/main/en/main_classes/text_generation)
{"arm": "sft", "max_token_completions": 0, "mean_action_tokens": 310.7, "task": 172, "task_id": "sigless_bf3de39765c8", "tasks": 175}
[transformers] Both `min_new_tokens` (=0) and `min_length`(=0) seem to have been set. `min_new_tokens` will take precedence. Please refer to the documentation for more information. (https://huggingface.co/docs/transformers/main/en/main_classes/text_generation)
{"arm": "sft", "max_token_completions": 0, "mean_action_tokens": 220.6, "task": 173, "task_id": "sigless_b885d1ba1001", "tasks": 175}
[transformers] Both `min_new_tokens` (=0) and `min_length`(=0) seem to have been set. `min_new_tokens` will take precedence. Please refer to the documentation for more information. (https://huggingface.co/docs/transformers/main/en/main_classes/text_generation)
{"arm": "sft", "max_token_completions": 0, "mean_action_tokens": 168.6, "task": 174, "task_id": "sigless_3af6f6ae5576", "tasks": 175}
[transformers] Both `min_new_tokens` (=0) and `min_length`(=0) seem to have been set. `min_new_tokens` will take precedence. Please refer to the documentation for more information. (https://huggingface.co/docs/transformers/main/en/main_classes/text_generation)
{"arm": "sft", "max_token_completions": 0, "mean_action_tokens": 211.5, "task": 175, "task_id": "sigless_54c0d3ca981f", "tasks": 175}
{"arm": "sft", "max_token_completions": 7, "output": "/workspace/artifacts/t5gemma2_f2_measurement_audit_v1/baseline_seed45_k10_predictions.json", "output_sha256": "104a6776f8296b4e354ac656823376faf8d9d7ff1eecdf1db031b7c0dcc5df3e", "rows": 175, "samples": 1750}
PASSK_RESULT tasks=175 pass@1=1/175=0.0057 pass@10=5/175=0.0286 compile@10=126/175=0.7200
MEASUREMENT_AUDIT_RESEED_COMPLETE seed=45 score=/workspace/artifacts/t5gemma2_f2_measurement_audit_v1/baseline_seed45_k10_score.json
Loading weights:   0%|          | 0/1327 [00:00<?, ?it/s]Loading weights:  63%|██████▎   | 834/1327 [00:00<00:00, 8337.23it/s]Loading weights: 100%|██████████| 1327/1327 [00:00<00:00, 8213.20it/s]
[transformers] Both `min_new_tokens` (=0) and `min_length`(=0) seem to have been set. `min_new_tokens` will take precedence. Please refer to the documentation for more information. (https://huggingface.co/docs/transformers/main/en/main_classes/text_generation)
{"arm": "sft", "max_token_completions": 0, "mean_action_tokens": 502.8, "task": 1, "task_id": "sigless_6f74b303025c", "tasks": 175}
[transformers] Both `min_new_tokens` (=0) and `min_length`(=0) seem to have been set. `min_new_tokens` will take precedence. Please refer to the documentation for more information. (https://huggingface.co/docs/transformers/main/en/main_classes/text_generation)
{"arm": "sft", "max_token_completions": 0, "mean_action_tokens": 283.7, "task": 2, "task_id": "sigless_1eae8c49db66", "tasks": 175}
[transformers] Both `min_new_tokens` (=0) and `min_length`(=0) seem to have been set. `min_new_tokens` will take precedence. Please refer to the documentation for more information. (https://huggingface.co/docs/transformers/main/en/main_classes/text_generation)
{"arm": "sft", "max_token_completions": 0, "mean_action_tokens": 217.0, "task": 3, "task_id": "sigless_8230c078962e", "tasks": 175}
[transformers] Both `min_new_tokens` (=0) and `min_length`(=0) seem to have been set. `min_new_tokens` will take precedence. Please refer to the documentation for more information. (https://huggingface.co/docs/transformers/main/en/main_classes/text_generation)
{"arm": "sft", "max_token_completions": 0, "mean_action_tokens": 414.5, "task": 4, "task_id": "sigless_ef71ae50a5fb", "tasks": 175}
[transformers] Both `min_new_tokens` (=0) and `min_length`(=0) seem to have been set. `min_new_tokens` will take precedence. Please refer to the documentation for more information. (https://huggingface.co/docs/transformers/main/en/main_classes/text_generation)
{"arm": "sft", "max_token_completions": 0, "mean_action_tokens": 134.8, "task": 5, "task_id": "sigless_0c28ea18fc09", "tasks": 175}
[transformers] Both `min_new_tokens` (=0) and `min_length`(=0) seem to have been set. `min_new_tokens` will take precedence. Please refer to the documentation for more information. (https://huggingface.co/docs/transformers/main/en/main_classes/text_generation)
{"arm": "sft", "max_token_completions": 0, "mean_action_tokens": 158.6, "task": 6, "task_id": "sigless_9dcc77211b03", "tasks": 175}
[transformers] Both `min_new_tokens` (=0) and `min_length`(=0) seem to have been set. `min_new_tokens` will take precedence. Please refer to the documentation for more information. (https://huggingface.co/docs/transformers/main/en/main_classes/text_generation)
{"arm": "sft", "max_token_completions": 0, "mean_action_tokens": 174.6, "task": 7, "task_id": "sigless_e3b7af399229", "tasks": 175}
[transformers] Both `min_new_tokens` (=0) and `min_length`(=0) seem to have been set. `min_new_tokens` will take precedence. Please refer to the documentation for more information. (https://huggingface.co/docs/transformers/main/en/main_classes/text_generation)
{"arm": "sft", "max_token_completions": 0, "mean_action_tokens": 238.6, "task": 8, "task_id": "sigless_f2b582d1df68", "tasks": 175}
[transformers] Both `min_new_tokens` (=0) and `min_length`(=0) seem to have been set. `min_new_tokens` will take precedence. Please refer to the documentation for more information. (https://huggingface.co/docs/transformers/main/en/main_classes/text_generation)
{"arm": "sft", "max_token_completions": 0, "mean_action_tokens": 236.3, "task": 9, "task_id": "sigless_af8ea815d9ac", "tasks": 175}
[transformers] Both `min_new_tokens` (=0) and `min_length`(=0) seem to have been set. `min_new_tokens` will take precedence. Please refer to the documentation for more information. (https://huggingface.co/docs/transformers/main/en/main_classes/text_generation)
{"arm": "sft", "max_token_completions": 0, "mean_action_tokens": 296.9, "task": 10, "task_id": "sigless_ed4d7dcd5f20", "tasks": 175}
[transformers] Both `min_new_tokens` (=0) and `min_length`(=0) seem to have been set. `min_new_tokens` will take precedence. Please refer to the documentation for more information. (https://huggingface.co/docs/transformers/main/en/main_classes/text_generation)
{"arm": "sft", "max_token_completions": 0, "mean_action_tokens": 251.4, "task": 11, "task_id": "sigless_ac1a3f90780a", "tasks": 175}
[transformers] Both `min_new_tokens` (=0) and `min_length`(=0) seem to have been set. `min_new_tokens` will take precedence. Please refer to the documentation for more information. (https://huggingface.co/docs/transformers/main/en/main_classes/text_generation)
{"arm": "sft", "max_token_completions": 0, "mean_action_tokens": 146.7, "task": 12, "task_id": "sigless_2607923a35c2", "tasks": 175}
[transformers] Both `min_new_tokens` (=0) and `min_length`(=0) seem to have been set. `min_new_tokens` will take precedence. Please refer to the documentation for more information. (https://huggingface.co/docs/transformers/main/en/main_classes/text_generation)
{"arm": "sft", "max_token_completions": 1, "mean_action_tokens": 1390.5, "task": 13, "task_id": "sigless_9acafa491865", "tasks": 175}
[transformers] Both `min_new_tokens` (=0) and `min_length`(=0) seem to have been set. `min_new_tokens` will take precedence. Please refer to the documentation for more information. (https://huggingface.co/docs/transformers/main/en/main_classes/text_generation)
{"arm": "sft", "max_token_completions": 0, "mean_action_tokens": 115.6, "task": 14, "task_id": "sigless_08a97c3f3f6b", "tasks": 175}
[transformers] Both `min_new_tokens` (=0) and `min_length`(=0) seem to have been set. `min_new_tokens` will take precedence. Please refer to the documentation for more information. (https://huggingface.co/docs/transformers/main/en/main_classes/text_generation)
{"arm": "sft", "max_token_completions": 0, "mean_action_tokens": 140.0, "task": 15, "task_id": "sigless_561333b633a8", "tasks": 175}
[transformers] Both `min_new_tokens` (=0) and `min_length`(=0) seem to have been set. `min_new_tokens` will take precedence. Please refer to the documentation for more information. (https://huggingface.co/docs/transformers/main/en/main_classes/text_generation)
{"arm": "sft", "max_token_completions": 0, "mean_action_tokens": 125.6, "task": 16, "task_id": "sigless_43bc373e09d3", "tasks": 175}
[transformers] Both `min_new_tokens` (=0) and `min_length`(=0) seem to have been set. `min_new_tokens` will take precedence. Please refer to the documentation for more information. (https://huggingface.co/docs/transformers/main/en/main_classes/text_generation)
{"arm": "sft", "max_token_completions": 0, "mean_action_tokens": 461.1, "task": 17, "task_id": "sigless_7968d9b30560", "tasks": 175}
[transformers] Both `min_new_tokens` (=0) and `min_length`(=0) seem to have been set. `min_new_tokens` will take precedence. Please refer to the documentation for more information. (https://huggingface.co/docs/transformers/main/en/main_classes/text_generation)
{"arm": "sft", "max_token_completions": 0, "mean_action_tokens": 199.8, "task": 18, "task_id": "sigless_682c5301dfb2", "tasks": 175}
[transformers] Both `min_new_tokens` (=0) and `min_length`(=0) seem to have been set. `min_new_tokens` will take precedence. Please refer to the documentation for more information. (https://huggingface.co/docs/transformers/main/en/main_classes/text_generation)
{"arm": "sft", "max_token_completions": 0, "mean_action_tokens": 482.9, "task": 19, "task_id": "sigless_37c22f197b0e", "tasks": 175}
[transformers] Both `min_new_tokens` (=0) and `min_length`(=0) seem to have been set. `min_new_tokens` will take precedence. Please refer to the documentation for more information. (https://huggingface.co/docs/transformers/main/en/main_classes/text_generation)
{"arm": "sft", "max_token_completions": 0, "mean_action_tokens": 457.9, "task": 20, "task_id": "sigless_34e9dc99606e", "tasks": 175}
[transformers] Both `min_new_tokens` (=0) and `min_length`(=0) seem to have been set. `min_new_tokens` will take precedence. Please refer to the documentation for more information. (https://huggingface.co/docs/transformers/main/en/main_classes/text_generation)
{"arm": "sft", "max_token_completions": 0, "mean_action_tokens": 780.9, "task": 21, "task_id": "sigless_6ad70e03dabe", "tasks": 175}
[transformers] Both `min_new_tokens` (=0) and `min_length`(=0) seem to have been set. `min_new_tokens` will take precedence. Please refer to the documentation for more information. (https://huggingface.co/docs/transformers/main/en/main_classes/text_generation)
{"arm": "sft", "max_token_completions": 0, "mean_action_tokens": 230.4, "task": 22, "task_id": "sigless_217ef71865c3", "tasks": 175}
[transformers] Both `min_new_tokens` (=0) and `min_length`(=0) seem to have been set. `min_new_tokens` will take precedence. Please refer to the documentation for more information. (https://huggingface.co/docs/transformers/main/en/main_classes/text_generation)
{"arm": "sft", "max_token_completions": 0, "mean_action_tokens": 461.0, "task": 23, "task_id": "sigless_295a1f5c7259", "tasks": 175}
[transformers] Both `min_new_tokens` (=0) and `min_length`(=0) seem to have been set. `min_new_tokens` will take precedence. Please refer to the documentation for more information. (https://huggingface.co/docs/transformers/main/en/main_classes/text_generation)
{"arm": "sft", "max_token_completions": 0, "mean_action_tokens": 179.2, "task": 24, "task_id": "sigless_3b143aa33af0", "tasks": 175}
[transformers] Both `min_new_tokens` (=0) and `min_length`(=0) seem to have been set. `min_new_tokens` will take precedence. Please refer to the documentation for more information. (https://huggingface.co/docs/transformers/main/en/main_classes/text_generation)
{"arm": "sft", "max_token_completions": 0, "mean_action_tokens": 191.5, "task": 25, "task_id": "sigless_6e4974ba05d6", "tasks": 175}
[transformers] Both `min_new_tokens` (=0) and `min_length`(=0) seem to have been set. `min_new_tokens` will take precedence. Please refer to the documentation for more information. (https://huggingface.co/docs/transformers/main/en/main_classes/text_generation)
{"arm": "sft", "max_token_completions": 0, "mean_action_tokens": 169.3, "task": 26, "task_id": "sigless_40ffe3504975", "tasks": 175}
[transformers] Both `min_new_tokens` (=0) and `min_length`(=0) seem to have been set. `min_new_tokens` will take precedence. Please refer to the documentation for more information. (https://huggingface.co/docs/transformers/main/en/main_classes/text_generation)
{"arm": "sft", "max_token_completions": 0, "mean_action_tokens": 344.5, "task": 27, "task_id": "sigless_5c47cc5132ae", "tasks": 175}
[transformers] Both `min_new_tokens` (=0) and `min_length`(=0) seem to have been set. `min_new_tokens` will take precedence. Please refer to the documentation for more information. (https://huggingface.co/docs/transformers/main/en/main_classes/text_generation)
{"arm": "sft", "max_token_completions": 0, "mean_action_tokens": 158.3, "task": 28, "task_id": "sigless_0dc17d9531b9", "tasks": 175}
[transformers] Both `min_new_tokens` (=0) and `min_length`(=0) seem to have been set. `min_new_tokens` will take precedence. Please refer to the documentation for more information. (https://huggingface.co/docs/transformers/main/en/main_classes/text_generation)
{"arm": "sft", "max_token_completions": 0, "mean_action_tokens": 228.7, "task": 29, "task_id": "sigless_e989552bfd91", "tasks": 175}
[transformers] Both `min_new_tokens` (=0) and `min_length`(=0) seem to have been set. `min_new_tokens` will take precedence. Please refer to the documentation for more information. (https://huggingface.co/docs/transformers/main/en/main_classes/text_generation)
{"arm": "sft", "max_token_completions": 0, "mean_action_tokens": 233.2, "task": 30, "task_id": "sigless_588a3df34892", "tasks": 175}
[transformers] Both `min_new_tokens` (=0) and `min_length`(=0) seem to have been set. `min_new_tokens` will take precedence. Please refer to the documentation for more information. (https://huggingface.co/docs/transformers/main/en/main_classes/text_generation)
{"arm": "sft", "max_token_completions": 0, "mean_action_tokens": 339.4, "task": 31, "task_id": "sigless_7f5464d20af0", "tasks": 175}
[transformers] Both `min_new_tokens` (=0) and `min_length`(=0) seem to have been set. `min_new_tokens` will take precedence. Please refer to the documentation for more information. (https://huggingface.co/docs/transformers/main/en/main_classes/text_generation)
{"arm": "sft", "max_token_completions": 0, "mean_action_tokens": 239.2, "task": 32, "task_id": "sigless_c06bd1b6353c", "tasks": 175}
[transformers] Both `min_new_tokens` (=0) and `min_length`(=0) seem to have been set. `min_new_tokens` will take precedence. Please refer to the documentation for more information. (https://huggingface.co/docs/transformers/main/en/main_classes/text_generation)
{"arm": "sft", "max_token_completions": 0, "mean_action_tokens": 130.6, "task": 33, "task_id": "sigless_7ce0645c7c59", "tasks": 175}
[transformers] Both `min_new_tokens` (=0) and `min_length`(=0) seem to have been set. `min_new_tokens` will take precedence. Please refer to the documentation for more information. (https://huggingface.co/docs/transformers/main/en/main_classes/text_generation)
{"arm": "sft", "max_token_completions": 0, "mean_action_tokens": 156.0, "task": 34, "task_id": "sigless_842d8bd3822e", "tasks": 175}
[transformers] Both `min_new_tokens` (=0) and `min_length`(=0) seem to have been set. `min_new_tokens` will take precedence. Please refer to the documentation for more information. (https://huggingface.co/docs/transformers/main/en/main_classes/text_generation)
{"arm": "sft", "max_token_completions": 0, "mean_action_tokens": 196.8, "task": 35, "task_id": "sigless_f19a1cde385c", "tasks": 175}
[transformers] Both `min_new_tokens` (=0) and `min_length`(=0) seem to have been set. `min_new_tokens` will take precedence. Please refer to the documentation for more information. (https://huggingface.co/docs/transformers/main/en/main_classes/text_generation)
{"arm": "sft", "max_token_completions": 0, "mean_action_tokens": 140.1, "task": 36, "task_id": "sigless_66f0c3982031", "tasks": 175}
[transformers] Both `min_new_tokens` (=0) and `min_length`(=0) seem to have been set. `min_new_tokens` will take precedence. Please refer to the documentation for more information. (https://huggingface.co/docs/transformers/main/en/main_classes/text_generation)
{"arm": "sft", "max_token_completions": 0, "mean_action_tokens": 264.8, "task": 37, "task_id": "sigless_6ca6f0196a67", "tasks": 175}
[transformers] Both `min_new_tokens` (=0) and `min_length`(=0) seem to have been set. `min_new_tokens` will take precedence. Please refer to the documentation for more information. (https://huggingface.co/docs/transformers/main/en/main_classes/text_generation)
{"arm": "sft", "max_token_completions": 0, "mean_action_tokens": 217.0, "task": 38, "task_id": "sigless_8cc4767c9e31", "tasks": 175}
[transformers] Both `min_new_tokens` (=0) and `min_length`(=0) seem to have been set. `min_new_tokens` will take precedence. Please refer to the documentation for more information. (https://huggingface.co/docs/transformers/main/en/main_classes/text_generation)
{"arm": "sft", "max_token_completions": 0, "mean_action_tokens": 476.1, "task": 39, "task_id": "sigless_689fa1a18517", "tasks": 175}
[transformers] Both `min_new_tokens` (=0) and `min_length`(=0) seem to have been set. `min_new_tokens` will take precedence. Please refer to the documentation for more information. (https://huggingface.co/docs/transformers/main/en/main_classes/text_generation)
{"arm": "sft", "max_token_completions": 0, "mean_action_tokens": 434.2, "task": 40, "task_id": "sigless_a6a008b7b43f", "tasks": 175}
[transformers] Both `min_new_tokens` (=0) and `min_length`(=0) seem to have been set. `min_new_tokens` will take precedence. Please refer to the documentation for more information. (https://huggingface.co/docs/transformers/main/en/main_classes/text_generation)
{"arm": "sft", "max_token_completions": 0, "mean_action_tokens": 201.8, "task": 41, "task_id": "sigless_b03bf3bb9c5b", "tasks": 175}
[transformers] Both `min_new_tokens` (=0) and `min_length`(=0) seem to have been set. `min_new_tokens` will take precedence. Please refer to the documentation for more information. (https://huggingface.co/docs/transformers/main/en/main_classes/text_generation)
{"arm": "sft", "max_token_completions": 0, "mean_action_tokens": 208.7, "task": 42, "task_id": "sigless_c5fe1b2b12ae", "tasks": 175}
[transformers] Both `min_new_tokens` (=0) and `min_length`(=0) seem to have been set. `min_new_tokens` will take precedence. Please refer to the documentation for more information. (https://huggingface.co/docs/transformers/main/en/main_classes/text_generation)
{"arm": "sft", "max_token_completions": 0, "mean_action_tokens": 123.2, "task": 43, "task_id": "sigless_8d0cf57a5b8f", "tasks": 175}
[transformers] Both `min_new_tokens` (=0) and `min_length`(=0) seem to have been set. `min_new_tokens` will take precedence. Please refer to the documentation for more information. (https://huggingface.co/docs/transformers/main/en/main_classes/text_generation)
{"arm": "sft", "max_token_completions": 0, "mean_action_tokens": 266.8, "task": 44, "task_id": "sigless_7e986e1787e9", "tasks": 175}
[transformers] Both `min_new_tokens` (=0) and `min_length`(=0) seem to have been set. `min_new_tokens` will take precedence. Please refer to the documentation for more information. (https://huggingface.co/docs/transformers/main/en/main_classes/text_generation)
{"arm": "sft", "max_token_completions": 0, "mean_action_tokens": 1346.8, "task": 45, "task_id": "sigless_172bb23be947", "tasks": 175}
[transformers] Both `min_new_tokens` (=0) and `min_length`(=0) seem to have been set. `min_new_tokens` will take precedence. Please refer to the documentation for more information. (https://huggingface.co/docs/transformers/main/en/main_classes/text_generation)
{"arm": "sft", "max_token_completions": 0, "mean_action_tokens": 179.3, "task": 46, "task_id": "sigless_5f0732a851d6", "tasks": 175}
[transformers] Both `min_new_tokens` (=0) and `min_length`(=0) seem to have been set. `min_new_tokens` will take precedence. Please refer to the documentation for more information. (https://huggingface.co/docs/transformers/main/en/main_classes/text_generation)
{"arm": "sft", "max_token_completions": 0, "mean_action_tokens": 659.7, "task": 47, "task_id": "sigless_761f28484d46", "tasks": 175}
[transformers] Both `min_new_tokens` (=0) and `min_length`(=0) seem to have been set. `min_new_tokens` will take precedence. Please refer to the documentation for more information. (https://huggingface.co/docs/transformers/main/en/main_classes/text_generation)
{"arm": "sft", "max_token_completions": 0, "mean_action_tokens": 109.7, "task": 48, "task_id": "sigless_1f311da5c92c", "tasks": 175}
[transformers] Both `min_new_tokens` (=0) and `min_length`(=0) seem to have been set. `min_new_tokens` will take precedence. Please refer to the documentation for more information. (https://huggingface.co/docs/transformers/main/en/main_classes/text_generation)
{"arm": "sft", "max_token_completions": 0, "mean_action_tokens": 543.4, "task": 49, "task_id": "sigless_5b084bc217a7", "tasks": 175}
[transformers] Both `min_new_tokens` (=0) and `min_length`(=0) seem to have been set. `min_new_tokens` will take precedence. Please refer to the documentation for more information. (https://huggingface.co/docs/transformers/main/en/main_classes/text_generation)
{"arm": "sft", "max_token_completions": 0, "mean_action_tokens": 367.4, "task": 50, "task_id": "sigless_813393f0ede5", "tasks": 175}
[transformers] Both `min_new_tokens` (=0) and `min_length`(=0) seem to have been set. `min_new_tokens` will take precedence. Please refer to the documentation for more information. (https://huggingface.co/docs/transformers/main/en/main_classes/text_generation)
{"arm": "sft", "max_token_completions": 0, "mean_action_tokens": 241.6, "task": 51, "task_id": "sigless_c533ec05295f", "tasks": 175}
[transformers] Both `min_new_tokens` (=0) and `min_length`(=0) seem to have been set. `min_new_tokens` will take precedence. Please refer to the documentation for more information. (https://huggingface.co/docs/transformers/main/en/main_classes/text_generation)
{"arm": "sft", "max_token_completions": 0, "mean_action_tokens": 198.7, "task": 52, "task_id": "sigless_f313c6aa6b38", "tasks": 175}
[transformers] Both `min_new_tokens` (=0) and `min_length`(=0) seem to have been set. `min_new_tokens` will take precedence. Please refer to the documentation for more information. (https://huggingface.co/docs/transformers/main/en/main_classes/text_generation)
{"arm": "sft", "max_token_completions": 0, "mean_action_tokens": 220.6, "task": 53, "task_id": "sigless_7da06c701a11", "tasks": 175}
[transformers] Both `min_new_tokens` (=0) and `min_length`(=0) seem to have been set. `min_new_tokens` will take precedence. Please refer to the documentation for more information. (https://huggingface.co/docs/transformers/main/en/main_classes/text_generation)
{"arm": "sft", "max_token_completions": 3, "mean_action_tokens": 2156.0, "task": 54, "task_id": "sigless_32c65c037f11", "tasks": 175}
[transformers] Both `min_new_tokens` (=0) and `min_length`(=0) seem to have been set. `min_new_tokens` will take precedence. Please refer to the documentation for more information. (https://huggingface.co/docs/transformers/main/en/main_classes/text_generation)
{"arm": "sft", "max_token_completions": 0, "mean_action_tokens": 177.9, "task": 55, "task_id": "sigless_800a63a44bf8", "tasks": 175}
[transformers] Both `min_new_tokens` (=0) and `min_length`(=0) seem to have been set. `min_new_tokens` will take precedence. Please refer to the documentation for more information. (https://huggingface.co/docs/transformers/main/en/main_classes/text_generation)
{"arm": "sft", "max_token_completions": 0, "mean_action_tokens": 120.8, "task": 56, "task_id": "sigless_ae3f6b074a1d", "tasks": 175}
[transformers] Both `min_new_tokens` (=0) and `min_length`(=0) seem to have been set. `min_new_tokens` will take precedence. Please refer to the documentation for more information. (https://huggingface.co/docs/transformers/main/en/main_classes/text_generation)
{"arm": "sft", "max_token_completions": 0, "mean_action_tokens": 147.2, "task": 57, "task_id": "sigless_bdb5051ba702", "tasks": 175}
[transformers] Both `min_new_tokens` (=0) and `min_length`(=0) seem to have been set. `min_new_tokens` will take precedence. Please refer to the documentation for more information. (https://huggingface.co/docs/transformers/main/en/main_classes/text_generation)
{"arm": "sft", "max_token_completions": 0, "mean_action_tokens": 170.3, "task": 58, "task_id": "sigless_5a81bb01e5b7", "tasks": 175}
[transformers] Both `min_new_tokens` (=0) and `min_length`(=0) seem to have been set. `min_new_tokens` will take precedence. Please refer to the documentation for more information. (https://huggingface.co/docs/transformers/main/en/main_classes/text_generation)
{"arm": "sft", "max_token_completions": 0, "mean_action_tokens": 278.8, "task": 59, "task_id": "sigless_3cc19bbfa30f", "tasks": 175}
[transformers] Both `min_new_tokens` (=0) and `min_length`(=0) seem to have been set. `min_new_tokens` will take precedence. Please refer to the documentation for more information. (https://huggingface.co/docs/transformers/main/en/main_classes/text_generation)
{"arm": "sft", "max_token_completions": 0, "mean_action_tokens": 122.2, "task": 60, "task_id": "sigless_ca058cccbe26", "tasks": 175}
[transformers] Both `min_new_tokens` (=0) and `min_length`(=0) seem to have been set. `min_new_tokens` will take precedence. Please refer to the documentation for more information. (https://huggingface.co/docs/transformers/main/en/main_classes/text_generation)
{"arm": "sft", "max_token_completions": 0, "mean_action_tokens": 365.1, "task": 61, "task_id": "sigless_b33d2de9af80", "tasks": 175}
[transformers] Both `min_new_tokens` (=0) and `min_length`(=0) seem to have been set. `min_new_tokens` will take precedence. Please refer to the documentation for more information. (https://huggingface.co/docs/transformers/main/en/main_classes/text_generation)
{"arm": "sft", "max_token_completions": 0, "mean_action_tokens": 184.3, "task": 62, "task_id": "sigless_c25abcd9a325", "tasks": 175}
[transformers] Both `min_new_tokens` (=0) and `min_length`(=0) seem to have been set. `min_new_tokens` will take precedence. Please refer to the documentation for more information. (https://huggingface.co/docs/transformers/main/en/main_classes/text_generation)
{"arm": "sft", "max_token_completions": 0, "mean_action_tokens": 198.1, "task": 63, "task_id": "sigless_6d8c4ba351c5", "tasks": 175}
[transformers] Both `min_new_tokens` (=0) and `min_length`(=0) seem to have been set. `min_new_tokens` will take precedence. Please refer to the documentation for more information. (https://huggingface.co/docs/transformers/main/en/main_classes/text_generation)
{"arm": "sft", "max_token_completions": 0, "mean_action_tokens": 175.0, "task": 64, "task_id": "sigless_a247e5f7ba82", "tasks": 175}
[transformers] Both `min_new_tokens` (=0) and `min_length`(=0) seem to have been set. `min_new_tokens` will take precedence. Please refer to the documentation for more information. (https://huggingface.co/docs/transformers/main/en/main_classes/text_generation)
{"arm": "sft", "max_token_completions": 0, "mean_action_tokens": 184.6, "task": 65, "task_id": "sigless_2285fc4955db", "tasks": 175}
[transformers] Both `min_new_tokens` (=0) and `min_length`(=0) seem to have been set. `min_new_tokens` will take precedence. Please refer to the documentation for more information. (https://huggingface.co/docs/transformers/main/en/main_classes/text_generation)
{"arm": "sft", "max_token_completions": 0, "mean_action_tokens": 290.3, "task": 66, "task_id": "sigless_97decd4f7443", "tasks": 175}
[transformers] Both `min_new_tokens` (=0) and `min_length`(=0) seem to have been set. `min_new_tokens` will take precedence. Please refer to the documentation for more information. (https://huggingface.co/docs/transformers/main/en/main_classes/text_generation)
{"arm": "sft", "max_token_completions": 0, "mean_action_tokens": 199.7, "task": 67, "task_id": "sigless_79bfe84158a3", "tasks": 175}
[transformers] Both `min_new_tokens` (=0) and `min_length`(=0) seem to have been set. `min_new_tokens` will take precedence. Please refer to the documentation for more information. (https://huggingface.co/docs/transformers/main/en/main_classes/text_generation)
{"arm": "sft", "max_token_completions": 0, "mean_action_tokens": 129.8, "task": 68, "task_id": "sigless_6dfdaa80a5a8", "tasks": 175}
[transformers] Both `min_new_tokens` (=0) and `min_length`(=0) seem to have been set. `min_new_tokens` will take precedence. Please refer to the documentation for more information. (https://huggingface.co/docs/transformers/main/en/main_classes/text_generation)
{"arm": "sft", "max_token_completions": 0, "mean_action_tokens": 319.1, "task": 69, "task_id": "sigless_52260deec95d", "tasks": 175}
[transformers] Both `min_new_tokens` (=0) and `min_length`(=0) seem to have been set. `min_new_tokens` will take precedence. Please refer to the documentation for more information. (https://huggingface.co/docs/transformers/main/en/main_classes/text_generation)
{"arm": "sft", "max_token_completions": 0, "mean_action_tokens": 214.4, "task": 70, "task_id": "sigless_96546ea01643", "tasks": 175}
[transformers] Both `min_new_tokens` (=0) and `min_length`(=0) seem to have been set. `min_new_tokens` will take precedence. Please refer to the documentation for more information. (https://huggingface.co/docs/transformers/main/en/main_classes/text_generation)
{"arm": "sft", "max_token_completions": 0, "mean_action_tokens": 223.5, "task": 71, "task_id": "sigless_083954eb2fb3", "tasks": 175}
[transformers] Both `min_new_tokens` (=0) and `min_length`(=0) seem to have been set. `min_new_tokens` will take precedence. Please refer to the documentation for more information. (https://huggingface.co/docs/transformers/main/en/main_classes/text_generation)
{"arm": "sft", "max_token_completions": 0, "mean_action_tokens": 433.6, "task": 72, "task_id": "sigless_a348fccf3353", "tasks": 175}
[transformers] Both `min_new_tokens` (=0) and `min_length`(=0) seem to have been set. `min_new_tokens` will take precedence. Please refer to the documentation for more information. (https://huggingface.co/docs/transformers/main/en/main_classes/text_generation)
{"arm": "sft", "max_token_completions": 0, "mean_action_tokens": 260.8, "task": 73, "task_id": "sigless_1b1ea7b75cff", "tasks": 175}
[transformers] Both `min_new_tokens` (=0) and `min_length`(=0) seem to have been set. `min_new_tokens` will take precedence. Please refer to the documentation for more information. (https://huggingface.co/docs/transformers/main/en/main_classes/text_generation)
{"arm": "sft", "max_token_completions": 0, "mean_action_tokens": 509.6, "task": 74, "task_id": "sigless_f8e93c6852a8", "tasks": 175}
[transformers] Both `min_new_tokens` (=0) and `min_length`(=0) seem to have been set. `min_new_tokens` will take precedence. Please refer to the documentation for more information. (https://huggingface.co/docs/transformers/main/en/main_classes/text_generation)
{"arm": "sft", "max_token_completions": 0, "mean_action_tokens": 289.8, "task": 75, "task_id": "sigless_8bf7f40ca356", "tasks": 175}
[transformers] Both `min_new_tokens` (=0) and `min_length`(=0) seem to have been set. `min_new_tokens` will take precedence. Please refer to the documentation for more information. (https://huggingface.co/docs/transformers/main/en/main_classes/text_generation)
{"arm": "sft", "max_token_completions": 0, "mean_action_tokens": 283.8, "task": 76, "task_id": "sigless_dda92f9b56cf", "tasks": 175}
[transformers] Both `min_new_tokens` (=0) and `min_length`(=0) seem to have been set. `min_new_tokens` will take precedence. Please refer to the documentation for more information. (https://huggingface.co/docs/transformers/main/en/main_classes/text_generation)
{"arm": "sft", "max_token_completions": 0, "mean_action_tokens": 292.6, "task": 77, "task_id": "sigless_29facc14bbd7", "tasks": 175}
[transformers] Both `min_new_tokens` (=0) and `min_length`(=0) seem to have been set. `min_new_tokens` will take precedence. Please refer to the documentation for more information. (https://huggingface.co/docs/transformers/main/en/main_classes/text_generation)
{"arm": "sft", "max_token_completions": 0, "mean_action_tokens": 333.0, "task": 78, "task_id": "sigless_03890dcefaec", "tasks": 175}
[transformers] Both `min_new_tokens` (=0) and `min_length`(=0) seem to have been set. `min_new_tokens` will take precedence. Please refer to the documentation for more information. (https://huggingface.co/docs/transformers/main/en/main_classes/text_generation)
{"arm": "sft", "max_token_completions": 0, "mean_action_tokens": 389.6, "task": 79, "task_id": "sigless_0676ce351471", "tasks": 175}
[transformers] Both `min_new_tokens` (=0) and `min_length`(=0) seem to have been set. `min_new_tokens` will take precedence. Please refer to the documentation for more information. (https://huggingface.co/docs/transformers/main/en/main_classes/text_generation)
{"arm": "sft", "max_token_completions": 0, "mean_action_tokens": 97.5, "task": 80, "task_id": "sigless_a507056ae077", "tasks": 175}
[transformers] Both `min_new_tokens` (=0) and `min_length`(=0) seem to have been set. `min_new_tokens` will take precedence. Please refer to the documentation for more information. (https://huggingface.co/docs/transformers/main/en/main_classes/text_generation)
{"arm": "sft", "max_token_completions": 0, "mean_action_tokens": 144.4, "task": 81, "task_id": "sigless_cc73707101e6", "tasks": 175}
[transformers] Both `min_new_tokens` (=0) and `min_length`(=0) seem to have been set. `min_new_tokens` will take precedence. Please refer to the documentation for more information. (https://huggingface.co/docs/transformers/main/en/main_classes/text_generation)
{"arm": "sft", "max_token_completions": 0, "mean_action_tokens": 297.4, "task": 82, "task_id": "sigless_9588ecf888b2", "tasks": 175}
[transformers] Both `min_new_tokens` (=0) and `min_length`(=0) seem to have been set. `min_new_tokens` will take precedence. Please refer to the documentation for more information. (https://huggingface.co/docs/transformers/main/en/main_classes/text_generation)
{"arm": "sft", "max_token_completions": 0, "mean_action_tokens": 269.6, "task": 83, "task_id": "sigless_4708b0b01b11", "tasks": 175}
[transformers] Both `min_new_tokens` (=0) and `min_length`(=0) seem to have been set. `min_new_tokens` will take precedence. Please refer to the documentation for more information. (https://huggingface.co/docs/transformers/main/en/main_classes/text_generation)
{"arm": "sft", "max_token_completions": 0, "mean_action_tokens": 273.0, "task": 84, "task_id": "sigless_a4594aa05a9c", "tasks": 175}
[transformers] Both `min_new_tokens` (=0) and `min_length`(=0) seem to have been set. `min_new_tokens` will take precedence. Please refer to the documentation for more information. (https://huggingface.co/docs/transformers/main/en/main_classes/text_generation)
{"arm": "sft", "max_token_completions": 0, "mean_action_tokens": 200.6, "task": 85, "task_id": "sigless_0d23ec54c1ec", "tasks": 175}
[transformers] Both `min_new_tokens` (=0) and `min_length`(=0) seem to have been set. `min_new_tokens` will take precedence. Please refer to the documentation for more information. (https://huggingface.co/docs/transformers/main/en/main_classes/text_generation)
{"arm": "sft", "max_token_completions": 0, "mean_action_tokens": 147.0, "task": 86, "task_id": "sigless_2b4ce9b63420", "tasks": 175}
[transformers] Both `min_new_tokens` (=0) and `min_length`(=0) seem to have been set. `min_new_tokens` will take precedence. Please refer to the documentation for more information. (https://huggingface.co/docs/transformers/main/en/main_classes/text_generation)
{"arm": "sft", "max_token_completions": 0, "mean_action_tokens": 154.5, "task": 87, "task_id": "sigless_d19512840646", "tasks": 175}
[transformers] Both `min_new_tokens` (=0) and `min_length`(=0) seem to have been set. `min_new_tokens` will take precedence. Please refer to the documentation for more information. (https://huggingface.co/docs/transformers/main/en/main_classes/text_generation)
{"arm": "sft", "max_token_completions": 0, "mean_action_tokens": 274.4, "task": 88, "task_id": "sigless_254a6441f2f8", "tasks": 175}
[transformers] Both `min_new_tokens` (=0) and `min_length`(=0) seem to have been set. `min_new_tokens` will take precedence. Please refer to the documentation for more information. (https://huggingface.co/docs/transformers/main/en/main_classes/text_generation)
{"arm": "sft", "max_token_completions": 0, "mean_action_tokens": 185.3, "task": 89, "task_id": "sigless_bd2a15378da9", "tasks": 175}
[transformers] Both `min_new_tokens` (=0) and `min_length`(=0) seem to have been set. `min_new_tokens` will take precedence. Please refer to the documentation for more information. (https://huggingface.co/docs/transformers/main/en/main_classes/text_generation)
{"arm": "sft", "max_token_completions": 0, "mean_action_tokens": 122.5, "task": 90, "task_id": "sigless_81915896d27e", "tasks": 175}
[transformers] Both `min_new_tokens` (=0) and `min_length`(=0) seem to have been set. `min_new_tokens` will take precedence. Please refer to the documentation for more information. (https://huggingface.co/docs/transformers/main/en/main_classes/text_generation)
{"arm": "sft", "max_token_completions": 0, "mean_action_tokens": 196.4, "task": 91, "task_id": "sigless_e1ba6073c24a", "tasks": 175}
[transformers] Both `min_new_tokens` (=0) and `min_length`(=0) seem to have been set. `min_new_tokens` will take precedence. Please refer to the documentation for more information. (https://huggingface.co/docs/transformers/main/en/main_classes/text_generation)
{"arm": "sft", "max_token_completions": 0, "mean_action_tokens": 172.2, "task": 92, "task_id": "sigless_3a3a9c12bb06", "tasks": 175}
[transformers] Both `min_new_tokens` (=0) and `min_length`(=0) seem to have been set. `min_new_tokens` will take precedence. Please refer to the documentation for more information. (https://huggingface.co/docs/transformers/main/en/main_classes/text_generation)
{"arm": "sft", "max_token_completions": 0, "mean_action_tokens": 360.6, "task": 93, "task_id": "sigless_288bf7a714e1", "tasks": 175}
[transformers] Both `min_new_tokens` (=0) and `min_length`(=0) seem to have been set. `min_new_tokens` will take precedence. Please refer to the documentation for more information. (https://huggingface.co/docs/transformers/main/en/main_classes/text_generation)
{"arm": "sft", "max_token_completions": 0, "mean_action_tokens": 144.5, "task": 94, "task_id": "sigless_35088d24eba1", "tasks": 175}
[transformers] Both `min_new_tokens` (=0) and `min_length`(=0) seem to have been set. `min_new_tokens` will take precedence. Please refer to the documentation for more information. (https://huggingface.co/docs/transformers/main/en/main_classes/text_generation)
{"arm": "sft", "max_token_completions": 0, "mean_action_tokens": 243.0, "task": 95, "task_id": "sigless_64a085399724", "tasks": 175}
[transformers] Both `min_new_tokens` (=0) and `min_length`(=0) seem to have been set. `min_new_tokens` will take precedence. Please refer to the documentation for more information. (https://huggingface.co/docs/transformers/main/en/main_classes/text_generation)
{"arm": "sft", "max_token_completions": 0, "mean_action_tokens": 625.3, "task": 96, "task_id": "sigless_d544567b9189", "tasks": 175}
[transformers] Both `min_new_tokens` (=0) and `min_length`(=0) seem to have been set. `min_new_tokens` will take precedence. Please refer to the documentation for more information. (https://huggingface.co/docs/transformers/main/en/main_classes/text_generation)
{"arm": "sft", "max_token_completions": 0, "mean_action_tokens": 193.8, "task": 97, "task_id": "sigless_73f9e7c2b2e2", "tasks": 175}
[transformers] Both `min_new_tokens` (=0) and `min_length`(=0) seem to have been set. `min_new_tokens` will take precedence. Please refer to the documentation for more information. (https://huggingface.co/docs/transformers/main/en/main_classes/text_generation)
{"arm": "sft", "max_token_completions": 0, "mean_action_tokens": 126.2, "task": 98, "task_id": "sigless_719577f723ab", "tasks": 175}
[transformers] Both `min_new_tokens` (=0) and `min_length`(=0) seem to have been set. `min_new_tokens` will take precedence. Please refer to the documentation for more information. (https://huggingface.co/docs/transformers/main/en/main_classes/text_generation)
{"arm": "sft", "max_token_completions": 0, "mean_action_tokens": 191.7, "task": 99, "task_id": "sigless_2f380f310be1", "tasks": 175}
[transformers] Both `min_new_tokens` (=0) and `min_length`(=0) seem to have been set. `min_new_tokens` will take precedence. Please refer to the documentation for more information. (https://huggingface.co/docs/transformers/main/en/main_classes/text_generation)
{"arm": "sft", "max_token_completions": 0, "mean_action_tokens": 362.0, "task": 100, "task_id": "sigless_cd4130196f1f", "tasks": 175}
[transformers] Both `min_new_tokens` (=0) and `min_length`(=0) seem to have been set. `min_new_tokens` will take precedence. Please refer to the documentation for more information. (https://huggingface.co/docs/transformers/main/en/main_classes/text_generation)
{"arm": "sft", "max_token_completions": 0, "mean_action_tokens": 342.4, "task": 101, "task_id": "sigless_af300e5a0f21", "tasks": 175}
[transformers] Both `min_new_tokens` (=0) and `min_length`(=0) seem to have been set. `min_new_tokens` will take precedence. Please refer to the documentation for more information. (https://huggingface.co/docs/transformers/main/en/main_classes/text_generation)
{"arm": "sft", "max_token_completions": 0, "mean_action_tokens": 224.9, "task": 102, "task_id": "sigless_8c5d7927d750", "tasks": 175}
[transformers] Both `min_new_tokens` (=0) and `min_length`(=0) seem to have been set. `min_new_tokens` will take precedence. Please refer to the documentation for more information. (https://huggingface.co/docs/transformers/main/en/main_classes/text_generation)
{"arm": "sft", "max_token_completions": 0, "mean_action_tokens": 155.4, "task": 103, "task_id": "sigless_c4383a715ff3", "tasks": 175}
[transformers] Both `min_new_tokens` (=0) and `min_length`(=0) seem to have been set. `min_new_tokens` will take precedence. Please refer to the documentation for more information. (https://huggingface.co/docs/transformers/main/en/main_classes/text_generation)
{"arm": "sft", "max_token_completions": 0, "mean_action_tokens": 198.7, "task": 104, "task_id": "sigless_bd986d86cebb", "tasks": 175}
[transformers] Both `min_new_tokens` (=0) and `min_length`(=0) seem to have been set. `min_new_tokens` will take precedence. Please refer to the documentation for more information. (https://huggingface.co/docs/transformers/main/en/main_classes/text_generation)
{"arm": "sft", "max_token_completions": 0, "mean_action_tokens": 149.3, "task": 105, "task_id": "sigless_bcebeb9e6334", "tasks": 175}
[transformers] Both `min_new_tokens` (=0) and `min_length`(=0) seem to have been set. `min_new_tokens` will take precedence. Please refer to the documentation for more information. (https://huggingface.co/docs/transformers/main/en/main_classes/text_generation)
{"arm": "sft", "max_token_completions": 0, "mean_action_tokens": 119.6, "task": 106, "task_id": "sigless_d705d736995d", "tasks": 175}
[transformers] Both `min_new_tokens` (=0) and `min_length`(=0) seem to have been set. `min_new_tokens` will take precedence. Please refer to the documentation for more information. (https://huggingface.co/docs/transformers/main/en/main_classes/text_generation)
{"arm": "sft", "max_token_completions": 0, "mean_action_tokens": 148.9, "task": 107, "task_id": "sigless_b03a8afc1094", "tasks": 175}
[transformers] Both `min_new_tokens` (=0) and `min_length`(=0) seem to have been set. `min_new_tokens` will take precedence. Please refer to the documentation for more information. (https://huggingface.co/docs/transformers/main/en/main_classes/text_generation)
{"arm": "sft", "max_token_completions": 0, "mean_action_tokens": 147.1, "task": 108, "task_id": "sigless_fa4972c4e52e", "tasks": 175}
[transformers] Both `min_new_tokens` (=0) and `min_length`(=0) seem to have been set. `min_new_tokens` will take precedence. Please refer to the documentation for more information. (https://huggingface.co/docs/transformers/main/en/main_classes/text_generation)
{"arm": "sft", "max_token_completions": 3, "mean_action_tokens": 2596.9, "task": 109, "task_id": "sigless_993f7ab38cdd", "tasks": 175}
[transformers] Both `min_new_tokens` (=0) and `min_length`(=0) seem to have been set. `min_new_tokens` will take precedence. Please refer to the documentation for more information. (https://huggingface.co/docs/transformers/main/en/main_classes/text_generation)
{"arm": "sft", "max_token_completions": 0, "mean_action_tokens": 147.8, "task": 110, "task_id": "sigless_95105e48c1e8", "tasks": 175}
[transformers] Both `min_new_tokens` (=0) and `min_length`(=0) seem to have been set. `min_new_tokens` will take precedence. Please refer to the documentation for more information. (https://huggingface.co/docs/transformers/main/en/main_classes/text_generation)
{"arm": "sft", "max_token_completions": 0, "mean_action_tokens": 169.8, "task": 111, "task_id": "sigless_9e128db660ea", "tasks": 175}
[transformers] Both `min_new_tokens` (=0) and `min_length`(=0) seem to have been set. `min_new_tokens` will take precedence. Please refer to the documentation for more information. (https://huggingface.co/docs/transformers/main/en/main_classes/text_generation)
{"arm": "sft", "max_token_completions": 0, "mean_action_tokens": 395.5, "task": 112, "task_id": "sigless_949e6c11e478", "tasks": 175}
[transformers] Both `min_new_tokens` (=0) and `min_length`(=0) seem to have been set. `min_new_tokens` will take precedence. Please refer to the documentation for more information. (https://huggingface.co/docs/transformers/main/en/main_classes/text_generation)
{"arm": "sft", "max_token_completions": 0, "mean_action_tokens": 149.6, "task": 113, "task_id": "sigless_55cc112cbb2c", "tasks": 175}
[transformers] Both `min_new_tokens` (=0) and `min_length`(=0) seem to have been set. `min_new_tokens` will take precedence. Please refer to the documentation for more information. (https://huggingface.co/docs/transformers/main/en/main_classes/text_generation)
{"arm": "sft", "max_token_completions": 0, "mean_action_tokens": 257.0, "task": 114, "task_id": "sigless_c45cfc4290f2", "tasks": 175}
[transformers] Both `min_new_tokens` (=0) and `min_length`(=0) seem to have been set. `min_new_tokens` will take precedence. Please refer to the documentation for more information. (https://huggingface.co/docs/transformers/main/en/main_classes/text_generation)
{"arm": "sft", "max_token_completions": 0, "mean_action_tokens": 161.7, "task": 115, "task_id": "sigless_d1f52bab434e", "tasks": 175}
[transformers] Both `min_new_tokens` (=0) and `min_length`(=0) seem to have been set. `min_new_tokens` will take precedence. Please refer to the documentation for more information. (https://huggingface.co/docs/transformers/main/en/main_classes/text_generation)
{"arm": "sft", "max_token_completions": 0, "mean_action_tokens": 132.1, "task": 116, "task_id": "sigless_696808df1978", "tasks": 175}
[transformers] Both `min_new_tokens` (=0) and `min_length`(=0) seem to have been set. `min_new_tokens` will take precedence. Please refer to the documentation for more information. (https://huggingface.co/docs/transformers/main/en/main_classes/text_generation)
{"arm": "sft", "max_token_completions": 0, "mean_action_tokens": 152.6, "task": 117, "task_id": "sigless_840847bedc74", "tasks": 175}
[transformers] Both `min_new_tokens` (=0) and `min_length`(=0) seem to have been set. `min_new_tokens` will take precedence. Please refer to the documentation for more information. (https://huggingface.co/docs/transformers/main/en/main_classes/text_generation)
{"arm": "sft", "max_token_completions": 0, "mean_action_tokens": 132.0, "task": 118, "task_id": "sigless_eee05f5f93cc", "tasks": 175}
[transformers] Both `min_new_tokens` (=0) and `min_length`(=0) seem to have been set. `min_new_tokens` will take precedence. Please refer to the documentation for more information. (https://huggingface.co/docs/transformers/main/en/main_classes/text_generation)
{"arm": "sft", "max_token_completions": 1, "mean_action_tokens": 593.1, "task": 119, "task_id": "sigless_d61f01ff1856", "tasks": 175}
[transformers] Both `min_new_tokens` (=0) and `min_length`(=0) seem to have been set. `min_new_tokens` will take precedence. Please refer to the documentation for more information. (https://huggingface.co/docs/transformers/main/en/main_classes/text_generation)
{"arm": "sft", "max_token_completions": 0, "mean_action_tokens": 153.8, "task": 120, "task_id": "sigless_79a8dd260f8c", "tasks": 175}
[transformers] Both `min_new_tokens` (=0) and `min_length`(=0) seem to have been set. `min_new_tokens` will take precedence. Please refer to the documentation for more information. (https://huggingface.co/docs/transformers/main/en/main_classes/text_generation)
{"arm": "sft", "max_token_completions": 0, "mean_action_tokens": 156.4, "task": 121, "task_id": "sigless_5628428fcb9e", "tasks": 175}
[transformers] Both `min_new_tokens` (=0) and `min_length`(=0) seem to have been set. `min_new_tokens` will take precedence. Please refer to the documentation for more information. (https://huggingface.co/docs/transformers/main/en/main_classes/text_generation)
{"arm": "sft", "max_token_completions": 0, "mean_action_tokens": 539.2, "task": 122, "task_id": "sigless_459decc7079c", "tasks": 175}
[transformers] Both `min_new_tokens` (=0) and `min_length`(=0) seem to have been set. `min_new_tokens` will take precedence. Please refer to the documentation for more information. (https://huggingface.co/docs/transformers/main/en/main_classes/text_generation)
{"arm": "sft", "max_token_completions": 0, "mean_action_tokens": 224.2, "task": 123, "task_id": "sigless_897c175fe34d", "tasks": 175}
[transformers] Both `min_new_tokens` (=0) and `min_length`(=0) seem to have been set. `min_new_tokens` will take precedence. Please refer to the documentation for more information. (https://huggingface.co/docs/transformers/main/en/main_classes/text_generation)
{"arm": "sft", "max_token_completions": 2, "mean_action_tokens": 2612.5, "task": 124, "task_id": "sigless_f9772127b371", "tasks": 175}
[transformers] Both `min_new_tokens` (=0) and `min_length`(=0) seem to have been set. `min_new_tokens` will take precedence. Please refer to the documentation for more information. (https://huggingface.co/docs/transformers/main/en/main_classes/text_generation)
{"arm": "sft", "max_token_completions": 0, "mean_action_tokens": 2327.7, "task": 125, "task_id": "sigless_e087cd483fa1", "tasks": 175}
[transformers] Both `min_new_tokens` (=0) and `min_length`(=0) seem to have been set. `min_new_tokens` will take precedence. Please refer to the documentation for more information. (https://huggingface.co/docs/transformers/main/en/main_classes/text_generation)
{"arm": "sft", "max_token_completions": 0, "mean_action_tokens": 1122.3, "task": 126, "task_id": "sigless_c8721da111a6", "tasks": 175}
[transformers] Both `min_new_tokens` (=0) and `min_length`(=0) seem to have been set. `min_new_tokens` will take precedence. Please refer to the documentation for more information. (https://huggingface.co/docs/transformers/main/en/main_classes/text_generation)
{"arm": "sft", "max_token_completions": 0, "mean_action_tokens": 242.8, "task": 127, "task_id": "sigless_39b2bb878943", "tasks": 175}
[transformers] Both `min_new_tokens` (=0) and `min_length`(=0) seem to have been set. `min_new_tokens` will take precedence. Please refer to the documentation for more information. (https://huggingface.co/docs/transformers/main/en/main_classes/text_generation)
{"arm": "sft", "max_token_completions": 0, "mean_action_tokens": 221.5, "task": 128, "task_id": "sigless_fc85f3ba4f9a", "tasks": 175}
[transformers] Both `min_new_tokens` (=0) and `min_length`(=0) seem to have been set. `min_new_tokens` will take precedence. Please refer to the documentation for more information. (https://huggingface.co/docs/transformers/main/en/main_classes/text_generation)
{"arm": "sft", "max_token_completions": 0, "mean_action_tokens": 213.8, "task": 129, "task_id": "sigless_877a173b0a13", "tasks": 175}
[transformers] Both `min_new_tokens` (=0) and `min_length`(=0) seem to have been set. `min_new_tokens` will take precedence. Please refer to the documentation for more information. (https://huggingface.co/docs/transformers/main/en/main_classes/text_generation)
{"arm": "sft", "max_token_completions": 0, "mean_action_tokens": 284.6, "task": 130, "task_id": "sigless_f35b198c6f09", "tasks": 175}
[transformers] Both `min_new_tokens` (=0) and `min_length`(=0) seem to have been set. `min_new_tokens` will take precedence. Please refer to the documentation for more information. (https://huggingface.co/docs/transformers/main/en/main_classes/text_generation)
{"arm": "sft", "max_token_completions": 0, "mean_action_tokens": 141.1, "task": 131, "task_id": "sigless_f12cc1905252", "tasks": 175}
[transformers] Both `min_new_tokens` (=0) and `min_length`(=0) seem to have been set. `min_new_tokens` will take precedence. Please refer to the documentation for more information. (https://huggingface.co/docs/transformers/main/en/main_classes/text_generation)
{"arm": "sft", "max_token_completions": 0, "mean_action_tokens": 167.3, "task": 132, "task_id": "sigless_2d693beca98e", "tasks": 175}
[transformers] Both `min_new_tokens` (=0) and `min_length`(=0) seem to have been set. `min_new_tokens` will take precedence. Please refer to the documentation for more information. (https://huggingface.co/docs/transformers/main/en/main_classes/text_generation)
{"arm": "sft", "max_token_completions": 0, "mean_action_tokens": 228.2, "task": 133, "task_id": "sigless_ca1164247b57", "tasks": 175}
[transformers] Both `min_new_tokens` (=0) and `min_length`(=0) seem to have been set. `min_new_tokens` will take precedence. Please refer to the documentation for more information. (https://huggingface.co/docs/transformers/main/en/main_classes/text_generation)
{"arm": "sft", "max_token_completions": 0, "mean_action_tokens": 135.3, "task": 134, "task_id": "sigless_1c2de2da855e", "tasks": 175}
[transformers] Both `min_new_tokens` (=0) and `min_length`(=0) seem to have been set. `min_new_tokens` will take precedence. Please refer to the documentation for more information. (https://huggingface.co/docs/transformers/main/en/main_classes/text_generation)
{"arm": "sft", "max_token_completions": 0, "mean_action_tokens": 240.2, "task": 135, "task_id": "sigless_fde9338419bb", "tasks": 175}
[transformers] Both `min_new_tokens` (=0) and `min_length`(=0) seem to have been set. `min_new_tokens` will take precedence. Please refer to the documentation for more information. (https://huggingface.co/docs/transformers/main/en/main_classes/text_generation)
{"arm": "sft", "max_token_completions": 0, "mean_action_tokens": 739.3, "task": 136, "task_id": "sigless_caabd71fcc51", "tasks": 175}
[transformers] Both `min_new_tokens` (=0) and `min_length`(=0) seem to have been set. `min_new_tokens` will take precedence. Please refer to the documentation for more information. (https://huggingface.co/docs/transformers/main/en/main_classes/text_generation)
{"arm": "sft", "max_token_completions": 0, "mean_action_tokens": 197.7, "task": 137, "task_id": "sigless_f5884d232b82", "tasks": 175}
[transformers] Both `min_new_tokens` (=0) and `min_length`(=0) seem to have been set. `min_new_tokens` will take precedence. Please refer to the documentation for more information. (https://huggingface.co/docs/transformers/main/en/main_classes/text_generation)
{"arm": "sft", "max_token_completions": 0, "mean_action_tokens": 257.1, "task": 138, "task_id": "sigless_f00a8eba1899", "tasks": 175}
[transformers] Both `min_new_tokens` (=0) and `min_length`(=0) seem to have been set. `min_new_tokens` will take precedence. Please refer to the documentation for more information. (https://huggingface.co/docs/transformers/main/en/main_classes/text_generation)
{"arm": "sft", "max_token_completions": 0, "mean_action_tokens": 201.2, "task": 139, "task_id": "sigless_00029a7e6212", "tasks": 175}
[transformers] Both `min_new_tokens` (=0) and `min_length`(=0) seem to have been set. `min_new_tokens` will take precedence. Please refer to the documentation for more information. (https://huggingface.co/docs/transformers/main/en/main_classes/text_generation)
{"arm": "sft", "max_token_completions": 1, "mean_action_tokens": 714.5, "task": 140, "task_id": "sigless_92c2979883a9", "tasks": 175}
[transformers] Both `min_new_tokens` (=0) and `min_length`(=0) seem to have been set. `min_new_tokens` will take precedence. Please refer to the documentation for more information. (https://huggingface.co/docs/transformers/main/en/main_classes/text_generation)
{"arm": "sft", "max_token_completions": 0, "mean_action_tokens": 387.0, "task": 141, "task_id": "sigless_294c09c37fca", "tasks": 175}
[transformers] Both `min_new_tokens` (=0) and `min_length`(=0) seem to have been set. `min_new_tokens` will take precedence. Please refer to the documentation for more information. (https://huggingface.co/docs/transformers/main/en/main_classes/text_generation)
{"arm": "sft", "max_token_completions": 1, "mean_action_tokens": 1091.6, "task": 142, "task_id": "sigless_15d4ae2f8443", "tasks": 175}
[transformers] Both `min_new_tokens` (=0) and `min_length`(=0) seem to have been set. `min_new_tokens` will take precedence. Please refer to the documentation for more information. (https://huggingface.co/docs/transformers/main/en/main_classes/text_generation)
{"arm": "sft", "max_token_completions": 0, "mean_action_tokens": 191.0, "task": 143, "task_id": "sigless_fcd2fb050bf6", "tasks": 175}
[transformers] Both `min_new_tokens` (=0) and `min_length`(=0) seem to have been set. `min_new_tokens` will take precedence. Please refer to the documentation for more information. (https://huggingface.co/docs/transformers/main/en/main_classes/text_generation)
{"arm": "sft", "max_token_completions": 0, "mean_action_tokens": 139.9, "task": 144, "task_id": "sigless_4b8ae6c364f9", "tasks": 175}
[transformers] Both `min_new_tokens` (=0) and `min_length`(=0) seem to have been set. `min_new_tokens` will take precedence. Please refer to the documentation for more information. (https://huggingface.co/docs/transformers/main/en/main_classes/text_generation)
{"arm": "sft", "max_token_completions": 0, "mean_action_tokens": 179.8, "task": 145, "task_id": "sigless_5af03fd8ef7b", "tasks": 175}
[transformers] Both `min_new_tokens` (=0) and `min_length`(=0) seem to have been set. `min_new_tokens` will take precedence. Please refer to the documentation for more information. (https://huggingface.co/docs/transformers/main/en/main_classes/text_generation)
{"arm": "sft", "max_token_completions": 0, "mean_action_tokens": 138.4, "task": 146, "task_id": "sigless_d34ebc7ed34a", "tasks": 175}
[transformers] Both `min_new_tokens` (=0) and `min_length`(=0) seem to have been set. `min_new_tokens` will take precedence. Please refer to the documentation for more information. (https://huggingface.co/docs/transformers/main/en/main_classes/text_generation)
{"arm": "sft", "max_token_completions": 0, "mean_action_tokens": 172.4, "task": 147, "task_id": "sigless_808d6c1c9b6a", "tasks": 175}
[transformers] Both `min_new_tokens` (=0) and `min_length`(=0) seem to have been set. `min_new_tokens` will take precedence. Please refer to the documentation for more information. (https://huggingface.co/docs/transformers/main/en/main_classes/text_generation)
{"arm": "sft", "max_token_completions": 0, "mean_action_tokens": 886.3, "task": 148, "task_id": "sigless_26315cbfcfbf", "tasks": 175}
[transformers] Both `min_new_tokens` (=0) and `min_length`(=0) seem to have been set. `min_new_tokens` will take precedence. Please refer to the documentation for more information. (https://huggingface.co/docs/transformers/main/en/main_classes/text_generation)
{"arm": "sft", "max_token_completions": 0, "mean_action_tokens": 553.5, "task": 149, "task_id": "sigless_f70dce70d2e6", "tasks": 175}
[transformers] Both `min_new_tokens` (=0) and `min_length`(=0) seem to have been set. `min_new_tokens` will take precedence. Please refer to the documentation for more information. (https://huggingface.co/docs/transformers/main/en/main_classes/text_generation)
{"arm": "sft", "max_token_completions": 0, "mean_action_tokens": 256.8, "task": 150, "task_id": "sigless_192fbb20f4b6", "tasks": 175}
[transformers] Both `min_new_tokens` (=0) and `min_length`(=0) seem to have been set. `min_new_tokens` will take precedence. Please refer to the documentation for more information. (https://huggingface.co/docs/transformers/main/en/main_classes/text_generation)
{"arm": "sft", "max_token_completions": 0, "mean_action_tokens": 169.2, "task": 151, "task_id": "sigless_c6fed62b2c1d", "tasks": 175}
[transformers] Both `min_new_tokens` (=0) and `min_length`(=0) seem to have been set. `min_new_tokens` will take precedence. Please refer to the documentation for more information. (https://huggingface.co/docs/transformers/main/en/main_classes/text_generation)
{"arm": "sft", "max_token_completions": 0, "mean_action_tokens": 368.6, "task": 152, "task_id": "sigless_07dd80fcc8e7", "tasks": 175}
[transformers] Both `min_new_tokens` (=0) and `min_length`(=0) seem to have been set. `min_new_tokens` will take precedence. Please refer to the documentation for more information. (https://huggingface.co/docs/transformers/main/en/main_classes/text_generation)
{"arm": "sft", "max_token_completions": 0, "mean_action_tokens": 167.2, "task": 153, "task_id": "sigless_6dbf14b60080", "tasks": 175}
[transformers] Both `min_new_tokens` (=0) and `min_length`(=0) seem to have been set. `min_new_tokens` will take precedence. Please refer to the documentation for more information. (https://huggingface.co/docs/transformers/main/en/main_classes/text_generation)
{"arm": "sft", "max_token_completions": 0, "mean_action_tokens": 242.2, "task": 154, "task_id": "sigless_c4f8a1d2a501", "tasks": 175}
[transformers] Both `min_new_tokens` (=0) and `min_length`(=0) seem to have been set. `min_new_tokens` will take precedence. Please refer to the documentation for more information. (https://huggingface.co/docs/transformers/main/en/main_classes/text_generation)
{"arm": "sft", "max_token_completions": 0, "mean_action_tokens": 161.8, "task": 155, "task_id": "sigless_b6b6f07b0ff9", "tasks": 175}
[transformers] Both `min_new_tokens` (=0) and `min_length`(=0) seem to have been set. `min_new_tokens` will take precedence. Please refer to the documentation for more information. (https://huggingface.co/docs/transformers/main/en/main_classes/text_generation)
{"arm": "sft", "max_token_completions": 0, "mean_action_tokens": 310.0, "task": 156, "task_id": "sigless_94c9c9421304", "tasks": 175}
[transformers] Both `min_new_tokens` (=0) and `min_length`(=0) seem to have been set. `min_new_tokens` will take precedence. Please refer to the documentation for more information. (https://huggingface.co/docs/transformers/main/en/main_classes/text_generation)
{"arm": "sft", "max_token_completions": 0, "mean_action_tokens": 180.5, "task": 157, "task_id": "sigless_6d83ced1ddc9", "tasks": 175}
[transformers] Both `min_new_tokens` (=0) and `min_length`(=0) seem to have been set. `min_new_tokens` will take precedence. Please refer to the documentation for more information. (https://huggingface.co/docs/transformers/main/en/main_classes/text_generation)
{"arm": "sft", "max_token_completions": 0, "mean_action_tokens": 217.7, "task": 158, "task_id": "sigless_37e2ca3dea18", "tasks": 175}
[transformers] Both `min_new_tokens` (=0) and `min_length`(=0) seem to have been set. `min_new_tokens` will take precedence. Please refer to the documentation for more information. (https://huggingface.co/docs/transformers/main/en/main_classes/text_generation)
{"arm": "sft", "max_token_completions": 0, "mean_action_tokens": 143.2, "task": 159, "task_id": "sigless_27d7320a3bdf", "tasks": 175}
[transformers] Both `min_new_tokens` (=0) and `min_length`(=0) seem to have been set. `min_new_tokens` will take precedence. Please refer to the documentation for more information. (https://huggingface.co/docs/transformers/main/en/main_classes/text_generation)
{"arm": "sft", "max_token_completions": 0, "mean_action_tokens": 278.4, "task": 160, "task_id": "sigless_88aae2bb0dda", "tasks": 175}
[transformers] Both `min_new_tokens` (=0) and `min_length`(=0) seem to have been set. `min_new_tokens` will take precedence. Please refer to the documentation for more information. (https://huggingface.co/docs/transformers/main/en/main_classes/text_generation)
{"arm": "sft", "max_token_completions": 0, "mean_action_tokens": 176.1, "task": 161, "task_id": "sigless_809d366ff6f0", "tasks": 175}
[transformers] Both `min_new_tokens` (=0) and `min_length`(=0) seem to have been set. `min_new_tokens` will take precedence. Please refer to the documentation for more information. (https://huggingface.co/docs/transformers/main/en/main_classes/text_generation)
{"arm": "sft", "max_token_completions": 0, "mean_action_tokens": 153.1, "task": 162, "task_id": "sigless_7412fc8a275b", "tasks": 175}
[transformers] Both `min_new_tokens` (=0) and `min_length`(=0) seem to have been set. `min_new_tokens` will take precedence. Please refer to the documentation for more information. (https://huggingface.co/docs/transformers/main/en/main_classes/text_generation)
{"arm": "sft", "max_token_completions": 0, "mean_action_tokens": 232.8, "task": 163, "task_id": "sigless_dd676587e3c2", "tasks": 175}
[transformers] Both `min_new_tokens` (=0) and `min_length`(=0) seem to have been set. `min_new_tokens` will take precedence. Please refer to the documentation for more information. (https://huggingface.co/docs/transformers/main/en/main_classes/text_generation)
{"arm": "sft", "max_token_completions": 0, "mean_action_tokens": 522.0, "task": 164, "task_id": "sigless_4cb006480238", "tasks": 175}
[transformers] Both `min_new_tokens` (=0) and `min_length`(=0) seem to have been set. `min_new_tokens` will take precedence. Please refer to the documentation for more information. (https://huggingface.co/docs/transformers/main/en/main_classes/text_generation)
{"arm": "sft", "max_token_completions": 0, "mean_action_tokens": 303.3, "task": 165, "task_id": "sigless_adc978f7e65b", "tasks": 175}
[transformers] Both `min_new_tokens` (=0) and `min_length`(=0) seem to have been set. `min_new_tokens` will take precedence. Please refer to the documentation for more information. (https://huggingface.co/docs/transformers/main/en/main_classes/text_generation)
{"arm": "sft", "max_token_completions": 0, "mean_action_tokens": 215.9, "task": 166, "task_id": "sigless_7e997d06e5bd", "tasks": 175}
[transformers] Both `min_new_tokens` (=0) and `min_length`(=0) seem to have been set. `min_new_tokens` will take precedence. Please refer to the documentation for more information. (https://huggingface.co/docs/transformers/main/en/main_classes/text_generation)
{"arm": "sft", "max_token_completions": 0, "mean_action_tokens": 290.2, "task": 167, "task_id": "sigless_edd7ed243c48", "tasks": 175}
[transformers] Both `min_new_tokens` (=0) and `min_length`(=0) seem to have been set. `min_new_tokens` will take precedence. Please refer to the documentation for more information. (https://huggingface.co/docs/transformers/main/en/main_classes/text_generation)
{"arm": "sft", "max_token_completions": 0, "mean_action_tokens": 187.2, "task": 168, "task_id": "sigless_b721d6a533f8", "tasks": 175}
[transformers] Both `min_new_tokens` (=0) and `min_length`(=0) seem to have been set. `min_new_tokens` will take precedence. Please refer to the documentation for more information. (https://huggingface.co/docs/transformers/main/en/main_classes/text_generation)
{"arm": "sft", "max_token_completions": 0, "mean_action_tokens": 204.4, "task": 169, "task_id": "sigless_bcb6f4de3081", "tasks": 175}
[transformers] Both `min_new_tokens` (=0) and `min_length`(=0) seem to have been set. `min_new_tokens` will take precedence. Please refer to the documentation for more information. (https://huggingface.co/docs/transformers/main/en/main_classes/text_generation)
{"arm": "sft", "max_token_completions": 0, "mean_action_tokens": 172.9, "task": 170, "task_id": "sigless_fe5faa93760d", "tasks": 175}
[transformers] Both `min_new_tokens` (=0) and `min_length`(=0) seem to have been set. `min_new_tokens` will take precedence. Please refer to the documentation for more information. (https://huggingface.co/docs/transformers/main/en/main_classes/text_generation)
{"arm": "sft", "max_token_completions": 0, "mean_action_tokens": 209.2, "task": 171, "task_id": "sigless_d59fd5c25caf", "tasks": 175}
[transformers] Both `min_new_tokens` (=0) and `min_length`(=0) seem to have been set. `min_new_tokens` will take precedence. Please refer to the documentation for more information. (https://huggingface.co/docs/transformers/main/en/main_classes/text_generation)
{"arm": "sft", "max_token_completions": 0, "mean_action_tokens": 369.9, "task": 172, "task_id": "sigless_bf3de39765c8", "tasks": 175}
[transformers] Both `min_new_tokens` (=0) and `min_length`(=0) seem to have been set. `min_new_tokens` will take precedence. Please refer to the documentation for more information. (https://huggingface.co/docs/transformers/main/en/main_classes/text_generation)
{"arm": "sft", "max_token_completions": 0, "mean_action_tokens": 238.8, "task": 173, "task_id": "sigless_b885d1ba1001", "tasks": 175}
[transformers] Both `min_new_tokens` (=0) and `min_length`(=0) seem to have been set. `min_new_tokens` will take precedence. Please refer to the documentation for more information. (https://huggingface.co/docs/transformers/main/en/main_classes/text_generation)
{"arm": "sft", "max_token_completions": 0, "mean_action_tokens": 194.2, "task": 174, "task_id": "sigless_3af6f6ae5576", "tasks": 175}
[transformers] Both `min_new_tokens` (=0) and `min_length`(=0) seem to have been set. `min_new_tokens` will take precedence. Please refer to the documentation for more information. (https://huggingface.co/docs/transformers/main/en/main_classes/text_generation)
{"arm": "sft", "max_token_completions": 0, "mean_action_tokens": 192.6, "task": 175, "task_id": "sigless_54c0d3ca981f", "tasks": 175}
{"arm": "sft", "max_token_completions": 12, "output": "/workspace/artifacts/t5gemma2_f2_measurement_audit_v1/baseline_seed46_k10_predictions.json", "output_sha256": "83624e914e2f9229091777afeee4cc211dc46035ad77d8db510e5336e3bb5959", "rows": 175, "samples": 1750}
PASSK_RESULT tasks=175 pass@1=2/175=0.0114 pass@10=3/175=0.0171 compile@10=125/175=0.7143
MEASUREMENT_AUDIT_RESEED_COMPLETE seed=46 score=/workspace/artifacts/t5gemma2_f2_measurement_audit_v1/baseline_seed46_k10_score.json
MEASUREMENT_AUDIT_BASELINE_RESEEDS_COMPLETE output=/workspace/artifacts/t5gemma2_f2_measurement_audit_v1
