/workspace/artifacts/t5gemma2_4b4b_enriched_sft_2epoch_v1/checkpoint-optstep-000348/run_contract.json: OK
/workspace/artifacts/t5gemma2_4b4b_enriched_sft_2epoch_v1/checkpoint-optstep-000348/adapter/adapter_config.json: OK
/workspace/artifacts/t5gemma2_4b4b_enriched_sft_2epoch_v1/checkpoint-optstep-000348/adapter/adapter_model.safetensors: OK
/workspace/artifacts/t5gemma2_4b4b_enriched_sft_2epoch_v1/checkpoint-optstep-000348/tokenizer/tokenizer.json: OK
/workspace/multifunction_v1/expanded2776/verpo_feedback_t5gemma2_v1/verpo_rollout_feedback.jsonl: OK
/workspace/multifunction_v1/expanded2776/verpo_feedback_t5gemma2_v1/verpo_teacher_f2.jsonl: OK
/workspace/multifunction_v1/expanded2776/verpo_feedback_t5gemma2_v1/reward_holdback.private.jsonl: OK
Loading weights:   0%|          | 0/1327 [00:00<?, ?it/s]Loading weights:  80%|████████  | 1062/1327 [00:00<00:00, 10604.28it/s]Loading weights: 100%|██████████| 1327/1327 [00:00<00:00, 10806.85it/s]
[transformers] Both `min_new_tokens` (=0) and `min_length`(=0) seem to have been set. `min_new_tokens` will take precedence. Please refer to the documentation for more information. (https://huggingface.co/docs/transformers/main/en/main_classes/text_generation)
{"accepted": false, "accepted_total": 0, "task": 1, "task_id": "sigless_67e6fe112861", "tasks": 1500, "visible_unique_passes": 1}
[transformers] Both `min_new_tokens` (=0) and `min_length`(=0) seem to have been set. `min_new_tokens` will take precedence. Please refer to the documentation for more information. (https://huggingface.co/docs/transformers/main/en/main_classes/text_generation)
{"accepted": false, "accepted_total": 0, "task": 2, "task_id": "sigless_0c2f2f6c7b35", "tasks": 1500, "visible_unique_passes": 0}
[transformers] Both `min_new_tokens` (=0) and `min_length`(=0) seem to have been set. `min_new_tokens` will take precedence. Please refer to the documentation for more information. (https://huggingface.co/docs/transformers/main/en/main_classes/text_generation)
{"accepted": false, "accepted_total": 0, "task": 3, "task_id": "sigless_db465188cf87", "tasks": 1500, "visible_unique_passes": 0}
[transformers] Both `min_new_tokens` (=0) and `min_length`(=0) seem to have been set. `min_new_tokens` will take precedence. Please refer to the documentation for more information. (https://huggingface.co/docs/transformers/main/en/main_classes/text_generation)
{"accepted": false, "accepted_total": 0, "task": 4, "task_id": "fresh-eval-078ad8a7ba3f", "tasks": 1500, "visible_unique_passes": 0}
[transformers] Both `min_new_tokens` (=0) and `min_length`(=0) seem to have been set. `min_new_tokens` will take precedence. Please refer to the documentation for more information. (https://huggingface.co/docs/transformers/main/en/main_classes/text_generation)
{"accepted": false, "accepted_total": 0, "task": 5, "task_id": "sigless_46cbbaa7642e", "tasks": 1500, "visible_unique_passes": 0}
[transformers] Both `min_new_tokens` (=0) and `min_length`(=0) seem to have been set. `min_new_tokens` will take precedence. Please refer to the documentation for more information. (https://huggingface.co/docs/transformers/main/en/main_classes/text_generation)
{"accepted": false, "accepted_total": 0, "task": 6, "task_id": "fresh-eval-b6f75c68bc08", "tasks": 1500, "visible_unique_passes": 0}
[transformers] Both `min_new_tokens` (=0) and `min_length`(=0) seem to have been set. `min_new_tokens` will take precedence. Please refer to the documentation for more information. (https://huggingface.co/docs/transformers/main/en/main_classes/text_generation)
{"accepted": false, "accepted_total": 0, "task": 7, "task_id": "sigless_8dcc4e3745f9", "tasks": 1500, "visible_unique_passes": 0}
[transformers] Both `min_new_tokens` (=0) and `min_length`(=0) seem to have been set. `min_new_tokens` will take precedence. Please refer to the documentation for more information. (https://huggingface.co/docs/transformers/main/en/main_classes/text_generation)
{"accepted": false, "accepted_total": 0, "task": 8, "task_id": "fresh-eval-6f1b645954fa", "tasks": 1500, "visible_unique_passes": 0}
[transformers] Both `min_new_tokens` (=0) and `min_length`(=0) seem to have been set. `min_new_tokens` will take precedence. Please refer to the documentation for more information. (https://huggingface.co/docs/transformers/main/en/main_classes/text_generation)
{"accepted": false, "accepted_total": 0, "task": 9, "task_id": "sigless_60730d2e850f", "tasks": 1500, "visible_unique_passes": 0}
[transformers] Both `min_new_tokens` (=0) and `min_length`(=0) seem to have been set. `min_new_tokens` will take precedence. Please refer to the documentation for more information. (https://huggingface.co/docs/transformers/main/en/main_classes/text_generation)
{"accepted": false, "accepted_total": 0, "task": 10, "task_id": "fresh-eval-13f846a9f2e6", "tasks": 1500, "visible_unique_passes": 0}
[transformers] Both `min_new_tokens` (=0) and `min_length`(=0) seem to have been set. `min_new_tokens` will take precedence. Please refer to the documentation for more information. (https://huggingface.co/docs/transformers/main/en/main_classes/text_generation)
{"accepted": false, "accepted_total": 0, "task": 11, "task_id": "sigless_7a2560c23363", "tasks": 1500, "visible_unique_passes": 0}
[transformers] Both `min_new_tokens` (=0) and `min_length`(=0) seem to have been set. `min_new_tokens` will take precedence. Please refer to the documentation for more information. (https://huggingface.co/docs/transformers/main/en/main_classes/text_generation)
{"accepted": false, "accepted_total": 0, "task": 12, "task_id": "fresh-eval-060bb42aeeb3", "tasks": 1500, "visible_unique_passes": 0}
[transformers] Both `min_new_tokens` (=0) and `min_length`(=0) seem to have been set. `min_new_tokens` will take precedence. Please refer to the documentation for more information. (https://huggingface.co/docs/transformers/main/en/main_classes/text_generation)
{"accepted": false, "accepted_total": 0, "task": 13, "task_id": "fresh-eval-2f206ecd3c72", "tasks": 1500, "visible_unique_passes": 0}
[transformers] Both `min_new_tokens` (=0) and `min_length`(=0) seem to have been set. `min_new_tokens` will take precedence. Please refer to the documentation for more information. (https://huggingface.co/docs/transformers/main/en/main_classes/text_generation)
{"accepted": false, "accepted_total": 0, "task": 14, "task_id": "fresh-eval-495b8bc5a564", "tasks": 1500, "visible_unique_passes": 0}
[transformers] Both `min_new_tokens` (=0) and `min_length`(=0) seem to have been set. `min_new_tokens` will take precedence. Please refer to the documentation for more information. (https://huggingface.co/docs/transformers/main/en/main_classes/text_generation)
{"accepted": false, "accepted_total": 0, "task": 15, "task_id": "sigless_e5c938d40480", "tasks": 1500, "visible_unique_passes": 0}
[transformers] Both `min_new_tokens` (=0) and `min_length`(=0) seem to have been set. `min_new_tokens` will take precedence. Please refer to the documentation for more information. (https://huggingface.co/docs/transformers/main/en/main_classes/text_generation)
{"accepted": false, "accepted_total": 0, "task": 16, "task_id": "sigless_4d2d5f34630c", "tasks": 1500, "visible_unique_passes": 0}
[transformers] Both `min_new_tokens` (=0) and `min_length`(=0) seem to have been set. `min_new_tokens` will take precedence. Please refer to the documentation for more information. (https://huggingface.co/docs/transformers/main/en/main_classes/text_generation)
{"accepted": false, "accepted_total": 0, "task": 17, "task_id": "sigless_358a4b71825b", "tasks": 1500, "visible_unique_passes": 0}
[transformers] Both `min_new_tokens` (=0) and `min_length`(=0) seem to have been set. `min_new_tokens` will take precedence. Please refer to the documentation for more information. (https://huggingface.co/docs/transformers/main/en/main_classes/text_generation)
{"accepted": false, "accepted_total": 0, "task": 18, "task_id": "sigless_15ad71198701", "tasks": 1500, "visible_unique_passes": 0}
[transformers] Both `min_new_tokens` (=0) and `min_length`(=0) seem to have been set. `min_new_tokens` will take precedence. Please refer to the documentation for more information. (https://huggingface.co/docs/transformers/main/en/main_classes/text_generation)
{"accepted": false, "accepted_total": 0, "task": 19, "task_id": "fresh-eval-0cda103ab439", "tasks": 1500, "visible_unique_passes": 0}
[transformers] Both `min_new_tokens` (=0) and `min_length`(=0) seem to have been set. `min_new_tokens` will take precedence. Please refer to the documentation for more information. (https://huggingface.co/docs/transformers/main/en/main_classes/text_generation)
{"accepted": false, "accepted_total": 0, "task": 20, "task_id": "fresh-eval-97b48b767fd6", "tasks": 1500, "visible_unique_passes": 0}
[transformers] Both `min_new_tokens` (=0) and `min_length`(=0) seem to have been set. `min_new_tokens` will take precedence. Please refer to the documentation for more information. (https://huggingface.co/docs/transformers/main/en/main_classes/text_generation)
{"accepted": false, "accepted_total": 0, "task": 21, "task_id": "sigless_0ee53913499c", "tasks": 1500, "visible_unique_passes": 0}
[transformers] Both `min_new_tokens` (=0) and `min_length`(=0) seem to have been set. `min_new_tokens` will take precedence. Please refer to the documentation for more information. (https://huggingface.co/docs/transformers/main/en/main_classes/text_generation)
{"accepted": false, "accepted_total": 0, "task": 22, "task_id": "sigless_1ec5d3189199", "tasks": 1500, "visible_unique_passes": 0}
[transformers] Both `min_new_tokens` (=0) and `min_length`(=0) seem to have been set. `min_new_tokens` will take precedence. Please refer to the documentation for more information. (https://huggingface.co/docs/transformers/main/en/main_classes/text_generation)
{"accepted": false, "accepted_total": 0, "task": 23, "task_id": "sigless_35dd474101de", "tasks": 1500, "visible_unique_passes": 0}
[transformers] Both `min_new_tokens` (=0) and `min_length`(=0) seem to have been set. `min_new_tokens` will take precedence. Please refer to the documentation for more information. (https://huggingface.co/docs/transformers/main/en/main_classes/text_generation)
{"accepted": false, "accepted_total": 0, "task": 24, "task_id": "sigless_fa6550b96029", "tasks": 1500, "visible_unique_passes": 0}
[transformers] Both `min_new_tokens` (=0) and `min_length`(=0) seem to have been set. `min_new_tokens` will take precedence. Please refer to the documentation for more information. (https://huggingface.co/docs/transformers/main/en/main_classes/text_generation)
{"accepted": false, "accepted_total": 0, "task": 25, "task_id": "sigless_e82e29132a38", "tasks": 1500, "visible_unique_passes": 0}
[transformers] Both `min_new_tokens` (=0) and `min_length`(=0) seem to have been set. `min_new_tokens` will take precedence. Please refer to the documentation for more information. (https://huggingface.co/docs/transformers/main/en/main_classes/text_generation)
{"accepted": false, "accepted_total": 0, "task": 26, "task_id": "fresh-eval-01e86e5a5646", "tasks": 1500, "visible_unique_passes": 0}
[transformers] Both `min_new_tokens` (=0) and `min_length`(=0) seem to have been set. `min_new_tokens` will take precedence. Please refer to the documentation for more information. (https://huggingface.co/docs/transformers/main/en/main_classes/text_generation)
{"accepted": false, "accepted_total": 0, "task": 27, "task_id": "sigless_9b86bec43b73", "tasks": 1500, "visible_unique_passes": 0}
[transformers] Both `min_new_tokens` (=0) and `min_length`(=0) seem to have been set. `min_new_tokens` will take precedence. Please refer to the documentation for more information. (https://huggingface.co/docs/transformers/main/en/main_classes/text_generation)
{"accepted": true, "accepted_total": 1, "task": 28, "task_id": "sigless_4067fec7cb67", "tasks": 1500, "visible_unique_passes": 1}
[transformers] Both `min_new_tokens` (=0) and `min_length`(=0) seem to have been set. `min_new_tokens` will take precedence. Please refer to the documentation for more information. (https://huggingface.co/docs/transformers/main/en/main_classes/text_generation)
{"accepted": false, "accepted_total": 1, "task": 29, "task_id": "sigless_82f7067efda2", "tasks": 1500, "visible_unique_passes": 0}
[transformers] Both `min_new_tokens` (=0) and `min_length`(=0) seem to have been set. `min_new_tokens` will take precedence. Please refer to the documentation for more information. (https://huggingface.co/docs/transformers/main/en/main_classes/text_generation)
{"accepted": false, "accepted_total": 1, "task": 30, "task_id": "fresh-eval-6325c857d0b4", "tasks": 1500, "visible_unique_passes": 0}
[transformers] Both `min_new_tokens` (=0) and `min_length`(=0) seem to have been set. `min_new_tokens` will take precedence. Please refer to the documentation for more information. (https://huggingface.co/docs/transformers/main/en/main_classes/text_generation)
{"accepted": false, "accepted_total": 1, "task": 31, "task_id": "fresh-eval-5c7428e2931b", "tasks": 1500, "visible_unique_passes": 0}
[transformers] Both `min_new_tokens` (=0) and `min_length`(=0) seem to have been set. `min_new_tokens` will take precedence. Please refer to the documentation for more information. (https://huggingface.co/docs/transformers/main/en/main_classes/text_generation)
{"accepted": false, "accepted_total": 1, "task": 32, "task_id": "fresh-eval-df48652506c2", "tasks": 1500, "visible_unique_passes": 0}
[transformers] Both `min_new_tokens` (=0) and `min_length`(=0) seem to have been set. `min_new_tokens` will take precedence. Please refer to the documentation for more information. (https://huggingface.co/docs/transformers/main/en/main_classes/text_generation)
{"accepted": false, "accepted_total": 1, "task": 33, "task_id": "sigless_20f7388811d3", "tasks": 1500, "visible_unique_passes": 0}
[transformers] Both `min_new_tokens` (=0) and `min_length`(=0) seem to have been set. `min_new_tokens` will take precedence. Please refer to the documentation for more information. (https://huggingface.co/docs/transformers/main/en/main_classes/text_generation)
{"accepted": false, "accepted_total": 1, "task": 34, "task_id": "fresh-eval-9b9ae22c4c7d", "tasks": 1500, "visible_unique_passes": 0}
[transformers] Both `min_new_tokens` (=0) and `min_length`(=0) seem to have been set. `min_new_tokens` will take precedence. Please refer to the documentation for more information. (https://huggingface.co/docs/transformers/main/en/main_classes/text_generation)
{"accepted": false, "accepted_total": 1, "task": 35, "task_id": "sigless_af5db0a8c81c", "tasks": 1500, "visible_unique_passes": 0}
[transformers] Both `min_new_tokens` (=0) and `min_length`(=0) seem to have been set. `min_new_tokens` will take precedence. Please refer to the documentation for more information. (https://huggingface.co/docs/transformers/main/en/main_classes/text_generation)
{"accepted": false, "accepted_total": 1, "task": 36, "task_id": "sigless_fc9adde7dbfd", "tasks": 1500, "visible_unique_passes": 0}
[transformers] Both `min_new_tokens` (=0) and `min_length`(=0) seem to have been set. `min_new_tokens` will take precedence. Please refer to the documentation for more information. (https://huggingface.co/docs/transformers/main/en/main_classes/text_generation)
{"accepted": false, "accepted_total": 1, "task": 37, "task_id": "fresh-eval-1719610f2cb0", "tasks": 1500, "visible_unique_passes": 0}
[transformers] Both `min_new_tokens` (=0) and `min_length`(=0) seem to have been set. `min_new_tokens` will take precedence. Please refer to the documentation for more information. (https://huggingface.co/docs/transformers/main/en/main_classes/text_generation)
{"accepted": false, "accepted_total": 1, "task": 38, "task_id": "fresh-eval-3f551d719b8e", "tasks": 1500, "visible_unique_passes": 0}
[transformers] Both `min_new_tokens` (=0) and `min_length`(=0) seem to have been set. `min_new_tokens` will take precedence. Please refer to the documentation for more information. (https://huggingface.co/docs/transformers/main/en/main_classes/text_generation)
{"accepted": false, "accepted_total": 1, "task": 39, "task_id": "fresh-eval-5a1975d3e0e7", "tasks": 1500, "visible_unique_passes": 0}
[transformers] Both `min_new_tokens` (=0) and `min_length`(=0) seem to have been set. `min_new_tokens` will take precedence. Please refer to the documentation for more information. (https://huggingface.co/docs/transformers/main/en/main_classes/text_generation)
{"accepted": false, "accepted_total": 1, "task": 40, "task_id": "fresh-eval-90836d0239b6", "tasks": 1500, "visible_unique_passes": 0}
[transformers] Both `min_new_tokens` (=0) and `min_length`(=0) seem to have been set. `min_new_tokens` will take precedence. Please refer to the documentation for more information. (https://huggingface.co/docs/transformers/main/en/main_classes/text_generation)
{"accepted": false, "accepted_total": 1, "task": 41, "task_id": "fresh-eval-4df434005a37", "tasks": 1500, "visible_unique_passes": 0}
[transformers] Both `min_new_tokens` (=0) and `min_length`(=0) seem to have been set. `min_new_tokens` will take precedence. Please refer to the documentation for more information. (https://huggingface.co/docs/transformers/main/en/main_classes/text_generation)
{"accepted": false, "accepted_total": 1, "task": 42, "task_id": "sigless_f53d28dda027", "tasks": 1500, "visible_unique_passes": 0}
[transformers] Both `min_new_tokens` (=0) and `min_length`(=0) seem to have been set. `min_new_tokens` will take precedence. Please refer to the documentation for more information. (https://huggingface.co/docs/transformers/main/en/main_classes/text_generation)
{"accepted": false, "accepted_total": 1, "task": 43, "task_id": "sigless_ff7d9e36c230", "tasks": 1500, "visible_unique_passes": 0}
[transformers] Both `min_new_tokens` (=0) and `min_length`(=0) seem to have been set. `min_new_tokens` will take precedence. Please refer to the documentation for more information. (https://huggingface.co/docs/transformers/main/en/main_classes/text_generation)
{"accepted": false, "accepted_total": 1, "task": 44, "task_id": "sigless_b9c52a2496a5", "tasks": 1500, "visible_unique_passes": 0}
[transformers] Both `min_new_tokens` (=0) and `min_length`(=0) seem to have been set. `min_new_tokens` will take precedence. Please refer to the documentation for more information. (https://huggingface.co/docs/transformers/main/en/main_classes/text_generation)
{"accepted": false, "accepted_total": 1, "task": 45, "task_id": "sigless_950a461eb480", "tasks": 1500, "visible_unique_passes": 0}
[transformers] Both `min_new_tokens` (=0) and `min_length`(=0) seem to have been set. `min_new_tokens` will take precedence. Please refer to the documentation for more information. (https://huggingface.co/docs/transformers/main/en/main_classes/text_generation)
{"accepted": false, "accepted_total": 1, "task": 46, "task_id": "fresh-eval-68b40892f842", "tasks": 1500, "visible_unique_passes": 0}
[transformers] Both `min_new_tokens` (=0) and `min_length`(=0) seem to have been set. `min_new_tokens` will take precedence. Please refer to the documentation for more information. (https://huggingface.co/docs/transformers/main/en/main_classes/text_generation)
{"accepted": false, "accepted_total": 1, "task": 47, "task_id": "fresh-eval-d4cc8653acde", "tasks": 1500, "visible_unique_passes": 0}
[transformers] Both `min_new_tokens` (=0) and `min_length`(=0) seem to have been set. `min_new_tokens` will take precedence. Please refer to the documentation for more information. (https://huggingface.co/docs/transformers/main/en/main_classes/text_generation)
{"accepted": false, "accepted_total": 1, "task": 48, "task_id": "fresh-eval-4fba0154b1dc", "tasks": 1500, "visible_unique_passes": 0}
[transformers] Both `min_new_tokens` (=0) and `min_length`(=0) seem to have been set. `min_new_tokens` will take precedence. Please refer to the documentation for more information. (https://huggingface.co/docs/transformers/main/en/main_classes/text_generation)
{"accepted": false, "accepted_total": 1, "task": 49, "task_id": "sigless_6620c6d3f56d", "tasks": 1500, "visible_unique_passes": 0}
[transformers] Both `min_new_tokens` (=0) and `min_length`(=0) seem to have been set. `min_new_tokens` will take precedence. Please refer to the documentation for more information. (https://huggingface.co/docs/transformers/main/en/main_classes/text_generation)
{"accepted": false, "accepted_total": 1, "task": 50, "task_id": "fresh-eval-965e83c1601d", "tasks": 1500, "visible_unique_passes": 0}
[transformers] Both `min_new_tokens` (=0) and `min_length`(=0) seem to have been set. `min_new_tokens` will take precedence. Please refer to the documentation for more information. (https://huggingface.co/docs/transformers/main/en/main_classes/text_generation)
{"accepted": false, "accepted_total": 1, "task": 51, "task_id": "sigless_729b3487592b", "tasks": 1500, "visible_unique_passes": 0}
[transformers] Both `min_new_tokens` (=0) and `min_length`(=0) seem to have been set. `min_new_tokens` will take precedence. Please refer to the documentation for more information. (https://huggingface.co/docs/transformers/main/en/main_classes/text_generation)
{"accepted": false, "accepted_total": 1, "task": 52, "task_id": "sigless_35bd6e60af40", "tasks": 1500, "visible_unique_passes": 0}
[transformers] Both `min_new_tokens` (=0) and `min_length`(=0) seem to have been set. `min_new_tokens` will take precedence. Please refer to the documentation for more information. (https://huggingface.co/docs/transformers/main/en/main_classes/text_generation)
{"accepted": false, "accepted_total": 1, "task": 53, "task_id": "sigless_25ca98f83a91", "tasks": 1500, "visible_unique_passes": 0}
[transformers] Both `min_new_tokens` (=0) and `min_length`(=0) seem to have been set. `min_new_tokens` will take precedence. Please refer to the documentation for more information. (https://huggingface.co/docs/transformers/main/en/main_classes/text_generation)
{"accepted": false, "accepted_total": 1, "task": 54, "task_id": "sigless_f33d2da3c021", "tasks": 1500, "visible_unique_passes": 0}
[transformers] Both `min_new_tokens` (=0) and `min_length`(=0) seem to have been set. `min_new_tokens` will take precedence. Please refer to the documentation for more information. (https://huggingface.co/docs/transformers/main/en/main_classes/text_generation)
{"accepted": false, "accepted_total": 1, "task": 55, "task_id": "sigless_bb624ac8d16c", "tasks": 1500, "visible_unique_passes": 0}
[transformers] Both `min_new_tokens` (=0) and `min_length`(=0) seem to have been set. `min_new_tokens` will take precedence. Please refer to the documentation for more information. (https://huggingface.co/docs/transformers/main/en/main_classes/text_generation)
{"accepted": false, "accepted_total": 1, "task": 56, "task_id": "fresh-eval-c584dcf25453", "tasks": 1500, "visible_unique_passes": 0}
[transformers] Both `min_new_tokens` (=0) and `min_length`(=0) seem to have been set. `min_new_tokens` will take precedence. Please refer to the documentation for more information. (https://huggingface.co/docs/transformers/main/en/main_classes/text_generation)
{"accepted": false, "accepted_total": 1, "task": 57, "task_id": "sigless_a41dc6712994", "tasks": 1500, "visible_unique_passes": 0}
[transformers] Both `min_new_tokens` (=0) and `min_length`(=0) seem to have been set. `min_new_tokens` will take precedence. Please refer to the documentation for more information. (https://huggingface.co/docs/transformers/main/en/main_classes/text_generation)
{"accepted": false, "accepted_total": 1, "task": 58, "task_id": "sigless_2a8674ba4eac", "tasks": 1500, "visible_unique_passes": 0}
[transformers] Both `min_new_tokens` (=0) and `min_length`(=0) seem to have been set. `min_new_tokens` will take precedence. Please refer to the documentation for more information. (https://huggingface.co/docs/transformers/main/en/main_classes/text_generation)
{"accepted": false, "accepted_total": 1, "task": 59, "task_id": "sigless_9dce8b79afb7", "tasks": 1500, "visible_unique_passes": 0}
[transformers] Both `min_new_tokens` (=0) and `min_length`(=0) seem to have been set. `min_new_tokens` will take precedence. Please refer to the documentation for more information. (https://huggingface.co/docs/transformers/main/en/main_classes/text_generation)
{"accepted": false, "accepted_total": 1, "task": 60, "task_id": "fresh-eval-f5a17e16cf64", "tasks": 1500, "visible_unique_passes": 0}
[transformers] Both `min_new_tokens` (=0) and `min_length`(=0) seem to have been set. `min_new_tokens` will take precedence. Please refer to the documentation for more information. (https://huggingface.co/docs/transformers/main/en/main_classes/text_generation)
{"accepted": false, "accepted_total": 1, "task": 61, "task_id": "sigless_b71757c06bc5", "tasks": 1500, "visible_unique_passes": 0}
[transformers] Both `min_new_tokens` (=0) and `min_length`(=0) seem to have been set. `min_new_tokens` will take precedence. Please refer to the documentation for more information. (https://huggingface.co/docs/transformers/main/en/main_classes/text_generation)
{"accepted": false, "accepted_total": 1, "task": 62, "task_id": "fresh-eval-c8483a96da1d", "tasks": 1500, "visible_unique_passes": 0}
[transformers] Both `min_new_tokens` (=0) and `min_length`(=0) seem to have been set. `min_new_tokens` will take precedence. Please refer to the documentation for more information. (https://huggingface.co/docs/transformers/main/en/main_classes/text_generation)
{"accepted": true, "accepted_total": 2, "task": 63, "task_id": "sigless_b566f265e084", "tasks": 1500, "visible_unique_passes": 1}
[transformers] Both `min_new_tokens` (=0) and `min_length`(=0) seem to have been set. `min_new_tokens` will take precedence. Please refer to the documentation for more information. (https://huggingface.co/docs/transformers/main/en/main_classes/text_generation)
{"accepted": false, "accepted_total": 2, "task": 64, "task_id": "sigless_f5e50d25f5af", "tasks": 1500, "visible_unique_passes": 0}
[transformers] Both `min_new_tokens` (=0) and `min_length`(=0) seem to have been set. `min_new_tokens` will take precedence. Please refer to the documentation for more information. (https://huggingface.co/docs/transformers/main/en/main_classes/text_generation)
{"accepted": false, "accepted_total": 2, "task": 65, "task_id": "sigless_3ab26101ff63", "tasks": 1500, "visible_unique_passes": 0}
[transformers] Both `min_new_tokens` (=0) and `min_length`(=0) seem to have been set. `min_new_tokens` will take precedence. Please refer to the documentation for more information. (https://huggingface.co/docs/transformers/main/en/main_classes/text_generation)
{"accepted": true, "accepted_total": 3, "task": 66, "task_id": "sigless_5065bde14df2", "tasks": 1500, "visible_unique_passes": 1}
[transformers] Both `min_new_tokens` (=0) and `min_length`(=0) seem to have been set. `min_new_tokens` will take precedence. Please refer to the documentation for more information. (https://huggingface.co/docs/transformers/main/en/main_classes/text_generation)
{"accepted": false, "accepted_total": 3, "task": 67, "task_id": "sigless_99382783f270", "tasks": 1500, "visible_unique_passes": 0}
[transformers] Both `min_new_tokens` (=0) and `min_length`(=0) seem to have been set. `min_new_tokens` will take precedence. Please refer to the documentation for more information. (https://huggingface.co/docs/transformers/main/en/main_classes/text_generation)
{"accepted": false, "accepted_total": 3, "task": 68, "task_id": "fresh-eval-367fa1235540", "tasks": 1500, "visible_unique_passes": 0}
[transformers] Both `min_new_tokens` (=0) and `min_length`(=0) seem to have been set. `min_new_tokens` will take precedence. Please refer to the documentation for more information. (https://huggingface.co/docs/transformers/main/en/main_classes/text_generation)
{"accepted": false, "accepted_total": 3, "task": 69, "task_id": "fresh-eval-c2215f02e0da", "tasks": 1500, "visible_unique_passes": 0}
[transformers] Both `min_new_tokens` (=0) and `min_length`(=0) seem to have been set. `min_new_tokens` will take precedence. Please refer to the documentation for more information. (https://huggingface.co/docs/transformers/main/en/main_classes/text_generation)
{"accepted": false, "accepted_total": 3, "task": 70, "task_id": "fresh-eval-cd1ca7de8751", "tasks": 1500, "visible_unique_passes": 0}
[transformers] Both `min_new_tokens` (=0) and `min_length`(=0) seem to have been set. `min_new_tokens` will take precedence. Please refer to the documentation for more information. (https://huggingface.co/docs/transformers/main/en/main_classes/text_generation)
{"accepted": false, "accepted_total": 3, "task": 71, "task_id": "sigless_d5506ef24e4e", "tasks": 1500, "visible_unique_passes": 0}
[transformers] Both `min_new_tokens` (=0) and `min_length`(=0) seem to have been set. `min_new_tokens` will take precedence. Please refer to the documentation for more information. (https://huggingface.co/docs/transformers/main/en/main_classes/text_generation)
{"accepted": false, "accepted_total": 3, "task": 72, "task_id": "sigless_f16ef468a89d", "tasks": 1500, "visible_unique_passes": 0}
[transformers] Both `min_new_tokens` (=0) and `min_length`(=0) seem to have been set. `min_new_tokens` will take precedence. Please refer to the documentation for more information. (https://huggingface.co/docs/transformers/main/en/main_classes/text_generation)
{"accepted": false, "accepted_total": 3, "task": 73, "task_id": "fresh-eval-0d08b3312a27", "tasks": 1500, "visible_unique_passes": 0}
[transformers] Both `min_new_tokens` (=0) and `min_length`(=0) seem to have been set. `min_new_tokens` will take precedence. Please refer to the documentation for more information. (https://huggingface.co/docs/transformers/main/en/main_classes/text_generation)
{"accepted": false, "accepted_total": 3, "task": 74, "task_id": "fresh-eval-48cd90343d60", "tasks": 1500, "visible_unique_passes": 0}
[transformers] Both `min_new_tokens` (=0) and `min_length`(=0) seem to have been set. `min_new_tokens` will take precedence. Please refer to the documentation for more information. (https://huggingface.co/docs/transformers/main/en/main_classes/text_generation)
{"accepted": false, "accepted_total": 3, "task": 75, "task_id": "fresh-eval-ceb6757fff5b", "tasks": 1500, "visible_unique_passes": 0}
[transformers] Both `min_new_tokens` (=0) and `min_length`(=0) seem to have been set. `min_new_tokens` will take precedence. Please refer to the documentation for more information. (https://huggingface.co/docs/transformers/main/en/main_classes/text_generation)
{"accepted": false, "accepted_total": 3, "task": 76, "task_id": "sigless_0c62ce2fd6a9", "tasks": 1500, "visible_unique_passes": 0}
[transformers] Both `min_new_tokens` (=0) and `min_length`(=0) seem to have been set. `min_new_tokens` will take precedence. Please refer to the documentation for more information. (https://huggingface.co/docs/transformers/main/en/main_classes/text_generation)
{"accepted": false, "accepted_total": 3, "task": 77, "task_id": "fresh-eval-afbc4d35234c", "tasks": 1500, "visible_unique_passes": 0}
[transformers] Both `min_new_tokens` (=0) and `min_length`(=0) seem to have been set. `min_new_tokens` will take precedence. Please refer to the documentation for more information. (https://huggingface.co/docs/transformers/main/en/main_classes/text_generation)
{"accepted": false, "accepted_total": 3, "task": 78, "task_id": "sigless_ef859ff0ffc4", "tasks": 1500, "visible_unique_passes": 0}
[transformers] Both `min_new_tokens` (=0) and `min_length`(=0) seem to have been set. `min_new_tokens` will take precedence. Please refer to the documentation for more information. (https://huggingface.co/docs/transformers/main/en/main_classes/text_generation)
{"accepted": false, "accepted_total": 3, "task": 79, "task_id": "sigless_512c37b17567", "tasks": 1500, "visible_unique_passes": 0}
[transformers] Both `min_new_tokens` (=0) and `min_length`(=0) seem to have been set. `min_new_tokens` will take precedence. Please refer to the documentation for more information. (https://huggingface.co/docs/transformers/main/en/main_classes/text_generation)
{"accepted": false, "accepted_total": 3, "task": 80, "task_id": "sigless_7069756aad90", "tasks": 1500, "visible_unique_passes": 0}
[transformers] Both `min_new_tokens` (=0) and `min_length`(=0) seem to have been set. `min_new_tokens` will take precedence. Please refer to the documentation for more information. (https://huggingface.co/docs/transformers/main/en/main_classes/text_generation)
{"accepted": false, "accepted_total": 3, "task": 81, "task_id": "fresh-eval-7dce8db15eea", "tasks": 1500, "visible_unique_passes": 0}
[transformers] Both `min_new_tokens` (=0) and `min_length`(=0) seem to have been set. `min_new_tokens` will take precedence. Please refer to the documentation for more information. (https://huggingface.co/docs/transformers/main/en/main_classes/text_generation)
{"accepted": false, "accepted_total": 3, "task": 82, "task_id": "fresh-eval-f8f8ea56ecde", "tasks": 1500, "visible_unique_passes": 0}
[transformers] Both `min_new_tokens` (=0) and `min_length`(=0) seem to have been set. `min_new_tokens` will take precedence. Please refer to the documentation for more information. (https://huggingface.co/docs/transformers/main/en/main_classes/text_generation)
{"accepted": false, "accepted_total": 3, "task": 83, "task_id": "fresh-eval-6febbf0a2317", "tasks": 1500, "visible_unique_passes": 0}
[transformers] Both `min_new_tokens` (=0) and `min_length`(=0) seem to have been set. `min_new_tokens` will take precedence. Please refer to the documentation for more information. (https://huggingface.co/docs/transformers/main/en/main_classes/text_generation)
{"accepted": false, "accepted_total": 3, "task": 84, "task_id": "fresh-eval-48a85d93ad4d", "tasks": 1500, "visible_unique_passes": 0}
[transformers] Both `min_new_tokens` (=0) and `min_length`(=0) seem to have been set. `min_new_tokens` will take precedence. Please refer to the documentation for more information. (https://huggingface.co/docs/transformers/main/en/main_classes/text_generation)
{"accepted": false, "accepted_total": 3, "task": 85, "task_id": "sigless_fa602a669319", "tasks": 1500, "visible_unique_passes": 0}
[transformers] Both `min_new_tokens` (=0) and `min_length`(=0) seem to have been set. `min_new_tokens` will take precedence. Please refer to the documentation for more information. (https://huggingface.co/docs/transformers/main/en/main_classes/text_generation)
{"accepted": false, "accepted_total": 3, "task": 86, "task_id": "sigless_690b5b46fa1c", "tasks": 1500, "visible_unique_passes": 0}
[transformers] Both `min_new_tokens` (=0) and `min_length`(=0) seem to have been set. `min_new_tokens` will take precedence. Please refer to the documentation for more information. (https://huggingface.co/docs/transformers/main/en/main_classes/text_generation)
{"accepted": false, "accepted_total": 3, "task": 87, "task_id": "sigless_372125604061", "tasks": 1500, "visible_unique_passes": 0}
[transformers] Both `min_new_tokens` (=0) and `min_length`(=0) seem to have been set. `min_new_tokens` will take precedence. Please refer to the documentation for more information. (https://huggingface.co/docs/transformers/main/en/main_classes/text_generation)
{"accepted": false, "accepted_total": 3, "task": 88, "task_id": "sigless_6461b6c0e332", "tasks": 1500, "visible_unique_passes": 0}
[transformers] Both `min_new_tokens` (=0) and `min_length`(=0) seem to have been set. `min_new_tokens` will take precedence. Please refer to the documentation for more information. (https://huggingface.co/docs/transformers/main/en/main_classes/text_generation)
{"accepted": false, "accepted_total": 3, "task": 89, "task_id": "sigless_9fd7ba0b6a14", "tasks": 1500, "visible_unique_passes": 0}
[transformers] Both `min_new_tokens` (=0) and `min_length`(=0) seem to have been set. `min_new_tokens` will take precedence. Please refer to the documentation for more information. (https://huggingface.co/docs/transformers/main/en/main_classes/text_generation)
{"accepted": false, "accepted_total": 3, "task": 90, "task_id": "fresh-eval-bbeb5b147396", "tasks": 1500, "visible_unique_passes": 0}
[transformers] Both `min_new_tokens` (=0) and `min_length`(=0) seem to have been set. `min_new_tokens` will take precedence. Please refer to the documentation for more information. (https://huggingface.co/docs/transformers/main/en/main_classes/text_generation)
{"accepted": false, "accepted_total": 3, "task": 91, "task_id": "fresh-eval-59a220d83a38", "tasks": 1500, "visible_unique_passes": 0}
[transformers] Both `min_new_tokens` (=0) and `min_length`(=0) seem to have been set. `min_new_tokens` will take precedence. Please refer to the documentation for more information. (https://huggingface.co/docs/transformers/main/en/main_classes/text_generation)
{"accepted": false, "accepted_total": 3, "task": 92, "task_id": "fresh-eval-845790aa3f74", "tasks": 1500, "visible_unique_passes": 0}
[transformers] Both `min_new_tokens` (=0) and `min_length`(=0) seem to have been set. `min_new_tokens` will take precedence. Please refer to the documentation for more information. (https://huggingface.co/docs/transformers/main/en/main_classes/text_generation)
{"accepted": false, "accepted_total": 3, "task": 93, "task_id": "sigless_cc0de96caf05", "tasks": 1500, "visible_unique_passes": 0}
[transformers] Both `min_new_tokens` (=0) and `min_length`(=0) seem to have been set. `min_new_tokens` will take precedence. Please refer to the documentation for more information. (https://huggingface.co/docs/transformers/main/en/main_classes/text_generation)
{"accepted": false, "accepted_total": 3, "task": 94, "task_id": "sigless_9349d2199f5c", "tasks": 1500, "visible_unique_passes": 0}
[transformers] Both `min_new_tokens` (=0) and `min_length`(=0) seem to have been set. `min_new_tokens` will take precedence. Please refer to the documentation for more information. (https://huggingface.co/docs/transformers/main/en/main_classes/text_generation)
{"accepted": false, "accepted_total": 3, "task": 95, "task_id": "sigless_615fca46817a", "tasks": 1500, "visible_unique_passes": 0}
[transformers] Both `min_new_tokens` (=0) and `min_length`(=0) seem to have been set. `min_new_tokens` will take precedence. Please refer to the documentation for more information. (https://huggingface.co/docs/transformers/main/en/main_classes/text_generation)
{"accepted": false, "accepted_total": 3, "task": 96, "task_id": "fresh-eval-dc8f996dddb6", "tasks": 1500, "visible_unique_passes": 0}
[transformers] Both `min_new_tokens` (=0) and `min_length`(=0) seem to have been set. `min_new_tokens` will take precedence. Please refer to the documentation for more information. (https://huggingface.co/docs/transformers/main/en/main_classes/text_generation)
{"accepted": false, "accepted_total": 3, "task": 97, "task_id": "sigless_6ed6d93b57fc", "tasks": 1500, "visible_unique_passes": 0}
[transformers] Both `min_new_tokens` (=0) and `min_length`(=0) seem to have been set. `min_new_tokens` will take precedence. Please refer to the documentation for more information. (https://huggingface.co/docs/transformers/main/en/main_classes/text_generation)
{"accepted": false, "accepted_total": 3, "task": 98, "task_id": "sigless_e36d213d6f55", "tasks": 1500, "visible_unique_passes": 0}
[transformers] Both `min_new_tokens` (=0) and `min_length`(=0) seem to have been set. `min_new_tokens` will take precedence. Please refer to the documentation for more information. (https://huggingface.co/docs/transformers/main/en/main_classes/text_generation)
{"accepted": false, "accepted_total": 3, "task": 99, "task_id": "sigless_267cb138e158", "tasks": 1500, "visible_unique_passes": 0}
[transformers] Both `min_new_tokens` (=0) and `min_length`(=0) seem to have been set. `min_new_tokens` will take precedence. Please refer to the documentation for more information. (https://huggingface.co/docs/transformers/main/en/main_classes/text_generation)
{"accepted": true, "accepted_total": 4, "task": 100, "task_id": "sigless_e784c3a84f5c", "tasks": 1500, "visible_unique_passes": 1}
[transformers] Both `min_new_tokens` (=0) and `min_length`(=0) seem to have been set. `min_new_tokens` will take precedence. Please refer to the documentation for more information. (https://huggingface.co/docs/transformers/main/en/main_classes/text_generation)
{"accepted": false, "accepted_total": 4, "task": 101, "task_id": "fresh-eval-58ad3ab1c53e", "tasks": 1500, "visible_unique_passes": 0}
[transformers] Both `min_new_tokens` (=0) and `min_length`(=0) seem to have been set. `min_new_tokens` will take precedence. Please refer to the documentation for more information. (https://huggingface.co/docs/transformers/main/en/main_classes/text_generation)
{"accepted": false, "accepted_total": 4, "task": 102, "task_id": "sigless_d020ba845c7d", "tasks": 1500, "visible_unique_passes": 0}
[transformers] Both `min_new_tokens` (=0) and `min_length`(=0) seem to have been set. `min_new_tokens` will take precedence. Please refer to the documentation for more information. (https://huggingface.co/docs/transformers/main/en/main_classes/text_generation)
{"accepted": false, "accepted_total": 4, "task": 103, "task_id": "fresh-eval-21b48b0f080b", "tasks": 1500, "visible_unique_passes": 0}
[transformers] Both `min_new_tokens` (=0) and `min_length`(=0) seem to have been set. `min_new_tokens` will take precedence. Please refer to the documentation for more information. (https://huggingface.co/docs/transformers/main/en/main_classes/text_generation)
{"accepted": false, "accepted_total": 4, "task": 104, "task_id": "sigless_58f28b7ca92c", "tasks": 1500, "visible_unique_passes": 0}
[transformers] Both `min_new_tokens` (=0) and `min_length`(=0) seem to have been set. `min_new_tokens` will take precedence. Please refer to the documentation for more information. (https://huggingface.co/docs/transformers/main/en/main_classes/text_generation)
{"accepted": false, "accepted_total": 4, "task": 105, "task_id": "fresh-eval-a50193395359", "tasks": 1500, "visible_unique_passes": 0}
[transformers] Both `min_new_tokens` (=0) and `min_length`(=0) seem to have been set. `min_new_tokens` will take precedence. Please refer to the documentation for more information. (https://huggingface.co/docs/transformers/main/en/main_classes/text_generation)
{"accepted": false, "accepted_total": 4, "task": 106, "task_id": "sigless_d89cd16b8a88", "tasks": 1500, "visible_unique_passes": 0}
[transformers] Both `min_new_tokens` (=0) and `min_length`(=0) seem to have been set. `min_new_tokens` will take precedence. Please refer to the documentation for more information. (https://huggingface.co/docs/transformers/main/en/main_classes/text_generation)
{"accepted": false, "accepted_total": 4, "task": 107, "task_id": "sigless_f0a4c6ceeee1", "tasks": 1500, "visible_unique_passes": 0}
[transformers] Both `min_new_tokens` (=0) and `min_length`(=0) seem to have been set. `min_new_tokens` will take precedence. Please refer to the documentation for more information. (https://huggingface.co/docs/transformers/main/en/main_classes/text_generation)
{"accepted": false, "accepted_total": 4, "task": 108, "task_id": "sigless_c166d0b52338", "tasks": 1500, "visible_unique_passes": 0}
[transformers] Both `min_new_tokens` (=0) and `min_length`(=0) seem to have been set. `min_new_tokens` will take precedence. Please refer to the documentation for more information. (https://huggingface.co/docs/transformers/main/en/main_classes/text_generation)
{"accepted": false, "accepted_total": 4, "task": 109, "task_id": "fresh-eval-92ac8d5dd5ce", "tasks": 1500, "visible_unique_passes": 0}
[transformers] Both `min_new_tokens` (=0) and `min_length`(=0) seem to have been set. `min_new_tokens` will take precedence. Please refer to the documentation for more information. (https://huggingface.co/docs/transformers/main/en/main_classes/text_generation)
{"accepted": false, "accepted_total": 4, "task": 110, "task_id": "sigless_051ca28bea88", "tasks": 1500, "visible_unique_passes": 0}
[transformers] Both `min_new_tokens` (=0) and `min_length`(=0) seem to have been set. `min_new_tokens` will take precedence. Please refer to the documentation for more information. (https://huggingface.co/docs/transformers/main/en/main_classes/text_generation)
{"accepted": false, "accepted_total": 4, "task": 111, "task_id": "sigless_28400c365daa", "tasks": 1500, "visible_unique_passes": 0}
[transformers] Both `min_new_tokens` (=0) and `min_length`(=0) seem to have been set. `min_new_tokens` will take precedence. Please refer to the documentation for more information. (https://huggingface.co/docs/transformers/main/en/main_classes/text_generation)
{"accepted": false, "accepted_total": 4, "task": 112, "task_id": "sigless_c41729040615", "tasks": 1500, "visible_unique_passes": 0}
[transformers] Both `min_new_tokens` (=0) and `min_length`(=0) seem to have been set. `min_new_tokens` will take precedence. Please refer to the documentation for more information. (https://huggingface.co/docs/transformers/main/en/main_classes/text_generation)
{"accepted": false, "accepted_total": 4, "task": 113, "task_id": "fresh-eval-553007006a73", "tasks": 1500, "visible_unique_passes": 0}
[transformers] Both `min_new_tokens` (=0) and `min_length`(=0) seem to have been set. `min_new_tokens` will take precedence. Please refer to the documentation for more information. (https://huggingface.co/docs/transformers/main/en/main_classes/text_generation)
{"accepted": false, "accepted_total": 4, "task": 114, "task_id": "sigless_4f6b7ccb866f", "tasks": 1500, "visible_unique_passes": 0}
[transformers] Both `min_new_tokens` (=0) and `min_length`(=0) seem to have been set. `min_new_tokens` will take precedence. Please refer to the documentation for more information. (https://huggingface.co/docs/transformers/main/en/main_classes/text_generation)
{"accepted": false, "accepted_total": 4, "task": 115, "task_id": "fresh-eval-dae4c6a47ee5", "tasks": 1500, "visible_unique_passes": 0}
[transformers] Both `min_new_tokens` (=0) and `min_length`(=0) seem to have been set. `min_new_tokens` will take precedence. Please refer to the documentation for more information. (https://huggingface.co/docs/transformers/main/en/main_classes/text_generation)
{"accepted": false, "accepted_total": 4, "task": 116, "task_id": "fresh-eval-d53ec8a6ff35", "tasks": 1500, "visible_unique_passes": 0}
[transformers] Both `min_new_tokens` (=0) and `min_length`(=0) seem to have been set. `min_new_tokens` will take precedence. Please refer to the documentation for more information. (https://huggingface.co/docs/transformers/main/en/main_classes/text_generation)
{"accepted": false, "accepted_total": 4, "task": 117, "task_id": "sigless_5ff58e590f8e", "tasks": 1500, "visible_unique_passes": 0}
[transformers] Both `min_new_tokens` (=0) and `min_length`(=0) seem to have been set. `min_new_tokens` will take precedence. Please refer to the documentation for more information. (https://huggingface.co/docs/transformers/main/en/main_classes/text_generation)
{"accepted": false, "accepted_total": 4, "task": 118, "task_id": "sigless_388c314e6431", "tasks": 1500, "visible_unique_passes": 0}
[transformers] Both `min_new_tokens` (=0) and `min_length`(=0) seem to have been set. `min_new_tokens` will take precedence. Please refer to the documentation for more information. (https://huggingface.co/docs/transformers/main/en/main_classes/text_generation)
{"accepted": false, "accepted_total": 4, "task": 119, "task_id": "sigless_ac7e5f1d9830", "tasks": 1500, "visible_unique_passes": 0}
[transformers] Both `min_new_tokens` (=0) and `min_length`(=0) seem to have been set. `min_new_tokens` will take precedence. Please refer to the documentation for more information. (https://huggingface.co/docs/transformers/main/en/main_classes/text_generation)
{"accepted": false, "accepted_total": 4, "task": 120, "task_id": "fresh-eval-272a94d357a5", "tasks": 1500, "visible_unique_passes": 0}
[transformers] Both `min_new_tokens` (=0) and `min_length`(=0) seem to have been set. `min_new_tokens` will take precedence. Please refer to the documentation for more information. (https://huggingface.co/docs/transformers/main/en/main_classes/text_generation)
{"accepted": false, "accepted_total": 4, "task": 121, "task_id": "sigless_d9259c3c6e64", "tasks": 1500, "visible_unique_passes": 0}
[transformers] Both `min_new_tokens` (=0) and `min_length`(=0) seem to have been set. `min_new_tokens` will take precedence. Please refer to the documentation for more information. (https://huggingface.co/docs/transformers/main/en/main_classes/text_generation)
{"accepted": false, "accepted_total": 4, "task": 122, "task_id": "fresh-eval-cb4511521cfa", "tasks": 1500, "visible_unique_passes": 0}
[transformers] Both `min_new_tokens` (=0) and `min_length`(=0) seem to have been set. `min_new_tokens` will take precedence. Please refer to the documentation for more information. (https://huggingface.co/docs/transformers/main/en/main_classes/text_generation)
{"accepted": false, "accepted_total": 4, "task": 123, "task_id": "fresh-eval-6683d36e5288", "tasks": 1500, "visible_unique_passes": 0}
[transformers] Both `min_new_tokens` (=0) and `min_length`(=0) seem to have been set. `min_new_tokens` will take precedence. Please refer to the documentation for more information. (https://huggingface.co/docs/transformers/main/en/main_classes/text_generation)
{"accepted": false, "accepted_total": 4, "task": 124, "task_id": "sigless_5872901d959d", "tasks": 1500, "visible_unique_passes": 0}
[transformers] Both `min_new_tokens` (=0) and `min_length`(=0) seem to have been set. `min_new_tokens` will take precedence. Please refer to the documentation for more information. (https://huggingface.co/docs/transformers/main/en/main_classes/text_generation)
{"accepted": false, "accepted_total": 4, "task": 125, "task_id": "sigless_946e0a8b48ee", "tasks": 1500, "visible_unique_passes": 0}
[transformers] Both `min_new_tokens` (=0) and `min_length`(=0) seem to have been set. `min_new_tokens` will take precedence. Please refer to the documentation for more information. (https://huggingface.co/docs/transformers/main/en/main_classes/text_generation)
{"accepted": false, "accepted_total": 4, "task": 126, "task_id": "sigless_afc2c607fe0a", "tasks": 1500, "visible_unique_passes": 0}
[transformers] Both `min_new_tokens` (=0) and `min_length`(=0) seem to have been set. `min_new_tokens` will take precedence. Please refer to the documentation for more information. (https://huggingface.co/docs/transformers/main/en/main_classes/text_generation)
{"accepted": true, "accepted_total": 5, "task": 127, "task_id": "sigless_a2a13745e3d3", "tasks": 1500, "visible_unique_passes": 1}
[transformers] Both `min_new_tokens` (=0) and `min_length`(=0) seem to have been set. `min_new_tokens` will take precedence. Please refer to the documentation for more information. (https://huggingface.co/docs/transformers/main/en/main_classes/text_generation)
{"accepted": false, "accepted_total": 5, "task": 128, "task_id": "sigless_ee7d70613fbd", "tasks": 1500, "visible_unique_passes": 0}
[transformers] Both `min_new_tokens` (=0) and `min_length`(=0) seem to have been set. `min_new_tokens` will take precedence. Please refer to the documentation for more information. (https://huggingface.co/docs/transformers/main/en/main_classes/text_generation)
{"accepted": false, "accepted_total": 5, "task": 129, "task_id": "sigless_16aaf614b380", "tasks": 1500, "visible_unique_passes": 0}
[transformers] Both `min_new_tokens` (=0) and `min_length`(=0) seem to have been set. `min_new_tokens` will take precedence. Please refer to the documentation for more information. (https://huggingface.co/docs/transformers/main/en/main_classes/text_generation)
{"accepted": false, "accepted_total": 5, "task": 130, "task_id": "sigless_16f4b13e040d", "tasks": 1500, "visible_unique_passes": 0}
[transformers] Both `min_new_tokens` (=0) and `min_length`(=0) seem to have been set. `min_new_tokens` will take precedence. Please refer to the documentation for more information. (https://huggingface.co/docs/transformers/main/en/main_classes/text_generation)
{"accepted": false, "accepted_total": 5, "task": 131, "task_id": "fresh-eval-541f93e561d9", "tasks": 1500, "visible_unique_passes": 0}
[transformers] Both `min_new_tokens` (=0) and `min_length`(=0) seem to have been set. `min_new_tokens` will take precedence. Please refer to the documentation for more information. (https://huggingface.co/docs/transformers/main/en/main_classes/text_generation)
{"accepted": false, "accepted_total": 5, "task": 132, "task_id": "sigless_6cb3d2f3a1c6", "tasks": 1500, "visible_unique_passes": 0}
[transformers] Both `min_new_tokens` (=0) and `min_length`(=0) seem to have been set. `min_new_tokens` will take precedence. Please refer to the documentation for more information. (https://huggingface.co/docs/transformers/main/en/main_classes/text_generation)
{"accepted": false, "accepted_total": 5, "task": 133, "task_id": "fresh-eval-b89e4be6f65c", "tasks": 1500, "visible_unique_passes": 0}
[transformers] Both `min_new_tokens` (=0) and `min_length`(=0) seem to have been set. `min_new_tokens` will take precedence. Please refer to the documentation for more information. (https://huggingface.co/docs/transformers/main/en/main_classes/text_generation)
{"accepted": false, "accepted_total": 5, "task": 134, "task_id": "sigless_037a83cfa693", "tasks": 1500, "visible_unique_passes": 0}
[transformers] Both `min_new_tokens` (=0) and `min_length`(=0) seem to have been set. `min_new_tokens` will take precedence. Please refer to the documentation for more information. (https://huggingface.co/docs/transformers/main/en/main_classes/text_generation)
{"accepted": false, "accepted_total": 5, "task": 135, "task_id": "fresh-eval-ffb264b4a6ca", "tasks": 1500, "visible_unique_passes": 0}
[transformers] Both `min_new_tokens` (=0) and `min_length`(=0) seem to have been set. `min_new_tokens` will take precedence. Please refer to the documentation for more information. (https://huggingface.co/docs/transformers/main/en/main_classes/text_generation)
{"accepted": false, "accepted_total": 5, "task": 136, "task_id": "fresh-eval-9ee989a731f8", "tasks": 1500, "visible_unique_passes": 0}
[transformers] Both `min_new_tokens` (=0) and `min_length`(=0) seem to have been set. `min_new_tokens` will take precedence. Please refer to the documentation for more information. (https://huggingface.co/docs/transformers/main/en/main_classes/text_generation)
{"accepted": false, "accepted_total": 5, "task": 137, "task_id": "fresh-eval-4ee35d5d834a", "tasks": 1500, "visible_unique_passes": 0}
[transformers] Both `min_new_tokens` (=0) and `min_length`(=0) seem to have been set. `min_new_tokens` will take precedence. Please refer to the documentation for more information. (https://huggingface.co/docs/transformers/main/en/main_classes/text_generation)
{"accepted": false, "accepted_total": 5, "task": 138, "task_id": "sigless_2cceeb8e07f6", "tasks": 1500, "visible_unique_passes": 0}
[transformers] Both `min_new_tokens` (=0) and `min_length`(=0) seem to have been set. `min_new_tokens` will take precedence. Please refer to the documentation for more information. (https://huggingface.co/docs/transformers/main/en/main_classes/text_generation)
{"accepted": false, "accepted_total": 5, "task": 139, "task_id": "sigless_8827198af603", "tasks": 1500, "visible_unique_passes": 0}
[transformers] Both `min_new_tokens` (=0) and `min_length`(=0) seem to have been set. `min_new_tokens` will take precedence. Please refer to the documentation for more information. (https://huggingface.co/docs/transformers/main/en/main_classes/text_generation)
{"accepted": false, "accepted_total": 5, "task": 140, "task_id": "fresh-eval-d7abe80f85b5", "tasks": 1500, "visible_unique_passes": 0}
[transformers] Both `min_new_tokens` (=0) and `min_length`(=0) seem to have been set. `min_new_tokens` will take precedence. Please refer to the documentation for more information. (https://huggingface.co/docs/transformers/main/en/main_classes/text_generation)
{"accepted": false, "accepted_total": 5, "task": 141, "task_id": "fresh-eval-31f47b6ba2a5", "tasks": 1500, "visible_unique_passes": 0}
[transformers] Both `min_new_tokens` (=0) and `min_length`(=0) seem to have been set. `min_new_tokens` will take precedence. Please refer to the documentation for more information. (https://huggingface.co/docs/transformers/main/en/main_classes/text_generation)
{"accepted": false, "accepted_total": 5, "task": 142, "task_id": "sigless_bdc3fe7a76fa", "tasks": 1500, "visible_unique_passes": 0}
[transformers] Both `min_new_tokens` (=0) and `min_length`(=0) seem to have been set. `min_new_tokens` will take precedence. Please refer to the documentation for more information. (https://huggingface.co/docs/transformers/main/en/main_classes/text_generation)
{"accepted": false, "accepted_total": 5, "task": 143, "task_id": "sigless_32a0ebbb1ce3", "tasks": 1500, "visible_unique_passes": 0}
[transformers] Both `min_new_tokens` (=0) and `min_length`(=0) seem to have been set. `min_new_tokens` will take precedence. Please refer to the documentation for more information. (https://huggingface.co/docs/transformers/main/en/main_classes/text_generation)
{"accepted": false, "accepted_total": 5, "task": 144, "task_id": "sigless_2ed0aae31f64", "tasks": 1500, "visible_unique_passes": 0}
[transformers] Both `min_new_tokens` (=0) and `min_length`(=0) seem to have been set. `min_new_tokens` will take precedence. Please refer to the documentation for more information. (https://huggingface.co/docs/transformers/main/en/main_classes/text_generation)
{"accepted": false, "accepted_total": 5, "task": 145, "task_id": "sigless_8633d51aed95", "tasks": 1500, "visible_unique_passes": 0}
[transformers] Both `min_new_tokens` (=0) and `min_length`(=0) seem to have been set. `min_new_tokens` will take precedence. Please refer to the documentation for more information. (https://huggingface.co/docs/transformers/main/en/main_classes/text_generation)
{"accepted": false, "accepted_total": 5, "task": 146, "task_id": "sigless_13a7dd8b9754", "tasks": 1500, "visible_unique_passes": 0}
[transformers] Both `min_new_tokens` (=0) and `min_length`(=0) seem to have been set. `min_new_tokens` will take precedence. Please refer to the documentation for more information. (https://huggingface.co/docs/transformers/main/en/main_classes/text_generation)
{"accepted": false, "accepted_total": 5, "task": 147, "task_id": "sigless_c15e5860f3e3", "tasks": 1500, "visible_unique_passes": 0}
[transformers] Both `min_new_tokens` (=0) and `min_length`(=0) seem to have been set. `min_new_tokens` will take precedence. Please refer to the documentation for more information. (https://huggingface.co/docs/transformers/main/en/main_classes/text_generation)
{"accepted": false, "accepted_total": 5, "task": 148, "task_id": "sigless_d735a77c9442", "tasks": 1500, "visible_unique_passes": 0}
[transformers] Both `min_new_tokens` (=0) and `min_length`(=0) seem to have been set. `min_new_tokens` will take precedence. Please refer to the documentation for more information. (https://huggingface.co/docs/transformers/main/en/main_classes/text_generation)
{"accepted": false, "accepted_total": 5, "task": 149, "task_id": "sigless_b41496af33c7", "tasks": 1500, "visible_unique_passes": 0}
[transformers] Both `min_new_tokens` (=0) and `min_length`(=0) seem to have been set. `min_new_tokens` will take precedence. Please refer to the documentation for more information. (https://huggingface.co/docs/transformers/main/en/main_classes/text_generation)
{"accepted": false, "accepted_total": 5, "task": 150, "task_id": "sigless_3c7d4c054d9a", "tasks": 1500, "visible_unique_passes": 0}
[transformers] Both `min_new_tokens` (=0) and `min_length`(=0) seem to have been set. `min_new_tokens` will take precedence. Please refer to the documentation for more information. (https://huggingface.co/docs/transformers/main/en/main_classes/text_generation)
{"accepted": false, "accepted_total": 5, "task": 151, "task_id": "sigless_cb8b7f216fae", "tasks": 1500, "visible_unique_passes": 0}
[transformers] Both `min_new_tokens` (=0) and `min_length`(=0) seem to have been set. `min_new_tokens` will take precedence. Please refer to the documentation for more information. (https://huggingface.co/docs/transformers/main/en/main_classes/text_generation)
{"accepted": false, "accepted_total": 5, "task": 152, "task_id": "fresh-eval-d5cc50700ad1", "tasks": 1500, "visible_unique_passes": 0}
[transformers] Both `min_new_tokens` (=0) and `min_length`(=0) seem to have been set. `min_new_tokens` will take precedence. Please refer to the documentation for more information. (https://huggingface.co/docs/transformers/main/en/main_classes/text_generation)
{"accepted": false, "accepted_total": 5, "task": 153, "task_id": "sigless_97d95beb0952", "tasks": 1500, "visible_unique_passes": 0}
[transformers] Both `min_new_tokens` (=0) and `min_length`(=0) seem to have been set. `min_new_tokens` will take precedence. Please refer to the documentation for more information. (https://huggingface.co/docs/transformers/main/en/main_classes/text_generation)
{"accepted": false, "accepted_total": 5, "task": 154, "task_id": "sigless_48da30789c32", "tasks": 1500, "visible_unique_passes": 0}
[transformers] Both `min_new_tokens` (=0) and `min_length`(=0) seem to have been set. `min_new_tokens` will take precedence. Please refer to the documentation for more information. (https://huggingface.co/docs/transformers/main/en/main_classes/text_generation)
{"accepted": false, "accepted_total": 5, "task": 155, "task_id": "sigless_9313e4e9cd9b", "tasks": 1500, "visible_unique_passes": 0}
[transformers] Both `min_new_tokens` (=0) and `min_length`(=0) seem to have been set. `min_new_tokens` will take precedence. Please refer to the documentation for more information. (https://huggingface.co/docs/transformers/main/en/main_classes/text_generation)
{"accepted": false, "accepted_total": 5, "task": 156, "task_id": "sigless_764f39545d30", "tasks": 1500, "visible_unique_passes": 0}
[transformers] Both `min_new_tokens` (=0) and `min_length`(=0) seem to have been set. `min_new_tokens` will take precedence. Please refer to the documentation for more information. (https://huggingface.co/docs/transformers/main/en/main_classes/text_generation)
{"accepted": false, "accepted_total": 5, "task": 157, "task_id": "sigless_ebc735224b10", "tasks": 1500, "visible_unique_passes": 0}
[transformers] Both `min_new_tokens` (=0) and `min_length`(=0) seem to have been set. `min_new_tokens` will take precedence. Please refer to the documentation for more information. (https://huggingface.co/docs/transformers/main/en/main_classes/text_generation)
{"accepted": false, "accepted_total": 5, "task": 158, "task_id": "sigless_b368cb06bde1", "tasks": 1500, "visible_unique_passes": 0}
[transformers] Both `min_new_tokens` (=0) and `min_length`(=0) seem to have been set. `min_new_tokens` will take precedence. Please refer to the documentation for more information. (https://huggingface.co/docs/transformers/main/en/main_classes/text_generation)
{"accepted": false, "accepted_total": 5, "task": 159, "task_id": "fresh-eval-934684d960e2", "tasks": 1500, "visible_unique_passes": 0}
[transformers] Both `min_new_tokens` (=0) and `min_length`(=0) seem to have been set. `min_new_tokens` will take precedence. Please refer to the documentation for more information. (https://huggingface.co/docs/transformers/main/en/main_classes/text_generation)
{"accepted": false, "accepted_total": 5, "task": 160, "task_id": "sigless_58746dfa400d", "tasks": 1500, "visible_unique_passes": 0}
[transformers] Both `min_new_tokens` (=0) and `min_length`(=0) seem to have been set. `min_new_tokens` will take precedence. Please refer to the documentation for more information. (https://huggingface.co/docs/transformers/main/en/main_classes/text_generation)
{"accepted": false, "accepted_total": 5, "task": 161, "task_id": "sigless_fa5d6466520d", "tasks": 1500, "visible_unique_passes": 0}
[transformers] Both `min_new_tokens` (=0) and `min_length`(=0) seem to have been set. `min_new_tokens` will take precedence. Please refer to the documentation for more information. (https://huggingface.co/docs/transformers/main/en/main_classes/text_generation)
{"accepted": true, "accepted_total": 6, "task": 162, "task_id": "fresh-eval-0ba48085973b", "tasks": 1500, "visible_unique_passes": 2}
[transformers] Both `min_new_tokens` (=0) and `min_length`(=0) seem to have been set. `min_new_tokens` will take precedence. Please refer to the documentation for more information. (https://huggingface.co/docs/transformers/main/en/main_classes/text_generation)
{"accepted": false, "accepted_total": 6, "task": 163, "task_id": "fresh-eval-95ba8ee7258b", "tasks": 1500, "visible_unique_passes": 0}
[transformers] Both `min_new_tokens` (=0) and `min_length`(=0) seem to have been set. `min_new_tokens` will take precedence. Please refer to the documentation for more information. (https://huggingface.co/docs/transformers/main/en/main_classes/text_generation)
{"accepted": false, "accepted_total": 6, "task": 164, "task_id": "sigless_148f77d7380c", "tasks": 1500, "visible_unique_passes": 0}
[transformers] Both `min_new_tokens` (=0) and `min_length`(=0) seem to have been set. `min_new_tokens` will take precedence. Please refer to the documentation for more information. (https://huggingface.co/docs/transformers/main/en/main_classes/text_generation)
{"accepted": false, "accepted_total": 6, "task": 165, "task_id": "sigless_e42efcdddab1", "tasks": 1500, "visible_unique_passes": 0}
[transformers] Both `min_new_tokens` (=0) and `min_length`(=0) seem to have been set. `min_new_tokens` will take precedence. Please refer to the documentation for more information. (https://huggingface.co/docs/transformers/main/en/main_classes/text_generation)
{"accepted": false, "accepted_total": 6, "task": 166, "task_id": "sigless_db328298f8c7", "tasks": 1500, "visible_unique_passes": 0}
[transformers] Both `min_new_tokens` (=0) and `min_length`(=0) seem to have been set. `min_new_tokens` will take precedence. Please refer to the documentation for more information. (https://huggingface.co/docs/transformers/main/en/main_classes/text_generation)
{"accepted": true, "accepted_total": 7, "task": 167, "task_id": "sigless_e4666e36fe81", "tasks": 1500, "visible_unique_passes": 1}
[transformers] Both `min_new_tokens` (=0) and `min_length`(=0) seem to have been set. `min_new_tokens` will take precedence. Please refer to the documentation for more information. (https://huggingface.co/docs/transformers/main/en/main_classes/text_generation)
{"accepted": false, "accepted_total": 7, "task": 168, "task_id": "sigless_399d3d67edf9", "tasks": 1500, "visible_unique_passes": 0}
[transformers] Both `min_new_tokens` (=0) and `min_length`(=0) seem to have been set. `min_new_tokens` will take precedence. Please refer to the documentation for more information. (https://huggingface.co/docs/transformers/main/en/main_classes/text_generation)
{"accepted": false, "accepted_total": 7, "task": 169, "task_id": "sigless_3b79442b6ed4", "tasks": 1500, "visible_unique_passes": 0}
[transformers] Both `min_new_tokens` (=0) and `min_length`(=0) seem to have been set. `min_new_tokens` will take precedence. Please refer to the documentation for more information. (https://huggingface.co/docs/transformers/main/en/main_classes/text_generation)
{"accepted": false, "accepted_total": 7, "task": 170, "task_id": "fresh-eval-d983d52b9c1f", "tasks": 1500, "visible_unique_passes": 0}
[transformers] Both `min_new_tokens` (=0) and `min_length`(=0) seem to have been set. `min_new_tokens` will take precedence. Please refer to the documentation for more information. (https://huggingface.co/docs/transformers/main/en/main_classes/text_generation)
{"accepted": false, "accepted_total": 7, "task": 171, "task_id": "sigless_7e314bd29bc0", "tasks": 1500, "visible_unique_passes": 0}
[transformers] Both `min_new_tokens` (=0) and `min_length`(=0) seem to have been set. `min_new_tokens` will take precedence. Please refer to the documentation for more information. (https://huggingface.co/docs/transformers/main/en/main_classes/text_generation)
{"accepted": false, "accepted_total": 7, "task": 172, "task_id": "fresh-eval-46fd1f72d9f1", "tasks": 1500, "visible_unique_passes": 0}
[transformers] Both `min_new_tokens` (=0) and `min_length`(=0) seem to have been set. `min_new_tokens` will take precedence. Please refer to the documentation for more information. (https://huggingface.co/docs/transformers/main/en/main_classes/text_generation)
{"accepted": false, "accepted_total": 7, "task": 173, "task_id": "fresh-eval-053434525606", "tasks": 1500, "visible_unique_passes": 0}
[transformers] Both `min_new_tokens` (=0) and `min_length`(=0) seem to have been set. `min_new_tokens` will take precedence. Please refer to the documentation for more information. (https://huggingface.co/docs/transformers/main/en/main_classes/text_generation)
{"accepted": false, "accepted_total": 7, "task": 174, "task_id": "sigless_9d0f3e499d2c", "tasks": 1500, "visible_unique_passes": 0}
[transformers] Both `min_new_tokens` (=0) and `min_length`(=0) seem to have been set. `min_new_tokens` will take precedence. Please refer to the documentation for more information. (https://huggingface.co/docs/transformers/main/en/main_classes/text_generation)
{"accepted": false, "accepted_total": 7, "task": 175, "task_id": "sigless_76c13a325358", "tasks": 1500, "visible_unique_passes": 0}
[transformers] Both `min_new_tokens` (=0) and `min_length`(=0) seem to have been set. `min_new_tokens` will take precedence. Please refer to the documentation for more information. (https://huggingface.co/docs/transformers/main/en/main_classes/text_generation)
{"accepted": false, "accepted_total": 7, "task": 176, "task_id": "fresh-eval-a1e1ee7d5564", "tasks": 1500, "visible_unique_passes": 0}
[transformers] Both `min_new_tokens` (=0) and `min_length`(=0) seem to have been set. `min_new_tokens` will take precedence. Please refer to the documentation for more information. (https://huggingface.co/docs/transformers/main/en/main_classes/text_generation)
{"accepted": false, "accepted_total": 7, "task": 177, "task_id": "sigless_a63618b7280a", "tasks": 1500, "visible_unique_passes": 0}
[transformers] Both `min_new_tokens` (=0) and `min_length`(=0) seem to have been set. `min_new_tokens` will take precedence. Please refer to the documentation for more information. (https://huggingface.co/docs/transformers/main/en/main_classes/text_generation)
{"accepted": false, "accepted_total": 7, "task": 178, "task_id": "fresh-eval-5669fd454723", "tasks": 1500, "visible_unique_passes": 0}
[transformers] Both `min_new_tokens` (=0) and `min_length`(=0) seem to have been set. `min_new_tokens` will take precedence. Please refer to the documentation for more information. (https://huggingface.co/docs/transformers/main/en/main_classes/text_generation)
{"accepted": false, "accepted_total": 7, "task": 179, "task_id": "fresh-eval-12e19d785497", "tasks": 1500, "visible_unique_passes": 0}
[transformers] Both `min_new_tokens` (=0) and `min_length`(=0) seem to have been set. `min_new_tokens` will take precedence. Please refer to the documentation for more information. (https://huggingface.co/docs/transformers/main/en/main_classes/text_generation)
{"accepted": false, "accepted_total": 7, "task": 180, "task_id": "fresh-eval-b71df8db0390", "tasks": 1500, "visible_unique_passes": 0}
[transformers] Both `min_new_tokens` (=0) and `min_length`(=0) seem to have been set. `min_new_tokens` will take precedence. Please refer to the documentation for more information. (https://huggingface.co/docs/transformers/main/en/main_classes/text_generation)
{"accepted": false, "accepted_total": 7, "task": 181, "task_id": "fresh-eval-60c2bcfe24e4", "tasks": 1500, "visible_unique_passes": 0}
[transformers] Both `min_new_tokens` (=0) and `min_length`(=0) seem to have been set. `min_new_tokens` will take precedence. Please refer to the documentation for more information. (https://huggingface.co/docs/transformers/main/en/main_classes/text_generation)
{"accepted": false, "accepted_total": 7, "task": 182, "task_id": "fresh-eval-bfed0c8999b4", "tasks": 1500, "visible_unique_passes": 0}
[transformers] Both `min_new_tokens` (=0) and `min_length`(=0) seem to have been set. `min_new_tokens` will take precedence. Please refer to the documentation for more information. (https://huggingface.co/docs/transformers/main/en/main_classes/text_generation)
{"accepted": false, "accepted_total": 7, "task": 183, "task_id": "sigless_235c9a1f35e3", "tasks": 1500, "visible_unique_passes": 0}
[transformers] Both `min_new_tokens` (=0) and `min_length`(=0) seem to have been set. `min_new_tokens` will take precedence. Please refer to the documentation for more information. (https://huggingface.co/docs/transformers/main/en/main_classes/text_generation)
{"accepted": false, "accepted_total": 7, "task": 184, "task_id": "fresh-eval-8078dac03e5f", "tasks": 1500, "visible_unique_passes": 0}
[transformers] Both `min_new_tokens` (=0) and `min_length`(=0) seem to have been set. `min_new_tokens` will take precedence. Please refer to the documentation for more information. (https://huggingface.co/docs/transformers/main/en/main_classes/text_generation)
{"accepted": false, "accepted_total": 7, "task": 185, "task_id": "sigless_ec2433dcab23", "tasks": 1500, "visible_unique_passes": 0}
[transformers] Both `min_new_tokens` (=0) and `min_length`(=0) seem to have been set. `min_new_tokens` will take precedence. Please refer to the documentation for more information. (https://huggingface.co/docs/transformers/main/en/main_classes/text_generation)
{"accepted": false, "accepted_total": 7, "task": 186, "task_id": "sigless_a24574f2a414", "tasks": 1500, "visible_unique_passes": 0}
[transformers] Both `min_new_tokens` (=0) and `min_length`(=0) seem to have been set. `min_new_tokens` will take precedence. Please refer to the documentation for more information. (https://huggingface.co/docs/transformers/main/en/main_classes/text_generation)
{"accepted": false, "accepted_total": 7, "task": 187, "task_id": "sigless_00fca81586fc", "tasks": 1500, "visible_unique_passes": 0}
[transformers] Both `min_new_tokens` (=0) and `min_length`(=0) seem to have been set. `min_new_tokens` will take precedence. Please refer to the documentation for more information. (https://huggingface.co/docs/transformers/main/en/main_classes/text_generation)
{"accepted": false, "accepted_total": 7, "task": 188, "task_id": "sigless_4ff8bd844523", "tasks": 1500, "visible_unique_passes": 0}
[transformers] Both `min_new_tokens` (=0) and `min_length`(=0) seem to have been set. `min_new_tokens` will take precedence. Please refer to the documentation for more information. (https://huggingface.co/docs/transformers/main/en/main_classes/text_generation)
{"accepted": false, "accepted_total": 7, "task": 189, "task_id": "sigless_08b4932c76ef", "tasks": 1500, "visible_unique_passes": 0}
[transformers] Both `min_new_tokens` (=0) and `min_length`(=0) seem to have been set. `min_new_tokens` will take precedence. Please refer to the documentation for more information. (https://huggingface.co/docs/transformers/main/en/main_classes/text_generation)
{"accepted": false, "accepted_total": 7, "task": 190, "task_id": "fresh-eval-c90793346915", "tasks": 1500, "visible_unique_passes": 0}
[transformers] Both `min_new_tokens` (=0) and `min_length`(=0) seem to have been set. `min_new_tokens` will take precedence. Please refer to the documentation for more information. (https://huggingface.co/docs/transformers/main/en/main_classes/text_generation)
{"accepted": false, "accepted_total": 7, "task": 191, "task_id": "sigless_37a89d6ec41a", "tasks": 1500, "visible_unique_passes": 0}
[transformers] Both `min_new_tokens` (=0) and `min_length`(=0) seem to have been set. `min_new_tokens` will take precedence. Please refer to the documentation for more information. (https://huggingface.co/docs/transformers/main/en/main_classes/text_generation)
{"accepted": false, "accepted_total": 7, "task": 192, "task_id": "sigless_1927f708f601", "tasks": 1500, "visible_unique_passes": 0}
[transformers] Both `min_new_tokens` (=0) and `min_length`(=0) seem to have been set. `min_new_tokens` will take precedence. Please refer to the documentation for more information. (https://huggingface.co/docs/transformers/main/en/main_classes/text_generation)
{"accepted": false, "accepted_total": 7, "task": 193, "task_id": "fresh-eval-4ab0a88fe69b", "tasks": 1500, "visible_unique_passes": 0}
[transformers] Both `min_new_tokens` (=0) and `min_length`(=0) seem to have been set. `min_new_tokens` will take precedence. Please refer to the documentation for more information. (https://huggingface.co/docs/transformers/main/en/main_classes/text_generation)
{"accepted": false, "accepted_total": 7, "task": 194, "task_id": "fresh-eval-67df5de76249", "tasks": 1500, "visible_unique_passes": 0}
[transformers] Both `min_new_tokens` (=0) and `min_length`(=0) seem to have been set. `min_new_tokens` will take precedence. Please refer to the documentation for more information. (https://huggingface.co/docs/transformers/main/en/main_classes/text_generation)
{"accepted": false, "accepted_total": 7, "task": 195, "task_id": "sigless_ff88740d3e0a", "tasks": 1500, "visible_unique_passes": 0}
[transformers] Both `min_new_tokens` (=0) and `min_length`(=0) seem to have been set. `min_new_tokens` will take precedence. Please refer to the documentation for more information. (https://huggingface.co/docs/transformers/main/en/main_classes/text_generation)
{"accepted": false, "accepted_total": 7, "task": 196, "task_id": "fresh-eval-b5550eb08b8b", "tasks": 1500, "visible_unique_passes": 0}
[transformers] Both `min_new_tokens` (=0) and `min_length`(=0) seem to have been set. `min_new_tokens` will take precedence. Please refer to the documentation for more information. (https://huggingface.co/docs/transformers/main/en/main_classes/text_generation)
{"accepted": false, "accepted_total": 7, "task": 197, "task_id": "fresh-eval-82523069ca1c", "tasks": 1500, "visible_unique_passes": 1}
[transformers] Both `min_new_tokens` (=0) and `min_length`(=0) seem to have been set. `min_new_tokens` will take precedence. Please refer to the documentation for more information. (https://huggingface.co/docs/transformers/main/en/main_classes/text_generation)
{"accepted": false, "accepted_total": 7, "task": 198, "task_id": "sigless_ce877ce68b19", "tasks": 1500, "visible_unique_passes": 0}
[transformers] Both `min_new_tokens` (=0) and `min_length`(=0) seem to have been set. `min_new_tokens` will take precedence. Please refer to the documentation for more information. (https://huggingface.co/docs/transformers/main/en/main_classes/text_generation)
{"accepted": false, "accepted_total": 7, "task": 199, "task_id": "sigless_57027513bb38", "tasks": 1500, "visible_unique_passes": 0}
[transformers] Both `min_new_tokens` (=0) and `min_length`(=0) seem to have been set. `min_new_tokens` will take precedence. Please refer to the documentation for more information. (https://huggingface.co/docs/transformers/main/en/main_classes/text_generation)
{"accepted": false, "accepted_total": 7, "task": 200, "task_id": "sigless_736aa7627d04", "tasks": 1500, "visible_unique_passes": 0}
[transformers] Both `min_new_tokens` (=0) and `min_length`(=0) seem to have been set. `min_new_tokens` will take precedence. Please refer to the documentation for more information. (https://huggingface.co/docs/transformers/main/en/main_classes/text_generation)
{"accepted": false, "accepted_total": 7, "task": 201, "task_id": "fresh-eval-d369650329af", "tasks": 1500, "visible_unique_passes": 0}
[transformers] Both `min_new_tokens` (=0) and `min_length`(=0) seem to have been set. `min_new_tokens` will take precedence. Please refer to the documentation for more information. (https://huggingface.co/docs/transformers/main/en/main_classes/text_generation)
{"accepted": false, "accepted_total": 7, "task": 202, "task_id": "sigless_cb7f0dda4063", "tasks": 1500, "visible_unique_passes": 0}
[transformers] Both `min_new_tokens` (=0) and `min_length`(=0) seem to have been set. `min_new_tokens` will take precedence. Please refer to the documentation for more information. (https://huggingface.co/docs/transformers/main/en/main_classes/text_generation)
{"accepted": false, "accepted_total": 7, "task": 203, "task_id": "sigless_4686488c1971", "tasks": 1500, "visible_unique_passes": 0}
[transformers] Both `min_new_tokens` (=0) and `min_length`(=0) seem to have been set. `min_new_tokens` will take precedence. Please refer to the documentation for more information. (https://huggingface.co/docs/transformers/main/en/main_classes/text_generation)
{"accepted": false, "accepted_total": 7, "task": 204, "task_id": "fresh-eval-06b5e832ca86", "tasks": 1500, "visible_unique_passes": 0}
[transformers] Both `min_new_tokens` (=0) and `min_length`(=0) seem to have been set. `min_new_tokens` will take precedence. Please refer to the documentation for more information. (https://huggingface.co/docs/transformers/main/en/main_classes/text_generation)
{"accepted": false, "accepted_total": 7, "task": 205, "task_id": "fresh-eval-61f17f443aaf", "tasks": 1500, "visible_unique_passes": 0}
[transformers] Both `min_new_tokens` (=0) and `min_length`(=0) seem to have been set. `min_new_tokens` will take precedence. Please refer to the documentation for more information. (https://huggingface.co/docs/transformers/main/en/main_classes/text_generation)
{"accepted": false, "accepted_total": 7, "task": 206, "task_id": "sigless_2109d025019a", "tasks": 1500, "visible_unique_passes": 0}
[transformers] Both `min_new_tokens` (=0) and `min_length`(=0) seem to have been set. `min_new_tokens` will take precedence. Please refer to the documentation for more information. (https://huggingface.co/docs/transformers/main/en/main_classes/text_generation)
{"accepted": false, "accepted_total": 7, "task": 207, "task_id": "fresh-eval-ab076010ff34", "tasks": 1500, "visible_unique_passes": 0}
[transformers] Both `min_new_tokens` (=0) and `min_length`(=0) seem to have been set. `min_new_tokens` will take precedence. Please refer to the documentation for more information. (https://huggingface.co/docs/transformers/main/en/main_classes/text_generation)
{"accepted": false, "accepted_total": 7, "task": 208, "task_id": "fresh-eval-4f4075787f6f", "tasks": 1500, "visible_unique_passes": 0}
[transformers] Both `min_new_tokens` (=0) and `min_length`(=0) seem to have been set. `min_new_tokens` will take precedence. Please refer to the documentation for more information. (https://huggingface.co/docs/transformers/main/en/main_classes/text_generation)
{"accepted": true, "accepted_total": 8, "task": 209, "task_id": "fresh-eval-db9e2916e1b5", "tasks": 1500, "visible_unique_passes": 1}
[transformers] Both `min_new_tokens` (=0) and `min_length`(=0) seem to have been set. `min_new_tokens` will take precedence. Please refer to the documentation for more information. (https://huggingface.co/docs/transformers/main/en/main_classes/text_generation)
{"accepted": false, "accepted_total": 8, "task": 210, "task_id": "fresh-eval-3fdc2178228c", "tasks": 1500, "visible_unique_passes": 0}
[transformers] Both `min_new_tokens` (=0) and `min_length`(=0) seem to have been set. `min_new_tokens` will take precedence. Please refer to the documentation for more information. (https://huggingface.co/docs/transformers/main/en/main_classes/text_generation)
{"accepted": false, "accepted_total": 8, "task": 211, "task_id": "fresh-eval-a77c28d48f51", "tasks": 1500, "visible_unique_passes": 0}
[transformers] Both `min_new_tokens` (=0) and `min_length`(=0) seem to have been set. `min_new_tokens` will take precedence. Please refer to the documentation for more information. (https://huggingface.co/docs/transformers/main/en/main_classes/text_generation)
{"accepted": false, "accepted_total": 8, "task": 212, "task_id": "fresh-eval-a2702f17ed6f", "tasks": 1500, "visible_unique_passes": 0}
[transformers] Both `min_new_tokens` (=0) and `min_length`(=0) seem to have been set. `min_new_tokens` will take precedence. Please refer to the documentation for more information. (https://huggingface.co/docs/transformers/main/en/main_classes/text_generation)
{"accepted": true, "accepted_total": 9, "task": 213, "task_id": "fresh-eval-447a3c5388ce", "tasks": 1500, "visible_unique_passes": 1}
[transformers] Both `min_new_tokens` (=0) and `min_length`(=0) seem to have been set. `min_new_tokens` will take precedence. Please refer to the documentation for more information. (https://huggingface.co/docs/transformers/main/en/main_classes/text_generation)
{"accepted": true, "accepted_total": 10, "task": 214, "task_id": "sigless_9069c08f5f4b", "tasks": 1500, "visible_unique_passes": 1}
[transformers] Both `min_new_tokens` (=0) and `min_length`(=0) seem to have been set. `min_new_tokens` will take precedence. Please refer to the documentation for more information. (https://huggingface.co/docs/transformers/main/en/main_classes/text_generation)
{"accepted": false, "accepted_total": 10, "task": 215, "task_id": "sigless_5069ef634589", "tasks": 1500, "visible_unique_passes": 0}
[transformers] Both `min_new_tokens` (=0) and `min_length`(=0) seem to have been set. `min_new_tokens` will take precedence. Please refer to the documentation for more information. (https://huggingface.co/docs/transformers/main/en/main_classes/text_generation)
{"accepted": false, "accepted_total": 10, "task": 216, "task_id": "fresh-eval-80c7f1eba81b", "tasks": 1500, "visible_unique_passes": 0}
[transformers] Both `min_new_tokens` (=0) and `min_length`(=0) seem to have been set. `min_new_tokens` will take precedence. Please refer to the documentation for more information. (https://huggingface.co/docs/transformers/main/en/main_classes/text_generation)
{"accepted": false, "accepted_total": 10, "task": 217, "task_id": "fresh-eval-6cc433f34bed", "tasks": 1500, "visible_unique_passes": 0}
[transformers] Both `min_new_tokens` (=0) and `min_length`(=0) seem to have been set. `min_new_tokens` will take precedence. Please refer to the documentation for more information. (https://huggingface.co/docs/transformers/main/en/main_classes/text_generation)
{"accepted": false, "accepted_total": 10, "task": 218, "task_id": "sigless_dfd38d464b34", "tasks": 1500, "visible_unique_passes": 0}
[transformers] Both `min_new_tokens` (=0) and `min_length`(=0) seem to have been set. `min_new_tokens` will take precedence. Please refer to the documentation for more information. (https://huggingface.co/docs/transformers/main/en/main_classes/text_generation)
{"accepted": false, "accepted_total": 10, "task": 219, "task_id": "fresh-eval-43b3371aa5c5", "tasks": 1500, "visible_unique_passes": 0}
[transformers] Both `min_new_tokens` (=0) and `min_length`(=0) seem to have been set. `min_new_tokens` will take precedence. Please refer to the documentation for more information. (https://huggingface.co/docs/transformers/main/en/main_classes/text_generation)
{"accepted": false, "accepted_total": 10, "task": 220, "task_id": "fresh-eval-f92b6586e0ca", "tasks": 1500, "visible_unique_passes": 0}
[transformers] Both `min_new_tokens` (=0) and `min_length`(=0) seem to have been set. `min_new_tokens` will take precedence. Please refer to the documentation for more information. (https://huggingface.co/docs/transformers/main/en/main_classes/text_generation)
{"accepted": false, "accepted_total": 10, "task": 221, "task_id": "fresh-eval-2f477f9ac371", "tasks": 1500, "visible_unique_passes": 0}
[transformers] Both `min_new_tokens` (=0) and `min_length`(=0) seem to have been set. `min_new_tokens` will take precedence. Please refer to the documentation for more information. (https://huggingface.co/docs/transformers/main/en/main_classes/text_generation)
{"accepted": false, "accepted_total": 10, "task": 222, "task_id": "sigless_c6c0e58fb84c", "tasks": 1500, "visible_unique_passes": 0}
[transformers] Both `min_new_tokens` (=0) and `min_length`(=0) seem to have been set. `min_new_tokens` will take precedence. Please refer to the documentation for more information. (https://huggingface.co/docs/transformers/main/en/main_classes/text_generation)
{"accepted": false, "accepted_total": 10, "task": 223, "task_id": "sigless_d4328de32368", "tasks": 1500, "visible_unique_passes": 0}
[transformers] Both `min_new_tokens` (=0) and `min_length`(=0) seem to have been set. `min_new_tokens` will take precedence. Please refer to the documentation for more information. (https://huggingface.co/docs/transformers/main/en/main_classes/text_generation)
{"accepted": false, "accepted_total": 10, "task": 224, "task_id": "sigless_4f9074a7eed5", "tasks": 1500, "visible_unique_passes": 0}
[transformers] Both `min_new_tokens` (=0) and `min_length`(=0) seem to have been set. `min_new_tokens` will take precedence. Please refer to the documentation for more information. (https://huggingface.co/docs/transformers/main/en/main_classes/text_generation)
{"accepted": false, "accepted_total": 10, "task": 225, "task_id": "sigless_b11b19c460d3", "tasks": 1500, "visible_unique_passes": 0}
[transformers] Both `min_new_tokens` (=0) and `min_length`(=0) seem to have been set. `min_new_tokens` will take precedence. Please refer to the documentation for more information. (https://huggingface.co/docs/transformers/main/en/main_classes/text_generation)
{"accepted": false, "accepted_total": 10, "task": 226, "task_id": "sigless_138ce9eaad5e", "tasks": 1500, "visible_unique_passes": 0}
[transformers] Both `min_new_tokens` (=0) and `min_length`(=0) seem to have been set. `min_new_tokens` will take precedence. Please refer to the documentation for more information. (https://huggingface.co/docs/transformers/main/en/main_classes/text_generation)
{"accepted": false, "accepted_total": 10, "task": 227, "task_id": "sigless_f3e2c3b85193", "tasks": 1500, "visible_unique_passes": 0}
[transformers] Both `min_new_tokens` (=0) and `min_length`(=0) seem to have been set. `min_new_tokens` will take precedence. Please refer to the documentation for more information. (https://huggingface.co/docs/transformers/main/en/main_classes/text_generation)
{"accepted": false, "accepted_total": 10, "task": 228, "task_id": "sigless_13439b7dbb3a", "tasks": 1500, "visible_unique_passes": 0}
[transformers] Both `min_new_tokens` (=0) and `min_length`(=0) seem to have been set. `min_new_tokens` will take precedence. Please refer to the documentation for more information. (https://huggingface.co/docs/transformers/main/en/main_classes/text_generation)
{"accepted": false, "accepted_total": 10, "task": 229, "task_id": "fresh-eval-e1ecc8c603a0", "tasks": 1500, "visible_unique_passes": 0}
[transformers] Both `min_new_tokens` (=0) and `min_length`(=0) seem to have been set. `min_new_tokens` will take precedence. Please refer to the documentation for more information. (https://huggingface.co/docs/transformers/main/en/main_classes/text_generation)
{"accepted": false, "accepted_total": 10, "task": 230, "task_id": "sigless_c004cde4f585", "tasks": 1500, "visible_unique_passes": 0}
[transformers] Both `min_new_tokens` (=0) and `min_length`(=0) seem to have been set. `min_new_tokens` will take precedence. Please refer to the documentation for more information. (https://huggingface.co/docs/transformers/main/en/main_classes/text_generation)
{"accepted": false, "accepted_total": 10, "task": 231, "task_id": "sigless_f139c80b6731", "tasks": 1500, "visible_unique_passes": 0}
[transformers] Both `min_new_tokens` (=0) and `min_length`(=0) seem to have been set. `min_new_tokens` will take precedence. Please refer to the documentation for more information. (https://huggingface.co/docs/transformers/main/en/main_classes/text_generation)
{"accepted": false, "accepted_total": 10, "task": 232, "task_id": "sigless_a08a60a2c34f", "tasks": 1500, "visible_unique_passes": 0}
[transformers] Both `min_new_tokens` (=0) and `min_length`(=0) seem to have been set. `min_new_tokens` will take precedence. Please refer to the documentation for more information. (https://huggingface.co/docs/transformers/main/en/main_classes/text_generation)
{"accepted": false, "accepted_total": 10, "task": 233, "task_id": "sigless_a4c7076f4aaf", "tasks": 1500, "visible_unique_passes": 0}
[transformers] Both `min_new_tokens` (=0) and `min_length`(=0) seem to have been set. `min_new_tokens` will take precedence. Please refer to the documentation for more information. (https://huggingface.co/docs/transformers/main/en/main_classes/text_generation)
{"accepted": false, "accepted_total": 10, "task": 234, "task_id": "sigless_c6efd0c3a123", "tasks": 1500, "visible_unique_passes": 0}
[transformers] Both `min_new_tokens` (=0) and `min_length`(=0) seem to have been set. `min_new_tokens` will take precedence. Please refer to the documentation for more information. (https://huggingface.co/docs/transformers/main/en/main_classes/text_generation)
{"accepted": false, "accepted_total": 10, "task": 235, "task_id": "sigless_c084b2fa1b52", "tasks": 1500, "visible_unique_passes": 0}
[transformers] Both `min_new_tokens` (=0) and `min_length`(=0) seem to have been set. `min_new_tokens` will take precedence. Please refer to the documentation for more information. (https://huggingface.co/docs/transformers/main/en/main_classes/text_generation)
{"accepted": false, "accepted_total": 10, "task": 236, "task_id": "fresh-eval-401c03b07c3c", "tasks": 1500, "visible_unique_passes": 0}
[transformers] Both `min_new_tokens` (=0) and `min_length`(=0) seem to have been set. `min_new_tokens` will take precedence. Please refer to the documentation for more information. (https://huggingface.co/docs/transformers/main/en/main_classes/text_generation)
{"accepted": false, "accepted_total": 10, "task": 237, "task_id": "fresh-eval-99fde9d16e64", "tasks": 1500, "visible_unique_passes": 0}
[transformers] Both `min_new_tokens` (=0) and `min_length`(=0) seem to have been set. `min_new_tokens` will take precedence. Please refer to the documentation for more information. (https://huggingface.co/docs/transformers/main/en/main_classes/text_generation)
{"accepted": false, "accepted_total": 10, "task": 238, "task_id": "sigless_05324e057621", "tasks": 1500, "visible_unique_passes": 0}
[transformers] Both `min_new_tokens` (=0) and `min_length`(=0) seem to have been set. `min_new_tokens` will take precedence. Please refer to the documentation for more information. (https://huggingface.co/docs/transformers/main/en/main_classes/text_generation)
{"accepted": false, "accepted_total": 10, "task": 239, "task_id": "sigless_c1cca0d0c5c6", "tasks": 1500, "visible_unique_passes": 0}
[transformers] Both `min_new_tokens` (=0) and `min_length`(=0) seem to have been set. `min_new_tokens` will take precedence. Please refer to the documentation for more information. (https://huggingface.co/docs/transformers/main/en/main_classes/text_generation)
{"accepted": false, "accepted_total": 10, "task": 240, "task_id": "sigless_d231f9caf3c1", "tasks": 1500, "visible_unique_passes": 0}
[transformers] Both `min_new_tokens` (=0) and `min_length`(=0) seem to have been set. `min_new_tokens` will take precedence. Please refer to the documentation for more information. (https://huggingface.co/docs/transformers/main/en/main_classes/text_generation)
{"accepted": false, "accepted_total": 10, "task": 241, "task_id": "sigless_c28303589b76", "tasks": 1500, "visible_unique_passes": 0}
[transformers] Both `min_new_tokens` (=0) and `min_length`(=0) seem to have been set. `min_new_tokens` will take precedence. Please refer to the documentation for more information. (https://huggingface.co/docs/transformers/main/en/main_classes/text_generation)
{"accepted": false, "accepted_total": 10, "task": 242, "task_id": "sigless_de6a5acac393", "tasks": 1500, "visible_unique_passes": 0}
[transformers] Both `min_new_tokens` (=0) and `min_length`(=0) seem to have been set. `min_new_tokens` will take precedence. Please refer to the documentation for more information. (https://huggingface.co/docs/transformers/main/en/main_classes/text_generation)
{"accepted": false, "accepted_total": 10, "task": 243, "task_id": "fresh-eval-60670077b0e2", "tasks": 1500, "visible_unique_passes": 0}
[transformers] Both `min_new_tokens` (=0) and `min_length`(=0) seem to have been set. `min_new_tokens` will take precedence. Please refer to the documentation for more information. (https://huggingface.co/docs/transformers/main/en/main_classes/text_generation)
{"accepted": false, "accepted_total": 10, "task": 244, "task_id": "fresh-eval-616b875ce7cf", "tasks": 1500, "visible_unique_passes": 0}
[transformers] Both `min_new_tokens` (=0) and `min_length`(=0) seem to have been set. `min_new_tokens` will take precedence. Please refer to the documentation for more information. (https://huggingface.co/docs/transformers/main/en/main_classes/text_generation)
{"accepted": false, "accepted_total": 10, "task": 245, "task_id": "sigless_db577636f2a7", "tasks": 1500, "visible_unique_passes": 0}
[transformers] Both `min_new_tokens` (=0) and `min_length`(=0) seem to have been set. `min_new_tokens` will take precedence. Please refer to the documentation for more information. (https://huggingface.co/docs/transformers/main/en/main_classes/text_generation)
{"accepted": false, "accepted_total": 10, "task": 246, "task_id": "sigless_3749d7489c7c", "tasks": 1500, "visible_unique_passes": 0}
[transformers] Both `min_new_tokens` (=0) and `min_length`(=0) seem to have been set. `min_new_tokens` will take precedence. Please refer to the documentation for more information. (https://huggingface.co/docs/transformers/main/en/main_classes/text_generation)
{"accepted": false, "accepted_total": 10, "task": 247, "task_id": "fresh-eval-c8974d7a7119", "tasks": 1500, "visible_unique_passes": 0}
[transformers] Both `min_new_tokens` (=0) and `min_length`(=0) seem to have been set. `min_new_tokens` will take precedence. Please refer to the documentation for more information. (https://huggingface.co/docs/transformers/main/en/main_classes/text_generation)
{"accepted": false, "accepted_total": 10, "task": 248, "task_id": "sigless_6cfc70d378dd", "tasks": 1500, "visible_unique_passes": 0}
[transformers] Both `min_new_tokens` (=0) and `min_length`(=0) seem to have been set. `min_new_tokens` will take precedence. Please refer to the documentation for more information. (https://huggingface.co/docs/transformers/main/en/main_classes/text_generation)
{"accepted": false, "accepted_total": 10, "task": 249, "task_id": "sigless_d2d65331e5c2", "tasks": 1500, "visible_unique_passes": 0}
[transformers] Both `min_new_tokens` (=0) and `min_length`(=0) seem to have been set. `min_new_tokens` will take precedence. Please refer to the documentation for more information. (https://huggingface.co/docs/transformers/main/en/main_classes/text_generation)
{"accepted": false, "accepted_total": 10, "task": 250, "task_id": "sigless_04fe0abfa30b", "tasks": 1500, "visible_unique_passes": 0}
[transformers] Both `min_new_tokens` (=0) and `min_length`(=0) seem to have been set. `min_new_tokens` will take precedence. Please refer to the documentation for more information. (https://huggingface.co/docs/transformers/main/en/main_classes/text_generation)
{"accepted": false, "accepted_total": 10, "task": 251, "task_id": "sigless_245625de910f", "tasks": 1500, "visible_unique_passes": 0}
[transformers] Both `min_new_tokens` (=0) and `min_length`(=0) seem to have been set. `min_new_tokens` will take precedence. Please refer to the documentation for more information. (https://huggingface.co/docs/transformers/main/en/main_classes/text_generation)
{"accepted": false, "accepted_total": 10, "task": 252, "task_id": "sigless_2b17ddcf6c38", "tasks": 1500, "visible_unique_passes": 0}
[transformers] Both `min_new_tokens` (=0) and `min_length`(=0) seem to have been set. `min_new_tokens` will take precedence. Please refer to the documentation for more information. (https://huggingface.co/docs/transformers/main/en/main_classes/text_generation)
{"accepted": false, "accepted_total": 10, "task": 253, "task_id": "fresh-eval-c9a1dac8b9d8", "tasks": 1500, "visible_unique_passes": 0}
[transformers] Both `min_new_tokens` (=0) and `min_length`(=0) seem to have been set. `min_new_tokens` will take precedence. Please refer to the documentation for more information. (https://huggingface.co/docs/transformers/main/en/main_classes/text_generation)
{"accepted": false, "accepted_total": 10, "task": 254, "task_id": "sigless_46526231a356", "tasks": 1500, "visible_unique_passes": 0}
[transformers] Both `min_new_tokens` (=0) and `min_length`(=0) seem to have been set. `min_new_tokens` will take precedence. Please refer to the documentation for more information. (https://huggingface.co/docs/transformers/main/en/main_classes/text_generation)
{"accepted": false, "accepted_total": 10, "task": 255, "task_id": "sigless_f7705be5acc9", "tasks": 1500, "visible_unique_passes": 0}
[transformers] Both `min_new_tokens` (=0) and `min_length`(=0) seem to have been set. `min_new_tokens` will take precedence. Please refer to the documentation for more information. (https://huggingface.co/docs/transformers/main/en/main_classes/text_generation)
{"accepted": false, "accepted_total": 10, "task": 256, "task_id": "fresh-eval-af2fea8eff33", "tasks": 1500, "visible_unique_passes": 0}
[transformers] Both `min_new_tokens` (=0) and `min_length`(=0) seem to have been set. `min_new_tokens` will take precedence. Please refer to the documentation for more information. (https://huggingface.co/docs/transformers/main/en/main_classes/text_generation)
{"accepted": false, "accepted_total": 10, "task": 257, "task_id": "sigless_7b31da914133", "tasks": 1500, "visible_unique_passes": 0}
[transformers] Both `min_new_tokens` (=0) and `min_length`(=0) seem to have been set. `min_new_tokens` will take precedence. Please refer to the documentation for more information. (https://huggingface.co/docs/transformers/main/en/main_classes/text_generation)
{"accepted": false, "accepted_total": 10, "task": 258, "task_id": "fresh-eval-7a23087e87f0", "tasks": 1500, "visible_unique_passes": 0}
[transformers] Both `min_new_tokens` (=0) and `min_length`(=0) seem to have been set. `min_new_tokens` will take precedence. Please refer to the documentation for more information. (https://huggingface.co/docs/transformers/main/en/main_classes/text_generation)
{"accepted": false, "accepted_total": 10, "task": 259, "task_id": "fresh-eval-4dc2ccd35d85", "tasks": 1500, "visible_unique_passes": 0}
[transformers] Both `min_new_tokens` (=0) and `min_length`(=0) seem to have been set. `min_new_tokens` will take precedence. Please refer to the documentation for more information. (https://huggingface.co/docs/transformers/main/en/main_classes/text_generation)
{"accepted": false, "accepted_total": 10, "task": 260, "task_id": "fresh-eval-b6f3785de709", "tasks": 1500, "visible_unique_passes": 0}
[transformers] Both `min_new_tokens` (=0) and `min_length`(=0) seem to have been set. `min_new_tokens` will take precedence. Please refer to the documentation for more information. (https://huggingface.co/docs/transformers/main/en/main_classes/text_generation)
{"accepted": false, "accepted_total": 10, "task": 261, "task_id": "sigless_42a1f04378b2", "tasks": 1500, "visible_unique_passes": 0}
[transformers] Both `min_new_tokens` (=0) and `min_length`(=0) seem to have been set. `min_new_tokens` will take precedence. Please refer to the documentation for more information. (https://huggingface.co/docs/transformers/main/en/main_classes/text_generation)
{"accepted": false, "accepted_total": 10, "task": 262, "task_id": "fresh-eval-1a4ae9d4d210", "tasks": 1500, "visible_unique_passes": 0}
[transformers] Both `min_new_tokens` (=0) and `min_length`(=0) seem to have been set. `min_new_tokens` will take precedence. Please refer to the documentation for more information. (https://huggingface.co/docs/transformers/main/en/main_classes/text_generation)
{"accepted": false, "accepted_total": 10, "task": 263, "task_id": "sigless_379c83cb1f2c", "tasks": 1500, "visible_unique_passes": 0}
[transformers] Both `min_new_tokens` (=0) and `min_length`(=0) seem to have been set. `min_new_tokens` will take precedence. Please refer to the documentation for more information. (https://huggingface.co/docs/transformers/main/en/main_classes/text_generation)
{"accepted": false, "accepted_total": 10, "task": 264, "task_id": "sigless_52c0482fa011", "tasks": 1500, "visible_unique_passes": 0}
[transformers] Both `min_new_tokens` (=0) and `min_length`(=0) seem to have been set. `min_new_tokens` will take precedence. Please refer to the documentation for more information. (https://huggingface.co/docs/transformers/main/en/main_classes/text_generation)
{"accepted": false, "accepted_total": 10, "task": 265, "task_id": "fresh-eval-6dc601a1f90e", "tasks": 1500, "visible_unique_passes": 0}
[transformers] Both `min_new_tokens` (=0) and `min_length`(=0) seem to have been set. `min_new_tokens` will take precedence. Please refer to the documentation for more information. (https://huggingface.co/docs/transformers/main/en/main_classes/text_generation)
{"accepted": false, "accepted_total": 10, "task": 266, "task_id": "sigless_81299d9a7119", "tasks": 1500, "visible_unique_passes": 0}
[transformers] Both `min_new_tokens` (=0) and `min_length`(=0) seem to have been set. `min_new_tokens` will take precedence. Please refer to the documentation for more information. (https://huggingface.co/docs/transformers/main/en/main_classes/text_generation)
{"accepted": false, "accepted_total": 10, "task": 267, "task_id": "sigless_ac8cdbdba57a", "tasks": 1500, "visible_unique_passes": 0}
[transformers] Both `min_new_tokens` (=0) and `min_length`(=0) seem to have been set. `min_new_tokens` will take precedence. Please refer to the documentation for more information. (https://huggingface.co/docs/transformers/main/en/main_classes/text_generation)
{"accepted": false, "accepted_total": 10, "task": 268, "task_id": "sigless_63a2947d5d69", "tasks": 1500, "visible_unique_passes": 0}
[transformers] Both `min_new_tokens` (=0) and `min_length`(=0) seem to have been set. `min_new_tokens` will take precedence. Please refer to the documentation for more information. (https://huggingface.co/docs/transformers/main/en/main_classes/text_generation)
{"accepted": false, "accepted_total": 10, "task": 269, "task_id": "sigless_8e59c9b8b5e6", "tasks": 1500, "visible_unique_passes": 0}
[transformers] Both `min_new_tokens` (=0) and `min_length`(=0) seem to have been set. `min_new_tokens` will take precedence. Please refer to the documentation for more information. (https://huggingface.co/docs/transformers/main/en/main_classes/text_generation)
{"accepted": false, "accepted_total": 10, "task": 270, "task_id": "sigless_e9c970ad8337", "tasks": 1500, "visible_unique_passes": 0}
[transformers] Both `min_new_tokens` (=0) and `min_length`(=0) seem to have been set. `min_new_tokens` will take precedence. Please refer to the documentation for more information. (https://huggingface.co/docs/transformers/main/en/main_classes/text_generation)
{"accepted": false, "accepted_total": 10, "task": 271, "task_id": "fresh-eval-79507a310d6e", "tasks": 1500, "visible_unique_passes": 0}
[transformers] Both `min_new_tokens` (=0) and `min_length`(=0) seem to have been set. `min_new_tokens` will take precedence. Please refer to the documentation for more information. (https://huggingface.co/docs/transformers/main/en/main_classes/text_generation)
{"accepted": false, "accepted_total": 10, "task": 272, "task_id": "sigless_ab267dcfcb70", "tasks": 1500, "visible_unique_passes": 0}
[transformers] Both `min_new_tokens` (=0) and `min_length`(=0) seem to have been set. `min_new_tokens` will take precedence. Please refer to the documentation for more information. (https://huggingface.co/docs/transformers/main/en/main_classes/text_generation)
{"accepted": false, "accepted_total": 10, "task": 273, "task_id": "sigless_f80271b50fdf", "tasks": 1500, "visible_unique_passes": 0}
[transformers] Both `min_new_tokens` (=0) and `min_length`(=0) seem to have been set. `min_new_tokens` will take precedence. Please refer to the documentation for more information. (https://huggingface.co/docs/transformers/main/en/main_classes/text_generation)
{"accepted": false, "accepted_total": 10, "task": 274, "task_id": "sigless_30cd57d07a8b", "tasks": 1500, "visible_unique_passes": 0}
[transformers] Both `min_new_tokens` (=0) and `min_length`(=0) seem to have been set. `min_new_tokens` will take precedence. Please refer to the documentation for more information. (https://huggingface.co/docs/transformers/main/en/main_classes/text_generation)
{"accepted": false, "accepted_total": 10, "task": 275, "task_id": "sigless_dbbc9b4071b8", "tasks": 1500, "visible_unique_passes": 0}
[transformers] Both `min_new_tokens` (=0) and `min_length`(=0) seem to have been set. `min_new_tokens` will take precedence. Please refer to the documentation for more information. (https://huggingface.co/docs/transformers/main/en/main_classes/text_generation)
{"accepted": false, "accepted_total": 10, "task": 276, "task_id": "sigless_95c9aaf30eb5", "tasks": 1500, "visible_unique_passes": 0}
[transformers] Both `min_new_tokens` (=0) and `min_length`(=0) seem to have been set. `min_new_tokens` will take precedence. Please refer to the documentation for more information. (https://huggingface.co/docs/transformers/main/en/main_classes/text_generation)
{"accepted": false, "accepted_total": 10, "task": 277, "task_id": "fresh-eval-c7400f9e7c53", "tasks": 1500, "visible_unique_passes": 0}
[transformers] Both `min_new_tokens` (=0) and `min_length`(=0) seem to have been set. `min_new_tokens` will take precedence. Please refer to the documentation for more information. (https://huggingface.co/docs/transformers/main/en/main_classes/text_generation)
{"accepted": false, "accepted_total": 10, "task": 278, "task_id": "sigless_98f5e6ed8de4", "tasks": 1500, "visible_unique_passes": 0}
[transformers] Both `min_new_tokens` (=0) and `min_length`(=0) seem to have been set. `min_new_tokens` will take precedence. Please refer to the documentation for more information. (https://huggingface.co/docs/transformers/main/en/main_classes/text_generation)
{"accepted": false, "accepted_total": 10, "task": 279, "task_id": "sigless_bfae60aff458", "tasks": 1500, "visible_unique_passes": 0}
[transformers] Both `min_new_tokens` (=0) and `min_length`(=0) seem to have been set. `min_new_tokens` will take precedence. Please refer to the documentation for more information. (https://huggingface.co/docs/transformers/main/en/main_classes/text_generation)
{"accepted": false, "accepted_total": 10, "task": 280, "task_id": "fresh-eval-46a41e744a24", "tasks": 1500, "visible_unique_passes": 0}
[transformers] Both `min_new_tokens` (=0) and `min_length`(=0) seem to have been set. `min_new_tokens` will take precedence. Please refer to the documentation for more information. (https://huggingface.co/docs/transformers/main/en/main_classes/text_generation)
{"accepted": false, "accepted_total": 10, "task": 281, "task_id": "sigless_737020729913", "tasks": 1500, "visible_unique_passes": 0}
[transformers] Both `min_new_tokens` (=0) and `min_length`(=0) seem to have been set. `min_new_tokens` will take precedence. Please refer to the documentation for more information. (https://huggingface.co/docs/transformers/main/en/main_classes/text_generation)
{"accepted": false, "accepted_total": 10, "task": 282, "task_id": "fresh-eval-87dce2b3cfb2", "tasks": 1500, "visible_unique_passes": 0}
[transformers] Both `min_new_tokens` (=0) and `min_length`(=0) seem to have been set. `min_new_tokens` will take precedence. Please refer to the documentation for more information. (https://huggingface.co/docs/transformers/main/en/main_classes/text_generation)
{"accepted": false, "accepted_total": 10, "task": 283, "task_id": "fresh-eval-443730ec0309", "tasks": 1500, "visible_unique_passes": 0}
[transformers] Both `min_new_tokens` (=0) and `min_length`(=0) seem to have been set. `min_new_tokens` will take precedence. Please refer to the documentation for more information. (https://huggingface.co/docs/transformers/main/en/main_classes/text_generation)
{"accepted": false, "accepted_total": 10, "task": 284, "task_id": "fresh-eval-d2dd83e59bff", "tasks": 1500, "visible_unique_passes": 0}
[transformers] Both `min_new_tokens` (=0) and `min_length`(=0) seem to have been set. `min_new_tokens` will take precedence. Please refer to the documentation for more information. (https://huggingface.co/docs/transformers/main/en/main_classes/text_generation)
{"accepted": false, "accepted_total": 10, "task": 285, "task_id": "fresh-eval-bf93c13108eb", "tasks": 1500, "visible_unique_passes": 0}
[transformers] Both `min_new_tokens` (=0) and `min_length`(=0) seem to have been set. `min_new_tokens` will take precedence. Please refer to the documentation for more information. (https://huggingface.co/docs/transformers/main/en/main_classes/text_generation)
{"accepted": false, "accepted_total": 10, "task": 286, "task_id": "sigless_9e6d2fa4567f", "tasks": 1500, "visible_unique_passes": 0}
[transformers] Both `min_new_tokens` (=0) and `min_length`(=0) seem to have been set. `min_new_tokens` will take precedence. Please refer to the documentation for more information. (https://huggingface.co/docs/transformers/main/en/main_classes/text_generation)
{"accepted": false, "accepted_total": 10, "task": 287, "task_id": "fresh-eval-e963d96aeb21", "tasks": 1500, "visible_unique_passes": 0}
[transformers] Both `min_new_tokens` (=0) and `min_length`(=0) seem to have been set. `min_new_tokens` will take precedence. Please refer to the documentation for more information. (https://huggingface.co/docs/transformers/main/en/main_classes/text_generation)
{"accepted": false, "accepted_total": 10, "task": 288, "task_id": "fresh-eval-95bc01e82937", "tasks": 1500, "visible_unique_passes": 0}
[transformers] Both `min_new_tokens` (=0) and `min_length`(=0) seem to have been set. `min_new_tokens` will take precedence. Please refer to the documentation for more information. (https://huggingface.co/docs/transformers/main/en/main_classes/text_generation)
{"accepted": false, "accepted_total": 10, "task": 289, "task_id": "sigless_65d64fc73d3e", "tasks": 1500, "visible_unique_passes": 0}
[transformers] Both `min_new_tokens` (=0) and `min_length`(=0) seem to have been set. `min_new_tokens` will take precedence. Please refer to the documentation for more information. (https://huggingface.co/docs/transformers/main/en/main_classes/text_generation)
{"accepted": false, "accepted_total": 10, "task": 290, "task_id": "sigless_90b87a48f3be", "tasks": 1500, "visible_unique_passes": 0}
[transformers] Both `min_new_tokens` (=0) and `min_length`(=0) seem to have been set. `min_new_tokens` will take precedence. Please refer to the documentation for more information. (https://huggingface.co/docs/transformers/main/en/main_classes/text_generation)
{"accepted": false, "accepted_total": 10, "task": 291, "task_id": "fresh-eval-cb128976dab9", "tasks": 1500, "visible_unique_passes": 0}
[transformers] Both `min_new_tokens` (=0) and `min_length`(=0) seem to have been set. `min_new_tokens` will take precedence. Please refer to the documentation for more information. (https://huggingface.co/docs/transformers/main/en/main_classes/text_generation)
{"accepted": false, "accepted_total": 10, "task": 292, "task_id": "sigless_70da962c825c", "tasks": 1500, "visible_unique_passes": 0}
[transformers] Both `min_new_tokens` (=0) and `min_length`(=0) seem to have been set. `min_new_tokens` will take precedence. Please refer to the documentation for more information. (https://huggingface.co/docs/transformers/main/en/main_classes/text_generation)
{"accepted": false, "accepted_total": 10, "task": 293, "task_id": "fresh-eval-98329ee073db", "tasks": 1500, "visible_unique_passes": 0}
[transformers] Both `min_new_tokens` (=0) and `min_length`(=0) seem to have been set. `min_new_tokens` will take precedence. Please refer to the documentation for more information. (https://huggingface.co/docs/transformers/main/en/main_classes/text_generation)
{"accepted": false, "accepted_total": 10, "task": 294, "task_id": "sigless_f72a68734ad0", "tasks": 1500, "visible_unique_passes": 0}
[transformers] Both `min_new_tokens` (=0) and `min_length`(=0) seem to have been set. `min_new_tokens` will take precedence. Please refer to the documentation for more information. (https://huggingface.co/docs/transformers/main/en/main_classes/text_generation)
{"accepted": false, "accepted_total": 10, "task": 295, "task_id": "sigless_86dddf478ce3", "tasks": 1500, "visible_unique_passes": 0}
[transformers] Both `min_new_tokens` (=0) and `min_length`(=0) seem to have been set. `min_new_tokens` will take precedence. Please refer to the documentation for more information. (https://huggingface.co/docs/transformers/main/en/main_classes/text_generation)
{"accepted": false, "accepted_total": 10, "task": 296, "task_id": "fresh-eval-3b31e3a3cfce", "tasks": 1500, "visible_unique_passes": 0}
[transformers] Both `min_new_tokens` (=0) and `min_length`(=0) seem to have been set. `min_new_tokens` will take precedence. Please refer to the documentation for more information. (https://huggingface.co/docs/transformers/main/en/main_classes/text_generation)
{"accepted": false, "accepted_total": 10, "task": 297, "task_id": "fresh-eval-9a81d5e6bfa4", "tasks": 1500, "visible_unique_passes": 0}
[transformers] Both `min_new_tokens` (=0) and `min_length`(=0) seem to have been set. `min_new_tokens` will take precedence. Please refer to the documentation for more information. (https://huggingface.co/docs/transformers/main/en/main_classes/text_generation)
{"accepted": false, "accepted_total": 10, "task": 298, "task_id": "fresh-eval-2ac19e2312f2", "tasks": 1500, "visible_unique_passes": 0}
[transformers] Both `min_new_tokens` (=0) and `min_length`(=0) seem to have been set. `min_new_tokens` will take precedence. Please refer to the documentation for more information. (https://huggingface.co/docs/transformers/main/en/main_classes/text_generation)
{"accepted": false, "accepted_total": 10, "task": 299, "task_id": "fresh-eval-0c22ff1fdb3e", "tasks": 1500, "visible_unique_passes": 0}
[transformers] Both `min_new_tokens` (=0) and `min_length`(=0) seem to have been set. `min_new_tokens` will take precedence. Please refer to the documentation for more information. (https://huggingface.co/docs/transformers/main/en/main_classes/text_generation)
{"accepted": false, "accepted_total": 10, "task": 300, "task_id": "sigless_6f18fdb8a164", "tasks": 1500, "visible_unique_passes": 0}
[transformers] Both `min_new_tokens` (=0) and `min_length`(=0) seem to have been set. `min_new_tokens` will take precedence. Please refer to the documentation for more information. (https://huggingface.co/docs/transformers/main/en/main_classes/text_generation)
{"accepted": false, "accepted_total": 10, "task": 301, "task_id": "sigless_f4350b2e3372", "tasks": 1500, "visible_unique_passes": 0}
[transformers] Both `min_new_tokens` (=0) and `min_length`(=0) seem to have been set. `min_new_tokens` will take precedence. Please refer to the documentation for more information. (https://huggingface.co/docs/transformers/main/en/main_classes/text_generation)
{"accepted": false, "accepted_total": 10, "task": 302, "task_id": "sigless_3366bdb728e8", "tasks": 1500, "visible_unique_passes": 0}
[transformers] Both `min_new_tokens` (=0) and `min_length`(=0) seem to have been set. `min_new_tokens` will take precedence. Please refer to the documentation for more information. (https://huggingface.co/docs/transformers/main/en/main_classes/text_generation)
{"accepted": false, "accepted_total": 10, "task": 303, "task_id": "fresh-eval-55b6b7f5eedd", "tasks": 1500, "visible_unique_passes": 0}
[transformers] Both `min_new_tokens` (=0) and `min_length`(=0) seem to have been set. `min_new_tokens` will take precedence. Please refer to the documentation for more information. (https://huggingface.co/docs/transformers/main/en/main_classes/text_generation)
{"accepted": false, "accepted_total": 10, "task": 304, "task_id": "sigless_f57b47cce3c9", "tasks": 1500, "visible_unique_passes": 0}
[transformers] Both `min_new_tokens` (=0) and `min_length`(=0) seem to have been set. `min_new_tokens` will take precedence. Please refer to the documentation for more information. (https://huggingface.co/docs/transformers/main/en/main_classes/text_generation)
{"accepted": false, "accepted_total": 10, "task": 305, "task_id": "fresh-eval-6697c373d83a", "tasks": 1500, "visible_unique_passes": 0}
[transformers] Both `min_new_tokens` (=0) and `min_length`(=0) seem to have been set. `min_new_tokens` will take precedence. Please refer to the documentation for more information. (https://huggingface.co/docs/transformers/main/en/main_classes/text_generation)
{"accepted": false, "accepted_total": 10, "task": 306, "task_id": "sigless_f9991a98a4f9", "tasks": 1500, "visible_unique_passes": 0}
[transformers] Both `min_new_tokens` (=0) and `min_length`(=0) seem to have been set. `min_new_tokens` will take precedence. Please refer to the documentation for more information. (https://huggingface.co/docs/transformers/main/en/main_classes/text_generation)
{"accepted": false, "accepted_total": 10, "task": 307, "task_id": "fresh-eval-1f882a192f1b", "tasks": 1500, "visible_unique_passes": 0}
[transformers] Both `min_new_tokens` (=0) and `min_length`(=0) seem to have been set. `min_new_tokens` will take precedence. Please refer to the documentation for more information. (https://huggingface.co/docs/transformers/main/en/main_classes/text_generation)
{"accepted": false, "accepted_total": 10, "task": 308, "task_id": "fresh-eval-ff745e0f2cef", "tasks": 1500, "visible_unique_passes": 0}
[transformers] Both `min_new_tokens` (=0) and `min_length`(=0) seem to have been set. `min_new_tokens` will take precedence. Please refer to the documentation for more information. (https://huggingface.co/docs/transformers/main/en/main_classes/text_generation)
{"accepted": false, "accepted_total": 10, "task": 309, "task_id": "sigless_c8b2cf967455", "tasks": 1500, "visible_unique_passes": 0}
[transformers] Both `min_new_tokens` (=0) and `min_length`(=0) seem to have been set. `min_new_tokens` will take precedence. Please refer to the documentation for more information. (https://huggingface.co/docs/transformers/main/en/main_classes/text_generation)
{"accepted": false, "accepted_total": 10, "task": 310, "task_id": "sigless_7fa93e50f39f", "tasks": 1500, "visible_unique_passes": 0}
[transformers] Both `min_new_tokens` (=0) and `min_length`(=0) seem to have been set. `min_new_tokens` will take precedence. Please refer to the documentation for more information. (https://huggingface.co/docs/transformers/main/en/main_classes/text_generation)
{"accepted": false, "accepted_total": 10, "task": 311, "task_id": "fresh-eval-e954c8fb9064", "tasks": 1500, "visible_unique_passes": 0}
[transformers] Both `min_new_tokens` (=0) and `min_length`(=0) seem to have been set. `min_new_tokens` will take precedence. Please refer to the documentation for more information. (https://huggingface.co/docs/transformers/main/en/main_classes/text_generation)
{"accepted": false, "accepted_total": 10, "task": 312, "task_id": "sigless_10dee176dca4", "tasks": 1500, "visible_unique_passes": 0}
[transformers] Both `min_new_tokens` (=0) and `min_length`(=0) seem to have been set. `min_new_tokens` will take precedence. Please refer to the documentation for more information. (https://huggingface.co/docs/transformers/main/en/main_classes/text_generation)
{"accepted": false, "accepted_total": 10, "task": 313, "task_id": "fresh-eval-71ad4d8aa77d", "tasks": 1500, "visible_unique_passes": 0}
[transformers] Both `min_new_tokens` (=0) and `min_length`(=0) seem to have been set. `min_new_tokens` will take precedence. Please refer to the documentation for more information. (https://huggingface.co/docs/transformers/main/en/main_classes/text_generation)
{"accepted": false, "accepted_total": 10, "task": 314, "task_id": "fresh-eval-fa901890264f", "tasks": 1500, "visible_unique_passes": 0}
[transformers] Both `min_new_tokens` (=0) and `min_length`(=0) seem to have been set. `min_new_tokens` will take precedence. Please refer to the documentation for more information. (https://huggingface.co/docs/transformers/main/en/main_classes/text_generation)
{"accepted": false, "accepted_total": 10, "task": 315, "task_id": "fresh-eval-1cbdf57ca1d8", "tasks": 1500, "visible_unique_passes": 0}
[transformers] Both `min_new_tokens` (=0) and `min_length`(=0) seem to have been set. `min_new_tokens` will take precedence. Please refer to the documentation for more information. (https://huggingface.co/docs/transformers/main/en/main_classes/text_generation)
{"accepted": false, "accepted_total": 10, "task": 316, "task_id": "sigless_0e44805622bb", "tasks": 1500, "visible_unique_passes": 0}
[transformers] Both `min_new_tokens` (=0) and `min_length`(=0) seem to have been set. `min_new_tokens` will take precedence. Please refer to the documentation for more information. (https://huggingface.co/docs/transformers/main/en/main_classes/text_generation)
{"accepted": false, "accepted_total": 10, "task": 317, "task_id": "fresh-eval-56de396ac740", "tasks": 1500, "visible_unique_passes": 0}
[transformers] Both `min_new_tokens` (=0) and `min_length`(=0) seem to have been set. `min_new_tokens` will take precedence. Please refer to the documentation for more information. (https://huggingface.co/docs/transformers/main/en/main_classes/text_generation)
{"accepted": false, "accepted_total": 10, "task": 318, "task_id": "fresh-eval-4e195e82a545", "tasks": 1500, "visible_unique_passes": 0}
[transformers] Both `min_new_tokens` (=0) and `min_length`(=0) seem to have been set. `min_new_tokens` will take precedence. Please refer to the documentation for more information. (https://huggingface.co/docs/transformers/main/en/main_classes/text_generation)
{"accepted": false, "accepted_total": 10, "task": 319, "task_id": "fresh-eval-794554972b49", "tasks": 1500, "visible_unique_passes": 0}
[transformers] Both `min_new_tokens` (=0) and `min_length`(=0) seem to have been set. `min_new_tokens` will take precedence. Please refer to the documentation for more information. (https://huggingface.co/docs/transformers/main/en/main_classes/text_generation)
{"accepted": false, "accepted_total": 10, "task": 320, "task_id": "sigless_cb5a96661187", "tasks": 1500, "visible_unique_passes": 0}
[transformers] Both `min_new_tokens` (=0) and `min_length`(=0) seem to have been set. `min_new_tokens` will take precedence. Please refer to the documentation for more information. (https://huggingface.co/docs/transformers/main/en/main_classes/text_generation)
{"accepted": false, "accepted_total": 10, "task": 321, "task_id": "sigless_4e53325b91fa", "tasks": 1500, "visible_unique_passes": 0}
[transformers] Both `min_new_tokens` (=0) and `min_length`(=0) seem to have been set. `min_new_tokens` will take precedence. Please refer to the documentation for more information. (https://huggingface.co/docs/transformers/main/en/main_classes/text_generation)
{"accepted": false, "accepted_total": 10, "task": 322, "task_id": "fresh-eval-d05aa462136e", "tasks": 1500, "visible_unique_passes": 0}
[transformers] Both `min_new_tokens` (=0) and `min_length`(=0) seem to have been set. `min_new_tokens` will take precedence. Please refer to the documentation for more information. (https://huggingface.co/docs/transformers/main/en/main_classes/text_generation)
{"accepted": false, "accepted_total": 10, "task": 323, "task_id": "sigless_ced22ff988f0", "tasks": 1500, "visible_unique_passes": 0}
[transformers] Both `min_new_tokens` (=0) and `min_length`(=0) seem to have been set. `min_new_tokens` will take precedence. Please refer to the documentation for more information. (https://huggingface.co/docs/transformers/main/en/main_classes/text_generation)
{"accepted": false, "accepted_total": 10, "task": 324, "task_id": "sigless_29617a96ff32", "tasks": 1500, "visible_unique_passes": 0}
[transformers] Both `min_new_tokens` (=0) and `min_length`(=0) seem to have been set. `min_new_tokens` will take precedence. Please refer to the documentation for more information. (https://huggingface.co/docs/transformers/main/en/main_classes/text_generation)
{"accepted": false, "accepted_total": 10, "task": 325, "task_id": "sigless_da005ad69cdb", "tasks": 1500, "visible_unique_passes": 0}
[transformers] Both `min_new_tokens` (=0) and `min_length`(=0) seem to have been set. `min_new_tokens` will take precedence. Please refer to the documentation for more information. (https://huggingface.co/docs/transformers/main/en/main_classes/text_generation)
{"accepted": false, "accepted_total": 10, "task": 326, "task_id": "fresh-eval-f0013911879c", "tasks": 1500, "visible_unique_passes": 0}
[transformers] Both `min_new_tokens` (=0) and `min_length`(=0) seem to have been set. `min_new_tokens` will take precedence. Please refer to the documentation for more information. (https://huggingface.co/docs/transformers/main/en/main_classes/text_generation)
{"accepted": false, "accepted_total": 10, "task": 327, "task_id": "sigless_49b37259eb8e", "tasks": 1500, "visible_unique_passes": 0}
[transformers] Both `min_new_tokens` (=0) and `min_length`(=0) seem to have been set. `min_new_tokens` will take precedence. Please refer to the documentation for more information. (https://huggingface.co/docs/transformers/main/en/main_classes/text_generation)
{"accepted": false, "accepted_total": 10, "task": 328, "task_id": "fresh-eval-4a3578d75d3b", "tasks": 1500, "visible_unique_passes": 0}
[transformers] Both `min_new_tokens` (=0) and `min_length`(=0) seem to have been set. `min_new_tokens` will take precedence. Please refer to the documentation for more information. (https://huggingface.co/docs/transformers/main/en/main_classes/text_generation)
{"accepted": false, "accepted_total": 10, "task": 329, "task_id": "fresh-eval-ddec5bcb872f", "tasks": 1500, "visible_unique_passes": 0}
[transformers] Both `min_new_tokens` (=0) and `min_length`(=0) seem to have been set. `min_new_tokens` will take precedence. Please refer to the documentation for more information. (https://huggingface.co/docs/transformers/main/en/main_classes/text_generation)
{"accepted": false, "accepted_total": 10, "task": 330, "task_id": "sigless_557348c6591e", "tasks": 1500, "visible_unique_passes": 0}
[transformers] Both `min_new_tokens` (=0) and `min_length`(=0) seem to have been set. `min_new_tokens` will take precedence. Please refer to the documentation for more information. (https://huggingface.co/docs/transformers/main/en/main_classes/text_generation)
{"accepted": false, "accepted_total": 10, "task": 331, "task_id": "sigless_cf0dc4200761", "tasks": 1500, "visible_unique_passes": 0}
[transformers] Both `min_new_tokens` (=0) and `min_length`(=0) seem to have been set. `min_new_tokens` will take precedence. Please refer to the documentation for more information. (https://huggingface.co/docs/transformers/main/en/main_classes/text_generation)
{"accepted": false, "accepted_total": 10, "task": 332, "task_id": "fresh-eval-d78181441539", "tasks": 1500, "visible_unique_passes": 0}
[transformers] Both `min_new_tokens` (=0) and `min_length`(=0) seem to have been set. `min_new_tokens` will take precedence. Please refer to the documentation for more information. (https://huggingface.co/docs/transformers/main/en/main_classes/text_generation)
{"accepted": false, "accepted_total": 10, "task": 333, "task_id": "fresh-eval-247df66b85fd", "tasks": 1500, "visible_unique_passes": 0}
[transformers] Both `min_new_tokens` (=0) and `min_length`(=0) seem to have been set. `min_new_tokens` will take precedence. Please refer to the documentation for more information. (https://huggingface.co/docs/transformers/main/en/main_classes/text_generation)
{"accepted": false, "accepted_total": 10, "task": 334, "task_id": "sigless_cc092971b507", "tasks": 1500, "visible_unique_passes": 0}
[transformers] Both `min_new_tokens` (=0) and `min_length`(=0) seem to have been set. `min_new_tokens` will take precedence. Please refer to the documentation for more information. (https://huggingface.co/docs/transformers/main/en/main_classes/text_generation)
{"accepted": false, "accepted_total": 10, "task": 335, "task_id": "fresh-eval-d7c02dd879e2", "tasks": 1500, "visible_unique_passes": 0}
[transformers] Both `min_new_tokens` (=0) and `min_length`(=0) seem to have been set. `min_new_tokens` will take precedence. Please refer to the documentation for more information. (https://huggingface.co/docs/transformers/main/en/main_classes/text_generation)
{"accepted": false, "accepted_total": 10, "task": 336, "task_id": "fresh-eval-83ed80f2a7f7", "tasks": 1500, "visible_unique_passes": 0}
[transformers] Both `min_new_tokens` (=0) and `min_length`(=0) seem to have been set. `min_new_tokens` will take precedence. Please refer to the documentation for more information. (https://huggingface.co/docs/transformers/main/en/main_classes/text_generation)
{"accepted": false, "accepted_total": 10, "task": 337, "task_id": "fresh-eval-0d6c273efb27", "tasks": 1500, "visible_unique_passes": 0}
[transformers] Both `min_new_tokens` (=0) and `min_length`(=0) seem to have been set. `min_new_tokens` will take precedence. Please refer to the documentation for more information. (https://huggingface.co/docs/transformers/main/en/main_classes/text_generation)
{"accepted": false, "accepted_total": 10, "task": 338, "task_id": "sigless_8299a25e8f8d", "tasks": 1500, "visible_unique_passes": 0}
[transformers] Both `min_new_tokens` (=0) and `min_length`(=0) seem to have been set. `min_new_tokens` will take precedence. Please refer to the documentation for more information. (https://huggingface.co/docs/transformers/main/en/main_classes/text_generation)
{"accepted": false, "accepted_total": 10, "task": 339, "task_id": "fresh-eval-32a961a9b2c2", "tasks": 1500, "visible_unique_passes": 0}
[transformers] Both `min_new_tokens` (=0) and `min_length`(=0) seem to have been set. `min_new_tokens` will take precedence. Please refer to the documentation for more information. (https://huggingface.co/docs/transformers/main/en/main_classes/text_generation)
{"accepted": false, "accepted_total": 10, "task": 340, "task_id": "sigless_00f47e96a28e", "tasks": 1500, "visible_unique_passes": 0}
[transformers] Both `min_new_tokens` (=0) and `min_length`(=0) seem to have been set. `min_new_tokens` will take precedence. Please refer to the documentation for more information. (https://huggingface.co/docs/transformers/main/en/main_classes/text_generation)
{"accepted": false, "accepted_total": 10, "task": 341, "task_id": "fresh-eval-132bc21da2d8", "tasks": 1500, "visible_unique_passes": 0}
[transformers] Both `min_new_tokens` (=0) and `min_length`(=0) seem to have been set. `min_new_tokens` will take precedence. Please refer to the documentation for more information. (https://huggingface.co/docs/transformers/main/en/main_classes/text_generation)
{"accepted": false, "accepted_total": 10, "task": 342, "task_id": "sigless_b5fab9a7fa6a", "tasks": 1500, "visible_unique_passes": 0}
[transformers] Both `min_new_tokens` (=0) and `min_length`(=0) seem to have been set. `min_new_tokens` will take precedence. Please refer to the documentation for more information. (https://huggingface.co/docs/transformers/main/en/main_classes/text_generation)
{"accepted": false, "accepted_total": 10, "task": 343, "task_id": "sigless_99288a8d8311", "tasks": 1500, "visible_unique_passes": 0}
[transformers] Both `min_new_tokens` (=0) and `min_length`(=0) seem to have been set. `min_new_tokens` will take precedence. Please refer to the documentation for more information. (https://huggingface.co/docs/transformers/main/en/main_classes/text_generation)
{"accepted": false, "accepted_total": 10, "task": 344, "task_id": "sigless_dc6d7156f280", "tasks": 1500, "visible_unique_passes": 0}
[transformers] Both `min_new_tokens` (=0) and `min_length`(=0) seem to have been set. `min_new_tokens` will take precedence. Please refer to the documentation for more information. (https://huggingface.co/docs/transformers/main/en/main_classes/text_generation)
{"accepted": false, "accepted_total": 10, "task": 345, "task_id": "fresh-eval-a737bc7b7b0f", "tasks": 1500, "visible_unique_passes": 0}
[transformers] Both `min_new_tokens` (=0) and `min_length`(=0) seem to have been set. `min_new_tokens` will take precedence. Please refer to the documentation for more information. (https://huggingface.co/docs/transformers/main/en/main_classes/text_generation)
{"accepted": false, "accepted_total": 10, "task": 346, "task_id": "fresh-eval-b9decc25dbef", "tasks": 1500, "visible_unique_passes": 0}
[transformers] Both `min_new_tokens` (=0) and `min_length`(=0) seem to have been set. `min_new_tokens` will take precedence. Please refer to the documentation for more information. (https://huggingface.co/docs/transformers/main/en/main_classes/text_generation)
{"accepted": false, "accepted_total": 10, "task": 347, "task_id": "fresh-eval-31027b7317f6", "tasks": 1500, "visible_unique_passes": 0}
[transformers] Both `min_new_tokens` (=0) and `min_length`(=0) seem to have been set. `min_new_tokens` will take precedence. Please refer to the documentation for more information. (https://huggingface.co/docs/transformers/main/en/main_classes/text_generation)
{"accepted": false, "accepted_total": 10, "task": 348, "task_id": "sigless_c9a4461d0eb8", "tasks": 1500, "visible_unique_passes": 0}
[transformers] Both `min_new_tokens` (=0) and `min_length`(=0) seem to have been set. `min_new_tokens` will take precedence. Please refer to the documentation for more information. (https://huggingface.co/docs/transformers/main/en/main_classes/text_generation)
{"accepted": false, "accepted_total": 10, "task": 349, "task_id": "sigless_cbfe7a20b129", "tasks": 1500, "visible_unique_passes": 0}
[transformers] Both `min_new_tokens` (=0) and `min_length`(=0) seem to have been set. `min_new_tokens` will take precedence. Please refer to the documentation for more information. (https://huggingface.co/docs/transformers/main/en/main_classes/text_generation)
{"accepted": false, "accepted_total": 10, "task": 350, "task_id": "sigless_e9edc1b9d456", "tasks": 1500, "visible_unique_passes": 0}
[transformers] Both `min_new_tokens` (=0) and `min_length`(=0) seem to have been set. `min_new_tokens` will take precedence. Please refer to the documentation for more information. (https://huggingface.co/docs/transformers/main/en/main_classes/text_generation)
{"accepted": false, "accepted_total": 10, "task": 351, "task_id": "sigless_2b5922da1112", "tasks": 1500, "visible_unique_passes": 0}
[transformers] Both `min_new_tokens` (=0) and `min_length`(=0) seem to have been set. `min_new_tokens` will take precedence. Please refer to the documentation for more information. (https://huggingface.co/docs/transformers/main/en/main_classes/text_generation)
{"accepted": false, "accepted_total": 10, "task": 352, "task_id": "fresh-eval-ba4ad9d5088a", "tasks": 1500, "visible_unique_passes": 0}
[transformers] Both `min_new_tokens` (=0) and `min_length`(=0) seem to have been set. `min_new_tokens` will take precedence. Please refer to the documentation for more information. (https://huggingface.co/docs/transformers/main/en/main_classes/text_generation)
{"accepted": false, "accepted_total": 10, "task": 353, "task_id": "sigless_d7bf2906f3b4", "tasks": 1500, "visible_unique_passes": 0}
[transformers] Both `min_new_tokens` (=0) and `min_length`(=0) seem to have been set. `min_new_tokens` will take precedence. Please refer to the documentation for more information. (https://huggingface.co/docs/transformers/main/en/main_classes/text_generation)
{"accepted": false, "accepted_total": 10, "task": 354, "task_id": "sigless_fd831842a33c", "tasks": 1500, "visible_unique_passes": 0}
[transformers] Both `min_new_tokens` (=0) and `min_length`(=0) seem to have been set. `min_new_tokens` will take precedence. Please refer to the documentation for more information. (https://huggingface.co/docs/transformers/main/en/main_classes/text_generation)
{"accepted": false, "accepted_total": 10, "task": 355, "task_id": "sigless_17ec8d961625", "tasks": 1500, "visible_unique_passes": 0}
[transformers] Both `min_new_tokens` (=0) and `min_length`(=0) seem to have been set. `min_new_tokens` will take precedence. Please refer to the documentation for more information. (https://huggingface.co/docs/transformers/main/en/main_classes/text_generation)
{"accepted": false, "accepted_total": 10, "task": 356, "task_id": "fresh-eval-d68eec185cc6", "tasks": 1500, "visible_unique_passes": 0}
[transformers] Both `min_new_tokens` (=0) and `min_length`(=0) seem to have been set. `min_new_tokens` will take precedence. Please refer to the documentation for more information. (https://huggingface.co/docs/transformers/main/en/main_classes/text_generation)
{"accepted": false, "accepted_total": 10, "task": 357, "task_id": "fresh-eval-64622da83b2b", "tasks": 1500, "visible_unique_passes": 0}
[transformers] Both `min_new_tokens` (=0) and `min_length`(=0) seem to have been set. `min_new_tokens` will take precedence. Please refer to the documentation for more information. (https://huggingface.co/docs/transformers/main/en/main_classes/text_generation)
{"accepted": false, "accepted_total": 10, "task": 358, "task_id": "sigless_dc0a942599f9", "tasks": 1500, "visible_unique_passes": 0}
[transformers] Both `min_new_tokens` (=0) and `min_length`(=0) seem to have been set. `min_new_tokens` will take precedence. Please refer to the documentation for more information. (https://huggingface.co/docs/transformers/main/en/main_classes/text_generation)
{"accepted": false, "accepted_total": 10, "task": 359, "task_id": "fresh-eval-bc424bf3fdad", "tasks": 1500, "visible_unique_passes": 0}
[transformers] Both `min_new_tokens` (=0) and `min_length`(=0) seem to have been set. `min_new_tokens` will take precedence. Please refer to the documentation for more information. (https://huggingface.co/docs/transformers/main/en/main_classes/text_generation)
{"accepted": false, "accepted_total": 10, "task": 360, "task_id": "fresh-eval-5f124e6ba82e", "tasks": 1500, "visible_unique_passes": 0}
[transformers] Both `min_new_tokens` (=0) and `min_length`(=0) seem to have been set. `min_new_tokens` will take precedence. Please refer to the documentation for more information. (https://huggingface.co/docs/transformers/main/en/main_classes/text_generation)
{"accepted": false, "accepted_total": 10, "task": 361, "task_id": "sigless_1c0640f2fccf", "tasks": 1500, "visible_unique_passes": 0}
[transformers] Both `min_new_tokens` (=0) and `min_length`(=0) seem to have been set. `min_new_tokens` will take precedence. Please refer to the documentation for more information. (https://huggingface.co/docs/transformers/main/en/main_classes/text_generation)
{"accepted": false, "accepted_total": 10, "task": 362, "task_id": "sigless_39105bcd71a9", "tasks": 1500, "visible_unique_passes": 0}
[transformers] Both `min_new_tokens` (=0) and `min_length`(=0) seem to have been set. `min_new_tokens` will take precedence. Please refer to the documentation for more information. (https://huggingface.co/docs/transformers/main/en/main_classes/text_generation)
{"accepted": false, "accepted_total": 10, "task": 363, "task_id": "sigless_3b6794cde604", "tasks": 1500, "visible_unique_passes": 0}
[transformers] Both `min_new_tokens` (=0) and `min_length`(=0) seem to have been set. `min_new_tokens` will take precedence. Please refer to the documentation for more information. (https://huggingface.co/docs/transformers/main/en/main_classes/text_generation)
{"accepted": false, "accepted_total": 10, "task": 364, "task_id": "fresh-eval-b6faa6e319a4", "tasks": 1500, "visible_unique_passes": 0}
[transformers] Both `min_new_tokens` (=0) and `min_length`(=0) seem to have been set. `min_new_tokens` will take precedence. Please refer to the documentation for more information. (https://huggingface.co/docs/transformers/main/en/main_classes/text_generation)
{"accepted": false, "accepted_total": 10, "task": 365, "task_id": "sigless_c64047238b2e", "tasks": 1500, "visible_unique_passes": 0}
[transformers] Both `min_new_tokens` (=0) and `min_length`(=0) seem to have been set. `min_new_tokens` will take precedence. Please refer to the documentation for more information. (https://huggingface.co/docs/transformers/main/en/main_classes/text_generation)
{"accepted": false, "accepted_total": 10, "task": 366, "task_id": "fresh-eval-2ba2502dbf55", "tasks": 1500, "visible_unique_passes": 0}
[transformers] Both `min_new_tokens` (=0) and `min_length`(=0) seem to have been set. `min_new_tokens` will take precedence. Please refer to the documentation for more information. (https://huggingface.co/docs/transformers/main/en/main_classes/text_generation)
{"accepted": false, "accepted_total": 10, "task": 367, "task_id": "fresh-eval-b0032eb5e406", "tasks": 1500, "visible_unique_passes": 0}
[transformers] Both `min_new_tokens` (=0) and `min_length`(=0) seem to have been set. `min_new_tokens` will take precedence. Please refer to the documentation for more information. (https://huggingface.co/docs/transformers/main/en/main_classes/text_generation)
{"accepted": false, "accepted_total": 10, "task": 368, "task_id": "sigless_d4aa83b9e134", "tasks": 1500, "visible_unique_passes": 0}
[transformers] Both `min_new_tokens` (=0) and `min_length`(=0) seem to have been set. `min_new_tokens` will take precedence. Please refer to the documentation for more information. (https://huggingface.co/docs/transformers/main/en/main_classes/text_generation)
{"accepted": false, "accepted_total": 10, "task": 369, "task_id": "sigless_bcaaa62ab040", "tasks": 1500, "visible_unique_passes": 0}
[transformers] Both `min_new_tokens` (=0) and `min_length`(=0) seem to have been set. `min_new_tokens` will take precedence. Please refer to the documentation for more information. (https://huggingface.co/docs/transformers/main/en/main_classes/text_generation)
{"accepted": false, "accepted_total": 10, "task": 370, "task_id": "sigless_5202f99206f4", "tasks": 1500, "visible_unique_passes": 0}
[transformers] Both `min_new_tokens` (=0) and `min_length`(=0) seem to have been set. `min_new_tokens` will take precedence. Please refer to the documentation for more information. (https://huggingface.co/docs/transformers/main/en/main_classes/text_generation)
{"accepted": false, "accepted_total": 10, "task": 371, "task_id": "sigless_85a201bba52a", "tasks": 1500, "visible_unique_passes": 0}
[transformers] Both `min_new_tokens` (=0) and `min_length`(=0) seem to have been set. `min_new_tokens` will take precedence. Please refer to the documentation for more information. (https://huggingface.co/docs/transformers/main/en/main_classes/text_generation)
{"accepted": false, "accepted_total": 10, "task": 372, "task_id": "sigless_107bd3b1be91", "tasks": 1500, "visible_unique_passes": 0}
[transformers] Both `min_new_tokens` (=0) and `min_length`(=0) seem to have been set. `min_new_tokens` will take precedence. Please refer to the documentation for more information. (https://huggingface.co/docs/transformers/main/en/main_classes/text_generation)
{"accepted": false, "accepted_total": 10, "task": 373, "task_id": "sigless_661c3072afa4", "tasks": 1500, "visible_unique_passes": 0}
[transformers] Both `min_new_tokens` (=0) and `min_length`(=0) seem to have been set. `min_new_tokens` will take precedence. Please refer to the documentation for more information. (https://huggingface.co/docs/transformers/main/en/main_classes/text_generation)
{"accepted": false, "accepted_total": 10, "task": 374, "task_id": "fresh-eval-5df63479560b", "tasks": 1500, "visible_unique_passes": 0}
[transformers] Both `min_new_tokens` (=0) and `min_length`(=0) seem to have been set. `min_new_tokens` will take precedence. Please refer to the documentation for more information. (https://huggingface.co/docs/transformers/main/en/main_classes/text_generation)
{"accepted": false, "accepted_total": 10, "task": 375, "task_id": "sigless_49c2a62dccf1", "tasks": 1500, "visible_unique_passes": 0}
[transformers] Both `min_new_tokens` (=0) and `min_length`(=0) seem to have been set. `min_new_tokens` will take precedence. Please refer to the documentation for more information. (https://huggingface.co/docs/transformers/main/en/main_classes/text_generation)
{"accepted": false, "accepted_total": 10, "task": 376, "task_id": "sigless_c503921bae7a", "tasks": 1500, "visible_unique_passes": 0}
[transformers] Both `min_new_tokens` (=0) and `min_length`(=0) seem to have been set. `min_new_tokens` will take precedence. Please refer to the documentation for more information. (https://huggingface.co/docs/transformers/main/en/main_classes/text_generation)
{"accepted": false, "accepted_total": 10, "task": 377, "task_id": "sigless_93327e31510f", "tasks": 1500, "visible_unique_passes": 0}
[transformers] Both `min_new_tokens` (=0) and `min_length`(=0) seem to have been set. `min_new_tokens` will take precedence. Please refer to the documentation for more information. (https://huggingface.co/docs/transformers/main/en/main_classes/text_generation)
{"accepted": false, "accepted_total": 10, "task": 378, "task_id": "sigless_a85966f77adb", "tasks": 1500, "visible_unique_passes": 0}
[transformers] Both `min_new_tokens` (=0) and `min_length`(=0) seem to have been set. `min_new_tokens` will take precedence. Please refer to the documentation for more information. (https://huggingface.co/docs/transformers/main/en/main_classes/text_generation)
{"accepted": false, "accepted_total": 10, "task": 379, "task_id": "sigless_1f1c8d8f3c38", "tasks": 1500, "visible_unique_passes": 0}
[transformers] Both `min_new_tokens` (=0) and `min_length`(=0) seem to have been set. `min_new_tokens` will take precedence. Please refer to the documentation for more information. (https://huggingface.co/docs/transformers/main/en/main_classes/text_generation)
{"accepted": false, "accepted_total": 10, "task": 380, "task_id": "fresh-eval-1c6c7ef6b60e", "tasks": 1500, "visible_unique_passes": 0}
[transformers] Both `min_new_tokens` (=0) and `min_length`(=0) seem to have been set. `min_new_tokens` will take precedence. Please refer to the documentation for more information. (https://huggingface.co/docs/transformers/main/en/main_classes/text_generation)
{"accepted": true, "accepted_total": 11, "task": 381, "task_id": "fresh-eval-3d0b8e3e05cb", "tasks": 1500, "visible_unique_passes": 1}
[transformers] Both `min_new_tokens` (=0) and `min_length`(=0) seem to have been set. `min_new_tokens` will take precedence. Please refer to the documentation for more information. (https://huggingface.co/docs/transformers/main/en/main_classes/text_generation)
{"accepted": false, "accepted_total": 11, "task": 382, "task_id": "sigless_509c3f3df91b", "tasks": 1500, "visible_unique_passes": 0}
[transformers] Both `min_new_tokens` (=0) and `min_length`(=0) seem to have been set. `min_new_tokens` will take precedence. Please refer to the documentation for more information. (https://huggingface.co/docs/transformers/main/en/main_classes/text_generation)
{"accepted": false, "accepted_total": 11, "task": 383, "task_id": "fresh-eval-eee81e7b76e0", "tasks": 1500, "visible_unique_passes": 0}
[transformers] Both `min_new_tokens` (=0) and `min_length`(=0) seem to have been set. `min_new_tokens` will take precedence. Please refer to the documentation for more information. (https://huggingface.co/docs/transformers/main/en/main_classes/text_generation)
{"accepted": false, "accepted_total": 11, "task": 384, "task_id": "fresh-eval-014269cdbcc4", "tasks": 1500, "visible_unique_passes": 0}
[transformers] Both `min_new_tokens` (=0) and `min_length`(=0) seem to have been set. `min_new_tokens` will take precedence. Please refer to the documentation for more information. (https://huggingface.co/docs/transformers/main/en/main_classes/text_generation)
{"accepted": true, "accepted_total": 12, "task": 385, "task_id": "sigless_b1602226f095", "tasks": 1500, "visible_unique_passes": 3}
[transformers] Both `min_new_tokens` (=0) and `min_length`(=0) seem to have been set. `min_new_tokens` will take precedence. Please refer to the documentation for more information. (https://huggingface.co/docs/transformers/main/en/main_classes/text_generation)
{"accepted": false, "accepted_total": 12, "task": 386, "task_id": "fresh-eval-28fb4aa5ce26", "tasks": 1500, "visible_unique_passes": 0}
[transformers] Both `min_new_tokens` (=0) and `min_length`(=0) seem to have been set. `min_new_tokens` will take precedence. Please refer to the documentation for more information. (https://huggingface.co/docs/transformers/main/en/main_classes/text_generation)
{"accepted": false, "accepted_total": 12, "task": 387, "task_id": "fresh-eval-af2c99538c53", "tasks": 1500, "visible_unique_passes": 0}
[transformers] Both `min_new_tokens` (=0) and `min_length`(=0) seem to have been set. `min_new_tokens` will take precedence. Please refer to the documentation for more information. (https://huggingface.co/docs/transformers/main/en/main_classes/text_generation)
{"accepted": false, "accepted_total": 12, "task": 388, "task_id": "sigless_c49790b21f46", "tasks": 1500, "visible_unique_passes": 0}
[transformers] Both `min_new_tokens` (=0) and `min_length`(=0) seem to have been set. `min_new_tokens` will take precedence. Please refer to the documentation for more information. (https://huggingface.co/docs/transformers/main/en/main_classes/text_generation)
{"accepted": false, "accepted_total": 12, "task": 389, "task_id": "sigless_4842bfa84b52", "tasks": 1500, "visible_unique_passes": 0}
[transformers] Both `min_new_tokens` (=0) and `min_length`(=0) seem to have been set. `min_new_tokens` will take precedence. Please refer to the documentation for more information. (https://huggingface.co/docs/transformers/main/en/main_classes/text_generation)
{"accepted": false, "accepted_total": 12, "task": 390, "task_id": "fresh-eval-b96799ba4b32", "tasks": 1500, "visible_unique_passes": 0}
[transformers] Both `min_new_tokens` (=0) and `min_length`(=0) seem to have been set. `min_new_tokens` will take precedence. Please refer to the documentation for more information. (https://huggingface.co/docs/transformers/main/en/main_classes/text_generation)
{"accepted": false, "accepted_total": 12, "task": 391, "task_id": "fresh-eval-6ba873eee276", "tasks": 1500, "visible_unique_passes": 0}
[transformers] Both `min_new_tokens` (=0) and `min_length`(=0) seem to have been set. `min_new_tokens` will take precedence. Please refer to the documentation for more information. (https://huggingface.co/docs/transformers/main/en/main_classes/text_generation)
{"accepted": false, "accepted_total": 12, "task": 392, "task_id": "sigless_5ea9d3de6f73", "tasks": 1500, "visible_unique_passes": 0}
[transformers] Both `min_new_tokens` (=0) and `min_length`(=0) seem to have been set. `min_new_tokens` will take precedence. Please refer to the documentation for more information. (https://huggingface.co/docs/transformers/main/en/main_classes/text_generation)
{"accepted": false, "accepted_total": 12, "task": 393, "task_id": "fresh-eval-cd4ea783a57b", "tasks": 1500, "visible_unique_passes": 0}
[transformers] Both `min_new_tokens` (=0) and `min_length`(=0) seem to have been set. `min_new_tokens` will take precedence. Please refer to the documentation for more information. (https://huggingface.co/docs/transformers/main/en/main_classes/text_generation)
{"accepted": false, "accepted_total": 12, "task": 394, "task_id": "fresh-eval-747e2f11ec4e", "tasks": 1500, "visible_unique_passes": 0}
[transformers] Both `min_new_tokens` (=0) and `min_length`(=0) seem to have been set. `min_new_tokens` will take precedence. Please refer to the documentation for more information. (https://huggingface.co/docs/transformers/main/en/main_classes/text_generation)
{"accepted": false, "accepted_total": 12, "task": 395, "task_id": "sigless_5a30d6da004b", "tasks": 1500, "visible_unique_passes": 0}
[transformers] Both `min_new_tokens` (=0) and `min_length`(=0) seem to have been set. `min_new_tokens` will take precedence. Please refer to the documentation for more information. (https://huggingface.co/docs/transformers/main/en/main_classes/text_generation)
{"accepted": false, "accepted_total": 12, "task": 396, "task_id": "sigless_54b8d33cb85e", "tasks": 1500, "visible_unique_passes": 0}
[transformers] Both `min_new_tokens` (=0) and `min_length`(=0) seem to have been set. `min_new_tokens` will take precedence. Please refer to the documentation for more information. (https://huggingface.co/docs/transformers/main/en/main_classes/text_generation)
{"accepted": false, "accepted_total": 12, "task": 397, "task_id": "sigless_0b0199b6cf36", "tasks": 1500, "visible_unique_passes": 0}
[transformers] Both `min_new_tokens` (=0) and `min_length`(=0) seem to have been set. `min_new_tokens` will take precedence. Please refer to the documentation for more information. (https://huggingface.co/docs/transformers/main/en/main_classes/text_generation)
{"accepted": false, "accepted_total": 12, "task": 398, "task_id": "fresh-eval-3cc3a1459d3f", "tasks": 1500, "visible_unique_passes": 0}
[transformers] Both `min_new_tokens` (=0) and `min_length`(=0) seem to have been set. `min_new_tokens` will take precedence. Please refer to the documentation for more information. (https://huggingface.co/docs/transformers/main/en/main_classes/text_generation)
{"accepted": false, "accepted_total": 12, "task": 399, "task_id": "sigless_9fef6df6e672", "tasks": 1500, "visible_unique_passes": 0}
[transformers] Both `min_new_tokens` (=0) and `min_length`(=0) seem to have been set. `min_new_tokens` will take precedence. Please refer to the documentation for more information. (https://huggingface.co/docs/transformers/main/en/main_classes/text_generation)
{"accepted": false, "accepted_total": 12, "task": 400, "task_id": "sigless_dc847205a22a", "tasks": 1500, "visible_unique_passes": 0}
[transformers] Both `min_new_tokens` (=0) and `min_length`(=0) seem to have been set. `min_new_tokens` will take precedence. Please refer to the documentation for more information. (https://huggingface.co/docs/transformers/main/en/main_classes/text_generation)
{"accepted": false, "accepted_total": 12, "task": 401, "task_id": "sigless_793fa2336cda", "tasks": 1500, "visible_unique_passes": 0}
[transformers] Both `min_new_tokens` (=0) and `min_length`(=0) seem to have been set. `min_new_tokens` will take precedence. Please refer to the documentation for more information. (https://huggingface.co/docs/transformers/main/en/main_classes/text_generation)
{"accepted": false, "accepted_total": 12, "task": 402, "task_id": "fresh-eval-28744e3005e3", "tasks": 1500, "visible_unique_passes": 0}
[transformers] Both `min_new_tokens` (=0) and `min_length`(=0) seem to have been set. `min_new_tokens` will take precedence. Please refer to the documentation for more information. (https://huggingface.co/docs/transformers/main/en/main_classes/text_generation)
{"accepted": false, "accepted_total": 12, "task": 403, "task_id": "fresh-eval-cb60ff1a036e", "tasks": 1500, "visible_unique_passes": 0}
[transformers] Both `min_new_tokens` (=0) and `min_length`(=0) seem to have been set. `min_new_tokens` will take precedence. Please refer to the documentation for more information. (https://huggingface.co/docs/transformers/main/en/main_classes/text_generation)
{"accepted": false, "accepted_total": 12, "task": 404, "task_id": "sigless_07c3783f819e", "tasks": 1500, "visible_unique_passes": 0}
[transformers] Both `min_new_tokens` (=0) and `min_length`(=0) seem to have been set. `min_new_tokens` will take precedence. Please refer to the documentation for more information. (https://huggingface.co/docs/transformers/main/en/main_classes/text_generation)
{"accepted": false, "accepted_total": 12, "task": 405, "task_id": "sigless_a8e53f0d8a5f", "tasks": 1500, "visible_unique_passes": 0}
[transformers] Both `min_new_tokens` (=0) and `min_length`(=0) seem to have been set. `min_new_tokens` will take precedence. Please refer to the documentation for more information. (https://huggingface.co/docs/transformers/main/en/main_classes/text_generation)
{"accepted": false, "accepted_total": 12, "task": 406, "task_id": "sigless_df98c7bdfbfa", "tasks": 1500, "visible_unique_passes": 0}
[transformers] Both `min_new_tokens` (=0) and `min_length`(=0) seem to have been set. `min_new_tokens` will take precedence. Please refer to the documentation for more information. (https://huggingface.co/docs/transformers/main/en/main_classes/text_generation)
{"accepted": false, "accepted_total": 12, "task": 407, "task_id": "fresh-eval-e6ed7d856e09", "tasks": 1500, "visible_unique_passes": 0}
[transformers] Both `min_new_tokens` (=0) and `min_length`(=0) seem to have been set. `min_new_tokens` will take precedence. Please refer to the documentation for more information. (https://huggingface.co/docs/transformers/main/en/main_classes/text_generation)
{"accepted": false, "accepted_total": 12, "task": 408, "task_id": "sigless_028211648fc5", "tasks": 1500, "visible_unique_passes": 0}
[transformers] Both `min_new_tokens` (=0) and `min_length`(=0) seem to have been set. `min_new_tokens` will take precedence. Please refer to the documentation for more information. (https://huggingface.co/docs/transformers/main/en/main_classes/text_generation)
{"accepted": false, "accepted_total": 12, "task": 409, "task_id": "fresh-eval-391a5f3d8be1", "tasks": 1500, "visible_unique_passes": 0}
[transformers] Both `min_new_tokens` (=0) and `min_length`(=0) seem to have been set. `min_new_tokens` will take precedence. Please refer to the documentation for more information. (https://huggingface.co/docs/transformers/main/en/main_classes/text_generation)
{"accepted": false, "accepted_total": 12, "task": 410, "task_id": "sigless_aeeab7ebb616", "tasks": 1500, "visible_unique_passes": 0}
[transformers] Both `min_new_tokens` (=0) and `min_length`(=0) seem to have been set. `min_new_tokens` will take precedence. Please refer to the documentation for more information. (https://huggingface.co/docs/transformers/main/en/main_classes/text_generation)
{"accepted": false, "accepted_total": 12, "task": 411, "task_id": "sigless_f60ae09084ad", "tasks": 1500, "visible_unique_passes": 0}
[transformers] Both `min_new_tokens` (=0) and `min_length`(=0) seem to have been set. `min_new_tokens` will take precedence. Please refer to the documentation for more information. (https://huggingface.co/docs/transformers/main/en/main_classes/text_generation)
{"accepted": false, "accepted_total": 12, "task": 412, "task_id": "fresh-eval-d21f01a98559", "tasks": 1500, "visible_unique_passes": 0}
[transformers] Both `min_new_tokens` (=0) and `min_length`(=0) seem to have been set. `min_new_tokens` will take precedence. Please refer to the documentation for more information. (https://huggingface.co/docs/transformers/main/en/main_classes/text_generation)
{"accepted": false, "accepted_total": 12, "task": 413, "task_id": "fresh-eval-c311275a0ba7", "tasks": 1500, "visible_unique_passes": 0}
[transformers] Both `min_new_tokens` (=0) and `min_length`(=0) seem to have been set. `min_new_tokens` will take precedence. Please refer to the documentation for more information. (https://huggingface.co/docs/transformers/main/en/main_classes/text_generation)
{"accepted": false, "accepted_total": 12, "task": 414, "task_id": "sigless_4b089cb999db", "tasks": 1500, "visible_unique_passes": 0}
[transformers] Both `min_new_tokens` (=0) and `min_length`(=0) seem to have been set. `min_new_tokens` will take precedence. Please refer to the documentation for more information. (https://huggingface.co/docs/transformers/main/en/main_classes/text_generation)
{"accepted": false, "accepted_total": 12, "task": 415, "task_id": "sigless_f0f9ae5b061d", "tasks": 1500, "visible_unique_passes": 0}
[transformers] Both `min_new_tokens` (=0) and `min_length`(=0) seem to have been set. `min_new_tokens` will take precedence. Please refer to the documentation for more information. (https://huggingface.co/docs/transformers/main/en/main_classes/text_generation)
{"accepted": false, "accepted_total": 12, "task": 416, "task_id": "sigless_423c455e1e6f", "tasks": 1500, "visible_unique_passes": 0}
[transformers] Both `min_new_tokens` (=0) and `min_length`(=0) seem to have been set. `min_new_tokens` will take precedence. Please refer to the documentation for more information. (https://huggingface.co/docs/transformers/main/en/main_classes/text_generation)
{"accepted": false, "accepted_total": 12, "task": 417, "task_id": "fresh-eval-e4db9247065b", "tasks": 1500, "visible_unique_passes": 0}
[transformers] Both `min_new_tokens` (=0) and `min_length`(=0) seem to have been set. `min_new_tokens` will take precedence. Please refer to the documentation for more information. (https://huggingface.co/docs/transformers/main/en/main_classes/text_generation)
{"accepted": false, "accepted_total": 12, "task": 418, "task_id": "sigless_76ef24c85011", "tasks": 1500, "visible_unique_passes": 0}
[transformers] Both `min_new_tokens` (=0) and `min_length`(=0) seem to have been set. `min_new_tokens` will take precedence. Please refer to the documentation for more information. (https://huggingface.co/docs/transformers/main/en/main_classes/text_generation)
{"accepted": false, "accepted_total": 12, "task": 419, "task_id": "sigless_e44878b31a21", "tasks": 1500, "visible_unique_passes": 0}
[transformers] Both `min_new_tokens` (=0) and `min_length`(=0) seem to have been set. `min_new_tokens` will take precedence. Please refer to the documentation for more information. (https://huggingface.co/docs/transformers/main/en/main_classes/text_generation)
{"accepted": false, "accepted_total": 12, "task": 420, "task_id": "sigless_a1614da05728", "tasks": 1500, "visible_unique_passes": 0}
[transformers] Both `min_new_tokens` (=0) and `min_length`(=0) seem to have been set. `min_new_tokens` will take precedence. Please refer to the documentation for more information. (https://huggingface.co/docs/transformers/main/en/main_classes/text_generation)
{"accepted": false, "accepted_total": 12, "task": 421, "task_id": "fresh-eval-70ab44135a43", "tasks": 1500, "visible_unique_passes": 0}
[transformers] Both `min_new_tokens` (=0) and `min_length`(=0) seem to have been set. `min_new_tokens` will take precedence. Please refer to the documentation for more information. (https://huggingface.co/docs/transformers/main/en/main_classes/text_generation)
{"accepted": false, "accepted_total": 12, "task": 422, "task_id": "sigless_10a2dda57446", "tasks": 1500, "visible_unique_passes": 0}
[transformers] Both `min_new_tokens` (=0) and `min_length`(=0) seem to have been set. `min_new_tokens` will take precedence. Please refer to the documentation for more information. (https://huggingface.co/docs/transformers/main/en/main_classes/text_generation)
{"accepted": false, "accepted_total": 12, "task": 423, "task_id": "sigless_56ad9ca1cec6", "tasks": 1500, "visible_unique_passes": 0}
[transformers] Both `min_new_tokens` (=0) and `min_length`(=0) seem to have been set. `min_new_tokens` will take precedence. Please refer to the documentation for more information. (https://huggingface.co/docs/transformers/main/en/main_classes/text_generation)
{"accepted": false, "accepted_total": 12, "task": 424, "task_id": "sigless_46362f9b28ab", "tasks": 1500, "visible_unique_passes": 0}
[transformers] Both `min_new_tokens` (=0) and `min_length`(=0) seem to have been set. `min_new_tokens` will take precedence. Please refer to the documentation for more information. (https://huggingface.co/docs/transformers/main/en/main_classes/text_generation)
{"accepted": false, "accepted_total": 12, "task": 425, "task_id": "fresh-eval-da2f8fe31fd4", "tasks": 1500, "visible_unique_passes": 0}
[transformers] Both `min_new_tokens` (=0) and `min_length`(=0) seem to have been set. `min_new_tokens` will take precedence. Please refer to the documentation for more information. (https://huggingface.co/docs/transformers/main/en/main_classes/text_generation)
{"accepted": false, "accepted_total": 12, "task": 426, "task_id": "sigless_b7ea5ce09860", "tasks": 1500, "visible_unique_passes": 0}
[transformers] Both `min_new_tokens` (=0) and `min_length`(=0) seem to have been set. `min_new_tokens` will take precedence. Please refer to the documentation for more information. (https://huggingface.co/docs/transformers/main/en/main_classes/text_generation)
{"accepted": false, "accepted_total": 12, "task": 427, "task_id": "fresh-eval-d2bf3ff76579", "tasks": 1500, "visible_unique_passes": 0}
[transformers] Both `min_new_tokens` (=0) and `min_length`(=0) seem to have been set. `min_new_tokens` will take precedence. Please refer to the documentation for more information. (https://huggingface.co/docs/transformers/main/en/main_classes/text_generation)
{"accepted": false, "accepted_total": 12, "task": 428, "task_id": "sigless_37deae204ccf", "tasks": 1500, "visible_unique_passes": 0}
[transformers] Both `min_new_tokens` (=0) and `min_length`(=0) seem to have been set. `min_new_tokens` will take precedence. Please refer to the documentation for more information. (https://huggingface.co/docs/transformers/main/en/main_classes/text_generation)
{"accepted": false, "accepted_total": 12, "task": 429, "task_id": "sigless_fc41f71e4a69", "tasks": 1500, "visible_unique_passes": 0}
[transformers] Both `min_new_tokens` (=0) and `min_length`(=0) seem to have been set. `min_new_tokens` will take precedence. Please refer to the documentation for more information. (https://huggingface.co/docs/transformers/main/en/main_classes/text_generation)
{"accepted": false, "accepted_total": 12, "task": 430, "task_id": "sigless_cad0445308c6", "tasks": 1500, "visible_unique_passes": 0}
[transformers] Both `min_new_tokens` (=0) and `min_length`(=0) seem to have been set. `min_new_tokens` will take precedence. Please refer to the documentation for more information. (https://huggingface.co/docs/transformers/main/en/main_classes/text_generation)
{"accepted": false, "accepted_total": 12, "task": 431, "task_id": "sigless_16db32a19d83", "tasks": 1500, "visible_unique_passes": 0}
[transformers] Both `min_new_tokens` (=0) and `min_length`(=0) seem to have been set. `min_new_tokens` will take precedence. Please refer to the documentation for more information. (https://huggingface.co/docs/transformers/main/en/main_classes/text_generation)
{"accepted": false, "accepted_total": 12, "task": 432, "task_id": "fresh-eval-dbfcac76bee5", "tasks": 1500, "visible_unique_passes": 0}
[transformers] Both `min_new_tokens` (=0) and `min_length`(=0) seem to have been set. `min_new_tokens` will take precedence. Please refer to the documentation for more information. (https://huggingface.co/docs/transformers/main/en/main_classes/text_generation)
{"accepted": false, "accepted_total": 12, "task": 433, "task_id": "sigless_ff6183e13a95", "tasks": 1500, "visible_unique_passes": 0}
[transformers] Both `min_new_tokens` (=0) and `min_length`(=0) seem to have been set. `min_new_tokens` will take precedence. Please refer to the documentation for more information. (https://huggingface.co/docs/transformers/main/en/main_classes/text_generation)
{"accepted": false, "accepted_total": 12, "task": 434, "task_id": "fresh-eval-22b18154a209", "tasks": 1500, "visible_unique_passes": 0}
[transformers] Both `min_new_tokens` (=0) and `min_length`(=0) seem to have been set. `min_new_tokens` will take precedence. Please refer to the documentation for more information. (https://huggingface.co/docs/transformers/main/en/main_classes/text_generation)
{"accepted": false, "accepted_total": 12, "task": 435, "task_id": "sigless_d994a475a083", "tasks": 1500, "visible_unique_passes": 0}
[transformers] Both `min_new_tokens` (=0) and `min_length`(=0) seem to have been set. `min_new_tokens` will take precedence. Please refer to the documentation for more information. (https://huggingface.co/docs/transformers/main/en/main_classes/text_generation)
{"accepted": false, "accepted_total": 12, "task": 436, "task_id": "sigless_a0c192f9fb04", "tasks": 1500, "visible_unique_passes": 0}
[transformers] Both `min_new_tokens` (=0) and `min_length`(=0) seem to have been set. `min_new_tokens` will take precedence. Please refer to the documentation for more information. (https://huggingface.co/docs/transformers/main/en/main_classes/text_generation)
{"accepted": false, "accepted_total": 12, "task": 437, "task_id": "fresh-eval-46febf7bb75b", "tasks": 1500, "visible_unique_passes": 0}
[transformers] Both `min_new_tokens` (=0) and `min_length`(=0) seem to have been set. `min_new_tokens` will take precedence. Please refer to the documentation for more information. (https://huggingface.co/docs/transformers/main/en/main_classes/text_generation)
{"accepted": false, "accepted_total": 12, "task": 438, "task_id": "fresh-eval-bea56186ff9b", "tasks": 1500, "visible_unique_passes": 0}
[transformers] Both `min_new_tokens` (=0) and `min_length`(=0) seem to have been set. `min_new_tokens` will take precedence. Please refer to the documentation for more information. (https://huggingface.co/docs/transformers/main/en/main_classes/text_generation)
{"accepted": false, "accepted_total": 12, "task": 439, "task_id": "sigless_0551cfc95251", "tasks": 1500, "visible_unique_passes": 0}
[transformers] Both `min_new_tokens` (=0) and `min_length`(=0) seem to have been set. `min_new_tokens` will take precedence. Please refer to the documentation for more information. (https://huggingface.co/docs/transformers/main/en/main_classes/text_generation)
{"accepted": false, "accepted_total": 12, "task": 440, "task_id": "sigless_d1ff80a58217", "tasks": 1500, "visible_unique_passes": 0}
[transformers] Both `min_new_tokens` (=0) and `min_length`(=0) seem to have been set. `min_new_tokens` will take precedence. Please refer to the documentation for more information. (https://huggingface.co/docs/transformers/main/en/main_classes/text_generation)
{"accepted": false, "accepted_total": 12, "task": 441, "task_id": "sigless_650f86cb4658", "tasks": 1500, "visible_unique_passes": 0}
[transformers] Both `min_new_tokens` (=0) and `min_length`(=0) seem to have been set. `min_new_tokens` will take precedence. Please refer to the documentation for more information. (https://huggingface.co/docs/transformers/main/en/main_classes/text_generation)
{"accepted": false, "accepted_total": 12, "task": 442, "task_id": "sigless_a8cd32e7feda", "tasks": 1500, "visible_unique_passes": 0}
[transformers] Both `min_new_tokens` (=0) and `min_length`(=0) seem to have been set. `min_new_tokens` will take precedence. Please refer to the documentation for more information. (https://huggingface.co/docs/transformers/main/en/main_classes/text_generation)
{"accepted": false, "accepted_total": 12, "task": 443, "task_id": "fresh-eval-e33d6ba7ab6c", "tasks": 1500, "visible_unique_passes": 0}
[transformers] Both `min_new_tokens` (=0) and `min_length`(=0) seem to have been set. `min_new_tokens` will take precedence. Please refer to the documentation for more information. (https://huggingface.co/docs/transformers/main/en/main_classes/text_generation)
{"accepted": false, "accepted_total": 12, "task": 444, "task_id": "fresh-eval-1f52ae560d21", "tasks": 1500, "visible_unique_passes": 0}
[transformers] Both `min_new_tokens` (=0) and `min_length`(=0) seem to have been set. `min_new_tokens` will take precedence. Please refer to the documentation for more information. (https://huggingface.co/docs/transformers/main/en/main_classes/text_generation)
{"accepted": false, "accepted_total": 12, "task": 445, "task_id": "sigless_cec340d14e20", "tasks": 1500, "visible_unique_passes": 0}
[transformers] Both `min_new_tokens` (=0) and `min_length`(=0) seem to have been set. `min_new_tokens` will take precedence. Please refer to the documentation for more information. (https://huggingface.co/docs/transformers/main/en/main_classes/text_generation)
{"accepted": false, "accepted_total": 12, "task": 446, "task_id": "sigless_f939906b6264", "tasks": 1500, "visible_unique_passes": 0}
[transformers] Both `min_new_tokens` (=0) and `min_length`(=0) seem to have been set. `min_new_tokens` will take precedence. Please refer to the documentation for more information. (https://huggingface.co/docs/transformers/main/en/main_classes/text_generation)
{"accepted": false, "accepted_total": 12, "task": 447, "task_id": "fresh-eval-65f3123ad6a0", "tasks": 1500, "visible_unique_passes": 0}
[transformers] Both `min_new_tokens` (=0) and `min_length`(=0) seem to have been set. `min_new_tokens` will take precedence. Please refer to the documentation for more information. (https://huggingface.co/docs/transformers/main/en/main_classes/text_generation)
{"accepted": true, "accepted_total": 13, "task": 448, "task_id": "sigless_7b900dcd8165", "tasks": 1500, "visible_unique_passes": 1}
[transformers] Both `min_new_tokens` (=0) and `min_length`(=0) seem to have been set. `min_new_tokens` will take precedence. Please refer to the documentation for more information. (https://huggingface.co/docs/transformers/main/en/main_classes/text_generation)
{"accepted": false, "accepted_total": 13, "task": 449, "task_id": "fresh-eval-c1632ecb88a0", "tasks": 1500, "visible_unique_passes": 0}
[transformers] Both `min_new_tokens` (=0) and `min_length`(=0) seem to have been set. `min_new_tokens` will take precedence. Please refer to the documentation for more information. (https://huggingface.co/docs/transformers/main/en/main_classes/text_generation)
{"accepted": false, "accepted_total": 13, "task": 450, "task_id": "sigless_8774c1cef8c5", "tasks": 1500, "visible_unique_passes": 0}
[transformers] Both `min_new_tokens` (=0) and `min_length`(=0) seem to have been set. `min_new_tokens` will take precedence. Please refer to the documentation for more information. (https://huggingface.co/docs/transformers/main/en/main_classes/text_generation)
{"accepted": false, "accepted_total": 13, "task": 451, "task_id": "sigless_2562eb1b2c02", "tasks": 1500, "visible_unique_passes": 0}
[transformers] Both `min_new_tokens` (=0) and `min_length`(=0) seem to have been set. `min_new_tokens` will take precedence. Please refer to the documentation for more information. (https://huggingface.co/docs/transformers/main/en/main_classes/text_generation)
{"accepted": false, "accepted_total": 13, "task": 452, "task_id": "sigless_f3c7d77bace6", "tasks": 1500, "visible_unique_passes": 0}
[transformers] Both `min_new_tokens` (=0) and `min_length`(=0) seem to have been set. `min_new_tokens` will take precedence. Please refer to the documentation for more information. (https://huggingface.co/docs/transformers/main/en/main_classes/text_generation)
{"accepted": false, "accepted_total": 13, "task": 453, "task_id": "sigless_e4b4f97ba66f", "tasks": 1500, "visible_unique_passes": 0}
[transformers] Both `min_new_tokens` (=0) and `min_length`(=0) seem to have been set. `min_new_tokens` will take precedence. Please refer to the documentation for more information. (https://huggingface.co/docs/transformers/main/en/main_classes/text_generation)
{"accepted": false, "accepted_total": 13, "task": 454, "task_id": "fresh-eval-31e355b54a0d", "tasks": 1500, "visible_unique_passes": 0}
[transformers] Both `min_new_tokens` (=0) and `min_length`(=0) seem to have been set. `min_new_tokens` will take precedence. Please refer to the documentation for more information. (https://huggingface.co/docs/transformers/main/en/main_classes/text_generation)
{"accepted": false, "accepted_total": 13, "task": 455, "task_id": "sigless_340a13c771ac", "tasks": 1500, "visible_unique_passes": 0}
[transformers] Both `min_new_tokens` (=0) and `min_length`(=0) seem to have been set. `min_new_tokens` will take precedence. Please refer to the documentation for more information. (https://huggingface.co/docs/transformers/main/en/main_classes/text_generation)
{"accepted": false, "accepted_total": 13, "task": 456, "task_id": "sigless_367c856e7b09", "tasks": 1500, "visible_unique_passes": 0}
[transformers] Both `min_new_tokens` (=0) and `min_length`(=0) seem to have been set. `min_new_tokens` will take precedence. Please refer to the documentation for more information. (https://huggingface.co/docs/transformers/main/en/main_classes/text_generation)
{"accepted": false, "accepted_total": 13, "task": 457, "task_id": "fresh-eval-72d2a08f3831", "tasks": 1500, "visible_unique_passes": 0}
[transformers] Both `min_new_tokens` (=0) and `min_length`(=0) seem to have been set. `min_new_tokens` will take precedence. Please refer to the documentation for more information. (https://huggingface.co/docs/transformers/main/en/main_classes/text_generation)
{"accepted": false, "accepted_total": 13, "task": 458, "task_id": "fresh-eval-3113fc5a2be4", "tasks": 1500, "visible_unique_passes": 0}
[transformers] Both `min_new_tokens` (=0) and `min_length`(=0) seem to have been set. `min_new_tokens` will take precedence. Please refer to the documentation for more information. (https://huggingface.co/docs/transformers/main/en/main_classes/text_generation)
{"accepted": false, "accepted_total": 13, "task": 459, "task_id": "sigless_771620b826b2", "tasks": 1500, "visible_unique_passes": 0}
[transformers] Both `min_new_tokens` (=0) and `min_length`(=0) seem to have been set. `min_new_tokens` will take precedence. Please refer to the documentation for more information. (https://huggingface.co/docs/transformers/main/en/main_classes/text_generation)
{"accepted": false, "accepted_total": 13, "task": 460, "task_id": "sigless_ac279ba1425a", "tasks": 1500, "visible_unique_passes": 0}
[transformers] Both `min_new_tokens` (=0) and `min_length`(=0) seem to have been set. `min_new_tokens` will take precedence. Please refer to the documentation for more information. (https://huggingface.co/docs/transformers/main/en/main_classes/text_generation)
{"accepted": false, "accepted_total": 13, "task": 461, "task_id": "sigless_16bcaf41b72c", "tasks": 1500, "visible_unique_passes": 0}
[transformers] Both `min_new_tokens` (=0) and `min_length`(=0) seem to have been set. `min_new_tokens` will take precedence. Please refer to the documentation for more information. (https://huggingface.co/docs/transformers/main/en/main_classes/text_generation)
{"accepted": false, "accepted_total": 13, "task": 462, "task_id": "fresh-eval-d109e66f55b6", "tasks": 1500, "visible_unique_passes": 0}
[transformers] Both `min_new_tokens` (=0) and `min_length`(=0) seem to have been set. `min_new_tokens` will take precedence. Please refer to the documentation for more information. (https://huggingface.co/docs/transformers/main/en/main_classes/text_generation)
{"accepted": false, "accepted_total": 13, "task": 463, "task_id": "sigless_a0352130fbb2", "tasks": 1500, "visible_unique_passes": 0}
[transformers] Both `min_new_tokens` (=0) and `min_length`(=0) seem to have been set. `min_new_tokens` will take precedence. Please refer to the documentation for more information. (https://huggingface.co/docs/transformers/main/en/main_classes/text_generation)
{"accepted": false, "accepted_total": 13, "task": 464, "task_id": "sigless_cad792729acb", "tasks": 1500, "visible_unique_passes": 0}
[transformers] Both `min_new_tokens` (=0) and `min_length`(=0) seem to have been set. `min_new_tokens` will take precedence. Please refer to the documentation for more information. (https://huggingface.co/docs/transformers/main/en/main_classes/text_generation)
{"accepted": false, "accepted_total": 13, "task": 465, "task_id": "sigless_b04a0ddeade1", "tasks": 1500, "visible_unique_passes": 0}
[transformers] Both `min_new_tokens` (=0) and `min_length`(=0) seem to have been set. `min_new_tokens` will take precedence. Please refer to the documentation for more information. (https://huggingface.co/docs/transformers/main/en/main_classes/text_generation)
{"accepted": false, "accepted_total": 13, "task": 466, "task_id": "sigless_a0132d35599e", "tasks": 1500, "visible_unique_passes": 0}
[transformers] Both `min_new_tokens` (=0) and `min_length`(=0) seem to have been set. `min_new_tokens` will take precedence. Please refer to the documentation for more information. (https://huggingface.co/docs/transformers/main/en/main_classes/text_generation)
{"accepted": false, "accepted_total": 13, "task": 467, "task_id": "sigless_8eaf4520fd84", "tasks": 1500, "visible_unique_passes": 0}
[transformers] Both `min_new_tokens` (=0) and `min_length`(=0) seem to have been set. `min_new_tokens` will take precedence. Please refer to the documentation for more information. (https://huggingface.co/docs/transformers/main/en/main_classes/text_generation)
{"accepted": false, "accepted_total": 13, "task": 468, "task_id": "fresh-eval-1b70bb506d0a", "tasks": 1500, "visible_unique_passes": 0}
[transformers] Both `min_new_tokens` (=0) and `min_length`(=0) seem to have been set. `min_new_tokens` will take precedence. Please refer to the documentation for more information. (https://huggingface.co/docs/transformers/main/en/main_classes/text_generation)
{"accepted": false, "accepted_total": 13, "task": 469, "task_id": "sigless_aca3a29acba5", "tasks": 1500, "visible_unique_passes": 0}
[transformers] Both `min_new_tokens` (=0) and `min_length`(=0) seem to have been set. `min_new_tokens` will take precedence. Please refer to the documentation for more information. (https://huggingface.co/docs/transformers/main/en/main_classes/text_generation)
{"accepted": false, "accepted_total": 13, "task": 470, "task_id": "sigless_c04ed9af1879", "tasks": 1500, "visible_unique_passes": 0}
[transformers] Both `min_new_tokens` (=0) and `min_length`(=0) seem to have been set. `min_new_tokens` will take precedence. Please refer to the documentation for more information. (https://huggingface.co/docs/transformers/main/en/main_classes/text_generation)
{"accepted": false, "accepted_total": 13, "task": 471, "task_id": "sigless_f714c35fac58", "tasks": 1500, "visible_unique_passes": 0}
[transformers] Both `min_new_tokens` (=0) and `min_length`(=0) seem to have been set. `min_new_tokens` will take precedence. Please refer to the documentation for more information. (https://huggingface.co/docs/transformers/main/en/main_classes/text_generation)
{"accepted": false, "accepted_total": 13, "task": 472, "task_id": "fresh-eval-c1a59fd8f6ff", "tasks": 1500, "visible_unique_passes": 0}
[transformers] Both `min_new_tokens` (=0) and `min_length`(=0) seem to have been set. `min_new_tokens` will take precedence. Please refer to the documentation for more information. (https://huggingface.co/docs/transformers/main/en/main_classes/text_generation)
{"accepted": false, "accepted_total": 13, "task": 473, "task_id": "fresh-eval-7a2a960d09eb", "tasks": 1500, "visible_unique_passes": 0}
[transformers] Both `min_new_tokens` (=0) and `min_length`(=0) seem to have been set. `min_new_tokens` will take precedence. Please refer to the documentation for more information. (https://huggingface.co/docs/transformers/main/en/main_classes/text_generation)
{"accepted": false, "accepted_total": 13, "task": 474, "task_id": "sigless_82b5b4eb7dbf", "tasks": 1500, "visible_unique_passes": 0}
[transformers] Both `min_new_tokens` (=0) and `min_length`(=0) seem to have been set. `min_new_tokens` will take precedence. Please refer to the documentation for more information. (https://huggingface.co/docs/transformers/main/en/main_classes/text_generation)
{"accepted": false, "accepted_total": 13, "task": 475, "task_id": "sigless_4cf82ab8aa02", "tasks": 1500, "visible_unique_passes": 0}
[transformers] Both `min_new_tokens` (=0) and `min_length`(=0) seem to have been set. `min_new_tokens` will take precedence. Please refer to the documentation for more information. (https://huggingface.co/docs/transformers/main/en/main_classes/text_generation)
{"accepted": false, "accepted_total": 13, "task": 476, "task_id": "sigless_48b20185823d", "tasks": 1500, "visible_unique_passes": 0}
[transformers] Both `min_new_tokens` (=0) and `min_length`(=0) seem to have been set. `min_new_tokens` will take precedence. Please refer to the documentation for more information. (https://huggingface.co/docs/transformers/main/en/main_classes/text_generation)
{"accepted": false, "accepted_total": 13, "task": 477, "task_id": "sigless_efa0a6152712", "tasks": 1500, "visible_unique_passes": 0}
[transformers] Both `min_new_tokens` (=0) and `min_length`(=0) seem to have been set. `min_new_tokens` will take precedence. Please refer to the documentation for more information. (https://huggingface.co/docs/transformers/main/en/main_classes/text_generation)
{"accepted": false, "accepted_total": 13, "task": 478, "task_id": "sigless_3271c74e2301", "tasks": 1500, "visible_unique_passes": 0}
[transformers] Both `min_new_tokens` (=0) and `min_length`(=0) seem to have been set. `min_new_tokens` will take precedence. Please refer to the documentation for more information. (https://huggingface.co/docs/transformers/main/en/main_classes/text_generation)
{"accepted": false, "accepted_total": 13, "task": 479, "task_id": "fresh-eval-537dc27fc85e", "tasks": 1500, "visible_unique_passes": 0}
[transformers] Both `min_new_tokens` (=0) and `min_length`(=0) seem to have been set. `min_new_tokens` will take precedence. Please refer to the documentation for more information. (https://huggingface.co/docs/transformers/main/en/main_classes/text_generation)
{"accepted": false, "accepted_total": 13, "task": 480, "task_id": "fresh-eval-49ef691011fa", "tasks": 1500, "visible_unique_passes": 0}
[transformers] Both `min_new_tokens` (=0) and `min_length`(=0) seem to have been set. `min_new_tokens` will take precedence. Please refer to the documentation for more information. (https://huggingface.co/docs/transformers/main/en/main_classes/text_generation)
{"accepted": false, "accepted_total": 13, "task": 481, "task_id": "fresh-eval-fe6e820beadd", "tasks": 1500, "visible_unique_passes": 0}
[transformers] Both `min_new_tokens` (=0) and `min_length`(=0) seem to have been set. `min_new_tokens` will take precedence. Please refer to the documentation for more information. (https://huggingface.co/docs/transformers/main/en/main_classes/text_generation)
{"accepted": false, "accepted_total": 13, "task": 482, "task_id": "fresh-eval-d1230347c61a", "tasks": 1500, "visible_unique_passes": 0}
[transformers] Both `min_new_tokens` (=0) and `min_length`(=0) seem to have been set. `min_new_tokens` will take precedence. Please refer to the documentation for more information. (https://huggingface.co/docs/transformers/main/en/main_classes/text_generation)
{"accepted": false, "accepted_total": 13, "task": 483, "task_id": "fresh-eval-6a08a4945c4d", "tasks": 1500, "visible_unique_passes": 0}
[transformers] Both `min_new_tokens` (=0) and `min_length`(=0) seem to have been set. `min_new_tokens` will take precedence. Please refer to the documentation for more information. (https://huggingface.co/docs/transformers/main/en/main_classes/text_generation)
{"accepted": false, "accepted_total": 13, "task": 484, "task_id": "sigless_6c5c6357dae4", "tasks": 1500, "visible_unique_passes": 0}
[transformers] Both `min_new_tokens` (=0) and `min_length`(=0) seem to have been set. `min_new_tokens` will take precedence. Please refer to the documentation for more information. (https://huggingface.co/docs/transformers/main/en/main_classes/text_generation)
{"accepted": false, "accepted_total": 13, "task": 485, "task_id": "sigless_6eb97f7722d4", "tasks": 1500, "visible_unique_passes": 0}
[transformers] Both `min_new_tokens` (=0) and `min_length`(=0) seem to have been set. `min_new_tokens` will take precedence. Please refer to the documentation for more information. (https://huggingface.co/docs/transformers/main/en/main_classes/text_generation)
{"accepted": false, "accepted_total": 13, "task": 486, "task_id": "fresh-eval-e1bad749770b", "tasks": 1500, "visible_unique_passes": 0}
[transformers] Both `min_new_tokens` (=0) and `min_length`(=0) seem to have been set. `min_new_tokens` will take precedence. Please refer to the documentation for more information. (https://huggingface.co/docs/transformers/main/en/main_classes/text_generation)
{"accepted": true, "accepted_total": 14, "task": 487, "task_id": "sigless_cc540498f018", "tasks": 1500, "visible_unique_passes": 2}
[transformers] Both `min_new_tokens` (=0) and `min_length`(=0) seem to have been set. `min_new_tokens` will take precedence. Please refer to the documentation for more information. (https://huggingface.co/docs/transformers/main/en/main_classes/text_generation)
{"accepted": false, "accepted_total": 14, "task": 488, "task_id": "sigless_715c9df98739", "tasks": 1500, "visible_unique_passes": 0}
[transformers] Both `min_new_tokens` (=0) and `min_length`(=0) seem to have been set. `min_new_tokens` will take precedence. Please refer to the documentation for more information. (https://huggingface.co/docs/transformers/main/en/main_classes/text_generation)
{"accepted": false, "accepted_total": 14, "task": 489, "task_id": "sigless_511302602195", "tasks": 1500, "visible_unique_passes": 0}
[transformers] Both `min_new_tokens` (=0) and `min_length`(=0) seem to have been set. `min_new_tokens` will take precedence. Please refer to the documentation for more information. (https://huggingface.co/docs/transformers/main/en/main_classes/text_generation)
{"accepted": false, "accepted_total": 14, "task": 490, "task_id": "sigless_6b314672515e", "tasks": 1500, "visible_unique_passes": 1}
[transformers] Both `min_new_tokens` (=0) and `min_length`(=0) seem to have been set. `min_new_tokens` will take precedence. Please refer to the documentation for more information. (https://huggingface.co/docs/transformers/main/en/main_classes/text_generation)
{"accepted": false, "accepted_total": 14, "task": 491, "task_id": "sigless_e5824239f216", "tasks": 1500, "visible_unique_passes": 0}
[transformers] Both `min_new_tokens` (=0) and `min_length`(=0) seem to have been set. `min_new_tokens` will take precedence. Please refer to the documentation for more information. (https://huggingface.co/docs/transformers/main/en/main_classes/text_generation)
{"accepted": false, "accepted_total": 14, "task": 492, "task_id": "fresh-eval-50e6dcfee4c9", "tasks": 1500, "visible_unique_passes": 0}
[transformers] Both `min_new_tokens` (=0) and `min_length`(=0) seem to have been set. `min_new_tokens` will take precedence. Please refer to the documentation for more information. (https://huggingface.co/docs/transformers/main/en/main_classes/text_generation)
{"accepted": false, "accepted_total": 14, "task": 493, "task_id": "sigless_cefec9f42b63", "tasks": 1500, "visible_unique_passes": 0}
[transformers] Both `min_new_tokens` (=0) and `min_length`(=0) seem to have been set. `min_new_tokens` will take precedence. Please refer to the documentation for more information. (https://huggingface.co/docs/transformers/main/en/main_classes/text_generation)
{"accepted": false, "accepted_total": 14, "task": 494, "task_id": "fresh-eval-8e8b9707ec74", "tasks": 1500, "visible_unique_passes": 0}
[transformers] Both `min_new_tokens` (=0) and `min_length`(=0) seem to have been set. `min_new_tokens` will take precedence. Please refer to the documentation for more information. (https://huggingface.co/docs/transformers/main/en/main_classes/text_generation)
{"accepted": false, "accepted_total": 14, "task": 495, "task_id": "sigless_4f6d18d2a3d3", "tasks": 1500, "visible_unique_passes": 0}
[transformers] Both `min_new_tokens` (=0) and `min_length`(=0) seem to have been set. `min_new_tokens` will take precedence. Please refer to the documentation for more information. (https://huggingface.co/docs/transformers/main/en/main_classes/text_generation)
{"accepted": false, "accepted_total": 14, "task": 496, "task_id": "fresh-eval-afe7e339e3e2", "tasks": 1500, "visible_unique_passes": 0}
[transformers] Both `min_new_tokens` (=0) and `min_length`(=0) seem to have been set. `min_new_tokens` will take precedence. Please refer to the documentation for more information. (https://huggingface.co/docs/transformers/main/en/main_classes/text_generation)
{"accepted": false, "accepted_total": 14, "task": 497, "task_id": "sigless_5b1d9f69bd54", "tasks": 1500, "visible_unique_passes": 0}
[transformers] Both `min_new_tokens` (=0) and `min_length`(=0) seem to have been set. `min_new_tokens` will take precedence. Please refer to the documentation for more information. (https://huggingface.co/docs/transformers/main/en/main_classes/text_generation)
{"accepted": false, "accepted_total": 14, "task": 498, "task_id": "sigless_9d959dfa0c13", "tasks": 1500, "visible_unique_passes": 0}
[transformers] Both `min_new_tokens` (=0) and `min_length`(=0) seem to have been set. `min_new_tokens` will take precedence. Please refer to the documentation for more information. (https://huggingface.co/docs/transformers/main/en/main_classes/text_generation)
{"accepted": false, "accepted_total": 14, "task": 499, "task_id": "sigless_30bb765f383a", "tasks": 1500, "visible_unique_passes": 0}
[transformers] Both `min_new_tokens` (=0) and `min_length`(=0) seem to have been set. `min_new_tokens` will take precedence. Please refer to the documentation for more information. (https://huggingface.co/docs/transformers/main/en/main_classes/text_generation)
{"accepted": false, "accepted_total": 14, "task": 500, "task_id": "sigless_e29643fbaf7a", "tasks": 1500, "visible_unique_passes": 0}
[transformers] Both `min_new_tokens` (=0) and `min_length`(=0) seem to have been set. `min_new_tokens` will take precedence. Please refer to the documentation for more information. (https://huggingface.co/docs/transformers/main/en/main_classes/text_generation)
{"accepted": false, "accepted_total": 14, "task": 501, "task_id": "fresh-eval-f98b7c96ae8b", "tasks": 1500, "visible_unique_passes": 0}
[transformers] Both `min_new_tokens` (=0) and `min_length`(=0) seem to have been set. `min_new_tokens` will take precedence. Please refer to the documentation for more information. (https://huggingface.co/docs/transformers/main/en/main_classes/text_generation)
{"accepted": false, "accepted_total": 14, "task": 502, "task_id": "sigless_bec3d20db018", "tasks": 1500, "visible_unique_passes": 0}
[transformers] Both `min_new_tokens` (=0) and `min_length`(=0) seem to have been set. `min_new_tokens` will take precedence. Please refer to the documentation for more information. (https://huggingface.co/docs/transformers/main/en/main_classes/text_generation)
{"accepted": false, "accepted_total": 14, "task": 503, "task_id": "sigless_40c2d861da38", "tasks": 1500, "visible_unique_passes": 0}
[transformers] Both `min_new_tokens` (=0) and `min_length`(=0) seem to have been set. `min_new_tokens` will take precedence. Please refer to the documentation for more information. (https://huggingface.co/docs/transformers/main/en/main_classes/text_generation)
{"accepted": false, "accepted_total": 14, "task": 504, "task_id": "sigless_fe5d5e599027", "tasks": 1500, "visible_unique_passes": 0}
[transformers] Both `min_new_tokens` (=0) and `min_length`(=0) seem to have been set. `min_new_tokens` will take precedence. Please refer to the documentation for more information. (https://huggingface.co/docs/transformers/main/en/main_classes/text_generation)
{"accepted": false, "accepted_total": 14, "task": 505, "task_id": "sigless_d99739d41cf9", "tasks": 1500, "visible_unique_passes": 0}
[transformers] Both `min_new_tokens` (=0) and `min_length`(=0) seem to have been set. `min_new_tokens` will take precedence. Please refer to the documentation for more information. (https://huggingface.co/docs/transformers/main/en/main_classes/text_generation)
{"accepted": false, "accepted_total": 14, "task": 506, "task_id": "sigless_274ed84d9e19", "tasks": 1500, "visible_unique_passes": 0}
[transformers] Both `min_new_tokens` (=0) and `min_length`(=0) seem to have been set. `min_new_tokens` will take precedence. Please refer to the documentation for more information. (https://huggingface.co/docs/transformers/main/en/main_classes/text_generation)
{"accepted": false, "accepted_total": 14, "task": 507, "task_id": "sigless_dac0bc4a8dbd", "tasks": 1500, "visible_unique_passes": 0}
[transformers] Both `min_new_tokens` (=0) and `min_length`(=0) seem to have been set. `min_new_tokens` will take precedence. Please refer to the documentation for more information. (https://huggingface.co/docs/transformers/main/en/main_classes/text_generation)
{"accepted": false, "accepted_total": 14, "task": 508, "task_id": "fresh-eval-b7ff26527f10", "tasks": 1500, "visible_unique_passes": 0}
[transformers] Both `min_new_tokens` (=0) and `min_length`(=0) seem to have been set. `min_new_tokens` will take precedence. Please refer to the documentation for more information. (https://huggingface.co/docs/transformers/main/en/main_classes/text_generation)
{"accepted": false, "accepted_total": 14, "task": 509, "task_id": "fresh-eval-e0cf90b45984", "tasks": 1500, "visible_unique_passes": 0}
[transformers] Both `min_new_tokens` (=0) and `min_length`(=0) seem to have been set. `min_new_tokens` will take precedence. Please refer to the documentation for more information. (https://huggingface.co/docs/transformers/main/en/main_classes/text_generation)
{"accepted": false, "accepted_total": 14, "task": 510, "task_id": "sigless_eae5ce81d21f", "tasks": 1500, "visible_unique_passes": 0}
[transformers] Both `min_new_tokens` (=0) and `min_length`(=0) seem to have been set. `min_new_tokens` will take precedence. Please refer to the documentation for more information. (https://huggingface.co/docs/transformers/main/en/main_classes/text_generation)
{"accepted": false, "accepted_total": 14, "task": 511, "task_id": "fresh-eval-e938048e0da1", "tasks": 1500, "visible_unique_passes": 0}
[transformers] Both `min_new_tokens` (=0) and `min_length`(=0) seem to have been set. `min_new_tokens` will take precedence. Please refer to the documentation for more information. (https://huggingface.co/docs/transformers/main/en/main_classes/text_generation)
{"accepted": false, "accepted_total": 14, "task": 512, "task_id": "fresh-eval-42be62dfe989", "tasks": 1500, "visible_unique_passes": 0}
[transformers] Both `min_new_tokens` (=0) and `min_length`(=0) seem to have been set. `min_new_tokens` will take precedence. Please refer to the documentation for more information. (https://huggingface.co/docs/transformers/main/en/main_classes/text_generation)
{"accepted": false, "accepted_total": 14, "task": 513, "task_id": "fresh-eval-849329aedc92", "tasks": 1500, "visible_unique_passes": 0}
[transformers] Both `min_new_tokens` (=0) and `min_length`(=0) seem to have been set. `min_new_tokens` will take precedence. Please refer to the documentation for more information. (https://huggingface.co/docs/transformers/main/en/main_classes/text_generation)
{"accepted": false, "accepted_total": 14, "task": 514, "task_id": "fresh-eval-2866e442908d", "tasks": 1500, "visible_unique_passes": 0}
[transformers] Both `min_new_tokens` (=0) and `min_length`(=0) seem to have been set. `min_new_tokens` will take precedence. Please refer to the documentation for more information. (https://huggingface.co/docs/transformers/main/en/main_classes/text_generation)
{"accepted": false, "accepted_total": 14, "task": 515, "task_id": "fresh-eval-4c3e4e6d39ad", "tasks": 1500, "visible_unique_passes": 0}
[transformers] Both `min_new_tokens` (=0) and `min_length`(=0) seem to have been set. `min_new_tokens` will take precedence. Please refer to the documentation for more information. (https://huggingface.co/docs/transformers/main/en/main_classes/text_generation)
{"accepted": false, "accepted_total": 14, "task": 516, "task_id": "fresh-eval-d7755cac9c15", "tasks": 1500, "visible_unique_passes": 0}
[transformers] Both `min_new_tokens` (=0) and `min_length`(=0) seem to have been set. `min_new_tokens` will take precedence. Please refer to the documentation for more information. (https://huggingface.co/docs/transformers/main/en/main_classes/text_generation)
{"accepted": false, "accepted_total": 14, "task": 517, "task_id": "sigless_2cb123ac730d", "tasks": 1500, "visible_unique_passes": 0}
[transformers] Both `min_new_tokens` (=0) and `min_length`(=0) seem to have been set. `min_new_tokens` will take precedence. Please refer to the documentation for more information. (https://huggingface.co/docs/transformers/main/en/main_classes/text_generation)
{"accepted": false, "accepted_total": 14, "task": 518, "task_id": "fresh-eval-1a266a2c6798", "tasks": 1500, "visible_unique_passes": 0}
[transformers] Both `min_new_tokens` (=0) and `min_length`(=0) seem to have been set. `min_new_tokens` will take precedence. Please refer to the documentation for more information. (https://huggingface.co/docs/transformers/main/en/main_classes/text_generation)
{"accepted": false, "accepted_total": 14, "task": 519, "task_id": "sigless_9f9af699de34", "tasks": 1500, "visible_unique_passes": 0}
[transformers] Both `min_new_tokens` (=0) and `min_length`(=0) seem to have been set. `min_new_tokens` will take precedence. Please refer to the documentation for more information. (https://huggingface.co/docs/transformers/main/en/main_classes/text_generation)
{"accepted": false, "accepted_total": 14, "task": 520, "task_id": "sigless_437dad78f0eb", "tasks": 1500, "visible_unique_passes": 0}
[transformers] Both `min_new_tokens` (=0) and `min_length`(=0) seem to have been set. `min_new_tokens` will take precedence. Please refer to the documentation for more information. (https://huggingface.co/docs/transformers/main/en/main_classes/text_generation)
{"accepted": false, "accepted_total": 14, "task": 521, "task_id": "sigless_aa48973e76be", "tasks": 1500, "visible_unique_passes": 0}
[transformers] Both `min_new_tokens` (=0) and `min_length`(=0) seem to have been set. `min_new_tokens` will take precedence. Please refer to the documentation for more information. (https://huggingface.co/docs/transformers/main/en/main_classes/text_generation)
{"accepted": false, "accepted_total": 14, "task": 522, "task_id": "fresh-eval-5e950a4ebc9e", "tasks": 1500, "visible_unique_passes": 0}
[transformers] Both `min_new_tokens` (=0) and `min_length`(=0) seem to have been set. `min_new_tokens` will take precedence. Please refer to the documentation for more information. (https://huggingface.co/docs/transformers/main/en/main_classes/text_generation)
{"accepted": false, "accepted_total": 14, "task": 523, "task_id": "sigless_1519c0410c08", "tasks": 1500, "visible_unique_passes": 0}
[transformers] Both `min_new_tokens` (=0) and `min_length`(=0) seem to have been set. `min_new_tokens` will take precedence. Please refer to the documentation for more information. (https://huggingface.co/docs/transformers/main/en/main_classes/text_generation)
{"accepted": false, "accepted_total": 14, "task": 524, "task_id": "sigless_6ef711342e0d", "tasks": 1500, "visible_unique_passes": 0}
[transformers] Both `min_new_tokens` (=0) and `min_length`(=0) seem to have been set. `min_new_tokens` will take precedence. Please refer to the documentation for more information. (https://huggingface.co/docs/transformers/main/en/main_classes/text_generation)
{"accepted": false, "accepted_total": 14, "task": 525, "task_id": "sigless_c6c16b565fb8", "tasks": 1500, "visible_unique_passes": 0}
[transformers] Both `min_new_tokens` (=0) and `min_length`(=0) seem to have been set. `min_new_tokens` will take precedence. Please refer to the documentation for more information. (https://huggingface.co/docs/transformers/main/en/main_classes/text_generation)
{"accepted": false, "accepted_total": 14, "task": 526, "task_id": "fresh-eval-013434169dec", "tasks": 1500, "visible_unique_passes": 0}
[transformers] Both `min_new_tokens` (=0) and `min_length`(=0) seem to have been set. `min_new_tokens` will take precedence. Please refer to the documentation for more information. (https://huggingface.co/docs/transformers/main/en/main_classes/text_generation)
{"accepted": false, "accepted_total": 14, "task": 527, "task_id": "sigless_b915954a8521", "tasks": 1500, "visible_unique_passes": 0}
[transformers] Both `min_new_tokens` (=0) and `min_length`(=0) seem to have been set. `min_new_tokens` will take precedence. Please refer to the documentation for more information. (https://huggingface.co/docs/transformers/main/en/main_classes/text_generation)
{"accepted": false, "accepted_total": 14, "task": 528, "task_id": "sigless_704208010f34", "tasks": 1500, "visible_unique_passes": 0}
[transformers] Both `min_new_tokens` (=0) and `min_length`(=0) seem to have been set. `min_new_tokens` will take precedence. Please refer to the documentation for more information. (https://huggingface.co/docs/transformers/main/en/main_classes/text_generation)
{"accepted": false, "accepted_total": 14, "task": 529, "task_id": "fresh-eval-33acc4a9cba3", "tasks": 1500, "visible_unique_passes": 0}
[transformers] Both `min_new_tokens` (=0) and `min_length`(=0) seem to have been set. `min_new_tokens` will take precedence. Please refer to the documentation for more information. (https://huggingface.co/docs/transformers/main/en/main_classes/text_generation)
{"accepted": false, "accepted_total": 14, "task": 530, "task_id": "sigless_5f66f666ffaa", "tasks": 1500, "visible_unique_passes": 0}
[transformers] Both `min_new_tokens` (=0) and `min_length`(=0) seem to have been set. `min_new_tokens` will take precedence. Please refer to the documentation for more information. (https://huggingface.co/docs/transformers/main/en/main_classes/text_generation)
{"accepted": false, "accepted_total": 14, "task": 531, "task_id": "sigless_3333168fc1f9", "tasks": 1500, "visible_unique_passes": 0}
[transformers] Both `min_new_tokens` (=0) and `min_length`(=0) seem to have been set. `min_new_tokens` will take precedence. Please refer to the documentation for more information. (https://huggingface.co/docs/transformers/main/en/main_classes/text_generation)
{"accepted": false, "accepted_total": 14, "task": 532, "task_id": "fresh-eval-c413e39d0ce2", "tasks": 1500, "visible_unique_passes": 0}
[transformers] Both `min_new_tokens` (=0) and `min_length`(=0) seem to have been set. `min_new_tokens` will take precedence. Please refer to the documentation for more information. (https://huggingface.co/docs/transformers/main/en/main_classes/text_generation)
{"accepted": false, "accepted_total": 14, "task": 533, "task_id": "sigless_0026465806c5", "tasks": 1500, "visible_unique_passes": 0}
[transformers] Both `min_new_tokens` (=0) and `min_length`(=0) seem to have been set. `min_new_tokens` will take precedence. Please refer to the documentation for more information. (https://huggingface.co/docs/transformers/main/en/main_classes/text_generation)
{"accepted": false, "accepted_total": 14, "task": 534, "task_id": "sigless_8650d8564ac7", "tasks": 1500, "visible_unique_passes": 0}
[transformers] Both `min_new_tokens` (=0) and `min_length`(=0) seem to have been set. `min_new_tokens` will take precedence. Please refer to the documentation for more information. (https://huggingface.co/docs/transformers/main/en/main_classes/text_generation)
{"accepted": false, "accepted_total": 14, "task": 535, "task_id": "fresh-eval-074d1675827b", "tasks": 1500, "visible_unique_passes": 0}
[transformers] Both `min_new_tokens` (=0) and `min_length`(=0) seem to have been set. `min_new_tokens` will take precedence. Please refer to the documentation for more information. (https://huggingface.co/docs/transformers/main/en/main_classes/text_generation)
{"accepted": false, "accepted_total": 14, "task": 536, "task_id": "sigless_a1c47e9a6462", "tasks": 1500, "visible_unique_passes": 0}
[transformers] Both `min_new_tokens` (=0) and `min_length`(=0) seem to have been set. `min_new_tokens` will take precedence. Please refer to the documentation for more information. (https://huggingface.co/docs/transformers/main/en/main_classes/text_generation)
{"accepted": false, "accepted_total": 14, "task": 537, "task_id": "fresh-eval-630491cbc807", "tasks": 1500, "visible_unique_passes": 0}
[transformers] Both `min_new_tokens` (=0) and `min_length`(=0) seem to have been set. `min_new_tokens` will take precedence. Please refer to the documentation for more information. (https://huggingface.co/docs/transformers/main/en/main_classes/text_generation)
{"accepted": false, "accepted_total": 14, "task": 538, "task_id": "fresh-eval-dc85bbca39e7", "tasks": 1500, "visible_unique_passes": 0}
[transformers] Both `min_new_tokens` (=0) and `min_length`(=0) seem to have been set. `min_new_tokens` will take precedence. Please refer to the documentation for more information. (https://huggingface.co/docs/transformers/main/en/main_classes/text_generation)
{"accepted": false, "accepted_total": 14, "task": 539, "task_id": "sigless_459ef454900f", "tasks": 1500, "visible_unique_passes": 0}
[transformers] Both `min_new_tokens` (=0) and `min_length`(=0) seem to have been set. `min_new_tokens` will take precedence. Please refer to the documentation for more information. (https://huggingface.co/docs/transformers/main/en/main_classes/text_generation)
{"accepted": false, "accepted_total": 14, "task": 540, "task_id": "sigless_b1b21c4df6f6", "tasks": 1500, "visible_unique_passes": 0}
[transformers] Both `min_new_tokens` (=0) and `min_length`(=0) seem to have been set. `min_new_tokens` will take precedence. Please refer to the documentation for more information. (https://huggingface.co/docs/transformers/main/en/main_classes/text_generation)
{"accepted": false, "accepted_total": 14, "task": 541, "task_id": "fresh-eval-8561a60e8045", "tasks": 1500, "visible_unique_passes": 0}
[transformers] Both `min_new_tokens` (=0) and `min_length`(=0) seem to have been set. `min_new_tokens` will take precedence. Please refer to the documentation for more information. (https://huggingface.co/docs/transformers/main/en/main_classes/text_generation)
{"accepted": false, "accepted_total": 14, "task": 542, "task_id": "fresh-eval-72a6b548a8f3", "tasks": 1500, "visible_unique_passes": 0}
[transformers] Both `min_new_tokens` (=0) and `min_length`(=0) seem to have been set. `min_new_tokens` will take precedence. Please refer to the documentation for more information. (https://huggingface.co/docs/transformers/main/en/main_classes/text_generation)
{"accepted": false, "accepted_total": 14, "task": 543, "task_id": "fresh-eval-3d41de09fee0", "tasks": 1500, "visible_unique_passes": 0}
[transformers] Both `min_new_tokens` (=0) and `min_length`(=0) seem to have been set. `min_new_tokens` will take precedence. Please refer to the documentation for more information. (https://huggingface.co/docs/transformers/main/en/main_classes/text_generation)
{"accepted": false, "accepted_total": 14, "task": 544, "task_id": "fresh-eval-9f769c54ee84", "tasks": 1500, "visible_unique_passes": 0}
[transformers] Both `min_new_tokens` (=0) and `min_length`(=0) seem to have been set. `min_new_tokens` will take precedence. Please refer to the documentation for more information. (https://huggingface.co/docs/transformers/main/en/main_classes/text_generation)
{"accepted": false, "accepted_total": 14, "task": 545, "task_id": "sigless_4128d40d5043", "tasks": 1500, "visible_unique_passes": 0}
[transformers] Both `min_new_tokens` (=0) and `min_length`(=0) seem to have been set. `min_new_tokens` will take precedence. Please refer to the documentation for more information. (https://huggingface.co/docs/transformers/main/en/main_classes/text_generation)
{"accepted": false, "accepted_total": 14, "task": 546, "task_id": "sigless_d218a8f6660b", "tasks": 1500, "visible_unique_passes": 0}
[transformers] Both `min_new_tokens` (=0) and `min_length`(=0) seem to have been set. `min_new_tokens` will take precedence. Please refer to the documentation for more information. (https://huggingface.co/docs/transformers/main/en/main_classes/text_generation)
{"accepted": false, "accepted_total": 14, "task": 547, "task_id": "sigless_604312285628", "tasks": 1500, "visible_unique_passes": 0}
[transformers] Both `min_new_tokens` (=0) and `min_length`(=0) seem to have been set. `min_new_tokens` will take precedence. Please refer to the documentation for more information. (https://huggingface.co/docs/transformers/main/en/main_classes/text_generation)
{"accepted": false, "accepted_total": 14, "task": 548, "task_id": "sigless_7eac1299b4f2", "tasks": 1500, "visible_unique_passes": 0}
[transformers] Both `min_new_tokens` (=0) and `min_length`(=0) seem to have been set. `min_new_tokens` will take precedence. Please refer to the documentation for more information. (https://huggingface.co/docs/transformers/main/en/main_classes/text_generation)
{"accepted": false, "accepted_total": 14, "task": 549, "task_id": "fresh-eval-352bce75b1cb", "tasks": 1500, "visible_unique_passes": 0}
[transformers] Both `min_new_tokens` (=0) and `min_length`(=0) seem to have been set. `min_new_tokens` will take precedence. Please refer to the documentation for more information. (https://huggingface.co/docs/transformers/main/en/main_classes/text_generation)
{"accepted": false, "accepted_total": 14, "task": 550, "task_id": "sigless_adb5a826e894", "tasks": 1500, "visible_unique_passes": 0}
[transformers] Both `min_new_tokens` (=0) and `min_length`(=0) seem to have been set. `min_new_tokens` will take precedence. Please refer to the documentation for more information. (https://huggingface.co/docs/transformers/main/en/main_classes/text_generation)
{"accepted": false, "accepted_total": 14, "task": 551, "task_id": "fresh-eval-048911e7eac1", "tasks": 1500, "visible_unique_passes": 0}
[transformers] Both `min_new_tokens` (=0) and `min_length`(=0) seem to have been set. `min_new_tokens` will take precedence. Please refer to the documentation for more information. (https://huggingface.co/docs/transformers/main/en/main_classes/text_generation)
{"accepted": false, "accepted_total": 14, "task": 552, "task_id": "sigless_f6020faa9f9f", "tasks": 1500, "visible_unique_passes": 0}
[transformers] Both `min_new_tokens` (=0) and `min_length`(=0) seem to have been set. `min_new_tokens` will take precedence. Please refer to the documentation for more information. (https://huggingface.co/docs/transformers/main/en/main_classes/text_generation)
{"accepted": false, "accepted_total": 14, "task": 553, "task_id": "fresh-eval-d1e214f72ef0", "tasks": 1500, "visible_unique_passes": 0}
[transformers] Both `min_new_tokens` (=0) and `min_length`(=0) seem to have been set. `min_new_tokens` will take precedence. Please refer to the documentation for more information. (https://huggingface.co/docs/transformers/main/en/main_classes/text_generation)
{"accepted": false, "accepted_total": 14, "task": 554, "task_id": "sigless_842997336ec6", "tasks": 1500, "visible_unique_passes": 0}
[transformers] Both `min_new_tokens` (=0) and `min_length`(=0) seem to have been set. `min_new_tokens` will take precedence. Please refer to the documentation for more information. (https://huggingface.co/docs/transformers/main/en/main_classes/text_generation)
{"accepted": false, "accepted_total": 14, "task": 555, "task_id": "sigless_465c428aa543", "tasks": 1500, "visible_unique_passes": 0}
[transformers] Both `min_new_tokens` (=0) and `min_length`(=0) seem to have been set. `min_new_tokens` will take precedence. Please refer to the documentation for more information. (https://huggingface.co/docs/transformers/main/en/main_classes/text_generation)
{"accepted": false, "accepted_total": 14, "task": 556, "task_id": "sigless_6bffbc25b0eb", "tasks": 1500, "visible_unique_passes": 0}
[transformers] Both `min_new_tokens` (=0) and `min_length`(=0) seem to have been set. `min_new_tokens` will take precedence. Please refer to the documentation for more information. (https://huggingface.co/docs/transformers/main/en/main_classes/text_generation)
{"accepted": false, "accepted_total": 14, "task": 557, "task_id": "sigless_c468c7824b3d", "tasks": 1500, "visible_unique_passes": 0}
[transformers] Both `min_new_tokens` (=0) and `min_length`(=0) seem to have been set. `min_new_tokens` will take precedence. Please refer to the documentation for more information. (https://huggingface.co/docs/transformers/main/en/main_classes/text_generation)
{"accepted": false, "accepted_total": 14, "task": 558, "task_id": "fresh-eval-b91f346b1faf", "tasks": 1500, "visible_unique_passes": 0}
[transformers] Both `min_new_tokens` (=0) and `min_length`(=0) seem to have been set. `min_new_tokens` will take precedence. Please refer to the documentation for more information. (https://huggingface.co/docs/transformers/main/en/main_classes/text_generation)
{"accepted": false, "accepted_total": 14, "task": 559, "task_id": "fresh-eval-b8f6081d9ac5", "tasks": 1500, "visible_unique_passes": 0}
[transformers] Both `min_new_tokens` (=0) and `min_length`(=0) seem to have been set. `min_new_tokens` will take precedence. Please refer to the documentation for more information. (https://huggingface.co/docs/transformers/main/en/main_classes/text_generation)
{"accepted": false, "accepted_total": 14, "task": 560, "task_id": "sigless_b739b7a4394b", "tasks": 1500, "visible_unique_passes": 0}
[transformers] Both `min_new_tokens` (=0) and `min_length`(=0) seem to have been set. `min_new_tokens` will take precedence. Please refer to the documentation for more information. (https://huggingface.co/docs/transformers/main/en/main_classes/text_generation)
{"accepted": false, "accepted_total": 14, "task": 561, "task_id": "fresh-eval-2d06d1987648", "tasks": 1500, "visible_unique_passes": 0}
[transformers] Both `min_new_tokens` (=0) and `min_length`(=0) seem to have been set. `min_new_tokens` will take precedence. Please refer to the documentation for more information. (https://huggingface.co/docs/transformers/main/en/main_classes/text_generation)
{"accepted": false, "accepted_total": 14, "task": 562, "task_id": "sigless_6d76d005caa9", "tasks": 1500, "visible_unique_passes": 0}
[transformers] Both `min_new_tokens` (=0) and `min_length`(=0) seem to have been set. `min_new_tokens` will take precedence. Please refer to the documentation for more information. (https://huggingface.co/docs/transformers/main/en/main_classes/text_generation)
{"accepted": false, "accepted_total": 14, "task": 563, "task_id": "sigless_731f6c240879", "tasks": 1500, "visible_unique_passes": 0}
[transformers] Both `min_new_tokens` (=0) and `min_length`(=0) seem to have been set. `min_new_tokens` will take precedence. Please refer to the documentation for more information. (https://huggingface.co/docs/transformers/main/en/main_classes/text_generation)
{"accepted": false, "accepted_total": 14, "task": 564, "task_id": "fresh-eval-618826157edc", "tasks": 1500, "visible_unique_passes": 0}
[transformers] Both `min_new_tokens` (=0) and `min_length`(=0) seem to have been set. `min_new_tokens` will take precedence. Please refer to the documentation for more information. (https://huggingface.co/docs/transformers/main/en/main_classes/text_generation)
{"accepted": false, "accepted_total": 14, "task": 565, "task_id": "sigless_198562fcc704", "tasks": 1500, "visible_unique_passes": 0}
[transformers] Both `min_new_tokens` (=0) and `min_length`(=0) seem to have been set. `min_new_tokens` will take precedence. Please refer to the documentation for more information. (https://huggingface.co/docs/transformers/main/en/main_classes/text_generation)
{"accepted": false, "accepted_total": 14, "task": 566, "task_id": "sigless_9abe00ccebbf", "tasks": 1500, "visible_unique_passes": 0}
[transformers] Both `min_new_tokens` (=0) and `min_length`(=0) seem to have been set. `min_new_tokens` will take precedence. Please refer to the documentation for more information. (https://huggingface.co/docs/transformers/main/en/main_classes/text_generation)
{"accepted": false, "accepted_total": 14, "task": 567, "task_id": "sigless_b06a7032c94d", "tasks": 1500, "visible_unique_passes": 0}
[transformers] Both `min_new_tokens` (=0) and `min_length`(=0) seem to have been set. `min_new_tokens` will take precedence. Please refer to the documentation for more information. (https://huggingface.co/docs/transformers/main/en/main_classes/text_generation)
{"accepted": false, "accepted_total": 14, "task": 568, "task_id": "fresh-eval-013380515e5e", "tasks": 1500, "visible_unique_passes": 0}
[transformers] Both `min_new_tokens` (=0) and `min_length`(=0) seem to have been set. `min_new_tokens` will take precedence. Please refer to the documentation for more information. (https://huggingface.co/docs/transformers/main/en/main_classes/text_generation)
{"accepted": false, "accepted_total": 14, "task": 569, "task_id": "sigless_2109d615c49b", "tasks": 1500, "visible_unique_passes": 0}
[transformers] Both `min_new_tokens` (=0) and `min_length`(=0) seem to have been set. `min_new_tokens` will take precedence. Please refer to the documentation for more information. (https://huggingface.co/docs/transformers/main/en/main_classes/text_generation)
{"accepted": false, "accepted_total": 14, "task": 570, "task_id": "sigless_612c92b9c5f6", "tasks": 1500, "visible_unique_passes": 0}
[transformers] Both `min_new_tokens` (=0) and `min_length`(=0) seem to have been set. `min_new_tokens` will take precedence. Please refer to the documentation for more information. (https://huggingface.co/docs/transformers/main/en/main_classes/text_generation)
{"accepted": false, "accepted_total": 14, "task": 571, "task_id": "sigless_87959dac9b18", "tasks": 1500, "visible_unique_passes": 0}
[transformers] Both `min_new_tokens` (=0) and `min_length`(=0) seem to have been set. `min_new_tokens` will take precedence. Please refer to the documentation for more information. (https://huggingface.co/docs/transformers/main/en/main_classes/text_generation)
{"accepted": false, "accepted_total": 14, "task": 572, "task_id": "fresh-eval-58274e049569", "tasks": 1500, "visible_unique_passes": 0}
[transformers] Both `min_new_tokens` (=0) and `min_length`(=0) seem to have been set. `min_new_tokens` will take precedence. Please refer to the documentation for more information. (https://huggingface.co/docs/transformers/main/en/main_classes/text_generation)
{"accepted": false, "accepted_total": 14, "task": 573, "task_id": "sigless_e4dfd8300608", "tasks": 1500, "visible_unique_passes": 0}
[transformers] Both `min_new_tokens` (=0) and `min_length`(=0) seem to have been set. `min_new_tokens` will take precedence. Please refer to the documentation for more information. (https://huggingface.co/docs/transformers/main/en/main_classes/text_generation)
{"accepted": false, "accepted_total": 14, "task": 574, "task_id": "fresh-eval-07888609b8c7", "tasks": 1500, "visible_unique_passes": 0}
[transformers] Both `min_new_tokens` (=0) and `min_length`(=0) seem to have been set. `min_new_tokens` will take precedence. Please refer to the documentation for more information. (https://huggingface.co/docs/transformers/main/en/main_classes/text_generation)
{"accepted": false, "accepted_total": 14, "task": 575, "task_id": "fresh-eval-222c0d485fff", "tasks": 1500, "visible_unique_passes": 0}
[transformers] Both `min_new_tokens` (=0) and `min_length`(=0) seem to have been set. `min_new_tokens` will take precedence. Please refer to the documentation for more information. (https://huggingface.co/docs/transformers/main/en/main_classes/text_generation)
{"accepted": false, "accepted_total": 14, "task": 576, "task_id": "sigless_f69a19cc404b", "tasks": 1500, "visible_unique_passes": 0}
[transformers] Both `min_new_tokens` (=0) and `min_length`(=0) seem to have been set. `min_new_tokens` will take precedence. Please refer to the documentation for more information. (https://huggingface.co/docs/transformers/main/en/main_classes/text_generation)
{"accepted": false, "accepted_total": 14, "task": 577, "task_id": "sigless_483bbf7bb6b1", "tasks": 1500, "visible_unique_passes": 0}
[transformers] Both `min_new_tokens` (=0) and `min_length`(=0) seem to have been set. `min_new_tokens` will take precedence. Please refer to the documentation for more information. (https://huggingface.co/docs/transformers/main/en/main_classes/text_generation)
{"accepted": false, "accepted_total": 14, "task": 578, "task_id": "fresh-eval-e46edb6e5ac0", "tasks": 1500, "visible_unique_passes": 0}
[transformers] Both `min_new_tokens` (=0) and `min_length`(=0) seem to have been set. `min_new_tokens` will take precedence. Please refer to the documentation for more information. (https://huggingface.co/docs/transformers/main/en/main_classes/text_generation)
{"accepted": false, "accepted_total": 14, "task": 579, "task_id": "fresh-eval-5ef56d9abcb3", "tasks": 1500, "visible_unique_passes": 0}
[transformers] Both `min_new_tokens` (=0) and `min_length`(=0) seem to have been set. `min_new_tokens` will take precedence. Please refer to the documentation for more information. (https://huggingface.co/docs/transformers/main/en/main_classes/text_generation)
{"accepted": false, "accepted_total": 14, "task": 580, "task_id": "sigless_08d9788809ed", "tasks": 1500, "visible_unique_passes": 0}
[transformers] Both `min_new_tokens` (=0) and `min_length`(=0) seem to have been set. `min_new_tokens` will take precedence. Please refer to the documentation for more information. (https://huggingface.co/docs/transformers/main/en/main_classes/text_generation)
{"accepted": false, "accepted_total": 14, "task": 581, "task_id": "fresh-eval-a739231f5b8f", "tasks": 1500, "visible_unique_passes": 0}
[transformers] Both `min_new_tokens` (=0) and `min_length`(=0) seem to have been set. `min_new_tokens` will take precedence. Please refer to the documentation for more information. (https://huggingface.co/docs/transformers/main/en/main_classes/text_generation)
{"accepted": false, "accepted_total": 14, "task": 582, "task_id": "sigless_97cea9527095", "tasks": 1500, "visible_unique_passes": 0}
[transformers] Both `min_new_tokens` (=0) and `min_length`(=0) seem to have been set. `min_new_tokens` will take precedence. Please refer to the documentation for more information. (https://huggingface.co/docs/transformers/main/en/main_classes/text_generation)
{"accepted": false, "accepted_total": 14, "task": 583, "task_id": "sigless_0ae882aa2b4c", "tasks": 1500, "visible_unique_passes": 0}
[transformers] Both `min_new_tokens` (=0) and `min_length`(=0) seem to have been set. `min_new_tokens` will take precedence. Please refer to the documentation for more information. (https://huggingface.co/docs/transformers/main/en/main_classes/text_generation)
{"accepted": false, "accepted_total": 14, "task": 584, "task_id": "fresh-eval-3d8ae6915834", "tasks": 1500, "visible_unique_passes": 0}
[transformers] Both `min_new_tokens` (=0) and `min_length`(=0) seem to have been set. `min_new_tokens` will take precedence. Please refer to the documentation for more information. (https://huggingface.co/docs/transformers/main/en/main_classes/text_generation)
{"accepted": false, "accepted_total": 14, "task": 585, "task_id": "fresh-eval-732ad9c04b4d", "tasks": 1500, "visible_unique_passes": 0}
[transformers] Both `min_new_tokens` (=0) and `min_length`(=0) seem to have been set. `min_new_tokens` will take precedence. Please refer to the documentation for more information. (https://huggingface.co/docs/transformers/main/en/main_classes/text_generation)
{"accepted": false, "accepted_total": 14, "task": 586, "task_id": "sigless_1f7bb8ed8eac", "tasks": 1500, "visible_unique_passes": 0}
[transformers] Both `min_new_tokens` (=0) and `min_length`(=0) seem to have been set. `min_new_tokens` will take precedence. Please refer to the documentation for more information. (https://huggingface.co/docs/transformers/main/en/main_classes/text_generation)
{"accepted": false, "accepted_total": 14, "task": 587, "task_id": "fresh-eval-598b7983f02a", "tasks": 1500, "visible_unique_passes": 0}
[transformers] Both `min_new_tokens` (=0) and `min_length`(=0) seem to have been set. `min_new_tokens` will take precedence. Please refer to the documentation for more information. (https://huggingface.co/docs/transformers/main/en/main_classes/text_generation)
{"accepted": false, "accepted_total": 14, "task": 588, "task_id": "sigless_6b1b536baaf8", "tasks": 1500, "visible_unique_passes": 0}
[transformers] Both `min_new_tokens` (=0) and `min_length`(=0) seem to have been set. `min_new_tokens` will take precedence. Please refer to the documentation for more information. (https://huggingface.co/docs/transformers/main/en/main_classes/text_generation)
{"accepted": false, "accepted_total": 14, "task": 589, "task_id": "sigless_2123a2d9b7fe", "tasks": 1500, "visible_unique_passes": 0}
[transformers] Both `min_new_tokens` (=0) and `min_length`(=0) seem to have been set. `min_new_tokens` will take precedence. Please refer to the documentation for more information. (https://huggingface.co/docs/transformers/main/en/main_classes/text_generation)
{"accepted": false, "accepted_total": 14, "task": 590, "task_id": "sigless_2372aebbb538", "tasks": 1500, "visible_unique_passes": 0}
[transformers] Both `min_new_tokens` (=0) and `min_length`(=0) seem to have been set. `min_new_tokens` will take precedence. Please refer to the documentation for more information. (https://huggingface.co/docs/transformers/main/en/main_classes/text_generation)
{"accepted": false, "accepted_total": 14, "task": 591, "task_id": "fresh-eval-a45c7be6480e", "tasks": 1500, "visible_unique_passes": 0}
[transformers] Both `min_new_tokens` (=0) and `min_length`(=0) seem to have been set. `min_new_tokens` will take precedence. Please refer to the documentation for more information. (https://huggingface.co/docs/transformers/main/en/main_classes/text_generation)
{"accepted": false, "accepted_total": 14, "task": 592, "task_id": "sigless_16645e6ac045", "tasks": 1500, "visible_unique_passes": 0}
[transformers] Both `min_new_tokens` (=0) and `min_length`(=0) seem to have been set. `min_new_tokens` will take precedence. Please refer to the documentation for more information. (https://huggingface.co/docs/transformers/main/en/main_classes/text_generation)
{"accepted": false, "accepted_total": 14, "task": 593, "task_id": "fresh-eval-731910e9790c", "tasks": 1500, "visible_unique_passes": 0}
[transformers] Both `min_new_tokens` (=0) and `min_length`(=0) seem to have been set. `min_new_tokens` will take precedence. Please refer to the documentation for more information. (https://huggingface.co/docs/transformers/main/en/main_classes/text_generation)
{"accepted": false, "accepted_total": 14, "task": 594, "task_id": "sigless_98d5d1deed73", "tasks": 1500, "visible_unique_passes": 0}
[transformers] Both `min_new_tokens` (=0) and `min_length`(=0) seem to have been set. `min_new_tokens` will take precedence. Please refer to the documentation for more information. (https://huggingface.co/docs/transformers/main/en/main_classes/text_generation)
{"accepted": true, "accepted_total": 15, "task": 595, "task_id": "sigless_ca26472b8fbe", "tasks": 1500, "visible_unique_passes": 3}
[transformers] Both `min_new_tokens` (=0) and `min_length`(=0) seem to have been set. `min_new_tokens` will take precedence. Please refer to the documentation for more information. (https://huggingface.co/docs/transformers/main/en/main_classes/text_generation)
{"accepted": false, "accepted_total": 15, "task": 596, "task_id": "sigless_70b26b4cb9bb", "tasks": 1500, "visible_unique_passes": 0}
[transformers] Both `min_new_tokens` (=0) and `min_length`(=0) seem to have been set. `min_new_tokens` will take precedence. Please refer to the documentation for more information. (https://huggingface.co/docs/transformers/main/en/main_classes/text_generation)
{"accepted": false, "accepted_total": 15, "task": 597, "task_id": "fresh-eval-585f4e81930a", "tasks": 1500, "visible_unique_passes": 0}
[transformers] Both `min_new_tokens` (=0) and `min_length`(=0) seem to have been set. `min_new_tokens` will take precedence. Please refer to the documentation for more information. (https://huggingface.co/docs/transformers/main/en/main_classes/text_generation)
{"accepted": false, "accepted_total": 15, "task": 598, "task_id": "fresh-eval-e5b1921f1aea", "tasks": 1500, "visible_unique_passes": 0}
[transformers] Both `min_new_tokens` (=0) and `min_length`(=0) seem to have been set. `min_new_tokens` will take precedence. Please refer to the documentation for more information. (https://huggingface.co/docs/transformers/main/en/main_classes/text_generation)
{"accepted": false, "accepted_total": 15, "task": 599, "task_id": "fresh-eval-279422029a34", "tasks": 1500, "visible_unique_passes": 0}
[transformers] Both `min_new_tokens` (=0) and `min_length`(=0) seem to have been set. `min_new_tokens` will take precedence. Please refer to the documentation for more information. (https://huggingface.co/docs/transformers/main/en/main_classes/text_generation)
{"accepted": false, "accepted_total": 15, "task": 600, "task_id": "sigless_3664525e90df", "tasks": 1500, "visible_unique_passes": 0}
[transformers] Both `min_new_tokens` (=0) and `min_length`(=0) seem to have been set. `min_new_tokens` will take precedence. Please refer to the documentation for more information. (https://huggingface.co/docs/transformers/main/en/main_classes/text_generation)
{"accepted": false, "accepted_total": 15, "task": 601, "task_id": "sigless_743b302a38bb", "tasks": 1500, "visible_unique_passes": 0}
[transformers] Both `min_new_tokens` (=0) and `min_length`(=0) seem to have been set. `min_new_tokens` will take precedence. Please refer to the documentation for more information. (https://huggingface.co/docs/transformers/main/en/main_classes/text_generation)
{"accepted": false, "accepted_total": 15, "task": 602, "task_id": "fresh-eval-ad372b437b26", "tasks": 1500, "visible_unique_passes": 0}
[transformers] Both `min_new_tokens` (=0) and `min_length`(=0) seem to have been set. `min_new_tokens` will take precedence. Please refer to the documentation for more information. (https://huggingface.co/docs/transformers/main/en/main_classes/text_generation)
{"accepted": false, "accepted_total": 15, "task": 603, "task_id": "sigless_397eecf2df92", "tasks": 1500, "visible_unique_passes": 0}
[transformers] Both `min_new_tokens` (=0) and `min_length`(=0) seem to have been set. `min_new_tokens` will take precedence. Please refer to the documentation for more information. (https://huggingface.co/docs/transformers/main/en/main_classes/text_generation)
{"accepted": false, "accepted_total": 15, "task": 604, "task_id": "fresh-eval-4fb2dc22526a", "tasks": 1500, "visible_unique_passes": 0}
[transformers] Both `min_new_tokens` (=0) and `min_length`(=0) seem to have been set. `min_new_tokens` will take precedence. Please refer to the documentation for more information. (https://huggingface.co/docs/transformers/main/en/main_classes/text_generation)
{"accepted": false, "accepted_total": 15, "task": 605, "task_id": "sigless_ac2a7abba9ff", "tasks": 1500, "visible_unique_passes": 0}
[transformers] Both `min_new_tokens` (=0) and `min_length`(=0) seem to have been set. `min_new_tokens` will take precedence. Please refer to the documentation for more information. (https://huggingface.co/docs/transformers/main/en/main_classes/text_generation)
{"accepted": true, "accepted_total": 16, "task": 606, "task_id": "sigless_f156abe23b40", "tasks": 1500, "visible_unique_passes": 2}
[transformers] Both `min_new_tokens` (=0) and `min_length`(=0) seem to have been set. `min_new_tokens` will take precedence. Please refer to the documentation for more information. (https://huggingface.co/docs/transformers/main/en/main_classes/text_generation)
{"accepted": false, "accepted_total": 16, "task": 607, "task_id": "sigless_a75e5964ecb6", "tasks": 1500, "visible_unique_passes": 0}
[transformers] Both `min_new_tokens` (=0) and `min_length`(=0) seem to have been set. `min_new_tokens` will take precedence. Please refer to the documentation for more information. (https://huggingface.co/docs/transformers/main/en/main_classes/text_generation)
{"accepted": false, "accepted_total": 16, "task": 608, "task_id": "sigless_911e30440884", "tasks": 1500, "visible_unique_passes": 3}
[transformers] Both `min_new_tokens` (=0) and `min_length`(=0) seem to have been set. `min_new_tokens` will take precedence. Please refer to the documentation for more information. (https://huggingface.co/docs/transformers/main/en/main_classes/text_generation)
{"accepted": false, "accepted_total": 16, "task": 609, "task_id": "sigless_d1a5de35533a", "tasks": 1500, "visible_unique_passes": 0}
[transformers] Both `min_new_tokens` (=0) and `min_length`(=0) seem to have been set. `min_new_tokens` will take precedence. Please refer to the documentation for more information. (https://huggingface.co/docs/transformers/main/en/main_classes/text_generation)
{"accepted": false, "accepted_total": 16, "task": 610, "task_id": "fresh-eval-4eeb0995dd72", "tasks": 1500, "visible_unique_passes": 0}
[transformers] Both `min_new_tokens` (=0) and `min_length`(=0) seem to have been set. `min_new_tokens` will take precedence. Please refer to the documentation for more information. (https://huggingface.co/docs/transformers/main/en/main_classes/text_generation)
{"accepted": false, "accepted_total": 16, "task": 611, "task_id": "sigless_d801178ee7a1", "tasks": 1500, "visible_unique_passes": 0}
[transformers] Both `min_new_tokens` (=0) and `min_length`(=0) seem to have been set. `min_new_tokens` will take precedence. Please refer to the documentation for more information. (https://huggingface.co/docs/transformers/main/en/main_classes/text_generation)
{"accepted": false, "accepted_total": 16, "task": 612, "task_id": "fresh-eval-95c736f9af11", "tasks": 1500, "visible_unique_passes": 0}
[transformers] Both `min_new_tokens` (=0) and `min_length`(=0) seem to have been set. `min_new_tokens` will take precedence. Please refer to the documentation for more information. (https://huggingface.co/docs/transformers/main/en/main_classes/text_generation)
{"accepted": false, "accepted_total": 16, "task": 613, "task_id": "fresh-eval-83a0ab99f3a0", "tasks": 1500, "visible_unique_passes": 0}
[transformers] Both `min_new_tokens` (=0) and `min_length`(=0) seem to have been set. `min_new_tokens` will take precedence. Please refer to the documentation for more information. (https://huggingface.co/docs/transformers/main/en/main_classes/text_generation)
{"accepted": false, "accepted_total": 16, "task": 614, "task_id": "sigless_a63b34e34b37", "tasks": 1500, "visible_unique_passes": 0}
[transformers] Both `min_new_tokens` (=0) and `min_length`(=0) seem to have been set. `min_new_tokens` will take precedence. Please refer to the documentation for more information. (https://huggingface.co/docs/transformers/main/en/main_classes/text_generation)
{"accepted": false, "accepted_total": 16, "task": 615, "task_id": "sigless_d2002cb06243", "tasks": 1500, "visible_unique_passes": 0}
[transformers] Both `min_new_tokens` (=0) and `min_length`(=0) seem to have been set. `min_new_tokens` will take precedence. Please refer to the documentation for more information. (https://huggingface.co/docs/transformers/main/en/main_classes/text_generation)
{"accepted": false, "accepted_total": 16, "task": 616, "task_id": "fresh-eval-b8c960441780", "tasks": 1500, "visible_unique_passes": 0}
[transformers] Both `min_new_tokens` (=0) and `min_length`(=0) seem to have been set. `min_new_tokens` will take precedence. Please refer to the documentation for more information. (https://huggingface.co/docs/transformers/main/en/main_classes/text_generation)
{"accepted": false, "accepted_total": 16, "task": 617, "task_id": "sigless_fc157a93d029", "tasks": 1500, "visible_unique_passes": 0}
[transformers] Both `min_new_tokens` (=0) and `min_length`(=0) seem to have been set. `min_new_tokens` will take precedence. Please refer to the documentation for more information. (https://huggingface.co/docs/transformers/main/en/main_classes/text_generation)
{"accepted": false, "accepted_total": 16, "task": 618, "task_id": "fresh-eval-9f6cd51dda20", "tasks": 1500, "visible_unique_passes": 0}
[transformers] Both `min_new_tokens` (=0) and `min_length`(=0) seem to have been set. `min_new_tokens` will take precedence. Please refer to the documentation for more information. (https://huggingface.co/docs/transformers/main/en/main_classes/text_generation)
{"accepted": false, "accepted_total": 16, "task": 619, "task_id": "sigless_3aa5ad95c544", "tasks": 1500, "visible_unique_passes": 0}
[transformers] Both `min_new_tokens` (=0) and `min_length`(=0) seem to have been set. `min_new_tokens` will take precedence. Please refer to the documentation for more information. (https://huggingface.co/docs/transformers/main/en/main_classes/text_generation)
{"accepted": false, "accepted_total": 16, "task": 620, "task_id": "sigless_4f3ed7b17a1f", "tasks": 1500, "visible_unique_passes": 0}
[transformers] Both `min_new_tokens` (=0) and `min_length`(=0) seem to have been set. `min_new_tokens` will take precedence. Please refer to the documentation for more information. (https://huggingface.co/docs/transformers/main/en/main_classes/text_generation)
{"accepted": false, "accepted_total": 16, "task": 621, "task_id": "fresh-eval-ffeb652f75cd", "tasks": 1500, "visible_unique_passes": 0}
[transformers] Both `min_new_tokens` (=0) and `min_length`(=0) seem to have been set. `min_new_tokens` will take precedence. Please refer to the documentation for more information. (https://huggingface.co/docs/transformers/main/en/main_classes/text_generation)
{"accepted": false, "accepted_total": 16, "task": 622, "task_id": "sigless_57f066ca292b", "tasks": 1500, "visible_unique_passes": 0}
[transformers] Both `min_new_tokens` (=0) and `min_length`(=0) seem to have been set. `min_new_tokens` will take precedence. Please refer to the documentation for more information. (https://huggingface.co/docs/transformers/main/en/main_classes/text_generation)
{"accepted": false, "accepted_total": 16, "task": 623, "task_id": "sigless_3715faa04936", "tasks": 1500, "visible_unique_passes": 0}
[transformers] Both `min_new_tokens` (=0) and `min_length`(=0) seem to have been set. `min_new_tokens` will take precedence. Please refer to the documentation for more information. (https://huggingface.co/docs/transformers/main/en/main_classes/text_generation)
{"accepted": false, "accepted_total": 16, "task": 624, "task_id": "sigless_a94ab907a9e6", "tasks": 1500, "visible_unique_passes": 0}
[transformers] Both `min_new_tokens` (=0) and `min_length`(=0) seem to have been set. `min_new_tokens` will take precedence. Please refer to the documentation for more information. (https://huggingface.co/docs/transformers/main/en/main_classes/text_generation)
{"accepted": false, "accepted_total": 16, "task": 625, "task_id": "sigless_dc2e38d4137a", "tasks": 1500, "visible_unique_passes": 0}
[transformers] Both `min_new_tokens` (=0) and `min_length`(=0) seem to have been set. `min_new_tokens` will take precedence. Please refer to the documentation for more information. (https://huggingface.co/docs/transformers/main/en/main_classes/text_generation)
{"accepted": false, "accepted_total": 16, "task": 626, "task_id": "sigless_e92ad9874cc2", "tasks": 1500, "visible_unique_passes": 0}
[transformers] Both `min_new_tokens` (=0) and `min_length`(=0) seem to have been set. `min_new_tokens` will take precedence. Please refer to the documentation for more information. (https://huggingface.co/docs/transformers/main/en/main_classes/text_generation)
{"accepted": false, "accepted_total": 16, "task": 627, "task_id": "sigless_3b739e655234", "tasks": 1500, "visible_unique_passes": 1}
[transformers] Both `min_new_tokens` (=0) and `min_length`(=0) seem to have been set. `min_new_tokens` will take precedence. Please refer to the documentation for more information. (https://huggingface.co/docs/transformers/main/en/main_classes/text_generation)
{"accepted": false, "accepted_total": 16, "task": 628, "task_id": "fresh-eval-a5ed1213af84", "tasks": 1500, "visible_unique_passes": 0}
[transformers] Both `min_new_tokens` (=0) and `min_length`(=0) seem to have been set. `min_new_tokens` will take precedence. Please refer to the documentation for more information. (https://huggingface.co/docs/transformers/main/en/main_classes/text_generation)
{"accepted": false, "accepted_total": 16, "task": 629, "task_id": "fresh-eval-a097b4ef3c0c", "tasks": 1500, "visible_unique_passes": 0}
[transformers] Both `min_new_tokens` (=0) and `min_length`(=0) seem to have been set. `min_new_tokens` will take precedence. Please refer to the documentation for more information. (https://huggingface.co/docs/transformers/main/en/main_classes/text_generation)
{"accepted": false, "accepted_total": 16, "task": 630, "task_id": "fresh-eval-3655d6211866", "tasks": 1500, "visible_unique_passes": 0}
[transformers] Both `min_new_tokens` (=0) and `min_length`(=0) seem to have been set. `min_new_tokens` will take precedence. Please refer to the documentation for more information. (https://huggingface.co/docs/transformers/main/en/main_classes/text_generation)
{"accepted": false, "accepted_total": 16, "task": 631, "task_id": "sigless_721b6f536099", "tasks": 1500, "visible_unique_passes": 0}
[transformers] Both `min_new_tokens` (=0) and `min_length`(=0) seem to have been set. `min_new_tokens` will take precedence. Please refer to the documentation for more information. (https://huggingface.co/docs/transformers/main/en/main_classes/text_generation)
{"accepted": false, "accepted_total": 16, "task": 632, "task_id": "sigless_4912d9758095", "tasks": 1500, "visible_unique_passes": 0}
[transformers] Both `min_new_tokens` (=0) and `min_length`(=0) seem to have been set. `min_new_tokens` will take precedence. Please refer to the documentation for more information. (https://huggingface.co/docs/transformers/main/en/main_classes/text_generation)
{"accepted": false, "accepted_total": 16, "task": 633, "task_id": "sigless_68cb01dfc7bb", "tasks": 1500, "visible_unique_passes": 0}
[transformers] Both `min_new_tokens` (=0) and `min_length`(=0) seem to have been set. `min_new_tokens` will take precedence. Please refer to the documentation for more information. (https://huggingface.co/docs/transformers/main/en/main_classes/text_generation)
{"accepted": false, "accepted_total": 16, "task": 634, "task_id": "sigless_af664e695666", "tasks": 1500, "visible_unique_passes": 0}
[transformers] Both `min_new_tokens` (=0) and `min_length`(=0) seem to have been set. `min_new_tokens` will take precedence. Please refer to the documentation for more information. (https://huggingface.co/docs/transformers/main/en/main_classes/text_generation)
{"accepted": false, "accepted_total": 16, "task": 635, "task_id": "sigless_5540ab714120", "tasks": 1500, "visible_unique_passes": 0}
[transformers] Both `min_new_tokens` (=0) and `min_length`(=0) seem to have been set. `min_new_tokens` will take precedence. Please refer to the documentation for more information. (https://huggingface.co/docs/transformers/main/en/main_classes/text_generation)
{"accepted": false, "accepted_total": 16, "task": 636, "task_id": "sigless_b64bb0d0dd70", "tasks": 1500, "visible_unique_passes": 0}
[transformers] Both `min_new_tokens` (=0) and `min_length`(=0) seem to have been set. `min_new_tokens` will take precedence. Please refer to the documentation for more information. (https://huggingface.co/docs/transformers/main/en/main_classes/text_generation)
{"accepted": false, "accepted_total": 16, "task": 637, "task_id": "fresh-eval-ebd1d46dd96e", "tasks": 1500, "visible_unique_passes": 0}
[transformers] Both `min_new_tokens` (=0) and `min_length`(=0) seem to have been set. `min_new_tokens` will take precedence. Please refer to the documentation for more information. (https://huggingface.co/docs/transformers/main/en/main_classes/text_generation)
{"accepted": false, "accepted_total": 16, "task": 638, "task_id": "fresh-eval-bc282a97dc8d", "tasks": 1500, "visible_unique_passes": 0}
[transformers] Both `min_new_tokens` (=0) and `min_length`(=0) seem to have been set. `min_new_tokens` will take precedence. Please refer to the documentation for more information. (https://huggingface.co/docs/transformers/main/en/main_classes/text_generation)
{"accepted": false, "accepted_total": 16, "task": 639, "task_id": "sigless_eec91ad630a3", "tasks": 1500, "visible_unique_passes": 0}
[transformers] Both `min_new_tokens` (=0) and `min_length`(=0) seem to have been set. `min_new_tokens` will take precedence. Please refer to the documentation for more information. (https://huggingface.co/docs/transformers/main/en/main_classes/text_generation)
{"accepted": false, "accepted_total": 16, "task": 640, "task_id": "fresh-eval-22b2def866ce", "tasks": 1500, "visible_unique_passes": 0}
[transformers] Both `min_new_tokens` (=0) and `min_length`(=0) seem to have been set. `min_new_tokens` will take precedence. Please refer to the documentation for more information. (https://huggingface.co/docs/transformers/main/en/main_classes/text_generation)
{"accepted": false, "accepted_total": 16, "task": 641, "task_id": "sigless_db1ecd912d82", "tasks": 1500, "visible_unique_passes": 0}
[transformers] Both `min_new_tokens` (=0) and `min_length`(=0) seem to have been set. `min_new_tokens` will take precedence. Please refer to the documentation for more information. (https://huggingface.co/docs/transformers/main/en/main_classes/text_generation)
{"accepted": false, "accepted_total": 16, "task": 642, "task_id": "sigless_d1eaa8d7b257", "tasks": 1500, "visible_unique_passes": 0}
[transformers] Both `min_new_tokens` (=0) and `min_length`(=0) seem to have been set. `min_new_tokens` will take precedence. Please refer to the documentation for more information. (https://huggingface.co/docs/transformers/main/en/main_classes/text_generation)
{"accepted": false, "accepted_total": 16, "task": 643, "task_id": "sigless_2166e215da8f", "tasks": 1500, "visible_unique_passes": 0}
[transformers] Both `min_new_tokens` (=0) and `min_length`(=0) seem to have been set. `min_new_tokens` will take precedence. Please refer to the documentation for more information. (https://huggingface.co/docs/transformers/main/en/main_classes/text_generation)
{"accepted": false, "accepted_total": 16, "task": 644, "task_id": "sigless_7eab3a26eb78", "tasks": 1500, "visible_unique_passes": 0}
[transformers] Both `min_new_tokens` (=0) and `min_length`(=0) seem to have been set. `min_new_tokens` will take precedence. Please refer to the documentation for more information. (https://huggingface.co/docs/transformers/main/en/main_classes/text_generation)
{"accepted": false, "accepted_total": 16, "task": 645, "task_id": "fresh-eval-3bd4f7c60f6e", "tasks": 1500, "visible_unique_passes": 0}
[transformers] Both `min_new_tokens` (=0) and `min_length`(=0) seem to have been set. `min_new_tokens` will take precedence. Please refer to the documentation for more information. (https://huggingface.co/docs/transformers/main/en/main_classes/text_generation)
{"accepted": false, "accepted_total": 16, "task": 646, "task_id": "sigless_67337c7dd9ce", "tasks": 1500, "visible_unique_passes": 0}
[transformers] Both `min_new_tokens` (=0) and `min_length`(=0) seem to have been set. `min_new_tokens` will take precedence. Please refer to the documentation for more information. (https://huggingface.co/docs/transformers/main/en/main_classes/text_generation)
{"accepted": false, "accepted_total": 16, "task": 647, "task_id": "sigless_b2dde365dffd", "tasks": 1500, "visible_unique_passes": 0}
[transformers] Both `min_new_tokens` (=0) and `min_length`(=0) seem to have been set. `min_new_tokens` will take precedence. Please refer to the documentation for more information. (https://huggingface.co/docs/transformers/main/en/main_classes/text_generation)
{"accepted": false, "accepted_total": 16, "task": 648, "task_id": "fresh-eval-4b23d4dd650a", "tasks": 1500, "visible_unique_passes": 0}
[transformers] Both `min_new_tokens` (=0) and `min_length`(=0) seem to have been set. `min_new_tokens` will take precedence. Please refer to the documentation for more information. (https://huggingface.co/docs/transformers/main/en/main_classes/text_generation)
{"accepted": false, "accepted_total": 16, "task": 649, "task_id": "fresh-eval-25ce5c7565f3", "tasks": 1500, "visible_unique_passes": 0}
[transformers] Both `min_new_tokens` (=0) and `min_length`(=0) seem to have been set. `min_new_tokens` will take precedence. Please refer to the documentation for more information. (https://huggingface.co/docs/transformers/main/en/main_classes/text_generation)
{"accepted": false, "accepted_total": 16, "task": 650, "task_id": "sigless_61eab8ecee80", "tasks": 1500, "visible_unique_passes": 0}
[transformers] Both `min_new_tokens` (=0) and `min_length`(=0) seem to have been set. `min_new_tokens` will take precedence. Please refer to the documentation for more information. (https://huggingface.co/docs/transformers/main/en/main_classes/text_generation)
{"accepted": false, "accepted_total": 16, "task": 651, "task_id": "sigless_c236670fd617", "tasks": 1500, "visible_unique_passes": 0}
[transformers] Both `min_new_tokens` (=0) and `min_length`(=0) seem to have been set. `min_new_tokens` will take precedence. Please refer to the documentation for more information. (https://huggingface.co/docs/transformers/main/en/main_classes/text_generation)
{"accepted": false, "accepted_total": 16, "task": 652, "task_id": "sigless_75ebf1d3f72e", "tasks": 1500, "visible_unique_passes": 0}
[transformers] Both `min_new_tokens` (=0) and `min_length`(=0) seem to have been set. `min_new_tokens` will take precedence. Please refer to the documentation for more information. (https://huggingface.co/docs/transformers/main/en/main_classes/text_generation)
{"accepted": false, "accepted_total": 16, "task": 653, "task_id": "fresh-eval-8f4288ac08a4", "tasks": 1500, "visible_unique_passes": 0}
[transformers] Both `min_new_tokens` (=0) and `min_length`(=0) seem to have been set. `min_new_tokens` will take precedence. Please refer to the documentation for more information. (https://huggingface.co/docs/transformers/main/en/main_classes/text_generation)
{"accepted": false, "accepted_total": 16, "task": 654, "task_id": "fresh-eval-9307b9c3e898", "tasks": 1500, "visible_unique_passes": 0}
[transformers] Both `min_new_tokens` (=0) and `min_length`(=0) seem to have been set. `min_new_tokens` will take precedence. Please refer to the documentation for more information. (https://huggingface.co/docs/transformers/main/en/main_classes/text_generation)
{"accepted": false, "accepted_total": 16, "task": 655, "task_id": "fresh-eval-2b7caec2955a", "tasks": 1500, "visible_unique_passes": 0}
[transformers] Both `min_new_tokens` (=0) and `min_length`(=0) seem to have been set. `min_new_tokens` will take precedence. Please refer to the documentation for more information. (https://huggingface.co/docs/transformers/main/en/main_classes/text_generation)
{"accepted": false, "accepted_total": 16, "task": 656, "task_id": "fresh-eval-734d86ba707d", "tasks": 1500, "visible_unique_passes": 0}
[transformers] Both `min_new_tokens` (=0) and `min_length`(=0) seem to have been set. `min_new_tokens` will take precedence. Please refer to the documentation for more information. (https://huggingface.co/docs/transformers/main/en/main_classes/text_generation)
{"accepted": false, "accepted_total": 16, "task": 657, "task_id": "fresh-eval-36d05a87ddcc", "tasks": 1500, "visible_unique_passes": 0}
[transformers] Both `min_new_tokens` (=0) and `min_length`(=0) seem to have been set. `min_new_tokens` will take precedence. Please refer to the documentation for more information. (https://huggingface.co/docs/transformers/main/en/main_classes/text_generation)
{"accepted": false, "accepted_total": 16, "task": 658, "task_id": "fresh-eval-97e081e08c14", "tasks": 1500, "visible_unique_passes": 0}
[transformers] Both `min_new_tokens` (=0) and `min_length`(=0) seem to have been set. `min_new_tokens` will take precedence. Please refer to the documentation for more information. (https://huggingface.co/docs/transformers/main/en/main_classes/text_generation)
{"accepted": false, "accepted_total": 16, "task": 659, "task_id": "sigless_f1a8dac275a9", "tasks": 1500, "visible_unique_passes": 2}
[transformers] Both `min_new_tokens` (=0) and `min_length`(=0) seem to have been set. `min_new_tokens` will take precedence. Please refer to the documentation for more information. (https://huggingface.co/docs/transformers/main/en/main_classes/text_generation)
{"accepted": false, "accepted_total": 16, "task": 660, "task_id": "sigless_b92855c49992", "tasks": 1500, "visible_unique_passes": 0}
[transformers] Both `min_new_tokens` (=0) and `min_length`(=0) seem to have been set. `min_new_tokens` will take precedence. Please refer to the documentation for more information. (https://huggingface.co/docs/transformers/main/en/main_classes/text_generation)
{"accepted": false, "accepted_total": 16, "task": 661, "task_id": "sigless_330ac0be7569", "tasks": 1500, "visible_unique_passes": 0}
[transformers] Both `min_new_tokens` (=0) and `min_length`(=0) seem to have been set. `min_new_tokens` will take precedence. Please refer to the documentation for more information. (https://huggingface.co/docs/transformers/main/en/main_classes/text_generation)
{"accepted": false, "accepted_total": 16, "task": 662, "task_id": "fresh-eval-7ae4d2534d3c", "tasks": 1500, "visible_unique_passes": 0}
[transformers] Both `min_new_tokens` (=0) and `min_length`(=0) seem to have been set. `min_new_tokens` will take precedence. Please refer to the documentation for more information. (https://huggingface.co/docs/transformers/main/en/main_classes/text_generation)
{"accepted": false, "accepted_total": 16, "task": 663, "task_id": "sigless_2f8380969215", "tasks": 1500, "visible_unique_passes": 0}
[transformers] Both `min_new_tokens` (=0) and `min_length`(=0) seem to have been set. `min_new_tokens` will take precedence. Please refer to the documentation for more information. (https://huggingface.co/docs/transformers/main/en/main_classes/text_generation)
{"accepted": false, "accepted_total": 16, "task": 664, "task_id": "sigless_ab3f243db140", "tasks": 1500, "visible_unique_passes": 0}
[transformers] Both `min_new_tokens` (=0) and `min_length`(=0) seem to have been set. `min_new_tokens` will take precedence. Please refer to the documentation for more information. (https://huggingface.co/docs/transformers/main/en/main_classes/text_generation)
{"accepted": false, "accepted_total": 16, "task": 665, "task_id": "fresh-eval-3b4061919c95", "tasks": 1500, "visible_unique_passes": 1}
[transformers] Both `min_new_tokens` (=0) and `min_length`(=0) seem to have been set. `min_new_tokens` will take precedence. Please refer to the documentation for more information. (https://huggingface.co/docs/transformers/main/en/main_classes/text_generation)
{"accepted": false, "accepted_total": 16, "task": 666, "task_id": "fresh-eval-3aca6ce0992f", "tasks": 1500, "visible_unique_passes": 0}
[transformers] Both `min_new_tokens` (=0) and `min_length`(=0) seem to have been set. `min_new_tokens` will take precedence. Please refer to the documentation for more information. (https://huggingface.co/docs/transformers/main/en/main_classes/text_generation)
{"accepted": false, "accepted_total": 16, "task": 667, "task_id": "sigless_5086cd138e58", "tasks": 1500, "visible_unique_passes": 0}
[transformers] Both `min_new_tokens` (=0) and `min_length`(=0) seem to have been set. `min_new_tokens` will take precedence. Please refer to the documentation for more information. (https://huggingface.co/docs/transformers/main/en/main_classes/text_generation)
{"accepted": false, "accepted_total": 16, "task": 668, "task_id": "sigless_c654c026ae17", "tasks": 1500, "visible_unique_passes": 0}
[transformers] Both `min_new_tokens` (=0) and `min_length`(=0) seem to have been set. `min_new_tokens` will take precedence. Please refer to the documentation for more information. (https://huggingface.co/docs/transformers/main/en/main_classes/text_generation)
{"accepted": false, "accepted_total": 16, "task": 669, "task_id": "fresh-eval-fbbf142d2de3", "tasks": 1500, "visible_unique_passes": 0}
[transformers] Both `min_new_tokens` (=0) and `min_length`(=0) seem to have been set. `min_new_tokens` will take precedence. Please refer to the documentation for more information. (https://huggingface.co/docs/transformers/main/en/main_classes/text_generation)
{"accepted": false, "accepted_total": 16, "task": 670, "task_id": "fresh-eval-bc2cc2e01ab8", "tasks": 1500, "visible_unique_passes": 0}
[transformers] Both `min_new_tokens` (=0) and `min_length`(=0) seem to have been set. `min_new_tokens` will take precedence. Please refer to the documentation for more information. (https://huggingface.co/docs/transformers/main/en/main_classes/text_generation)
{"accepted": false, "accepted_total": 16, "task": 671, "task_id": "sigless_e958b53a2ef2", "tasks": 1500, "visible_unique_passes": 0}
[transformers] Both `min_new_tokens` (=0) and `min_length`(=0) seem to have been set. `min_new_tokens` will take precedence. Please refer to the documentation for more information. (https://huggingface.co/docs/transformers/main/en/main_classes/text_generation)
{"accepted": false, "accepted_total": 16, "task": 672, "task_id": "fresh-eval-5c945545b94b", "tasks": 1500, "visible_unique_passes": 0}
[transformers] Both `min_new_tokens` (=0) and `min_length`(=0) seem to have been set. `min_new_tokens` will take precedence. Please refer to the documentation for more information. (https://huggingface.co/docs/transformers/main/en/main_classes/text_generation)
{"accepted": false, "accepted_total": 16, "task": 673, "task_id": "sigless_565f76319a38", "tasks": 1500, "visible_unique_passes": 0}
[transformers] Both `min_new_tokens` (=0) and `min_length`(=0) seem to have been set. `min_new_tokens` will take precedence. Please refer to the documentation for more information. (https://huggingface.co/docs/transformers/main/en/main_classes/text_generation)
{"accepted": false, "accepted_total": 16, "task": 674, "task_id": "sigless_c60167bc8ff6", "tasks": 1500, "visible_unique_passes": 0}
[transformers] Both `min_new_tokens` (=0) and `min_length`(=0) seem to have been set. `min_new_tokens` will take precedence. Please refer to the documentation for more information. (https://huggingface.co/docs/transformers/main/en/main_classes/text_generation)
{"accepted": false, "accepted_total": 16, "task": 675, "task_id": "fresh-eval-f9848bc6dfcc", "tasks": 1500, "visible_unique_passes": 0}
[transformers] Both `min_new_tokens` (=0) and `min_length`(=0) seem to have been set. `min_new_tokens` will take precedence. Please refer to the documentation for more information. (https://huggingface.co/docs/transformers/main/en/main_classes/text_generation)
{"accepted": true, "accepted_total": 17, "task": 676, "task_id": "sigless_3dc377c078c5", "tasks": 1500, "visible_unique_passes": 1}
[transformers] Both `min_new_tokens` (=0) and `min_length`(=0) seem to have been set. `min_new_tokens` will take precedence. Please refer to the documentation for more information. (https://huggingface.co/docs/transformers/main/en/main_classes/text_generation)
{"accepted": false, "accepted_total": 17, "task": 677, "task_id": "fresh-eval-0417a3227e74", "tasks": 1500, "visible_unique_passes": 0}
[transformers] Both `min_new_tokens` (=0) and `min_length`(=0) seem to have been set. `min_new_tokens` will take precedence. Please refer to the documentation for more information. (https://huggingface.co/docs/transformers/main/en/main_classes/text_generation)
{"accepted": false, "accepted_total": 17, "task": 678, "task_id": "sigless_d8a2b302b452", "tasks": 1500, "visible_unique_passes": 0}
[transformers] Both `min_new_tokens` (=0) and `min_length`(=0) seem to have been set. `min_new_tokens` will take precedence. Please refer to the documentation for more information. (https://huggingface.co/docs/transformers/main/en/main_classes/text_generation)
{"accepted": false, "accepted_total": 17, "task": 679, "task_id": "fresh-eval-21c0a040b088", "tasks": 1500, "visible_unique_passes": 0}
[transformers] Both `min_new_tokens` (=0) and `min_length`(=0) seem to have been set. `min_new_tokens` will take precedence. Please refer to the documentation for more information. (https://huggingface.co/docs/transformers/main/en/main_classes/text_generation)
{"accepted": false, "accepted_total": 17, "task": 680, "task_id": "fresh-eval-bcdd94b70b3c", "tasks": 1500, "visible_unique_passes": 0}
[transformers] Both `min_new_tokens` (=0) and `min_length`(=0) seem to have been set. `min_new_tokens` will take precedence. Please refer to the documentation for more information. (https://huggingface.co/docs/transformers/main/en/main_classes/text_generation)
{"accepted": false, "accepted_total": 17, "task": 681, "task_id": "sigless_5e09beb70d6b", "tasks": 1500, "visible_unique_passes": 0}
[transformers] Both `min_new_tokens` (=0) and `min_length`(=0) seem to have been set. `min_new_tokens` will take precedence. Please refer to the documentation for more information. (https://huggingface.co/docs/transformers/main/en/main_classes/text_generation)
{"accepted": false, "accepted_total": 17, "task": 682, "task_id": "fresh-eval-8a7c2b2744fb", "tasks": 1500, "visible_unique_passes": 0}
[transformers] Both `min_new_tokens` (=0) and `min_length`(=0) seem to have been set. `min_new_tokens` will take precedence. Please refer to the documentation for more information. (https://huggingface.co/docs/transformers/main/en/main_classes/text_generation)
{"accepted": false, "accepted_total": 17, "task": 683, "task_id": "fresh-eval-eb14db9047b8", "tasks": 1500, "visible_unique_passes": 0}
[transformers] Both `min_new_tokens` (=0) and `min_length`(=0) seem to have been set. `min_new_tokens` will take precedence. Please refer to the documentation for more information. (https://huggingface.co/docs/transformers/main/en/main_classes/text_generation)
{"accepted": false, "accepted_total": 17, "task": 684, "task_id": "fresh-eval-80d807f36102", "tasks": 1500, "visible_unique_passes": 0}
[transformers] Both `min_new_tokens` (=0) and `min_length`(=0) seem to have been set. `min_new_tokens` will take precedence. Please refer to the documentation for more information. (https://huggingface.co/docs/transformers/main/en/main_classes/text_generation)
{"accepted": false, "accepted_total": 17, "task": 685, "task_id": "sigless_14bcaf210a9e", "tasks": 1500, "visible_unique_passes": 0}
[transformers] Both `min_new_tokens` (=0) and `min_length`(=0) seem to have been set. `min_new_tokens` will take precedence. Please refer to the documentation for more information. (https://huggingface.co/docs/transformers/main/en/main_classes/text_generation)
{"accepted": false, "accepted_total": 17, "task": 686, "task_id": "sigless_a3a94f87589a", "tasks": 1500, "visible_unique_passes": 0}
[transformers] Both `min_new_tokens` (=0) and `min_length`(=0) seem to have been set. `min_new_tokens` will take precedence. Please refer to the documentation for more information. (https://huggingface.co/docs/transformers/main/en/main_classes/text_generation)
{"accepted": false, "accepted_total": 17, "task": 687, "task_id": "fresh-eval-6b8b97ee2655", "tasks": 1500, "visible_unique_passes": 0}
[transformers] Both `min_new_tokens` (=0) and `min_length`(=0) seem to have been set. `min_new_tokens` will take precedence. Please refer to the documentation for more information. (https://huggingface.co/docs/transformers/main/en/main_classes/text_generation)
{"accepted": false, "accepted_total": 17, "task": 688, "task_id": "sigless_1a4d8e08efe7", "tasks": 1500, "visible_unique_passes": 0}
[transformers] Both `min_new_tokens` (=0) and `min_length`(=0) seem to have been set. `min_new_tokens` will take precedence. Please refer to the documentation for more information. (https://huggingface.co/docs/transformers/main/en/main_classes/text_generation)
{"accepted": false, "accepted_total": 17, "task": 689, "task_id": "sigless_824ec5ce79b0", "tasks": 1500, "visible_unique_passes": 0}
[transformers] Both `min_new_tokens` (=0) and `min_length`(=0) seem to have been set. `min_new_tokens` will take precedence. Please refer to the documentation for more information. (https://huggingface.co/docs/transformers/main/en/main_classes/text_generation)
{"accepted": true, "accepted_total": 18, "task": 690, "task_id": "sigless_2851e23293fa", "tasks": 1500, "visible_unique_passes": 1}
[transformers] Both `min_new_tokens` (=0) and `min_length`(=0) seem to have been set. `min_new_tokens` will take precedence. Please refer to the documentation for more information. (https://huggingface.co/docs/transformers/main/en/main_classes/text_generation)
{"accepted": false, "accepted_total": 18, "task": 691, "task_id": "sigless_53699360ee35", "tasks": 1500, "visible_unique_passes": 0}
[transformers] Both `min_new_tokens` (=0) and `min_length`(=0) seem to have been set. `min_new_tokens` will take precedence. Please refer to the documentation for more information. (https://huggingface.co/docs/transformers/main/en/main_classes/text_generation)
{"accepted": false, "accepted_total": 18, "task": 692, "task_id": "fresh-eval-53521f3f53fe", "tasks": 1500, "visible_unique_passes": 0}
[transformers] Both `min_new_tokens` (=0) and `min_length`(=0) seem to have been set. `min_new_tokens` will take precedence. Please refer to the documentation for more information. (https://huggingface.co/docs/transformers/main/en/main_classes/text_generation)
{"accepted": false, "accepted_total": 18, "task": 693, "task_id": "fresh-eval-ff800115be6d", "tasks": 1500, "visible_unique_passes": 0}
[transformers] Both `min_new_tokens` (=0) and `min_length`(=0) seem to have been set. `min_new_tokens` will take precedence. Please refer to the documentation for more information. (https://huggingface.co/docs/transformers/main/en/main_classes/text_generation)
{"accepted": false, "accepted_total": 18, "task": 694, "task_id": "fresh-eval-95c621702774", "tasks": 1500, "visible_unique_passes": 0}
[transformers] Both `min_new_tokens` (=0) and `min_length`(=0) seem to have been set. `min_new_tokens` will take precedence. Please refer to the documentation for more information. (https://huggingface.co/docs/transformers/main/en/main_classes/text_generation)
{"accepted": false, "accepted_total": 18, "task": 695, "task_id": "fresh-eval-91558c779dc6", "tasks": 1500, "visible_unique_passes": 0}
[transformers] Both `min_new_tokens` (=0) and `min_length`(=0) seem to have been set. `min_new_tokens` will take precedence. Please refer to the documentation for more information. (https://huggingface.co/docs/transformers/main/en/main_classes/text_generation)
{"accepted": false, "accepted_total": 18, "task": 696, "task_id": "fresh-eval-62d5127a4250", "tasks": 1500, "visible_unique_passes": 0}
[transformers] Both `min_new_tokens` (=0) and `min_length`(=0) seem to have been set. `min_new_tokens` will take precedence. Please refer to the documentation for more information. (https://huggingface.co/docs/transformers/main/en/main_classes/text_generation)
{"accepted": false, "accepted_total": 18, "task": 697, "task_id": "sigless_5573d9b29949", "tasks": 1500, "visible_unique_passes": 0}
[transformers] Both `min_new_tokens` (=0) and `min_length`(=0) seem to have been set. `min_new_tokens` will take precedence. Please refer to the documentation for more information. (https://huggingface.co/docs/transformers/main/en/main_classes/text_generation)
{"accepted": false, "accepted_total": 18, "task": 698, "task_id": "fresh-eval-5d815d2ca48b", "tasks": 1500, "visible_unique_passes": 0}
[transformers] Both `min_new_tokens` (=0) and `min_length`(=0) seem to have been set. `min_new_tokens` will take precedence. Please refer to the documentation for more information. (https://huggingface.co/docs/transformers/main/en/main_classes/text_generation)
{"accepted": false, "accepted_total": 18, "task": 699, "task_id": "fresh-eval-7651f627d97d", "tasks": 1500, "visible_unique_passes": 0}
[transformers] Both `min_new_tokens` (=0) and `min_length`(=0) seem to have been set. `min_new_tokens` will take precedence. Please refer to the documentation for more information. (https://huggingface.co/docs/transformers/main/en/main_classes/text_generation)
{"accepted": false, "accepted_total": 18, "task": 700, "task_id": "sigless_da776d634e7f", "tasks": 1500, "visible_unique_passes": 0}
[transformers] Both `min_new_tokens` (=0) and `min_length`(=0) seem to have been set. `min_new_tokens` will take precedence. Please refer to the documentation for more information. (https://huggingface.co/docs/transformers/main/en/main_classes/text_generation)
{"accepted": false, "accepted_total": 18, "task": 701, "task_id": "sigless_85e6280b92e7", "tasks": 1500, "visible_unique_passes": 0}
[transformers] Both `min_new_tokens` (=0) and `min_length`(=0) seem to have been set. `min_new_tokens` will take precedence. Please refer to the documentation for more information. (https://huggingface.co/docs/transformers/main/en/main_classes/text_generation)
{"accepted": false, "accepted_total": 18, "task": 702, "task_id": "fresh-eval-1e555fc80b12", "tasks": 1500, "visible_unique_passes": 0}
[transformers] Both `min_new_tokens` (=0) and `min_length`(=0) seem to have been set. `min_new_tokens` will take precedence. Please refer to the documentation for more information. (https://huggingface.co/docs/transformers/main/en/main_classes/text_generation)
{"accepted": false, "accepted_total": 18, "task": 703, "task_id": "fresh-eval-e59675779b7d", "tasks": 1500, "visible_unique_passes": 0}
[transformers] Both `min_new_tokens` (=0) and `min_length`(=0) seem to have been set. `min_new_tokens` will take precedence. Please refer to the documentation for more information. (https://huggingface.co/docs/transformers/main/en/main_classes/text_generation)
{"accepted": false, "accepted_total": 18, "task": 704, "task_id": "sigless_be338ce17515", "tasks": 1500, "visible_unique_passes": 0}
[transformers] Both `min_new_tokens` (=0) and `min_length`(=0) seem to have been set. `min_new_tokens` will take precedence. Please refer to the documentation for more information. (https://huggingface.co/docs/transformers/main/en/main_classes/text_generation)
{"accepted": false, "accepted_total": 18, "task": 705, "task_id": "sigless_5fe36c70fdb4", "tasks": 1500, "visible_unique_passes": 0}
[transformers] Both `min_new_tokens` (=0) and `min_length`(=0) seem to have been set. `min_new_tokens` will take precedence. Please refer to the documentation for more information. (https://huggingface.co/docs/transformers/main/en/main_classes/text_generation)
{"accepted": false, "accepted_total": 18, "task": 706, "task_id": "sigless_732a7dce1806", "tasks": 1500, "visible_unique_passes": 0}
[transformers] Both `min_new_tokens` (=0) and `min_length`(=0) seem to have been set. `min_new_tokens` will take precedence. Please refer to the documentation for more information. (https://huggingface.co/docs/transformers/main/en/main_classes/text_generation)
{"accepted": false, "accepted_total": 18, "task": 707, "task_id": "sigless_4398c6e43900", "tasks": 1500, "visible_unique_passes": 0}
[transformers] Both `min_new_tokens` (=0) and `min_length`(=0) seem to have been set. `min_new_tokens` will take precedence. Please refer to the documentation for more information. (https://huggingface.co/docs/transformers/main/en/main_classes/text_generation)
{"accepted": false, "accepted_total": 18, "task": 708, "task_id": "sigless_8107272c2ce1", "tasks": 1500, "visible_unique_passes": 0}
[transformers] Both `min_new_tokens` (=0) and `min_length`(=0) seem to have been set. `min_new_tokens` will take precedence. Please refer to the documentation for more information. (https://huggingface.co/docs/transformers/main/en/main_classes/text_generation)
{"accepted": false, "accepted_total": 18, "task": 709, "task_id": "sigless_c1c1609741a5", "tasks": 1500, "visible_unique_passes": 0}
[transformers] Both `min_new_tokens` (=0) and `min_length`(=0) seem to have been set. `min_new_tokens` will take precedence. Please refer to the documentation for more information. (https://huggingface.co/docs/transformers/main/en/main_classes/text_generation)
{"accepted": false, "accepted_total": 18, "task": 710, "task_id": "sigless_7aff8a28604f", "tasks": 1500, "visible_unique_passes": 0}
[transformers] Both `min_new_tokens` (=0) and `min_length`(=0) seem to have been set. `min_new_tokens` will take precedence. Please refer to the documentation for more information. (https://huggingface.co/docs/transformers/main/en/main_classes/text_generation)
{"accepted": false, "accepted_total": 18, "task": 711, "task_id": "sigless_b134101d0412", "tasks": 1500, "visible_unique_passes": 0}
[transformers] Both `min_new_tokens` (=0) and `min_length`(=0) seem to have been set. `min_new_tokens` will take precedence. Please refer to the documentation for more information. (https://huggingface.co/docs/transformers/main/en/main_classes/text_generation)
{"accepted": false, "accepted_total": 18, "task": 712, "task_id": "sigless_12f60ae9521e", "tasks": 1500, "visible_unique_passes": 0}
[transformers] Both `min_new_tokens` (=0) and `min_length`(=0) seem to have been set. `min_new_tokens` will take precedence. Please refer to the documentation for more information. (https://huggingface.co/docs/transformers/main/en/main_classes/text_generation)
{"accepted": false, "accepted_total": 18, "task": 713, "task_id": "sigless_8e3ed27a2c7f", "tasks": 1500, "visible_unique_passes": 0}
[transformers] Both `min_new_tokens` (=0) and `min_length`(=0) seem to have been set. `min_new_tokens` will take precedence. Please refer to the documentation for more information. (https://huggingface.co/docs/transformers/main/en/main_classes/text_generation)
{"accepted": false, "accepted_total": 18, "task": 714, "task_id": "sigless_72883f187054", "tasks": 1500, "visible_unique_passes": 0}
[transformers] Both `min_new_tokens` (=0) and `min_length`(=0) seem to have been set. `min_new_tokens` will take precedence. Please refer to the documentation for more information. (https://huggingface.co/docs/transformers/main/en/main_classes/text_generation)
{"accepted": false, "accepted_total": 18, "task": 715, "task_id": "sigless_f9b618f8a81a", "tasks": 1500, "visible_unique_passes": 0}
[transformers] Both `min_new_tokens` (=0) and `min_length`(=0) seem to have been set. `min_new_tokens` will take precedence. Please refer to the documentation for more information. (https://huggingface.co/docs/transformers/main/en/main_classes/text_generation)
{"accepted": false, "accepted_total": 18, "task": 716, "task_id": "fresh-eval-83c7e4eeb2f8", "tasks": 1500, "visible_unique_passes": 0}
[transformers] Both `min_new_tokens` (=0) and `min_length`(=0) seem to have been set. `min_new_tokens` will take precedence. Please refer to the documentation for more information. (https://huggingface.co/docs/transformers/main/en/main_classes/text_generation)
{"accepted": false, "accepted_total": 18, "task": 717, "task_id": "fresh-eval-839097506f7a", "tasks": 1500, "visible_unique_passes": 0}
[transformers] Both `min_new_tokens` (=0) and `min_length`(=0) seem to have been set. `min_new_tokens` will take precedence. Please refer to the documentation for more information. (https://huggingface.co/docs/transformers/main/en/main_classes/text_generation)
{"accepted": false, "accepted_total": 18, "task": 718, "task_id": "fresh-eval-45e4af97e06a", "tasks": 1500, "visible_unique_passes": 0}
[transformers] Both `min_new_tokens` (=0) and `min_length`(=0) seem to have been set. `min_new_tokens` will take precedence. Please refer to the documentation for more information. (https://huggingface.co/docs/transformers/main/en/main_classes/text_generation)
{"accepted": false, "accepted_total": 18, "task": 719, "task_id": "sigless_b744b284ec93", "tasks": 1500, "visible_unique_passes": 0}
[transformers] Both `min_new_tokens` (=0) and `min_length`(=0) seem to have been set. `min_new_tokens` will take precedence. Please refer to the documentation for more information. (https://huggingface.co/docs/transformers/main/en/main_classes/text_generation)
{"accepted": false, "accepted_total": 18, "task": 720, "task_id": "sigless_bbbcf84d0e08", "tasks": 1500, "visible_unique_passes": 0}
[transformers] Both `min_new_tokens` (=0) and `min_length`(=0) seem to have been set. `min_new_tokens` will take precedence. Please refer to the documentation for more information. (https://huggingface.co/docs/transformers/main/en/main_classes/text_generation)
{"accepted": false, "accepted_total": 18, "task": 721, "task_id": "sigless_9040b3021247", "tasks": 1500, "visible_unique_passes": 0}
[transformers] Both `min_new_tokens` (=0) and `min_length`(=0) seem to have been set. `min_new_tokens` will take precedence. Please refer to the documentation for more information. (https://huggingface.co/docs/transformers/main/en/main_classes/text_generation)
{"accepted": false, "accepted_total": 18, "task": 722, "task_id": "sigless_1dd3c0084125", "tasks": 1500, "visible_unique_passes": 0}
[transformers] Both `min_new_tokens` (=0) and `min_length`(=0) seem to have been set. `min_new_tokens` will take precedence. Please refer to the documentation for more information. (https://huggingface.co/docs/transformers/main/en/main_classes/text_generation)
{"accepted": false, "accepted_total": 18, "task": 723, "task_id": "sigless_9f35c41d66d2", "tasks": 1500, "visible_unique_passes": 0}
[transformers] Both `min_new_tokens` (=0) and `min_length`(=0) seem to have been set. `min_new_tokens` will take precedence. Please refer to the documentation for more information. (https://huggingface.co/docs/transformers/main/en/main_classes/text_generation)
{"accepted": false, "accepted_total": 18, "task": 724, "task_id": "sigless_612c31a40df0", "tasks": 1500, "visible_unique_passes": 0}
[transformers] Both `min_new_tokens` (=0) and `min_length`(=0) seem to have been set. `min_new_tokens` will take precedence. Please refer to the documentation for more information. (https://huggingface.co/docs/transformers/main/en/main_classes/text_generation)
{"accepted": false, "accepted_total": 18, "task": 725, "task_id": "sigless_4cd3735945ef", "tasks": 1500, "visible_unique_passes": 0}
[transformers] Both `min_new_tokens` (=0) and `min_length`(=0) seem to have been set. `min_new_tokens` will take precedence. Please refer to the documentation for more information. (https://huggingface.co/docs/transformers/main/en/main_classes/text_generation)
{"accepted": false, "accepted_total": 18, "task": 726, "task_id": "sigless_737244781e06", "tasks": 1500, "visible_unique_passes": 0}
[transformers] Both `min_new_tokens` (=0) and `min_length`(=0) seem to have been set. `min_new_tokens` will take precedence. Please refer to the documentation for more information. (https://huggingface.co/docs/transformers/main/en/main_classes/text_generation)
{"accepted": false, "accepted_total": 18, "task": 727, "task_id": "sigless_5b0e17aa0970", "tasks": 1500, "visible_unique_passes": 0}
[transformers] Both `min_new_tokens` (=0) and `min_length`(=0) seem to have been set. `min_new_tokens` will take precedence. Please refer to the documentation for more information. (https://huggingface.co/docs/transformers/main/en/main_classes/text_generation)
{"accepted": false, "accepted_total": 18, "task": 728, "task_id": "fresh-eval-c191b1a781b7", "tasks": 1500, "visible_unique_passes": 0}
[transformers] Both `min_new_tokens` (=0) and `min_length`(=0) seem to have been set. `min_new_tokens` will take precedence. Please refer to the documentation for more information. (https://huggingface.co/docs/transformers/main/en/main_classes/text_generation)
{"accepted": false, "accepted_total": 18, "task": 729, "task_id": "sigless_f00147033ff9", "tasks": 1500, "visible_unique_passes": 0}
[transformers] Both `min_new_tokens` (=0) and `min_length`(=0) seem to have been set. `min_new_tokens` will take precedence. Please refer to the documentation for more information. (https://huggingface.co/docs/transformers/main/en/main_classes/text_generation)
{"accepted": false, "accepted_total": 18, "task": 730, "task_id": "sigless_ef8421170b28", "tasks": 1500, "visible_unique_passes": 0}
[transformers] Both `min_new_tokens` (=0) and `min_length`(=0) seem to have been set. `min_new_tokens` will take precedence. Please refer to the documentation for more information. (https://huggingface.co/docs/transformers/main/en/main_classes/text_generation)
{"accepted": false, "accepted_total": 18, "task": 731, "task_id": "sigless_0318583ec671", "tasks": 1500, "visible_unique_passes": 0}
[transformers] Both `min_new_tokens` (=0) and `min_length`(=0) seem to have been set. `min_new_tokens` will take precedence. Please refer to the documentation for more information. (https://huggingface.co/docs/transformers/main/en/main_classes/text_generation)
{"accepted": false, "accepted_total": 18, "task": 732, "task_id": "fresh-eval-e1714bef80bf", "tasks": 1500, "visible_unique_passes": 0}
[transformers] Both `min_new_tokens` (=0) and `min_length`(=0) seem to have been set. `min_new_tokens` will take precedence. Please refer to the documentation for more information. (https://huggingface.co/docs/transformers/main/en/main_classes/text_generation)
{"accepted": false, "accepted_total": 18, "task": 733, "task_id": "sigless_d50058854fcb", "tasks": 1500, "visible_unique_passes": 0}
[transformers] Both `min_new_tokens` (=0) and `min_length`(=0) seem to have been set. `min_new_tokens` will take precedence. Please refer to the documentation for more information. (https://huggingface.co/docs/transformers/main/en/main_classes/text_generation)
{"accepted": false, "accepted_total": 18, "task": 734, "task_id": "sigless_ec9f86a778a1", "tasks": 1500, "visible_unique_passes": 0}
[transformers] Both `min_new_tokens` (=0) and `min_length`(=0) seem to have been set. `min_new_tokens` will take precedence. Please refer to the documentation for more information. (https://huggingface.co/docs/transformers/main/en/main_classes/text_generation)
{"accepted": false, "accepted_total": 18, "task": 735, "task_id": "fresh-eval-32abd600a182", "tasks": 1500, "visible_unique_passes": 0}
[transformers] Both `min_new_tokens` (=0) and `min_length`(=0) seem to have been set. `min_new_tokens` will take precedence. Please refer to the documentation for more information. (https://huggingface.co/docs/transformers/main/en/main_classes/text_generation)
{"accepted": false, "accepted_total": 18, "task": 736, "task_id": "fresh-eval-4b6181334477", "tasks": 1500, "visible_unique_passes": 0}
[transformers] Both `min_new_tokens` (=0) and `min_length`(=0) seem to have been set. `min_new_tokens` will take precedence. Please refer to the documentation for more information. (https://huggingface.co/docs/transformers/main/en/main_classes/text_generation)
{"accepted": false, "accepted_total": 18, "task": 737, "task_id": "fresh-eval-8caa8d3c6c80", "tasks": 1500, "visible_unique_passes": 0}
[transformers] Both `min_new_tokens` (=0) and `min_length`(=0) seem to have been set. `min_new_tokens` will take precedence. Please refer to the documentation for more information. (https://huggingface.co/docs/transformers/main/en/main_classes/text_generation)
{"accepted": false, "accepted_total": 18, "task": 738, "task_id": "fresh-eval-59f5d9878675", "tasks": 1500, "visible_unique_passes": 0}
[transformers] Both `min_new_tokens` (=0) and `min_length`(=0) seem to have been set. `min_new_tokens` will take precedence. Please refer to the documentation for more information. (https://huggingface.co/docs/transformers/main/en/main_classes/text_generation)
{"accepted": false, "accepted_total": 18, "task": 739, "task_id": "fresh-eval-a06a689f8eb2", "tasks": 1500, "visible_unique_passes": 0}
[transformers] Both `min_new_tokens` (=0) and `min_length`(=0) seem to have been set. `min_new_tokens` will take precedence. Please refer to the documentation for more information. (https://huggingface.co/docs/transformers/main/en/main_classes/text_generation)
{"accepted": false, "accepted_total": 18, "task": 740, "task_id": "fresh-eval-a1526db17209", "tasks": 1500, "visible_unique_passes": 0}
[transformers] Both `min_new_tokens` (=0) and `min_length`(=0) seem to have been set. `min_new_tokens` will take precedence. Please refer to the documentation for more information. (https://huggingface.co/docs/transformers/main/en/main_classes/text_generation)
{"accepted": false, "accepted_total": 18, "task": 741, "task_id": "fresh-eval-10abc51c078a", "tasks": 1500, "visible_unique_passes": 0}
[transformers] Both `min_new_tokens` (=0) and `min_length`(=0) seem to have been set. `min_new_tokens` will take precedence. Please refer to the documentation for more information. (https://huggingface.co/docs/transformers/main/en/main_classes/text_generation)
{"accepted": false, "accepted_total": 18, "task": 742, "task_id": "sigless_0db69fa53646", "tasks": 1500, "visible_unique_passes": 1}
[transformers] Both `min_new_tokens` (=0) and `min_length`(=0) seem to have been set. `min_new_tokens` will take precedence. Please refer to the documentation for more information. (https://huggingface.co/docs/transformers/main/en/main_classes/text_generation)
{"accepted": false, "accepted_total": 18, "task": 743, "task_id": "fresh-eval-6278556be125", "tasks": 1500, "visible_unique_passes": 0}
[transformers] Both `min_new_tokens` (=0) and `min_length`(=0) seem to have been set. `min_new_tokens` will take precedence. Please refer to the documentation for more information. (https://huggingface.co/docs/transformers/main/en/main_classes/text_generation)
{"accepted": false, "accepted_total": 18, "task": 744, "task_id": "fresh-eval-faf2a15fbc00", "tasks": 1500, "visible_unique_passes": 0}
[transformers] Both `min_new_tokens` (=0) and `min_length`(=0) seem to have been set. `min_new_tokens` will take precedence. Please refer to the documentation for more information. (https://huggingface.co/docs/transformers/main/en/main_classes/text_generation)
{"accepted": false, "accepted_total": 18, "task": 745, "task_id": "sigless_e831d0c798ed", "tasks": 1500, "visible_unique_passes": 1}
[transformers] Both `min_new_tokens` (=0) and `min_length`(=0) seem to have been set. `min_new_tokens` will take precedence. Please refer to the documentation for more information. (https://huggingface.co/docs/transformers/main/en/main_classes/text_generation)
{"accepted": false, "accepted_total": 18, "task": 746, "task_id": "sigless_c564529d390a", "tasks": 1500, "visible_unique_passes": 0}
[transformers] Both `min_new_tokens` (=0) and `min_length`(=0) seem to have been set. `min_new_tokens` will take precedence. Please refer to the documentation for more information. (https://huggingface.co/docs/transformers/main/en/main_classes/text_generation)
{"accepted": false, "accepted_total": 18, "task": 747, "task_id": "sigless_3bdfb37d3943", "tasks": 1500, "visible_unique_passes": 0}
[transformers] Both `min_new_tokens` (=0) and `min_length`(=0) seem to have been set. `min_new_tokens` will take precedence. Please refer to the documentation for more information. (https://huggingface.co/docs/transformers/main/en/main_classes/text_generation)
{"accepted": false, "accepted_total": 18, "task": 748, "task_id": "fresh-eval-bc74f5897f24", "tasks": 1500, "visible_unique_passes": 0}
[transformers] Both `min_new_tokens` (=0) and `min_length`(=0) seem to have been set. `min_new_tokens` will take precedence. Please refer to the documentation for more information. (https://huggingface.co/docs/transformers/main/en/main_classes/text_generation)
{"accepted": false, "accepted_total": 18, "task": 749, "task_id": "fresh-eval-810bb54d9e2e", "tasks": 1500, "visible_unique_passes": 0}
[transformers] Both `min_new_tokens` (=0) and `min_length`(=0) seem to have been set. `min_new_tokens` will take precedence. Please refer to the documentation for more information. (https://huggingface.co/docs/transformers/main/en/main_classes/text_generation)
{"accepted": false, "accepted_total": 18, "task": 750, "task_id": "fresh-eval-0b5c9f948944", "tasks": 1500, "visible_unique_passes": 0}
[transformers] Both `min_new_tokens` (=0) and `min_length`(=0) seem to have been set. `min_new_tokens` will take precedence. Please refer to the documentation for more information. (https://huggingface.co/docs/transformers/main/en/main_classes/text_generation)
{"accepted": false, "accepted_total": 18, "task": 751, "task_id": "fresh-eval-a288d38d8f66", "tasks": 1500, "visible_unique_passes": 0}
[transformers] Both `min_new_tokens` (=0) and `min_length`(=0) seem to have been set. `min_new_tokens` will take precedence. Please refer to the documentation for more information. (https://huggingface.co/docs/transformers/main/en/main_classes/text_generation)
{"accepted": false, "accepted_total": 18, "task": 752, "task_id": "sigless_27d49e927192", "tasks": 1500, "visible_unique_passes": 0}
[transformers] Both `min_new_tokens` (=0) and `min_length`(=0) seem to have been set. `min_new_tokens` will take precedence. Please refer to the documentation for more information. (https://huggingface.co/docs/transformers/main/en/main_classes/text_generation)
{"accepted": false, "accepted_total": 18, "task": 753, "task_id": "fresh-eval-94af567b3ff7", "tasks": 1500, "visible_unique_passes": 0}
[transformers] Both `min_new_tokens` (=0) and `min_length`(=0) seem to have been set. `min_new_tokens` will take precedence. Please refer to the documentation for more information. (https://huggingface.co/docs/transformers/main/en/main_classes/text_generation)
{"accepted": false, "accepted_total": 18, "task": 754, "task_id": "sigless_6951140d323d", "tasks": 1500, "visible_unique_passes": 0}
[transformers] Both `min_new_tokens` (=0) and `min_length`(=0) seem to have been set. `min_new_tokens` will take precedence. Please refer to the documentation for more information. (https://huggingface.co/docs/transformers/main/en/main_classes/text_generation)
{"accepted": false, "accepted_total": 18, "task": 755, "task_id": "fresh-eval-f013bee2fd01", "tasks": 1500, "visible_unique_passes": 0}
[transformers] Both `min_new_tokens` (=0) and `min_length`(=0) seem to have been set. `min_new_tokens` will take precedence. Please refer to the documentation for more information. (https://huggingface.co/docs/transformers/main/en/main_classes/text_generation)
{"accepted": true, "accepted_total": 19, "task": 756, "task_id": "sigless_8e3156c706b9", "tasks": 1500, "visible_unique_passes": 1}
[transformers] Both `min_new_tokens` (=0) and `min_length`(=0) seem to have been set. `min_new_tokens` will take precedence. Please refer to the documentation for more information. (https://huggingface.co/docs/transformers/main/en/main_classes/text_generation)
{"accepted": false, "accepted_total": 19, "task": 757, "task_id": "sigless_9cd134168f2a", "tasks": 1500, "visible_unique_passes": 0}
[transformers] Both `min_new_tokens` (=0) and `min_length`(=0) seem to have been set. `min_new_tokens` will take precedence. Please refer to the documentation for more information. (https://huggingface.co/docs/transformers/main/en/main_classes/text_generation)
{"accepted": false, "accepted_total": 19, "task": 758, "task_id": "fresh-eval-c0c0f5c0dfb2", "tasks": 1500, "visible_unique_passes": 0}
[transformers] Both `min_new_tokens` (=0) and `min_length`(=0) seem to have been set. `min_new_tokens` will take precedence. Please refer to the documentation for more information. (https://huggingface.co/docs/transformers/main/en/main_classes/text_generation)
{"accepted": false, "accepted_total": 19, "task": 759, "task_id": "fresh-eval-4b33ccbea684", "tasks": 1500, "visible_unique_passes": 0}
[transformers] Both `min_new_tokens` (=0) and `min_length`(=0) seem to have been set. `min_new_tokens` will take precedence. Please refer to the documentation for more information. (https://huggingface.co/docs/transformers/main/en/main_classes/text_generation)
{"accepted": false, "accepted_total": 19, "task": 760, "task_id": "fresh-eval-09207cb97461", "tasks": 1500, "visible_unique_passes": 0}
[transformers] Both `min_new_tokens` (=0) and `min_length`(=0) seem to have been set. `min_new_tokens` will take precedence. Please refer to the documentation for more information. (https://huggingface.co/docs/transformers/main/en/main_classes/text_generation)
{"accepted": false, "accepted_total": 19, "task": 761, "task_id": "fresh-eval-d3b5764ae6ff", "tasks": 1500, "visible_unique_passes": 0}
[transformers] Both `min_new_tokens` (=0) and `min_length`(=0) seem to have been set. `min_new_tokens` will take precedence. Please refer to the documentation for more information. (https://huggingface.co/docs/transformers/main/en/main_classes/text_generation)
{"accepted": false, "accepted_total": 19, "task": 762, "task_id": "sigless_05d7276e35f8", "tasks": 1500, "visible_unique_passes": 0}
[transformers] Both `min_new_tokens` (=0) and `min_length`(=0) seem to have been set. `min_new_tokens` will take precedence. Please refer to the documentation for more information. (https://huggingface.co/docs/transformers/main/en/main_classes/text_generation)
{"accepted": false, "accepted_total": 19, "task": 763, "task_id": "fresh-eval-9974c0da681b", "tasks": 1500, "visible_unique_passes": 0}
[transformers] Both `min_new_tokens` (=0) and `min_length`(=0) seem to have been set. `min_new_tokens` will take precedence. Please refer to the documentation for more information. (https://huggingface.co/docs/transformers/main/en/main_classes/text_generation)
{"accepted": false, "accepted_total": 19, "task": 764, "task_id": "fresh-eval-ec130e8e48d6", "tasks": 1500, "visible_unique_passes": 0}
[transformers] Both `min_new_tokens` (=0) and `min_length`(=0) seem to have been set. `min_new_tokens` will take precedence. Please refer to the documentation for more information. (https://huggingface.co/docs/transformers/main/en/main_classes/text_generation)
{"accepted": false, "accepted_total": 19, "task": 765, "task_id": "sigless_ff505e642c03", "tasks": 1500, "visible_unique_passes": 1}
[transformers] Both `min_new_tokens` (=0) and `min_length`(=0) seem to have been set. `min_new_tokens` will take precedence. Please refer to the documentation for more information. (https://huggingface.co/docs/transformers/main/en/main_classes/text_generation)
{"accepted": false, "accepted_total": 19, "task": 766, "task_id": "sigless_32ab828bc1f1", "tasks": 1500, "visible_unique_passes": 0}
[transformers] Both `min_new_tokens` (=0) and `min_length`(=0) seem to have been set. `min_new_tokens` will take precedence. Please refer to the documentation for more information. (https://huggingface.co/docs/transformers/main/en/main_classes/text_generation)
{"accepted": false, "accepted_total": 19, "task": 767, "task_id": "sigless_24e61cb866eb", "tasks": 1500, "visible_unique_passes": 0}
[transformers] Both `min_new_tokens` (=0) and `min_length`(=0) seem to have been set. `min_new_tokens` will take precedence. Please refer to the documentation for more information. (https://huggingface.co/docs/transformers/main/en/main_classes/text_generation)
{"accepted": false, "accepted_total": 19, "task": 768, "task_id": "sigless_0a931bf567b8", "tasks": 1500, "visible_unique_passes": 0}
[transformers] Both `min_new_tokens` (=0) and `min_length`(=0) seem to have been set. `min_new_tokens` will take precedence. Please refer to the documentation for more information. (https://huggingface.co/docs/transformers/main/en/main_classes/text_generation)
{"accepted": false, "accepted_total": 19, "task": 769, "task_id": "sigless_cc45685be3db", "tasks": 1500, "visible_unique_passes": 0}
[transformers] Both `min_new_tokens` (=0) and `min_length`(=0) seem to have been set. `min_new_tokens` will take precedence. Please refer to the documentation for more information. (https://huggingface.co/docs/transformers/main/en/main_classes/text_generation)
{"accepted": false, "accepted_total": 19, "task": 770, "task_id": "sigless_80f4b2b2d94a", "tasks": 1500, "visible_unique_passes": 0}
[transformers] Both `min_new_tokens` (=0) and `min_length`(=0) seem to have been set. `min_new_tokens` will take precedence. Please refer to the documentation for more information. (https://huggingface.co/docs/transformers/main/en/main_classes/text_generation)
{"accepted": false, "accepted_total": 19, "task": 771, "task_id": "fresh-eval-6db8960b3fcd", "tasks": 1500, "visible_unique_passes": 0}
[transformers] Both `min_new_tokens` (=0) and `min_length`(=0) seem to have been set. `min_new_tokens` will take precedence. Please refer to the documentation for more information. (https://huggingface.co/docs/transformers/main/en/main_classes/text_generation)
{"accepted": false, "accepted_total": 19, "task": 772, "task_id": "sigless_0606f6ab3fc9", "tasks": 1500, "visible_unique_passes": 0}
[transformers] Both `min_new_tokens` (=0) and `min_length`(=0) seem to have been set. `min_new_tokens` will take precedence. Please refer to the documentation for more information. (https://huggingface.co/docs/transformers/main/en/main_classes/text_generation)
{"accepted": false, "accepted_total": 19, "task": 773, "task_id": "fresh-eval-ced5f46e2f09", "tasks": 1500, "visible_unique_passes": 0}
[transformers] Both `min_new_tokens` (=0) and `min_length`(=0) seem to have been set. `min_new_tokens` will take precedence. Please refer to the documentation for more information. (https://huggingface.co/docs/transformers/main/en/main_classes/text_generation)
{"accepted": false, "accepted_total": 19, "task": 774, "task_id": "fresh-eval-189113f4e1e0", "tasks": 1500, "visible_unique_passes": 0}
[transformers] Both `min_new_tokens` (=0) and `min_length`(=0) seem to have been set. `min_new_tokens` will take precedence. Please refer to the documentation for more information. (https://huggingface.co/docs/transformers/main/en/main_classes/text_generation)
{"accepted": false, "accepted_total": 19, "task": 775, "task_id": "fresh-eval-8083a4f7a167", "tasks": 1500, "visible_unique_passes": 0}
[transformers] Both `min_new_tokens` (=0) and `min_length`(=0) seem to have been set. `min_new_tokens` will take precedence. Please refer to the documentation for more information. (https://huggingface.co/docs/transformers/main/en/main_classes/text_generation)
{"accepted": false, "accepted_total": 19, "task": 776, "task_id": "sigless_7637fe73bbeb", "tasks": 1500, "visible_unique_passes": 0}
[transformers] Both `min_new_tokens` (=0) and `min_length`(=0) seem to have been set. `min_new_tokens` will take precedence. Please refer to the documentation for more information. (https://huggingface.co/docs/transformers/main/en/main_classes/text_generation)
{"accepted": false, "accepted_total": 19, "task": 777, "task_id": "sigless_0ce335c1f55f", "tasks": 1500, "visible_unique_passes": 0}
[transformers] Both `min_new_tokens` (=0) and `min_length`(=0) seem to have been set. `min_new_tokens` will take precedence. Please refer to the documentation for more information. (https://huggingface.co/docs/transformers/main/en/main_classes/text_generation)
{"accepted": false, "accepted_total": 19, "task": 778, "task_id": "sigless_3f8cd1073058", "tasks": 1500, "visible_unique_passes": 0}
[transformers] Both `min_new_tokens` (=0) and `min_length`(=0) seem to have been set. `min_new_tokens` will take precedence. Please refer to the documentation for more information. (https://huggingface.co/docs/transformers/main/en/main_classes/text_generation)
{"accepted": false, "accepted_total": 19, "task": 779, "task_id": "fresh-eval-f029f39d4192", "tasks": 1500, "visible_unique_passes": 0}
[transformers] Both `min_new_tokens` (=0) and `min_length`(=0) seem to have been set. `min_new_tokens` will take precedence. Please refer to the documentation for more information. (https://huggingface.co/docs/transformers/main/en/main_classes/text_generation)
{"accepted": true, "accepted_total": 20, "task": 780, "task_id": "sigless_0fc37d2ec919", "tasks": 1500, "visible_unique_passes": 1}
[transformers] Both `min_new_tokens` (=0) and `min_length`(=0) seem to have been set. `min_new_tokens` will take precedence. Please refer to the documentation for more information. (https://huggingface.co/docs/transformers/main/en/main_classes/text_generation)
{"accepted": false, "accepted_total": 20, "task": 781, "task_id": "sigless_e8f305def787", "tasks": 1500, "visible_unique_passes": 0}
[transformers] Both `min_new_tokens` (=0) and `min_length`(=0) seem to have been set. `min_new_tokens` will take precedence. Please refer to the documentation for more information. (https://huggingface.co/docs/transformers/main/en/main_classes/text_generation)
{"accepted": false, "accepted_total": 20, "task": 782, "task_id": "fresh-eval-dfa028b562a0", "tasks": 1500, "visible_unique_passes": 0}
[transformers] Both `min_new_tokens` (=0) and `min_length`(=0) seem to have been set. `min_new_tokens` will take precedence. Please refer to the documentation for more information. (https://huggingface.co/docs/transformers/main/en/main_classes/text_generation)
{"accepted": false, "accepted_total": 20, "task": 783, "task_id": "fresh-eval-ba5ea4a2b3c3", "tasks": 1500, "visible_unique_passes": 0}
[transformers] Both `min_new_tokens` (=0) and `min_length`(=0) seem to have been set. `min_new_tokens` will take precedence. Please refer to the documentation for more information. (https://huggingface.co/docs/transformers/main/en/main_classes/text_generation)
{"accepted": false, "accepted_total": 20, "task": 784, "task_id": "sigless_f529c5a7cbbb", "tasks": 1500, "visible_unique_passes": 0}
[transformers] Both `min_new_tokens` (=0) and `min_length`(=0) seem to have been set. `min_new_tokens` will take precedence. Please refer to the documentation for more information. (https://huggingface.co/docs/transformers/main/en/main_classes/text_generation)
{"accepted": false, "accepted_total": 20, "task": 785, "task_id": "sigless_7893233089a4", "tasks": 1500, "visible_unique_passes": 0}
[transformers] Both `min_new_tokens` (=0) and `min_length`(=0) seem to have been set. `min_new_tokens` will take precedence. Please refer to the documentation for more information. (https://huggingface.co/docs/transformers/main/en/main_classes/text_generation)
{"accepted": false, "accepted_total": 20, "task": 786, "task_id": "fresh-eval-b7d669d4a006", "tasks": 1500, "visible_unique_passes": 0}
[transformers] Both `min_new_tokens` (=0) and `min_length`(=0) seem to have been set. `min_new_tokens` will take precedence. Please refer to the documentation for more information. (https://huggingface.co/docs/transformers/main/en/main_classes/text_generation)
{"accepted": false, "accepted_total": 20, "task": 787, "task_id": "sigless_7604d0a9be1d", "tasks": 1500, "visible_unique_passes": 0}
[transformers] Both `min_new_tokens` (=0) and `min_length`(=0) seem to have been set. `min_new_tokens` will take precedence. Please refer to the documentation for more information. (https://huggingface.co/docs/transformers/main/en/main_classes/text_generation)
{"accepted": false, "accepted_total": 20, "task": 788, "task_id": "sigless_ef3eaa7f5028", "tasks": 1500, "visible_unique_passes": 0}
[transformers] Both `min_new_tokens` (=0) and `min_length`(=0) seem to have been set. `min_new_tokens` will take precedence. Please refer to the documentation for more information. (https://huggingface.co/docs/transformers/main/en/main_classes/text_generation)
{"accepted": false, "accepted_total": 20, "task": 789, "task_id": "sigless_d0e3d86c264d", "tasks": 1500, "visible_unique_passes": 0}
[transformers] Both `min_new_tokens` (=0) and `min_length`(=0) seem to have been set. `min_new_tokens` will take precedence. Please refer to the documentation for more information. (https://huggingface.co/docs/transformers/main/en/main_classes/text_generation)
{"accepted": false, "accepted_total": 20, "task": 790, "task_id": "fresh-eval-f21d4608f63d", "tasks": 1500, "visible_unique_passes": 0}
[transformers] Both `min_new_tokens` (=0) and `min_length`(=0) seem to have been set. `min_new_tokens` will take precedence. Please refer to the documentation for more information. (https://huggingface.co/docs/transformers/main/en/main_classes/text_generation)
{"accepted": false, "accepted_total": 20, "task": 791, "task_id": "fresh-eval-c1bb259f58c9", "tasks": 1500, "visible_unique_passes": 0}
[transformers] Both `min_new_tokens` (=0) and `min_length`(=0) seem to have been set. `min_new_tokens` will take precedence. Please refer to the documentation for more information. (https://huggingface.co/docs/transformers/main/en/main_classes/text_generation)
{"accepted": false, "accepted_total": 20, "task": 792, "task_id": "fresh-eval-974156622dd2", "tasks": 1500, "visible_unique_passes": 0}
[transformers] Both `min_new_tokens` (=0) and `min_length`(=0) seem to have been set. `min_new_tokens` will take precedence. Please refer to the documentation for more information. (https://huggingface.co/docs/transformers/main/en/main_classes/text_generation)
{"accepted": false, "accepted_total": 20, "task": 793, "task_id": "fresh-eval-537869253b63", "tasks": 1500, "visible_unique_passes": 0}
[transformers] Both `min_new_tokens` (=0) and `min_length`(=0) seem to have been set. `min_new_tokens` will take precedence. Please refer to the documentation for more information. (https://huggingface.co/docs/transformers/main/en/main_classes/text_generation)
{"accepted": false, "accepted_total": 20, "task": 794, "task_id": "sigless_a0f6463b194e", "tasks": 1500, "visible_unique_passes": 0}
[transformers] Both `min_new_tokens` (=0) and `min_length`(=0) seem to have been set. `min_new_tokens` will take precedence. Please refer to the documentation for more information. (https://huggingface.co/docs/transformers/main/en/main_classes/text_generation)
{"accepted": false, "accepted_total": 20, "task": 795, "task_id": "sigless_7d2e8ed321e8", "tasks": 1500, "visible_unique_passes": 0}
[transformers] Both `min_new_tokens` (=0) and `min_length`(=0) seem to have been set. `min_new_tokens` will take precedence. Please refer to the documentation for more information. (https://huggingface.co/docs/transformers/main/en/main_classes/text_generation)
{"accepted": false, "accepted_total": 20, "task": 796, "task_id": "sigless_502e5bfa8d5a", "tasks": 1500, "visible_unique_passes": 0}
[transformers] Both `min_new_tokens` (=0) and `min_length`(=0) seem to have been set. `min_new_tokens` will take precedence. Please refer to the documentation for more information. (https://huggingface.co/docs/transformers/main/en/main_classes/text_generation)
{"accepted": false, "accepted_total": 20, "task": 797, "task_id": "sigless_f0ac1add9d29", "tasks": 1500, "visible_unique_passes": 0}
[transformers] Both `min_new_tokens` (=0) and `min_length`(=0) seem to have been set. `min_new_tokens` will take precedence. Please refer to the documentation for more information. (https://huggingface.co/docs/transformers/main/en/main_classes/text_generation)
{"accepted": false, "accepted_total": 20, "task": 798, "task_id": "fresh-eval-5608c068a1b8", "tasks": 1500, "visible_unique_passes": 0}
[transformers] Both `min_new_tokens` (=0) and `min_length`(=0) seem to have been set. `min_new_tokens` will take precedence. Please refer to the documentation for more information. (https://huggingface.co/docs/transformers/main/en/main_classes/text_generation)
{"accepted": false, "accepted_total": 20, "task": 799, "task_id": "sigless_3fc954b04793", "tasks": 1500, "visible_unique_passes": 0}
[transformers] Both `min_new_tokens` (=0) and `min_length`(=0) seem to have been set. `min_new_tokens` will take precedence. Please refer to the documentation for more information. (https://huggingface.co/docs/transformers/main/en/main_classes/text_generation)
{"accepted": false, "accepted_total": 20, "task": 800, "task_id": "sigless_8bafc62c65e4", "tasks": 1500, "visible_unique_passes": 0}
[transformers] Both `min_new_tokens` (=0) and `min_length`(=0) seem to have been set. `min_new_tokens` will take precedence. Please refer to the documentation for more information. (https://huggingface.co/docs/transformers/main/en/main_classes/text_generation)
{"accepted": false, "accepted_total": 20, "task": 801, "task_id": "fresh-eval-8ae1ed97be41", "tasks": 1500, "visible_unique_passes": 0}
[transformers] Both `min_new_tokens` (=0) and `min_length`(=0) seem to have been set. `min_new_tokens` will take precedence. Please refer to the documentation for more information. (https://huggingface.co/docs/transformers/main/en/main_classes/text_generation)
{"accepted": true, "accepted_total": 21, "task": 802, "task_id": "fresh-eval-7c97b462cf32", "tasks": 1500, "visible_unique_passes": 1}
[transformers] Both `min_new_tokens` (=0) and `min_length`(=0) seem to have been set. `min_new_tokens` will take precedence. Please refer to the documentation for more information. (https://huggingface.co/docs/transformers/main/en/main_classes/text_generation)
{"accepted": false, "accepted_total": 21, "task": 803, "task_id": "fresh-eval-e198918faa70", "tasks": 1500, "visible_unique_passes": 0}
[transformers] Both `min_new_tokens` (=0) and `min_length`(=0) seem to have been set. `min_new_tokens` will take precedence. Please refer to the documentation for more information. (https://huggingface.co/docs/transformers/main/en/main_classes/text_generation)
{"accepted": false, "accepted_total": 21, "task": 804, "task_id": "sigless_f41c56e5ebca", "tasks": 1500, "visible_unique_passes": 0}
[transformers] Both `min_new_tokens` (=0) and `min_length`(=0) seem to have been set. `min_new_tokens` will take precedence. Please refer to the documentation for more information. (https://huggingface.co/docs/transformers/main/en/main_classes/text_generation)
{"accepted": false, "accepted_total": 21, "task": 805, "task_id": "sigless_36098fb696ff", "tasks": 1500, "visible_unique_passes": 0}
[transformers] Both `min_new_tokens` (=0) and `min_length`(=0) seem to have been set. `min_new_tokens` will take precedence. Please refer to the documentation for more information. (https://huggingface.co/docs/transformers/main/en/main_classes/text_generation)
{"accepted": false, "accepted_total": 21, "task": 806, "task_id": "fresh-eval-2f20542b34b2", "tasks": 1500, "visible_unique_passes": 0}
[transformers] Both `min_new_tokens` (=0) and `min_length`(=0) seem to have been set. `min_new_tokens` will take precedence. Please refer to the documentation for more information. (https://huggingface.co/docs/transformers/main/en/main_classes/text_generation)
{"accepted": false, "accepted_total": 21, "task": 807, "task_id": "fresh-eval-63efa1968019", "tasks": 1500, "visible_unique_passes": 0}
[transformers] Both `min_new_tokens` (=0) and `min_length`(=0) seem to have been set. `min_new_tokens` will take precedence. Please refer to the documentation for more information. (https://huggingface.co/docs/transformers/main/en/main_classes/text_generation)
{"accepted": false, "accepted_total": 21, "task": 808, "task_id": "fresh-eval-ad995329fdfb", "tasks": 1500, "visible_unique_passes": 0}
[transformers] Both `min_new_tokens` (=0) and `min_length`(=0) seem to have been set. `min_new_tokens` will take precedence. Please refer to the documentation for more information. (https://huggingface.co/docs/transformers/main/en/main_classes/text_generation)
{"accepted": true, "accepted_total": 22, "task": 809, "task_id": "sigless_d047d7c5417a", "tasks": 1500, "visible_unique_passes": 2}
[transformers] Both `min_new_tokens` (=0) and `min_length`(=0) seem to have been set. `min_new_tokens` will take precedence. Please refer to the documentation for more information. (https://huggingface.co/docs/transformers/main/en/main_classes/text_generation)
{"accepted": false, "accepted_total": 22, "task": 810, "task_id": "fresh-eval-178153118a89", "tasks": 1500, "visible_unique_passes": 0}
[transformers] Both `min_new_tokens` (=0) and `min_length`(=0) seem to have been set. `min_new_tokens` will take precedence. Please refer to the documentation for more information. (https://huggingface.co/docs/transformers/main/en/main_classes/text_generation)
{"accepted": false, "accepted_total": 22, "task": 811, "task_id": "sigless_37d4d507d12a", "tasks": 1500, "visible_unique_passes": 0}
[transformers] Both `min_new_tokens` (=0) and `min_length`(=0) seem to have been set. `min_new_tokens` will take precedence. Please refer to the documentation for more information. (https://huggingface.co/docs/transformers/main/en/main_classes/text_generation)
{"accepted": false, "accepted_total": 22, "task": 812, "task_id": "fresh-eval-9774bd95558f", "tasks": 1500, "visible_unique_passes": 0}
[transformers] Both `min_new_tokens` (=0) and `min_length`(=0) seem to have been set. `min_new_tokens` will take precedence. Please refer to the documentation for more information. (https://huggingface.co/docs/transformers/main/en/main_classes/text_generation)
{"accepted": false, "accepted_total": 22, "task": 813, "task_id": "sigless_541b25454164", "tasks": 1500, "visible_unique_passes": 0}
[transformers] Both `min_new_tokens` (=0) and `min_length`(=0) seem to have been set. `min_new_tokens` will take precedence. Please refer to the documentation for more information. (https://huggingface.co/docs/transformers/main/en/main_classes/text_generation)
{"accepted": false, "accepted_total": 22, "task": 814, "task_id": "fresh-eval-8ad2289bcb8a", "tasks": 1500, "visible_unique_passes": 0}
[transformers] Both `min_new_tokens` (=0) and `min_length`(=0) seem to have been set. `min_new_tokens` will take precedence. Please refer to the documentation for more information. (https://huggingface.co/docs/transformers/main/en/main_classes/text_generation)
{"accepted": false, "accepted_total": 22, "task": 815, "task_id": "sigless_2ab4f8ec4867", "tasks": 1500, "visible_unique_passes": 0}
[transformers] Both `min_new_tokens` (=0) and `min_length`(=0) seem to have been set. `min_new_tokens` will take precedence. Please refer to the documentation for more information. (https://huggingface.co/docs/transformers/main/en/main_classes/text_generation)
{"accepted": false, "accepted_total": 22, "task": 816, "task_id": "sigless_3e559f4d0f59", "tasks": 1500, "visible_unique_passes": 0}
[transformers] Both `min_new_tokens` (=0) and `min_length`(=0) seem to have been set. `min_new_tokens` will take precedence. Please refer to the documentation for more information. (https://huggingface.co/docs/transformers/main/en/main_classes/text_generation)
{"accepted": false, "accepted_total": 22, "task": 817, "task_id": "fresh-eval-e59ed2c31c0b", "tasks": 1500, "visible_unique_passes": 0}
[transformers] Both `min_new_tokens` (=0) and `min_length`(=0) seem to have been set. `min_new_tokens` will take precedence. Please refer to the documentation for more information. (https://huggingface.co/docs/transformers/main/en/main_classes/text_generation)
{"accepted": false, "accepted_total": 22, "task": 818, "task_id": "sigless_c19da1bf8ba9", "tasks": 1500, "visible_unique_passes": 0}
[transformers] Both `min_new_tokens` (=0) and `min_length`(=0) seem to have been set. `min_new_tokens` will take precedence. Please refer to the documentation for more information. (https://huggingface.co/docs/transformers/main/en/main_classes/text_generation)
{"accepted": false, "accepted_total": 22, "task": 819, "task_id": "sigless_ecf748cf12af", "tasks": 1500, "visible_unique_passes": 0}
[transformers] Both `min_new_tokens` (=0) and `min_length`(=0) seem to have been set. `min_new_tokens` will take precedence. Please refer to the documentation for more information. (https://huggingface.co/docs/transformers/main/en/main_classes/text_generation)
{"accepted": false, "accepted_total": 22, "task": 820, "task_id": "sigless_6059c2556f0a", "tasks": 1500, "visible_unique_passes": 0}
[transformers] Both `min_new_tokens` (=0) and `min_length`(=0) seem to have been set. `min_new_tokens` will take precedence. Please refer to the documentation for more information. (https://huggingface.co/docs/transformers/main/en/main_classes/text_generation)
{"accepted": false, "accepted_total": 22, "task": 821, "task_id": "sigless_627bb8b51393", "tasks": 1500, "visible_unique_passes": 0}
[transformers] Both `min_new_tokens` (=0) and `min_length`(=0) seem to have been set. `min_new_tokens` will take precedence. Please refer to the documentation for more information. (https://huggingface.co/docs/transformers/main/en/main_classes/text_generation)
{"accepted": false, "accepted_total": 22, "task": 822, "task_id": "sigless_aa68914b47a2", "tasks": 1500, "visible_unique_passes": 0}
[transformers] Both `min_new_tokens` (=0) and `min_length`(=0) seem to have been set. `min_new_tokens` will take precedence. Please refer to the documentation for more information. (https://huggingface.co/docs/transformers/main/en/main_classes/text_generation)
{"accepted": false, "accepted_total": 22, "task": 823, "task_id": "sigless_6d5234f371f9", "tasks": 1500, "visible_unique_passes": 0}
[transformers] Both `min_new_tokens` (=0) and `min_length`(=0) seem to have been set. `min_new_tokens` will take precedence. Please refer to the documentation for more information. (https://huggingface.co/docs/transformers/main/en/main_classes/text_generation)
{"accepted": false, "accepted_total": 22, "task": 824, "task_id": "sigless_374e9dbb1380", "tasks": 1500, "visible_unique_passes": 0}
[transformers] Both `min_new_tokens` (=0) and `min_length`(=0) seem to have been set. `min_new_tokens` will take precedence. Please refer to the documentation for more information. (https://huggingface.co/docs/transformers/main/en/main_classes/text_generation)
{"accepted": false, "accepted_total": 22, "task": 825, "task_id": "fresh-eval-3e8c6ab72c32", "tasks": 1500, "visible_unique_passes": 0}
[transformers] Both `min_new_tokens` (=0) and `min_length`(=0) seem to have been set. `min_new_tokens` will take precedence. Please refer to the documentation for more information. (https://huggingface.co/docs/transformers/main/en/main_classes/text_generation)
{"accepted": false, "accepted_total": 22, "task": 826, "task_id": "fresh-eval-849fe458eb48", "tasks": 1500, "visible_unique_passes": 0}
[transformers] Both `min_new_tokens` (=0) and `min_length`(=0) seem to have been set. `min_new_tokens` will take precedence. Please refer to the documentation for more information. (https://huggingface.co/docs/transformers/main/en/main_classes/text_generation)
{"accepted": false, "accepted_total": 22, "task": 827, "task_id": "sigless_999136a41d22", "tasks": 1500, "visible_unique_passes": 0}
[transformers] Both `min_new_tokens` (=0) and `min_length`(=0) seem to have been set. `min_new_tokens` will take precedence. Please refer to the documentation for more information. (https://huggingface.co/docs/transformers/main/en/main_classes/text_generation)
{"accepted": false, "accepted_total": 22, "task": 828, "task_id": "fresh-eval-0c9caf6537c9", "tasks": 1500, "visible_unique_passes": 0}
[transformers] Both `min_new_tokens` (=0) and `min_length`(=0) seem to have been set. `min_new_tokens` will take precedence. Please refer to the documentation for more information. (https://huggingface.co/docs/transformers/main/en/main_classes/text_generation)
{"accepted": false, "accepted_total": 22, "task": 829, "task_id": "sigless_44b5b8de7031", "tasks": 1500, "visible_unique_passes": 0}
[transformers] Both `min_new_tokens` (=0) and `min_length`(=0) seem to have been set. `min_new_tokens` will take precedence. Please refer to the documentation for more information. (https://huggingface.co/docs/transformers/main/en/main_classes/text_generation)
{"accepted": false, "accepted_total": 22, "task": 830, "task_id": "sigless_c25fea17b550", "tasks": 1500, "visible_unique_passes": 0}
[transformers] Both `min_new_tokens` (=0) and `min_length`(=0) seem to have been set. `min_new_tokens` will take precedence. Please refer to the documentation for more information. (https://huggingface.co/docs/transformers/main/en/main_classes/text_generation)
{"accepted": false, "accepted_total": 22, "task": 831, "task_id": "sigless_13a2ad923021", "tasks": 1500, "visible_unique_passes": 0}
[transformers] Both `min_new_tokens` (=0) and `min_length`(=0) seem to have been set. `min_new_tokens` will take precedence. Please refer to the documentation for more information. (https://huggingface.co/docs/transformers/main/en/main_classes/text_generation)
{"accepted": false, "accepted_total": 22, "task": 832, "task_id": "sigless_cc6ed6d6afd0", "tasks": 1500, "visible_unique_passes": 0}
[transformers] Both `min_new_tokens` (=0) and `min_length`(=0) seem to have been set. `min_new_tokens` will take precedence. Please refer to the documentation for more information. (https://huggingface.co/docs/transformers/main/en/main_classes/text_generation)
{"accepted": false, "accepted_total": 22, "task": 833, "task_id": "sigless_4fd2c2dce87b", "tasks": 1500, "visible_unique_passes": 0}
[transformers] Both `min_new_tokens` (=0) and `min_length`(=0) seem to have been set. `min_new_tokens` will take precedence. Please refer to the documentation for more information. (https://huggingface.co/docs/transformers/main/en/main_classes/text_generation)
{"accepted": false, "accepted_total": 22, "task": 834, "task_id": "sigless_0175c4ce6880", "tasks": 1500, "visible_unique_passes": 0}
[transformers] Both `min_new_tokens` (=0) and `min_length`(=0) seem to have been set. `min_new_tokens` will take precedence. Please refer to the documentation for more information. (https://huggingface.co/docs/transformers/main/en/main_classes/text_generation)
{"accepted": false, "accepted_total": 22, "task": 835, "task_id": "sigless_ab44624f23c7", "tasks": 1500, "visible_unique_passes": 0}
[transformers] Both `min_new_tokens` (=0) and `min_length`(=0) seem to have been set. `min_new_tokens` will take precedence. Please refer to the documentation for more information. (https://huggingface.co/docs/transformers/main/en/main_classes/text_generation)
{"accepted": false, "accepted_total": 22, "task": 836, "task_id": "sigless_93e20ea84488", "tasks": 1500, "visible_unique_passes": 0}
[transformers] Both `min_new_tokens` (=0) and `min_length`(=0) seem to have been set. `min_new_tokens` will take precedence. Please refer to the documentation for more information. (https://huggingface.co/docs/transformers/main/en/main_classes/text_generation)
{"accepted": false, "accepted_total": 22, "task": 837, "task_id": "sigless_3a8a0cbc5306", "tasks": 1500, "visible_unique_passes": 0}
[transformers] Both `min_new_tokens` (=0) and `min_length`(=0) seem to have been set. `min_new_tokens` will take precedence. Please refer to the documentation for more information. (https://huggingface.co/docs/transformers/main/en/main_classes/text_generation)
{"accepted": false, "accepted_total": 22, "task": 838, "task_id": "sigless_8da606e3075e", "tasks": 1500, "visible_unique_passes": 0}
[transformers] Both `min_new_tokens` (=0) and `min_length`(=0) seem to have been set. `min_new_tokens` will take precedence. Please refer to the documentation for more information. (https://huggingface.co/docs/transformers/main/en/main_classes/text_generation)
{"accepted": false, "accepted_total": 22, "task": 839, "task_id": "sigless_065370bba5d5", "tasks": 1500, "visible_unique_passes": 0}
[transformers] Both `min_new_tokens` (=0) and `min_length`(=0) seem to have been set. `min_new_tokens` will take precedence. Please refer to the documentation for more information. (https://huggingface.co/docs/transformers/main/en/main_classes/text_generation)
{"accepted": false, "accepted_total": 22, "task": 840, "task_id": "fresh-eval-485edda8cb32", "tasks": 1500, "visible_unique_passes": 0}
[transformers] Both `min_new_tokens` (=0) and `min_length`(=0) seem to have been set. `min_new_tokens` will take precedence. Please refer to the documentation for more information. (https://huggingface.co/docs/transformers/main/en/main_classes/text_generation)
{"accepted": false, "accepted_total": 22, "task": 841, "task_id": "sigless_611992bedab3", "tasks": 1500, "visible_unique_passes": 0}
[transformers] Both `min_new_tokens` (=0) and `min_length`(=0) seem to have been set. `min_new_tokens` will take precedence. Please refer to the documentation for more information. (https://huggingface.co/docs/transformers/main/en/main_classes/text_generation)
{"accepted": false, "accepted_total": 22, "task": 842, "task_id": "fresh-eval-837393b38204", "tasks": 1500, "visible_unique_passes": 0}
[transformers] Both `min_new_tokens` (=0) and `min_length`(=0) seem to have been set. `min_new_tokens` will take precedence. Please refer to the documentation for more information. (https://huggingface.co/docs/transformers/main/en/main_classes/text_generation)
{"accepted": false, "accepted_total": 22, "task": 843, "task_id": "fresh-eval-6fa8603c4807", "tasks": 1500, "visible_unique_passes": 0}
[transformers] Both `min_new_tokens` (=0) and `min_length`(=0) seem to have been set. `min_new_tokens` will take precedence. Please refer to the documentation for more information. (https://huggingface.co/docs/transformers/main/en/main_classes/text_generation)
{"accepted": false, "accepted_total": 22, "task": 844, "task_id": "fresh-eval-df35a932e122", "tasks": 1500, "visible_unique_passes": 0}
[transformers] Both `min_new_tokens` (=0) and `min_length`(=0) seem to have been set. `min_new_tokens` will take precedence. Please refer to the documentation for more information. (https://huggingface.co/docs/transformers/main/en/main_classes/text_generation)
{"accepted": false, "accepted_total": 22, "task": 845, "task_id": "sigless_93282e33b0cb", "tasks": 1500, "visible_unique_passes": 0}
[transformers] Both `min_new_tokens` (=0) and `min_length`(=0) seem to have been set. `min_new_tokens` will take precedence. Please refer to the documentation for more information. (https://huggingface.co/docs/transformers/main/en/main_classes/text_generation)
{"accepted": false, "accepted_total": 22, "task": 846, "task_id": "sigless_c6b6462d4767", "tasks": 1500, "visible_unique_passes": 0}
[transformers] Both `min_new_tokens` (=0) and `min_length`(=0) seem to have been set. `min_new_tokens` will take precedence. Please refer to the documentation for more information. (https://huggingface.co/docs/transformers/main/en/main_classes/text_generation)
{"accepted": false, "accepted_total": 22, "task": 847, "task_id": "sigless_3ddcd7b67860", "tasks": 1500, "visible_unique_passes": 0}
[transformers] Both `min_new_tokens` (=0) and `min_length`(=0) seem to have been set. `min_new_tokens` will take precedence. Please refer to the documentation for more information. (https://huggingface.co/docs/transformers/main/en/main_classes/text_generation)
{"accepted": false, "accepted_total": 22, "task": 848, "task_id": "fresh-eval-c4d9c5fb2205", "tasks": 1500, "visible_unique_passes": 0}
[transformers] Both `min_new_tokens` (=0) and `min_length`(=0) seem to have been set. `min_new_tokens` will take precedence. Please refer to the documentation for more information. (https://huggingface.co/docs/transformers/main/en/main_classes/text_generation)
{"accepted": false, "accepted_total": 22, "task": 849, "task_id": "fresh-eval-dcd1b9515429", "tasks": 1500, "visible_unique_passes": 0}
[transformers] Both `min_new_tokens` (=0) and `min_length`(=0) seem to have been set. `min_new_tokens` will take precedence. Please refer to the documentation for more information. (https://huggingface.co/docs/transformers/main/en/main_classes/text_generation)
{"accepted": false, "accepted_total": 22, "task": 850, "task_id": "sigless_e32e4ca976a1", "tasks": 1500, "visible_unique_passes": 0}
[transformers] Both `min_new_tokens` (=0) and `min_length`(=0) seem to have been set. `min_new_tokens` will take precedence. Please refer to the documentation for more information. (https://huggingface.co/docs/transformers/main/en/main_classes/text_generation)
{"accepted": false, "accepted_total": 22, "task": 851, "task_id": "sigless_209ce932bb60", "tasks": 1500, "visible_unique_passes": 0}
[transformers] Both `min_new_tokens` (=0) and `min_length`(=0) seem to have been set. `min_new_tokens` will take precedence. Please refer to the documentation for more information. (https://huggingface.co/docs/transformers/main/en/main_classes/text_generation)
{"accepted": false, "accepted_total": 22, "task": 852, "task_id": "fresh-eval-468c2c29ee7b", "tasks": 1500, "visible_unique_passes": 0}
[transformers] Both `min_new_tokens` (=0) and `min_length`(=0) seem to have been set. `min_new_tokens` will take precedence. Please refer to the documentation for more information. (https://huggingface.co/docs/transformers/main/en/main_classes/text_generation)
{"accepted": false, "accepted_total": 22, "task": 853, "task_id": "sigless_1eb90e924856", "tasks": 1500, "visible_unique_passes": 0}
[transformers] Both `min_new_tokens` (=0) and `min_length`(=0) seem to have been set. `min_new_tokens` will take precedence. Please refer to the documentation for more information. (https://huggingface.co/docs/transformers/main/en/main_classes/text_generation)
{"accepted": false, "accepted_total": 22, "task": 854, "task_id": "fresh-eval-3facfecbdc11", "tasks": 1500, "visible_unique_passes": 0}
[transformers] Both `min_new_tokens` (=0) and `min_length`(=0) seem to have been set. `min_new_tokens` will take precedence. Please refer to the documentation for more information. (https://huggingface.co/docs/transformers/main/en/main_classes/text_generation)
{"accepted": false, "accepted_total": 22, "task": 855, "task_id": "fresh-eval-e0b68497df3c", "tasks": 1500, "visible_unique_passes": 0}
[transformers] Both `min_new_tokens` (=0) and `min_length`(=0) seem to have been set. `min_new_tokens` will take precedence. Please refer to the documentation for more information. (https://huggingface.co/docs/transformers/main/en/main_classes/text_generation)
{"accepted": false, "accepted_total": 22, "task": 856, "task_id": "fresh-eval-1312cc302169", "tasks": 1500, "visible_unique_passes": 0}
[transformers] Both `min_new_tokens` (=0) and `min_length`(=0) seem to have been set. `min_new_tokens` will take precedence. Please refer to the documentation for more information. (https://huggingface.co/docs/transformers/main/en/main_classes/text_generation)
{"accepted": false, "accepted_total": 22, "task": 857, "task_id": "sigless_b1270b141694", "tasks": 1500, "visible_unique_passes": 0}
[transformers] Both `min_new_tokens` (=0) and `min_length`(=0) seem to have been set. `min_new_tokens` will take precedence. Please refer to the documentation for more information. (https://huggingface.co/docs/transformers/main/en/main_classes/text_generation)
{"accepted": false, "accepted_total": 22, "task": 858, "task_id": "sigless_5887c98023cf", "tasks": 1500, "visible_unique_passes": 0}
[transformers] Both `min_new_tokens` (=0) and `min_length`(=0) seem to have been set. `min_new_tokens` will take precedence. Please refer to the documentation for more information. (https://huggingface.co/docs/transformers/main/en/main_classes/text_generation)
{"accepted": false, "accepted_total": 22, "task": 859, "task_id": "fresh-eval-dfbb53b5c9a6", "tasks": 1500, "visible_unique_passes": 0}
[transformers] Both `min_new_tokens` (=0) and `min_length`(=0) seem to have been set. `min_new_tokens` will take precedence. Please refer to the documentation for more information. (https://huggingface.co/docs/transformers/main/en/main_classes/text_generation)
{"accepted": false, "accepted_total": 22, "task": 860, "task_id": "sigless_68a36e57f2f6", "tasks": 1500, "visible_unique_passes": 0}
[transformers] Both `min_new_tokens` (=0) and `min_length`(=0) seem to have been set. `min_new_tokens` will take precedence. Please refer to the documentation for more information. (https://huggingface.co/docs/transformers/main/en/main_classes/text_generation)
{"accepted": false, "accepted_total": 22, "task": 861, "task_id": "sigless_dcce2a7081d2", "tasks": 1500, "visible_unique_passes": 0}
[transformers] Both `min_new_tokens` (=0) and `min_length`(=0) seem to have been set. `min_new_tokens` will take precedence. Please refer to the documentation for more information. (https://huggingface.co/docs/transformers/main/en/main_classes/text_generation)
{"accepted": false, "accepted_total": 22, "task": 862, "task_id": "fresh-eval-eacd19e847aa", "tasks": 1500, "visible_unique_passes": 0}
[transformers] Both `min_new_tokens` (=0) and `min_length`(=0) seem to have been set. `min_new_tokens` will take precedence. Please refer to the documentation for more information. (https://huggingface.co/docs/transformers/main/en/main_classes/text_generation)
{"accepted": false, "accepted_total": 22, "task": 863, "task_id": "fresh-eval-f6d3cbd0823f", "tasks": 1500, "visible_unique_passes": 0}
[transformers] Both `min_new_tokens` (=0) and `min_length`(=0) seem to have been set. `min_new_tokens` will take precedence. Please refer to the documentation for more information. (https://huggingface.co/docs/transformers/main/en/main_classes/text_generation)
{"accepted": false, "accepted_total": 22, "task": 864, "task_id": "sigless_cdef6492a016", "tasks": 1500, "visible_unique_passes": 0}
[transformers] Both `min_new_tokens` (=0) and `min_length`(=0) seem to have been set. `min_new_tokens` will take precedence. Please refer to the documentation for more information. (https://huggingface.co/docs/transformers/main/en/main_classes/text_generation)
{"accepted": false, "accepted_total": 22, "task": 865, "task_id": "fresh-eval-927b729728de", "tasks": 1500, "visible_unique_passes": 0}
[transformers] Both `min_new_tokens` (=0) and `min_length`(=0) seem to have been set. `min_new_tokens` will take precedence. Please refer to the documentation for more information. (https://huggingface.co/docs/transformers/main/en/main_classes/text_generation)
{"accepted": false, "accepted_total": 22, "task": 866, "task_id": "fresh-eval-6773ea5bc9a3", "tasks": 1500, "visible_unique_passes": 0}
[transformers] Both `min_new_tokens` (=0) and `min_length`(=0) seem to have been set. `min_new_tokens` will take precedence. Please refer to the documentation for more information. (https://huggingface.co/docs/transformers/main/en/main_classes/text_generation)
{"accepted": false, "accepted_total": 22, "task": 867, "task_id": "sigless_6db71c675d48", "tasks": 1500, "visible_unique_passes": 0}
[transformers] Both `min_new_tokens` (=0) and `min_length`(=0) seem to have been set. `min_new_tokens` will take precedence. Please refer to the documentation for more information. (https://huggingface.co/docs/transformers/main/en/main_classes/text_generation)
{"accepted": false, "accepted_total": 22, "task": 868, "task_id": "sigless_c72748183c0e", "tasks": 1500, "visible_unique_passes": 0}
[transformers] Both `min_new_tokens` (=0) and `min_length`(=0) seem to have been set. `min_new_tokens` will take precedence. Please refer to the documentation for more information. (https://huggingface.co/docs/transformers/main/en/main_classes/text_generation)
{"accepted": false, "accepted_total": 22, "task": 869, "task_id": "sigless_a44286e7f2d8", "tasks": 1500, "visible_unique_passes": 0}
[transformers] Both `min_new_tokens` (=0) and `min_length`(=0) seem to have been set. `min_new_tokens` will take precedence. Please refer to the documentation for more information. (https://huggingface.co/docs/transformers/main/en/main_classes/text_generation)
{"accepted": false, "accepted_total": 22, "task": 870, "task_id": "sigless_96b4faa7f424", "tasks": 1500, "visible_unique_passes": 0}
[transformers] Both `min_new_tokens` (=0) and `min_length`(=0) seem to have been set. `min_new_tokens` will take precedence. Please refer to the documentation for more information. (https://huggingface.co/docs/transformers/main/en/main_classes/text_generation)
{"accepted": false, "accepted_total": 22, "task": 871, "task_id": "sigless_5709313db58d", "tasks": 1500, "visible_unique_passes": 0}
[transformers] Both `min_new_tokens` (=0) and `min_length`(=0) seem to have been set. `min_new_tokens` will take precedence. Please refer to the documentation for more information. (https://huggingface.co/docs/transformers/main/en/main_classes/text_generation)
{"accepted": false, "accepted_total": 22, "task": 872, "task_id": "fresh-eval-6836854c5a96", "tasks": 1500, "visible_unique_passes": 0}
[transformers] Both `min_new_tokens` (=0) and `min_length`(=0) seem to have been set. `min_new_tokens` will take precedence. Please refer to the documentation for more information. (https://huggingface.co/docs/transformers/main/en/main_classes/text_generation)
{"accepted": false, "accepted_total": 22, "task": 873, "task_id": "sigless_b3f1f6302d8f", "tasks": 1500, "visible_unique_passes": 1}
[transformers] Both `min_new_tokens` (=0) and `min_length`(=0) seem to have been set. `min_new_tokens` will take precedence. Please refer to the documentation for more information. (https://huggingface.co/docs/transformers/main/en/main_classes/text_generation)
{"accepted": false, "accepted_total": 22, "task": 874, "task_id": "sigless_7865e1f554ea", "tasks": 1500, "visible_unique_passes": 0}
[transformers] Both `min_new_tokens` (=0) and `min_length`(=0) seem to have been set. `min_new_tokens` will take precedence. Please refer to the documentation for more information. (https://huggingface.co/docs/transformers/main/en/main_classes/text_generation)
{"accepted": false, "accepted_total": 22, "task": 875, "task_id": "sigless_91a8855c0141", "tasks": 1500, "visible_unique_passes": 0}
[transformers] Both `min_new_tokens` (=0) and `min_length`(=0) seem to have been set. `min_new_tokens` will take precedence. Please refer to the documentation for more information. (https://huggingface.co/docs/transformers/main/en/main_classes/text_generation)
{"accepted": false, "accepted_total": 22, "task": 876, "task_id": "fresh-eval-d5df402bee67", "tasks": 1500, "visible_unique_passes": 0}
[transformers] Both `min_new_tokens` (=0) and `min_length`(=0) seem to have been set. `min_new_tokens` will take precedence. Please refer to the documentation for more information. (https://huggingface.co/docs/transformers/main/en/main_classes/text_generation)
{"accepted": false, "accepted_total": 22, "task": 877, "task_id": "sigless_91040f015e13", "tasks": 1500, "visible_unique_passes": 0}
[transformers] Both `min_new_tokens` (=0) and `min_length`(=0) seem to have been set. `min_new_tokens` will take precedence. Please refer to the documentation for more information. (https://huggingface.co/docs/transformers/main/en/main_classes/text_generation)
{"accepted": false, "accepted_total": 22, "task": 878, "task_id": "fresh-eval-b43c124fd422", "tasks": 1500, "visible_unique_passes": 0}
[transformers] Both `min_new_tokens` (=0) and `min_length`(=0) seem to have been set. `min_new_tokens` will take precedence. Please refer to the documentation for more information. (https://huggingface.co/docs/transformers/main/en/main_classes/text_generation)
{"accepted": false, "accepted_total": 22, "task": 879, "task_id": "sigless_290ec232dd7c", "tasks": 1500, "visible_unique_passes": 0}
[transformers] Both `min_new_tokens` (=0) and `min_length`(=0) seem to have been set. `min_new_tokens` will take precedence. Please refer to the documentation for more information. (https://huggingface.co/docs/transformers/main/en/main_classes/text_generation)
{"accepted": false, "accepted_total": 22, "task": 880, "task_id": "fresh-eval-0db12fd883d2", "tasks": 1500, "visible_unique_passes": 0}
[transformers] Both `min_new_tokens` (=0) and `min_length`(=0) seem to have been set. `min_new_tokens` will take precedence. Please refer to the documentation for more information. (https://huggingface.co/docs/transformers/main/en/main_classes/text_generation)
{"accepted": false, "accepted_total": 22, "task": 881, "task_id": "fresh-eval-ad7c50d2cd26", "tasks": 1500, "visible_unique_passes": 0}
[transformers] Both `min_new_tokens` (=0) and `min_length`(=0) seem to have been set. `min_new_tokens` will take precedence. Please refer to the documentation for more information. (https://huggingface.co/docs/transformers/main/en/main_classes/text_generation)
{"accepted": false, "accepted_total": 22, "task": 882, "task_id": "sigless_973aef1237ef", "tasks": 1500, "visible_unique_passes": 0}
[transformers] Both `min_new_tokens` (=0) and `min_length`(=0) seem to have been set. `min_new_tokens` will take precedence. Please refer to the documentation for more information. (https://huggingface.co/docs/transformers/main/en/main_classes/text_generation)
{"accepted": false, "accepted_total": 22, "task": 883, "task_id": "sigless_b3b42cca3e2e", "tasks": 1500, "visible_unique_passes": 0}
[transformers] Both `min_new_tokens` (=0) and `min_length`(=0) seem to have been set. `min_new_tokens` will take precedence. Please refer to the documentation for more information. (https://huggingface.co/docs/transformers/main/en/main_classes/text_generation)
{"accepted": false, "accepted_total": 22, "task": 884, "task_id": "sigless_eff214afb779", "tasks": 1500, "visible_unique_passes": 0}
[transformers] Both `min_new_tokens` (=0) and `min_length`(=0) seem to have been set. `min_new_tokens` will take precedence. Please refer to the documentation for more information. (https://huggingface.co/docs/transformers/main/en/main_classes/text_generation)
{"accepted": false, "accepted_total": 22, "task": 885, "task_id": "sigless_2a1f91c3c553", "tasks": 1500, "visible_unique_passes": 0}
[transformers] Both `min_new_tokens` (=0) and `min_length`(=0) seem to have been set. `min_new_tokens` will take precedence. Please refer to the documentation for more information. (https://huggingface.co/docs/transformers/main/en/main_classes/text_generation)
{"accepted": false, "accepted_total": 22, "task": 886, "task_id": "sigless_1e1c9ccd8382", "tasks": 1500, "visible_unique_passes": 0}
[transformers] Both `min_new_tokens` (=0) and `min_length`(=0) seem to have been set. `min_new_tokens` will take precedence. Please refer to the documentation for more information. (https://huggingface.co/docs/transformers/main/en/main_classes/text_generation)
{"accepted": false, "accepted_total": 22, "task": 887, "task_id": "sigless_fd68c63c1041", "tasks": 1500, "visible_unique_passes": 0}
[transformers] Both `min_new_tokens` (=0) and `min_length`(=0) seem to have been set. `min_new_tokens` will take precedence. Please refer to the documentation for more information. (https://huggingface.co/docs/transformers/main/en/main_classes/text_generation)
{"accepted": false, "accepted_total": 22, "task": 888, "task_id": "sigless_9443de867663", "tasks": 1500, "visible_unique_passes": 0}
[transformers] Both `min_new_tokens` (=0) and `min_length`(=0) seem to have been set. `min_new_tokens` will take precedence. Please refer to the documentation for more information. (https://huggingface.co/docs/transformers/main/en/main_classes/text_generation)
{"accepted": false, "accepted_total": 22, "task": 889, "task_id": "sigless_25800dc4acc5", "tasks": 1500, "visible_unique_passes": 0}
[transformers] Both `min_new_tokens` (=0) and `min_length`(=0) seem to have been set. `min_new_tokens` will take precedence. Please refer to the documentation for more information. (https://huggingface.co/docs/transformers/main/en/main_classes/text_generation)
{"accepted": false, "accepted_total": 22, "task": 890, "task_id": "fresh-eval-03b3cae90318", "tasks": 1500, "visible_unique_passes": 0}
[transformers] Both `min_new_tokens` (=0) and `min_length`(=0) seem to have been set. `min_new_tokens` will take precedence. Please refer to the documentation for more information. (https://huggingface.co/docs/transformers/main/en/main_classes/text_generation)
{"accepted": false, "accepted_total": 22, "task": 891, "task_id": "sigless_87b6c01e9e70", "tasks": 1500, "visible_unique_passes": 0}
[transformers] Both `min_new_tokens` (=0) and `min_length`(=0) seem to have been set. `min_new_tokens` will take precedence. Please refer to the documentation for more information. (https://huggingface.co/docs/transformers/main/en/main_classes/text_generation)
{"accepted": false, "accepted_total": 22, "task": 892, "task_id": "sigless_8d4eee82bddf", "tasks": 1500, "visible_unique_passes": 0}
[transformers] Both `min_new_tokens` (=0) and `min_length`(=0) seem to have been set. `min_new_tokens` will take precedence. Please refer to the documentation for more information. (https://huggingface.co/docs/transformers/main/en/main_classes/text_generation)
{"accepted": false, "accepted_total": 22, "task": 893, "task_id": "fresh-eval-637336509304", "tasks": 1500, "visible_unique_passes": 0}
[transformers] Both `min_new_tokens` (=0) and `min_length`(=0) seem to have been set. `min_new_tokens` will take precedence. Please refer to the documentation for more information. (https://huggingface.co/docs/transformers/main/en/main_classes/text_generation)
{"accepted": false, "accepted_total": 22, "task": 894, "task_id": "fresh-eval-3e435a868231", "tasks": 1500, "visible_unique_passes": 0}
[transformers] Both `min_new_tokens` (=0) and `min_length`(=0) seem to have been set. `min_new_tokens` will take precedence. Please refer to the documentation for more information. (https://huggingface.co/docs/transformers/main/en/main_classes/text_generation)
{"accepted": false, "accepted_total": 22, "task": 895, "task_id": "sigless_a39943f30e05", "tasks": 1500, "visible_unique_passes": 0}
[transformers] Both `min_new_tokens` (=0) and `min_length`(=0) seem to have been set. `min_new_tokens` will take precedence. Please refer to the documentation for more information. (https://huggingface.co/docs/transformers/main/en/main_classes/text_generation)
{"accepted": false, "accepted_total": 22, "task": 896, "task_id": "sigless_0c8772846c12", "tasks": 1500, "visible_unique_passes": 0}
[transformers] Both `min_new_tokens` (=0) and `min_length`(=0) seem to have been set. `min_new_tokens` will take precedence. Please refer to the documentation for more information. (https://huggingface.co/docs/transformers/main/en/main_classes/text_generation)
{"accepted": false, "accepted_total": 22, "task": 897, "task_id": "sigless_5bddac084f3e", "tasks": 1500, "visible_unique_passes": 0}
[transformers] Both `min_new_tokens` (=0) and `min_length`(=0) seem to have been set. `min_new_tokens` will take precedence. Please refer to the documentation for more information. (https://huggingface.co/docs/transformers/main/en/main_classes/text_generation)
{"accepted": false, "accepted_total": 22, "task": 898, "task_id": "sigless_40021a378acd", "tasks": 1500, "visible_unique_passes": 0}
[transformers] Both `min_new_tokens` (=0) and `min_length`(=0) seem to have been set. `min_new_tokens` will take precedence. Please refer to the documentation for more information. (https://huggingface.co/docs/transformers/main/en/main_classes/text_generation)
{"accepted": false, "accepted_total": 22, "task": 899, "task_id": "sigless_dd3f0def030d", "tasks": 1500, "visible_unique_passes": 0}
[transformers] Both `min_new_tokens` (=0) and `min_length`(=0) seem to have been set. `min_new_tokens` will take precedence. Please refer to the documentation for more information. (https://huggingface.co/docs/transformers/main/en/main_classes/text_generation)
{"accepted": false, "accepted_total": 22, "task": 900, "task_id": "sigless_75e668b01b85", "tasks": 1500, "visible_unique_passes": 0}
[transformers] Both `min_new_tokens` (=0) and `min_length`(=0) seem to have been set. `min_new_tokens` will take precedence. Please refer to the documentation for more information. (https://huggingface.co/docs/transformers/main/en/main_classes/text_generation)
{"accepted": false, "accepted_total": 22, "task": 901, "task_id": "sigless_277ef06ee879", "tasks": 1500, "visible_unique_passes": 0}
[transformers] Both `min_new_tokens` (=0) and `min_length`(=0) seem to have been set. `min_new_tokens` will take precedence. Please refer to the documentation for more information. (https://huggingface.co/docs/transformers/main/en/main_classes/text_generation)
{"accepted": false, "accepted_total": 22, "task": 902, "task_id": "fresh-eval-e67c5ae7e025", "tasks": 1500, "visible_unique_passes": 0}
[transformers] Both `min_new_tokens` (=0) and `min_length`(=0) seem to have been set. `min_new_tokens` will take precedence. Please refer to the documentation for more information. (https://huggingface.co/docs/transformers/main/en/main_classes/text_generation)
{"accepted": false, "accepted_total": 22, "task": 903, "task_id": "fresh-eval-bba439e8c1c5", "tasks": 1500, "visible_unique_passes": 0}
[transformers] Both `min_new_tokens` (=0) and `min_length`(=0) seem to have been set. `min_new_tokens` will take precedence. Please refer to the documentation for more information. (https://huggingface.co/docs/transformers/main/en/main_classes/text_generation)
{"accepted": false, "accepted_total": 22, "task": 904, "task_id": "fresh-eval-a51b430261b6", "tasks": 1500, "visible_unique_passes": 0}
[transformers] Both `min_new_tokens` (=0) and `min_length`(=0) seem to have been set. `min_new_tokens` will take precedence. Please refer to the documentation for more information. (https://huggingface.co/docs/transformers/main/en/main_classes/text_generation)
{"accepted": false, "accepted_total": 22, "task": 905, "task_id": "fresh-eval-8bf7f554fc6a", "tasks": 1500, "visible_unique_passes": 0}
[transformers] Both `min_new_tokens` (=0) and `min_length`(=0) seem to have been set. `min_new_tokens` will take precedence. Please refer to the documentation for more information. (https://huggingface.co/docs/transformers/main/en/main_classes/text_generation)
{"accepted": false, "accepted_total": 22, "task": 906, "task_id": "sigless_5d2136f6a2be", "tasks": 1500, "visible_unique_passes": 0}
[transformers] Both `min_new_tokens` (=0) and `min_length`(=0) seem to have been set. `min_new_tokens` will take precedence. Please refer to the documentation for more information. (https://huggingface.co/docs/transformers/main/en/main_classes/text_generation)
{"accepted": false, "accepted_total": 22, "task": 907, "task_id": "sigless_6e865a282c09", "tasks": 1500, "visible_unique_passes": 0}
[transformers] Both `min_new_tokens` (=0) and `min_length`(=0) seem to have been set. `min_new_tokens` will take precedence. Please refer to the documentation for more information. (https://huggingface.co/docs/transformers/main/en/main_classes/text_generation)
{"accepted": false, "accepted_total": 22, "task": 908, "task_id": "sigless_98747a98cae3", "tasks": 1500, "visible_unique_passes": 0}
[transformers] Both `min_new_tokens` (=0) and `min_length`(=0) seem to have been set. `min_new_tokens` will take precedence. Please refer to the documentation for more information. (https://huggingface.co/docs/transformers/main/en/main_classes/text_generation)
{"accepted": false, "accepted_total": 22, "task": 909, "task_id": "fresh-eval-903f207a1822", "tasks": 1500, "visible_unique_passes": 0}
[transformers] Both `min_new_tokens` (=0) and `min_length`(=0) seem to have been set. `min_new_tokens` will take precedence. Please refer to the documentation for more information. (https://huggingface.co/docs/transformers/main/en/main_classes/text_generation)
{"accepted": false, "accepted_total": 22, "task": 910, "task_id": "sigless_1d373a9f5ebf", "tasks": 1500, "visible_unique_passes": 0}
[transformers] Both `min_new_tokens` (=0) and `min_length`(=0) seem to have been set. `min_new_tokens` will take precedence. Please refer to the documentation for more information. (https://huggingface.co/docs/transformers/main/en/main_classes/text_generation)
{"accepted": false, "accepted_total": 22, "task": 911, "task_id": "fresh-eval-b3c1cecc97a1", "tasks": 1500, "visible_unique_passes": 0}
[transformers] Both `min_new_tokens` (=0) and `min_length`(=0) seem to have been set. `min_new_tokens` will take precedence. Please refer to the documentation for more information. (https://huggingface.co/docs/transformers/main/en/main_classes/text_generation)
{"accepted": false, "accepted_total": 22, "task": 912, "task_id": "fresh-eval-aac7052cd4e9", "tasks": 1500, "visible_unique_passes": 0}
[transformers] Both `min_new_tokens` (=0) and `min_length`(=0) seem to have been set. `min_new_tokens` will take precedence. Please refer to the documentation for more information. (https://huggingface.co/docs/transformers/main/en/main_classes/text_generation)
{"accepted": false, "accepted_total": 22, "task": 913, "task_id": "sigless_e363d29f3912", "tasks": 1500, "visible_unique_passes": 0}
[transformers] Both `min_new_tokens` (=0) and `min_length`(=0) seem to have been set. `min_new_tokens` will take precedence. Please refer to the documentation for more information. (https://huggingface.co/docs/transformers/main/en/main_classes/text_generation)
{"accepted": false, "accepted_total": 22, "task": 914, "task_id": "fresh-eval-84fc03641dfc", "tasks": 1500, "visible_unique_passes": 0}
[transformers] Both `min_new_tokens` (=0) and `min_length`(=0) seem to have been set. `min_new_tokens` will take precedence. Please refer to the documentation for more information. (https://huggingface.co/docs/transformers/main/en/main_classes/text_generation)
{"accepted": false, "accepted_total": 22, "task": 915, "task_id": "sigless_b0043e150340", "tasks": 1500, "visible_unique_passes": 0}
[transformers] Both `min_new_tokens` (=0) and `min_length`(=0) seem to have been set. `min_new_tokens` will take precedence. Please refer to the documentation for more information. (https://huggingface.co/docs/transformers/main/en/main_classes/text_generation)
{"accepted": false, "accepted_total": 22, "task": 916, "task_id": "fresh-eval-d40bdbb24bb6", "tasks": 1500, "visible_unique_passes": 0}
[transformers] Both `min_new_tokens` (=0) and `min_length`(=0) seem to have been set. `min_new_tokens` will take precedence. Please refer to the documentation for more information. (https://huggingface.co/docs/transformers/main/en/main_classes/text_generation)
{"accepted": false, "accepted_total": 22, "task": 917, "task_id": "sigless_0bbc4b648b35", "tasks": 1500, "visible_unique_passes": 0}
[transformers] Both `min_new_tokens` (=0) and `min_length`(=0) seem to have been set. `min_new_tokens` will take precedence. Please refer to the documentation for more information. (https://huggingface.co/docs/transformers/main/en/main_classes/text_generation)
{"accepted": false, "accepted_total": 22, "task": 918, "task_id": "fresh-eval-488bf94f3f2b", "tasks": 1500, "visible_unique_passes": 0}
[transformers] Both `min_new_tokens` (=0) and `min_length`(=0) seem to have been set. `min_new_tokens` will take precedence. Please refer to the documentation for more information. (https://huggingface.co/docs/transformers/main/en/main_classes/text_generation)
{"accepted": false, "accepted_total": 22, "task": 919, "task_id": "fresh-eval-b06f9cb11b9c", "tasks": 1500, "visible_unique_passes": 0}
[transformers] Both `min_new_tokens` (=0) and `min_length`(=0) seem to have been set. `min_new_tokens` will take precedence. Please refer to the documentation for more information. (https://huggingface.co/docs/transformers/main/en/main_classes/text_generation)
{"accepted": false, "accepted_total": 22, "task": 920, "task_id": "sigless_143925cf9773", "tasks": 1500, "visible_unique_passes": 0}
[transformers] Both `min_new_tokens` (=0) and `min_length`(=0) seem to have been set. `min_new_tokens` will take precedence. Please refer to the documentation for more information. (https://huggingface.co/docs/transformers/main/en/main_classes/text_generation)
{"accepted": false, "accepted_total": 22, "task": 921, "task_id": "sigless_c74b344ea414", "tasks": 1500, "visible_unique_passes": 0}
[transformers] Both `min_new_tokens` (=0) and `min_length`(=0) seem to have been set. `min_new_tokens` will take precedence. Please refer to the documentation for more information. (https://huggingface.co/docs/transformers/main/en/main_classes/text_generation)
{"accepted": false, "accepted_total": 22, "task": 922, "task_id": "sigless_2702567b685b", "tasks": 1500, "visible_unique_passes": 0}
[transformers] Both `min_new_tokens` (=0) and `min_length`(=0) seem to have been set. `min_new_tokens` will take precedence. Please refer to the documentation for more information. (https://huggingface.co/docs/transformers/main/en/main_classes/text_generation)
{"accepted": false, "accepted_total": 22, "task": 923, "task_id": "sigless_ad9b0b297158", "tasks": 1500, "visible_unique_passes": 0}
[transformers] Both `min_new_tokens` (=0) and `min_length`(=0) seem to have been set. `min_new_tokens` will take precedence. Please refer to the documentation for more information. (https://huggingface.co/docs/transformers/main/en/main_classes/text_generation)
{"accepted": false, "accepted_total": 22, "task": 924, "task_id": "fresh-eval-8322d8576ac8", "tasks": 1500, "visible_unique_passes": 0}
[transformers] Both `min_new_tokens` (=0) and `min_length`(=0) seem to have been set. `min_new_tokens` will take precedence. Please refer to the documentation for more information. (https://huggingface.co/docs/transformers/main/en/main_classes/text_generation)
{"accepted": false, "accepted_total": 22, "task": 925, "task_id": "sigless_3cfd5b8ccf52", "tasks": 1500, "visible_unique_passes": 0}
[transformers] Both `min_new_tokens` (=0) and `min_length`(=0) seem to have been set. `min_new_tokens` will take precedence. Please refer to the documentation for more information. (https://huggingface.co/docs/transformers/main/en/main_classes/text_generation)
{"accepted": false, "accepted_total": 22, "task": 926, "task_id": "fresh-eval-12109fa1579d", "tasks": 1500, "visible_unique_passes": 0}
[transformers] Both `min_new_tokens` (=0) and `min_length`(=0) seem to have been set. `min_new_tokens` will take precedence. Please refer to the documentation for more information. (https://huggingface.co/docs/transformers/main/en/main_classes/text_generation)
{"accepted": false, "accepted_total": 22, "task": 927, "task_id": "sigless_062b9dc75cc0", "tasks": 1500, "visible_unique_passes": 0}
[transformers] Both `min_new_tokens` (=0) and `min_length`(=0) seem to have been set. `min_new_tokens` will take precedence. Please refer to the documentation for more information. (https://huggingface.co/docs/transformers/main/en/main_classes/text_generation)
{"accepted": false, "accepted_total": 22, "task": 928, "task_id": "sigless_0c6a5f955e75", "tasks": 1500, "visible_unique_passes": 0}
[transformers] Both `min_new_tokens` (=0) and `min_length`(=0) seem to have been set. `min_new_tokens` will take precedence. Please refer to the documentation for more information. (https://huggingface.co/docs/transformers/main/en/main_classes/text_generation)
{"accepted": false, "accepted_total": 22, "task": 929, "task_id": "sigless_9988351a0951", "tasks": 1500, "visible_unique_passes": 0}
[transformers] Both `min_new_tokens` (=0) and `min_length`(=0) seem to have been set. `min_new_tokens` will take precedence. Please refer to the documentation for more information. (https://huggingface.co/docs/transformers/main/en/main_classes/text_generation)
{"accepted": false, "accepted_total": 22, "task": 930, "task_id": "sigless_dfe8156844d2", "tasks": 1500, "visible_unique_passes": 0}
[transformers] Both `min_new_tokens` (=0) and `min_length`(=0) seem to have been set. `min_new_tokens` will take precedence. Please refer to the documentation for more information. (https://huggingface.co/docs/transformers/main/en/main_classes/text_generation)
{"accepted": false, "accepted_total": 22, "task": 931, "task_id": "fresh-eval-c350b566b006", "tasks": 1500, "visible_unique_passes": 0}
[transformers] Both `min_new_tokens` (=0) and `min_length`(=0) seem to have been set. `min_new_tokens` will take precedence. Please refer to the documentation for more information. (https://huggingface.co/docs/transformers/main/en/main_classes/text_generation)
{"accepted": false, "accepted_total": 22, "task": 932, "task_id": "fresh-eval-72c0b702c0e5", "tasks": 1500, "visible_unique_passes": 0}
[transformers] Both `min_new_tokens` (=0) and `min_length`(=0) seem to have been set. `min_new_tokens` will take precedence. Please refer to the documentation for more information. (https://huggingface.co/docs/transformers/main/en/main_classes/text_generation)
{"accepted": false, "accepted_total": 22, "task": 933, "task_id": "sigless_4f28fef57301", "tasks": 1500, "visible_unique_passes": 0}
[transformers] Both `min_new_tokens` (=0) and `min_length`(=0) seem to have been set. `min_new_tokens` will take precedence. Please refer to the documentation for more information. (https://huggingface.co/docs/transformers/main/en/main_classes/text_generation)
{"accepted": false, "accepted_total": 22, "task": 934, "task_id": "fresh-eval-b44f5ac107c7", "tasks": 1500, "visible_unique_passes": 0}
[transformers] Both `min_new_tokens` (=0) and `min_length`(=0) seem to have been set. `min_new_tokens` will take precedence. Please refer to the documentation for more information. (https://huggingface.co/docs/transformers/main/en/main_classes/text_generation)
{"accepted": false, "accepted_total": 22, "task": 935, "task_id": "sigless_a3d60784ec40", "tasks": 1500, "visible_unique_passes": 0}
[transformers] Both `min_new_tokens` (=0) and `min_length`(=0) seem to have been set. `min_new_tokens` will take precedence. Please refer to the documentation for more information. (https://huggingface.co/docs/transformers/main/en/main_classes/text_generation)
{"accepted": false, "accepted_total": 22, "task": 936, "task_id": "sigless_79e66414f19b", "tasks": 1500, "visible_unique_passes": 0}
[transformers] Both `min_new_tokens` (=0) and `min_length`(=0) seem to have been set. `min_new_tokens` will take precedence. Please refer to the documentation for more information. (https://huggingface.co/docs/transformers/main/en/main_classes/text_generation)
{"accepted": false, "accepted_total": 22, "task": 937, "task_id": "fresh-eval-72ac49a6fb92", "tasks": 1500, "visible_unique_passes": 0}
[transformers] Both `min_new_tokens` (=0) and `min_length`(=0) seem to have been set. `min_new_tokens` will take precedence. Please refer to the documentation for more information. (https://huggingface.co/docs/transformers/main/en/main_classes/text_generation)
{"accepted": false, "accepted_total": 22, "task": 938, "task_id": "fresh-eval-83a7a59af356", "tasks": 1500, "visible_unique_passes": 0}
[transformers] Both `min_new_tokens` (=0) and `min_length`(=0) seem to have been set. `min_new_tokens` will take precedence. Please refer to the documentation for more information. (https://huggingface.co/docs/transformers/main/en/main_classes/text_generation)
{"accepted": false, "accepted_total": 22, "task": 939, "task_id": "sigless_5710e0c06fe3", "tasks": 1500, "visible_unique_passes": 0}
[transformers] Both `min_new_tokens` (=0) and `min_length`(=0) seem to have been set. `min_new_tokens` will take precedence. Please refer to the documentation for more information. (https://huggingface.co/docs/transformers/main/en/main_classes/text_generation)
{"accepted": false, "accepted_total": 22, "task": 940, "task_id": "fresh-eval-eda74d9c944d", "tasks": 1500, "visible_unique_passes": 0}
[transformers] Both `min_new_tokens` (=0) and `min_length`(=0) seem to have been set. `min_new_tokens` will take precedence. Please refer to the documentation for more information. (https://huggingface.co/docs/transformers/main/en/main_classes/text_generation)
{"accepted": false, "accepted_total": 22, "task": 941, "task_id": "sigless_a876077e86b4", "tasks": 1500, "visible_unique_passes": 0}
[transformers] Both `min_new_tokens` (=0) and `min_length`(=0) seem to have been set. `min_new_tokens` will take precedence. Please refer to the documentation for more information. (https://huggingface.co/docs/transformers/main/en/main_classes/text_generation)
{"accepted": false, "accepted_total": 22, "task": 942, "task_id": "sigless_7aa3028ed8a9", "tasks": 1500, "visible_unique_passes": 0}
[transformers] Both `min_new_tokens` (=0) and `min_length`(=0) seem to have been set. `min_new_tokens` will take precedence. Please refer to the documentation for more information. (https://huggingface.co/docs/transformers/main/en/main_classes/text_generation)
{"accepted": false, "accepted_total": 22, "task": 943, "task_id": "fresh-eval-8964beebe130", "tasks": 1500, "visible_unique_passes": 0}
[transformers] Both `min_new_tokens` (=0) and `min_length`(=0) seem to have been set. `min_new_tokens` will take precedence. Please refer to the documentation for more information. (https://huggingface.co/docs/transformers/main/en/main_classes/text_generation)
{"accepted": false, "accepted_total": 22, "task": 944, "task_id": "fresh-eval-abf4416db2bd", "tasks": 1500, "visible_unique_passes": 0}
[transformers] Both `min_new_tokens` (=0) and `min_length`(=0) seem to have been set. `min_new_tokens` will take precedence. Please refer to the documentation for more information. (https://huggingface.co/docs/transformers/main/en/main_classes/text_generation)
{"accepted": false, "accepted_total": 22, "task": 945, "task_id": "sigless_fdeed52a4fdd", "tasks": 1500, "visible_unique_passes": 0}
[transformers] Both `min_new_tokens` (=0) and `min_length`(=0) seem to have been set. `min_new_tokens` will take precedence. Please refer to the documentation for more information. (https://huggingface.co/docs/transformers/main/en/main_classes/text_generation)
{"accepted": false, "accepted_total": 22, "task": 946, "task_id": "fresh-eval-0971a155beb5", "tasks": 1500, "visible_unique_passes": 0}
[transformers] Both `min_new_tokens` (=0) and `min_length`(=0) seem to have been set. `min_new_tokens` will take precedence. Please refer to the documentation for more information. (https://huggingface.co/docs/transformers/main/en/main_classes/text_generation)
{"accepted": false, "accepted_total": 22, "task": 947, "task_id": "fresh-eval-82c0c7b1d74a", "tasks": 1500, "visible_unique_passes": 0}
[transformers] Both `min_new_tokens` (=0) and `min_length`(=0) seem to have been set. `min_new_tokens` will take precedence. Please refer to the documentation for more information. (https://huggingface.co/docs/transformers/main/en/main_classes/text_generation)
{"accepted": false, "accepted_total": 22, "task": 948, "task_id": "fresh-eval-90a10a5c119a", "tasks": 1500, "visible_unique_passes": 0}
[transformers] Both `min_new_tokens` (=0) and `min_length`(=0) seem to have been set. `min_new_tokens` will take precedence. Please refer to the documentation for more information. (https://huggingface.co/docs/transformers/main/en/main_classes/text_generation)
{"accepted": false, "accepted_total": 22, "task": 949, "task_id": "sigless_770c685a6555", "tasks": 1500, "visible_unique_passes": 0}
[transformers] Both `min_new_tokens` (=0) and `min_length`(=0) seem to have been set. `min_new_tokens` will take precedence. Please refer to the documentation for more information. (https://huggingface.co/docs/transformers/main/en/main_classes/text_generation)
{"accepted": false, "accepted_total": 22, "task": 950, "task_id": "sigless_03902106df36", "tasks": 1500, "visible_unique_passes": 0}
[transformers] Both `min_new_tokens` (=0) and `min_length`(=0) seem to have been set. `min_new_tokens` will take precedence. Please refer to the documentation for more information. (https://huggingface.co/docs/transformers/main/en/main_classes/text_generation)
{"accepted": false, "accepted_total": 22, "task": 951, "task_id": "sigless_16e10df556ef", "tasks": 1500, "visible_unique_passes": 0}
[transformers] Both `min_new_tokens` (=0) and `min_length`(=0) seem to have been set. `min_new_tokens` will take precedence. Please refer to the documentation for more information. (https://huggingface.co/docs/transformers/main/en/main_classes/text_generation)
{"accepted": false, "accepted_total": 22, "task": 952, "task_id": "fresh-eval-d4c062375866", "tasks": 1500, "visible_unique_passes": 0}
[transformers] Both `min_new_tokens` (=0) and `min_length`(=0) seem to have been set. `min_new_tokens` will take precedence. Please refer to the documentation for more information. (https://huggingface.co/docs/transformers/main/en/main_classes/text_generation)
{"accepted": false, "accepted_total": 22, "task": 953, "task_id": "fresh-eval-d9b5c583f724", "tasks": 1500, "visible_unique_passes": 0}
[transformers] Both `min_new_tokens` (=0) and `min_length`(=0) seem to have been set. `min_new_tokens` will take precedence. Please refer to the documentation for more information. (https://huggingface.co/docs/transformers/main/en/main_classes/text_generation)
{"accepted": false, "accepted_total": 22, "task": 954, "task_id": "fresh-eval-8cf4f3913a47", "tasks": 1500, "visible_unique_passes": 0}
[transformers] Both `min_new_tokens` (=0) and `min_length`(=0) seem to have been set. `min_new_tokens` will take precedence. Please refer to the documentation for more information. (https://huggingface.co/docs/transformers/main/en/main_classes/text_generation)
{"accepted": false, "accepted_total": 22, "task": 955, "task_id": "sigless_34461005b36a", "tasks": 1500, "visible_unique_passes": 0}
[transformers] Both `min_new_tokens` (=0) and `min_length`(=0) seem to have been set. `min_new_tokens` will take precedence. Please refer to the documentation for more information. (https://huggingface.co/docs/transformers/main/en/main_classes/text_generation)
{"accepted": false, "accepted_total": 22, "task": 956, "task_id": "sigless_081a63a5fd25", "tasks": 1500, "visible_unique_passes": 0}
[transformers] Both `min_new_tokens` (=0) and `min_length`(=0) seem to have been set. `min_new_tokens` will take precedence. Please refer to the documentation for more information. (https://huggingface.co/docs/transformers/main/en/main_classes/text_generation)
{"accepted": false, "accepted_total": 22, "task": 957, "task_id": "sigless_7bcd7c647f19", "tasks": 1500, "visible_unique_passes": 0}
[transformers] Both `min_new_tokens` (=0) and `min_length`(=0) seem to have been set. `min_new_tokens` will take precedence. Please refer to the documentation for more information. (https://huggingface.co/docs/transformers/main/en/main_classes/text_generation)
{"accepted": false, "accepted_total": 22, "task": 958, "task_id": "fresh-eval-55fe80789b3a", "tasks": 1500, "visible_unique_passes": 0}
[transformers] Both `min_new_tokens` (=0) and `min_length`(=0) seem to have been set. `min_new_tokens` will take precedence. Please refer to the documentation for more information. (https://huggingface.co/docs/transformers/main/en/main_classes/text_generation)
{"accepted": false, "accepted_total": 22, "task": 959, "task_id": "sigless_7284c778ac0d", "tasks": 1500, "visible_unique_passes": 0}
[transformers] Both `min_new_tokens` (=0) and `min_length`(=0) seem to have been set. `min_new_tokens` will take precedence. Please refer to the documentation for more information. (https://huggingface.co/docs/transformers/main/en/main_classes/text_generation)
{"accepted": false, "accepted_total": 22, "task": 960, "task_id": "sigless_07a1b040261d", "tasks": 1500, "visible_unique_passes": 0}
[transformers] Both `min_new_tokens` (=0) and `min_length`(=0) seem to have been set. `min_new_tokens` will take precedence. Please refer to the documentation for more information. (https://huggingface.co/docs/transformers/main/en/main_classes/text_generation)
{"accepted": false, "accepted_total": 22, "task": 961, "task_id": "fresh-eval-0116b8b35bd8", "tasks": 1500, "visible_unique_passes": 0}
[transformers] Both `min_new_tokens` (=0) and `min_length`(=0) seem to have been set. `min_new_tokens` will take precedence. Please refer to the documentation for more information. (https://huggingface.co/docs/transformers/main/en/main_classes/text_generation)
{"accepted": false, "accepted_total": 22, "task": 962, "task_id": "fresh-eval-69f7b9fbad94", "tasks": 1500, "visible_unique_passes": 0}
[transformers] Both `min_new_tokens` (=0) and `min_length`(=0) seem to have been set. `min_new_tokens` will take precedence. Please refer to the documentation for more information. (https://huggingface.co/docs/transformers/main/en/main_classes/text_generation)
{"accepted": false, "accepted_total": 22, "task": 963, "task_id": "fresh-eval-4fde4325a2f4", "tasks": 1500, "visible_unique_passes": 0}
[transformers] Both `min_new_tokens` (=0) and `min_length`(=0) seem to have been set. `min_new_tokens` will take precedence. Please refer to the documentation for more information. (https://huggingface.co/docs/transformers/main/en/main_classes/text_generation)
{"accepted": false, "accepted_total": 22, "task": 964, "task_id": "sigless_e117b29fcd84", "tasks": 1500, "visible_unique_passes": 0}
[transformers] Both `min_new_tokens` (=0) and `min_length`(=0) seem to have been set. `min_new_tokens` will take precedence. Please refer to the documentation for more information. (https://huggingface.co/docs/transformers/main/en/main_classes/text_generation)
{"accepted": false, "accepted_total": 22, "task": 965, "task_id": "fresh-eval-e2e6354f2163", "tasks": 1500, "visible_unique_passes": 0}
[transformers] Both `min_new_tokens` (=0) and `min_length`(=0) seem to have been set. `min_new_tokens` will take precedence. Please refer to the documentation for more information. (https://huggingface.co/docs/transformers/main/en/main_classes/text_generation)
{"accepted": false, "accepted_total": 22, "task": 966, "task_id": "fresh-eval-66b3a41f1db3", "tasks": 1500, "visible_unique_passes": 0}
[transformers] Both `min_new_tokens` (=0) and `min_length`(=0) seem to have been set. `min_new_tokens` will take precedence. Please refer to the documentation for more information. (https://huggingface.co/docs/transformers/main/en/main_classes/text_generation)
{"accepted": false, "accepted_total": 22, "task": 967, "task_id": "sigless_83a4ee31b1f6", "tasks": 1500, "visible_unique_passes": 0}
[transformers] Both `min_new_tokens` (=0) and `min_length`(=0) seem to have been set. `min_new_tokens` will take precedence. Please refer to the documentation for more information. (https://huggingface.co/docs/transformers/main/en/main_classes/text_generation)
{"accepted": false, "accepted_total": 22, "task": 968, "task_id": "sigless_eae515fc8749", "tasks": 1500, "visible_unique_passes": 0}
[transformers] Both `min_new_tokens` (=0) and `min_length`(=0) seem to have been set. `min_new_tokens` will take precedence. Please refer to the documentation for more information. (https://huggingface.co/docs/transformers/main/en/main_classes/text_generation)
{"accepted": false, "accepted_total": 22, "task": 969, "task_id": "fresh-eval-c0094fd6f211", "tasks": 1500, "visible_unique_passes": 0}
[transformers] Both `min_new_tokens` (=0) and `min_length`(=0) seem to have been set. `min_new_tokens` will take precedence. Please refer to the documentation for more information. (https://huggingface.co/docs/transformers/main/en/main_classes/text_generation)
{"accepted": false, "accepted_total": 22, "task": 970, "task_id": "sigless_2b2572659f3a", "tasks": 1500, "visible_unique_passes": 0}
[transformers] Both `min_new_tokens` (=0) and `min_length`(=0) seem to have been set. `min_new_tokens` will take precedence. Please refer to the documentation for more information. (https://huggingface.co/docs/transformers/main/en/main_classes/text_generation)
{"accepted": false, "accepted_total": 22, "task": 971, "task_id": "fresh-eval-9e847ad5a7c9", "tasks": 1500, "visible_unique_passes": 0}
[transformers] Both `min_new_tokens` (=0) and `min_length`(=0) seem to have been set. `min_new_tokens` will take precedence. Please refer to the documentation for more information. (https://huggingface.co/docs/transformers/main/en/main_classes/text_generation)
{"accepted": false, "accepted_total": 22, "task": 972, "task_id": "fresh-eval-92774b2d26f4", "tasks": 1500, "visible_unique_passes": 0}
[transformers] Both `min_new_tokens` (=0) and `min_length`(=0) seem to have been set. `min_new_tokens` will take precedence. Please refer to the documentation for more information. (https://huggingface.co/docs/transformers/main/en/main_classes/text_generation)
{"accepted": false, "accepted_total": 22, "task": 973, "task_id": "sigless_ea5aed26d55f", "tasks": 1500, "visible_unique_passes": 0}
[transformers] Both `min_new_tokens` (=0) and `min_length`(=0) seem to have been set. `min_new_tokens` will take precedence. Please refer to the documentation for more information. (https://huggingface.co/docs/transformers/main/en/main_classes/text_generation)
{"accepted": false, "accepted_total": 22, "task": 974, "task_id": "fresh-eval-ecbcdb77643c", "tasks": 1500, "visible_unique_passes": 0}
[transformers] Both `min_new_tokens` (=0) and `min_length`(=0) seem to have been set. `min_new_tokens` will take precedence. Please refer to the documentation for more information. (https://huggingface.co/docs/transformers/main/en/main_classes/text_generation)
{"accepted": false, "accepted_total": 22, "task": 975, "task_id": "sigless_0ca175829da9", "tasks": 1500, "visible_unique_passes": 0}
[transformers] Both `min_new_tokens` (=0) and `min_length`(=0) seem to have been set. `min_new_tokens` will take precedence. Please refer to the documentation for more information. (https://huggingface.co/docs/transformers/main/en/main_classes/text_generation)
{"accepted": false, "accepted_total": 22, "task": 976, "task_id": "sigless_e78be91ca5a1", "tasks": 1500, "visible_unique_passes": 0}
[transformers] Both `min_new_tokens` (=0) and `min_length`(=0) seem to have been set. `min_new_tokens` will take precedence. Please refer to the documentation for more information. (https://huggingface.co/docs/transformers/main/en/main_classes/text_generation)
{"accepted": false, "accepted_total": 22, "task": 977, "task_id": "fresh-eval-dbdc95db21b7", "tasks": 1500, "visible_unique_passes": 0}
[transformers] Both `min_new_tokens` (=0) and `min_length`(=0) seem to have been set. `min_new_tokens` will take precedence. Please refer to the documentation for more information. (https://huggingface.co/docs/transformers/main/en/main_classes/text_generation)
{"accepted": false, "accepted_total": 22, "task": 978, "task_id": "fresh-eval-6fca789fcea2", "tasks": 1500, "visible_unique_passes": 0}
[transformers] Both `min_new_tokens` (=0) and `min_length`(=0) seem to have been set. `min_new_tokens` will take precedence. Please refer to the documentation for more information. (https://huggingface.co/docs/transformers/main/en/main_classes/text_generation)
{"accepted": false, "accepted_total": 22, "task": 979, "task_id": "fresh-eval-20691924ead8", "tasks": 1500, "visible_unique_passes": 0}
[transformers] Both `min_new_tokens` (=0) and `min_length`(=0) seem to have been set. `min_new_tokens` will take precedence. Please refer to the documentation for more information. (https://huggingface.co/docs/transformers/main/en/main_classes/text_generation)
{"accepted": false, "accepted_total": 22, "task": 980, "task_id": "sigless_f488683a4b63", "tasks": 1500, "visible_unique_passes": 0}
[transformers] Both `min_new_tokens` (=0) and `min_length`(=0) seem to have been set. `min_new_tokens` will take precedence. Please refer to the documentation for more information. (https://huggingface.co/docs/transformers/main/en/main_classes/text_generation)
{"accepted": false, "accepted_total": 22, "task": 981, "task_id": "fresh-eval-b3c16d23c338", "tasks": 1500, "visible_unique_passes": 0}
[transformers] Both `min_new_tokens` (=0) and `min_length`(=0) seem to have been set. `min_new_tokens` will take precedence. Please refer to the documentation for more information. (https://huggingface.co/docs/transformers/main/en/main_classes/text_generation)
{"accepted": false, "accepted_total": 22, "task": 982, "task_id": "fresh-eval-507aea4210a6", "tasks": 1500, "visible_unique_passes": 0}
[transformers] Both `min_new_tokens` (=0) and `min_length`(=0) seem to have been set. `min_new_tokens` will take precedence. Please refer to the documentation for more information. (https://huggingface.co/docs/transformers/main/en/main_classes/text_generation)
{"accepted": false, "accepted_total": 22, "task": 983, "task_id": "fresh-eval-4096dc09a178", "tasks": 1500, "visible_unique_passes": 0}
[transformers] Both `min_new_tokens` (=0) and `min_length`(=0) seem to have been set. `min_new_tokens` will take precedence. Please refer to the documentation for more information. (https://huggingface.co/docs/transformers/main/en/main_classes/text_generation)
{"accepted": false, "accepted_total": 22, "task": 984, "task_id": "sigless_7fae72f58a8e", "tasks": 1500, "visible_unique_passes": 0}
[transformers] Both `min_new_tokens` (=0) and `min_length`(=0) seem to have been set. `min_new_tokens` will take precedence. Please refer to the documentation for more information. (https://huggingface.co/docs/transformers/main/en/main_classes/text_generation)
{"accepted": false, "accepted_total": 22, "task": 985, "task_id": "sigless_2a247e15d60e", "tasks": 1500, "visible_unique_passes": 0}
[transformers] Both `min_new_tokens` (=0) and `min_length`(=0) seem to have been set. `min_new_tokens` will take precedence. Please refer to the documentation for more information. (https://huggingface.co/docs/transformers/main/en/main_classes/text_generation)
{"accepted": false, "accepted_total": 22, "task": 986, "task_id": "sigless_a069da56acfa", "tasks": 1500, "visible_unique_passes": 0}
[transformers] Both `min_new_tokens` (=0) and `min_length`(=0) seem to have been set. `min_new_tokens` will take precedence. Please refer to the documentation for more information. (https://huggingface.co/docs/transformers/main/en/main_classes/text_generation)
{"accepted": false, "accepted_total": 22, "task": 987, "task_id": "fresh-eval-06b5623025dd", "tasks": 1500, "visible_unique_passes": 0}
[transformers] Both `min_new_tokens` (=0) and `min_length`(=0) seem to have been set. `min_new_tokens` will take precedence. Please refer to the documentation for more information. (https://huggingface.co/docs/transformers/main/en/main_classes/text_generation)
{"accepted": false, "accepted_total": 22, "task": 988, "task_id": "fresh-eval-4a6b302d1245", "tasks": 1500, "visible_unique_passes": 0}
[transformers] Both `min_new_tokens` (=0) and `min_length`(=0) seem to have been set. `min_new_tokens` will take precedence. Please refer to the documentation for more information. (https://huggingface.co/docs/transformers/main/en/main_classes/text_generation)
{"accepted": false, "accepted_total": 22, "task": 989, "task_id": "fresh-eval-fab718bbdff1", "tasks": 1500, "visible_unique_passes": 0}
[transformers] Both `min_new_tokens` (=0) and `min_length`(=0) seem to have been set. `min_new_tokens` will take precedence. Please refer to the documentation for more information. (https://huggingface.co/docs/transformers/main/en/main_classes/text_generation)
{"accepted": false, "accepted_total": 22, "task": 990, "task_id": "sigless_a903fac60558", "tasks": 1500, "visible_unique_passes": 0}
[transformers] Both `min_new_tokens` (=0) and `min_length`(=0) seem to have been set. `min_new_tokens` will take precedence. Please refer to the documentation for more information. (https://huggingface.co/docs/transformers/main/en/main_classes/text_generation)
{"accepted": false, "accepted_total": 22, "task": 991, "task_id": "sigless_76da01dea4af", "tasks": 1500, "visible_unique_passes": 0}
[transformers] Both `min_new_tokens` (=0) and `min_length`(=0) seem to have been set. `min_new_tokens` will take precedence. Please refer to the documentation for more information. (https://huggingface.co/docs/transformers/main/en/main_classes/text_generation)
{"accepted": false, "accepted_total": 22, "task": 992, "task_id": "fresh-eval-b441b00a0571", "tasks": 1500, "visible_unique_passes": 0}
[transformers] Both `min_new_tokens` (=0) and `min_length`(=0) seem to have been set. `min_new_tokens` will take precedence. Please refer to the documentation for more information. (https://huggingface.co/docs/transformers/main/en/main_classes/text_generation)
{"accepted": false, "accepted_total": 22, "task": 993, "task_id": "sigless_bf0a356ed0ee", "tasks": 1500, "visible_unique_passes": 0}
[transformers] Both `min_new_tokens` (=0) and `min_length`(=0) seem to have been set. `min_new_tokens` will take precedence. Please refer to the documentation for more information. (https://huggingface.co/docs/transformers/main/en/main_classes/text_generation)
{"accepted": false, "accepted_total": 22, "task": 994, "task_id": "sigless_499ab3dbed90", "tasks": 1500, "visible_unique_passes": 0}
[transformers] Both `min_new_tokens` (=0) and `min_length`(=0) seem to have been set. `min_new_tokens` will take precedence. Please refer to the documentation for more information. (https://huggingface.co/docs/transformers/main/en/main_classes/text_generation)
{"accepted": false, "accepted_total": 22, "task": 995, "task_id": "sigless_3e3c1dbc5086", "tasks": 1500, "visible_unique_passes": 0}
[transformers] Both `min_new_tokens` (=0) and `min_length`(=0) seem to have been set. `min_new_tokens` will take precedence. Please refer to the documentation for more information. (https://huggingface.co/docs/transformers/main/en/main_classes/text_generation)
{"accepted": true, "accepted_total": 23, "task": 996, "task_id": "fresh-eval-1c8f98be348c", "tasks": 1500, "visible_unique_passes": 1}
[transformers] Both `min_new_tokens` (=0) and `min_length`(=0) seem to have been set. `min_new_tokens` will take precedence. Please refer to the documentation for more information. (https://huggingface.co/docs/transformers/main/en/main_classes/text_generation)
{"accepted": false, "accepted_total": 23, "task": 997, "task_id": "sigless_4e46284c792c", "tasks": 1500, "visible_unique_passes": 0}
[transformers] Both `min_new_tokens` (=0) and `min_length`(=0) seem to have been set. `min_new_tokens` will take precedence. Please refer to the documentation for more information. (https://huggingface.co/docs/transformers/main/en/main_classes/text_generation)
{"accepted": false, "accepted_total": 23, "task": 998, "task_id": "fresh-eval-b3b45f8b3bea", "tasks": 1500, "visible_unique_passes": 0}
[transformers] Both `min_new_tokens` (=0) and `min_length`(=0) seem to have been set. `min_new_tokens` will take precedence. Please refer to the documentation for more information. (https://huggingface.co/docs/transformers/main/en/main_classes/text_generation)
{"accepted": false, "accepted_total": 23, "task": 999, "task_id": "fresh-eval-c09d44abf36a", "tasks": 1500, "visible_unique_passes": 0}
[transformers] Both `min_new_tokens` (=0) and `min_length`(=0) seem to have been set. `min_new_tokens` will take precedence. Please refer to the documentation for more information. (https://huggingface.co/docs/transformers/main/en/main_classes/text_generation)
{"accepted": false, "accepted_total": 23, "task": 1000, "task_id": "fresh-eval-48550e439008", "tasks": 1500, "visible_unique_passes": 0}
[transformers] Both `min_new_tokens` (=0) and `min_length`(=0) seem to have been set. `min_new_tokens` will take precedence. Please refer to the documentation for more information. (https://huggingface.co/docs/transformers/main/en/main_classes/text_generation)
{"accepted": false, "accepted_total": 23, "task": 1001, "task_id": "sigless_a6082e178c44", "tasks": 1500, "visible_unique_passes": 0}
[transformers] Both `min_new_tokens` (=0) and `min_length`(=0) seem to have been set. `min_new_tokens` will take precedence. Please refer to the documentation for more information. (https://huggingface.co/docs/transformers/main/en/main_classes/text_generation)
{"accepted": false, "accepted_total": 23, "task": 1002, "task_id": "sigless_29c0300b3024", "tasks": 1500, "visible_unique_passes": 0}
[transformers] Both `min_new_tokens` (=0) and `min_length`(=0) seem to have been set. `min_new_tokens` will take precedence. Please refer to the documentation for more information. (https://huggingface.co/docs/transformers/main/en/main_classes/text_generation)
{"accepted": false, "accepted_total": 23, "task": 1003, "task_id": "sigless_d4a66305fe7c", "tasks": 1500, "visible_unique_passes": 0}
[transformers] Both `min_new_tokens` (=0) and `min_length`(=0) seem to have been set. `min_new_tokens` will take precedence. Please refer to the documentation for more information. (https://huggingface.co/docs/transformers/main/en/main_classes/text_generation)
{"accepted": false, "accepted_total": 23, "task": 1004, "task_id": "fresh-eval-ab31f6afe96a", "tasks": 1500, "visible_unique_passes": 0}
[transformers] Both `min_new_tokens` (=0) and `min_length`(=0) seem to have been set. `min_new_tokens` will take precedence. Please refer to the documentation for more information. (https://huggingface.co/docs/transformers/main/en/main_classes/text_generation)
{"accepted": false, "accepted_total": 23, "task": 1005, "task_id": "fresh-eval-08bf39a82ded", "tasks": 1500, "visible_unique_passes": 0}
[transformers] Both `min_new_tokens` (=0) and `min_length`(=0) seem to have been set. `min_new_tokens` will take precedence. Please refer to the documentation for more information. (https://huggingface.co/docs/transformers/main/en/main_classes/text_generation)
{"accepted": false, "accepted_total": 23, "task": 1006, "task_id": "sigless_c3def4af1815", "tasks": 1500, "visible_unique_passes": 0}
[transformers] Both `min_new_tokens` (=0) and `min_length`(=0) seem to have been set. `min_new_tokens` will take precedence. Please refer to the documentation for more information. (https://huggingface.co/docs/transformers/main/en/main_classes/text_generation)
{"accepted": false, "accepted_total": 23, "task": 1007, "task_id": "sigless_4465ff991c91", "tasks": 1500, "visible_unique_passes": 0}
[transformers] Both `min_new_tokens` (=0) and `min_length`(=0) seem to have been set. `min_new_tokens` will take precedence. Please refer to the documentation for more information. (https://huggingface.co/docs/transformers/main/en/main_classes/text_generation)
{"accepted": false, "accepted_total": 23, "task": 1008, "task_id": "sigless_f676fc25c581", "tasks": 1500, "visible_unique_passes": 0}
[transformers] Both `min_new_tokens` (=0) and `min_length`(=0) seem to have been set. `min_new_tokens` will take precedence. Please refer to the documentation for more information. (https://huggingface.co/docs/transformers/main/en/main_classes/text_generation)
{"accepted": false, "accepted_total": 23, "task": 1009, "task_id": "fresh-eval-d1c2e51de8bd", "tasks": 1500, "visible_unique_passes": 0}
[transformers] Both `min_new_tokens` (=0) and `min_length`(=0) seem to have been set. `min_new_tokens` will take precedence. Please refer to the documentation for more information. (https://huggingface.co/docs/transformers/main/en/main_classes/text_generation)
{"accepted": false, "accepted_total": 23, "task": 1010, "task_id": "fresh-eval-e7eef461c7e0", "tasks": 1500, "visible_unique_passes": 0}
[transformers] Both `min_new_tokens` (=0) and `min_length`(=0) seem to have been set. `min_new_tokens` will take precedence. Please refer to the documentation for more information. (https://huggingface.co/docs/transformers/main/en/main_classes/text_generation)
{"accepted": false, "accepted_total": 23, "task": 1011, "task_id": "sigless_8a0bed8a5864", "tasks": 1500, "visible_unique_passes": 0}
[transformers] Both `min_new_tokens` (=0) and `min_length`(=0) seem to have been set. `min_new_tokens` will take precedence. Please refer to the documentation for more information. (https://huggingface.co/docs/transformers/main/en/main_classes/text_generation)
{"accepted": false, "accepted_total": 23, "task": 1012, "task_id": "fresh-eval-a835c400d2aa", "tasks": 1500, "visible_unique_passes": 0}
[transformers] Both `min_new_tokens` (=0) and `min_length`(=0) seem to have been set. `min_new_tokens` will take precedence. Please refer to the documentation for more information. (https://huggingface.co/docs/transformers/main/en/main_classes/text_generation)
{"accepted": false, "accepted_total": 23, "task": 1013, "task_id": "sigless_7542fe6a2fa5", "tasks": 1500, "visible_unique_passes": 0}
[transformers] Both `min_new_tokens` (=0) and `min_length`(=0) seem to have been set. `min_new_tokens` will take precedence. Please refer to the documentation for more information. (https://huggingface.co/docs/transformers/main/en/main_classes/text_generation)
{"accepted": false, "accepted_total": 23, "task": 1014, "task_id": "sigless_4389d86f1a06", "tasks": 1500, "visible_unique_passes": 0}
[transformers] Both `min_new_tokens` (=0) and `min_length`(=0) seem to have been set. `min_new_tokens` will take precedence. Please refer to the documentation for more information. (https://huggingface.co/docs/transformers/main/en/main_classes/text_generation)
{"accepted": false, "accepted_total": 23, "task": 1015, "task_id": "fresh-eval-b8f528c16140", "tasks": 1500, "visible_unique_passes": 0}
[transformers] Both `min_new_tokens` (=0) and `min_length`(=0) seem to have been set. `min_new_tokens` will take precedence. Please refer to the documentation for more information. (https://huggingface.co/docs/transformers/main/en/main_classes/text_generation)
{"accepted": false, "accepted_total": 23, "task": 1016, "task_id": "sigless_e83a20b1cd4f", "tasks": 1500, "visible_unique_passes": 0}
[transformers] Both `min_new_tokens` (=0) and `min_length`(=0) seem to have been set. `min_new_tokens` will take precedence. Please refer to the documentation for more information. (https://huggingface.co/docs/transformers/main/en/main_classes/text_generation)
{"accepted": false, "accepted_total": 23, "task": 1017, "task_id": "fresh-eval-6cff098a3266", "tasks": 1500, "visible_unique_passes": 0}
[transformers] Both `min_new_tokens` (=0) and `min_length`(=0) seem to have been set. `min_new_tokens` will take precedence. Please refer to the documentation for more information. (https://huggingface.co/docs/transformers/main/en/main_classes/text_generation)
{"accepted": false, "accepted_total": 23, "task": 1018, "task_id": "sigless_dfea8dc82122", "tasks": 1500, "visible_unique_passes": 1}
[transformers] Both `min_new_tokens` (=0) and `min_length`(=0) seem to have been set. `min_new_tokens` will take precedence. Please refer to the documentation for more information. (https://huggingface.co/docs/transformers/main/en/main_classes/text_generation)
{"accepted": false, "accepted_total": 23, "task": 1019, "task_id": "fresh-eval-1e1ae3eb3b78", "tasks": 1500, "visible_unique_passes": 0}
[transformers] Both `min_new_tokens` (=0) and `min_length`(=0) seem to have been set. `min_new_tokens` will take precedence. Please refer to the documentation for more information. (https://huggingface.co/docs/transformers/main/en/main_classes/text_generation)
{"accepted": false, "accepted_total": 23, "task": 1020, "task_id": "fresh-eval-3186795c815d", "tasks": 1500, "visible_unique_passes": 0}
[transformers] Both `min_new_tokens` (=0) and `min_length`(=0) seem to have been set. `min_new_tokens` will take precedence. Please refer to the documentation for more information. (https://huggingface.co/docs/transformers/main/en/main_classes/text_generation)
{"accepted": false, "accepted_total": 23, "task": 1021, "task_id": "fresh-eval-2971e19c7e8c", "tasks": 1500, "visible_unique_passes": 0}
[transformers] Both `min_new_tokens` (=0) and `min_length`(=0) seem to have been set. `min_new_tokens` will take precedence. Please refer to the documentation for more information. (https://huggingface.co/docs/transformers/main/en/main_classes/text_generation)
{"accepted": false, "accepted_total": 23, "task": 1022, "task_id": "sigless_e8f38b9c25e7", "tasks": 1500, "visible_unique_passes": 0}
[transformers] Both `min_new_tokens` (=0) and `min_length`(=0) seem to have been set. `min_new_tokens` will take precedence. Please refer to the documentation for more information. (https://huggingface.co/docs/transformers/main/en/main_classes/text_generation)
{"accepted": false, "accepted_total": 23, "task": 1023, "task_id": "sigless_16b9d860b264", "tasks": 1500, "visible_unique_passes": 0}
[transformers] Both `min_new_tokens` (=0) and `min_length`(=0) seem to have been set. `min_new_tokens` will take precedence. Please refer to the documentation for more information. (https://huggingface.co/docs/transformers/main/en/main_classes/text_generation)
{"accepted": true, "accepted_total": 24, "task": 1024, "task_id": "fresh-eval-a9f16ce4d29a", "tasks": 1500, "visible_unique_passes": 1}
[transformers] Both `min_new_tokens` (=0) and `min_length`(=0) seem to have been set. `min_new_tokens` will take precedence. Please refer to the documentation for more information. (https://huggingface.co/docs/transformers/main/en/main_classes/text_generation)
{"accepted": false, "accepted_total": 24, "task": 1025, "task_id": "sigless_b4ffa3e03e0f", "tasks": 1500, "visible_unique_passes": 0}
[transformers] Both `min_new_tokens` (=0) and `min_length`(=0) seem to have been set. `min_new_tokens` will take precedence. Please refer to the documentation for more information. (https://huggingface.co/docs/transformers/main/en/main_classes/text_generation)
{"accepted": false, "accepted_total": 24, "task": 1026, "task_id": "fresh-eval-3b459478db53", "tasks": 1500, "visible_unique_passes": 0}
[transformers] Both `min_new_tokens` (=0) and `min_length`(=0) seem to have been set. `min_new_tokens` will take precedence. Please refer to the documentation for more information. (https://huggingface.co/docs/transformers/main/en/main_classes/text_generation)
{"accepted": false, "accepted_total": 24, "task": 1027, "task_id": "fresh-eval-e5ad72f9a3e5", "tasks": 1500, "visible_unique_passes": 0}
[transformers] Both `min_new_tokens` (=0) and `min_length`(=0) seem to have been set. `min_new_tokens` will take precedence. Please refer to the documentation for more information. (https://huggingface.co/docs/transformers/main/en/main_classes/text_generation)
{"accepted": false, "accepted_total": 24, "task": 1028, "task_id": "sigless_cb63b0b71548", "tasks": 1500, "visible_unique_passes": 0}
[transformers] Both `min_new_tokens` (=0) and `min_length`(=0) seem to have been set. `min_new_tokens` will take precedence. Please refer to the documentation for more information. (https://huggingface.co/docs/transformers/main/en/main_classes/text_generation)
{"accepted": false, "accepted_total": 24, "task": 1029, "task_id": "fresh-eval-1920896238c3", "tasks": 1500, "visible_unique_passes": 0}
[transformers] Both `min_new_tokens` (=0) and `min_length`(=0) seem to have been set. `min_new_tokens` will take precedence. Please refer to the documentation for more information. (https://huggingface.co/docs/transformers/main/en/main_classes/text_generation)
{"accepted": false, "accepted_total": 24, "task": 1030, "task_id": "fresh-eval-d183d265e544", "tasks": 1500, "visible_unique_passes": 0}
[transformers] Both `min_new_tokens` (=0) and `min_length`(=0) seem to have been set. `min_new_tokens` will take precedence. Please refer to the documentation for more information. (https://huggingface.co/docs/transformers/main/en/main_classes/text_generation)
{"accepted": false, "accepted_total": 24, "task": 1031, "task_id": "sigless_1fd051e0f5ac", "tasks": 1500, "visible_unique_passes": 0}
[transformers] Both `min_new_tokens` (=0) and `min_length`(=0) seem to have been set. `min_new_tokens` will take precedence. Please refer to the documentation for more information. (https://huggingface.co/docs/transformers/main/en/main_classes/text_generation)
{"accepted": false, "accepted_total": 24, "task": 1032, "task_id": "sigless_a8f165178aba", "tasks": 1500, "visible_unique_passes": 0}
[transformers] Both `min_new_tokens` (=0) and `min_length`(=0) seem to have been set. `min_new_tokens` will take precedence. Please refer to the documentation for more information. (https://huggingface.co/docs/transformers/main/en/main_classes/text_generation)
{"accepted": false, "accepted_total": 24, "task": 1033, "task_id": "sigless_ed7256f89583", "tasks": 1500, "visible_unique_passes": 0}
[transformers] Both `min_new_tokens` (=0) and `min_length`(=0) seem to have been set. `min_new_tokens` will take precedence. Please refer to the documentation for more information. (https://huggingface.co/docs/transformers/main/en/main_classes/text_generation)
{"accepted": false, "accepted_total": 24, "task": 1034, "task_id": "sigless_eaf36c4da84c", "tasks": 1500, "visible_unique_passes": 0}
[transformers] Both `min_new_tokens` (=0) and `min_length`(=0) seem to have been set. `min_new_tokens` will take precedence. Please refer to the documentation for more information. (https://huggingface.co/docs/transformers/main/en/main_classes/text_generation)
{"accepted": false, "accepted_total": 24, "task": 1035, "task_id": "sigless_7637e7c8713e", "tasks": 1500, "visible_unique_passes": 0}
[transformers] Both `min_new_tokens` (=0) and `min_length`(=0) seem to have been set. `min_new_tokens` will take precedence. Please refer to the documentation for more information. (https://huggingface.co/docs/transformers/main/en/main_classes/text_generation)
{"accepted": true, "accepted_total": 25, "task": 1036, "task_id": "sigless_e26294bc2c2d", "tasks": 1500, "visible_unique_passes": 1}
[transformers] Both `min_new_tokens` (=0) and `min_length`(=0) seem to have been set. `min_new_tokens` will take precedence. Please refer to the documentation for more information. (https://huggingface.co/docs/transformers/main/en/main_classes/text_generation)
{"accepted": false, "accepted_total": 25, "task": 1037, "task_id": "sigless_785b38ff1492", "tasks": 1500, "visible_unique_passes": 0}
[transformers] Both `min_new_tokens` (=0) and `min_length`(=0) seem to have been set. `min_new_tokens` will take precedence. Please refer to the documentation for more information. (https://huggingface.co/docs/transformers/main/en/main_classes/text_generation)
{"accepted": false, "accepted_total": 25, "task": 1038, "task_id": "fresh-eval-95ad9e90cfda", "tasks": 1500, "visible_unique_passes": 0}
[transformers] Both `min_new_tokens` (=0) and `min_length`(=0) seem to have been set. `min_new_tokens` will take precedence. Please refer to the documentation for more information. (https://huggingface.co/docs/transformers/main/en/main_classes/text_generation)
{"accepted": false, "accepted_total": 25, "task": 1039, "task_id": "sigless_739912711571", "tasks": 1500, "visible_unique_passes": 0}
[transformers] Both `min_new_tokens` (=0) and `min_length`(=0) seem to have been set. `min_new_tokens` will take precedence. Please refer to the documentation for more information. (https://huggingface.co/docs/transformers/main/en/main_classes/text_generation)
{"accepted": false, "accepted_total": 25, "task": 1040, "task_id": "sigless_53d416d828df", "tasks": 1500, "visible_unique_passes": 0}
[transformers] Both `min_new_tokens` (=0) and `min_length`(=0) seem to have been set. `min_new_tokens` will take precedence. Please refer to the documentation for more information. (https://huggingface.co/docs/transformers/main/en/main_classes/text_generation)
{"accepted": false, "accepted_total": 25, "task": 1041, "task_id": "fresh-eval-40c8376b636a", "tasks": 1500, "visible_unique_passes": 0}
[transformers] Both `min_new_tokens` (=0) and `min_length`(=0) seem to have been set. `min_new_tokens` will take precedence. Please refer to the documentation for more information. (https://huggingface.co/docs/transformers/main/en/main_classes/text_generation)
{"accepted": false, "accepted_total": 25, "task": 1042, "task_id": "fresh-eval-b5a13aecbb19", "tasks": 1500, "visible_unique_passes": 0}
[transformers] Both `min_new_tokens` (=0) and `min_length`(=0) seem to have been set. `min_new_tokens` will take precedence. Please refer to the documentation for more information. (https://huggingface.co/docs/transformers/main/en/main_classes/text_generation)
{"accepted": false, "accepted_total": 25, "task": 1043, "task_id": "sigless_a43368a20420", "tasks": 1500, "visible_unique_passes": 0}
[transformers] Both `min_new_tokens` (=0) and `min_length`(=0) seem to have been set. `min_new_tokens` will take precedence. Please refer to the documentation for more information. (https://huggingface.co/docs/transformers/main/en/main_classes/text_generation)
{"accepted": false, "accepted_total": 25, "task": 1044, "task_id": "fresh-eval-399dbd912db4", "tasks": 1500, "visible_unique_passes": 0}
[transformers] Both `min_new_tokens` (=0) and `min_length`(=0) seem to have been set. `min_new_tokens` will take precedence. Please refer to the documentation for more information. (https://huggingface.co/docs/transformers/main/en/main_classes/text_generation)
{"accepted": true, "accepted_total": 26, "task": 1045, "task_id": "fresh-eval-bc0f3b9a1239", "tasks": 1500, "visible_unique_passes": 1}
[transformers] Both `min_new_tokens` (=0) and `min_length`(=0) seem to have been set. `min_new_tokens` will take precedence. Please refer to the documentation for more information. (https://huggingface.co/docs/transformers/main/en/main_classes/text_generation)
{"accepted": false, "accepted_total": 26, "task": 1046, "task_id": "sigless_af2f78147ca0", "tasks": 1500, "visible_unique_passes": 0}
[transformers] Both `min_new_tokens` (=0) and `min_length`(=0) seem to have been set. `min_new_tokens` will take precedence. Please refer to the documentation for more information. (https://huggingface.co/docs/transformers/main/en/main_classes/text_generation)
{"accepted": false, "accepted_total": 26, "task": 1047, "task_id": "fresh-eval-458f24d9e0cf", "tasks": 1500, "visible_unique_passes": 0}
[transformers] Both `min_new_tokens` (=0) and `min_length`(=0) seem to have been set. `min_new_tokens` will take precedence. Please refer to the documentation for more information. (https://huggingface.co/docs/transformers/main/en/main_classes/text_generation)
{"accepted": false, "accepted_total": 26, "task": 1048, "task_id": "sigless_2bc74dda6db2", "tasks": 1500, "visible_unique_passes": 0}
[transformers] Both `min_new_tokens` (=0) and `min_length`(=0) seem to have been set. `min_new_tokens` will take precedence. Please refer to the documentation for more information. (https://huggingface.co/docs/transformers/main/en/main_classes/text_generation)
{"accepted": false, "accepted_total": 26, "task": 1049, "task_id": "sigless_462e769671a2", "tasks": 1500, "visible_unique_passes": 0}
[transformers] Both `min_new_tokens` (=0) and `min_length`(=0) seem to have been set. `min_new_tokens` will take precedence. Please refer to the documentation for more information. (https://huggingface.co/docs/transformers/main/en/main_classes/text_generation)
{"accepted": false, "accepted_total": 26, "task": 1050, "task_id": "sigless_33f29c427ad9", "tasks": 1500, "visible_unique_passes": 0}
[transformers] Both `min_new_tokens` (=0) and `min_length`(=0) seem to have been set. `min_new_tokens` will take precedence. Please refer to the documentation for more information. (https://huggingface.co/docs/transformers/main/en/main_classes/text_generation)
{"accepted": false, "accepted_total": 26, "task": 1051, "task_id": "sigless_6188f7cf59a7", "tasks": 1500, "visible_unique_passes": 0}
[transformers] Both `min_new_tokens` (=0) and `min_length`(=0) seem to have been set. `min_new_tokens` will take precedence. Please refer to the documentation for more information. (https://huggingface.co/docs/transformers/main/en/main_classes/text_generation)
{"accepted": false, "accepted_total": 26, "task": 1052, "task_id": "sigless_481b18472ebe", "tasks": 1500, "visible_unique_passes": 1}
[transformers] Both `min_new_tokens` (=0) and `min_length`(=0) seem to have been set. `min_new_tokens` will take precedence. Please refer to the documentation for more information. (https://huggingface.co/docs/transformers/main/en/main_classes/text_generation)
{"accepted": false, "accepted_total": 26, "task": 1053, "task_id": "fresh-eval-9d0a24d2bcb2", "tasks": 1500, "visible_unique_passes": 0}
[transformers] Both `min_new_tokens` (=0) and `min_length`(=0) seem to have been set. `min_new_tokens` will take precedence. Please refer to the documentation for more information. (https://huggingface.co/docs/transformers/main/en/main_classes/text_generation)
{"accepted": false, "accepted_total": 26, "task": 1054, "task_id": "sigless_85a267e95106", "tasks": 1500, "visible_unique_passes": 0}
[transformers] Both `min_new_tokens` (=0) and `min_length`(=0) seem to have been set. `min_new_tokens` will take precedence. Please refer to the documentation for more information. (https://huggingface.co/docs/transformers/main/en/main_classes/text_generation)
{"accepted": false, "accepted_total": 26, "task": 1055, "task_id": "sigless_21f8633750c2", "tasks": 1500, "visible_unique_passes": 0}
[transformers] Both `min_new_tokens` (=0) and `min_length`(=0) seem to have been set. `min_new_tokens` will take precedence. Please refer to the documentation for more information. (https://huggingface.co/docs/transformers/main/en/main_classes/text_generation)
{"accepted": false, "accepted_total": 26, "task": 1056, "task_id": "sigless_bff3b049ffef", "tasks": 1500, "visible_unique_passes": 0}
[transformers] Both `min_new_tokens` (=0) and `min_length`(=0) seem to have been set. `min_new_tokens` will take precedence. Please refer to the documentation for more information. (https://huggingface.co/docs/transformers/main/en/main_classes/text_generation)
{"accepted": false, "accepted_total": 26, "task": 1057, "task_id": "fresh-eval-05d5dc4d637f", "tasks": 1500, "visible_unique_passes": 0}
[transformers] Both `min_new_tokens` (=0) and `min_length`(=0) seem to have been set. `min_new_tokens` will take precedence. Please refer to the documentation for more information. (https://huggingface.co/docs/transformers/main/en/main_classes/text_generation)
{"accepted": false, "accepted_total": 26, "task": 1058, "task_id": "sigless_6e0bd70568be", "tasks": 1500, "visible_unique_passes": 0}
[transformers] Both `min_new_tokens` (=0) and `min_length`(=0) seem to have been set. `min_new_tokens` will take precedence. Please refer to the documentation for more information. (https://huggingface.co/docs/transformers/main/en/main_classes/text_generation)
{"accepted": false, "accepted_total": 26, "task": 1059, "task_id": "sigless_8eec066b7e74", "tasks": 1500, "visible_unique_passes": 1}
[transformers] Both `min_new_tokens` (=0) and `min_length`(=0) seem to have been set. `min_new_tokens` will take precedence. Please refer to the documentation for more information. (https://huggingface.co/docs/transformers/main/en/main_classes/text_generation)
{"accepted": false, "accepted_total": 26, "task": 1060, "task_id": "sigless_698b437f73b6", "tasks": 1500, "visible_unique_passes": 0}
[transformers] Both `min_new_tokens` (=0) and `min_length`(=0) seem to have been set. `min_new_tokens` will take precedence. Please refer to the documentation for more information. (https://huggingface.co/docs/transformers/main/en/main_classes/text_generation)
{"accepted": false, "accepted_total": 26, "task": 1061, "task_id": "fresh-eval-7be88959ef90", "tasks": 1500, "visible_unique_passes": 0}
[transformers] Both `min_new_tokens` (=0) and `min_length`(=0) seem to have been set. `min_new_tokens` will take precedence. Please refer to the documentation for more information. (https://huggingface.co/docs/transformers/main/en/main_classes/text_generation)
{"accepted": false, "accepted_total": 26, "task": 1062, "task_id": "sigless_d4f1cb23bd7d", "tasks": 1500, "visible_unique_passes": 0}
[transformers] Both `min_new_tokens` (=0) and `min_length`(=0) seem to have been set. `min_new_tokens` will take precedence. Please refer to the documentation for more information. (https://huggingface.co/docs/transformers/main/en/main_classes/text_generation)
{"accepted": false, "accepted_total": 26, "task": 1063, "task_id": "fresh-eval-9451a700b482", "tasks": 1500, "visible_unique_passes": 0}
[transformers] Both `min_new_tokens` (=0) and `min_length`(=0) seem to have been set. `min_new_tokens` will take precedence. Please refer to the documentation for more information. (https://huggingface.co/docs/transformers/main/en/main_classes/text_generation)
{"accepted": false, "accepted_total": 26, "task": 1064, "task_id": "sigless_10d0bbe56b6e", "tasks": 1500, "visible_unique_passes": 0}
[transformers] Both `min_new_tokens` (=0) and `min_length`(=0) seem to have been set. `min_new_tokens` will take precedence. Please refer to the documentation for more information. (https://huggingface.co/docs/transformers/main/en/main_classes/text_generation)
{"accepted": false, "accepted_total": 26, "task": 1065, "task_id": "fresh-eval-7e5351713c65", "tasks": 1500, "visible_unique_passes": 0}
[transformers] Both `min_new_tokens` (=0) and `min_length`(=0) seem to have been set. `min_new_tokens` will take precedence. Please refer to the documentation for more information. (https://huggingface.co/docs/transformers/main/en/main_classes/text_generation)
{"accepted": false, "accepted_total": 26, "task": 1066, "task_id": "sigless_ceed4039dca5", "tasks": 1500, "visible_unique_passes": 0}
[transformers] Both `min_new_tokens` (=0) and `min_length`(=0) seem to have been set. `min_new_tokens` will take precedence. Please refer to the documentation for more information. (https://huggingface.co/docs/transformers/main/en/main_classes/text_generation)
{"accepted": false, "accepted_total": 26, "task": 1067, "task_id": "sigless_121875db1e91", "tasks": 1500, "visible_unique_passes": 0}
[transformers] Both `min_new_tokens` (=0) and `min_length`(=0) seem to have been set. `min_new_tokens` will take precedence. Please refer to the documentation for more information. (https://huggingface.co/docs/transformers/main/en/main_classes/text_generation)
{"accepted": false, "accepted_total": 26, "task": 1068, "task_id": "sigless_c3a7f8be934b", "tasks": 1500, "visible_unique_passes": 0}
[transformers] Both `min_new_tokens` (=0) and `min_length`(=0) seem to have been set. `min_new_tokens` will take precedence. Please refer to the documentation for more information. (https://huggingface.co/docs/transformers/main/en/main_classes/text_generation)
{"accepted": false, "accepted_total": 26, "task": 1069, "task_id": "fresh-eval-3e5a1287b4cc", "tasks": 1500, "visible_unique_passes": 0}
[transformers] Both `min_new_tokens` (=0) and `min_length`(=0) seem to have been set. `min_new_tokens` will take precedence. Please refer to the documentation for more information. (https://huggingface.co/docs/transformers/main/en/main_classes/text_generation)
{"accepted": false, "accepted_total": 26, "task": 1070, "task_id": "fresh-eval-30f09613b0bb", "tasks": 1500, "visible_unique_passes": 0}
[transformers] Both `min_new_tokens` (=0) and `min_length`(=0) seem to have been set. `min_new_tokens` will take precedence. Please refer to the documentation for more information. (https://huggingface.co/docs/transformers/main/en/main_classes/text_generation)
{"accepted": false, "accepted_total": 26, "task": 1071, "task_id": "sigless_dabb909b3720", "tasks": 1500, "visible_unique_passes": 0}
[transformers] Both `min_new_tokens` (=0) and `min_length`(=0) seem to have been set. `min_new_tokens` will take precedence. Please refer to the documentation for more information. (https://huggingface.co/docs/transformers/main/en/main_classes/text_generation)
{"accepted": false, "accepted_total": 26, "task": 1072, "task_id": "sigless_7b43e10e2d4d", "tasks": 1500, "visible_unique_passes": 0}
[transformers] Both `min_new_tokens` (=0) and `min_length`(=0) seem to have been set. `min_new_tokens` will take precedence. Please refer to the documentation for more information. (https://huggingface.co/docs/transformers/main/en/main_classes/text_generation)
{"accepted": false, "accepted_total": 26, "task": 1073, "task_id": "sigless_8e061c7e8ea8", "tasks": 1500, "visible_unique_passes": 0}
[transformers] Both `min_new_tokens` (=0) and `min_length`(=0) seem to have been set. `min_new_tokens` will take precedence. Please refer to the documentation for more information. (https://huggingface.co/docs/transformers/main/en/main_classes/text_generation)
{"accepted": false, "accepted_total": 26, "task": 1074, "task_id": "fresh-eval-df3ad1e3cae0", "tasks": 1500, "visible_unique_passes": 1}
[transformers] Both `min_new_tokens` (=0) and `min_length`(=0) seem to have been set. `min_new_tokens` will take precedence. Please refer to the documentation for more information. (https://huggingface.co/docs/transformers/main/en/main_classes/text_generation)
{"accepted": false, "accepted_total": 26, "task": 1075, "task_id": "sigless_64755b013416", "tasks": 1500, "visible_unique_passes": 0}
[transformers] Both `min_new_tokens` (=0) and `min_length`(=0) seem to have been set. `min_new_tokens` will take precedence. Please refer to the documentation for more information. (https://huggingface.co/docs/transformers/main/en/main_classes/text_generation)
{"accepted": false, "accepted_total": 26, "task": 1076, "task_id": "sigless_db90f7cc3196", "tasks": 1500, "visible_unique_passes": 0}
[transformers] Both `min_new_tokens` (=0) and `min_length`(=0) seem to have been set. `min_new_tokens` will take precedence. Please refer to the documentation for more information. (https://huggingface.co/docs/transformers/main/en/main_classes/text_generation)
{"accepted": false, "accepted_total": 26, "task": 1077, "task_id": "sigless_853fa1e3f650", "tasks": 1500, "visible_unique_passes": 0}
[transformers] Both `min_new_tokens` (=0) and `min_length`(=0) seem to have been set. `min_new_tokens` will take precedence. Please refer to the documentation for more information. (https://huggingface.co/docs/transformers/main/en/main_classes/text_generation)
{"accepted": false, "accepted_total": 26, "task": 1078, "task_id": "fresh-eval-0493e45ed745", "tasks": 1500, "visible_unique_passes": 0}
[transformers] Both `min_new_tokens` (=0) and `min_length`(=0) seem to have been set. `min_new_tokens` will take precedence. Please refer to the documentation for more information. (https://huggingface.co/docs/transformers/main/en/main_classes/text_generation)
{"accepted": false, "accepted_total": 26, "task": 1079, "task_id": "sigless_85b5bd6ca02c", "tasks": 1500, "visible_unique_passes": 0}
[transformers] Both `min_new_tokens` (=0) and `min_length`(=0) seem to have been set. `min_new_tokens` will take precedence. Please refer to the documentation for more information. (https://huggingface.co/docs/transformers/main/en/main_classes/text_generation)
{"accepted": false, "accepted_total": 26, "task": 1080, "task_id": "sigless_8910f8434e4e", "tasks": 1500, "visible_unique_passes": 0}
[transformers] Both `min_new_tokens` (=0) and `min_length`(=0) seem to have been set. `min_new_tokens` will take precedence. Please refer to the documentation for more information. (https://huggingface.co/docs/transformers/main/en/main_classes/text_generation)
{"accepted": false, "accepted_total": 26, "task": 1081, "task_id": "sigless_857807765dcc", "tasks": 1500, "visible_unique_passes": 0}
[transformers] Both `min_new_tokens` (=0) and `min_length`(=0) seem to have been set. `min_new_tokens` will take precedence. Please refer to the documentation for more information. (https://huggingface.co/docs/transformers/main/en/main_classes/text_generation)
{"accepted": false, "accepted_total": 26, "task": 1082, "task_id": "sigless_b32c0a1bc6b2", "tasks": 1500, "visible_unique_passes": 0}
[transformers] Both `min_new_tokens` (=0) and `min_length`(=0) seem to have been set. `min_new_tokens` will take precedence. Please refer to the documentation for more information. (https://huggingface.co/docs/transformers/main/en/main_classes/text_generation)
{"accepted": false, "accepted_total": 26, "task": 1083, "task_id": "sigless_e5b673ececc2", "tasks": 1500, "visible_unique_passes": 0}
[transformers] Both `min_new_tokens` (=0) and `min_length`(=0) seem to have been set. `min_new_tokens` will take precedence. Please refer to the documentation for more information. (https://huggingface.co/docs/transformers/main/en/main_classes/text_generation)
{"accepted": false, "accepted_total": 26, "task": 1084, "task_id": "sigless_6b2aa1ebbddb", "tasks": 1500, "visible_unique_passes": 0}
[transformers] Both `min_new_tokens` (=0) and `min_length`(=0) seem to have been set. `min_new_tokens` will take precedence. Please refer to the documentation for more information. (https://huggingface.co/docs/transformers/main/en/main_classes/text_generation)
{"accepted": false, "accepted_total": 26, "task": 1085, "task_id": "fresh-eval-628e548b4a1b", "tasks": 1500, "visible_unique_passes": 0}
[transformers] Both `min_new_tokens` (=0) and `min_length`(=0) seem to have been set. `min_new_tokens` will take precedence. Please refer to the documentation for more information. (https://huggingface.co/docs/transformers/main/en/main_classes/text_generation)
{"accepted": false, "accepted_total": 26, "task": 1086, "task_id": "sigless_0aaa883d754b", "tasks": 1500, "visible_unique_passes": 0}
[transformers] Both `min_new_tokens` (=0) and `min_length`(=0) seem to have been set. `min_new_tokens` will take precedence. Please refer to the documentation for more information. (https://huggingface.co/docs/transformers/main/en/main_classes/text_generation)
{"accepted": false, "accepted_total": 26, "task": 1087, "task_id": "sigless_d2214425fc35", "tasks": 1500, "visible_unique_passes": 0}
[transformers] Both `min_new_tokens` (=0) and `min_length`(=0) seem to have been set. `min_new_tokens` will take precedence. Please refer to the documentation for more information. (https://huggingface.co/docs/transformers/main/en/main_classes/text_generation)
{"accepted": false, "accepted_total": 26, "task": 1088, "task_id": "sigless_bb828c382a1b", "tasks": 1500, "visible_unique_passes": 0}
[transformers] Both `min_new_tokens` (=0) and `min_length`(=0) seem to have been set. `min_new_tokens` will take precedence. Please refer to the documentation for more information. (https://huggingface.co/docs/transformers/main/en/main_classes/text_generation)
{"accepted": false, "accepted_total": 26, "task": 1089, "task_id": "sigless_af41f65d49ad", "tasks": 1500, "visible_unique_passes": 0}
[transformers] Both `min_new_tokens` (=0) and `min_length`(=0) seem to have been set. `min_new_tokens` will take precedence. Please refer to the documentation for more information. (https://huggingface.co/docs/transformers/main/en/main_classes/text_generation)
{"accepted": false, "accepted_total": 26, "task": 1090, "task_id": "sigless_788de340e1f0", "tasks": 1500, "visible_unique_passes": 0}
[transformers] Both `min_new_tokens` (=0) and `min_length`(=0) seem to have been set. `min_new_tokens` will take precedence. Please refer to the documentation for more information. (https://huggingface.co/docs/transformers/main/en/main_classes/text_generation)
{"accepted": false, "accepted_total": 26, "task": 1091, "task_id": "sigless_bdb84057030a", "tasks": 1500, "visible_unique_passes": 0}
[transformers] Both `min_new_tokens` (=0) and `min_length`(=0) seem to have been set. `min_new_tokens` will take precedence. Please refer to the documentation for more information. (https://huggingface.co/docs/transformers/main/en/main_classes/text_generation)
{"accepted": false, "accepted_total": 26, "task": 1092, "task_id": "fresh-eval-113fc6793a61", "tasks": 1500, "visible_unique_passes": 0}
[transformers] Both `min_new_tokens` (=0) and `min_length`(=0) seem to have been set. `min_new_tokens` will take precedence. Please refer to the documentation for more information. (https://huggingface.co/docs/transformers/main/en/main_classes/text_generation)
{"accepted": false, "accepted_total": 26, "task": 1093, "task_id": "sigless_0b19a9a5c674", "tasks": 1500, "visible_unique_passes": 0}
[transformers] Both `min_new_tokens` (=0) and `min_length`(=0) seem to have been set. `min_new_tokens` will take precedence. Please refer to the documentation for more information. (https://huggingface.co/docs/transformers/main/en/main_classes/text_generation)
{"accepted": false, "accepted_total": 26, "task": 1094, "task_id": "fresh-eval-3f0e54f09098", "tasks": 1500, "visible_unique_passes": 0}
[transformers] Both `min_new_tokens` (=0) and `min_length`(=0) seem to have been set. `min_new_tokens` will take precedence. Please refer to the documentation for more information. (https://huggingface.co/docs/transformers/main/en/main_classes/text_generation)
{"accepted": false, "accepted_total": 26, "task": 1095, "task_id": "sigless_f9f3693c0515", "tasks": 1500, "visible_unique_passes": 0}
[transformers] Both `min_new_tokens` (=0) and `min_length`(=0) seem to have been set. `min_new_tokens` will take precedence. Please refer to the documentation for more information. (https://huggingface.co/docs/transformers/main/en/main_classes/text_generation)
{"accepted": false, "accepted_total": 26, "task": 1096, "task_id": "fresh-eval-44712dc740fc", "tasks": 1500, "visible_unique_passes": 0}
[transformers] Both `min_new_tokens` (=0) and `min_length`(=0) seem to have been set. `min_new_tokens` will take precedence. Please refer to the documentation for more information. (https://huggingface.co/docs/transformers/main/en/main_classes/text_generation)
{"accepted": false, "accepted_total": 26, "task": 1097, "task_id": "fresh-eval-61b2118b7444", "tasks": 1500, "visible_unique_passes": 0}
[transformers] Both `min_new_tokens` (=0) and `min_length`(=0) seem to have been set. `min_new_tokens` will take precedence. Please refer to the documentation for more information. (https://huggingface.co/docs/transformers/main/en/main_classes/text_generation)
{"accepted": false, "accepted_total": 26, "task": 1098, "task_id": "fresh-eval-8296572a2f1b", "tasks": 1500, "visible_unique_passes": 0}
[transformers] Both `min_new_tokens` (=0) and `min_length`(=0) seem to have been set. `min_new_tokens` will take precedence. Please refer to the documentation for more information. (https://huggingface.co/docs/transformers/main/en/main_classes/text_generation)
{"accepted": false, "accepted_total": 26, "task": 1099, "task_id": "sigless_e45852ef8453", "tasks": 1500, "visible_unique_passes": 0}
[transformers] Both `min_new_tokens` (=0) and `min_length`(=0) seem to have been set. `min_new_tokens` will take precedence. Please refer to the documentation for more information. (https://huggingface.co/docs/transformers/main/en/main_classes/text_generation)
{"accepted": false, "accepted_total": 26, "task": 1100, "task_id": "fresh-eval-2affc07002ff", "tasks": 1500, "visible_unique_passes": 0}
[transformers] Both `min_new_tokens` (=0) and `min_length`(=0) seem to have been set. `min_new_tokens` will take precedence. Please refer to the documentation for more information. (https://huggingface.co/docs/transformers/main/en/main_classes/text_generation)
{"accepted": false, "accepted_total": 26, "task": 1101, "task_id": "fresh-eval-ca15c804d85c", "tasks": 1500, "visible_unique_passes": 0}
[transformers] Both `min_new_tokens` (=0) and `min_length`(=0) seem to have been set. `min_new_tokens` will take precedence. Please refer to the documentation for more information. (https://huggingface.co/docs/transformers/main/en/main_classes/text_generation)
{"accepted": false, "accepted_total": 26, "task": 1102, "task_id": "sigless_462653facfc9", "tasks": 1500, "visible_unique_passes": 0}
[transformers] Both `min_new_tokens` (=0) and `min_length`(=0) seem to have been set. `min_new_tokens` will take precedence. Please refer to the documentation for more information. (https://huggingface.co/docs/transformers/main/en/main_classes/text_generation)
{"accepted": false, "accepted_total": 26, "task": 1103, "task_id": "sigless_0a7b1fba4992", "tasks": 1500, "visible_unique_passes": 0}
[transformers] Both `min_new_tokens` (=0) and `min_length`(=0) seem to have been set. `min_new_tokens` will take precedence. Please refer to the documentation for more information. (https://huggingface.co/docs/transformers/main/en/main_classes/text_generation)
{"accepted": false, "accepted_total": 26, "task": 1104, "task_id": "sigless_d17d50df7f1f", "tasks": 1500, "visible_unique_passes": 0}
[transformers] Both `min_new_tokens` (=0) and `min_length`(=0) seem to have been set. `min_new_tokens` will take precedence. Please refer to the documentation for more information. (https://huggingface.co/docs/transformers/main/en/main_classes/text_generation)
{"accepted": false, "accepted_total": 26, "task": 1105, "task_id": "sigless_5dd07b42bd8f", "tasks": 1500, "visible_unique_passes": 0}
[transformers] Both `min_new_tokens` (=0) and `min_length`(=0) seem to have been set. `min_new_tokens` will take precedence. Please refer to the documentation for more information. (https://huggingface.co/docs/transformers/main/en/main_classes/text_generation)
{"accepted": false, "accepted_total": 26, "task": 1106, "task_id": "sigless_bb5f7d1fed6b", "tasks": 1500, "visible_unique_passes": 0}
[transformers] Both `min_new_tokens` (=0) and `min_length`(=0) seem to have been set. `min_new_tokens` will take precedence. Please refer to the documentation for more information. (https://huggingface.co/docs/transformers/main/en/main_classes/text_generation)
{"accepted": false, "accepted_total": 26, "task": 1107, "task_id": "sigless_ed327194c61b", "tasks": 1500, "visible_unique_passes": 0}
[transformers] Both `min_new_tokens` (=0) and `min_length`(=0) seem to have been set. `min_new_tokens` will take precedence. Please refer to the documentation for more information. (https://huggingface.co/docs/transformers/main/en/main_classes/text_generation)
{"accepted": true, "accepted_total": 27, "task": 1108, "task_id": "sigless_e2c8421e02ac", "tasks": 1500, "visible_unique_passes": 1}
[transformers] Both `min_new_tokens` (=0) and `min_length`(=0) seem to have been set. `min_new_tokens` will take precedence. Please refer to the documentation for more information. (https://huggingface.co/docs/transformers/main/en/main_classes/text_generation)
{"accepted": false, "accepted_total": 27, "task": 1109, "task_id": "sigless_793d53edeafd", "tasks": 1500, "visible_unique_passes": 0}
[transformers] Both `min_new_tokens` (=0) and `min_length`(=0) seem to have been set. `min_new_tokens` will take precedence. Please refer to the documentation for more information. (https://huggingface.co/docs/transformers/main/en/main_classes/text_generation)
{"accepted": false, "accepted_total": 27, "task": 1110, "task_id": "fresh-eval-ca89c64e43ba", "tasks": 1500, "visible_unique_passes": 0}
[transformers] Both `min_new_tokens` (=0) and `min_length`(=0) seem to have been set. `min_new_tokens` will take precedence. Please refer to the documentation for more information. (https://huggingface.co/docs/transformers/main/en/main_classes/text_generation)
{"accepted": false, "accepted_total": 27, "task": 1111, "task_id": "fresh-eval-4008c7e7f49c", "tasks": 1500, "visible_unique_passes": 0}
[transformers] Both `min_new_tokens` (=0) and `min_length`(=0) seem to have been set. `min_new_tokens` will take precedence. Please refer to the documentation for more information. (https://huggingface.co/docs/transformers/main/en/main_classes/text_generation)
{"accepted": false, "accepted_total": 27, "task": 1112, "task_id": "sigless_2f1564fd2a46", "tasks": 1500, "visible_unique_passes": 0}
[transformers] Both `min_new_tokens` (=0) and `min_length`(=0) seem to have been set. `min_new_tokens` will take precedence. Please refer to the documentation for more information. (https://huggingface.co/docs/transformers/main/en/main_classes/text_generation)
{"accepted": false, "accepted_total": 27, "task": 1113, "task_id": "fresh-eval-31dbb22dc641", "tasks": 1500, "visible_unique_passes": 0}
[transformers] Both `min_new_tokens` (=0) and `min_length`(=0) seem to have been set. `min_new_tokens` will take precedence. Please refer to the documentation for more information. (https://huggingface.co/docs/transformers/main/en/main_classes/text_generation)
{"accepted": false, "accepted_total": 27, "task": 1114, "task_id": "sigless_c5b0fac01604", "tasks": 1500, "visible_unique_passes": 0}
[transformers] Both `min_new_tokens` (=0) and `min_length`(=0) seem to have been set. `min_new_tokens` will take precedence. Please refer to the documentation for more information. (https://huggingface.co/docs/transformers/main/en/main_classes/text_generation)
{"accepted": false, "accepted_total": 27, "task": 1115, "task_id": "sigless_68e70b6e3ee0", "tasks": 1500, "visible_unique_passes": 0}
[transformers] Both `min_new_tokens` (=0) and `min_length`(=0) seem to have been set. `min_new_tokens` will take precedence. Please refer to the documentation for more information. (https://huggingface.co/docs/transformers/main/en/main_classes/text_generation)
{"accepted": false, "accepted_total": 27, "task": 1116, "task_id": "fresh-eval-dccfdd3e464c", "tasks": 1500, "visible_unique_passes": 0}
[transformers] Both `min_new_tokens` (=0) and `min_length`(=0) seem to have been set. `min_new_tokens` will take precedence. Please refer to the documentation for more information. (https://huggingface.co/docs/transformers/main/en/main_classes/text_generation)
{"accepted": false, "accepted_total": 27, "task": 1117, "task_id": "sigless_b4ccbe68e85e", "tasks": 1500, "visible_unique_passes": 0}
[transformers] Both `min_new_tokens` (=0) and `min_length`(=0) seem to have been set. `min_new_tokens` will take precedence. Please refer to the documentation for more information. (https://huggingface.co/docs/transformers/main/en/main_classes/text_generation)
{"accepted": false, "accepted_total": 27, "task": 1118, "task_id": "sigless_232632332b90", "tasks": 1500, "visible_unique_passes": 0}
[transformers] Both `min_new_tokens` (=0) and `min_length`(=0) seem to have been set. `min_new_tokens` will take precedence. Please refer to the documentation for more information. (https://huggingface.co/docs/transformers/main/en/main_classes/text_generation)
{"accepted": false, "accepted_total": 27, "task": 1119, "task_id": "sigless_f1f876558a71", "tasks": 1500, "visible_unique_passes": 0}
[transformers] Both `min_new_tokens` (=0) and `min_length`(=0) seem to have been set. `min_new_tokens` will take precedence. Please refer to the documentation for more information. (https://huggingface.co/docs/transformers/main/en/main_classes/text_generation)
{"accepted": false, "accepted_total": 27, "task": 1120, "task_id": "fresh-eval-4b22efc9b672", "tasks": 1500, "visible_unique_passes": 0}
[transformers] Both `min_new_tokens` (=0) and `min_length`(=0) seem to have been set. `min_new_tokens` will take precedence. Please refer to the documentation for more information. (https://huggingface.co/docs/transformers/main/en/main_classes/text_generation)
{"accepted": false, "accepted_total": 27, "task": 1121, "task_id": "fresh-eval-39e00cf2632a", "tasks": 1500, "visible_unique_passes": 0}
[transformers] Both `min_new_tokens` (=0) and `min_length`(=0) seem to have been set. `min_new_tokens` will take precedence. Please refer to the documentation for more information. (https://huggingface.co/docs/transformers/main/en/main_classes/text_generation)
{"accepted": false, "accepted_total": 27, "task": 1122, "task_id": "sigless_af88065cd8fc", "tasks": 1500, "visible_unique_passes": 1}
[transformers] Both `min_new_tokens` (=0) and `min_length`(=0) seem to have been set. `min_new_tokens` will take precedence. Please refer to the documentation for more information. (https://huggingface.co/docs/transformers/main/en/main_classes/text_generation)
{"accepted": false, "accepted_total": 27, "task": 1123, "task_id": "sigless_67de1f9e5055", "tasks": 1500, "visible_unique_passes": 0}
[transformers] Both `min_new_tokens` (=0) and `min_length`(=0) seem to have been set. `min_new_tokens` will take precedence. Please refer to the documentation for more information. (https://huggingface.co/docs/transformers/main/en/main_classes/text_generation)
{"accepted": false, "accepted_total": 27, "task": 1124, "task_id": "fresh-eval-b5ba978e0218", "tasks": 1500, "visible_unique_passes": 0}
[transformers] Both `min_new_tokens` (=0) and `min_length`(=0) seem to have been set. `min_new_tokens` will take precedence. Please refer to the documentation for more information. (https://huggingface.co/docs/transformers/main/en/main_classes/text_generation)
{"accepted": false, "accepted_total": 27, "task": 1125, "task_id": "fresh-eval-b19278493dd5", "tasks": 1500, "visible_unique_passes": 0}
[transformers] Both `min_new_tokens` (=0) and `min_length`(=0) seem to have been set. `min_new_tokens` will take precedence. Please refer to the documentation for more information. (https://huggingface.co/docs/transformers/main/en/main_classes/text_generation)
{"accepted": false, "accepted_total": 27, "task": 1126, "task_id": "fresh-eval-bfaf67596435", "tasks": 1500, "visible_unique_passes": 0}
[transformers] Both `min_new_tokens` (=0) and `min_length`(=0) seem to have been set. `min_new_tokens` will take precedence. Please refer to the documentation for more information. (https://huggingface.co/docs/transformers/main/en/main_classes/text_generation)
{"accepted": false, "accepted_total": 27, "task": 1127, "task_id": "sigless_a5f75d3edeb2", "tasks": 1500, "visible_unique_passes": 0}
[transformers] Both `min_new_tokens` (=0) and `min_length`(=0) seem to have been set. `min_new_tokens` will take precedence. Please refer to the documentation for more information. (https://huggingface.co/docs/transformers/main/en/main_classes/text_generation)
{"accepted": false, "accepted_total": 27, "task": 1128, "task_id": "fresh-eval-8eea036b08a0", "tasks": 1500, "visible_unique_passes": 0}
[transformers] Both `min_new_tokens` (=0) and `min_length`(=0) seem to have been set. `min_new_tokens` will take precedence. Please refer to the documentation for more information. (https://huggingface.co/docs/transformers/main/en/main_classes/text_generation)
{"accepted": false, "accepted_total": 27, "task": 1129, "task_id": "fresh-eval-3303b79a7c15", "tasks": 1500, "visible_unique_passes": 0}
[transformers] Both `min_new_tokens` (=0) and `min_length`(=0) seem to have been set. `min_new_tokens` will take precedence. Please refer to the documentation for more information. (https://huggingface.co/docs/transformers/main/en/main_classes/text_generation)
{"accepted": false, "accepted_total": 27, "task": 1130, "task_id": "fresh-eval-b468b415147b", "tasks": 1500, "visible_unique_passes": 0}
[transformers] Both `min_new_tokens` (=0) and `min_length`(=0) seem to have been set. `min_new_tokens` will take precedence. Please refer to the documentation for more information. (https://huggingface.co/docs/transformers/main/en/main_classes/text_generation)
{"accepted": false, "accepted_total": 27, "task": 1131, "task_id": "fresh-eval-407a8ec6122c", "tasks": 1500, "visible_unique_passes": 0}
[transformers] Both `min_new_tokens` (=0) and `min_length`(=0) seem to have been set. `min_new_tokens` will take precedence. Please refer to the documentation for more information. (https://huggingface.co/docs/transformers/main/en/main_classes/text_generation)
{"accepted": false, "accepted_total": 27, "task": 1132, "task_id": "sigless_3cc825c92fbb", "tasks": 1500, "visible_unique_passes": 0}
[transformers] Both `min_new_tokens` (=0) and `min_length`(=0) seem to have been set. `min_new_tokens` will take precedence. Please refer to the documentation for more information. (https://huggingface.co/docs/transformers/main/en/main_classes/text_generation)
{"accepted": false, "accepted_total": 27, "task": 1133, "task_id": "sigless_6b7c99340d51", "tasks": 1500, "visible_unique_passes": 0}
[transformers] Both `min_new_tokens` (=0) and `min_length`(=0) seem to have been set. `min_new_tokens` will take precedence. Please refer to the documentation for more information. (https://huggingface.co/docs/transformers/main/en/main_classes/text_generation)
{"accepted": false, "accepted_total": 27, "task": 1134, "task_id": "sigless_d6b6d42aed74", "tasks": 1500, "visible_unique_passes": 0}
[transformers] Both `min_new_tokens` (=0) and `min_length`(=0) seem to have been set. `min_new_tokens` will take precedence. Please refer to the documentation for more information. (https://huggingface.co/docs/transformers/main/en/main_classes/text_generation)
{"accepted": false, "accepted_total": 27, "task": 1135, "task_id": "sigless_67dc6a67e2fa", "tasks": 1500, "visible_unique_passes": 0}
[transformers] Both `min_new_tokens` (=0) and `min_length`(=0) seem to have been set. `min_new_tokens` will take precedence. Please refer to the documentation for more information. (https://huggingface.co/docs/transformers/main/en/main_classes/text_generation)
{"accepted": false, "accepted_total": 27, "task": 1136, "task_id": "sigless_750cbb2afc88", "tasks": 1500, "visible_unique_passes": 0}
[transformers] Both `min_new_tokens` (=0) and `min_length`(=0) seem to have been set. `min_new_tokens` will take precedence. Please refer to the documentation for more information. (https://huggingface.co/docs/transformers/main/en/main_classes/text_generation)
{"accepted": false, "accepted_total": 27, "task": 1137, "task_id": "sigless_560165a1604f", "tasks": 1500, "visible_unique_passes": 0}
[transformers] Both `min_new_tokens` (=0) and `min_length`(=0) seem to have been set. `min_new_tokens` will take precedence. Please refer to the documentation for more information. (https://huggingface.co/docs/transformers/main/en/main_classes/text_generation)
{"accepted": false, "accepted_total": 27, "task": 1138, "task_id": "sigless_4ce2c0558a79", "tasks": 1500, "visible_unique_passes": 0}
[transformers] Both `min_new_tokens` (=0) and `min_length`(=0) seem to have been set. `min_new_tokens` will take precedence. Please refer to the documentation for more information. (https://huggingface.co/docs/transformers/main/en/main_classes/text_generation)
{"accepted": false, "accepted_total": 27, "task": 1139, "task_id": "sigless_921a14a5f720", "tasks": 1500, "visible_unique_passes": 0}
[transformers] Both `min_new_tokens` (=0) and `min_length`(=0) seem to have been set. `min_new_tokens` will take precedence. Please refer to the documentation for more information. (https://huggingface.co/docs/transformers/main/en/main_classes/text_generation)
{"accepted": false, "accepted_total": 27, "task": 1140, "task_id": "sigless_c02e641d8e95", "tasks": 1500, "visible_unique_passes": 0}
[transformers] Both `min_new_tokens` (=0) and `min_length`(=0) seem to have been set. `min_new_tokens` will take precedence. Please refer to the documentation for more information. (https://huggingface.co/docs/transformers/main/en/main_classes/text_generation)
{"accepted": false, "accepted_total": 27, "task": 1141, "task_id": "fresh-eval-1af7b7a1837a", "tasks": 1500, "visible_unique_passes": 0}
[transformers] Both `min_new_tokens` (=0) and `min_length`(=0) seem to have been set. `min_new_tokens` will take precedence. Please refer to the documentation for more information. (https://huggingface.co/docs/transformers/main/en/main_classes/text_generation)
{"accepted": false, "accepted_total": 27, "task": 1142, "task_id": "fresh-eval-d52f6292cb0f", "tasks": 1500, "visible_unique_passes": 0}
[transformers] Both `min_new_tokens` (=0) and `min_length`(=0) seem to have been set. `min_new_tokens` will take precedence. Please refer to the documentation for more information. (https://huggingface.co/docs/transformers/main/en/main_classes/text_generation)
{"accepted": false, "accepted_total": 27, "task": 1143, "task_id": "fresh-eval-902e75f8ba18", "tasks": 1500, "visible_unique_passes": 0}
[transformers] Both `min_new_tokens` (=0) and `min_length`(=0) seem to have been set. `min_new_tokens` will take precedence. Please refer to the documentation for more information. (https://huggingface.co/docs/transformers/main/en/main_classes/text_generation)
{"accepted": false, "accepted_total": 27, "task": 1144, "task_id": "sigless_f900a5a8bbcb", "tasks": 1500, "visible_unique_passes": 0}
[transformers] Both `min_new_tokens` (=0) and `min_length`(=0) seem to have been set. `min_new_tokens` will take precedence. Please refer to the documentation for more information. (https://huggingface.co/docs/transformers/main/en/main_classes/text_generation)
{"accepted": false, "accepted_total": 27, "task": 1145, "task_id": "fresh-eval-5f719ea96207", "tasks": 1500, "visible_unique_passes": 0}
[transformers] Both `min_new_tokens` (=0) and `min_length`(=0) seem to have been set. `min_new_tokens` will take precedence. Please refer to the documentation for more information. (https://huggingface.co/docs/transformers/main/en/main_classes/text_generation)
{"accepted": false, "accepted_total": 27, "task": 1146, "task_id": "sigless_bcd571136f39", "tasks": 1500, "visible_unique_passes": 0}
[transformers] Both `min_new_tokens` (=0) and `min_length`(=0) seem to have been set. `min_new_tokens` will take precedence. Please refer to the documentation for more information. (https://huggingface.co/docs/transformers/main/en/main_classes/text_generation)
{"accepted": false, "accepted_total": 27, "task": 1147, "task_id": "fresh-eval-a8b68ea26a73", "tasks": 1500, "visible_unique_passes": 0}
[transformers] Both `min_new_tokens` (=0) and `min_length`(=0) seem to have been set. `min_new_tokens` will take precedence. Please refer to the documentation for more information. (https://huggingface.co/docs/transformers/main/en/main_classes/text_generation)
{"accepted": false, "accepted_total": 27, "task": 1148, "task_id": "fresh-eval-c29016cb20a4", "tasks": 1500, "visible_unique_passes": 0}
[transformers] Both `min_new_tokens` (=0) and `min_length`(=0) seem to have been set. `min_new_tokens` will take precedence. Please refer to the documentation for more information. (https://huggingface.co/docs/transformers/main/en/main_classes/text_generation)
{"accepted": false, "accepted_total": 27, "task": 1149, "task_id": "sigless_f65e0d707580", "tasks": 1500, "visible_unique_passes": 0}
[transformers] Both `min_new_tokens` (=0) and `min_length`(=0) seem to have been set. `min_new_tokens` will take precedence. Please refer to the documentation for more information. (https://huggingface.co/docs/transformers/main/en/main_classes/text_generation)
{"accepted": false, "accepted_total": 27, "task": 1150, "task_id": "sigless_e48c4e2c7edc", "tasks": 1500, "visible_unique_passes": 0}
[transformers] Both `min_new_tokens` (=0) and `min_length`(=0) seem to have been set. `min_new_tokens` will take precedence. Please refer to the documentation for more information. (https://huggingface.co/docs/transformers/main/en/main_classes/text_generation)
{"accepted": false, "accepted_total": 27, "task": 1151, "task_id": "fresh-eval-2aba778debe2", "tasks": 1500, "visible_unique_passes": 0}
[transformers] Both `min_new_tokens` (=0) and `min_length`(=0) seem to have been set. `min_new_tokens` will take precedence. Please refer to the documentation for more information. (https://huggingface.co/docs/transformers/main/en/main_classes/text_generation)
{"accepted": false, "accepted_total": 27, "task": 1152, "task_id": "fresh-eval-4628d7a6e264", "tasks": 1500, "visible_unique_passes": 0}
[transformers] Both `min_new_tokens` (=0) and `min_length`(=0) seem to have been set. `min_new_tokens` will take precedence. Please refer to the documentation for more information. (https://huggingface.co/docs/transformers/main/en/main_classes/text_generation)
{"accepted": false, "accepted_total": 27, "task": 1153, "task_id": "fresh-eval-8b22d097b6da", "tasks": 1500, "visible_unique_passes": 0}
[transformers] Both `min_new_tokens` (=0) and `min_length`(=0) seem to have been set. `min_new_tokens` will take precedence. Please refer to the documentation for more information. (https://huggingface.co/docs/transformers/main/en/main_classes/text_generation)
{"accepted": false, "accepted_total": 27, "task": 1154, "task_id": "sigless_83287f2a7c2f", "tasks": 1500, "visible_unique_passes": 0}
[transformers] Both `min_new_tokens` (=0) and `min_length`(=0) seem to have been set. `min_new_tokens` will take precedence. Please refer to the documentation for more information. (https://huggingface.co/docs/transformers/main/en/main_classes/text_generation)
{"accepted": false, "accepted_total": 27, "task": 1155, "task_id": "sigless_ce359d26e1b6", "tasks": 1500, "visible_unique_passes": 0}
[transformers] Both `min_new_tokens` (=0) and `min_length`(=0) seem to have been set. `min_new_tokens` will take precedence. Please refer to the documentation for more information. (https://huggingface.co/docs/transformers/main/en/main_classes/text_generation)
{"accepted": false, "accepted_total": 27, "task": 1156, "task_id": "sigless_7d5aadae9838", "tasks": 1500, "visible_unique_passes": 0}
[transformers] Both `min_new_tokens` (=0) and `min_length`(=0) seem to have been set. `min_new_tokens` will take precedence. Please refer to the documentation for more information. (https://huggingface.co/docs/transformers/main/en/main_classes/text_generation)
{"accepted": false, "accepted_total": 27, "task": 1157, "task_id": "sigless_4a3c2de2a07d", "tasks": 1500, "visible_unique_passes": 0}
[transformers] Both `min_new_tokens` (=0) and `min_length`(=0) seem to have been set. `min_new_tokens` will take precedence. Please refer to the documentation for more information. (https://huggingface.co/docs/transformers/main/en/main_classes/text_generation)
{"accepted": false, "accepted_total": 27, "task": 1158, "task_id": "fresh-eval-2db5c428aa7a", "tasks": 1500, "visible_unique_passes": 0}
[transformers] Both `min_new_tokens` (=0) and `min_length`(=0) seem to have been set. `min_new_tokens` will take precedence. Please refer to the documentation for more information. (https://huggingface.co/docs/transformers/main/en/main_classes/text_generation)
{"accepted": false, "accepted_total": 27, "task": 1159, "task_id": "sigless_ac9174e7c0f7", "tasks": 1500, "visible_unique_passes": 0}
[transformers] Both `min_new_tokens` (=0) and `min_length`(=0) seem to have been set. `min_new_tokens` will take precedence. Please refer to the documentation for more information. (https://huggingface.co/docs/transformers/main/en/main_classes/text_generation)
{"accepted": false, "accepted_total": 27, "task": 1160, "task_id": "fresh-eval-cd48dd20cef8", "tasks": 1500, "visible_unique_passes": 0}
[transformers] Both `min_new_tokens` (=0) and `min_length`(=0) seem to have been set. `min_new_tokens` will take precedence. Please refer to the documentation for more information. (https://huggingface.co/docs/transformers/main/en/main_classes/text_generation)
{"accepted": false, "accepted_total": 27, "task": 1161, "task_id": "sigless_bf10c4917483", "tasks": 1500, "visible_unique_passes": 0}
[transformers] Both `min_new_tokens` (=0) and `min_length`(=0) seem to have been set. `min_new_tokens` will take precedence. Please refer to the documentation for more information. (https://huggingface.co/docs/transformers/main/en/main_classes/text_generation)
{"accepted": false, "accepted_total": 27, "task": 1162, "task_id": "sigless_bde6c80eb940", "tasks": 1500, "visible_unique_passes": 0}
[transformers] Both `min_new_tokens` (=0) and `min_length`(=0) seem to have been set. `min_new_tokens` will take precedence. Please refer to the documentation for more information. (https://huggingface.co/docs/transformers/main/en/main_classes/text_generation)
{"accepted": false, "accepted_total": 27, "task": 1163, "task_id": "sigless_ae03d3ff6cc5", "tasks": 1500, "visible_unique_passes": 0}
[transformers] Both `min_new_tokens` (=0) and `min_length`(=0) seem to have been set. `min_new_tokens` will take precedence. Please refer to the documentation for more information. (https://huggingface.co/docs/transformers/main/en/main_classes/text_generation)
{"accepted": false, "accepted_total": 27, "task": 1164, "task_id": "fresh-eval-eadd0d47dc23", "tasks": 1500, "visible_unique_passes": 0}
[transformers] Both `min_new_tokens` (=0) and `min_length`(=0) seem to have been set. `min_new_tokens` will take precedence. Please refer to the documentation for more information. (https://huggingface.co/docs/transformers/main/en/main_classes/text_generation)
{"accepted": false, "accepted_total": 27, "task": 1165, "task_id": "sigless_5dd1ec529b86", "tasks": 1500, "visible_unique_passes": 0}
[transformers] Both `min_new_tokens` (=0) and `min_length`(=0) seem to have been set. `min_new_tokens` will take precedence. Please refer to the documentation for more information. (https://huggingface.co/docs/transformers/main/en/main_classes/text_generation)
{"accepted": false, "accepted_total": 27, "task": 1166, "task_id": "fresh-eval-34feea4dde14", "tasks": 1500, "visible_unique_passes": 0}
[transformers] Both `min_new_tokens` (=0) and `min_length`(=0) seem to have been set. `min_new_tokens` will take precedence. Please refer to the documentation for more information. (https://huggingface.co/docs/transformers/main/en/main_classes/text_generation)
{"accepted": false, "accepted_total": 27, "task": 1167, "task_id": "sigless_28be1b99f998", "tasks": 1500, "visible_unique_passes": 0}
[transformers] Both `min_new_tokens` (=0) and `min_length`(=0) seem to have been set. `min_new_tokens` will take precedence. Please refer to the documentation for more information. (https://huggingface.co/docs/transformers/main/en/main_classes/text_generation)
{"accepted": false, "accepted_total": 27, "task": 1168, "task_id": "sigless_808e9e3c429f", "tasks": 1500, "visible_unique_passes": 0}
[transformers] Both `min_new_tokens` (=0) and `min_length`(=0) seem to have been set. `min_new_tokens` will take precedence. Please refer to the documentation for more information. (https://huggingface.co/docs/transformers/main/en/main_classes/text_generation)
{"accepted": true, "accepted_total": 28, "task": 1169, "task_id": "sigless_e09dec811256", "tasks": 1500, "visible_unique_passes": 1}
[transformers] Both `min_new_tokens` (=0) and `min_length`(=0) seem to have been set. `min_new_tokens` will take precedence. Please refer to the documentation for more information. (https://huggingface.co/docs/transformers/main/en/main_classes/text_generation)
{"accepted": false, "accepted_total": 28, "task": 1170, "task_id": "sigless_6732ad0e03c2", "tasks": 1500, "visible_unique_passes": 0}
[transformers] Both `min_new_tokens` (=0) and `min_length`(=0) seem to have been set. `min_new_tokens` will take precedence. Please refer to the documentation for more information. (https://huggingface.co/docs/transformers/main/en/main_classes/text_generation)
{"accepted": false, "accepted_total": 28, "task": 1171, "task_id": "sigless_9f39fb843bf3", "tasks": 1500, "visible_unique_passes": 0}
[transformers] Both `min_new_tokens` (=0) and `min_length`(=0) seem to have been set. `min_new_tokens` will take precedence. Please refer to the documentation for more information. (https://huggingface.co/docs/transformers/main/en/main_classes/text_generation)
{"accepted": false, "accepted_total": 28, "task": 1172, "task_id": "fresh-eval-95262d2fc682", "tasks": 1500, "visible_unique_passes": 0}
[transformers] Both `min_new_tokens` (=0) and `min_length`(=0) seem to have been set. `min_new_tokens` will take precedence. Please refer to the documentation for more information. (https://huggingface.co/docs/transformers/main/en/main_classes/text_generation)
{"accepted": false, "accepted_total": 28, "task": 1173, "task_id": "sigless_1fa125aae2e1", "tasks": 1500, "visible_unique_passes": 0}
[transformers] Both `min_new_tokens` (=0) and `min_length`(=0) seem to have been set. `min_new_tokens` will take precedence. Please refer to the documentation for more information. (https://huggingface.co/docs/transformers/main/en/main_classes/text_generation)
{"accepted": false, "accepted_total": 28, "task": 1174, "task_id": "fresh-eval-ef90cc9de571", "tasks": 1500, "visible_unique_passes": 0}
[transformers] Both `min_new_tokens` (=0) and `min_length`(=0) seem to have been set. `min_new_tokens` will take precedence. Please refer to the documentation for more information. (https://huggingface.co/docs/transformers/main/en/main_classes/text_generation)
{"accepted": false, "accepted_total": 28, "task": 1175, "task_id": "fresh-eval-734beaa2910c", "tasks": 1500, "visible_unique_passes": 0}
[transformers] Both `min_new_tokens` (=0) and `min_length`(=0) seem to have been set. `min_new_tokens` will take precedence. Please refer to the documentation for more information. (https://huggingface.co/docs/transformers/main/en/main_classes/text_generation)
{"accepted": false, "accepted_total": 28, "task": 1176, "task_id": "fresh-eval-492c360c10de", "tasks": 1500, "visible_unique_passes": 0}
[transformers] Both `min_new_tokens` (=0) and `min_length`(=0) seem to have been set. `min_new_tokens` will take precedence. Please refer to the documentation for more information. (https://huggingface.co/docs/transformers/main/en/main_classes/text_generation)
{"accepted": false, "accepted_total": 28, "task": 1177, "task_id": "fresh-eval-2b925e3be3ba", "tasks": 1500, "visible_unique_passes": 0}
[transformers] Both `min_new_tokens` (=0) and `min_length`(=0) seem to have been set. `min_new_tokens` will take precedence. Please refer to the documentation for more information. (https://huggingface.co/docs/transformers/main/en/main_classes/text_generation)
{"accepted": false, "accepted_total": 28, "task": 1178, "task_id": "fresh-eval-9cf2b019a001", "tasks": 1500, "visible_unique_passes": 0}
[transformers] Both `min_new_tokens` (=0) and `min_length`(=0) seem to have been set. `min_new_tokens` will take precedence. Please refer to the documentation for more information. (https://huggingface.co/docs/transformers/main/en/main_classes/text_generation)
{"accepted": false, "accepted_total": 28, "task": 1179, "task_id": "fresh-eval-a59d5f677ab6", "tasks": 1500, "visible_unique_passes": 0}
[transformers] Both `min_new_tokens` (=0) and `min_length`(=0) seem to have been set. `min_new_tokens` will take precedence. Please refer to the documentation for more information. (https://huggingface.co/docs/transformers/main/en/main_classes/text_generation)
{"accepted": false, "accepted_total": 28, "task": 1180, "task_id": "sigless_f152d910b035", "tasks": 1500, "visible_unique_passes": 0}
[transformers] Both `min_new_tokens` (=0) and `min_length`(=0) seem to have been set. `min_new_tokens` will take precedence. Please refer to the documentation for more information. (https://huggingface.co/docs/transformers/main/en/main_classes/text_generation)
{"accepted": false, "accepted_total": 28, "task": 1181, "task_id": "sigless_c3c3dace837a", "tasks": 1500, "visible_unique_passes": 0}
[transformers] Both `min_new_tokens` (=0) and `min_length`(=0) seem to have been set. `min_new_tokens` will take precedence. Please refer to the documentation for more information. (https://huggingface.co/docs/transformers/main/en/main_classes/text_generation)
{"accepted": false, "accepted_total": 28, "task": 1182, "task_id": "sigless_013d51913266", "tasks": 1500, "visible_unique_passes": 0}
[transformers] Both `min_new_tokens` (=0) and `min_length`(=0) seem to have been set. `min_new_tokens` will take precedence. Please refer to the documentation for more information. (https://huggingface.co/docs/transformers/main/en/main_classes/text_generation)
{"accepted": false, "accepted_total": 28, "task": 1183, "task_id": "fresh-eval-424c8fab6c83", "tasks": 1500, "visible_unique_passes": 0}
[transformers] Both `min_new_tokens` (=0) and `min_length`(=0) seem to have been set. `min_new_tokens` will take precedence. Please refer to the documentation for more information. (https://huggingface.co/docs/transformers/main/en/main_classes/text_generation)
{"accepted": false, "accepted_total": 28, "task": 1184, "task_id": "fresh-eval-07c651bf9fa0", "tasks": 1500, "visible_unique_passes": 0}
[transformers] Both `min_new_tokens` (=0) and `min_length`(=0) seem to have been set. `min_new_tokens` will take precedence. Please refer to the documentation for more information. (https://huggingface.co/docs/transformers/main/en/main_classes/text_generation)
{"accepted": false, "accepted_total": 28, "task": 1185, "task_id": "fresh-eval-5647292ec18d", "tasks": 1500, "visible_unique_passes": 0}
[transformers] Both `min_new_tokens` (=0) and `min_length`(=0) seem to have been set. `min_new_tokens` will take precedence. Please refer to the documentation for more information. (https://huggingface.co/docs/transformers/main/en/main_classes/text_generation)
{"accepted": false, "accepted_total": 28, "task": 1186, "task_id": "fresh-eval-0ed6263ae19a", "tasks": 1500, "visible_unique_passes": 0}
[transformers] Both `min_new_tokens` (=0) and `min_length`(=0) seem to have been set. `min_new_tokens` will take precedence. Please refer to the documentation for more information. (https://huggingface.co/docs/transformers/main/en/main_classes/text_generation)
{"accepted": false, "accepted_total": 28, "task": 1187, "task_id": "sigless_f12c016c033a", "tasks": 1500, "visible_unique_passes": 0}
[transformers] Both `min_new_tokens` (=0) and `min_length`(=0) seem to have been set. `min_new_tokens` will take precedence. Please refer to the documentation for more information. (https://huggingface.co/docs/transformers/main/en/main_classes/text_generation)
{"accepted": false, "accepted_total": 28, "task": 1188, "task_id": "sigless_3f2345010a60", "tasks": 1500, "visible_unique_passes": 0}
[transformers] Both `min_new_tokens` (=0) and `min_length`(=0) seem to have been set. `min_new_tokens` will take precedence. Please refer to the documentation for more information. (https://huggingface.co/docs/transformers/main/en/main_classes/text_generation)
{"accepted": false, "accepted_total": 28, "task": 1189, "task_id": "sigless_ea7f83372c50", "tasks": 1500, "visible_unique_passes": 0}
[transformers] Both `min_new_tokens` (=0) and `min_length`(=0) seem to have been set. `min_new_tokens` will take precedence. Please refer to the documentation for more information. (https://huggingface.co/docs/transformers/main/en/main_classes/text_generation)
{"accepted": false, "accepted_total": 28, "task": 1190, "task_id": "fresh-eval-f0acb5dad35c", "tasks": 1500, "visible_unique_passes": 0}
[transformers] Both `min_new_tokens` (=0) and `min_length`(=0) seem to have been set. `min_new_tokens` will take precedence. Please refer to the documentation for more information. (https://huggingface.co/docs/transformers/main/en/main_classes/text_generation)
{"accepted": false, "accepted_total": 28, "task": 1191, "task_id": "fresh-eval-c4ae3b8addd4", "tasks": 1500, "visible_unique_passes": 0}
[transformers] Both `min_new_tokens` (=0) and `min_length`(=0) seem to have been set. `min_new_tokens` will take precedence. Please refer to the documentation for more information. (https://huggingface.co/docs/transformers/main/en/main_classes/text_generation)
{"accepted": false, "accepted_total": 28, "task": 1192, "task_id": "fresh-eval-16f6d7e3419d", "tasks": 1500, "visible_unique_passes": 0}
[transformers] Both `min_new_tokens` (=0) and `min_length`(=0) seem to have been set. `min_new_tokens` will take precedence. Please refer to the documentation for more information. (https://huggingface.co/docs/transformers/main/en/main_classes/text_generation)
{"accepted": false, "accepted_total": 28, "task": 1193, "task_id": "fresh-eval-cf2e1a495264", "tasks": 1500, "visible_unique_passes": 0}
[transformers] Both `min_new_tokens` (=0) and `min_length`(=0) seem to have been set. `min_new_tokens` will take precedence. Please refer to the documentation for more information. (https://huggingface.co/docs/transformers/main/en/main_classes/text_generation)
{"accepted": false, "accepted_total": 28, "task": 1194, "task_id": "sigless_15b04034a59c", "tasks": 1500, "visible_unique_passes": 0}
[transformers] Both `min_new_tokens` (=0) and `min_length`(=0) seem to have been set. `min_new_tokens` will take precedence. Please refer to the documentation for more information. (https://huggingface.co/docs/transformers/main/en/main_classes/text_generation)
{"accepted": false, "accepted_total": 28, "task": 1195, "task_id": "fresh-eval-323a0583d248", "tasks": 1500, "visible_unique_passes": 0}
[transformers] Both `min_new_tokens` (=0) and `min_length`(=0) seem to have been set. `min_new_tokens` will take precedence. Please refer to the documentation for more information. (https://huggingface.co/docs/transformers/main/en/main_classes/text_generation)
{"accepted": false, "accepted_total": 28, "task": 1196, "task_id": "fresh-eval-6a4321b029c0", "tasks": 1500, "visible_unique_passes": 0}
[transformers] Both `min_new_tokens` (=0) and `min_length`(=0) seem to have been set. `min_new_tokens` will take precedence. Please refer to the documentation for more information. (https://huggingface.co/docs/transformers/main/en/main_classes/text_generation)
{"accepted": false, "accepted_total": 28, "task": 1197, "task_id": "fresh-eval-8ed218ba2102", "tasks": 1500, "visible_unique_passes": 0}
[transformers] Both `min_new_tokens` (=0) and `min_length`(=0) seem to have been set. `min_new_tokens` will take precedence. Please refer to the documentation for more information. (https://huggingface.co/docs/transformers/main/en/main_classes/text_generation)
{"accepted": false, "accepted_total": 28, "task": 1198, "task_id": "sigless_5fa6189c27e2", "tasks": 1500, "visible_unique_passes": 0}
[transformers] Both `min_new_tokens` (=0) and `min_length`(=0) seem to have been set. `min_new_tokens` will take precedence. Please refer to the documentation for more information. (https://huggingface.co/docs/transformers/main/en/main_classes/text_generation)
{"accepted": false, "accepted_total": 28, "task": 1199, "task_id": "fresh-eval-ac3fcee7b645", "tasks": 1500, "visible_unique_passes": 0}
[transformers] Both `min_new_tokens` (=0) and `min_length`(=0) seem to have been set. `min_new_tokens` will take precedence. Please refer to the documentation for more information. (https://huggingface.co/docs/transformers/main/en/main_classes/text_generation)
{"accepted": false, "accepted_total": 28, "task": 1200, "task_id": "sigless_64acaac520b2", "tasks": 1500, "visible_unique_passes": 0}
[transformers] Both `min_new_tokens` (=0) and `min_length`(=0) seem to have been set. `min_new_tokens` will take precedence. Please refer to the documentation for more information. (https://huggingface.co/docs/transformers/main/en/main_classes/text_generation)
{"accepted": false, "accepted_total": 28, "task": 1201, "task_id": "sigless_cb01fbe87bc4", "tasks": 1500, "visible_unique_passes": 0}
[transformers] Both `min_new_tokens` (=0) and `min_length`(=0) seem to have been set. `min_new_tokens` will take precedence. Please refer to the documentation for more information. (https://huggingface.co/docs/transformers/main/en/main_classes/text_generation)
{"accepted": false, "accepted_total": 28, "task": 1202, "task_id": "fresh-eval-7f33d57dc366", "tasks": 1500, "visible_unique_passes": 0}
[transformers] Both `min_new_tokens` (=0) and `min_length`(=0) seem to have been set. `min_new_tokens` will take precedence. Please refer to the documentation for more information. (https://huggingface.co/docs/transformers/main/en/main_classes/text_generation)
{"accepted": false, "accepted_total": 28, "task": 1203, "task_id": "sigless_ed2e199f472f", "tasks": 1500, "visible_unique_passes": 0}
[transformers] Both `min_new_tokens` (=0) and `min_length`(=0) seem to have been set. `min_new_tokens` will take precedence. Please refer to the documentation for more information. (https://huggingface.co/docs/transformers/main/en/main_classes/text_generation)
{"accepted": false, "accepted_total": 28, "task": 1204, "task_id": "sigless_8c9317753e4a", "tasks": 1500, "visible_unique_passes": 0}
[transformers] Both `min_new_tokens` (=0) and `min_length`(=0) seem to have been set. `min_new_tokens` will take precedence. Please refer to the documentation for more information. (https://huggingface.co/docs/transformers/main/en/main_classes/text_generation)
{"accepted": false, "accepted_total": 28, "task": 1205, "task_id": "sigless_42e7550180db", "tasks": 1500, "visible_unique_passes": 0}
[transformers] Both `min_new_tokens` (=0) and `min_length`(=0) seem to have been set. `min_new_tokens` will take precedence. Please refer to the documentation for more information. (https://huggingface.co/docs/transformers/main/en/main_classes/text_generation)
{"accepted": false, "accepted_total": 28, "task": 1206, "task_id": "sigless_a404c9677646", "tasks": 1500, "visible_unique_passes": 0}
[transformers] Both `min_new_tokens` (=0) and `min_length`(=0) seem to have been set. `min_new_tokens` will take precedence. Please refer to the documentation for more information. (https://huggingface.co/docs/transformers/main/en/main_classes/text_generation)
{"accepted": false, "accepted_total": 28, "task": 1207, "task_id": "sigless_c64e2cbb19a8", "tasks": 1500, "visible_unique_passes": 0}
[transformers] Both `min_new_tokens` (=0) and `min_length`(=0) seem to have been set. `min_new_tokens` will take precedence. Please refer to the documentation for more information. (https://huggingface.co/docs/transformers/main/en/main_classes/text_generation)
{"accepted": false, "accepted_total": 28, "task": 1208, "task_id": "fresh-eval-77b6155fc5e7", "tasks": 1500, "visible_unique_passes": 0}
[transformers] Both `min_new_tokens` (=0) and `min_length`(=0) seem to have been set. `min_new_tokens` will take precedence. Please refer to the documentation for more information. (https://huggingface.co/docs/transformers/main/en/main_classes/text_generation)
{"accepted": false, "accepted_total": 28, "task": 1209, "task_id": "sigless_2f5e24445832", "tasks": 1500, "visible_unique_passes": 0}
[transformers] Both `min_new_tokens` (=0) and `min_length`(=0) seem to have been set. `min_new_tokens` will take precedence. Please refer to the documentation for more information. (https://huggingface.co/docs/transformers/main/en/main_classes/text_generation)
{"accepted": false, "accepted_total": 28, "task": 1210, "task_id": "fresh-eval-88b0c2fa78f6", "tasks": 1500, "visible_unique_passes": 0}
[transformers] Both `min_new_tokens` (=0) and `min_length`(=0) seem to have been set. `min_new_tokens` will take precedence. Please refer to the documentation for more information. (https://huggingface.co/docs/transformers/main/en/main_classes/text_generation)
{"accepted": false, "accepted_total": 28, "task": 1211, "task_id": "sigless_19d11e73e95f", "tasks": 1500, "visible_unique_passes": 0}
[transformers] Both `min_new_tokens` (=0) and `min_length`(=0) seem to have been set. `min_new_tokens` will take precedence. Please refer to the documentation for more information. (https://huggingface.co/docs/transformers/main/en/main_classes/text_generation)
{"accepted": false, "accepted_total": 28, "task": 1212, "task_id": "sigless_ea24389ac8ad", "tasks": 1500, "visible_unique_passes": 0}
[transformers] Both `min_new_tokens` (=0) and `min_length`(=0) seem to have been set. `min_new_tokens` will take precedence. Please refer to the documentation for more information. (https://huggingface.co/docs/transformers/main/en/main_classes/text_generation)
{"accepted": false, "accepted_total": 28, "task": 1213, "task_id": "sigless_843e7f29588f", "tasks": 1500, "visible_unique_passes": 0}
[transformers] Both `min_new_tokens` (=0) and `min_length`(=0) seem to have been set. `min_new_tokens` will take precedence. Please refer to the documentation for more information. (https://huggingface.co/docs/transformers/main/en/main_classes/text_generation)
{"accepted": false, "accepted_total": 28, "task": 1214, "task_id": "sigless_675a0a1c1519", "tasks": 1500, "visible_unique_passes": 0}
[transformers] Both `min_new_tokens` (=0) and `min_length`(=0) seem to have been set. `min_new_tokens` will take precedence. Please refer to the documentation for more information. (https://huggingface.co/docs/transformers/main/en/main_classes/text_generation)
{"accepted": false, "accepted_total": 28, "task": 1215, "task_id": "sigless_942b823547de", "tasks": 1500, "visible_unique_passes": 0}
[transformers] Both `min_new_tokens` (=0) and `min_length`(=0) seem to have been set. `min_new_tokens` will take precedence. Please refer to the documentation for more information. (https://huggingface.co/docs/transformers/main/en/main_classes/text_generation)
{"accepted": false, "accepted_total": 28, "task": 1216, "task_id": "sigless_7665842201ad", "tasks": 1500, "visible_unique_passes": 0}
[transformers] Both `min_new_tokens` (=0) and `min_length`(=0) seem to have been set. `min_new_tokens` will take precedence. Please refer to the documentation for more information. (https://huggingface.co/docs/transformers/main/en/main_classes/text_generation)
{"accepted": false, "accepted_total": 28, "task": 1217, "task_id": "fresh-eval-0d512abaa61d", "tasks": 1500, "visible_unique_passes": 0}
[transformers] Both `min_new_tokens` (=0) and `min_length`(=0) seem to have been set. `min_new_tokens` will take precedence. Please refer to the documentation for more information. (https://huggingface.co/docs/transformers/main/en/main_classes/text_generation)
{"accepted": false, "accepted_total": 28, "task": 1218, "task_id": "fresh-eval-01f0babe7165", "tasks": 1500, "visible_unique_passes": 0}
[transformers] Both `min_new_tokens` (=0) and `min_length`(=0) seem to have been set. `min_new_tokens` will take precedence. Please refer to the documentation for more information. (https://huggingface.co/docs/transformers/main/en/main_classes/text_generation)
{"accepted": false, "accepted_total": 28, "task": 1219, "task_id": "sigless_b8882547725b", "tasks": 1500, "visible_unique_passes": 0}
[transformers] Both `min_new_tokens` (=0) and `min_length`(=0) seem to have been set. `min_new_tokens` will take precedence. Please refer to the documentation for more information. (https://huggingface.co/docs/transformers/main/en/main_classes/text_generation)
{"accepted": false, "accepted_total": 28, "task": 1220, "task_id": "fresh-eval-3a8d77c98e3a", "tasks": 1500, "visible_unique_passes": 0}
[transformers] Both `min_new_tokens` (=0) and `min_length`(=0) seem to have been set. `min_new_tokens` will take precedence. Please refer to the documentation for more information. (https://huggingface.co/docs/transformers/main/en/main_classes/text_generation)
{"accepted": false, "accepted_total": 28, "task": 1221, "task_id": "sigless_70bf273eff25", "tasks": 1500, "visible_unique_passes": 0}
[transformers] Both `min_new_tokens` (=0) and `min_length`(=0) seem to have been set. `min_new_tokens` will take precedence. Please refer to the documentation for more information. (https://huggingface.co/docs/transformers/main/en/main_classes/text_generation)
{"accepted": false, "accepted_total": 28, "task": 1222, "task_id": "fresh-eval-884969851ea2", "tasks": 1500, "visible_unique_passes": 0}
[transformers] Both `min_new_tokens` (=0) and `min_length`(=0) seem to have been set. `min_new_tokens` will take precedence. Please refer to the documentation for more information. (https://huggingface.co/docs/transformers/main/en/main_classes/text_generation)
{"accepted": false, "accepted_total": 28, "task": 1223, "task_id": "sigless_0edf1a833bcf", "tasks": 1500, "visible_unique_passes": 0}
[transformers] Both `min_new_tokens` (=0) and `min_length`(=0) seem to have been set. `min_new_tokens` will take precedence. Please refer to the documentation for more information. (https://huggingface.co/docs/transformers/main/en/main_classes/text_generation)
{"accepted": false, "accepted_total": 28, "task": 1224, "task_id": "sigless_c97232d9a6e7", "tasks": 1500, "visible_unique_passes": 0}
[transformers] Both `min_new_tokens` (=0) and `min_length`(=0) seem to have been set. `min_new_tokens` will take precedence. Please refer to the documentation for more information. (https://huggingface.co/docs/transformers/main/en/main_classes/text_generation)
{"accepted": true, "accepted_total": 29, "task": 1225, "task_id": "fresh-eval-8bd1ac0f16f4", "tasks": 1500, "visible_unique_passes": 1}
[transformers] Both `min_new_tokens` (=0) and `min_length`(=0) seem to have been set. `min_new_tokens` will take precedence. Please refer to the documentation for more information. (https://huggingface.co/docs/transformers/main/en/main_classes/text_generation)
{"accepted": false, "accepted_total": 29, "task": 1226, "task_id": "sigless_16361bdfb961", "tasks": 1500, "visible_unique_passes": 0}
[transformers] Both `min_new_tokens` (=0) and `min_length`(=0) seem to have been set. `min_new_tokens` will take precedence. Please refer to the documentation for more information. (https://huggingface.co/docs/transformers/main/en/main_classes/text_generation)
{"accepted": false, "accepted_total": 29, "task": 1227, "task_id": "sigless_da6cca059038", "tasks": 1500, "visible_unique_passes": 0}
[transformers] Both `min_new_tokens` (=0) and `min_length`(=0) seem to have been set. `min_new_tokens` will take precedence. Please refer to the documentation for more information. (https://huggingface.co/docs/transformers/main/en/main_classes/text_generation)
{"accepted": false, "accepted_total": 29, "task": 1228, "task_id": "fresh-eval-b22766ec8568", "tasks": 1500, "visible_unique_passes": 0}
[transformers] Both `min_new_tokens` (=0) and `min_length`(=0) seem to have been set. `min_new_tokens` will take precedence. Please refer to the documentation for more information. (https://huggingface.co/docs/transformers/main/en/main_classes/text_generation)
{"accepted": true, "accepted_total": 30, "task": 1229, "task_id": "fresh-eval-29e91d2ed08f", "tasks": 1500, "visible_unique_passes": 2}
[transformers] Both `min_new_tokens` (=0) and `min_length`(=0) seem to have been set. `min_new_tokens` will take precedence. Please refer to the documentation for more information. (https://huggingface.co/docs/transformers/main/en/main_classes/text_generation)
{"accepted": false, "accepted_total": 30, "task": 1230, "task_id": "sigless_c9e4990c51f6", "tasks": 1500, "visible_unique_passes": 0}
[transformers] Both `min_new_tokens` (=0) and `min_length`(=0) seem to have been set. `min_new_tokens` will take precedence. Please refer to the documentation for more information. (https://huggingface.co/docs/transformers/main/en/main_classes/text_generation)
{"accepted": false, "accepted_total": 30, "task": 1231, "task_id": "fresh-eval-e00e40b88455", "tasks": 1500, "visible_unique_passes": 0}
[transformers] Both `min_new_tokens` (=0) and `min_length`(=0) seem to have been set. `min_new_tokens` will take precedence. Please refer to the documentation for more information. (https://huggingface.co/docs/transformers/main/en/main_classes/text_generation)
{"accepted": false, "accepted_total": 30, "task": 1232, "task_id": "sigless_07eb50411e6e", "tasks": 1500, "visible_unique_passes": 0}
[transformers] Both `min_new_tokens` (=0) and `min_length`(=0) seem to have been set. `min_new_tokens` will take precedence. Please refer to the documentation for more information. (https://huggingface.co/docs/transformers/main/en/main_classes/text_generation)
{"accepted": false, "accepted_total": 30, "task": 1233, "task_id": "fresh-eval-f0212bcc5301", "tasks": 1500, "visible_unique_passes": 0}
[transformers] Both `min_new_tokens` (=0) and `min_length`(=0) seem to have been set. `min_new_tokens` will take precedence. Please refer to the documentation for more information. (https://huggingface.co/docs/transformers/main/en/main_classes/text_generation)
{"accepted": false, "accepted_total": 30, "task": 1234, "task_id": "sigless_1ea945a6ddc4", "tasks": 1500, "visible_unique_passes": 0}
[transformers] Both `min_new_tokens` (=0) and `min_length`(=0) seem to have been set. `min_new_tokens` will take precedence. Please refer to the documentation for more information. (https://huggingface.co/docs/transformers/main/en/main_classes/text_generation)
{"accepted": false, "accepted_total": 30, "task": 1235, "task_id": "fresh-eval-66f0b3781ce8", "tasks": 1500, "visible_unique_passes": 0}
[transformers] Both `min_new_tokens` (=0) and `min_length`(=0) seem to have been set. `min_new_tokens` will take precedence. Please refer to the documentation for more information. (https://huggingface.co/docs/transformers/main/en/main_classes/text_generation)
{"accepted": false, "accepted_total": 30, "task": 1236, "task_id": "fresh-eval-e32209aa6841", "tasks": 1500, "visible_unique_passes": 0}
[transformers] Both `min_new_tokens` (=0) and `min_length`(=0) seem to have been set. `min_new_tokens` will take precedence. Please refer to the documentation for more information. (https://huggingface.co/docs/transformers/main/en/main_classes/text_generation)
{"accepted": false, "accepted_total": 30, "task": 1237, "task_id": "fresh-eval-1863b7cfd59a", "tasks": 1500, "visible_unique_passes": 0}
[transformers] Both `min_new_tokens` (=0) and `min_length`(=0) seem to have been set. `min_new_tokens` will take precedence. Please refer to the documentation for more information. (https://huggingface.co/docs/transformers/main/en/main_classes/text_generation)
{"accepted": false, "accepted_total": 30, "task": 1238, "task_id": "sigless_b0affe348ad0", "tasks": 1500, "visible_unique_passes": 0}
[transformers] Both `min_new_tokens` (=0) and `min_length`(=0) seem to have been set. `min_new_tokens` will take precedence. Please refer to the documentation for more information. (https://huggingface.co/docs/transformers/main/en/main_classes/text_generation)
{"accepted": false, "accepted_total": 30, "task": 1239, "task_id": "sigless_0807a304e05c", "tasks": 1500, "visible_unique_passes": 0}
[transformers] Both `min_new_tokens` (=0) and `min_length`(=0) seem to have been set. `min_new_tokens` will take precedence. Please refer to the documentation for more information. (https://huggingface.co/docs/transformers/main/en/main_classes/text_generation)
{"accepted": false, "accepted_total": 30, "task": 1240, "task_id": "sigless_a804ddc7a6e3", "tasks": 1500, "visible_unique_passes": 0}
[transformers] Both `min_new_tokens` (=0) and `min_length`(=0) seem to have been set. `min_new_tokens` will take precedence. Please refer to the documentation for more information. (https://huggingface.co/docs/transformers/main/en/main_classes/text_generation)
{"accepted": false, "accepted_total": 30, "task": 1241, "task_id": "fresh-eval-14971febdc8a", "tasks": 1500, "visible_unique_passes": 0}
[transformers] Both `min_new_tokens` (=0) and `min_length`(=0) seem to have been set. `min_new_tokens` will take precedence. Please refer to the documentation for more information. (https://huggingface.co/docs/transformers/main/en/main_classes/text_generation)
{"accepted": false, "accepted_total": 30, "task": 1242, "task_id": "sigless_40c47a765b04", "tasks": 1500, "visible_unique_passes": 0}
[transformers] Both `min_new_tokens` (=0) and `min_length`(=0) seem to have been set. `min_new_tokens` will take precedence. Please refer to the documentation for more information. (https://huggingface.co/docs/transformers/main/en/main_classes/text_generation)
{"accepted": false, "accepted_total": 30, "task": 1243, "task_id": "sigless_8062cd680b98", "tasks": 1500, "visible_unique_passes": 0}
[transformers] Both `min_new_tokens` (=0) and `min_length`(=0) seem to have been set. `min_new_tokens` will take precedence. Please refer to the documentation for more information. (https://huggingface.co/docs/transformers/main/en/main_classes/text_generation)
{"accepted": false, "accepted_total": 30, "task": 1244, "task_id": "sigless_81370d6cb292", "tasks": 1500, "visible_unique_passes": 0}
[transformers] Both `min_new_tokens` (=0) and `min_length`(=0) seem to have been set. `min_new_tokens` will take precedence. Please refer to the documentation for more information. (https://huggingface.co/docs/transformers/main/en/main_classes/text_generation)
{"accepted": false, "accepted_total": 30, "task": 1245, "task_id": "sigless_f95ee40f56e7", "tasks": 1500, "visible_unique_passes": 0}
[transformers] Both `min_new_tokens` (=0) and `min_length`(=0) seem to have been set. `min_new_tokens` will take precedence. Please refer to the documentation for more information. (https://huggingface.co/docs/transformers/main/en/main_classes/text_generation)
{"accepted": false, "accepted_total": 30, "task": 1246, "task_id": "sigless_36a3afeeec98", "tasks": 1500, "visible_unique_passes": 0}
[transformers] Both `min_new_tokens` (=0) and `min_length`(=0) seem to have been set. `min_new_tokens` will take precedence. Please refer to the documentation for more information. (https://huggingface.co/docs/transformers/main/en/main_classes/text_generation)
{"accepted": false, "accepted_total": 30, "task": 1247, "task_id": "fresh-eval-eee04fd6f56d", "tasks": 1500, "visible_unique_passes": 0}
[transformers] Both `min_new_tokens` (=0) and `min_length`(=0) seem to have been set. `min_new_tokens` will take precedence. Please refer to the documentation for more information. (https://huggingface.co/docs/transformers/main/en/main_classes/text_generation)
{"accepted": false, "accepted_total": 30, "task": 1248, "task_id": "sigless_81b655211f70", "tasks": 1500, "visible_unique_passes": 0}
[transformers] Both `min_new_tokens` (=0) and `min_length`(=0) seem to have been set. `min_new_tokens` will take precedence. Please refer to the documentation for more information. (https://huggingface.co/docs/transformers/main/en/main_classes/text_generation)
{"accepted": false, "accepted_total": 30, "task": 1249, "task_id": "sigless_fd2fb70f256a", "tasks": 1500, "visible_unique_passes": 0}
[transformers] Both `min_new_tokens` (=0) and `min_length`(=0) seem to have been set. `min_new_tokens` will take precedence. Please refer to the documentation for more information. (https://huggingface.co/docs/transformers/main/en/main_classes/text_generation)
{"accepted": false, "accepted_total": 30, "task": 1250, "task_id": "fresh-eval-ef0cf897e22d", "tasks": 1500, "visible_unique_passes": 0}
[transformers] Both `min_new_tokens` (=0) and `min_length`(=0) seem to have been set. `min_new_tokens` will take precedence. Please refer to the documentation for more information. (https://huggingface.co/docs/transformers/main/en/main_classes/text_generation)
{"accepted": false, "accepted_total": 30, "task": 1251, "task_id": "sigless_d068b24b49ae", "tasks": 1500, "visible_unique_passes": 0}
[transformers] Both `min_new_tokens` (=0) and `min_length`(=0) seem to have been set. `min_new_tokens` will take precedence. Please refer to the documentation for more information. (https://huggingface.co/docs/transformers/main/en/main_classes/text_generation)
{"accepted": false, "accepted_total": 30, "task": 1252, "task_id": "sigless_a5fb603692a1", "tasks": 1500, "visible_unique_passes": 0}
[transformers] Both `min_new_tokens` (=0) and `min_length`(=0) seem to have been set. `min_new_tokens` will take precedence. Please refer to the documentation for more information. (https://huggingface.co/docs/transformers/main/en/main_classes/text_generation)
{"accepted": false, "accepted_total": 30, "task": 1253, "task_id": "fresh-eval-08124c6c8b48", "tasks": 1500, "visible_unique_passes": 0}
[transformers] Both `min_new_tokens` (=0) and `min_length`(=0) seem to have been set. `min_new_tokens` will take precedence. Please refer to the documentation for more information. (https://huggingface.co/docs/transformers/main/en/main_classes/text_generation)
{"accepted": false, "accepted_total": 30, "task": 1254, "task_id": "fresh-eval-d8ad52796185", "tasks": 1500, "visible_unique_passes": 0}
[transformers] Both `min_new_tokens` (=0) and `min_length`(=0) seem to have been set. `min_new_tokens` will take precedence. Please refer to the documentation for more information. (https://huggingface.co/docs/transformers/main/en/main_classes/text_generation)
{"accepted": false, "accepted_total": 30, "task": 1255, "task_id": "sigless_19cce34f874f", "tasks": 1500, "visible_unique_passes": 0}
[transformers] Both `min_new_tokens` (=0) and `min_length`(=0) seem to have been set. `min_new_tokens` will take precedence. Please refer to the documentation for more information. (https://huggingface.co/docs/transformers/main/en/main_classes/text_generation)
{"accepted": false, "accepted_total": 30, "task": 1256, "task_id": "sigless_5fe8ad286b25", "tasks": 1500, "visible_unique_passes": 0}
[transformers] Both `min_new_tokens` (=0) and `min_length`(=0) seem to have been set. `min_new_tokens` will take precedence. Please refer to the documentation for more information. (https://huggingface.co/docs/transformers/main/en/main_classes/text_generation)
{"accepted": false, "accepted_total": 30, "task": 1257, "task_id": "sigless_b87f4cae4ada", "tasks": 1500, "visible_unique_passes": 0}
[transformers] Both `min_new_tokens` (=0) and `min_length`(=0) seem to have been set. `min_new_tokens` will take precedence. Please refer to the documentation for more information. (https://huggingface.co/docs/transformers/main/en/main_classes/text_generation)
{"accepted": false, "accepted_total": 30, "task": 1258, "task_id": "fresh-eval-f2c0409a4b2e", "tasks": 1500, "visible_unique_passes": 0}
[transformers] Both `min_new_tokens` (=0) and `min_length`(=0) seem to have been set. `min_new_tokens` will take precedence. Please refer to the documentation for more information. (https://huggingface.co/docs/transformers/main/en/main_classes/text_generation)
{"accepted": false, "accepted_total": 30, "task": 1259, "task_id": "fresh-eval-6cbcb7f64b54", "tasks": 1500, "visible_unique_passes": 0}
[transformers] Both `min_new_tokens` (=0) and `min_length`(=0) seem to have been set. `min_new_tokens` will take precedence. Please refer to the documentation for more information. (https://huggingface.co/docs/transformers/main/en/main_classes/text_generation)
{"accepted": false, "accepted_total": 30, "task": 1260, "task_id": "sigless_61eee8f6fcee", "tasks": 1500, "visible_unique_passes": 0}
[transformers] Both `min_new_tokens` (=0) and `min_length`(=0) seem to have been set. `min_new_tokens` will take precedence. Please refer to the documentation for more information. (https://huggingface.co/docs/transformers/main/en/main_classes/text_generation)
{"accepted": false, "accepted_total": 30, "task": 1261, "task_id": "sigless_f2b252301242", "tasks": 1500, "visible_unique_passes": 0}
[transformers] Both `min_new_tokens` (=0) and `min_length`(=0) seem to have been set. `min_new_tokens` will take precedence. Please refer to the documentation for more information. (https://huggingface.co/docs/transformers/main/en/main_classes/text_generation)
{"accepted": false, "accepted_total": 30, "task": 1262, "task_id": "sigless_c543a3f04e8e", "tasks": 1500, "visible_unique_passes": 0}
[transformers] Both `min_new_tokens` (=0) and `min_length`(=0) seem to have been set. `min_new_tokens` will take precedence. Please refer to the documentation for more information. (https://huggingface.co/docs/transformers/main/en/main_classes/text_generation)
{"accepted": false, "accepted_total": 30, "task": 1263, "task_id": "sigless_82663e62aa73", "tasks": 1500, "visible_unique_passes": 0}
[transformers] Both `min_new_tokens` (=0) and `min_length`(=0) seem to have been set. `min_new_tokens` will take precedence. Please refer to the documentation for more information. (https://huggingface.co/docs/transformers/main/en/main_classes/text_generation)
{"accepted": false, "accepted_total": 30, "task": 1264, "task_id": "sigless_d3fdcbc75653", "tasks": 1500, "visible_unique_passes": 0}
[transformers] Both `min_new_tokens` (=0) and `min_length`(=0) seem to have been set. `min_new_tokens` will take precedence. Please refer to the documentation for more information. (https://huggingface.co/docs/transformers/main/en/main_classes/text_generation)
{"accepted": false, "accepted_total": 30, "task": 1265, "task_id": "sigless_24e86989f05d", "tasks": 1500, "visible_unique_passes": 0}
[transformers] Both `min_new_tokens` (=0) and `min_length`(=0) seem to have been set. `min_new_tokens` will take precedence. Please refer to the documentation for more information. (https://huggingface.co/docs/transformers/main/en/main_classes/text_generation)
{"accepted": false, "accepted_total": 30, "task": 1266, "task_id": "fresh-eval-7aa103bf15ef", "tasks": 1500, "visible_unique_passes": 0}
[transformers] Both `min_new_tokens` (=0) and `min_length`(=0) seem to have been set. `min_new_tokens` will take precedence. Please refer to the documentation for more information. (https://huggingface.co/docs/transformers/main/en/main_classes/text_generation)
{"accepted": false, "accepted_total": 30, "task": 1267, "task_id": "fresh-eval-e5f233caad1c", "tasks": 1500, "visible_unique_passes": 0}
[transformers] Both `min_new_tokens` (=0) and `min_length`(=0) seem to have been set. `min_new_tokens` will take precedence. Please refer to the documentation for more information. (https://huggingface.co/docs/transformers/main/en/main_classes/text_generation)
{"accepted": false, "accepted_total": 30, "task": 1268, "task_id": "sigless_596085856e22", "tasks": 1500, "visible_unique_passes": 0}
[transformers] Both `min_new_tokens` (=0) and `min_length`(=0) seem to have been set. `min_new_tokens` will take precedence. Please refer to the documentation for more information. (https://huggingface.co/docs/transformers/main/en/main_classes/text_generation)
{"accepted": false, "accepted_total": 30, "task": 1269, "task_id": "fresh-eval-a9597bbadc8e", "tasks": 1500, "visible_unique_passes": 0}
[transformers] Both `min_new_tokens` (=0) and `min_length`(=0) seem to have been set. `min_new_tokens` will take precedence. Please refer to the documentation for more information. (https://huggingface.co/docs/transformers/main/en/main_classes/text_generation)
{"accepted": false, "accepted_total": 30, "task": 1270, "task_id": "sigless_878a7fe6acf6", "tasks": 1500, "visible_unique_passes": 0}
[transformers] Both `min_new_tokens` (=0) and `min_length`(=0) seem to have been set. `min_new_tokens` will take precedence. Please refer to the documentation for more information. (https://huggingface.co/docs/transformers/main/en/main_classes/text_generation)
{"accepted": false, "accepted_total": 30, "task": 1271, "task_id": "sigless_01688eb04678", "tasks": 1500, "visible_unique_passes": 0}
[transformers] Both `min_new_tokens` (=0) and `min_length`(=0) seem to have been set. `min_new_tokens` will take precedence. Please refer to the documentation for more information. (https://huggingface.co/docs/transformers/main/en/main_classes/text_generation)
{"accepted": false, "accepted_total": 30, "task": 1272, "task_id": "fresh-eval-8e5aef6abadc", "tasks": 1500, "visible_unique_passes": 0}
[transformers] Both `min_new_tokens` (=0) and `min_length`(=0) seem to have been set. `min_new_tokens` will take precedence. Please refer to the documentation for more information. (https://huggingface.co/docs/transformers/main/en/main_classes/text_generation)
{"accepted": false, "accepted_total": 30, "task": 1273, "task_id": "fresh-eval-4e6046c6a127", "tasks": 1500, "visible_unique_passes": 0}
[transformers] Both `min_new_tokens` (=0) and `min_length`(=0) seem to have been set. `min_new_tokens` will take precedence. Please refer to the documentation for more information. (https://huggingface.co/docs/transformers/main/en/main_classes/text_generation)
{"accepted": false, "accepted_total": 30, "task": 1274, "task_id": "fresh-eval-85a6b3fcdddb", "tasks": 1500, "visible_unique_passes": 0}
[transformers] Both `min_new_tokens` (=0) and `min_length`(=0) seem to have been set. `min_new_tokens` will take precedence. Please refer to the documentation for more information. (https://huggingface.co/docs/transformers/main/en/main_classes/text_generation)
{"accepted": false, "accepted_total": 30, "task": 1275, "task_id": "sigless_35f4f0ac8f50", "tasks": 1500, "visible_unique_passes": 0}
[transformers] Both `min_new_tokens` (=0) and `min_length`(=0) seem to have been set. `min_new_tokens` will take precedence. Please refer to the documentation for more information. (https://huggingface.co/docs/transformers/main/en/main_classes/text_generation)
{"accepted": false, "accepted_total": 30, "task": 1276, "task_id": "sigless_86f64ad8f93b", "tasks": 1500, "visible_unique_passes": 0}
[transformers] Both `min_new_tokens` (=0) and `min_length`(=0) seem to have been set. `min_new_tokens` will take precedence. Please refer to the documentation for more information. (https://huggingface.co/docs/transformers/main/en/main_classes/text_generation)
{"accepted": false, "accepted_total": 30, "task": 1277, "task_id": "sigless_c2b3687c14d6", "tasks": 1500, "visible_unique_passes": 0}
[transformers] Both `min_new_tokens` (=0) and `min_length`(=0) seem to have been set. `min_new_tokens` will take precedence. Please refer to the documentation for more information. (https://huggingface.co/docs/transformers/main/en/main_classes/text_generation)
{"accepted": false, "accepted_total": 30, "task": 1278, "task_id": "sigless_ef1c3c62fcd2", "tasks": 1500, "visible_unique_passes": 0}
[transformers] Both `min_new_tokens` (=0) and `min_length`(=0) seem to have been set. `min_new_tokens` will take precedence. Please refer to the documentation for more information. (https://huggingface.co/docs/transformers/main/en/main_classes/text_generation)
{"accepted": false, "accepted_total": 30, "task": 1279, "task_id": "sigless_0aacd006f897", "tasks": 1500, "visible_unique_passes": 0}
[transformers] Both `min_new_tokens` (=0) and `min_length`(=0) seem to have been set. `min_new_tokens` will take precedence. Please refer to the documentation for more information. (https://huggingface.co/docs/transformers/main/en/main_classes/text_generation)
{"accepted": false, "accepted_total": 30, "task": 1280, "task_id": "sigless_ee6974eab08e", "tasks": 1500, "visible_unique_passes": 0}
[transformers] Both `min_new_tokens` (=0) and `min_length`(=0) seem to have been set. `min_new_tokens` will take precedence. Please refer to the documentation for more information. (https://huggingface.co/docs/transformers/main/en/main_classes/text_generation)
{"accepted": false, "accepted_total": 30, "task": 1281, "task_id": "fresh-eval-e7018b845dcd", "tasks": 1500, "visible_unique_passes": 0}
[transformers] Both `min_new_tokens` (=0) and `min_length`(=0) seem to have been set. `min_new_tokens` will take precedence. Please refer to the documentation for more information. (https://huggingface.co/docs/transformers/main/en/main_classes/text_generation)
{"accepted": false, "accepted_total": 30, "task": 1282, "task_id": "sigless_f7c3eeb498ba", "tasks": 1500, "visible_unique_passes": 0}
[transformers] Both `min_new_tokens` (=0) and `min_length`(=0) seem to have been set. `min_new_tokens` will take precedence. Please refer to the documentation for more information. (https://huggingface.co/docs/transformers/main/en/main_classes/text_generation)
{"accepted": false, "accepted_total": 30, "task": 1283, "task_id": "fresh-eval-69e3d41844dd", "tasks": 1500, "visible_unique_passes": 0}
[transformers] Both `min_new_tokens` (=0) and `min_length`(=0) seem to have been set. `min_new_tokens` will take precedence. Please refer to the documentation for more information. (https://huggingface.co/docs/transformers/main/en/main_classes/text_generation)
{"accepted": false, "accepted_total": 30, "task": 1284, "task_id": "fresh-eval-33ce70393c83", "tasks": 1500, "visible_unique_passes": 0}
[transformers] Both `min_new_tokens` (=0) and `min_length`(=0) seem to have been set. `min_new_tokens` will take precedence. Please refer to the documentation for more information. (https://huggingface.co/docs/transformers/main/en/main_classes/text_generation)
{"accepted": false, "accepted_total": 30, "task": 1285, "task_id": "sigless_909163dfaedf", "tasks": 1500, "visible_unique_passes": 0}
[transformers] Both `min_new_tokens` (=0) and `min_length`(=0) seem to have been set. `min_new_tokens` will take precedence. Please refer to the documentation for more information. (https://huggingface.co/docs/transformers/main/en/main_classes/text_generation)
{"accepted": false, "accepted_total": 30, "task": 1286, "task_id": "fresh-eval-475541b4c8ed", "tasks": 1500, "visible_unique_passes": 0}
[transformers] Both `min_new_tokens` (=0) and `min_length`(=0) seem to have been set. `min_new_tokens` will take precedence. Please refer to the documentation for more information. (https://huggingface.co/docs/transformers/main/en/main_classes/text_generation)
{"accepted": false, "accepted_total": 30, "task": 1287, "task_id": "fresh-eval-9f44c7101ee6", "tasks": 1500, "visible_unique_passes": 0}
[transformers] Both `min_new_tokens` (=0) and `min_length`(=0) seem to have been set. `min_new_tokens` will take precedence. Please refer to the documentation for more information. (https://huggingface.co/docs/transformers/main/en/main_classes/text_generation)
{"accepted": false, "accepted_total": 30, "task": 1288, "task_id": "fresh-eval-e1a245cce4db", "tasks": 1500, "visible_unique_passes": 0}
[transformers] Both `min_new_tokens` (=0) and `min_length`(=0) seem to have been set. `min_new_tokens` will take precedence. Please refer to the documentation for more information. (https://huggingface.co/docs/transformers/main/en/main_classes/text_generation)
{"accepted": false, "accepted_total": 30, "task": 1289, "task_id": "sigless_9ff29e2b3570", "tasks": 1500, "visible_unique_passes": 0}
[transformers] Both `min_new_tokens` (=0) and `min_length`(=0) seem to have been set. `min_new_tokens` will take precedence. Please refer to the documentation for more information. (https://huggingface.co/docs/transformers/main/en/main_classes/text_generation)
{"accepted": false, "accepted_total": 30, "task": 1290, "task_id": "sigless_2714a082e217", "tasks": 1500, "visible_unique_passes": 0}
[transformers] Both `min_new_tokens` (=0) and `min_length`(=0) seem to have been set. `min_new_tokens` will take precedence. Please refer to the documentation for more information. (https://huggingface.co/docs/transformers/main/en/main_classes/text_generation)
{"accepted": false, "accepted_total": 30, "task": 1291, "task_id": "fresh-eval-b4aa26ea1d78", "tasks": 1500, "visible_unique_passes": 0}
[transformers] Both `min_new_tokens` (=0) and `min_length`(=0) seem to have been set. `min_new_tokens` will take precedence. Please refer to the documentation for more information. (https://huggingface.co/docs/transformers/main/en/main_classes/text_generation)
{"accepted": false, "accepted_total": 30, "task": 1292, "task_id": "fresh-eval-f6819a5e6a5c", "tasks": 1500, "visible_unique_passes": 0}
[transformers] Both `min_new_tokens` (=0) and `min_length`(=0) seem to have been set. `min_new_tokens` will take precedence. Please refer to the documentation for more information. (https://huggingface.co/docs/transformers/main/en/main_classes/text_generation)
{"accepted": false, "accepted_total": 30, "task": 1293, "task_id": "sigless_8988dd9509f4", "tasks": 1500, "visible_unique_passes": 0}
[transformers] Both `min_new_tokens` (=0) and `min_length`(=0) seem to have been set. `min_new_tokens` will take precedence. Please refer to the documentation for more information. (https://huggingface.co/docs/transformers/main/en/main_classes/text_generation)
{"accepted": false, "accepted_total": 30, "task": 1294, "task_id": "sigless_7d5338918fe2", "tasks": 1500, "visible_unique_passes": 0}
[transformers] Both `min_new_tokens` (=0) and `min_length`(=0) seem to have been set. `min_new_tokens` will take precedence. Please refer to the documentation for more information. (https://huggingface.co/docs/transformers/main/en/main_classes/text_generation)
{"accepted": false, "accepted_total": 30, "task": 1295, "task_id": "sigless_19f099f43134", "tasks": 1500, "visible_unique_passes": 0}
[transformers] Both `min_new_tokens` (=0) and `min_length`(=0) seem to have been set. `min_new_tokens` will take precedence. Please refer to the documentation for more information. (https://huggingface.co/docs/transformers/main/en/main_classes/text_generation)
{"accepted": false, "accepted_total": 30, "task": 1296, "task_id": "fresh-eval-f55469a1dc66", "tasks": 1500, "visible_unique_passes": 0}
[transformers] Both `min_new_tokens` (=0) and `min_length`(=0) seem to have been set. `min_new_tokens` will take precedence. Please refer to the documentation for more information. (https://huggingface.co/docs/transformers/main/en/main_classes/text_generation)
{"accepted": false, "accepted_total": 30, "task": 1297, "task_id": "fresh-eval-f324d9ff4309", "tasks": 1500, "visible_unique_passes": 0}
[transformers] Both `min_new_tokens` (=0) and `min_length`(=0) seem to have been set. `min_new_tokens` will take precedence. Please refer to the documentation for more information. (https://huggingface.co/docs/transformers/main/en/main_classes/text_generation)
{"accepted": true, "accepted_total": 31, "task": 1298, "task_id": "sigless_a90e51b2affa", "tasks": 1500, "visible_unique_passes": 1}
[transformers] Both `min_new_tokens` (=0) and `min_length`(=0) seem to have been set. `min_new_tokens` will take precedence. Please refer to the documentation for more information. (https://huggingface.co/docs/transformers/main/en/main_classes/text_generation)
{"accepted": false, "accepted_total": 31, "task": 1299, "task_id": "sigless_a9dcf8597831", "tasks": 1500, "visible_unique_passes": 0}
[transformers] Both `min_new_tokens` (=0) and `min_length`(=0) seem to have been set. `min_new_tokens` will take precedence. Please refer to the documentation for more information. (https://huggingface.co/docs/transformers/main/en/main_classes/text_generation)
{"accepted": false, "accepted_total": 31, "task": 1300, "task_id": "fresh-eval-c671e0c2096d", "tasks": 1500, "visible_unique_passes": 0}
[transformers] Both `min_new_tokens` (=0) and `min_length`(=0) seem to have been set. `min_new_tokens` will take precedence. Please refer to the documentation for more information. (https://huggingface.co/docs/transformers/main/en/main_classes/text_generation)
{"accepted": false, "accepted_total": 31, "task": 1301, "task_id": "fresh-eval-c0b548d5be09", "tasks": 1500, "visible_unique_passes": 1}
[transformers] Both `min_new_tokens` (=0) and `min_length`(=0) seem to have been set. `min_new_tokens` will take precedence. Please refer to the documentation for more information. (https://huggingface.co/docs/transformers/main/en/main_classes/text_generation)
{"accepted": false, "accepted_total": 31, "task": 1302, "task_id": "sigless_8ea51a184b55", "tasks": 1500, "visible_unique_passes": 0}
[transformers] Both `min_new_tokens` (=0) and `min_length`(=0) seem to have been set. `min_new_tokens` will take precedence. Please refer to the documentation for more information. (https://huggingface.co/docs/transformers/main/en/main_classes/text_generation)
{"accepted": true, "accepted_total": 32, "task": 1303, "task_id": "fresh-eval-d1433bc55c33", "tasks": 1500, "visible_unique_passes": 1}
[transformers] Both `min_new_tokens` (=0) and `min_length`(=0) seem to have been set. `min_new_tokens` will take precedence. Please refer to the documentation for more information. (https://huggingface.co/docs/transformers/main/en/main_classes/text_generation)
{"accepted": false, "accepted_total": 32, "task": 1304, "task_id": "sigless_f982cae071ae", "tasks": 1500, "visible_unique_passes": 0}
[transformers] Both `min_new_tokens` (=0) and `min_length`(=0) seem to have been set. `min_new_tokens` will take precedence. Please refer to the documentation for more information. (https://huggingface.co/docs/transformers/main/en/main_classes/text_generation)
{"accepted": false, "accepted_total": 32, "task": 1305, "task_id": "sigless_80dd5325194c", "tasks": 1500, "visible_unique_passes": 0}
[transformers] Both `min_new_tokens` (=0) and `min_length`(=0) seem to have been set. `min_new_tokens` will take precedence. Please refer to the documentation for more information. (https://huggingface.co/docs/transformers/main/en/main_classes/text_generation)
{"accepted": true, "accepted_total": 33, "task": 1306, "task_id": "sigless_0cd0d06cffe2", "tasks": 1500, "visible_unique_passes": 4}
[transformers] Both `min_new_tokens` (=0) and `min_length`(=0) seem to have been set. `min_new_tokens` will take precedence. Please refer to the documentation for more information. (https://huggingface.co/docs/transformers/main/en/main_classes/text_generation)
{"accepted": false, "accepted_total": 33, "task": 1307, "task_id": "fresh-eval-aa92d1c98233", "tasks": 1500, "visible_unique_passes": 0}
[transformers] Both `min_new_tokens` (=0) and `min_length`(=0) seem to have been set. `min_new_tokens` will take precedence. Please refer to the documentation for more information. (https://huggingface.co/docs/transformers/main/en/main_classes/text_generation)
{"accepted": false, "accepted_total": 33, "task": 1308, "task_id": "sigless_7db68d441a47", "tasks": 1500, "visible_unique_passes": 0}
[transformers] Both `min_new_tokens` (=0) and `min_length`(=0) seem to have been set. `min_new_tokens` will take precedence. Please refer to the documentation for more information. (https://huggingface.co/docs/transformers/main/en/main_classes/text_generation)
{"accepted": false, "accepted_total": 33, "task": 1309, "task_id": "fresh-eval-63f7d20ebf05", "tasks": 1500, "visible_unique_passes": 0}
[transformers] Both `min_new_tokens` (=0) and `min_length`(=0) seem to have been set. `min_new_tokens` will take precedence. Please refer to the documentation for more information. (https://huggingface.co/docs/transformers/main/en/main_classes/text_generation)
{"accepted": false, "accepted_total": 33, "task": 1310, "task_id": "sigless_c1a31fa4592f", "tasks": 1500, "visible_unique_passes": 0}
[transformers] Both `min_new_tokens` (=0) and `min_length`(=0) seem to have been set. `min_new_tokens` will take precedence. Please refer to the documentation for more information. (https://huggingface.co/docs/transformers/main/en/main_classes/text_generation)
{"accepted": false, "accepted_total": 33, "task": 1311, "task_id": "fresh-eval-a1b3616c2878", "tasks": 1500, "visible_unique_passes": 0}
[transformers] Both `min_new_tokens` (=0) and `min_length`(=0) seem to have been set. `min_new_tokens` will take precedence. Please refer to the documentation for more information. (https://huggingface.co/docs/transformers/main/en/main_classes/text_generation)
{"accepted": false, "accepted_total": 33, "task": 1312, "task_id": "fresh-eval-44b1c77c816a", "tasks": 1500, "visible_unique_passes": 0}
[transformers] Both `min_new_tokens` (=0) and `min_length`(=0) seem to have been set. `min_new_tokens` will take precedence. Please refer to the documentation for more information. (https://huggingface.co/docs/transformers/main/en/main_classes/text_generation)
{"accepted": false, "accepted_total": 33, "task": 1313, "task_id": "fresh-eval-94ac6f9cb495", "tasks": 1500, "visible_unique_passes": 0}
[transformers] Both `min_new_tokens` (=0) and `min_length`(=0) seem to have been set. `min_new_tokens` will take precedence. Please refer to the documentation for more information. (https://huggingface.co/docs/transformers/main/en/main_classes/text_generation)
{"accepted": false, "accepted_total": 33, "task": 1314, "task_id": "sigless_37e338b85da4", "tasks": 1500, "visible_unique_passes": 0}
[transformers] Both `min_new_tokens` (=0) and `min_length`(=0) seem to have been set. `min_new_tokens` will take precedence. Please refer to the documentation for more information. (https://huggingface.co/docs/transformers/main/en/main_classes/text_generation)
{"accepted": false, "accepted_total": 33, "task": 1315, "task_id": "fresh-eval-7df5366fed22", "tasks": 1500, "visible_unique_passes": 0}
[transformers] Both `min_new_tokens` (=0) and `min_length`(=0) seem to have been set. `min_new_tokens` will take precedence. Please refer to the documentation for more information. (https://huggingface.co/docs/transformers/main/en/main_classes/text_generation)
{"accepted": false, "accepted_total": 33, "task": 1316, "task_id": "fresh-eval-4888aaaa32b4", "tasks": 1500, "visible_unique_passes": 0}
[transformers] Both `min_new_tokens` (=0) and `min_length`(=0) seem to have been set. `min_new_tokens` will take precedence. Please refer to the documentation for more information. (https://huggingface.co/docs/transformers/main/en/main_classes/text_generation)
{"accepted": false, "accepted_total": 33, "task": 1317, "task_id": "sigless_e2e1bd8444c2", "tasks": 1500, "visible_unique_passes": 0}
[transformers] Both `min_new_tokens` (=0) and `min_length`(=0) seem to have been set. `min_new_tokens` will take precedence. Please refer to the documentation for more information. (https://huggingface.co/docs/transformers/main/en/main_classes/text_generation)
{"accepted": false, "accepted_total": 33, "task": 1318, "task_id": "fresh-eval-bb737b3d1afb", "tasks": 1500, "visible_unique_passes": 0}
[transformers] Both `min_new_tokens` (=0) and `min_length`(=0) seem to have been set. `min_new_tokens` will take precedence. Please refer to the documentation for more information. (https://huggingface.co/docs/transformers/main/en/main_classes/text_generation)
{"accepted": false, "accepted_total": 33, "task": 1319, "task_id": "fresh-eval-56698f6226e1", "tasks": 1500, "visible_unique_passes": 0}
[transformers] Both `min_new_tokens` (=0) and `min_length`(=0) seem to have been set. `min_new_tokens` will take precedence. Please refer to the documentation for more information. (https://huggingface.co/docs/transformers/main/en/main_classes/text_generation)
{"accepted": false, "accepted_total": 33, "task": 1320, "task_id": "sigless_b36d359a3908", "tasks": 1500, "visible_unique_passes": 0}
[transformers] Both `min_new_tokens` (=0) and `min_length`(=0) seem to have been set. `min_new_tokens` will take precedence. Please refer to the documentation for more information. (https://huggingface.co/docs/transformers/main/en/main_classes/text_generation)
{"accepted": false, "accepted_total": 33, "task": 1321, "task_id": "fresh-eval-2a48edef3437", "tasks": 1500, "visible_unique_passes": 0}
[transformers] Both `min_new_tokens` (=0) and `min_length`(=0) seem to have been set. `min_new_tokens` will take precedence. Please refer to the documentation for more information. (https://huggingface.co/docs/transformers/main/en/main_classes/text_generation)
{"accepted": false, "accepted_total": 33, "task": 1322, "task_id": "sigless_658c2c4687ae", "tasks": 1500, "visible_unique_passes": 0}
[transformers] Both `min_new_tokens` (=0) and `min_length`(=0) seem to have been set. `min_new_tokens` will take precedence. Please refer to the documentation for more information. (https://huggingface.co/docs/transformers/main/en/main_classes/text_generation)
{"accepted": false, "accepted_total": 33, "task": 1323, "task_id": "sigless_9815c3a7cb3e", "tasks": 1500, "visible_unique_passes": 0}
[transformers] Both `min_new_tokens` (=0) and `min_length`(=0) seem to have been set. `min_new_tokens` will take precedence. Please refer to the documentation for more information. (https://huggingface.co/docs/transformers/main/en/main_classes/text_generation)
{"accepted": false, "accepted_total": 33, "task": 1324, "task_id": "sigless_604fc9c7847c", "tasks": 1500, "visible_unique_passes": 0}
[transformers] Both `min_new_tokens` (=0) and `min_length`(=0) seem to have been set. `min_new_tokens` will take precedence. Please refer to the documentation for more information. (https://huggingface.co/docs/transformers/main/en/main_classes/text_generation)
{"accepted": false, "accepted_total": 33, "task": 1325, "task_id": "sigless_78f759d71cd8", "tasks": 1500, "visible_unique_passes": 0}
[transformers] Both `min_new_tokens` (=0) and `min_length`(=0) seem to have been set. `min_new_tokens` will take precedence. Please refer to the documentation for more information. (https://huggingface.co/docs/transformers/main/en/main_classes/text_generation)
{"accepted": false, "accepted_total": 33, "task": 1326, "task_id": "fresh-eval-75b096c8efee", "tasks": 1500, "visible_unique_passes": 0}
[transformers] Both `min_new_tokens` (=0) and `min_length`(=0) seem to have been set. `min_new_tokens` will take precedence. Please refer to the documentation for more information. (https://huggingface.co/docs/transformers/main/en/main_classes/text_generation)
{"accepted": false, "accepted_total": 33, "task": 1327, "task_id": "fresh-eval-6246a0a90902", "tasks": 1500, "visible_unique_passes": 0}
[transformers] Both `min_new_tokens` (=0) and `min_length`(=0) seem to have been set. `min_new_tokens` will take precedence. Please refer to the documentation for more information. (https://huggingface.co/docs/transformers/main/en/main_classes/text_generation)
{"accepted": false, "accepted_total": 33, "task": 1328, "task_id": "sigless_dff07db59ffb", "tasks": 1500, "visible_unique_passes": 0}
[transformers] Both `min_new_tokens` (=0) and `min_length`(=0) seem to have been set. `min_new_tokens` will take precedence. Please refer to the documentation for more information. (https://huggingface.co/docs/transformers/main/en/main_classes/text_generation)
{"accepted": false, "accepted_total": 33, "task": 1329, "task_id": "fresh-eval-232f8a69e950", "tasks": 1500, "visible_unique_passes": 0}
[transformers] Both `min_new_tokens` (=0) and `min_length`(=0) seem to have been set. `min_new_tokens` will take precedence. Please refer to the documentation for more information. (https://huggingface.co/docs/transformers/main/en/main_classes/text_generation)
{"accepted": false, "accepted_total": 33, "task": 1330, "task_id": "sigless_e72423a63208", "tasks": 1500, "visible_unique_passes": 0}
[transformers] Both `min_new_tokens` (=0) and `min_length`(=0) seem to have been set. `min_new_tokens` will take precedence. Please refer to the documentation for more information. (https://huggingface.co/docs/transformers/main/en/main_classes/text_generation)
{"accepted": false, "accepted_total": 33, "task": 1331, "task_id": "sigless_84449734ca07", "tasks": 1500, "visible_unique_passes": 0}
[transformers] Both `min_new_tokens` (=0) and `min_length`(=0) seem to have been set. `min_new_tokens` will take precedence. Please refer to the documentation for more information. (https://huggingface.co/docs/transformers/main/en/main_classes/text_generation)
{"accepted": false, "accepted_total": 33, "task": 1332, "task_id": "sigless_a8ef2fa5fcc5", "tasks": 1500, "visible_unique_passes": 0}
[transformers] Both `min_new_tokens` (=0) and `min_length`(=0) seem to have been set. `min_new_tokens` will take precedence. Please refer to the documentation for more information. (https://huggingface.co/docs/transformers/main/en/main_classes/text_generation)
{"accepted": false, "accepted_total": 33, "task": 1333, "task_id": "fresh-eval-b04d7aad800c", "tasks": 1500, "visible_unique_passes": 1}
[transformers] Both `min_new_tokens` (=0) and `min_length`(=0) seem to have been set. `min_new_tokens` will take precedence. Please refer to the documentation for more information. (https://huggingface.co/docs/transformers/main/en/main_classes/text_generation)
{"accepted": false, "accepted_total": 33, "task": 1334, "task_id": "fresh-eval-95f9bb44bd41", "tasks": 1500, "visible_unique_passes": 0}
[transformers] Both `min_new_tokens` (=0) and `min_length`(=0) seem to have been set. `min_new_tokens` will take precedence. Please refer to the documentation for more information. (https://huggingface.co/docs/transformers/main/en/main_classes/text_generation)
{"accepted": true, "accepted_total": 34, "task": 1335, "task_id": "sigless_8b39e27c170e", "tasks": 1500, "visible_unique_passes": 1}
[transformers] Both `min_new_tokens` (=0) and `min_length`(=0) seem to have been set. `min_new_tokens` will take precedence. Please refer to the documentation for more information. (https://huggingface.co/docs/transformers/main/en/main_classes/text_generation)
{"accepted": false, "accepted_total": 34, "task": 1336, "task_id": "sigless_f4242b9e4116", "tasks": 1500, "visible_unique_passes": 0}
[transformers] Both `min_new_tokens` (=0) and `min_length`(=0) seem to have been set. `min_new_tokens` will take precedence. Please refer to the documentation for more information. (https://huggingface.co/docs/transformers/main/en/main_classes/text_generation)
{"accepted": false, "accepted_total": 34, "task": 1337, "task_id": "sigless_7eb76cb48195", "tasks": 1500, "visible_unique_passes": 0}
[transformers] Both `min_new_tokens` (=0) and `min_length`(=0) seem to have been set. `min_new_tokens` will take precedence. Please refer to the documentation for more information. (https://huggingface.co/docs/transformers/main/en/main_classes/text_generation)
{"accepted": false, "accepted_total": 34, "task": 1338, "task_id": "fresh-eval-dba1fc9af285", "tasks": 1500, "visible_unique_passes": 0}
[transformers] Both `min_new_tokens` (=0) and `min_length`(=0) seem to have been set. `min_new_tokens` will take precedence. Please refer to the documentation for more information. (https://huggingface.co/docs/transformers/main/en/main_classes/text_generation)
{"accepted": false, "accepted_total": 34, "task": 1339, "task_id": "fresh-eval-7d4c0937d16f", "tasks": 1500, "visible_unique_passes": 0}
[transformers] Both `min_new_tokens` (=0) and `min_length`(=0) seem to have been set. `min_new_tokens` will take precedence. Please refer to the documentation for more information. (https://huggingface.co/docs/transformers/main/en/main_classes/text_generation)
{"accepted": false, "accepted_total": 34, "task": 1340, "task_id": "fresh-eval-122c02d97e73", "tasks": 1500, "visible_unique_passes": 0}
[transformers] Both `min_new_tokens` (=0) and `min_length`(=0) seem to have been set. `min_new_tokens` will take precedence. Please refer to the documentation for more information. (https://huggingface.co/docs/transformers/main/en/main_classes/text_generation)
{"accepted": false, "accepted_total": 34, "task": 1341, "task_id": "fresh-eval-b0616a38faab", "tasks": 1500, "visible_unique_passes": 0}
[transformers] Both `min_new_tokens` (=0) and `min_length`(=0) seem to have been set. `min_new_tokens` will take precedence. Please refer to the documentation for more information. (https://huggingface.co/docs/transformers/main/en/main_classes/text_generation)
{"accepted": false, "accepted_total": 34, "task": 1342, "task_id": "fresh-eval-496df0a0cbce", "tasks": 1500, "visible_unique_passes": 0}
[transformers] Both `min_new_tokens` (=0) and `min_length`(=0) seem to have been set. `min_new_tokens` will take precedence. Please refer to the documentation for more information. (https://huggingface.co/docs/transformers/main/en/main_classes/text_generation)
{"accepted": false, "accepted_total": 34, "task": 1343, "task_id": "sigless_67751684f6fc", "tasks": 1500, "visible_unique_passes": 0}
[transformers] Both `min_new_tokens` (=0) and `min_length`(=0) seem to have been set. `min_new_tokens` will take precedence. Please refer to the documentation for more information. (https://huggingface.co/docs/transformers/main/en/main_classes/text_generation)
{"accepted": false, "accepted_total": 34, "task": 1344, "task_id": "sigless_93162e2ef769", "tasks": 1500, "visible_unique_passes": 0}
[transformers] Both `min_new_tokens` (=0) and `min_length`(=0) seem to have been set. `min_new_tokens` will take precedence. Please refer to the documentation for more information. (https://huggingface.co/docs/transformers/main/en/main_classes/text_generation)
{"accepted": false, "accepted_total": 34, "task": 1345, "task_id": "fresh-eval-4dffd7d6bcb7", "tasks": 1500, "visible_unique_passes": 0}
[transformers] Both `min_new_tokens` (=0) and `min_length`(=0) seem to have been set. `min_new_tokens` will take precedence. Please refer to the documentation for more information. (https://huggingface.co/docs/transformers/main/en/main_classes/text_generation)
{"accepted": false, "accepted_total": 34, "task": 1346, "task_id": "sigless_11949d469b8a", "tasks": 1500, "visible_unique_passes": 0}
[transformers] Both `min_new_tokens` (=0) and `min_length`(=0) seem to have been set. `min_new_tokens` will take precedence. Please refer to the documentation for more information. (https://huggingface.co/docs/transformers/main/en/main_classes/text_generation)
{"accepted": false, "accepted_total": 34, "task": 1347, "task_id": "sigless_1988fac64320", "tasks": 1500, "visible_unique_passes": 0}
[transformers] Both `min_new_tokens` (=0) and `min_length`(=0) seem to have been set. `min_new_tokens` will take precedence. Please refer to the documentation for more information. (https://huggingface.co/docs/transformers/main/en/main_classes/text_generation)
{"accepted": false, "accepted_total": 34, "task": 1348, "task_id": "sigless_2499f3b025bd", "tasks": 1500, "visible_unique_passes": 0}
[transformers] Both `min_new_tokens` (=0) and `min_length`(=0) seem to have been set. `min_new_tokens` will take precedence. Please refer to the documentation for more information. (https://huggingface.co/docs/transformers/main/en/main_classes/text_generation)
{"accepted": false, "accepted_total": 34, "task": 1349, "task_id": "fresh-eval-5bf9261c1ae1", "tasks": 1500, "visible_unique_passes": 0}
[transformers] Both `min_new_tokens` (=0) and `min_length`(=0) seem to have been set. `min_new_tokens` will take precedence. Please refer to the documentation for more information. (https://huggingface.co/docs/transformers/main/en/main_classes/text_generation)
{"accepted": false, "accepted_total": 34, "task": 1350, "task_id": "sigless_e8e040c1c0d7", "tasks": 1500, "visible_unique_passes": 0}
[transformers] Both `min_new_tokens` (=0) and `min_length`(=0) seem to have been set. `min_new_tokens` will take precedence. Please refer to the documentation for more information. (https://huggingface.co/docs/transformers/main/en/main_classes/text_generation)
{"accepted": false, "accepted_total": 34, "task": 1351, "task_id": "sigless_ad47025276c6", "tasks": 1500, "visible_unique_passes": 4}
[transformers] Both `min_new_tokens` (=0) and `min_length`(=0) seem to have been set. `min_new_tokens` will take precedence. Please refer to the documentation for more information. (https://huggingface.co/docs/transformers/main/en/main_classes/text_generation)
{"accepted": false, "accepted_total": 34, "task": 1352, "task_id": "sigless_cad359731735", "tasks": 1500, "visible_unique_passes": 0}
[transformers] Both `min_new_tokens` (=0) and `min_length`(=0) seem to have been set. `min_new_tokens` will take precedence. Please refer to the documentation for more information. (https://huggingface.co/docs/transformers/main/en/main_classes/text_generation)
{"accepted": false, "accepted_total": 34, "task": 1353, "task_id": "fresh-eval-d3d5aa1ea94a", "tasks": 1500, "visible_unique_passes": 0}
[transformers] Both `min_new_tokens` (=0) and `min_length`(=0) seem to have been set. `min_new_tokens` will take precedence. Please refer to the documentation for more information. (https://huggingface.co/docs/transformers/main/en/main_classes/text_generation)
{"accepted": false, "accepted_total": 34, "task": 1354, "task_id": "fresh-eval-046615abeb13", "tasks": 1500, "visible_unique_passes": 0}
[transformers] Both `min_new_tokens` (=0) and `min_length`(=0) seem to have been set. `min_new_tokens` will take precedence. Please refer to the documentation for more information. (https://huggingface.co/docs/transformers/main/en/main_classes/text_generation)
{"accepted": false, "accepted_total": 34, "task": 1355, "task_id": "sigless_d17d194e8870", "tasks": 1500, "visible_unique_passes": 0}
[transformers] Both `min_new_tokens` (=0) and `min_length`(=0) seem to have been set. `min_new_tokens` will take precedence. Please refer to the documentation for more information. (https://huggingface.co/docs/transformers/main/en/main_classes/text_generation)
{"accepted": false, "accepted_total": 34, "task": 1356, "task_id": "sigless_ca2751f48b81", "tasks": 1500, "visible_unique_passes": 0}
[transformers] Both `min_new_tokens` (=0) and `min_length`(=0) seem to have been set. `min_new_tokens` will take precedence. Please refer to the documentation for more information. (https://huggingface.co/docs/transformers/main/en/main_classes/text_generation)
{"accepted": false, "accepted_total": 34, "task": 1357, "task_id": "sigless_3c0642849805", "tasks": 1500, "visible_unique_passes": 0}
[transformers] Both `min_new_tokens` (=0) and `min_length`(=0) seem to have been set. `min_new_tokens` will take precedence. Please refer to the documentation for more information. (https://huggingface.co/docs/transformers/main/en/main_classes/text_generation)
{"accepted": false, "accepted_total": 34, "task": 1358, "task_id": "fresh-eval-a896a9c0a40f", "tasks": 1500, "visible_unique_passes": 0}
[transformers] Both `min_new_tokens` (=0) and `min_length`(=0) seem to have been set. `min_new_tokens` will take precedence. Please refer to the documentation for more information. (https://huggingface.co/docs/transformers/main/en/main_classes/text_generation)
{"accepted": false, "accepted_total": 34, "task": 1359, "task_id": "fresh-eval-5df9f3e904e0", "tasks": 1500, "visible_unique_passes": 0}
[transformers] Both `min_new_tokens` (=0) and `min_length`(=0) seem to have been set. `min_new_tokens` will take precedence. Please refer to the documentation for more information. (https://huggingface.co/docs/transformers/main/en/main_classes/text_generation)
{"accepted": false, "accepted_total": 34, "task": 1360, "task_id": "sigless_9fc068de82b7", "tasks": 1500, "visible_unique_passes": 0}
[transformers] Both `min_new_tokens` (=0) and `min_length`(=0) seem to have been set. `min_new_tokens` will take precedence. Please refer to the documentation for more information. (https://huggingface.co/docs/transformers/main/en/main_classes/text_generation)
{"accepted": false, "accepted_total": 34, "task": 1361, "task_id": "fresh-eval-87f48f283ae4", "tasks": 1500, "visible_unique_passes": 0}
[transformers] Both `min_new_tokens` (=0) and `min_length`(=0) seem to have been set. `min_new_tokens` will take precedence. Please refer to the documentation for more information. (https://huggingface.co/docs/transformers/main/en/main_classes/text_generation)
{"accepted": false, "accepted_total": 34, "task": 1362, "task_id": "fresh-eval-40360525fd10", "tasks": 1500, "visible_unique_passes": 0}
[transformers] Both `min_new_tokens` (=0) and `min_length`(=0) seem to have been set. `min_new_tokens` will take precedence. Please refer to the documentation for more information. (https://huggingface.co/docs/transformers/main/en/main_classes/text_generation)
{"accepted": false, "accepted_total": 34, "task": 1363, "task_id": "sigless_5ef01b4278b3", "tasks": 1500, "visible_unique_passes": 0}
[transformers] Both `min_new_tokens` (=0) and `min_length`(=0) seem to have been set. `min_new_tokens` will take precedence. Please refer to the documentation for more information. (https://huggingface.co/docs/transformers/main/en/main_classes/text_generation)
{"accepted": false, "accepted_total": 34, "task": 1364, "task_id": "sigless_cfa8dddf2419", "tasks": 1500, "visible_unique_passes": 0}
[transformers] Both `min_new_tokens` (=0) and `min_length`(=0) seem to have been set. `min_new_tokens` will take precedence. Please refer to the documentation for more information. (https://huggingface.co/docs/transformers/main/en/main_classes/text_generation)
{"accepted": false, "accepted_total": 34, "task": 1365, "task_id": "sigless_aa78c1454979", "tasks": 1500, "visible_unique_passes": 0}
[transformers] Both `min_new_tokens` (=0) and `min_length`(=0) seem to have been set. `min_new_tokens` will take precedence. Please refer to the documentation for more information. (https://huggingface.co/docs/transformers/main/en/main_classes/text_generation)
{"accepted": false, "accepted_total": 34, "task": 1366, "task_id": "fresh-eval-10a9b7254ce2", "tasks": 1500, "visible_unique_passes": 0}
[transformers] Both `min_new_tokens` (=0) and `min_length`(=0) seem to have been set. `min_new_tokens` will take precedence. Please refer to the documentation for more information. (https://huggingface.co/docs/transformers/main/en/main_classes/text_generation)
{"accepted": false, "accepted_total": 34, "task": 1367, "task_id": "fresh-eval-eed472934e88", "tasks": 1500, "visible_unique_passes": 0}
[transformers] Both `min_new_tokens` (=0) and `min_length`(=0) seem to have been set. `min_new_tokens` will take precedence. Please refer to the documentation for more information. (https://huggingface.co/docs/transformers/main/en/main_classes/text_generation)
{"accepted": false, "accepted_total": 34, "task": 1368, "task_id": "fresh-eval-529de042f352", "tasks": 1500, "visible_unique_passes": 0}
[transformers] Both `min_new_tokens` (=0) and `min_length`(=0) seem to have been set. `min_new_tokens` will take precedence. Please refer to the documentation for more information. (https://huggingface.co/docs/transformers/main/en/main_classes/text_generation)
{"accepted": false, "accepted_total": 34, "task": 1369, "task_id": "sigless_0a4608d2a9d7", "tasks": 1500, "visible_unique_passes": 0}
[transformers] Both `min_new_tokens` (=0) and `min_length`(=0) seem to have been set. `min_new_tokens` will take precedence. Please refer to the documentation for more information. (https://huggingface.co/docs/transformers/main/en/main_classes/text_generation)
{"accepted": false, "accepted_total": 34, "task": 1370, "task_id": "sigless_0507b4b78962", "tasks": 1500, "visible_unique_passes": 0}
[transformers] Both `min_new_tokens` (=0) and `min_length`(=0) seem to have been set. `min_new_tokens` will take precedence. Please refer to the documentation for more information. (https://huggingface.co/docs/transformers/main/en/main_classes/text_generation)
{"accepted": false, "accepted_total": 34, "task": 1371, "task_id": "sigless_bef2e2baa600", "tasks": 1500, "visible_unique_passes": 0}
[transformers] Both `min_new_tokens` (=0) and `min_length`(=0) seem to have been set. `min_new_tokens` will take precedence. Please refer to the documentation for more information. (https://huggingface.co/docs/transformers/main/en/main_classes/text_generation)
{"accepted": false, "accepted_total": 34, "task": 1372, "task_id": "fresh-eval-428d9cb72a90", "tasks": 1500, "visible_unique_passes": 0}
[transformers] Both `min_new_tokens` (=0) and `min_length`(=0) seem to have been set. `min_new_tokens` will take precedence. Please refer to the documentation for more information. (https://huggingface.co/docs/transformers/main/en/main_classes/text_generation)
{"accepted": false, "accepted_total": 34, "task": 1373, "task_id": "fresh-eval-553c55cff4f8", "tasks": 1500, "visible_unique_passes": 0}
[transformers] Both `min_new_tokens` (=0) and `min_length`(=0) seem to have been set. `min_new_tokens` will take precedence. Please refer to the documentation for more information. (https://huggingface.co/docs/transformers/main/en/main_classes/text_generation)
{"accepted": false, "accepted_total": 34, "task": 1374, "task_id": "sigless_ca74ce66306b", "tasks": 1500, "visible_unique_passes": 0}
[transformers] Both `min_new_tokens` (=0) and `min_length`(=0) seem to have been set. `min_new_tokens` will take precedence. Please refer to the documentation for more information. (https://huggingface.co/docs/transformers/main/en/main_classes/text_generation)
{"accepted": false, "accepted_total": 34, "task": 1375, "task_id": "sigless_6a33bb1a672e", "tasks": 1500, "visible_unique_passes": 0}
[transformers] Both `min_new_tokens` (=0) and `min_length`(=0) seem to have been set. `min_new_tokens` will take precedence. Please refer to the documentation for more information. (https://huggingface.co/docs/transformers/main/en/main_classes/text_generation)
{"accepted": false, "accepted_total": 34, "task": 1376, "task_id": "fresh-eval-0acd29551b0b", "tasks": 1500, "visible_unique_passes": 0}
[transformers] Both `min_new_tokens` (=0) and `min_length`(=0) seem to have been set. `min_new_tokens` will take precedence. Please refer to the documentation for more information. (https://huggingface.co/docs/transformers/main/en/main_classes/text_generation)
{"accepted": false, "accepted_total": 34, "task": 1377, "task_id": "fresh-eval-5dc276bbf7f2", "tasks": 1500, "visible_unique_passes": 0}
[transformers] Both `min_new_tokens` (=0) and `min_length`(=0) seem to have been set. `min_new_tokens` will take precedence. Please refer to the documentation for more information. (https://huggingface.co/docs/transformers/main/en/main_classes/text_generation)
{"accepted": false, "accepted_total": 34, "task": 1378, "task_id": "fresh-eval-088132e9e59f", "tasks": 1500, "visible_unique_passes": 0}
[transformers] Both `min_new_tokens` (=0) and `min_length`(=0) seem to have been set. `min_new_tokens` will take precedence. Please refer to the documentation for more information. (https://huggingface.co/docs/transformers/main/en/main_classes/text_generation)
{"accepted": false, "accepted_total": 34, "task": 1379, "task_id": "fresh-eval-90b3f5dc6e39", "tasks": 1500, "visible_unique_passes": 0}
[transformers] Both `min_new_tokens` (=0) and `min_length`(=0) seem to have been set. `min_new_tokens` will take precedence. Please refer to the documentation for more information. (https://huggingface.co/docs/transformers/main/en/main_classes/text_generation)
{"accepted": false, "accepted_total": 34, "task": 1380, "task_id": "fresh-eval-c5bccd990a2b", "tasks": 1500, "visible_unique_passes": 0}
[transformers] Both `min_new_tokens` (=0) and `min_length`(=0) seem to have been set. `min_new_tokens` will take precedence. Please refer to the documentation for more information. (https://huggingface.co/docs/transformers/main/en/main_classes/text_generation)
{"accepted": false, "accepted_total": 34, "task": 1381, "task_id": "fresh-eval-003098a11018", "tasks": 1500, "visible_unique_passes": 0}
[transformers] Both `min_new_tokens` (=0) and `min_length`(=0) seem to have been set. `min_new_tokens` will take precedence. Please refer to the documentation for more information. (https://huggingface.co/docs/transformers/main/en/main_classes/text_generation)
{"accepted": false, "accepted_total": 34, "task": 1382, "task_id": "fresh-eval-549d5c0ff033", "tasks": 1500, "visible_unique_passes": 0}
[transformers] Both `min_new_tokens` (=0) and `min_length`(=0) seem to have been set. `min_new_tokens` will take precedence. Please refer to the documentation for more information. (https://huggingface.co/docs/transformers/main/en/main_classes/text_generation)
{"accepted": false, "accepted_total": 34, "task": 1383, "task_id": "sigless_59690a61e2a4", "tasks": 1500, "visible_unique_passes": 0}
[transformers] Both `min_new_tokens` (=0) and `min_length`(=0) seem to have been set. `min_new_tokens` will take precedence. Please refer to the documentation for more information. (https://huggingface.co/docs/transformers/main/en/main_classes/text_generation)
{"accepted": false, "accepted_total": 34, "task": 1384, "task_id": "fresh-eval-fb3cbed892c0", "tasks": 1500, "visible_unique_passes": 0}
[transformers] Both `min_new_tokens` (=0) and `min_length`(=0) seem to have been set. `min_new_tokens` will take precedence. Please refer to the documentation for more information. (https://huggingface.co/docs/transformers/main/en/main_classes/text_generation)
{"accepted": false, "accepted_total": 34, "task": 1385, "task_id": "sigless_856dbc8090dd", "tasks": 1500, "visible_unique_passes": 0}
[transformers] Both `min_new_tokens` (=0) and `min_length`(=0) seem to have been set. `min_new_tokens` will take precedence. Please refer to the documentation for more information. (https://huggingface.co/docs/transformers/main/en/main_classes/text_generation)
{"accepted": false, "accepted_total": 34, "task": 1386, "task_id": "sigless_b53b418c9bf1", "tasks": 1500, "visible_unique_passes": 0}
[transformers] Both `min_new_tokens` (=0) and `min_length`(=0) seem to have been set. `min_new_tokens` will take precedence. Please refer to the documentation for more information. (https://huggingface.co/docs/transformers/main/en/main_classes/text_generation)
{"accepted": false, "accepted_total": 34, "task": 1387, "task_id": "sigless_6f42d827832d", "tasks": 1500, "visible_unique_passes": 0}
[transformers] Both `min_new_tokens` (=0) and `min_length`(=0) seem to have been set. `min_new_tokens` will take precedence. Please refer to the documentation for more information. (https://huggingface.co/docs/transformers/main/en/main_classes/text_generation)
{"accepted": false, "accepted_total": 34, "task": 1388, "task_id": "sigless_7eaac73acfe6", "tasks": 1500, "visible_unique_passes": 0}
[transformers] Both `min_new_tokens` (=0) and `min_length`(=0) seem to have been set. `min_new_tokens` will take precedence. Please refer to the documentation for more information. (https://huggingface.co/docs/transformers/main/en/main_classes/text_generation)
{"accepted": false, "accepted_total": 34, "task": 1389, "task_id": "sigless_4f1f06f120a6", "tasks": 1500, "visible_unique_passes": 0}
[transformers] Both `min_new_tokens` (=0) and `min_length`(=0) seem to have been set. `min_new_tokens` will take precedence. Please refer to the documentation for more information. (https://huggingface.co/docs/transformers/main/en/main_classes/text_generation)
{"accepted": false, "accepted_total": 34, "task": 1390, "task_id": "sigless_1ff709cca1fb", "tasks": 1500, "visible_unique_passes": 0}
[transformers] Both `min_new_tokens` (=0) and `min_length`(=0) seem to have been set. `min_new_tokens` will take precedence. Please refer to the documentation for more information. (https://huggingface.co/docs/transformers/main/en/main_classes/text_generation)
{"accepted": false, "accepted_total": 34, "task": 1391, "task_id": "fresh-eval-8e4872bd3b87", "tasks": 1500, "visible_unique_passes": 0}
[transformers] Both `min_new_tokens` (=0) and `min_length`(=0) seem to have been set. `min_new_tokens` will take precedence. Please refer to the documentation for more information. (https://huggingface.co/docs/transformers/main/en/main_classes/text_generation)
{"accepted": false, "accepted_total": 34, "task": 1392, "task_id": "sigless_82e505f25203", "tasks": 1500, "visible_unique_passes": 0}
[transformers] Both `min_new_tokens` (=0) and `min_length`(=0) seem to have been set. `min_new_tokens` will take precedence. Please refer to the documentation for more information. (https://huggingface.co/docs/transformers/main/en/main_classes/text_generation)
{"accepted": false, "accepted_total": 34, "task": 1393, "task_id": "fresh-eval-dcc8b923b42a", "tasks": 1500, "visible_unique_passes": 0}
[transformers] Both `min_new_tokens` (=0) and `min_length`(=0) seem to have been set. `min_new_tokens` will take precedence. Please refer to the documentation for more information. (https://huggingface.co/docs/transformers/main/en/main_classes/text_generation)
{"accepted": false, "accepted_total": 34, "task": 1394, "task_id": "fresh-eval-0dd2304a5d4d", "tasks": 1500, "visible_unique_passes": 0}
[transformers] Both `min_new_tokens` (=0) and `min_length`(=0) seem to have been set. `min_new_tokens` will take precedence. Please refer to the documentation for more information. (https://huggingface.co/docs/transformers/main/en/main_classes/text_generation)
{"accepted": false, "accepted_total": 34, "task": 1395, "task_id": "fresh-eval-9d021a91dd6d", "tasks": 1500, "visible_unique_passes": 0}
[transformers] Both `min_new_tokens` (=0) and `min_length`(=0) seem to have been set. `min_new_tokens` will take precedence. Please refer to the documentation for more information. (https://huggingface.co/docs/transformers/main/en/main_classes/text_generation)
{"accepted": false, "accepted_total": 34, "task": 1396, "task_id": "sigless_68bd3a92b2d2", "tasks": 1500, "visible_unique_passes": 0}
[transformers] Both `min_new_tokens` (=0) and `min_length`(=0) seem to have been set. `min_new_tokens` will take precedence. Please refer to the documentation for more information. (https://huggingface.co/docs/transformers/main/en/main_classes/text_generation)
{"accepted": false, "accepted_total": 34, "task": 1397, "task_id": "sigless_a218ad5d1243", "tasks": 1500, "visible_unique_passes": 0}
[transformers] Both `min_new_tokens` (=0) and `min_length`(=0) seem to have been set. `min_new_tokens` will take precedence. Please refer to the documentation for more information. (https://huggingface.co/docs/transformers/main/en/main_classes/text_generation)
{"accepted": false, "accepted_total": 34, "task": 1398, "task_id": "fresh-eval-a6997d86151b", "tasks": 1500, "visible_unique_passes": 0}
[transformers] Both `min_new_tokens` (=0) and `min_length`(=0) seem to have been set. `min_new_tokens` will take precedence. Please refer to the documentation for more information. (https://huggingface.co/docs/transformers/main/en/main_classes/text_generation)
{"accepted": false, "accepted_total": 34, "task": 1399, "task_id": "fresh-eval-a019cba455db", "tasks": 1500, "visible_unique_passes": 0}
[transformers] Both `min_new_tokens` (=0) and `min_length`(=0) seem to have been set. `min_new_tokens` will take precedence. Please refer to the documentation for more information. (https://huggingface.co/docs/transformers/main/en/main_classes/text_generation)
{"accepted": false, "accepted_total": 34, "task": 1400, "task_id": "fresh-eval-f00d99f33fdf", "tasks": 1500, "visible_unique_passes": 0}
[transformers] Both `min_new_tokens` (=0) and `min_length`(=0) seem to have been set. `min_new_tokens` will take precedence. Please refer to the documentation for more information. (https://huggingface.co/docs/transformers/main/en/main_classes/text_generation)
{"accepted": false, "accepted_total": 34, "task": 1401, "task_id": "fresh-eval-4ffc2a72bf2f", "tasks": 1500, "visible_unique_passes": 0}
[transformers] Both `min_new_tokens` (=0) and `min_length`(=0) seem to have been set. `min_new_tokens` will take precedence. Please refer to the documentation for more information. (https://huggingface.co/docs/transformers/main/en/main_classes/text_generation)
{"accepted": false, "accepted_total": 34, "task": 1402, "task_id": "fresh-eval-3b0b9af316ea", "tasks": 1500, "visible_unique_passes": 0}
[transformers] Both `min_new_tokens` (=0) and `min_length`(=0) seem to have been set. `min_new_tokens` will take precedence. Please refer to the documentation for more information. (https://huggingface.co/docs/transformers/main/en/main_classes/text_generation)
{"accepted": false, "accepted_total": 34, "task": 1403, "task_id": "fresh-eval-60e124372560", "tasks": 1500, "visible_unique_passes": 0}
[transformers] Both `min_new_tokens` (=0) and `min_length`(=0) seem to have been set. `min_new_tokens` will take precedence. Please refer to the documentation for more information. (https://huggingface.co/docs/transformers/main/en/main_classes/text_generation)
{"accepted": true, "accepted_total": 35, "task": 1404, "task_id": "fresh-eval-0c8803b4e06c", "tasks": 1500, "visible_unique_passes": 1}
[transformers] Both `min_new_tokens` (=0) and `min_length`(=0) seem to have been set. `min_new_tokens` will take precedence. Please refer to the documentation for more information. (https://huggingface.co/docs/transformers/main/en/main_classes/text_generation)
{"accepted": false, "accepted_total": 35, "task": 1405, "task_id": "fresh-eval-1a9afd7bad2a", "tasks": 1500, "visible_unique_passes": 0}
[transformers] Both `min_new_tokens` (=0) and `min_length`(=0) seem to have been set. `min_new_tokens` will take precedence. Please refer to the documentation for more information. (https://huggingface.co/docs/transformers/main/en/main_classes/text_generation)
{"accepted": false, "accepted_total": 35, "task": 1406, "task_id": "sigless_1b18b649ff39", "tasks": 1500, "visible_unique_passes": 0}
[transformers] Both `min_new_tokens` (=0) and `min_length`(=0) seem to have been set. `min_new_tokens` will take precedence. Please refer to the documentation for more information. (https://huggingface.co/docs/transformers/main/en/main_classes/text_generation)
{"accepted": false, "accepted_total": 35, "task": 1407, "task_id": "sigless_e469f0b29c0a", "tasks": 1500, "visible_unique_passes": 0}
[transformers] Both `min_new_tokens` (=0) and `min_length`(=0) seem to have been set. `min_new_tokens` will take precedence. Please refer to the documentation for more information. (https://huggingface.co/docs/transformers/main/en/main_classes/text_generation)
{"accepted": false, "accepted_total": 35, "task": 1408, "task_id": "fresh-eval-b18403dc7da1", "tasks": 1500, "visible_unique_passes": 0}
[transformers] Both `min_new_tokens` (=0) and `min_length`(=0) seem to have been set. `min_new_tokens` will take precedence. Please refer to the documentation for more information. (https://huggingface.co/docs/transformers/main/en/main_classes/text_generation)
{"accepted": false, "accepted_total": 35, "task": 1409, "task_id": "sigless_e4cf1f4f4c27", "tasks": 1500, "visible_unique_passes": 0}
[transformers] Both `min_new_tokens` (=0) and `min_length`(=0) seem to have been set. `min_new_tokens` will take precedence. Please refer to the documentation for more information. (https://huggingface.co/docs/transformers/main/en/main_classes/text_generation)
{"accepted": false, "accepted_total": 35, "task": 1410, "task_id": "fresh-eval-8e7e610afcc6", "tasks": 1500, "visible_unique_passes": 0}
[transformers] Both `min_new_tokens` (=0) and `min_length`(=0) seem to have been set. `min_new_tokens` will take precedence. Please refer to the documentation for more information. (https://huggingface.co/docs/transformers/main/en/main_classes/text_generation)
{"accepted": false, "accepted_total": 35, "task": 1411, "task_id": "sigless_eb850f94a7ae", "tasks": 1500, "visible_unique_passes": 0}
[transformers] Both `min_new_tokens` (=0) and `min_length`(=0) seem to have been set. `min_new_tokens` will take precedence. Please refer to the documentation for more information. (https://huggingface.co/docs/transformers/main/en/main_classes/text_generation)
{"accepted": false, "accepted_total": 35, "task": 1412, "task_id": "fresh-eval-da4dad65bf68", "tasks": 1500, "visible_unique_passes": 0}
[transformers] Both `min_new_tokens` (=0) and `min_length`(=0) seem to have been set. `min_new_tokens` will take precedence. Please refer to the documentation for more information. (https://huggingface.co/docs/transformers/main/en/main_classes/text_generation)
{"accepted": false, "accepted_total": 35, "task": 1413, "task_id": "sigless_e79b5e65141e", "tasks": 1500, "visible_unique_passes": 0}
[transformers] Both `min_new_tokens` (=0) and `min_length`(=0) seem to have been set. `min_new_tokens` will take precedence. Please refer to the documentation for more information. (https://huggingface.co/docs/transformers/main/en/main_classes/text_generation)
{"accepted": false, "accepted_total": 35, "task": 1414, "task_id": "sigless_a98bf56871d5", "tasks": 1500, "visible_unique_passes": 0}
[transformers] Both `min_new_tokens` (=0) and `min_length`(=0) seem to have been set. `min_new_tokens` will take precedence. Please refer to the documentation for more information. (https://huggingface.co/docs/transformers/main/en/main_classes/text_generation)
{"accepted": false, "accepted_total": 35, "task": 1415, "task_id": "sigless_a1b0acb76e4c", "tasks": 1500, "visible_unique_passes": 0}
[transformers] Both `min_new_tokens` (=0) and `min_length`(=0) seem to have been set. `min_new_tokens` will take precedence. Please refer to the documentation for more information. (https://huggingface.co/docs/transformers/main/en/main_classes/text_generation)
{"accepted": false, "accepted_total": 35, "task": 1416, "task_id": "sigless_cbdbaf09ade0", "tasks": 1500, "visible_unique_passes": 0}
[transformers] Both `min_new_tokens` (=0) and `min_length`(=0) seem to have been set. `min_new_tokens` will take precedence. Please refer to the documentation for more information. (https://huggingface.co/docs/transformers/main/en/main_classes/text_generation)
{"accepted": false, "accepted_total": 35, "task": 1417, "task_id": "fresh-eval-7f6c4f4de33f", "tasks": 1500, "visible_unique_passes": 0}
[transformers] Both `min_new_tokens` (=0) and `min_length`(=0) seem to have been set. `min_new_tokens` will take precedence. Please refer to the documentation for more information. (https://huggingface.co/docs/transformers/main/en/main_classes/text_generation)
{"accepted": false, "accepted_total": 35, "task": 1418, "task_id": "sigless_c9ae64937e34", "tasks": 1500, "visible_unique_passes": 0}
[transformers] Both `min_new_tokens` (=0) and `min_length`(=0) seem to have been set. `min_new_tokens` will take precedence. Please refer to the documentation for more information. (https://huggingface.co/docs/transformers/main/en/main_classes/text_generation)
{"accepted": false, "accepted_total": 35, "task": 1419, "task_id": "sigless_4523c169c47b", "tasks": 1500, "visible_unique_passes": 0}
[transformers] Both `min_new_tokens` (=0) and `min_length`(=0) seem to have been set. `min_new_tokens` will take precedence. Please refer to the documentation for more information. (https://huggingface.co/docs/transformers/main/en/main_classes/text_generation)
{"accepted": false, "accepted_total": 35, "task": 1420, "task_id": "sigless_1738d828c452", "tasks": 1500, "visible_unique_passes": 0}
[transformers] Both `min_new_tokens` (=0) and `min_length`(=0) seem to have been set. `min_new_tokens` will take precedence. Please refer to the documentation for more information. (https://huggingface.co/docs/transformers/main/en/main_classes/text_generation)
{"accepted": false, "accepted_total": 35, "task": 1421, "task_id": "fresh-eval-b512ebb4928d", "tasks": 1500, "visible_unique_passes": 0}
[transformers] Both `min_new_tokens` (=0) and `min_length`(=0) seem to have been set. `min_new_tokens` will take precedence. Please refer to the documentation for more information. (https://huggingface.co/docs/transformers/main/en/main_classes/text_generation)
{"accepted": false, "accepted_total": 35, "task": 1422, "task_id": "fresh-eval-a58549b877a1", "tasks": 1500, "visible_unique_passes": 0}
[transformers] Both `min_new_tokens` (=0) and `min_length`(=0) seem to have been set. `min_new_tokens` will take precedence. Please refer to the documentation for more information. (https://huggingface.co/docs/transformers/main/en/main_classes/text_generation)
{"accepted": false, "accepted_total": 35, "task": 1423, "task_id": "sigless_41fa6d8715eb", "tasks": 1500, "visible_unique_passes": 0}
[transformers] Both `min_new_tokens` (=0) and `min_length`(=0) seem to have been set. `min_new_tokens` will take precedence. Please refer to the documentation for more information. (https://huggingface.co/docs/transformers/main/en/main_classes/text_generation)
{"accepted": false, "accepted_total": 35, "task": 1424, "task_id": "sigless_675d26c571a9", "tasks": 1500, "visible_unique_passes": 0}
[transformers] Both `min_new_tokens` (=0) and `min_length`(=0) seem to have been set. `min_new_tokens` will take precedence. Please refer to the documentation for more information. (https://huggingface.co/docs/transformers/main/en/main_classes/text_generation)
{"accepted": false, "accepted_total": 35, "task": 1425, "task_id": "sigless_a72f93fa1ad3", "tasks": 1500, "visible_unique_passes": 0}
[transformers] Both `min_new_tokens` (=0) and `min_length`(=0) seem to have been set. `min_new_tokens` will take precedence. Please refer to the documentation for more information. (https://huggingface.co/docs/transformers/main/en/main_classes/text_generation)
{"accepted": false, "accepted_total": 35, "task": 1426, "task_id": "sigless_89225991a53f", "tasks": 1500, "visible_unique_passes": 0}
[transformers] Both `min_new_tokens` (=0) and `min_length`(=0) seem to have been set. `min_new_tokens` will take precedence. Please refer to the documentation for more information. (https://huggingface.co/docs/transformers/main/en/main_classes/text_generation)
{"accepted": false, "accepted_total": 35, "task": 1427, "task_id": "fresh-eval-088cc68e4e05", "tasks": 1500, "visible_unique_passes": 0}
[transformers] Both `min_new_tokens` (=0) and `min_length`(=0) seem to have been set. `min_new_tokens` will take precedence. Please refer to the documentation for more information. (https://huggingface.co/docs/transformers/main/en/main_classes/text_generation)
{"accepted": false, "accepted_total": 35, "task": 1428, "task_id": "sigless_1e956b404b93", "tasks": 1500, "visible_unique_passes": 0}
[transformers] Both `min_new_tokens` (=0) and `min_length`(=0) seem to have been set. `min_new_tokens` will take precedence. Please refer to the documentation for more information. (https://huggingface.co/docs/transformers/main/en/main_classes/text_generation)
{"accepted": false, "accepted_total": 35, "task": 1429, "task_id": "fresh-eval-4b95ab6f2740", "tasks": 1500, "visible_unique_passes": 0}
[transformers] Both `min_new_tokens` (=0) and `min_length`(=0) seem to have been set. `min_new_tokens` will take precedence. Please refer to the documentation for more information. (https://huggingface.co/docs/transformers/main/en/main_classes/text_generation)
{"accepted": false, "accepted_total": 35, "task": 1430, "task_id": "sigless_9ed9155a78b1", "tasks": 1500, "visible_unique_passes": 0}
[transformers] Both `min_new_tokens` (=0) and `min_length`(=0) seem to have been set. `min_new_tokens` will take precedence. Please refer to the documentation for more information. (https://huggingface.co/docs/transformers/main/en/main_classes/text_generation)
{"accepted": false, "accepted_total": 35, "task": 1431, "task_id": "sigless_b332ffb8adba", "tasks": 1500, "visible_unique_passes": 0}
[transformers] Both `min_new_tokens` (=0) and `min_length`(=0) seem to have been set. `min_new_tokens` will take precedence. Please refer to the documentation for more information. (https://huggingface.co/docs/transformers/main/en/main_classes/text_generation)
{"accepted": false, "accepted_total": 35, "task": 1432, "task_id": "fresh-eval-3474b61f80c5", "tasks": 1500, "visible_unique_passes": 0}
[transformers] Both `min_new_tokens` (=0) and `min_length`(=0) seem to have been set. `min_new_tokens` will take precedence. Please refer to the documentation for more information. (https://huggingface.co/docs/transformers/main/en/main_classes/text_generation)
{"accepted": false, "accepted_total": 35, "task": 1433, "task_id": "sigless_1f61e3fb66d0", "tasks": 1500, "visible_unique_passes": 0}
[transformers] Both `min_new_tokens` (=0) and `min_length`(=0) seem to have been set. `min_new_tokens` will take precedence. Please refer to the documentation for more information. (https://huggingface.co/docs/transformers/main/en/main_classes/text_generation)
{"accepted": false, "accepted_total": 35, "task": 1434, "task_id": "sigless_68ff94b07210", "tasks": 1500, "visible_unique_passes": 0}
[transformers] Both `min_new_tokens` (=0) and `min_length`(=0) seem to have been set. `min_new_tokens` will take precedence. Please refer to the documentation for more information. (https://huggingface.co/docs/transformers/main/en/main_classes/text_generation)
{"accepted": false, "accepted_total": 35, "task": 1435, "task_id": "sigless_d790ff6bf02e", "tasks": 1500, "visible_unique_passes": 0}
[transformers] Both `min_new_tokens` (=0) and `min_length`(=0) seem to have been set. `min_new_tokens` will take precedence. Please refer to the documentation for more information. (https://huggingface.co/docs/transformers/main/en/main_classes/text_generation)
{"accepted": false, "accepted_total": 35, "task": 1436, "task_id": "sigless_b31c682b1ebf", "tasks": 1500, "visible_unique_passes": 0}
[transformers] Both `min_new_tokens` (=0) and `min_length`(=0) seem to have been set. `min_new_tokens` will take precedence. Please refer to the documentation for more information. (https://huggingface.co/docs/transformers/main/en/main_classes/text_generation)
{"accepted": false, "accepted_total": 35, "task": 1437, "task_id": "sigless_eadba030569c", "tasks": 1500, "visible_unique_passes": 0}
[transformers] Both `min_new_tokens` (=0) and `min_length`(=0) seem to have been set. `min_new_tokens` will take precedence. Please refer to the documentation for more information. (https://huggingface.co/docs/transformers/main/en/main_classes/text_generation)
{"accepted": false, "accepted_total": 35, "task": 1438, "task_id": "fresh-eval-18eabed0b20c", "tasks": 1500, "visible_unique_passes": 0}
[transformers] Both `min_new_tokens` (=0) and `min_length`(=0) seem to have been set. `min_new_tokens` will take precedence. Please refer to the documentation for more information. (https://huggingface.co/docs/transformers/main/en/main_classes/text_generation)
{"accepted": false, "accepted_total": 35, "task": 1439, "task_id": "sigless_66397ac8d150", "tasks": 1500, "visible_unique_passes": 0}
[transformers] Both `min_new_tokens` (=0) and `min_length`(=0) seem to have been set. `min_new_tokens` will take precedence. Please refer to the documentation for more information. (https://huggingface.co/docs/transformers/main/en/main_classes/text_generation)
{"accepted": false, "accepted_total": 35, "task": 1440, "task_id": "fresh-eval-e80a4431a5b9", "tasks": 1500, "visible_unique_passes": 0}
[transformers] Both `min_new_tokens` (=0) and `min_length`(=0) seem to have been set. `min_new_tokens` will take precedence. Please refer to the documentation for more information. (https://huggingface.co/docs/transformers/main/en/main_classes/text_generation)
{"accepted": false, "accepted_total": 35, "task": 1441, "task_id": "fresh-eval-9ddd49dbc785", "tasks": 1500, "visible_unique_passes": 0}
[transformers] Both `min_new_tokens` (=0) and `min_length`(=0) seem to have been set. `min_new_tokens` will take precedence. Please refer to the documentation for more information. (https://huggingface.co/docs/transformers/main/en/main_classes/text_generation)
{"accepted": false, "accepted_total": 35, "task": 1442, "task_id": "sigless_f089e97aafbc", "tasks": 1500, "visible_unique_passes": 0}
[transformers] Both `min_new_tokens` (=0) and `min_length`(=0) seem to have been set. `min_new_tokens` will take precedence. Please refer to the documentation for more information. (https://huggingface.co/docs/transformers/main/en/main_classes/text_generation)
{"accepted": false, "accepted_total": 35, "task": 1443, "task_id": "sigless_dbad8c29b1f5", "tasks": 1500, "visible_unique_passes": 0}
[transformers] Both `min_new_tokens` (=0) and `min_length`(=0) seem to have been set. `min_new_tokens` will take precedence. Please refer to the documentation for more information. (https://huggingface.co/docs/transformers/main/en/main_classes/text_generation)
{"accepted": false, "accepted_total": 35, "task": 1444, "task_id": "fresh-eval-90e43c615720", "tasks": 1500, "visible_unique_passes": 0}
[transformers] Both `min_new_tokens` (=0) and `min_length`(=0) seem to have been set. `min_new_tokens` will take precedence. Please refer to the documentation for more information. (https://huggingface.co/docs/transformers/main/en/main_classes/text_generation)
{"accepted": false, "accepted_total": 35, "task": 1445, "task_id": "sigless_d446aa3002be", "tasks": 1500, "visible_unique_passes": 0}
[transformers] Both `min_new_tokens` (=0) and `min_length`(=0) seem to have been set. `min_new_tokens` will take precedence. Please refer to the documentation for more information. (https://huggingface.co/docs/transformers/main/en/main_classes/text_generation)
{"accepted": false, "accepted_total": 35, "task": 1446, "task_id": "sigless_6ca3db557f4a", "tasks": 1500, "visible_unique_passes": 0}
[transformers] Both `min_new_tokens` (=0) and `min_length`(=0) seem to have been set. `min_new_tokens` will take precedence. Please refer to the documentation for more information. (https://huggingface.co/docs/transformers/main/en/main_classes/text_generation)
{"accepted": false, "accepted_total": 35, "task": 1447, "task_id": "fresh-eval-c0749d66f755", "tasks": 1500, "visible_unique_passes": 0}
[transformers] Both `min_new_tokens` (=0) and `min_length`(=0) seem to have been set. `min_new_tokens` will take precedence. Please refer to the documentation for more information. (https://huggingface.co/docs/transformers/main/en/main_classes/text_generation)
{"accepted": false, "accepted_total": 35, "task": 1448, "task_id": "fresh-eval-8a3712558f1b", "tasks": 1500, "visible_unique_passes": 0}
[transformers] Both `min_new_tokens` (=0) and `min_length`(=0) seem to have been set. `min_new_tokens` will take precedence. Please refer to the documentation for more information. (https://huggingface.co/docs/transformers/main/en/main_classes/text_generation)
{"accepted": false, "accepted_total": 35, "task": 1449, "task_id": "sigless_9b1f40f65dfe", "tasks": 1500, "visible_unique_passes": 0}
[transformers] Both `min_new_tokens` (=0) and `min_length`(=0) seem to have been set. `min_new_tokens` will take precedence. Please refer to the documentation for more information. (https://huggingface.co/docs/transformers/main/en/main_classes/text_generation)
{"accepted": false, "accepted_total": 35, "task": 1450, "task_id": "sigless_843a4c783d68", "tasks": 1500, "visible_unique_passes": 0}
[transformers] Both `min_new_tokens` (=0) and `min_length`(=0) seem to have been set. `min_new_tokens` will take precedence. Please refer to the documentation for more information. (https://huggingface.co/docs/transformers/main/en/main_classes/text_generation)
{"accepted": false, "accepted_total": 35, "task": 1451, "task_id": "fresh-eval-6859c2e44cbe", "tasks": 1500, "visible_unique_passes": 0}
[transformers] Both `min_new_tokens` (=0) and `min_length`(=0) seem to have been set. `min_new_tokens` will take precedence. Please refer to the documentation for more information. (https://huggingface.co/docs/transformers/main/en/main_classes/text_generation)
{"accepted": false, "accepted_total": 35, "task": 1452, "task_id": "sigless_58b3964be7ff", "tasks": 1500, "visible_unique_passes": 0}
[transformers] Both `min_new_tokens` (=0) and `min_length`(=0) seem to have been set. `min_new_tokens` will take precedence. Please refer to the documentation for more information. (https://huggingface.co/docs/transformers/main/en/main_classes/text_generation)
{"accepted": false, "accepted_total": 35, "task": 1453, "task_id": "fresh-eval-228e1eb388df", "tasks": 1500, "visible_unique_passes": 0}
[transformers] Both `min_new_tokens` (=0) and `min_length`(=0) seem to have been set. `min_new_tokens` will take precedence. Please refer to the documentation for more information. (https://huggingface.co/docs/transformers/main/en/main_classes/text_generation)
{"accepted": false, "accepted_total": 35, "task": 1454, "task_id": "fresh-eval-617ecaa256c4", "tasks": 1500, "visible_unique_passes": 0}
[transformers] Both `min_new_tokens` (=0) and `min_length`(=0) seem to have been set. `min_new_tokens` will take precedence. Please refer to the documentation for more information. (https://huggingface.co/docs/transformers/main/en/main_classes/text_generation)
{"accepted": false, "accepted_total": 35, "task": 1455, "task_id": "sigless_05fdf0633843", "tasks": 1500, "visible_unique_passes": 0}
[transformers] Both `min_new_tokens` (=0) and `min_length`(=0) seem to have been set. `min_new_tokens` will take precedence. Please refer to the documentation for more information. (https://huggingface.co/docs/transformers/main/en/main_classes/text_generation)
{"accepted": false, "accepted_total": 35, "task": 1456, "task_id": "sigless_a6b2d9360035", "tasks": 1500, "visible_unique_passes": 0}
[transformers] Both `min_new_tokens` (=0) and `min_length`(=0) seem to have been set. `min_new_tokens` will take precedence. Please refer to the documentation for more information. (https://huggingface.co/docs/transformers/main/en/main_classes/text_generation)
{"accepted": false, "accepted_total": 35, "task": 1457, "task_id": "fresh-eval-0aaedc099c87", "tasks": 1500, "visible_unique_passes": 0}
[transformers] Both `min_new_tokens` (=0) and `min_length`(=0) seem to have been set. `min_new_tokens` will take precedence. Please refer to the documentation for more information. (https://huggingface.co/docs/transformers/main/en/main_classes/text_generation)
{"accepted": false, "accepted_total": 35, "task": 1458, "task_id": "fresh-eval-39addd1b6504", "tasks": 1500, "visible_unique_passes": 1}
[transformers] Both `min_new_tokens` (=0) and `min_length`(=0) seem to have been set. `min_new_tokens` will take precedence. Please refer to the documentation for more information. (https://huggingface.co/docs/transformers/main/en/main_classes/text_generation)
{"accepted": false, "accepted_total": 35, "task": 1459, "task_id": "sigless_6207e6302ea8", "tasks": 1500, "visible_unique_passes": 0}
[transformers] Both `min_new_tokens` (=0) and `min_length`(=0) seem to have been set. `min_new_tokens` will take precedence. Please refer to the documentation for more information. (https://huggingface.co/docs/transformers/main/en/main_classes/text_generation)
{"accepted": false, "accepted_total": 35, "task": 1460, "task_id": "fresh-eval-003dd67b29be", "tasks": 1500, "visible_unique_passes": 0}
[transformers] Both `min_new_tokens` (=0) and `min_length`(=0) seem to have been set. `min_new_tokens` will take precedence. Please refer to the documentation for more information. (https://huggingface.co/docs/transformers/main/en/main_classes/text_generation)
{"accepted": false, "accepted_total": 35, "task": 1461, "task_id": "sigless_a56cfc171fc7", "tasks": 1500, "visible_unique_passes": 0}
[transformers] Both `min_new_tokens` (=0) and `min_length`(=0) seem to have been set. `min_new_tokens` will take precedence. Please refer to the documentation for more information. (https://huggingface.co/docs/transformers/main/en/main_classes/text_generation)
{"accepted": false, "accepted_total": 35, "task": 1462, "task_id": "sigless_8f472697d070", "tasks": 1500, "visible_unique_passes": 0}
[transformers] Both `min_new_tokens` (=0) and `min_length`(=0) seem to have been set. `min_new_tokens` will take precedence. Please refer to the documentation for more information. (https://huggingface.co/docs/transformers/main/en/main_classes/text_generation)
{"accepted": false, "accepted_total": 35, "task": 1463, "task_id": "fresh-eval-85b408ff67ca", "tasks": 1500, "visible_unique_passes": 1}
[transformers] Both `min_new_tokens` (=0) and `min_length`(=0) seem to have been set. `min_new_tokens` will take precedence. Please refer to the documentation for more information. (https://huggingface.co/docs/transformers/main/en/main_classes/text_generation)
{"accepted": false, "accepted_total": 35, "task": 1464, "task_id": "sigless_2e3cad641e0e", "tasks": 1500, "visible_unique_passes": 0}
[transformers] Both `min_new_tokens` (=0) and `min_length`(=0) seem to have been set. `min_new_tokens` will take precedence. Please refer to the documentation for more information. (https://huggingface.co/docs/transformers/main/en/main_classes/text_generation)
{"accepted": false, "accepted_total": 35, "task": 1465, "task_id": "sigless_65080120cd1e", "tasks": 1500, "visible_unique_passes": 0}
[transformers] Both `min_new_tokens` (=0) and `min_length`(=0) seem to have been set. `min_new_tokens` will take precedence. Please refer to the documentation for more information. (https://huggingface.co/docs/transformers/main/en/main_classes/text_generation)
{"accepted": false, "accepted_total": 35, "task": 1466, "task_id": "sigless_943c0406ecfa", "tasks": 1500, "visible_unique_passes": 0}
[transformers] Both `min_new_tokens` (=0) and `min_length`(=0) seem to have been set. `min_new_tokens` will take precedence. Please refer to the documentation for more information. (https://huggingface.co/docs/transformers/main/en/main_classes/text_generation)
{"accepted": false, "accepted_total": 35, "task": 1467, "task_id": "sigless_51de9c248228", "tasks": 1500, "visible_unique_passes": 0}
[transformers] Both `min_new_tokens` (=0) and `min_length`(=0) seem to have been set. `min_new_tokens` will take precedence. Please refer to the documentation for more information. (https://huggingface.co/docs/transformers/main/en/main_classes/text_generation)
{"accepted": false, "accepted_total": 35, "task": 1468, "task_id": "sigless_a080c700ad3b", "tasks": 1500, "visible_unique_passes": 0}
[transformers] Both `min_new_tokens` (=0) and `min_length`(=0) seem to have been set. `min_new_tokens` will take precedence. Please refer to the documentation for more information. (https://huggingface.co/docs/transformers/main/en/main_classes/text_generation)
{"accepted": false, "accepted_total": 35, "task": 1469, "task_id": "fresh-eval-72922d9ea00d", "tasks": 1500, "visible_unique_passes": 0}
[transformers] Both `min_new_tokens` (=0) and `min_length`(=0) seem to have been set. `min_new_tokens` will take precedence. Please refer to the documentation for more information. (https://huggingface.co/docs/transformers/main/en/main_classes/text_generation)
{"accepted": false, "accepted_total": 35, "task": 1470, "task_id": "sigless_f5ee8f5d4463", "tasks": 1500, "visible_unique_passes": 0}
[transformers] Both `min_new_tokens` (=0) and `min_length`(=0) seem to have been set. `min_new_tokens` will take precedence. Please refer to the documentation for more information. (https://huggingface.co/docs/transformers/main/en/main_classes/text_generation)
{"accepted": false, "accepted_total": 35, "task": 1471, "task_id": "fresh-eval-d238b35062c6", "tasks": 1500, "visible_unique_passes": 0}
[transformers] Both `min_new_tokens` (=0) and `min_length`(=0) seem to have been set. `min_new_tokens` will take precedence. Please refer to the documentation for more information. (https://huggingface.co/docs/transformers/main/en/main_classes/text_generation)
{"accepted": false, "accepted_total": 35, "task": 1472, "task_id": "fresh-eval-6bd80448923f", "tasks": 1500, "visible_unique_passes": 0}
[transformers] Both `min_new_tokens` (=0) and `min_length`(=0) seem to have been set. `min_new_tokens` will take precedence. Please refer to the documentation for more information. (https://huggingface.co/docs/transformers/main/en/main_classes/text_generation)
{"accepted": false, "accepted_total": 35, "task": 1473, "task_id": "fresh-eval-37d51d9a3207", "tasks": 1500, "visible_unique_passes": 0}
[transformers] Both `min_new_tokens` (=0) and `min_length`(=0) seem to have been set. `min_new_tokens` will take precedence. Please refer to the documentation for more information. (https://huggingface.co/docs/transformers/main/en/main_classes/text_generation)
{"accepted": false, "accepted_total": 35, "task": 1474, "task_id": "fresh-eval-a1a80d85ad11", "tasks": 1500, "visible_unique_passes": 0}
[transformers] Both `min_new_tokens` (=0) and `min_length`(=0) seem to have been set. `min_new_tokens` will take precedence. Please refer to the documentation for more information. (https://huggingface.co/docs/transformers/main/en/main_classes/text_generation)
{"accepted": false, "accepted_total": 35, "task": 1475, "task_id": "fresh-eval-571d2a57ed7d", "tasks": 1500, "visible_unique_passes": 0}
[transformers] Both `min_new_tokens` (=0) and `min_length`(=0) seem to have been set. `min_new_tokens` will take precedence. Please refer to the documentation for more information. (https://huggingface.co/docs/transformers/main/en/main_classes/text_generation)
{"accepted": false, "accepted_total": 35, "task": 1476, "task_id": "sigless_8e8a431af870", "tasks": 1500, "visible_unique_passes": 0}
[transformers] Both `min_new_tokens` (=0) and `min_length`(=0) seem to have been set. `min_new_tokens` will take precedence. Please refer to the documentation for more information. (https://huggingface.co/docs/transformers/main/en/main_classes/text_generation)
{"accepted": false, "accepted_total": 35, "task": 1477, "task_id": "sigless_213fc2bb261b", "tasks": 1500, "visible_unique_passes": 0}
[transformers] Both `min_new_tokens` (=0) and `min_length`(=0) seem to have been set. `min_new_tokens` will take precedence. Please refer to the documentation for more information. (https://huggingface.co/docs/transformers/main/en/main_classes/text_generation)
{"accepted": false, "accepted_total": 35, "task": 1478, "task_id": "fresh-eval-1d4b99de4bce", "tasks": 1500, "visible_unique_passes": 0}
[transformers] Both `min_new_tokens` (=0) and `min_length`(=0) seem to have been set. `min_new_tokens` will take precedence. Please refer to the documentation for more information. (https://huggingface.co/docs/transformers/main/en/main_classes/text_generation)
{"accepted": false, "accepted_total": 35, "task": 1479, "task_id": "sigless_4ff42a81f761", "tasks": 1500, "visible_unique_passes": 0}
[transformers] Both `min_new_tokens` (=0) and `min_length`(=0) seem to have been set. `min_new_tokens` will take precedence. Please refer to the documentation for more information. (https://huggingface.co/docs/transformers/main/en/main_classes/text_generation)
{"accepted": false, "accepted_total": 35, "task": 1480, "task_id": "fresh-eval-219f9591bad3", "tasks": 1500, "visible_unique_passes": 0}
[transformers] Both `min_new_tokens` (=0) and `min_length`(=0) seem to have been set. `min_new_tokens` will take precedence. Please refer to the documentation for more information. (https://huggingface.co/docs/transformers/main/en/main_classes/text_generation)
{"accepted": false, "accepted_total": 35, "task": 1481, "task_id": "sigless_8f0c5138ce88", "tasks": 1500, "visible_unique_passes": 0}
[transformers] Both `min_new_tokens` (=0) and `min_length`(=0) seem to have been set. `min_new_tokens` will take precedence. Please refer to the documentation for more information. (https://huggingface.co/docs/transformers/main/en/main_classes/text_generation)
{"accepted": false, "accepted_total": 35, "task": 1482, "task_id": "sigless_ccee7dc4b33d", "tasks": 1500, "visible_unique_passes": 1}
[transformers] Both `min_new_tokens` (=0) and `min_length`(=0) seem to have been set. `min_new_tokens` will take precedence. Please refer to the documentation for more information. (https://huggingface.co/docs/transformers/main/en/main_classes/text_generation)
{"accepted": false, "accepted_total": 35, "task": 1483, "task_id": "fresh-eval-8ad8edc2461e", "tasks": 1500, "visible_unique_passes": 0}
[transformers] Both `min_new_tokens` (=0) and `min_length`(=0) seem to have been set. `min_new_tokens` will take precedence. Please refer to the documentation for more information. (https://huggingface.co/docs/transformers/main/en/main_classes/text_generation)
{"accepted": false, "accepted_total": 35, "task": 1484, "task_id": "sigless_332a71719331", "tasks": 1500, "visible_unique_passes": 0}
[transformers] Both `min_new_tokens` (=0) and `min_length`(=0) seem to have been set. `min_new_tokens` will take precedence. Please refer to the documentation for more information. (https://huggingface.co/docs/transformers/main/en/main_classes/text_generation)
{"accepted": false, "accepted_total": 35, "task": 1485, "task_id": "sigless_a9ba8fd30136", "tasks": 1500, "visible_unique_passes": 0}
[transformers] Both `min_new_tokens` (=0) and `min_length`(=0) seem to have been set. `min_new_tokens` will take precedence. Please refer to the documentation for more information. (https://huggingface.co/docs/transformers/main/en/main_classes/text_generation)
{"accepted": false, "accepted_total": 35, "task": 1486, "task_id": "sigless_98c52dc2dc1e", "tasks": 1500, "visible_unique_passes": 0}
[transformers] Both `min_new_tokens` (=0) and `min_length`(=0) seem to have been set. `min_new_tokens` will take precedence. Please refer to the documentation for more information. (https://huggingface.co/docs/transformers/main/en/main_classes/text_generation)
{"accepted": false, "accepted_total": 35, "task": 1487, "task_id": "sigless_54c0916b4d43", "tasks": 1500, "visible_unique_passes": 0}
[transformers] Both `min_new_tokens` (=0) and `min_length`(=0) seem to have been set. `min_new_tokens` will take precedence. Please refer to the documentation for more information. (https://huggingface.co/docs/transformers/main/en/main_classes/text_generation)
{"accepted": false, "accepted_total": 35, "task": 1488, "task_id": "fresh-eval-a4147261fa66", "tasks": 1500, "visible_unique_passes": 0}
[transformers] Both `min_new_tokens` (=0) and `min_length`(=0) seem to have been set. `min_new_tokens` will take precedence. Please refer to the documentation for more information. (https://huggingface.co/docs/transformers/main/en/main_classes/text_generation)
{"accepted": false, "accepted_total": 35, "task": 1489, "task_id": "fresh-eval-1fa012f5af61", "tasks": 1500, "visible_unique_passes": 0}
[transformers] Both `min_new_tokens` (=0) and `min_length`(=0) seem to have been set. `min_new_tokens` will take precedence. Please refer to the documentation for more information. (https://huggingface.co/docs/transformers/main/en/main_classes/text_generation)
{"accepted": false, "accepted_total": 35, "task": 1490, "task_id": "fresh-eval-1a5422c0d75b", "tasks": 1500, "visible_unique_passes": 0}
[transformers] Both `min_new_tokens` (=0) and `min_length`(=0) seem to have been set. `min_new_tokens` will take precedence. Please refer to the documentation for more information. (https://huggingface.co/docs/transformers/main/en/main_classes/text_generation)
{"accepted": false, "accepted_total": 35, "task": 1491, "task_id": "sigless_7d60c9ef2f67", "tasks": 1500, "visible_unique_passes": 0}
[transformers] Both `min_new_tokens` (=0) and `min_length`(=0) seem to have been set. `min_new_tokens` will take precedence. Please refer to the documentation for more information. (https://huggingface.co/docs/transformers/main/en/main_classes/text_generation)
{"accepted": false, "accepted_total": 35, "task": 1492, "task_id": "fresh-eval-2cb685c5367a", "tasks": 1500, "visible_unique_passes": 0}
[transformers] Both `min_new_tokens` (=0) and `min_length`(=0) seem to have been set. `min_new_tokens` will take precedence. Please refer to the documentation for more information. (https://huggingface.co/docs/transformers/main/en/main_classes/text_generation)
{"accepted": false, "accepted_total": 35, "task": 1493, "task_id": "fresh-eval-3c025ca723b6", "tasks": 1500, "visible_unique_passes": 0}
[transformers] Both `min_new_tokens` (=0) and `min_length`(=0) seem to have been set. `min_new_tokens` will take precedence. Please refer to the documentation for more information. (https://huggingface.co/docs/transformers/main/en/main_classes/text_generation)
{"accepted": false, "accepted_total": 35, "task": 1494, "task_id": "sigless_4258ee4998de", "tasks": 1500, "visible_unique_passes": 0}
[transformers] Both `min_new_tokens` (=0) and `min_length`(=0) seem to have been set. `min_new_tokens` will take precedence. Please refer to the documentation for more information. (https://huggingface.co/docs/transformers/main/en/main_classes/text_generation)
{"accepted": false, "accepted_total": 35, "task": 1495, "task_id": "fresh-eval-073e2de63739", "tasks": 1500, "visible_unique_passes": 0}
[transformers] Both `min_new_tokens` (=0) and `min_length`(=0) seem to have been set. `min_new_tokens` will take precedence. Please refer to the documentation for more information. (https://huggingface.co/docs/transformers/main/en/main_classes/text_generation)
{"accepted": false, "accepted_total": 35, "task": 1496, "task_id": "fresh-eval-54981e6186a8", "tasks": 1500, "visible_unique_passes": 0}
[transformers] Both `min_new_tokens` (=0) and `min_length`(=0) seem to have been set. `min_new_tokens` will take precedence. Please refer to the documentation for more information. (https://huggingface.co/docs/transformers/main/en/main_classes/text_generation)
{"accepted": false, "accepted_total": 35, "task": 1497, "task_id": "fresh-eval-e73c0a8bb127", "tasks": 1500, "visible_unique_passes": 0}
[transformers] Both `min_new_tokens` (=0) and `min_length`(=0) seem to have been set. `min_new_tokens` will take precedence. Please refer to the documentation for more information. (https://huggingface.co/docs/transformers/main/en/main_classes/text_generation)
{"accepted": false, "accepted_total": 35, "task": 1498, "task_id": "sigless_450f1e3cb187", "tasks": 1500, "visible_unique_passes": 0}
[transformers] Both `min_new_tokens` (=0) and `min_length`(=0) seem to have been set. `min_new_tokens` will take precedence. Please refer to the documentation for more information. (https://huggingface.co/docs/transformers/main/en/main_classes/text_generation)
{"accepted": false, "accepted_total": 35, "task": 1499, "task_id": "fresh-eval-493fbe636405", "tasks": 1500, "visible_unique_passes": 0}
[transformers] Both `min_new_tokens` (=0) and `min_length`(=0) seem to have been set. `min_new_tokens` will take precedence. Please refer to the documentation for more information. (https://huggingface.co/docs/transformers/main/en/main_classes/text_generation)
{"accepted": false, "accepted_total": 35, "task": 1500, "task_id": "sigless_581d3f725aba", "tasks": 1500, "visible_unique_passes": 0}
{"accepted": 35, "output_dir": "/workspace/artifacts/t5gemma2_local_base_residual_unresolved4_v1", "production_floor_met": false, "tasks": 1500}
