/workspace/artifacts/t5gemma2_4b4b_enriched_sft_2epoch_v1/result.json: OK
/workspace/artifacts/t5gemma2_4b4b_enriched_sft_2epoch_v1/checkpoint-optstep-000348/run_contract.json: OK
/workspace/artifacts/t5gemma2_4b4b_enriched_sft_2epoch_v1/checkpoint-optstep-000348/adapter/adapter_config.json: OK
/workspace/artifacts/t5gemma2_4b4b_enriched_sft_2epoch_v1/checkpoint-optstep-000348/adapter/adapter_model.safetensors: OK
/workspace/artifacts/t5gemma2_4b4b_enriched_sft_2epoch_v1/checkpoint-optstep-000348/tokenizer/tokenizer.json: OK
/workspace/multifunction_v1/expanded2776/verpo_feedback_t5gemma2_v1/verpo_rollout_feedback.jsonl: OK
/workspace/multifunction_v1/expanded2776/verpo_feedback_t5gemma2_v1/verpo_teacher_f2.jsonl: OK
/workspace/multifunction_v1/expanded2776/verpo_feedback_t5gemma2_v1/reward_holdback.private.jsonl: OK
Loading weights:   0%|          | 0/1327 [00:00<?, ?it/s]Loading weights:  43%|████▎     | 573/1327 [00:00<00:00, 5719.93it/s]Loading weights: 100%|██████████| 1327/1327 [00:00<00:00, 7808.97it/s]
[transformers] Both `min_new_tokens` (=0) and `min_length`(=0) seem to have been set. `min_new_tokens` will take precedence. Please refer to the documentation for more information. (https://huggingface.co/docs/transformers/main/en/main_classes/text_generation)
{"accepted": false, "accepted_total": 0, "task": 1, "task_id": "fresh-eval-458f24d9e0cf", "tasks": 1186, "visible_unique_passes": 0}
[transformers] Both `min_new_tokens` (=0) and `min_length`(=0) seem to have been set. `min_new_tokens` will take precedence. Please refer to the documentation for more information. (https://huggingface.co/docs/transformers/main/en/main_classes/text_generation)
{"accepted": false, "accepted_total": 0, "task": 2, "task_id": "fresh-eval-44239264b3a1", "tasks": 1186, "visible_unique_passes": 0}
[transformers] Both `min_new_tokens` (=0) and `min_length`(=0) seem to have been set. `min_new_tokens` will take precedence. Please refer to the documentation for more information. (https://huggingface.co/docs/transformers/main/en/main_classes/text_generation)
{"accepted": false, "accepted_total": 0, "task": 3, "task_id": "sigless_890c6337d027", "tasks": 1186, "visible_unique_passes": 0}
[transformers] Both `min_new_tokens` (=0) and `min_length`(=0) seem to have been set. `min_new_tokens` will take precedence. Please refer to the documentation for more information. (https://huggingface.co/docs/transformers/main/en/main_classes/text_generation)
{"accepted": false, "accepted_total": 0, "task": 4, "task_id": "sigless_ac1cee02b41c", "tasks": 1186, "visible_unique_passes": 0}
[transformers] Both `min_new_tokens` (=0) and `min_length`(=0) seem to have been set. `min_new_tokens` will take precedence. Please refer to the documentation for more information. (https://huggingface.co/docs/transformers/main/en/main_classes/text_generation)
{"accepted": false, "accepted_total": 0, "task": 5, "task_id": "fresh-eval-e73c0a8bb127", "tasks": 1186, "visible_unique_passes": 0}
[transformers] Both `min_new_tokens` (=0) and `min_length`(=0) seem to have been set. `min_new_tokens` will take precedence. Please refer to the documentation for more information. (https://huggingface.co/docs/transformers/main/en/main_classes/text_generation)
{"accepted": true, "accepted_total": 1, "task": 6, "task_id": "sigless_a437d3358d7f", "tasks": 1186, "visible_unique_passes": 1}
[transformers] Both `min_new_tokens` (=0) and `min_length`(=0) seem to have been set. `min_new_tokens` will take precedence. Please refer to the documentation for more information. (https://huggingface.co/docs/transformers/main/en/main_classes/text_generation)
{"accepted": false, "accepted_total": 1, "task": 7, "task_id": "sigless_a5a4f9d01d65", "tasks": 1186, "visible_unique_passes": 0}
[transformers] Both `min_new_tokens` (=0) and `min_length`(=0) seem to have been set. `min_new_tokens` will take precedence. Please refer to the documentation for more information. (https://huggingface.co/docs/transformers/main/en/main_classes/text_generation)
{"accepted": false, "accepted_total": 1, "task": 8, "task_id": "sigless_a2926ef31703", "tasks": 1186, "visible_unique_passes": 0}
[transformers] Both `min_new_tokens` (=0) and `min_length`(=0) seem to have been set. `min_new_tokens` will take precedence. Please refer to the documentation for more information. (https://huggingface.co/docs/transformers/main/en/main_classes/text_generation)
{"accepted": false, "accepted_total": 1, "task": 9, "task_id": "sigless_89bf8b70d5c3", "tasks": 1186, "visible_unique_passes": 0}
[transformers] Both `min_new_tokens` (=0) and `min_length`(=0) seem to have been set. `min_new_tokens` will take precedence. Please refer to the documentation for more information. (https://huggingface.co/docs/transformers/main/en/main_classes/text_generation)
{"accepted": false, "accepted_total": 1, "task": 10, "task_id": "sigless_28400c365daa", "tasks": 1186, "visible_unique_passes": 0}
[transformers] Both `min_new_tokens` (=0) and `min_length`(=0) seem to have been set. `min_new_tokens` will take precedence. Please refer to the documentation for more information. (https://huggingface.co/docs/transformers/main/en/main_classes/text_generation)
{"accepted": false, "accepted_total": 1, "task": 11, "task_id": "sigless_c02e641d8e95", "tasks": 1186, "visible_unique_passes": 0}
[transformers] Both `min_new_tokens` (=0) and `min_length`(=0) seem to have been set. `min_new_tokens` will take precedence. Please refer to the documentation for more information. (https://huggingface.co/docs/transformers/main/en/main_classes/text_generation)
{"accepted": true, "accepted_total": 2, "task": 12, "task_id": "fresh-eval-7407578ccfa9", "tasks": 1186, "visible_unique_passes": 1}
[transformers] Both `min_new_tokens` (=0) and `min_length`(=0) seem to have been set. `min_new_tokens` will take precedence. Please refer to the documentation for more information. (https://huggingface.co/docs/transformers/main/en/main_classes/text_generation)
{"accepted": false, "accepted_total": 2, "task": 13, "task_id": "sigless_7d5338918fe2", "tasks": 1186, "visible_unique_passes": 0}
[transformers] Both `min_new_tokens` (=0) and `min_length`(=0) seem to have been set. `min_new_tokens` will take precedence. Please refer to the documentation for more information. (https://huggingface.co/docs/transformers/main/en/main_classes/text_generation)
{"accepted": false, "accepted_total": 2, "task": 14, "task_id": "sigless_68e70b6e3ee0", "tasks": 1186, "visible_unique_passes": 0}
[transformers] Both `min_new_tokens` (=0) and `min_length`(=0) seem to have been set. `min_new_tokens` will take precedence. Please refer to the documentation for more information. (https://huggingface.co/docs/transformers/main/en/main_classes/text_generation)
{"accepted": false, "accepted_total": 2, "task": 15, "task_id": "fresh-eval-31e355b54a0d", "tasks": 1186, "visible_unique_passes": 0}
[transformers] Both `min_new_tokens` (=0) and `min_length`(=0) seem to have been set. `min_new_tokens` will take precedence. Please refer to the documentation for more information. (https://huggingface.co/docs/transformers/main/en/main_classes/text_generation)
{"accepted": false, "accepted_total": 2, "task": 16, "task_id": "fresh-eval-b5550eb08b8b", "tasks": 1186, "visible_unique_passes": 0}
[transformers] Both `min_new_tokens` (=0) and `min_length`(=0) seem to have been set. `min_new_tokens` will take precedence. Please refer to the documentation for more information. (https://huggingface.co/docs/transformers/main/en/main_classes/text_generation)
{"accepted": false, "accepted_total": 2, "task": 17, "task_id": "sigless_2019f1f39205", "tasks": 1186, "visible_unique_passes": 0}
[transformers] Both `min_new_tokens` (=0) and `min_length`(=0) seem to have been set. `min_new_tokens` will take precedence. Please refer to the documentation for more information. (https://huggingface.co/docs/transformers/main/en/main_classes/text_generation)
{"accepted": false, "accepted_total": 2, "task": 18, "task_id": "sigless_fd68c63c1041", "tasks": 1186, "visible_unique_passes": 0}
[transformers] Both `min_new_tokens` (=0) and `min_length`(=0) seem to have been set. `min_new_tokens` will take precedence. Please refer to the documentation for more information. (https://huggingface.co/docs/transformers/main/en/main_classes/text_generation)
{"accepted": false, "accepted_total": 2, "task": 19, "task_id": "sigless_b87f4cae4ada", "tasks": 1186, "visible_unique_passes": 0}
[transformers] Both `min_new_tokens` (=0) and `min_length`(=0) seem to have been set. `min_new_tokens` will take precedence. Please refer to the documentation for more information. (https://huggingface.co/docs/transformers/main/en/main_classes/text_generation)
{"accepted": false, "accepted_total": 2, "task": 20, "task_id": "fresh-eval-69b72027251a", "tasks": 1186, "visible_unique_passes": 0}
[transformers] Both `min_new_tokens` (=0) and `min_length`(=0) seem to have been set. `min_new_tokens` will take precedence. Please refer to the documentation for more information. (https://huggingface.co/docs/transformers/main/en/main_classes/text_generation)
{"accepted": false, "accepted_total": 2, "task": 21, "task_id": "fresh-eval-3303b79a7c15", "tasks": 1186, "visible_unique_passes": 0}
[transformers] Both `min_new_tokens` (=0) and `min_length`(=0) seem to have been set. `min_new_tokens` will take precedence. Please refer to the documentation for more information. (https://huggingface.co/docs/transformers/main/en/main_classes/text_generation)
{"accepted": false, "accepted_total": 2, "task": 22, "task_id": "sigless_1e956b404b93", "tasks": 1186, "visible_unique_passes": 0}
[transformers] Both `min_new_tokens` (=0) and `min_length`(=0) seem to have been set. `min_new_tokens` will take precedence. Please refer to the documentation for more information. (https://huggingface.co/docs/transformers/main/en/main_classes/text_generation)
{"accepted": false, "accepted_total": 2, "task": 23, "task_id": "sigless_a72f93fa1ad3", "tasks": 1186, "visible_unique_passes": 0}
[transformers] Both `min_new_tokens` (=0) and `min_length`(=0) seem to have been set. `min_new_tokens` will take precedence. Please refer to the documentation for more information. (https://huggingface.co/docs/transformers/main/en/main_classes/text_generation)
{"accepted": false, "accepted_total": 2, "task": 24, "task_id": "sigless_6732ad0e03c2", "tasks": 1186, "visible_unique_passes": 0}
[transformers] Both `min_new_tokens` (=0) and `min_length`(=0) seem to have been set. `min_new_tokens` will take precedence. Please refer to the documentation for more information. (https://huggingface.co/docs/transformers/main/en/main_classes/text_generation)
{"accepted": false, "accepted_total": 2, "task": 25, "task_id": "sigless_75b95252c164", "tasks": 1186, "visible_unique_passes": 0}
[transformers] Both `min_new_tokens` (=0) and `min_length`(=0) seem to have been set. `min_new_tokens` will take precedence. Please refer to the documentation for more information. (https://huggingface.co/docs/transformers/main/en/main_classes/text_generation)
{"accepted": false, "accepted_total": 2, "task": 26, "task_id": "sigless_00f47e96a28e", "tasks": 1186, "visible_unique_passes": 0}
[transformers] Both `min_new_tokens` (=0) and `min_length`(=0) seem to have been set. `min_new_tokens` will take precedence. Please refer to the documentation for more information. (https://huggingface.co/docs/transformers/main/en/main_classes/text_generation)
{"accepted": true, "accepted_total": 3, "task": 27, "task_id": "sigless_33fc787ad873", "tasks": 1186, "visible_unique_passes": 2}
[transformers] Both `min_new_tokens` (=0) and `min_length`(=0) seem to have been set. `min_new_tokens` will take precedence. Please refer to the documentation for more information. (https://huggingface.co/docs/transformers/main/en/main_classes/text_generation)
{"accepted": false, "accepted_total": 3, "task": 28, "task_id": "sigless_5bddac084f3e", "tasks": 1186, "visible_unique_passes": 0}
[transformers] Both `min_new_tokens` (=0) and `min_length`(=0) seem to have been set. `min_new_tokens` will take precedence. Please refer to the documentation for more information. (https://huggingface.co/docs/transformers/main/en/main_classes/text_generation)
{"accepted": false, "accepted_total": 3, "task": 29, "task_id": "fresh-eval-be1483bbcb5d", "tasks": 1186, "visible_unique_passes": 0}
[transformers] Both `min_new_tokens` (=0) and `min_length`(=0) seem to have been set. `min_new_tokens` will take precedence. Please refer to the documentation for more information. (https://huggingface.co/docs/transformers/main/en/main_classes/text_generation)
{"accepted": false, "accepted_total": 3, "task": 30, "task_id": "sigless_a1c47e9a6462", "tasks": 1186, "visible_unique_passes": 0}
[transformers] Both `min_new_tokens` (=0) and `min_length`(=0) seem to have been set. `min_new_tokens` will take precedence. Please refer to the documentation for more information. (https://huggingface.co/docs/transformers/main/en/main_classes/text_generation)
{"accepted": false, "accepted_total": 3, "task": 31, "task_id": "sigless_4f28fef57301", "tasks": 1186, "visible_unique_passes": 0}
[transformers] Both `min_new_tokens` (=0) and `min_length`(=0) seem to have been set. `min_new_tokens` will take precedence. Please refer to the documentation for more information. (https://huggingface.co/docs/transformers/main/en/main_classes/text_generation)
{"accepted": false, "accepted_total": 3, "task": 32, "task_id": "fresh-eval-3b4061919c95", "tasks": 1186, "visible_unique_passes": 0}
[transformers] Both `min_new_tokens` (=0) and `min_length`(=0) seem to have been set. `min_new_tokens` will take precedence. Please refer to the documentation for more information. (https://huggingface.co/docs/transformers/main/en/main_classes/text_generation)
{"accepted": false, "accepted_total": 3, "task": 33, "task_id": "sigless_aa5d923c77ee", "tasks": 1186, "visible_unique_passes": 0}
[transformers] Both `min_new_tokens` (=0) and `min_length`(=0) seem to have been set. `min_new_tokens` will take precedence. Please refer to the documentation for more information. (https://huggingface.co/docs/transformers/main/en/main_classes/text_generation)
{"accepted": false, "accepted_total": 3, "task": 34, "task_id": "fresh-eval-ebd1d46dd96e", "tasks": 1186, "visible_unique_passes": 0}
[transformers] Both `min_new_tokens` (=0) and `min_length`(=0) seem to have been set. `min_new_tokens` will take precedence. Please refer to the documentation for more information. (https://huggingface.co/docs/transformers/main/en/main_classes/text_generation)
{"accepted": false, "accepted_total": 3, "task": 35, "task_id": "fresh-eval-bc424bf3fdad", "tasks": 1186, "visible_unique_passes": 0}
[transformers] Both `min_new_tokens` (=0) and `min_length`(=0) seem to have been set. `min_new_tokens` will take precedence. Please refer to the documentation for more information. (https://huggingface.co/docs/transformers/main/en/main_classes/text_generation)
{"accepted": false, "accepted_total": 3, "task": 36, "task_id": "fresh-eval-858ac3fed508", "tasks": 1186, "visible_unique_passes": 0}
[transformers] Both `min_new_tokens` (=0) and `min_length`(=0) seem to have been set. `min_new_tokens` will take precedence. Please refer to the documentation for more information. (https://huggingface.co/docs/transformers/main/en/main_classes/text_generation)
{"accepted": false, "accepted_total": 3, "task": 37, "task_id": "sigless_9d0f3e499d2c", "tasks": 1186, "visible_unique_passes": 0}
[transformers] Both `min_new_tokens` (=0) and `min_length`(=0) seem to have been set. `min_new_tokens` will take precedence. Please refer to the documentation for more information. (https://huggingface.co/docs/transformers/main/en/main_classes/text_generation)
{"accepted": false, "accepted_total": 3, "task": 38, "task_id": "sigless_e06ff95ae407", "tasks": 1186, "visible_unique_passes": 0}
[transformers] Both `min_new_tokens` (=0) and `min_length`(=0) seem to have been set. `min_new_tokens` will take precedence. Please refer to the documentation for more information. (https://huggingface.co/docs/transformers/main/en/main_classes/text_generation)
{"accepted": false, "accepted_total": 3, "task": 39, "task_id": "sigless_07c3783f819e", "tasks": 1186, "visible_unique_passes": 0}
[transformers] Both `min_new_tokens` (=0) and `min_length`(=0) seem to have been set. `min_new_tokens` will take precedence. Please refer to the documentation for more information. (https://huggingface.co/docs/transformers/main/en/main_classes/text_generation)
{"accepted": false, "accepted_total": 3, "task": 40, "task_id": "fresh-eval-28744e3005e3", "tasks": 1186, "visible_unique_passes": 0}
[transformers] Both `min_new_tokens` (=0) and `min_length`(=0) seem to have been set. `min_new_tokens` will take precedence. Please refer to the documentation for more information. (https://huggingface.co/docs/transformers/main/en/main_classes/text_generation)
{"accepted": false, "accepted_total": 3, "task": 41, "task_id": "fresh-eval-a3f59be8fbd3", "tasks": 1186, "visible_unique_passes": 0}
[transformers] Both `min_new_tokens` (=0) and `min_length`(=0) seem to have been set. `min_new_tokens` will take precedence. Please refer to the documentation for more information. (https://huggingface.co/docs/transformers/main/en/main_classes/text_generation)
{"accepted": false, "accepted_total": 3, "task": 42, "task_id": "fresh-eval-5cae041538ac", "tasks": 1186, "visible_unique_passes": 0}
[transformers] Both `min_new_tokens` (=0) and `min_length`(=0) seem to have been set. `min_new_tokens` will take precedence. Please refer to the documentation for more information. (https://huggingface.co/docs/transformers/main/en/main_classes/text_generation)
{"accepted": false, "accepted_total": 3, "task": 43, "task_id": "sigless_b11b19c460d3", "tasks": 1186, "visible_unique_passes": 0}
[transformers] Both `min_new_tokens` (=0) and `min_length`(=0) seem to have been set. `min_new_tokens` will take precedence. Please refer to the documentation for more information. (https://huggingface.co/docs/transformers/main/en/main_classes/text_generation)
{"accepted": false, "accepted_total": 3, "task": 44, "task_id": "sigless_a903fac60558", "tasks": 1186, "visible_unique_passes": 0}
[transformers] Both `min_new_tokens` (=0) and `min_length`(=0) seem to have been set. `min_new_tokens` will take precedence. Please refer to the documentation for more information. (https://huggingface.co/docs/transformers/main/en/main_classes/text_generation)
{"accepted": false, "accepted_total": 3, "task": 45, "task_id": "sigless_d994a475a083", "tasks": 1186, "visible_unique_passes": 0}
[transformers] Both `min_new_tokens` (=0) and `min_length`(=0) seem to have been set. `min_new_tokens` will take precedence. Please refer to the documentation for more information. (https://huggingface.co/docs/transformers/main/en/main_classes/text_generation)
{"accepted": true, "accepted_total": 4, "task": 46, "task_id": "sigless_ac84614ef349", "tasks": 1186, "visible_unique_passes": 2}
[transformers] Both `min_new_tokens` (=0) and `min_length`(=0) seem to have been set. `min_new_tokens` will take precedence. Please refer to the documentation for more information. (https://huggingface.co/docs/transformers/main/en/main_classes/text_generation)
{"accepted": false, "accepted_total": 4, "task": 47, "task_id": "fresh-eval-87279127b457", "tasks": 1186, "visible_unique_passes": 0}
[transformers] Both `min_new_tokens` (=0) and `min_length`(=0) seem to have been set. `min_new_tokens` will take precedence. Please refer to the documentation for more information. (https://huggingface.co/docs/transformers/main/en/main_classes/text_generation)
{"accepted": false, "accepted_total": 4, "task": 48, "task_id": "fresh-eval-f9f5f7b668a5", "tasks": 1186, "visible_unique_passes": 0}
[transformers] Both `min_new_tokens` (=0) and `min_length`(=0) seem to have been set. `min_new_tokens` will take precedence. Please refer to the documentation for more information. (https://huggingface.co/docs/transformers/main/en/main_classes/text_generation)
{"accepted": false, "accepted_total": 4, "task": 49, "task_id": "fresh-eval-5e950a4ebc9e", "tasks": 1186, "visible_unique_passes": 0}
[transformers] Both `min_new_tokens` (=0) and `min_length`(=0) seem to have been set. `min_new_tokens` will take precedence. Please refer to the documentation for more information. (https://huggingface.co/docs/transformers/main/en/main_classes/text_generation)
{"accepted": false, "accepted_total": 4, "task": 50, "task_id": "sigless_80ddd55c9870", "tasks": 1186, "visible_unique_passes": 0}
[transformers] Both `min_new_tokens` (=0) and `min_length`(=0) seem to have been set. `min_new_tokens` will take precedence. Please refer to the documentation for more information. (https://huggingface.co/docs/transformers/main/en/main_classes/text_generation)
{"accepted": false, "accepted_total": 4, "task": 51, "task_id": "sigless_7284c778ac0d", "tasks": 1186, "visible_unique_passes": 0}
[transformers] Both `min_new_tokens` (=0) and `min_length`(=0) seem to have been set. `min_new_tokens` will take precedence. Please refer to the documentation for more information. (https://huggingface.co/docs/transformers/main/en/main_classes/text_generation)
{"accepted": false, "accepted_total": 4, "task": 52, "task_id": "sigless_d6b6d42aed74", "tasks": 1186, "visible_unique_passes": 0}
[transformers] Both `min_new_tokens` (=0) and `min_length`(=0) seem to have been set. `min_new_tokens` will take precedence. Please refer to the documentation for more information. (https://huggingface.co/docs/transformers/main/en/main_classes/text_generation)
{"accepted": false, "accepted_total": 4, "task": 53, "task_id": "sigless_c15e5860f3e3", "tasks": 1186, "visible_unique_passes": 0}
[transformers] Both `min_new_tokens` (=0) and `min_length`(=0) seem to have been set. `min_new_tokens` will take precedence. Please refer to the documentation for more information. (https://huggingface.co/docs/transformers/main/en/main_classes/text_generation)
{"accepted": false, "accepted_total": 4, "task": 54, "task_id": "sigless_cb01fbe87bc4", "tasks": 1186, "visible_unique_passes": 0}
[transformers] Both `min_new_tokens` (=0) and `min_length`(=0) seem to have been set. `min_new_tokens` will take precedence. Please refer to the documentation for more information. (https://huggingface.co/docs/transformers/main/en/main_classes/text_generation)
{"accepted": false, "accepted_total": 4, "task": 55, "task_id": "sigless_7d60c9ef2f67", "tasks": 1186, "visible_unique_passes": 0}
[transformers] Both `min_new_tokens` (=0) and `min_length`(=0) seem to have been set. `min_new_tokens` will take precedence. Please refer to the documentation for more information. (https://huggingface.co/docs/transformers/main/en/main_classes/text_generation)
{"accepted": false, "accepted_total": 4, "task": 56, "task_id": "fresh-eval-553007006a73", "tasks": 1186, "visible_unique_passes": 0}
[transformers] Both `min_new_tokens` (=0) and `min_length`(=0) seem to have been set. `min_new_tokens` will take precedence. Please refer to the documentation for more information. (https://huggingface.co/docs/transformers/main/en/main_classes/text_generation)
{"accepted": false, "accepted_total": 4, "task": 57, "task_id": "sigless_2e3e17ad3f24", "tasks": 1186, "visible_unique_passes": 0}
[transformers] Both `min_new_tokens` (=0) and `min_length`(=0) seem to have been set. `min_new_tokens` will take precedence. Please refer to the documentation for more information. (https://huggingface.co/docs/transformers/main/en/main_classes/text_generation)
{"accepted": false, "accepted_total": 4, "task": 58, "task_id": "sigless_e4836b3cc890", "tasks": 1186, "visible_unique_passes": 0}
[transformers] Both `min_new_tokens` (=0) and `min_length`(=0) seem to have been set. `min_new_tokens` will take precedence. Please refer to the documentation for more information. (https://huggingface.co/docs/transformers/main/en/main_classes/text_generation)
{"accepted": true, "accepted_total": 5, "task": 59, "task_id": "sigless_f005dc6b2b5f", "tasks": 1186, "visible_unique_passes": 2}
[transformers] Both `min_new_tokens` (=0) and `min_length`(=0) seem to have been set. `min_new_tokens` will take precedence. Please refer to the documentation for more information. (https://huggingface.co/docs/transformers/main/en/main_classes/text_generation)
{"accepted": false, "accepted_total": 5, "task": 60, "task_id": "sigless_76c13a325358", "tasks": 1186, "visible_unique_passes": 0}
[transformers] Both `min_new_tokens` (=0) and `min_length`(=0) seem to have been set. `min_new_tokens` will take precedence. Please refer to the documentation for more information. (https://huggingface.co/docs/transformers/main/en/main_classes/text_generation)
{"accepted": false, "accepted_total": 5, "task": 61, "task_id": "fresh-eval-677e8e1e38d6", "tasks": 1186, "visible_unique_passes": 0}
[transformers] Both `min_new_tokens` (=0) and `min_length`(=0) seem to have been set. `min_new_tokens` will take precedence. Please refer to the documentation for more information. (https://huggingface.co/docs/transformers/main/en/main_classes/text_generation)
{"accepted": false, "accepted_total": 5, "task": 62, "task_id": "sigless_13a7dd8b9754", "tasks": 1186, "visible_unique_passes": 0}
[transformers] Both `min_new_tokens` (=0) and `min_length`(=0) seem to have been set. `min_new_tokens` will take precedence. Please refer to the documentation for more information. (https://huggingface.co/docs/transformers/main/en/main_classes/text_generation)
{"accepted": false, "accepted_total": 5, "task": 63, "task_id": "sigless_a14418023e87", "tasks": 1186, "visible_unique_passes": 0}
[transformers] Both `min_new_tokens` (=0) and `min_length`(=0) seem to have been set. `min_new_tokens` will take precedence. Please refer to the documentation for more information. (https://huggingface.co/docs/transformers/main/en/main_classes/text_generation)
{"accepted": false, "accepted_total": 5, "task": 64, "task_id": "fresh-eval-35c81a28d4a8", "tasks": 1186, "visible_unique_passes": 0}
[transformers] Both `min_new_tokens` (=0) and `min_length`(=0) seem to have been set. `min_new_tokens` will take precedence. Please refer to the documentation for more information. (https://huggingface.co/docs/transformers/main/en/main_classes/text_generation)
{"accepted": false, "accepted_total": 5, "task": 65, "task_id": "sigless_c2b0abd70ce7", "tasks": 1186, "visible_unique_passes": 0}
[transformers] Both `min_new_tokens` (=0) and `min_length`(=0) seem to have been set. `min_new_tokens` will take precedence. Please refer to the documentation for more information. (https://huggingface.co/docs/transformers/main/en/main_classes/text_generation)
{"accepted": false, "accepted_total": 5, "task": 66, "task_id": "sigless_3d7df12e28e0", "tasks": 1186, "visible_unique_passes": 0}
[transformers] Both `min_new_tokens` (=0) and `min_length`(=0) seem to have been set. `min_new_tokens` will take precedence. Please refer to the documentation for more information. (https://huggingface.co/docs/transformers/main/en/main_classes/text_generation)
{"accepted": false, "accepted_total": 5, "task": 67, "task_id": "sigless_f7c3eeb498ba", "tasks": 1186, "visible_unique_passes": 0}
[transformers] Both `min_new_tokens` (=0) and `min_length`(=0) seem to have been set. `min_new_tokens` will take precedence. Please refer to the documentation for more information. (https://huggingface.co/docs/transformers/main/en/main_classes/text_generation)
{"accepted": false, "accepted_total": 5, "task": 68, "task_id": "fresh-eval-a1b3616c2878", "tasks": 1186, "visible_unique_passes": 0}
[transformers] Both `min_new_tokens` (=0) and `min_length`(=0) seem to have been set. `min_new_tokens` will take precedence. Please refer to the documentation for more information. (https://huggingface.co/docs/transformers/main/en/main_classes/text_generation)
{"accepted": false, "accepted_total": 5, "task": 69, "task_id": "fresh-eval-065c5f25ed96", "tasks": 1186, "visible_unique_passes": 0}
[transformers] Both `min_new_tokens` (=0) and `min_length`(=0) seem to have been set. `min_new_tokens` will take precedence. Please refer to the documentation for more information. (https://huggingface.co/docs/transformers/main/en/main_classes/text_generation)
{"accepted": false, "accepted_total": 5, "task": 70, "task_id": "sigless_50121c96998c", "tasks": 1186, "visible_unique_passes": 0}
[transformers] Both `min_new_tokens` (=0) and `min_length`(=0) seem to have been set. `min_new_tokens` will take precedence. Please refer to the documentation for more information. (https://huggingface.co/docs/transformers/main/en/main_classes/text_generation)
{"accepted": false, "accepted_total": 5, "task": 71, "task_id": "sigless_7b31da914133", "tasks": 1186, "visible_unique_passes": 0}
[transformers] Both `min_new_tokens` (=0) and `min_length`(=0) seem to have been set. `min_new_tokens` will take precedence. Please refer to the documentation for more information. (https://huggingface.co/docs/transformers/main/en/main_classes/text_generation)
{"accepted": false, "accepted_total": 5, "task": 72, "task_id": "sigless_96857a2fd055", "tasks": 1186, "visible_unique_passes": 0}
[transformers] Both `min_new_tokens` (=0) and `min_length`(=0) seem to have been set. `min_new_tokens` will take precedence. Please refer to the documentation for more information. (https://huggingface.co/docs/transformers/main/en/main_classes/text_generation)
{"accepted": false, "accepted_total": 5, "task": 73, "task_id": "fresh-eval-dad7222b9418", "tasks": 1186, "visible_unique_passes": 0}
[transformers] Both `min_new_tokens` (=0) and `min_length`(=0) seem to have been set. `min_new_tokens` will take precedence. Please refer to the documentation for more information. (https://huggingface.co/docs/transformers/main/en/main_classes/text_generation)
{"accepted": false, "accepted_total": 5, "task": 74, "task_id": "fresh-eval-c90793346915", "tasks": 1186, "visible_unique_passes": 0}
[transformers] Both `min_new_tokens` (=0) and `min_length`(=0) seem to have been set. `min_new_tokens` will take precedence. Please refer to the documentation for more information. (https://huggingface.co/docs/transformers/main/en/main_classes/text_generation)
{"accepted": false, "accepted_total": 5, "task": 75, "task_id": "sigless_81a20ae47888", "tasks": 1186, "visible_unique_passes": 0}
[transformers] Both `min_new_tokens` (=0) and `min_length`(=0) seem to have been set. `min_new_tokens` will take precedence. Please refer to the documentation for more information. (https://huggingface.co/docs/transformers/main/en/main_classes/text_generation)
{"accepted": false, "accepted_total": 5, "task": 76, "task_id": "sigless_15b04034a59c", "tasks": 1186, "visible_unique_passes": 0}
[transformers] Both `min_new_tokens` (=0) and `min_length`(=0) seem to have been set. `min_new_tokens` will take precedence. Please refer to the documentation for more information. (https://huggingface.co/docs/transformers/main/en/main_classes/text_generation)
{"accepted": false, "accepted_total": 5, "task": 77, "task_id": "sigless_67dc6a67e2fa", "tasks": 1186, "visible_unique_passes": 0}
[transformers] Both `min_new_tokens` (=0) and `min_length`(=0) seem to have been set. `min_new_tokens` will take precedence. Please refer to the documentation for more information. (https://huggingface.co/docs/transformers/main/en/main_classes/text_generation)
{"accepted": false, "accepted_total": 5, "task": 78, "task_id": "sigless_c8035a89d24a", "tasks": 1186, "visible_unique_passes": 0}
[transformers] Both `min_new_tokens` (=0) and `min_length`(=0) seem to have been set. `min_new_tokens` will take precedence. Please refer to the documentation for more information. (https://huggingface.co/docs/transformers/main/en/main_classes/text_generation)
{"accepted": false, "accepted_total": 5, "task": 79, "task_id": "fresh-eval-a58549b877a1", "tasks": 1186, "visible_unique_passes": 0}
[transformers] Both `min_new_tokens` (=0) and `min_length`(=0) seem to have been set. `min_new_tokens` will take precedence. Please refer to the documentation for more information. (https://huggingface.co/docs/transformers/main/en/main_classes/text_generation)
{"accepted": false, "accepted_total": 5, "task": 80, "task_id": "sigless_15ad71198701", "tasks": 1186, "visible_unique_passes": 0}
[transformers] Both `min_new_tokens` (=0) and `min_length`(=0) seem to have been set. `min_new_tokens` will take precedence. Please refer to the documentation for more information. (https://huggingface.co/docs/transformers/main/en/main_classes/text_generation)
{"accepted": false, "accepted_total": 5, "task": 81, "task_id": "sigless_b4ccbe68e85e", "tasks": 1186, "visible_unique_passes": 0}
[transformers] Both `min_new_tokens` (=0) and `min_length`(=0) seem to have been set. `min_new_tokens` will take precedence. Please refer to the documentation for more information. (https://huggingface.co/docs/transformers/main/en/main_classes/text_generation)
{"accepted": false, "accepted_total": 5, "task": 82, "task_id": "fresh-eval-5f124e6ba82e", "tasks": 1186, "visible_unique_passes": 0}
[transformers] Both `min_new_tokens` (=0) and `min_length`(=0) seem to have been set. `min_new_tokens` will take precedence. Please refer to the documentation for more information. (https://huggingface.co/docs/transformers/main/en/main_classes/text_generation)
{"accepted": false, "accepted_total": 5, "task": 83, "task_id": "fresh-eval-6cbcb7f64b54", "tasks": 1186, "visible_unique_passes": 0}
[transformers] Both `min_new_tokens` (=0) and `min_length`(=0) seem to have been set. `min_new_tokens` will take precedence. Please refer to the documentation for more information. (https://huggingface.co/docs/transformers/main/en/main_classes/text_generation)
{"accepted": false, "accepted_total": 5, "task": 84, "task_id": "sigless_a0132d35599e", "tasks": 1186, "visible_unique_passes": 0}
[transformers] Both `min_new_tokens` (=0) and `min_length`(=0) seem to have been set. `min_new_tokens` will take precedence. Please refer to the documentation for more information. (https://huggingface.co/docs/transformers/main/en/main_classes/text_generation)
{"accepted": false, "accepted_total": 5, "task": 85, "task_id": "fresh-eval-6cff098a3266", "tasks": 1186, "visible_unique_passes": 0}
[transformers] Both `min_new_tokens` (=0) and `min_length`(=0) seem to have been set. `min_new_tokens` will take precedence. Please refer to the documentation for more information. (https://huggingface.co/docs/transformers/main/en/main_classes/text_generation)
{"accepted": false, "accepted_total": 5, "task": 86, "task_id": "fresh-eval-4008c7e7f49c", "tasks": 1186, "visible_unique_passes": 0}
[transformers] Both `min_new_tokens` (=0) and `min_length`(=0) seem to have been set. `min_new_tokens` will take precedence. Please refer to the documentation for more information. (https://huggingface.co/docs/transformers/main/en/main_classes/text_generation)
{"accepted": false, "accepted_total": 5, "task": 87, "task_id": "fresh-eval-078ad8a7ba3f", "tasks": 1186, "visible_unique_passes": 0}
[transformers] Both `min_new_tokens` (=0) and `min_length`(=0) seem to have been set. `min_new_tokens` will take precedence. Please refer to the documentation for more information. (https://huggingface.co/docs/transformers/main/en/main_classes/text_generation)
{"accepted": false, "accepted_total": 5, "task": 88, "task_id": "sigless_60e7aed4983d", "tasks": 1186, "visible_unique_passes": 0}
[transformers] Both `min_new_tokens` (=0) and `min_length`(=0) seem to have been set. `min_new_tokens` will take precedence. Please refer to the documentation for more information. (https://huggingface.co/docs/transformers/main/en/main_classes/text_generation)
{"accepted": false, "accepted_total": 5, "task": 89, "task_id": "sigless_01688eb04678", "tasks": 1186, "visible_unique_passes": 0}
[transformers] Both `min_new_tokens` (=0) and `min_length`(=0) seem to have been set. `min_new_tokens` will take precedence. Please refer to the documentation for more information. (https://huggingface.co/docs/transformers/main/en/main_classes/text_generation)
{"accepted": false, "accepted_total": 5, "task": 90, "task_id": "sigless_8e3ed27a2c7f", "tasks": 1186, "visible_unique_passes": 0}
[transformers] Both `min_new_tokens` (=0) and `min_length`(=0) seem to have been set. `min_new_tokens` will take precedence. Please refer to the documentation for more information. (https://huggingface.co/docs/transformers/main/en/main_classes/text_generation)
{"accepted": false, "accepted_total": 5, "task": 91, "task_id": "fresh-eval-d1433bc55c33", "tasks": 1186, "visible_unique_passes": 0}
[transformers] Both `min_new_tokens` (=0) and `min_length`(=0) seem to have been set. `min_new_tokens` will take precedence. Please refer to the documentation for more information. (https://huggingface.co/docs/transformers/main/en/main_classes/text_generation)
{"accepted": false, "accepted_total": 5, "task": 92, "task_id": "sigless_0cd0d06cffe2", "tasks": 1186, "visible_unique_passes": 0}
[transformers] Both `min_new_tokens` (=0) and `min_length`(=0) seem to have been set. `min_new_tokens` will take precedence. Please refer to the documentation for more information. (https://huggingface.co/docs/transformers/main/en/main_classes/text_generation)
{"accepted": false, "accepted_total": 5, "task": 93, "task_id": "sigless_c436f96f1126", "tasks": 1186, "visible_unique_passes": 0}
[transformers] Both `min_new_tokens` (=0) and `min_length`(=0) seem to have been set. `min_new_tokens` will take precedence. Please refer to the documentation for more information. (https://huggingface.co/docs/transformers/main/en/main_classes/text_generation)
{"accepted": false, "accepted_total": 5, "task": 94, "task_id": "sigless_e45852ef8453", "tasks": 1186, "visible_unique_passes": 0}
[transformers] Both `min_new_tokens` (=0) and `min_length`(=0) seem to have been set. `min_new_tokens` will take precedence. Please refer to the documentation for more information. (https://huggingface.co/docs/transformers/main/en/main_classes/text_generation)
{"accepted": false, "accepted_total": 5, "task": 95, "task_id": "fresh-eval-073e2de63739", "tasks": 1186, "visible_unique_passes": 0}
[transformers] Both `min_new_tokens` (=0) and `min_length`(=0) seem to have been set. `min_new_tokens` will take precedence. Please refer to the documentation for more information. (https://huggingface.co/docs/transformers/main/en/main_classes/text_generation)
{"accepted": false, "accepted_total": 5, "task": 96, "task_id": "sigless_6b2aa1ebbddb", "tasks": 1186, "visible_unique_passes": 0}
[transformers] Both `min_new_tokens` (=0) and `min_length`(=0) seem to have been set. `min_new_tokens` will take precedence. Please refer to the documentation for more information. (https://huggingface.co/docs/transformers/main/en/main_classes/text_generation)
{"accepted": false, "accepted_total": 5, "task": 97, "task_id": "sigless_6e4d3d79c9ce", "tasks": 1186, "visible_unique_passes": 0}
[transformers] Both `min_new_tokens` (=0) and `min_length`(=0) seem to have been set. `min_new_tokens` will take precedence. Please refer to the documentation for more information. (https://huggingface.co/docs/transformers/main/en/main_classes/text_generation)
{"accepted": false, "accepted_total": 5, "task": 98, "task_id": "fresh-eval-ddd9d42e086a", "tasks": 1186, "visible_unique_passes": 0}
[transformers] Both `min_new_tokens` (=0) and `min_length`(=0) seem to have been set. `min_new_tokens` will take precedence. Please refer to the documentation for more information. (https://huggingface.co/docs/transformers/main/en/main_classes/text_generation)
{"accepted": false, "accepted_total": 5, "task": 99, "task_id": "sigless_770c685a6555", "tasks": 1186, "visible_unique_passes": 0}
[transformers] Both `min_new_tokens` (=0) and `min_length`(=0) seem to have been set. `min_new_tokens` will take precedence. Please refer to the documentation for more information. (https://huggingface.co/docs/transformers/main/en/main_classes/text_generation)
{"accepted": false, "accepted_total": 5, "task": 100, "task_id": "sigless_27d49e927192", "tasks": 1186, "visible_unique_passes": 0}
[transformers] Both `min_new_tokens` (=0) and `min_length`(=0) seem to have been set. `min_new_tokens` will take precedence. Please refer to the documentation for more information. (https://huggingface.co/docs/transformers/main/en/main_classes/text_generation)
{"accepted": false, "accepted_total": 5, "task": 101, "task_id": "sigless_793fa2336cda", "tasks": 1186, "visible_unique_passes": 0}
[transformers] Both `min_new_tokens` (=0) and `min_length`(=0) seem to have been set. `min_new_tokens` will take precedence. Please refer to the documentation for more information. (https://huggingface.co/docs/transformers/main/en/main_classes/text_generation)
{"accepted": false, "accepted_total": 5, "task": 102, "task_id": "fresh-eval-c9a1dac8b9d8", "tasks": 1186, "visible_unique_passes": 0}
[transformers] Both `min_new_tokens` (=0) and `min_length`(=0) seem to have been set. `min_new_tokens` will take precedence. Please refer to the documentation for more information. (https://huggingface.co/docs/transformers/main/en/main_classes/text_generation)
{"accepted": false, "accepted_total": 5, "task": 103, "task_id": "sigless_d1eaa8d7b257", "tasks": 1186, "visible_unique_passes": 0}
[transformers] Both `min_new_tokens` (=0) and `min_length`(=0) seem to have been set. `min_new_tokens` will take precedence. Please refer to the documentation for more information. (https://huggingface.co/docs/transformers/main/en/main_classes/text_generation)
{"accepted": false, "accepted_total": 5, "task": 104, "task_id": "sigless_b134101d0412", "tasks": 1186, "visible_unique_passes": 0}
[transformers] Both `min_new_tokens` (=0) and `min_length`(=0) seem to have been set. `min_new_tokens` will take precedence. Please refer to the documentation for more information. (https://huggingface.co/docs/transformers/main/en/main_classes/text_generation)
{"accepted": false, "accepted_total": 5, "task": 105, "task_id": "fresh-eval-074d1675827b", "tasks": 1186, "visible_unique_passes": 0}
[transformers] Both `min_new_tokens` (=0) and `min_length`(=0) seem to have been set. `min_new_tokens` will take precedence. Please refer to the documentation for more information. (https://huggingface.co/docs/transformers/main/en/main_classes/text_generation)
{"accepted": false, "accepted_total": 5, "task": 106, "task_id": "fresh-eval-42be62dfe989", "tasks": 1186, "visible_unique_passes": 0}
[transformers] Both `min_new_tokens` (=0) and `min_length`(=0) seem to have been set. `min_new_tokens` will take precedence. Please refer to the documentation for more information. (https://huggingface.co/docs/transformers/main/en/main_classes/text_generation)
{"accepted": true, "accepted_total": 6, "task": 107, "task_id": "fresh-eval-506567caa1a8", "tasks": 1186, "visible_unique_passes": 1}
[transformers] Both `min_new_tokens` (=0) and `min_length`(=0) seem to have been set. `min_new_tokens` will take precedence. Please refer to the documentation for more information. (https://huggingface.co/docs/transformers/main/en/main_classes/text_generation)
{"accepted": false, "accepted_total": 6, "task": 108, "task_id": "sigless_dc2e38d4137a", "tasks": 1186, "visible_unique_passes": 0}
[transformers] Both `min_new_tokens` (=0) and `min_length`(=0) seem to have been set. `min_new_tokens` will take precedence. Please refer to the documentation for more information. (https://huggingface.co/docs/transformers/main/en/main_classes/text_generation)
{"accepted": false, "accepted_total": 6, "task": 109, "task_id": "sigless_dfea8dc82122", "tasks": 1186, "visible_unique_passes": 0}
[transformers] Both `min_new_tokens` (=0) and `min_length`(=0) seem to have been set. `min_new_tokens` will take precedence. Please refer to the documentation for more information. (https://huggingface.co/docs/transformers/main/en/main_classes/text_generation)
{"accepted": false, "accepted_total": 6, "task": 110, "task_id": "fresh-eval-5aceda75519c", "tasks": 1186, "visible_unique_passes": 0}
[transformers] Both `min_new_tokens` (=0) and `min_length`(=0) seem to have been set. `min_new_tokens` will take precedence. Please refer to the documentation for more information. (https://huggingface.co/docs/transformers/main/en/main_classes/text_generation)
{"accepted": false, "accepted_total": 6, "task": 111, "task_id": "fresh-eval-1c8f98be348c", "tasks": 1186, "visible_unique_passes": 0}
[transformers] Both `min_new_tokens` (=0) and `min_length`(=0) seem to have been set. `min_new_tokens` will take precedence. Please refer to the documentation for more information. (https://huggingface.co/docs/transformers/main/en/main_classes/text_generation)
{"accepted": false, "accepted_total": 6, "task": 112, "task_id": "sigless_a3a94f87589a", "tasks": 1186, "visible_unique_passes": 0}
[transformers] Both `min_new_tokens` (=0) and `min_length`(=0) seem to have been set. `min_new_tokens` will take precedence. Please refer to the documentation for more information. (https://huggingface.co/docs/transformers/main/en/main_classes/text_generation)
{"accepted": false, "accepted_total": 6, "task": 113, "task_id": "sigless_6cfc70d378dd", "tasks": 1186, "visible_unique_passes": 0}
[transformers] Both `min_new_tokens` (=0) and `min_length`(=0) seem to have been set. `min_new_tokens` will take precedence. Please refer to the documentation for more information. (https://huggingface.co/docs/transformers/main/en/main_classes/text_generation)
{"accepted": false, "accepted_total": 6, "task": 114, "task_id": "fresh-eval-83ed80f2a7f7", "tasks": 1186, "visible_unique_passes": 0}
[transformers] Both `min_new_tokens` (=0) and `min_length`(=0) seem to have been set. `min_new_tokens` will take precedence. Please refer to the documentation for more information. (https://huggingface.co/docs/transformers/main/en/main_classes/text_generation)
{"accepted": false, "accepted_total": 6, "task": 115, "task_id": "fresh-eval-72c0b702c0e5", "tasks": 1186, "visible_unique_passes": 0}
[transformers] Both `min_new_tokens` (=0) and `min_length`(=0) seem to have been set. `min_new_tokens` will take precedence. Please refer to the documentation for more information. (https://huggingface.co/docs/transformers/main/en/main_classes/text_generation)
{"accepted": false, "accepted_total": 6, "task": 116, "task_id": "sigless_943c0406ecfa", "tasks": 1186, "visible_unique_passes": 0}
[transformers] Both `min_new_tokens` (=0) and `min_length`(=0) seem to have been set. `min_new_tokens` will take precedence. Please refer to the documentation for more information. (https://huggingface.co/docs/transformers/main/en/main_classes/text_generation)
{"accepted": false, "accepted_total": 6, "task": 117, "task_id": "fresh-eval-1cbdf57ca1d8", "tasks": 1186, "visible_unique_passes": 0}
[transformers] Both `min_new_tokens` (=0) and `min_length`(=0) seem to have been set. `min_new_tokens` will take precedence. Please refer to the documentation for more information. (https://huggingface.co/docs/transformers/main/en/main_classes/text_generation)
{"accepted": false, "accepted_total": 6, "task": 118, "task_id": "sigless_97dcfe9fe4f5", "tasks": 1186, "visible_unique_passes": 0}
[transformers] Both `min_new_tokens` (=0) and `min_length`(=0) seem to have been set. `min_new_tokens` will take precedence. Please refer to the documentation for more information. (https://huggingface.co/docs/transformers/main/en/main_classes/text_generation)
{"accepted": false, "accepted_total": 6, "task": 119, "task_id": "fresh-eval-3aca6ce0992f", "tasks": 1186, "visible_unique_passes": 0}
[transformers] Both `min_new_tokens` (=0) and `min_length`(=0) seem to have been set. `min_new_tokens` will take precedence. Please refer to the documentation for more information. (https://huggingface.co/docs/transformers/main/en/main_classes/text_generation)
{"accepted": false, "accepted_total": 6, "task": 120, "task_id": "fresh-eval-346f9da0bc37", "tasks": 1186, "visible_unique_passes": 0}
[transformers] Both `min_new_tokens` (=0) and `min_length`(=0) seem to have been set. `min_new_tokens` will take precedence. Please refer to the documentation for more information. (https://huggingface.co/docs/transformers/main/en/main_classes/text_generation)
{"accepted": false, "accepted_total": 6, "task": 121, "task_id": "fresh-eval-8296572a2f1b", "tasks": 1186, "visible_unique_passes": 0}
[transformers] Both `min_new_tokens` (=0) and `min_length`(=0) seem to have been set. `min_new_tokens` will take precedence. Please refer to the documentation for more information. (https://huggingface.co/docs/transformers/main/en/main_classes/text_generation)
{"accepted": false, "accepted_total": 6, "task": 122, "task_id": "sigless_efb693d864b1", "tasks": 1186, "visible_unique_passes": 0}
[transformers] Both `min_new_tokens` (=0) and `min_length`(=0) seem to have been set. `min_new_tokens` will take precedence. Please refer to the documentation for more information. (https://huggingface.co/docs/transformers/main/en/main_classes/text_generation)
{"accepted": false, "accepted_total": 6, "task": 123, "task_id": "fresh-eval-d9b12cb7a99e", "tasks": 1186, "visible_unique_passes": 0}
[transformers] Both `min_new_tokens` (=0) and `min_length`(=0) seem to have been set. `min_new_tokens` will take precedence. Please refer to the documentation for more information. (https://huggingface.co/docs/transformers/main/en/main_classes/text_generation)
{"accepted": false, "accepted_total": 6, "task": 124, "task_id": "fresh-eval-b06f9cb11b9c", "tasks": 1186, "visible_unique_passes": 0}
[transformers] Both `min_new_tokens` (=0) and `min_length`(=0) seem to have been set. `min_new_tokens` will take precedence. Please refer to the documentation for more information. (https://huggingface.co/docs/transformers/main/en/main_classes/text_generation)
{"accepted": false, "accepted_total": 6, "task": 125, "task_id": "sigless_f9b618f8a81a", "tasks": 1186, "visible_unique_passes": 0}
[transformers] Both `min_new_tokens` (=0) and `min_length`(=0) seem to have been set. `min_new_tokens` will take precedence. Please refer to the documentation for more information. (https://huggingface.co/docs/transformers/main/en/main_classes/text_generation)
{"accepted": false, "accepted_total": 6, "task": 126, "task_id": "sigless_7d311535d8c7", "tasks": 1186, "visible_unique_passes": 0}
[transformers] Both `min_new_tokens` (=0) and `min_length`(=0) seem to have been set. `min_new_tokens` will take precedence. Please refer to the documentation for more information. (https://huggingface.co/docs/transformers/main/en/main_classes/text_generation)
{"accepted": false, "accepted_total": 6, "task": 127, "task_id": "sigless_750cbb2afc88", "tasks": 1186, "visible_unique_passes": 0}
[transformers] Both `min_new_tokens` (=0) and `min_length`(=0) seem to have been set. `min_new_tokens` will take precedence. Please refer to the documentation for more information. (https://huggingface.co/docs/transformers/main/en/main_classes/text_generation)
{"accepted": false, "accepted_total": 6, "task": 128, "task_id": "sigless_bf10c4917483", "tasks": 1186, "visible_unique_passes": 0}
[transformers] Both `min_new_tokens` (=0) and `min_length`(=0) seem to have been set. `min_new_tokens` will take precedence. Please refer to the documentation for more information. (https://huggingface.co/docs/transformers/main/en/main_classes/text_generation)
{"accepted": false, "accepted_total": 6, "task": 129, "task_id": "sigless_2cceeb8e07f6", "tasks": 1186, "visible_unique_passes": 0}
[transformers] Both `min_new_tokens` (=0) and `min_length`(=0) seem to have been set. `min_new_tokens` will take precedence. Please refer to the documentation for more information. (https://huggingface.co/docs/transformers/main/en/main_classes/text_generation)
{"accepted": false, "accepted_total": 6, "task": 130, "task_id": "fresh-eval-8eea036b08a0", "tasks": 1186, "visible_unique_passes": 0}
[transformers] Both `min_new_tokens` (=0) and `min_length`(=0) seem to have been set. `min_new_tokens` will take precedence. Please refer to the documentation for more information. (https://huggingface.co/docs/transformers/main/en/main_classes/text_generation)
{"accepted": false, "accepted_total": 6, "task": 131, "task_id": "fresh-eval-e0b68497df3c", "tasks": 1186, "visible_unique_passes": 0}
[transformers] Both `min_new_tokens` (=0) and `min_length`(=0) seem to have been set. `min_new_tokens` will take precedence. Please refer to the documentation for more information. (https://huggingface.co/docs/transformers/main/en/main_classes/text_generation)
{"accepted": false, "accepted_total": 6, "task": 132, "task_id": "fresh-eval-204d6fbaef33", "tasks": 1186, "visible_unique_passes": 0}
[transformers] Both `min_new_tokens` (=0) and `min_length`(=0) seem to have been set. `min_new_tokens` will take precedence. Please refer to the documentation for more information. (https://huggingface.co/docs/transformers/main/en/main_classes/text_generation)
{"accepted": false, "accepted_total": 6, "task": 133, "task_id": "sigless_ceed4039dca5", "tasks": 1186, "visible_unique_passes": 0}
[transformers] Both `min_new_tokens` (=0) and `min_length`(=0) seem to have been set. `min_new_tokens` will take precedence. Please refer to the documentation for more information. (https://huggingface.co/docs/transformers/main/en/main_classes/text_generation)
{"accepted": false, "accepted_total": 6, "task": 134, "task_id": "sigless_379c83cb1f2c", "tasks": 1186, "visible_unique_passes": 0}
[transformers] Both `min_new_tokens` (=0) and `min_length`(=0) seem to have been set. `min_new_tokens` will take precedence. Please refer to the documentation for more information. (https://huggingface.co/docs/transformers/main/en/main_classes/text_generation)
{"accepted": false, "accepted_total": 6, "task": 135, "task_id": "sigless_9313e4e9cd9b", "tasks": 1186, "visible_unique_passes": 0}
[transformers] Both `min_new_tokens` (=0) and `min_length`(=0) seem to have been set. `min_new_tokens` will take precedence. Please refer to the documentation for more information. (https://huggingface.co/docs/transformers/main/en/main_classes/text_generation)
{"accepted": false, "accepted_total": 6, "task": 136, "task_id": "fresh-eval-fb525e334207", "tasks": 1186, "visible_unique_passes": 0}
[transformers] Both `min_new_tokens` (=0) and `min_length`(=0) seem to have been set. `min_new_tokens` will take precedence. Please refer to the documentation for more information. (https://huggingface.co/docs/transformers/main/en/main_classes/text_generation)
{"accepted": false, "accepted_total": 6, "task": 137, "task_id": "fresh-eval-4096dc09a178", "tasks": 1186, "visible_unique_passes": 0}
[transformers] Both `min_new_tokens` (=0) and `min_length`(=0) seem to have been set. `min_new_tokens` will take precedence. Please refer to the documentation for more information. (https://huggingface.co/docs/transformers/main/en/main_classes/text_generation)
{"accepted": false, "accepted_total": 6, "task": 138, "task_id": "fresh-eval-c81433b26718", "tasks": 1186, "visible_unique_passes": 0}
[transformers] Both `min_new_tokens` (=0) and `min_length`(=0) seem to have been set. `min_new_tokens` will take precedence. Please refer to the documentation for more information. (https://huggingface.co/docs/transformers/main/en/main_classes/text_generation)
{"accepted": false, "accepted_total": 6, "task": 139, "task_id": "fresh-eval-6cf9ac34c82c", "tasks": 1186, "visible_unique_passes": 0}
[transformers] Both `min_new_tokens` (=0) and `min_length`(=0) seem to have been set. `min_new_tokens` will take precedence. Please refer to the documentation for more information. (https://huggingface.co/docs/transformers/main/en/main_classes/text_generation)
{"accepted": false, "accepted_total": 6, "task": 140, "task_id": "fresh-eval-3c025ca723b6", "tasks": 1186, "visible_unique_passes": 0}
[transformers] Both `min_new_tokens` (=0) and `min_length`(=0) seem to have been set. `min_new_tokens` will take precedence. Please refer to the documentation for more information. (https://huggingface.co/docs/transformers/main/en/main_classes/text_generation)
{"accepted": false, "accepted_total": 6, "task": 141, "task_id": "sigless_567b3586f4af", "tasks": 1186, "visible_unique_passes": 0}
[transformers] Both `min_new_tokens` (=0) and `min_length`(=0) seem to have been set. `min_new_tokens` will take precedence. Please refer to the documentation for more information. (https://huggingface.co/docs/transformers/main/en/main_classes/text_generation)
{"accepted": false, "accepted_total": 6, "task": 142, "task_id": "fresh-eval-758b536e9949", "tasks": 1186, "visible_unique_passes": 0}
[transformers] Both `min_new_tokens` (=0) and `min_length`(=0) seem to have been set. `min_new_tokens` will take precedence. Please refer to the documentation for more information. (https://huggingface.co/docs/transformers/main/en/main_classes/text_generation)
{"accepted": false, "accepted_total": 6, "task": 143, "task_id": "fresh-eval-0493e45ed745", "tasks": 1186, "visible_unique_passes": 0}
[transformers] Both `min_new_tokens` (=0) and `min_length`(=0) seem to have been set. `min_new_tokens` will take precedence. Please refer to the documentation for more information. (https://huggingface.co/docs/transformers/main/en/main_classes/text_generation)
{"accepted": false, "accepted_total": 6, "task": 144, "task_id": "sigless_b3b42cca3e2e", "tasks": 1186, "visible_unique_passes": 0}
[transformers] Both `min_new_tokens` (=0) and `min_length`(=0) seem to have been set. `min_new_tokens` will take precedence. Please refer to the documentation for more information. (https://huggingface.co/docs/transformers/main/en/main_classes/text_generation)
{"accepted": false, "accepted_total": 6, "task": 145, "task_id": "sigless_3aa5ad95c544", "tasks": 1186, "visible_unique_passes": 0}
[transformers] Both `min_new_tokens` (=0) and `min_length`(=0) seem to have been set. `min_new_tokens` will take precedence. Please refer to the documentation for more information. (https://huggingface.co/docs/transformers/main/en/main_classes/text_generation)
{"accepted": false, "accepted_total": 6, "task": 146, "task_id": "sigless_3b6794cde604", "tasks": 1186, "visible_unique_passes": 0}
[transformers] Both `min_new_tokens` (=0) and `min_length`(=0) seem to have been set. `min_new_tokens` will take precedence. Please refer to the documentation for more information. (https://huggingface.co/docs/transformers/main/en/main_classes/text_generation)
{"accepted": false, "accepted_total": 6, "task": 147, "task_id": "sigless_a8e53f0d8a5f", "tasks": 1186, "visible_unique_passes": 0}
[transformers] Both `min_new_tokens` (=0) and `min_length`(=0) seem to have been set. `min_new_tokens` will take precedence. Please refer to the documentation for more information. (https://huggingface.co/docs/transformers/main/en/main_classes/text_generation)
{"accepted": false, "accepted_total": 6, "task": 148, "task_id": "sigless_8062cd680b98", "tasks": 1186, "visible_unique_passes": 0}
[transformers] Both `min_new_tokens` (=0) and `min_length`(=0) seem to have been set. `min_new_tokens` will take precedence. Please refer to the documentation for more information. (https://huggingface.co/docs/transformers/main/en/main_classes/text_generation)
{"accepted": false, "accepted_total": 6, "task": 149, "task_id": "fresh-eval-048418c176e1", "tasks": 1186, "visible_unique_passes": 0}
[transformers] Both `min_new_tokens` (=0) and `min_length`(=0) seem to have been set. `min_new_tokens` will take precedence. Please refer to the documentation for more information. (https://huggingface.co/docs/transformers/main/en/main_classes/text_generation)
{"accepted": false, "accepted_total": 6, "task": 150, "task_id": "sigless_c60167bc8ff6", "tasks": 1186, "visible_unique_passes": 0}
[transformers] Both `min_new_tokens` (=0) and `min_length`(=0) seem to have been set. `min_new_tokens` will take precedence. Please refer to the documentation for more information. (https://huggingface.co/docs/transformers/main/en/main_classes/text_generation)
{"accepted": false, "accepted_total": 6, "task": 151, "task_id": "fresh-eval-59b8058892c0", "tasks": 1186, "visible_unique_passes": 0}
[transformers] Both `min_new_tokens` (=0) and `min_length`(=0) seem to have been set. `min_new_tokens` will take precedence. Please refer to the documentation for more information. (https://huggingface.co/docs/transformers/main/en/main_classes/text_generation)
{"accepted": false, "accepted_total": 6, "task": 152, "task_id": "sigless_19cce34f874f", "tasks": 1186, "visible_unique_passes": 0}
[transformers] Both `min_new_tokens` (=0) and `min_length`(=0) seem to have been set. `min_new_tokens` will take precedence. Please refer to the documentation for more information. (https://huggingface.co/docs/transformers/main/en/main_classes/text_generation)
{"accepted": false, "accepted_total": 6, "task": 153, "task_id": "fresh-eval-2ba2502dbf55", "tasks": 1186, "visible_unique_passes": 0}
[transformers] Both `min_new_tokens` (=0) and `min_length`(=0) seem to have been set. `min_new_tokens` will take precedence. Please refer to the documentation for more information. (https://huggingface.co/docs/transformers/main/en/main_classes/text_generation)
{"accepted": false, "accepted_total": 6, "task": 154, "task_id": "sigless_7a2560c23363", "tasks": 1186, "visible_unique_passes": 0}
[transformers] Both `min_new_tokens` (=0) and `min_length`(=0) seem to have been set. `min_new_tokens` will take precedence. Please refer to the documentation for more information. (https://huggingface.co/docs/transformers/main/en/main_classes/text_generation)
{"accepted": false, "accepted_total": 6, "task": 155, "task_id": "sigless_a85966f77adb", "tasks": 1186, "visible_unique_passes": 0}
[transformers] Both `min_new_tokens` (=0) and `min_length`(=0) seem to have been set. `min_new_tokens` will take precedence. Please refer to the documentation for more information. (https://huggingface.co/docs/transformers/main/en/main_classes/text_generation)
{"accepted": true, "accepted_total": 7, "task": 156, "task_id": "sigless_f0349277603d", "tasks": 1186, "visible_unique_passes": 1}
[transformers] Both `min_new_tokens` (=0) and `min_length`(=0) seem to have been set. `min_new_tokens` will take precedence. Please refer to the documentation for more information. (https://huggingface.co/docs/transformers/main/en/main_classes/text_generation)
{"accepted": false, "accepted_total": 7, "task": 157, "task_id": "sigless_bcd571136f39", "tasks": 1186, "visible_unique_passes": 0}
[transformers] Both `min_new_tokens` (=0) and `min_length`(=0) seem to have been set. `min_new_tokens` will take precedence. Please refer to the documentation for more information. (https://huggingface.co/docs/transformers/main/en/main_classes/text_generation)
{"accepted": false, "accepted_total": 7, "task": 158, "task_id": "sigless_d498aace83e8", "tasks": 1186, "visible_unique_passes": 0}
[transformers] Both `min_new_tokens` (=0) and `min_length`(=0) seem to have been set. `min_new_tokens` will take precedence. Please refer to the documentation for more information. (https://huggingface.co/docs/transformers/main/en/main_classes/text_generation)
{"accepted": false, "accepted_total": 7, "task": 159, "task_id": "sigless_3e1442eb6167", "tasks": 1186, "visible_unique_passes": 0}
[transformers] Both `min_new_tokens` (=0) and `min_length`(=0) seem to have been set. `min_new_tokens` will take precedence. Please refer to the documentation for more information. (https://huggingface.co/docs/transformers/main/en/main_classes/text_generation)
{"accepted": false, "accepted_total": 7, "task": 160, "task_id": "fresh-eval-e8d8d59e9079", "tasks": 1186, "visible_unique_passes": 0}
[transformers] Both `min_new_tokens` (=0) and `min_length`(=0) seem to have been set. `min_new_tokens` will take precedence. Please refer to the documentation for more information. (https://huggingface.co/docs/transformers/main/en/main_classes/text_generation)
{"accepted": false, "accepted_total": 7, "task": 161, "task_id": "fresh-eval-b0032eb5e406", "tasks": 1186, "visible_unique_passes": 0}
[transformers] Both `min_new_tokens` (=0) and `min_length`(=0) seem to have been set. `min_new_tokens` will take precedence. Please refer to the documentation for more information. (https://huggingface.co/docs/transformers/main/en/main_classes/text_generation)
{"accepted": false, "accepted_total": 7, "task": 162, "task_id": "sigless_611992bedab3", "tasks": 1186, "visible_unique_passes": 0}
[transformers] Both `min_new_tokens` (=0) and `min_length`(=0) seem to have been set. `min_new_tokens` will take precedence. Please refer to the documentation for more information. (https://huggingface.co/docs/transformers/main/en/main_classes/text_generation)
{"accepted": false, "accepted_total": 7, "task": 163, "task_id": "sigless_275bc66fb430", "tasks": 1186, "visible_unique_passes": 0}
[transformers] Both `min_new_tokens` (=0) and `min_length`(=0) seem to have been set. `min_new_tokens` will take precedence. Please refer to the documentation for more information. (https://huggingface.co/docs/transformers/main/en/main_classes/text_generation)
{"accepted": false, "accepted_total": 7, "task": 164, "task_id": "sigless_ecdba1f20916", "tasks": 1186, "visible_unique_passes": 0}
[transformers] Both `min_new_tokens` (=0) and `min_length`(=0) seem to have been set. `min_new_tokens` will take precedence. Please refer to the documentation for more information. (https://huggingface.co/docs/transformers/main/en/main_classes/text_generation)
{"accepted": false, "accepted_total": 7, "task": 165, "task_id": "sigless_3246dfeb7fff", "tasks": 1186, "visible_unique_passes": 0}
[transformers] Both `min_new_tokens` (=0) and `min_length`(=0) seem to have been set. `min_new_tokens` will take precedence. Please refer to the documentation for more information. (https://huggingface.co/docs/transformers/main/en/main_classes/text_generation)
{"accepted": false, "accepted_total": 7, "task": 166, "task_id": "sigless_a8ba6bf5b57a", "tasks": 1186, "visible_unique_passes": 0}
[transformers] Both `min_new_tokens` (=0) and `min_length`(=0) seem to have been set. `min_new_tokens` will take precedence. Please refer to the documentation for more information. (https://huggingface.co/docs/transformers/main/en/main_classes/text_generation)
{"accepted": true, "accepted_total": 8, "task": 167, "task_id": "sigless_d2d259073fdb", "tasks": 1186, "visible_unique_passes": 1}
[transformers] Both `min_new_tokens` (=0) and `min_length`(=0) seem to have been set. `min_new_tokens` will take precedence. Please refer to the documentation for more information. (https://huggingface.co/docs/transformers/main/en/main_classes/text_generation)
{"accepted": false, "accepted_total": 8, "task": 168, "task_id": "fresh-eval-e5f233caad1c", "tasks": 1186, "visible_unique_passes": 0}
[transformers] Both `min_new_tokens` (=0) and `min_length`(=0) seem to have been set. `min_new_tokens` will take precedence. Please refer to the documentation for more information. (https://huggingface.co/docs/transformers/main/en/main_classes/text_generation)
{"accepted": false, "accepted_total": 8, "task": 169, "task_id": "sigless_7d2e8ed321e8", "tasks": 1186, "visible_unique_passes": 0}
[transformers] Both `min_new_tokens` (=0) and `min_length`(=0) seem to have been set. `min_new_tokens` will take precedence. Please refer to the documentation for more information. (https://huggingface.co/docs/transformers/main/en/main_classes/text_generation)
{"accepted": false, "accepted_total": 8, "task": 170, "task_id": "fresh-eval-2db9c3262ad0", "tasks": 1186, "visible_unique_passes": 0}
[transformers] Both `min_new_tokens` (=0) and `min_length`(=0) seem to have been set. `min_new_tokens` will take precedence. Please refer to the documentation for more information. (https://huggingface.co/docs/transformers/main/en/main_classes/text_generation)
{"accepted": false, "accepted_total": 8, "task": 171, "task_id": "fresh-eval-fa901890264f", "tasks": 1186, "visible_unique_passes": 0}
[transformers] Both `min_new_tokens` (=0) and `min_length`(=0) seem to have been set. `min_new_tokens` will take precedence. Please refer to the documentation for more information. (https://huggingface.co/docs/transformers/main/en/main_classes/text_generation)
{"accepted": false, "accepted_total": 8, "task": 172, "task_id": "sigless_2b17ddcf6c38", "tasks": 1186, "visible_unique_passes": 0}
[transformers] Both `min_new_tokens` (=0) and `min_length`(=0) seem to have been set. `min_new_tokens` will take precedence. Please refer to the documentation for more information. (https://huggingface.co/docs/transformers/main/en/main_classes/text_generation)
{"accepted": false, "accepted_total": 8, "task": 173, "task_id": "sigless_3fc954b04793", "tasks": 1186, "visible_unique_passes": 0}
[transformers] Both `min_new_tokens` (=0) and `min_length`(=0) seem to have been set. `min_new_tokens` will take precedence. Please refer to the documentation for more information. (https://huggingface.co/docs/transformers/main/en/main_classes/text_generation)
{"accepted": false, "accepted_total": 8, "task": 174, "task_id": "fresh-eval-65b6ef3c5fca", "tasks": 1186, "visible_unique_passes": 0}
[transformers] Both `min_new_tokens` (=0) and `min_length`(=0) seem to have been set. `min_new_tokens` will take precedence. Please refer to the documentation for more information. (https://huggingface.co/docs/transformers/main/en/main_classes/text_generation)
{"accepted": false, "accepted_total": 8, "task": 175, "task_id": "fresh-eval-3d561cce1c3a", "tasks": 1186, "visible_unique_passes": 0}
[transformers] Both `min_new_tokens` (=0) and `min_length`(=0) seem to have been set. `min_new_tokens` will take precedence. Please refer to the documentation for more information. (https://huggingface.co/docs/transformers/main/en/main_classes/text_generation)
{"accepted": false, "accepted_total": 8, "task": 176, "task_id": "sigless_7c8e98088253", "tasks": 1186, "visible_unique_passes": 0}
[transformers] Both `min_new_tokens` (=0) and `min_length`(=0) seem to have been set. `min_new_tokens` will take precedence. Please refer to the documentation for more information. (https://huggingface.co/docs/transformers/main/en/main_classes/text_generation)
{"accepted": false, "accepted_total": 8, "task": 177, "task_id": "fresh-eval-2b5d65dfab4d", "tasks": 1186, "visible_unique_passes": 0}
[transformers] Both `min_new_tokens` (=0) and `min_length`(=0) seem to have been set. `min_new_tokens` will take precedence. Please refer to the documentation for more information. (https://huggingface.co/docs/transformers/main/en/main_classes/text_generation)
{"accepted": false, "accepted_total": 8, "task": 178, "task_id": "sigless_9f9af699de34", "tasks": 1186, "visible_unique_passes": 0}
[transformers] Both `min_new_tokens` (=0) and `min_length`(=0) seem to have been set. `min_new_tokens` will take precedence. Please refer to the documentation for more information. (https://huggingface.co/docs/transformers/main/en/main_classes/text_generation)
{"accepted": false, "accepted_total": 8, "task": 179, "task_id": "sigless_3366bdb728e8", "tasks": 1186, "visible_unique_passes": 0}
[transformers] Both `min_new_tokens` (=0) and `min_length`(=0) seem to have been set. `min_new_tokens` will take precedence. Please refer to the documentation for more information. (https://huggingface.co/docs/transformers/main/en/main_classes/text_generation)
{"accepted": false, "accepted_total": 8, "task": 180, "task_id": "fresh-eval-401c03b07c3c", "tasks": 1186, "visible_unique_passes": 0}
[transformers] Both `min_new_tokens` (=0) and `min_length`(=0) seem to have been set. `min_new_tokens` will take precedence. Please refer to the documentation for more information. (https://huggingface.co/docs/transformers/main/en/main_classes/text_generation)
{"accepted": false, "accepted_total": 8, "task": 181, "task_id": "fresh-eval-e1714bef80bf", "tasks": 1186, "visible_unique_passes": 0}
[transformers] Both `min_new_tokens` (=0) and `min_length`(=0) seem to have been set. `min_new_tokens` will take precedence. Please refer to the documentation for more information. (https://huggingface.co/docs/transformers/main/en/main_classes/text_generation)
{"accepted": false, "accepted_total": 8, "task": 182, "task_id": "fresh-eval-4df772c7d475", "tasks": 1186, "visible_unique_passes": 0}
[transformers] Both `min_new_tokens` (=0) and `min_length`(=0) seem to have been set. `min_new_tokens` will take precedence. Please refer to the documentation for more information. (https://huggingface.co/docs/transformers/main/en/main_classes/text_generation)
{"accepted": true, "accepted_total": 9, "task": 183, "task_id": "sigless_e37ecae8c0ae", "tasks": 1186, "visible_unique_passes": 3}
[transformers] Both `min_new_tokens` (=0) and `min_length`(=0) seem to have been set. `min_new_tokens` will take precedence. Please refer to the documentation for more information. (https://huggingface.co/docs/transformers/main/en/main_classes/text_generation)
{"accepted": false, "accepted_total": 9, "task": 184, "task_id": "sigless_ed2e199f472f", "tasks": 1186, "visible_unique_passes": 0}
[transformers] Both `min_new_tokens` (=0) and `min_length`(=0) seem to have been set. `min_new_tokens` will take precedence. Please refer to the documentation for more information. (https://huggingface.co/docs/transformers/main/en/main_classes/text_generation)
{"accepted": false, "accepted_total": 9, "task": 185, "task_id": "fresh-eval-62d5127a4250", "tasks": 1186, "visible_unique_passes": 0}
[transformers] Both `min_new_tokens` (=0) and `min_length`(=0) seem to have been set. `min_new_tokens` will take precedence. Please refer to the documentation for more information. (https://huggingface.co/docs/transformers/main/en/main_classes/text_generation)
{"accepted": false, "accepted_total": 9, "task": 186, "task_id": "sigless_38eb59793f4c", "tasks": 1186, "visible_unique_passes": 0}
[transformers] Both `min_new_tokens` (=0) and `min_length`(=0) seem to have been set. `min_new_tokens` will take precedence. Please refer to the documentation for more information. (https://huggingface.co/docs/transformers/main/en/main_classes/text_generation)
{"accepted": false, "accepted_total": 9, "task": 187, "task_id": "fresh-eval-afe7e339e3e2", "tasks": 1186, "visible_unique_passes": 0}
[transformers] Both `min_new_tokens` (=0) and `min_length`(=0) seem to have been set. `min_new_tokens` will take precedence. Please refer to the documentation for more information. (https://huggingface.co/docs/transformers/main/en/main_classes/text_generation)
{"accepted": false, "accepted_total": 9, "task": 188, "task_id": "sigless_9fcb1335fac1", "tasks": 1186, "visible_unique_passes": 0}
[transformers] Both `min_new_tokens` (=0) and `min_length`(=0) seem to have been set. `min_new_tokens` will take precedence. Please refer to the documentation for more information. (https://huggingface.co/docs/transformers/main/en/main_classes/text_generation)
{"accepted": false, "accepted_total": 9, "task": 189, "task_id": "fresh-eval-8f4288ac08a4", "tasks": 1186, "visible_unique_passes": 0}
[transformers] Both `min_new_tokens` (=0) and `min_length`(=0) seem to have been set. `min_new_tokens` will take precedence. Please refer to the documentation for more information. (https://huggingface.co/docs/transformers/main/en/main_classes/text_generation)
{"accepted": false, "accepted_total": 9, "task": 190, "task_id": "sigless_9d959dfa0c13", "tasks": 1186, "visible_unique_passes": 0}
[transformers] Both `min_new_tokens` (=0) and `min_length`(=0) seem to have been set. `min_new_tokens` will take precedence. Please refer to the documentation for more information. (https://huggingface.co/docs/transformers/main/en/main_classes/text_generation)
{"accepted": false, "accepted_total": 9, "task": 191, "task_id": "fresh-eval-f324d9ff4309", "tasks": 1186, "visible_unique_passes": 0}
[transformers] Both `min_new_tokens` (=0) and `min_length`(=0) seem to have been set. `min_new_tokens` will take precedence. Please refer to the documentation for more information. (https://huggingface.co/docs/transformers/main/en/main_classes/text_generation)
{"accepted": false, "accepted_total": 9, "task": 192, "task_id": "sigless_dac0bc4a8dbd", "tasks": 1186, "visible_unique_passes": 0}
[transformers] Both `min_new_tokens` (=0) and `min_length`(=0) seem to have been set. `min_new_tokens` will take precedence. Please refer to the documentation for more information. (https://huggingface.co/docs/transformers/main/en/main_classes/text_generation)
{"accepted": false, "accepted_total": 9, "task": 193, "task_id": "sigless_8774c1cef8c5", "tasks": 1186, "visible_unique_passes": 0}
[transformers] Both `min_new_tokens` (=0) and `min_length`(=0) seem to have been set. `min_new_tokens` will take precedence. Please refer to the documentation for more information. (https://huggingface.co/docs/transformers/main/en/main_classes/text_generation)
{"accepted": false, "accepted_total": 9, "task": 194, "task_id": "fresh-eval-5a49cbd95a53", "tasks": 1186, "visible_unique_passes": 0}
[transformers] Both `min_new_tokens` (=0) and `min_length`(=0) seem to have been set. `min_new_tokens` will take precedence. Please refer to the documentation for more information. (https://huggingface.co/docs/transformers/main/en/main_classes/text_generation)
{"accepted": false, "accepted_total": 9, "task": 195, "task_id": "sigless_5924af15138d", "tasks": 1186, "visible_unique_passes": 0}
[transformers] Both `min_new_tokens` (=0) and `min_length`(=0) seem to have been set. `min_new_tokens` will take precedence. Please refer to the documentation for more information. (https://huggingface.co/docs/transformers/main/en/main_classes/text_generation)
{"accepted": false, "accepted_total": 9, "task": 196, "task_id": "fresh-eval-7c1c58f5b64a", "tasks": 1186, "visible_unique_passes": 0}
[transformers] Both `min_new_tokens` (=0) and `min_length`(=0) seem to have been set. `min_new_tokens` will take precedence. Please refer to the documentation for more information. (https://huggingface.co/docs/transformers/main/en/main_classes/text_generation)
{"accepted": false, "accepted_total": 9, "task": 197, "task_id": "fresh-eval-9b966161ccc9", "tasks": 1186, "visible_unique_passes": 0}
[transformers] Both `min_new_tokens` (=0) and `min_length`(=0) seem to have been set. `min_new_tokens` will take precedence. Please refer to the documentation for more information. (https://huggingface.co/docs/transformers/main/en/main_classes/text_generation)
{"accepted": false, "accepted_total": 9, "task": 198, "task_id": "fresh-eval-25247a0364a5", "tasks": 1186, "visible_unique_passes": 0}
[transformers] Both `min_new_tokens` (=0) and `min_length`(=0) seem to have been set. `min_new_tokens` will take precedence. Please refer to the documentation for more information. (https://huggingface.co/docs/transformers/main/en/main_classes/text_generation)
{"accepted": false, "accepted_total": 9, "task": 199, "task_id": "sigless_ca26472b8fbe", "tasks": 1186, "visible_unique_passes": 0}
[transformers] Both `min_new_tokens` (=0) and `min_length`(=0) seem to have been set. `min_new_tokens` will take precedence. Please refer to the documentation for more information. (https://huggingface.co/docs/transformers/main/en/main_classes/text_generation)
{"accepted": false, "accepted_total": 9, "task": 200, "task_id": "fresh-eval-68e5b6c08f36", "tasks": 1186, "visible_unique_passes": 0}
[transformers] Both `min_new_tokens` (=0) and `min_length`(=0) seem to have been set. `min_new_tokens` will take precedence. Please refer to the documentation for more information. (https://huggingface.co/docs/transformers/main/en/main_classes/text_generation)
{"accepted": false, "accepted_total": 9, "task": 201, "task_id": "fresh-eval-7a8fe55d1454", "tasks": 1186, "visible_unique_passes": 0}
[transformers] Both `min_new_tokens` (=0) and `min_length`(=0) seem to have been set. `min_new_tokens` will take precedence. Please refer to the documentation for more information. (https://huggingface.co/docs/transformers/main/en/main_classes/text_generation)
{"accepted": false, "accepted_total": 9, "task": 202, "task_id": "fresh-eval-20f537e9dffc", "tasks": 1186, "visible_unique_passes": 0}
[transformers] Both `min_new_tokens` (=0) and `min_length`(=0) seem to have been set. `min_new_tokens` will take precedence. Please refer to the documentation for more information. (https://huggingface.co/docs/transformers/main/en/main_classes/text_generation)
{"accepted": false, "accepted_total": 9, "task": 203, "task_id": "sigless_823cb6ece12c", "tasks": 1186, "visible_unique_passes": 0}
[transformers] Both `min_new_tokens` (=0) and `min_length`(=0) seem to have been set. `min_new_tokens` will take precedence. Please refer to the documentation for more information. (https://huggingface.co/docs/transformers/main/en/main_classes/text_generation)
{"accepted": false, "accepted_total": 9, "task": 204, "task_id": "fresh-eval-ba7ddf9b4406", "tasks": 1186, "visible_unique_passes": 0}
[transformers] Both `min_new_tokens` (=0) and `min_length`(=0) seem to have been set. `min_new_tokens` will take precedence. Please refer to the documentation for more information. (https://huggingface.co/docs/transformers/main/en/main_classes/text_generation)
{"accepted": false, "accepted_total": 9, "task": 205, "task_id": "sigless_1f7bb8ed8eac", "tasks": 1186, "visible_unique_passes": 0}
[transformers] Both `min_new_tokens` (=0) and `min_length`(=0) seem to have been set. `min_new_tokens` will take precedence. Please refer to the documentation for more information. (https://huggingface.co/docs/transformers/main/en/main_classes/text_generation)
{"accepted": false, "accepted_total": 9, "task": 206, "task_id": "sigless_c3c3dace837a", "tasks": 1186, "visible_unique_passes": 0}
[transformers] Both `min_new_tokens` (=0) and `min_length`(=0) seem to have been set. `min_new_tokens` will take precedence. Please refer to the documentation for more information. (https://huggingface.co/docs/transformers/main/en/main_classes/text_generation)
{"accepted": false, "accepted_total": 9, "task": 207, "task_id": "fresh-eval-66a7002eb56b", "tasks": 1186, "visible_unique_passes": 0}
[transformers] Both `min_new_tokens` (=0) and `min_length`(=0) seem to have been set. `min_new_tokens` will take precedence. Please refer to the documentation for more information. (https://huggingface.co/docs/transformers/main/en/main_classes/text_generation)
{"accepted": false, "accepted_total": 9, "task": 208, "task_id": "fresh-eval-c0749d66f755", "tasks": 1186, "visible_unique_passes": 0}
[transformers] Both `min_new_tokens` (=0) and `min_length`(=0) seem to have been set. `min_new_tokens` will take precedence. Please refer to the documentation for more information. (https://huggingface.co/docs/transformers/main/en/main_classes/text_generation)
{"accepted": false, "accepted_total": 9, "task": 209, "task_id": "fresh-eval-b0616a38faab", "tasks": 1186, "visible_unique_passes": 0}
[transformers] Both `min_new_tokens` (=0) and `min_length`(=0) seem to have been set. `min_new_tokens` will take precedence. Please refer to the documentation for more information. (https://huggingface.co/docs/transformers/main/en/main_classes/text_generation)
{"accepted": false, "accepted_total": 9, "task": 210, "task_id": "fresh-eval-59a220d83a38", "tasks": 1186, "visible_unique_passes": 0}
[transformers] Both `min_new_tokens` (=0) and `min_length`(=0) seem to have been set. `min_new_tokens` will take precedence. Please refer to the documentation for more information. (https://huggingface.co/docs/transformers/main/en/main_classes/text_generation)
{"accepted": false, "accepted_total": 9, "task": 211, "task_id": "fresh-eval-747e2f11ec4e", "tasks": 1186, "visible_unique_passes": 0}
[transformers] Both `min_new_tokens` (=0) and `min_length`(=0) seem to have been set. `min_new_tokens` will take precedence. Please refer to the documentation for more information. (https://huggingface.co/docs/transformers/main/en/main_classes/text_generation)
{"accepted": false, "accepted_total": 9, "task": 212, "task_id": "fresh-eval-81a2eaac448e", "tasks": 1186, "visible_unique_passes": 0}
[transformers] Both `min_new_tokens` (=0) and `min_length`(=0) seem to have been set. `min_new_tokens` will take precedence. Please refer to the documentation for more information. (https://huggingface.co/docs/transformers/main/en/main_classes/text_generation)
{"accepted": false, "accepted_total": 9, "task": 213, "task_id": "fresh-eval-cf372f90aa8c", "tasks": 1186, "visible_unique_passes": 0}
[transformers] Both `min_new_tokens` (=0) and `min_length`(=0) seem to have been set. `min_new_tokens` will take precedence. Please refer to the documentation for more information. (https://huggingface.co/docs/transformers/main/en/main_classes/text_generation)
{"accepted": false, "accepted_total": 9, "task": 214, "task_id": "fresh-eval-4b18972e5cdc", "tasks": 1186, "visible_unique_passes": 0}
[transformers] Both `min_new_tokens` (=0) and `min_length`(=0) seem to have been set. `min_new_tokens` will take precedence. Please refer to the documentation for more information. (https://huggingface.co/docs/transformers/main/en/main_classes/text_generation)
{"accepted": false, "accepted_total": 9, "task": 215, "task_id": "fresh-eval-d183d265e544", "tasks": 1186, "visible_unique_passes": 0}
[transformers] Both `min_new_tokens` (=0) and `min_length`(=0) seem to have been set. `min_new_tokens` will take precedence. Please refer to the documentation for more information. (https://huggingface.co/docs/transformers/main/en/main_classes/text_generation)
{"accepted": false, "accepted_total": 9, "task": 216, "task_id": "sigless_627bb8b51393", "tasks": 1186, "visible_unique_passes": 0}
[transformers] Both `min_new_tokens` (=0) and `min_length`(=0) seem to have been set. `min_new_tokens` will take precedence. Please refer to the documentation for more information. (https://huggingface.co/docs/transformers/main/en/main_classes/text_generation)
{"accepted": false, "accepted_total": 9, "task": 217, "task_id": "sigless_f0f9ae5b061d", "tasks": 1186, "visible_unique_passes": 0}
[transformers] Both `min_new_tokens` (=0) and `min_length`(=0) seem to have been set. `min_new_tokens` will take precedence. Please refer to the documentation for more information. (https://huggingface.co/docs/transformers/main/en/main_classes/text_generation)
{"accepted": false, "accepted_total": 9, "task": 218, "task_id": "sigless_d31452461c65", "tasks": 1186, "visible_unique_passes": 0}
[transformers] Both `min_new_tokens` (=0) and `min_length`(=0) seem to have been set. `min_new_tokens` will take precedence. Please refer to the documentation for more information. (https://huggingface.co/docs/transformers/main/en/main_classes/text_generation)
{"accepted": false, "accepted_total": 9, "task": 219, "task_id": "sigless_16f4b13e040d", "tasks": 1186, "visible_unique_passes": 0}
[transformers] Both `min_new_tokens` (=0) and `min_length`(=0) seem to have been set. `min_new_tokens` will take precedence. Please refer to the documentation for more information. (https://huggingface.co/docs/transformers/main/en/main_classes/text_generation)
{"accepted": false, "accepted_total": 9, "task": 220, "task_id": "fresh-eval-1863b7cfd59a", "tasks": 1186, "visible_unique_passes": 0}
[transformers] Both `min_new_tokens` (=0) and `min_length`(=0) seem to have been set. `min_new_tokens` will take precedence. Please refer to the documentation for more information. (https://huggingface.co/docs/transformers/main/en/main_classes/text_generation)
{"accepted": false, "accepted_total": 9, "task": 221, "task_id": "sigless_b92b086f848f", "tasks": 1186, "visible_unique_passes": 0}
[transformers] Both `min_new_tokens` (=0) and `min_length`(=0) seem to have been set. `min_new_tokens` will take precedence. Please refer to the documentation for more information. (https://huggingface.co/docs/transformers/main/en/main_classes/text_generation)
{"accepted": false, "accepted_total": 9, "task": 222, "task_id": "fresh-eval-f5a17e16cf64", "tasks": 1186, "visible_unique_passes": 0}
[transformers] Both `min_new_tokens` (=0) and `min_length`(=0) seem to have been set. `min_new_tokens` will take precedence. Please refer to the documentation for more information. (https://huggingface.co/docs/transformers/main/en/main_classes/text_generation)
{"accepted": false, "accepted_total": 9, "task": 223, "task_id": "fresh-eval-730047cb5d47", "tasks": 1186, "visible_unique_passes": 0}
[transformers] Both `min_new_tokens` (=0) and `min_length`(=0) seem to have been set. `min_new_tokens` will take precedence. Please refer to the documentation for more information. (https://huggingface.co/docs/transformers/main/en/main_classes/text_generation)
{"accepted": true, "accepted_total": 10, "task": 224, "task_id": "sigless_729a446cf77a", "tasks": 1186, "visible_unique_passes": 2}
[transformers] Both `min_new_tokens` (=0) and `min_length`(=0) seem to have been set. `min_new_tokens` will take precedence. Please refer to the documentation for more information. (https://huggingface.co/docs/transformers/main/en/main_classes/text_generation)
{"accepted": false, "accepted_total": 10, "task": 225, "task_id": "fresh-eval-bcdd94b70b3c", "tasks": 1186, "visible_unique_passes": 0}
[transformers] Both `min_new_tokens` (=0) and `min_length`(=0) seem to have been set. `min_new_tokens` will take precedence. Please refer to the documentation for more information. (https://huggingface.co/docs/transformers/main/en/main_classes/text_generation)
{"accepted": false, "accepted_total": 10, "task": 226, "task_id": "sigless_856dbc8090dd", "tasks": 1186, "visible_unique_passes": 0}
[transformers] Both `min_new_tokens` (=0) and `min_length`(=0) seem to have been set. `min_new_tokens` will take precedence. Please refer to the documentation for more information. (https://huggingface.co/docs/transformers/main/en/main_classes/text_generation)
{"accepted": false, "accepted_total": 10, "task": 227, "task_id": "fresh-eval-279422029a34", "tasks": 1186, "visible_unique_passes": 0}
[transformers] Both `min_new_tokens` (=0) and `min_length`(=0) seem to have been set. `min_new_tokens` will take precedence. Please refer to the documentation for more information. (https://huggingface.co/docs/transformers/main/en/main_classes/text_generation)
{"accepted": false, "accepted_total": 10, "task": 228, "task_id": "sigless_f152d910b035", "tasks": 1186, "visible_unique_passes": 0}
[transformers] Both `min_new_tokens` (=0) and `min_length`(=0) seem to have been set. `min_new_tokens` will take precedence. Please refer to the documentation for more information. (https://huggingface.co/docs/transformers/main/en/main_classes/text_generation)
{"accepted": false, "accepted_total": 10, "task": 229, "task_id": "fresh-eval-a835c400d2aa", "tasks": 1186, "visible_unique_passes": 0}
[transformers] Both `min_new_tokens` (=0) and `min_length`(=0) seem to have been set. `min_new_tokens` will take precedence. Please refer to the documentation for more information. (https://huggingface.co/docs/transformers/main/en/main_classes/text_generation)
{"accepted": false, "accepted_total": 10, "task": 230, "task_id": "fresh-eval-56de396ac740", "tasks": 1186, "visible_unique_passes": 0}
[transformers] Both `min_new_tokens` (=0) and `min_length`(=0) seem to have been set. `min_new_tokens` will take precedence. Please refer to the documentation for more information. (https://huggingface.co/docs/transformers/main/en/main_classes/text_generation)
{"accepted": false, "accepted_total": 10, "task": 231, "task_id": "fresh-eval-69d2bef7f331", "tasks": 1186, "visible_unique_passes": 0}
[transformers] Both `min_new_tokens` (=0) and `min_length`(=0) seem to have been set. `min_new_tokens` will take precedence. Please refer to the documentation for more information. (https://huggingface.co/docs/transformers/main/en/main_classes/text_generation)
{"accepted": false, "accepted_total": 10, "task": 232, "task_id": "sigless_7eaac73acfe6", "tasks": 1186, "visible_unique_passes": 0}
[transformers] Both `min_new_tokens` (=0) and `min_length`(=0) seem to have been set. `min_new_tokens` will take precedence. Please refer to the documentation for more information. (https://huggingface.co/docs/transformers/main/en/main_classes/text_generation)
{"accepted": false, "accepted_total": 10, "task": 233, "task_id": "sigless_1a75d8cc40e0", "tasks": 1186, "visible_unique_passes": 0}
[transformers] Both `min_new_tokens` (=0) and `min_length`(=0) seem to have been set. `min_new_tokens` will take precedence. Please refer to the documentation for more information. (https://huggingface.co/docs/transformers/main/en/main_classes/text_generation)
{"accepted": false, "accepted_total": 10, "task": 234, "task_id": "sigless_235c9a1f35e3", "tasks": 1186, "visible_unique_passes": 0}
[transformers] Both `min_new_tokens` (=0) and `min_length`(=0) seem to have been set. `min_new_tokens` will take precedence. Please refer to the documentation for more information. (https://huggingface.co/docs/transformers/main/en/main_classes/text_generation)
{"accepted": false, "accepted_total": 10, "task": 235, "task_id": "fresh-eval-8155750253d9", "tasks": 1186, "visible_unique_passes": 0}
[transformers] Both `min_new_tokens` (=0) and `min_length`(=0) seem to have been set. `min_new_tokens` will take precedence. Please refer to the documentation for more information. (https://huggingface.co/docs/transformers/main/en/main_classes/text_generation)
{"accepted": false, "accepted_total": 10, "task": 236, "task_id": "fresh-eval-0db813cb0954", "tasks": 1186, "visible_unique_passes": 0}
[transformers] Both `min_new_tokens` (=0) and `min_length`(=0) seem to have been set. `min_new_tokens` will take precedence. Please refer to the documentation for more information. (https://huggingface.co/docs/transformers/main/en/main_classes/text_generation)
{"accepted": false, "accepted_total": 10, "task": 237, "task_id": "fresh-eval-31f47b6ba2a5", "tasks": 1186, "visible_unique_passes": 0}
[transformers] Both `min_new_tokens` (=0) and `min_length`(=0) seem to have been set. `min_new_tokens` will take precedence. Please refer to the documentation for more information. (https://huggingface.co/docs/transformers/main/en/main_classes/text_generation)
{"accepted": false, "accepted_total": 10, "task": 238, "task_id": "sigless_3f8cd1073058", "tasks": 1186, "visible_unique_passes": 0}
[transformers] Both `min_new_tokens` (=0) and `min_length`(=0) seem to have been set. `min_new_tokens` will take precedence. Please refer to the documentation for more information. (https://huggingface.co/docs/transformers/main/en/main_classes/text_generation)
{"accepted": false, "accepted_total": 10, "task": 239, "task_id": "sigless_ea1288f01b81", "tasks": 1186, "visible_unique_passes": 0}
[transformers] Both `min_new_tokens` (=0) and `min_length`(=0) seem to have been set. `min_new_tokens` will take precedence. Please refer to the documentation for more information. (https://huggingface.co/docs/transformers/main/en/main_classes/text_generation)
{"accepted": true, "accepted_total": 11, "task": 240, "task_id": "sigless_12033b8bbd5d", "tasks": 1186, "visible_unique_passes": 2}
[transformers] Both `min_new_tokens` (=0) and `min_length`(=0) seem to have been set. `min_new_tokens` will take precedence. Please refer to the documentation for more information. (https://huggingface.co/docs/transformers/main/en/main_classes/text_generation)
{"accepted": false, "accepted_total": 11, "task": 241, "task_id": "fresh-eval-df48652506c2", "tasks": 1186, "visible_unique_passes": 0}
[transformers] Both `min_new_tokens` (=0) and `min_length`(=0) seem to have been set. `min_new_tokens` will take precedence. Please refer to the documentation for more information. (https://huggingface.co/docs/transformers/main/en/main_classes/text_generation)
{"accepted": true, "accepted_total": 12, "task": 242, "task_id": "sigless_c19c49833f4f", "tasks": 1186, "visible_unique_passes": 1}
[transformers] Both `min_new_tokens` (=0) and `min_length`(=0) seem to have been set. `min_new_tokens` will take precedence. Please refer to the documentation for more information. (https://huggingface.co/docs/transformers/main/en/main_classes/text_generation)
{"accepted": false, "accepted_total": 12, "task": 243, "task_id": "fresh-eval-b512ebb4928d", "tasks": 1186, "visible_unique_passes": 0}
[transformers] Both `min_new_tokens` (=0) and `min_length`(=0) seem to have been set. `min_new_tokens` will take precedence. Please refer to the documentation for more information. (https://huggingface.co/docs/transformers/main/en/main_classes/text_generation)
{"accepted": false, "accepted_total": 12, "task": 244, "task_id": "fresh-eval-32b3ee0b624d", "tasks": 1186, "visible_unique_passes": 0}
[transformers] Both `min_new_tokens` (=0) and `min_length`(=0) seem to have been set. `min_new_tokens` will take precedence. Please refer to the documentation for more information. (https://huggingface.co/docs/transformers/main/en/main_classes/text_generation)
{"accepted": true, "accepted_total": 13, "task": 245, "task_id": "fresh-eval-e66104ea3e9a", "tasks": 1186, "visible_unique_passes": 1}
[transformers] Both `min_new_tokens` (=0) and `min_length`(=0) seem to have been set. `min_new_tokens` will take precedence. Please refer to the documentation for more information. (https://huggingface.co/docs/transformers/main/en/main_classes/text_generation)
{"accepted": false, "accepted_total": 13, "task": 246, "task_id": "sigless_40c2d861da38", "tasks": 1186, "visible_unique_passes": 0}
[transformers] Both `min_new_tokens` (=0) and `min_length`(=0) seem to have been set. `min_new_tokens` will take precedence. Please refer to the documentation for more information. (https://huggingface.co/docs/transformers/main/en/main_classes/text_generation)
{"accepted": false, "accepted_total": 13, "task": 247, "task_id": "fresh-eval-598b7983f02a", "tasks": 1186, "visible_unique_passes": 0}
[transformers] Both `min_new_tokens` (=0) and `min_length`(=0) seem to have been set. `min_new_tokens` will take precedence. Please refer to the documentation for more information. (https://huggingface.co/docs/transformers/main/en/main_classes/text_generation)
{"accepted": false, "accepted_total": 13, "task": 248, "task_id": "fresh-eval-3474b61f80c5", "tasks": 1186, "visible_unique_passes": 0}
[transformers] Both `min_new_tokens` (=0) and `min_length`(=0) seem to have been set. `min_new_tokens` will take precedence. Please refer to the documentation for more information. (https://huggingface.co/docs/transformers/main/en/main_classes/text_generation)
{"accepted": false, "accepted_total": 13, "task": 249, "task_id": "sigless_e813ba19b995", "tasks": 1186, "visible_unique_passes": 0}
[transformers] Both `min_new_tokens` (=0) and `min_length`(=0) seem to have been set. `min_new_tokens` will take precedence. Please refer to the documentation for more information. (https://huggingface.co/docs/transformers/main/en/main_classes/text_generation)
{"accepted": true, "accepted_total": 14, "task": 250, "task_id": "fresh-eval-1d90db434404", "tasks": 1186, "visible_unique_passes": 1}
[transformers] Both `min_new_tokens` (=0) and `min_length`(=0) seem to have been set. `min_new_tokens` will take precedence. Please refer to the documentation for more information. (https://huggingface.co/docs/transformers/main/en/main_classes/text_generation)
{"accepted": false, "accepted_total": 14, "task": 251, "task_id": "fresh-eval-b5f2f5683d36", "tasks": 1186, "visible_unique_passes": 0}
[transformers] Both `min_new_tokens` (=0) and `min_length`(=0) seem to have been set. `min_new_tokens` will take precedence. Please refer to the documentation for more information. (https://huggingface.co/docs/transformers/main/en/main_classes/text_generation)
{"accepted": false, "accepted_total": 14, "task": 252, "task_id": "sigless_bde09b4fe716", "tasks": 1186, "visible_unique_passes": 0}
[transformers] Both `min_new_tokens` (=0) and `min_length`(=0) seem to have been set. `min_new_tokens` will take precedence. Please refer to the documentation for more information. (https://huggingface.co/docs/transformers/main/en/main_classes/text_generation)
{"accepted": false, "accepted_total": 14, "task": 253, "task_id": "fresh-eval-8078dac03e5f", "tasks": 1186, "visible_unique_passes": 0}
[transformers] Both `min_new_tokens` (=0) and `min_length`(=0) seem to have been set. `min_new_tokens` will take precedence. Please refer to the documentation for more information. (https://huggingface.co/docs/transformers/main/en/main_classes/text_generation)
{"accepted": false, "accepted_total": 14, "task": 254, "task_id": "sigless_41fa6d8715eb", "tasks": 1186, "visible_unique_passes": 0}
[transformers] Both `min_new_tokens` (=0) and `min_length`(=0) seem to have been set. `min_new_tokens` will take precedence. Please refer to the documentation for more information. (https://huggingface.co/docs/transformers/main/en/main_classes/text_generation)
{"accepted": false, "accepted_total": 14, "task": 255, "task_id": "sigless_baf87012e760", "tasks": 1186, "visible_unique_passes": 0}
[transformers] Both `min_new_tokens` (=0) and `min_length`(=0) seem to have been set. `min_new_tokens` will take precedence. Please refer to the documentation for more information. (https://huggingface.co/docs/transformers/main/en/main_classes/text_generation)
{"accepted": false, "accepted_total": 14, "task": 256, "task_id": "sigless_f41c56e5ebca", "tasks": 1186, "visible_unique_passes": 0}
[transformers] Both `min_new_tokens` (=0) and `min_length`(=0) seem to have been set. `min_new_tokens` will take precedence. Please refer to the documentation for more information. (https://huggingface.co/docs/transformers/main/en/main_classes/text_generation)
{"accepted": false, "accepted_total": 14, "task": 257, "task_id": "sigless_9170a561ffb4", "tasks": 1186, "visible_unique_passes": 0}
[transformers] Both `min_new_tokens` (=0) and `min_length`(=0) seem to have been set. `min_new_tokens` will take precedence. Please refer to the documentation for more information. (https://huggingface.co/docs/transformers/main/en/main_classes/text_generation)
{"accepted": false, "accepted_total": 14, "task": 258, "task_id": "sigless_890ba472fbb0", "tasks": 1186, "visible_unique_passes": 0}
[transformers] Both `min_new_tokens` (=0) and `min_length`(=0) seem to have been set. `min_new_tokens` will take precedence. Please refer to the documentation for more information. (https://huggingface.co/docs/transformers/main/en/main_classes/text_generation)
{"accepted": false, "accepted_total": 14, "task": 259, "task_id": "sigless_6ff314f414dd", "tasks": 1186, "visible_unique_passes": 0}
[transformers] Both `min_new_tokens` (=0) and `min_length`(=0) seem to have been set. `min_new_tokens` will take precedence. Please refer to the documentation for more information. (https://huggingface.co/docs/transformers/main/en/main_classes/text_generation)
{"accepted": false, "accepted_total": 14, "task": 260, "task_id": "sigless_541406b9790b", "tasks": 1186, "visible_unique_passes": 0}
[transformers] Both `min_new_tokens` (=0) and `min_length`(=0) seem to have been set. `min_new_tokens` will take precedence. Please refer to the documentation for more information. (https://huggingface.co/docs/transformers/main/en/main_classes/text_generation)
{"accepted": false, "accepted_total": 14, "task": 261, "task_id": "sigless_46526231a356", "tasks": 1186, "visible_unique_passes": 0}
[transformers] Both `min_new_tokens` (=0) and `min_length`(=0) seem to have been set. `min_new_tokens` will take precedence. Please refer to the documentation for more information. (https://huggingface.co/docs/transformers/main/en/main_classes/text_generation)
{"accepted": false, "accepted_total": 14, "task": 262, "task_id": "sigless_fc9adde7dbfd", "tasks": 1186, "visible_unique_passes": 0}
[transformers] Both `min_new_tokens` (=0) and `min_length`(=0) seem to have been set. `min_new_tokens` will take precedence. Please refer to the documentation for more information. (https://huggingface.co/docs/transformers/main/en/main_classes/text_generation)
{"accepted": false, "accepted_total": 14, "task": 263, "task_id": "sigless_b0043e150340", "tasks": 1186, "visible_unique_passes": 0}
[transformers] Both `min_new_tokens` (=0) and `min_length`(=0) seem to have been set. `min_new_tokens` will take precedence. Please refer to the documentation for more information. (https://huggingface.co/docs/transformers/main/en/main_classes/text_generation)
{"accepted": false, "accepted_total": 14, "task": 264, "task_id": "sigless_f7705be5acc9", "tasks": 1186, "visible_unique_passes": 0}
[transformers] Both `min_new_tokens` (=0) and `min_length`(=0) seem to have been set. `min_new_tokens` will take precedence. Please refer to the documentation for more information. (https://huggingface.co/docs/transformers/main/en/main_classes/text_generation)
{"accepted": false, "accepted_total": 14, "task": 265, "task_id": "fresh-eval-8cf4f3913a47", "tasks": 1186, "visible_unique_passes": 0}
[transformers] Both `min_new_tokens` (=0) and `min_length`(=0) seem to have been set. `min_new_tokens` will take precedence. Please refer to the documentation for more information. (https://huggingface.co/docs/transformers/main/en/main_classes/text_generation)
{"accepted": false, "accepted_total": 14, "task": 266, "task_id": "fresh-eval-2f206ecd3c72", "tasks": 1186, "visible_unique_passes": 0}
[transformers] Both `min_new_tokens` (=0) and `min_length`(=0) seem to have been set. `min_new_tokens` will take precedence. Please refer to the documentation for more information. (https://huggingface.co/docs/transformers/main/en/main_classes/text_generation)
{"accepted": false, "accepted_total": 14, "task": 267, "task_id": "fresh-eval-003098a11018", "tasks": 1186, "visible_unique_passes": 0}
[transformers] Both `min_new_tokens` (=0) and `min_length`(=0) seem to have been set. `min_new_tokens` will take precedence. Please refer to the documentation for more information. (https://huggingface.co/docs/transformers/main/en/main_classes/text_generation)
{"accepted": false, "accepted_total": 14, "task": 268, "task_id": "sigless_ef1a9ba935f8", "tasks": 1186, "visible_unique_passes": 0}
[transformers] Both `min_new_tokens` (=0) and `min_length`(=0) seem to have been set. `min_new_tokens` will take precedence. Please refer to the documentation for more information. (https://huggingface.co/docs/transformers/main/en/main_classes/text_generation)
{"accepted": false, "accepted_total": 14, "task": 269, "task_id": "sigless_735f3061a675", "tasks": 1186, "visible_unique_passes": 0}
[transformers] Both `min_new_tokens` (=0) and `min_length`(=0) seem to have been set. `min_new_tokens` will take precedence. Please refer to the documentation for more information. (https://huggingface.co/docs/transformers/main/en/main_classes/text_generation)
{"accepted": false, "accepted_total": 14, "task": 270, "task_id": "fresh-eval-b89e4be6f65c", "tasks": 1186, "visible_unique_passes": 0}
[transformers] Both `min_new_tokens` (=0) and `min_length`(=0) seem to have been set. `min_new_tokens` will take precedence. Please refer to the documentation for more information. (https://huggingface.co/docs/transformers/main/en/main_classes/text_generation)
{"accepted": false, "accepted_total": 14, "task": 271, "task_id": "sigless_a90e51b2affa", "tasks": 1186, "visible_unique_passes": 0}
[transformers] Both `min_new_tokens` (=0) and `min_length`(=0) seem to have been set. `min_new_tokens` will take precedence. Please refer to the documentation for more information. (https://huggingface.co/docs/transformers/main/en/main_classes/text_generation)
{"accepted": false, "accepted_total": 14, "task": 272, "task_id": "sigless_d608fc698ae8", "tasks": 1186, "visible_unique_passes": 0}
[transformers] Both `min_new_tokens` (=0) and `min_length`(=0) seem to have been set. `min_new_tokens` will take precedence. Please refer to the documentation for more information. (https://huggingface.co/docs/transformers/main/en/main_classes/text_generation)
{"accepted": false, "accepted_total": 14, "task": 273, "task_id": "sigless_61eee8f6fcee", "tasks": 1186, "visible_unique_passes": 0}
[transformers] Both `min_new_tokens` (=0) and `min_length`(=0) seem to have been set. `min_new_tokens` will take precedence. Please refer to the documentation for more information. (https://huggingface.co/docs/transformers/main/en/main_classes/text_generation)
{"accepted": false, "accepted_total": 14, "task": 274, "task_id": "fresh-eval-178153118a89", "tasks": 1186, "visible_unique_passes": 0}
[transformers] Both `min_new_tokens` (=0) and `min_length`(=0) seem to have been set. `min_new_tokens` will take precedence. Please refer to the documentation for more information. (https://huggingface.co/docs/transformers/main/en/main_classes/text_generation)
{"accepted": false, "accepted_total": 14, "task": 275, "task_id": "sigless_736aa7627d04", "tasks": 1186, "visible_unique_passes": 0}
[transformers] Both `min_new_tokens` (=0) and `min_length`(=0) seem to have been set. `min_new_tokens` will take precedence. Please refer to the documentation for more information. (https://huggingface.co/docs/transformers/main/en/main_classes/text_generation)
{"accepted": false, "accepted_total": 14, "task": 276, "task_id": "sigless_ceab788163dc", "tasks": 1186, "visible_unique_passes": 0}
[transformers] Both `min_new_tokens` (=0) and `min_length`(=0) seem to have been set. `min_new_tokens` will take precedence. Please refer to the documentation for more information. (https://huggingface.co/docs/transformers/main/en/main_classes/text_generation)
{"accepted": false, "accepted_total": 14, "task": 277, "task_id": "fresh-eval-ecbcdb77643c", "tasks": 1186, "visible_unique_passes": 0}
[transformers] Both `min_new_tokens` (=0) and `min_length`(=0) seem to have been set. `min_new_tokens` will take precedence. Please refer to the documentation for more information. (https://huggingface.co/docs/transformers/main/en/main_classes/text_generation)
{"accepted": true, "accepted_total": 15, "task": 278, "task_id": "sigless_0717cd3b92be", "tasks": 1186, "visible_unique_passes": 1}
[transformers] Both `min_new_tokens` (=0) and `min_length`(=0) seem to have been set. `min_new_tokens` will take precedence. Please refer to the documentation for more information. (https://huggingface.co/docs/transformers/main/en/main_classes/text_generation)
{"accepted": false, "accepted_total": 15, "task": 279, "task_id": "fresh-eval-e8ba09ea3410", "tasks": 1186, "visible_unique_passes": 0}
[transformers] Both `min_new_tokens` (=0) and `min_length`(=0) seem to have been set. `min_new_tokens` will take precedence. Please refer to the documentation for more information. (https://huggingface.co/docs/transformers/main/en/main_classes/text_generation)
{"accepted": false, "accepted_total": 15, "task": 280, "task_id": "fresh-eval-fe7f00e50431", "tasks": 1186, "visible_unique_passes": 0}
[transformers] Both `min_new_tokens` (=0) and `min_length`(=0) seem to have been set. `min_new_tokens` will take precedence. Please refer to the documentation for more information. (https://huggingface.co/docs/transformers/main/en/main_classes/text_generation)
{"accepted": false, "accepted_total": 15, "task": 281, "task_id": "sigless_8b41b904991e", "tasks": 1186, "visible_unique_passes": 0}
[transformers] Both `min_new_tokens` (=0) and `min_length`(=0) seem to have been set. `min_new_tokens` will take precedence. Please refer to the documentation for more information. (https://huggingface.co/docs/transformers/main/en/main_classes/text_generation)
{"accepted": false, "accepted_total": 15, "task": 282, "task_id": "sigless_f0ac1add9d29", "tasks": 1186, "visible_unique_passes": 0}
[transformers] Both `min_new_tokens` (=0) and `min_length`(=0) seem to have been set. `min_new_tokens` will take precedence. Please refer to the documentation for more information. (https://huggingface.co/docs/transformers/main/en/main_classes/text_generation)
{"accepted": false, "accepted_total": 15, "task": 283, "task_id": "fresh-eval-fb3cbed892c0", "tasks": 1186, "visible_unique_passes": 0}
[transformers] Both `min_new_tokens` (=0) and `min_length`(=0) seem to have been set. `min_new_tokens` will take precedence. Please refer to the documentation for more information. (https://huggingface.co/docs/transformers/main/en/main_classes/text_generation)
{"accepted": false, "accepted_total": 15, "task": 284, "task_id": "fresh-eval-122c02d97e73", "tasks": 1186, "visible_unique_passes": 0}
[transformers] Both `min_new_tokens` (=0) and `min_length`(=0) seem to have been set. `min_new_tokens` will take precedence. Please refer to the documentation for more information. (https://huggingface.co/docs/transformers/main/en/main_classes/text_generation)
{"accepted": false, "accepted_total": 15, "task": 285, "task_id": "sigless_f939906b6264", "tasks": 1186, "visible_unique_passes": 0}
[transformers] Both `min_new_tokens` (=0) and `min_length`(=0) seem to have been set. `min_new_tokens` will take precedence. Please refer to the documentation for more information. (https://huggingface.co/docs/transformers/main/en/main_classes/text_generation)
{"accepted": false, "accepted_total": 15, "task": 286, "task_id": "fresh-eval-bfaf67596435", "tasks": 1186, "visible_unique_passes": 0}
[transformers] Both `min_new_tokens` (=0) and `min_length`(=0) seem to have been set. `min_new_tokens` will take precedence. Please refer to the documentation for more information. (https://huggingface.co/docs/transformers/main/en/main_classes/text_generation)
{"accepted": false, "accepted_total": 15, "task": 287, "task_id": "sigless_cad0445308c6", "tasks": 1186, "visible_unique_passes": 0}
[transformers] Both `min_new_tokens` (=0) and `min_length`(=0) seem to have been set. `min_new_tokens` will take precedence. Please refer to the documentation for more information. (https://huggingface.co/docs/transformers/main/en/main_classes/text_generation)
{"accepted": false, "accepted_total": 15, "task": 288, "task_id": "sigless_2b5922da1112", "tasks": 1186, "visible_unique_passes": 0}
[transformers] Both `min_new_tokens` (=0) and `min_length`(=0) seem to have been set. `min_new_tokens` will take precedence. Please refer to the documentation for more information. (https://huggingface.co/docs/transformers/main/en/main_classes/text_generation)
{"accepted": false, "accepted_total": 15, "task": 289, "task_id": "fresh-eval-c0c0f5c0dfb2", "tasks": 1186, "visible_unique_passes": 0}
[transformers] Both `min_new_tokens` (=0) and `min_length`(=0) seem to have been set. `min_new_tokens` will take precedence. Please refer to the documentation for more information. (https://huggingface.co/docs/transformers/main/en/main_classes/text_generation)
{"accepted": false, "accepted_total": 15, "task": 290, "task_id": "fresh-eval-e59ed2c31c0b", "tasks": 1186, "visible_unique_passes": 0}
[transformers] Both `min_new_tokens` (=0) and `min_length`(=0) seem to have been set. `min_new_tokens` will take precedence. Please refer to the documentation for more information. (https://huggingface.co/docs/transformers/main/en/main_classes/text_generation)
{"accepted": false, "accepted_total": 15, "task": 291, "task_id": "fresh-eval-e5b1921f1aea", "tasks": 1186, "visible_unique_passes": 0}
[transformers] Both `min_new_tokens` (=0) and `min_length`(=0) seem to have been set. `min_new_tokens` will take precedence. Please refer to the documentation for more information. (https://huggingface.co/docs/transformers/main/en/main_classes/text_generation)
{"accepted": false, "accepted_total": 15, "task": 292, "task_id": "sigless_9dce8b79afb7", "tasks": 1186, "visible_unique_passes": 0}
[transformers] Both `min_new_tokens` (=0) and `min_length`(=0) seem to have been set. `min_new_tokens` will take precedence. Please refer to the documentation for more information. (https://huggingface.co/docs/transformers/main/en/main_classes/text_generation)
{"accepted": false, "accepted_total": 15, "task": 293, "task_id": "sigless_97d95beb0952", "tasks": 1186, "visible_unique_passes": 0}
[transformers] Both `min_new_tokens` (=0) and `min_length`(=0) seem to have been set. `min_new_tokens` will take precedence. Please refer to the documentation for more information. (https://huggingface.co/docs/transformers/main/en/main_classes/text_generation)
{"accepted": false, "accepted_total": 15, "task": 294, "task_id": "fresh-eval-d983d52b9c1f", "tasks": 1186, "visible_unique_passes": 0}
[transformers] Both `min_new_tokens` (=0) and `min_length`(=0) seem to have been set. `min_new_tokens` will take precedence. Please refer to the documentation for more information. (https://huggingface.co/docs/transformers/main/en/main_classes/text_generation)
{"accepted": false, "accepted_total": 15, "task": 295, "task_id": "sigless_b92855c49992", "tasks": 1186, "visible_unique_passes": 0}
[transformers] Both `min_new_tokens` (=0) and `min_length`(=0) seem to have been set. `min_new_tokens` will take precedence. Please refer to the documentation for more information. (https://huggingface.co/docs/transformers/main/en/main_classes/text_generation)
{"accepted": false, "accepted_total": 15, "task": 296, "task_id": "sigless_028211648fc5", "tasks": 1186, "visible_unique_passes": 0}
[transformers] Both `min_new_tokens` (=0) and `min_length`(=0) seem to have been set. `min_new_tokens` will take precedence. Please refer to the documentation for more information. (https://huggingface.co/docs/transformers/main/en/main_classes/text_generation)
{"accepted": false, "accepted_total": 15, "task": 297, "task_id": "sigless_72f15d80615f", "tasks": 1186, "visible_unique_passes": 0}
[transformers] Both `min_new_tokens` (=0) and `min_length`(=0) seem to have been set. `min_new_tokens` will take precedence. Please refer to the documentation for more information. (https://huggingface.co/docs/transformers/main/en/main_classes/text_generation)
{"accepted": false, "accepted_total": 15, "task": 298, "task_id": "sigless_99382783f270", "tasks": 1186, "visible_unique_passes": 0}
[transformers] Both `min_new_tokens` (=0) and `min_length`(=0) seem to have been set. `min_new_tokens` will take precedence. Please refer to the documentation for more information. (https://huggingface.co/docs/transformers/main/en/main_classes/text_generation)
{"accepted": false, "accepted_total": 15, "task": 299, "task_id": "sigless_4f3ed7b17a1f", "tasks": 1186, "visible_unique_passes": 0}
[transformers] Both `min_new_tokens` (=0) and `min_length`(=0) seem to have been set. `min_new_tokens` will take precedence. Please refer to the documentation for more information. (https://huggingface.co/docs/transformers/main/en/main_classes/text_generation)
{"accepted": false, "accepted_total": 15, "task": 300, "task_id": "fresh-eval-219f9591bad3", "tasks": 1186, "visible_unique_passes": 0}
[transformers] Both `min_new_tokens` (=0) and `min_length`(=0) seem to have been set. `min_new_tokens` will take precedence. Please refer to the documentation for more information. (https://huggingface.co/docs/transformers/main/en/main_classes/text_generation)
{"accepted": false, "accepted_total": 15, "task": 301, "task_id": "sigless_2372aebbb538", "tasks": 1186, "visible_unique_passes": 0}
[transformers] Both `min_new_tokens` (=0) and `min_length`(=0) seem to have been set. `min_new_tokens` will take precedence. Please refer to the documentation for more information. (https://huggingface.co/docs/transformers/main/en/main_classes/text_generation)
{"accepted": false, "accepted_total": 15, "task": 302, "task_id": "fresh-eval-407a8ec6122c", "tasks": 1186, "visible_unique_passes": 0}
[transformers] Both `min_new_tokens` (=0) and `min_length`(=0) seem to have been set. `min_new_tokens` will take precedence. Please refer to the documentation for more information. (https://huggingface.co/docs/transformers/main/en/main_classes/text_generation)
{"accepted": false, "accepted_total": 15, "task": 303, "task_id": "sigless_b71757c06bc5", "tasks": 1186, "visible_unique_passes": 0}
[transformers] Both `min_new_tokens` (=0) and `min_length`(=0) seem to have been set. `min_new_tokens` will take precedence. Please refer to the documentation for more information. (https://huggingface.co/docs/transformers/main/en/main_classes/text_generation)
{"accepted": false, "accepted_total": 15, "task": 304, "task_id": "sigless_c1c1609741a5", "tasks": 1186, "visible_unique_passes": 0}
[transformers] Both `min_new_tokens` (=0) and `min_length`(=0) seem to have been set. `min_new_tokens` will take precedence. Please refer to the documentation for more information. (https://huggingface.co/docs/transformers/main/en/main_classes/text_generation)
{"accepted": false, "accepted_total": 15, "task": 305, "task_id": "sigless_eec91ad630a3", "tasks": 1186, "visible_unique_passes": 0}
[transformers] Both `min_new_tokens` (=0) and `min_length`(=0) seem to have been set. `min_new_tokens` will take precedence. Please refer to the documentation for more information. (https://huggingface.co/docs/transformers/main/en/main_classes/text_generation)
{"accepted": false, "accepted_total": 15, "task": 306, "task_id": "fresh-eval-94ac6f9cb495", "tasks": 1186, "visible_unique_passes": 0}
[transformers] Both `min_new_tokens` (=0) and `min_length`(=0) seem to have been set. `min_new_tokens` will take precedence. Please refer to the documentation for more information. (https://huggingface.co/docs/transformers/main/en/main_classes/text_generation)
{"accepted": false, "accepted_total": 15, "task": 307, "task_id": "sigless_a43368a20420", "tasks": 1186, "visible_unique_passes": 0}
[transformers] Both `min_new_tokens` (=0) and `min_length`(=0) seem to have been set. `min_new_tokens` will take precedence. Please refer to the documentation for more information. (https://huggingface.co/docs/transformers/main/en/main_classes/text_generation)
{"accepted": false, "accepted_total": 15, "task": 308, "task_id": "fresh-eval-8ed218ba2102", "tasks": 1186, "visible_unique_passes": 0}
[transformers] Both `min_new_tokens` (=0) and `min_length`(=0) seem to have been set. `min_new_tokens` will take precedence. Please refer to the documentation for more information. (https://huggingface.co/docs/transformers/main/en/main_classes/text_generation)
{"accepted": true, "accepted_total": 16, "task": 309, "task_id": "sigless_0ead8979f480", "tasks": 1186, "visible_unique_passes": 2}
[transformers] Both `min_new_tokens` (=0) and `min_length`(=0) seem to have been set. `min_new_tokens` will take precedence. Please refer to the documentation for more information. (https://huggingface.co/docs/transformers/main/en/main_classes/text_generation)
{"accepted": false, "accepted_total": 16, "task": 310, "task_id": "fresh-eval-83f901936496", "tasks": 1186, "visible_unique_passes": 0}
[transformers] Both `min_new_tokens` (=0) and `min_length`(=0) seem to have been set. `min_new_tokens` will take precedence. Please refer to the documentation for more information. (https://huggingface.co/docs/transformers/main/en/main_classes/text_generation)
{"accepted": false, "accepted_total": 16, "task": 311, "task_id": "sigless_450f1e3cb187", "tasks": 1186, "visible_unique_passes": 0}
[transformers] Both `min_new_tokens` (=0) and `min_length`(=0) seem to have been set. `min_new_tokens` will take precedence. Please refer to the documentation for more information. (https://huggingface.co/docs/transformers/main/en/main_classes/text_generation)
{"accepted": false, "accepted_total": 16, "task": 312, "task_id": "sigless_cdef6492a016", "tasks": 1186, "visible_unique_passes": 0}
[transformers] Both `min_new_tokens` (=0) and `min_length`(=0) seem to have been set. `min_new_tokens` will take precedence. Please refer to the documentation for more information. (https://huggingface.co/docs/transformers/main/en/main_classes/text_generation)
{"accepted": false, "accepted_total": 16, "task": 313, "task_id": "sigless_465c428aa543", "tasks": 1186, "visible_unique_passes": 0}
[transformers] Both `min_new_tokens` (=0) and `min_length`(=0) seem to have been set. `min_new_tokens` will take precedence. Please refer to the documentation for more information. (https://huggingface.co/docs/transformers/main/en/main_classes/text_generation)
{"accepted": false, "accepted_total": 16, "task": 314, "task_id": "sigless_0026465806c5", "tasks": 1186, "visible_unique_passes": 0}
[transformers] Both `min_new_tokens` (=0) and `min_length`(=0) seem to have been set. `min_new_tokens` will take precedence. Please refer to the documentation for more information. (https://huggingface.co/docs/transformers/main/en/main_classes/text_generation)
{"accepted": false, "accepted_total": 16, "task": 315, "task_id": "sigless_6b1fb00348be", "tasks": 1186, "visible_unique_passes": 0}
[transformers] Both `min_new_tokens` (=0) and `min_length`(=0) seem to have been set. `min_new_tokens` will take precedence. Please refer to the documentation for more information. (https://huggingface.co/docs/transformers/main/en/main_classes/text_generation)
{"accepted": false, "accepted_total": 16, "task": 316, "task_id": "fresh-eval-46a41e744a24", "tasks": 1186, "visible_unique_passes": 0}
[transformers] Both `min_new_tokens` (=0) and `min_length`(=0) seem to have been set. `min_new_tokens` will take precedence. Please refer to the documentation for more information. (https://huggingface.co/docs/transformers/main/en/main_classes/text_generation)
{"accepted": true, "accepted_total": 17, "task": 317, "task_id": "fresh-eval-a8bed75962cb", "tasks": 1186, "visible_unique_passes": 1}
[transformers] Both `min_new_tokens` (=0) and `min_length`(=0) seem to have been set. `min_new_tokens` will take precedence. Please refer to the documentation for more information. (https://huggingface.co/docs/transformers/main/en/main_classes/text_generation)
{"accepted": true, "accepted_total": 18, "task": 318, "task_id": "fresh-eval-c7baa98d42c2", "tasks": 1186, "visible_unique_passes": 2}
[transformers] Both `min_new_tokens` (=0) and `min_length`(=0) seem to have been set. `min_new_tokens` will take precedence. Please refer to the documentation for more information. (https://huggingface.co/docs/transformers/main/en/main_classes/text_generation)
{"accepted": false, "accepted_total": 18, "task": 319, "task_id": "fresh-eval-966bedb15910", "tasks": 1186, "visible_unique_passes": 0}
[transformers] Both `min_new_tokens` (=0) and `min_length`(=0) seem to have been set. `min_new_tokens` will take precedence. Please refer to the documentation for more information. (https://huggingface.co/docs/transformers/main/en/main_classes/text_generation)
{"accepted": false, "accepted_total": 18, "task": 320, "task_id": "sigless_85a267e95106", "tasks": 1186, "visible_unique_passes": 0}
[transformers] Both `min_new_tokens` (=0) and `min_length`(=0) seem to have been set. `min_new_tokens` will take precedence. Please refer to the documentation for more information. (https://huggingface.co/docs/transformers/main/en/main_classes/text_generation)
{"accepted": false, "accepted_total": 18, "task": 321, "task_id": "sigless_d068b24b49ae", "tasks": 1186, "visible_unique_passes": 0}
[transformers] Both `min_new_tokens` (=0) and `min_length`(=0) seem to have been set. `min_new_tokens` will take precedence. Please refer to the documentation for more information. (https://huggingface.co/docs/transformers/main/en/main_classes/text_generation)
{"accepted": false, "accepted_total": 18, "task": 322, "task_id": "fresh-eval-c612a40c75c0", "tasks": 1186, "visible_unique_passes": 0}
[transformers] Both `min_new_tokens` (=0) and `min_length`(=0) seem to have been set. `min_new_tokens` will take precedence. Please refer to the documentation for more information. (https://huggingface.co/docs/transformers/main/en/main_classes/text_generation)
{"accepted": false, "accepted_total": 18, "task": 323, "task_id": "sigless_7604d0a9be1d", "tasks": 1186, "visible_unique_passes": 0}
[transformers] Both `min_new_tokens` (=0) and `min_length`(=0) seem to have been set. `min_new_tokens` will take precedence. Please refer to the documentation for more information. (https://huggingface.co/docs/transformers/main/en/main_classes/text_generation)
{"accepted": false, "accepted_total": 18, "task": 324, "task_id": "fresh-eval-77b6155fc5e7", "tasks": 1186, "visible_unique_passes": 0}
[transformers] Both `min_new_tokens` (=0) and `min_length`(=0) seem to have been set. `min_new_tokens` will take precedence. Please refer to the documentation for more information. (https://huggingface.co/docs/transformers/main/en/main_classes/text_generation)
{"accepted": false, "accepted_total": 18, "task": 325, "task_id": "fresh-eval-82c0c7b1d74a", "tasks": 1186, "visible_unique_passes": 0}
[transformers] Both `min_new_tokens` (=0) and `min_length`(=0) seem to have been set. `min_new_tokens` will take precedence. Please refer to the documentation for more information. (https://huggingface.co/docs/transformers/main/en/main_classes/text_generation)
{"accepted": false, "accepted_total": 18, "task": 326, "task_id": "fresh-eval-5f719ea96207", "tasks": 1186, "visible_unique_passes": 0}
[transformers] Both `min_new_tokens` (=0) and `min_length`(=0) seem to have been set. `min_new_tokens` will take precedence. Please refer to the documentation for more information. (https://huggingface.co/docs/transformers/main/en/main_classes/text_generation)
{"accepted": false, "accepted_total": 18, "task": 327, "task_id": "sigless_bde6c80eb940", "tasks": 1186, "visible_unique_passes": 0}
[transformers] Both `min_new_tokens` (=0) and `min_length`(=0) seem to have been set. `min_new_tokens` will take precedence. Please refer to the documentation for more information. (https://huggingface.co/docs/transformers/main/en/main_classes/text_generation)
{"accepted": false, "accepted_total": 18, "task": 328, "task_id": "fresh-eval-54f5321591ad", "tasks": 1186, "visible_unique_passes": 0}
[transformers] Both `min_new_tokens` (=0) and `min_length`(=0) seem to have been set. `min_new_tokens` will take precedence. Please refer to the documentation for more information. (https://huggingface.co/docs/transformers/main/en/main_classes/text_generation)
{"accepted": false, "accepted_total": 18, "task": 329, "task_id": "sigless_9fd7ba0b6a14", "tasks": 1186, "visible_unique_passes": 0}
[transformers] Both `min_new_tokens` (=0) and `min_length`(=0) seem to have been set. `min_new_tokens` will take precedence. Please refer to the documentation for more information. (https://huggingface.co/docs/transformers/main/en/main_classes/text_generation)
{"accepted": false, "accepted_total": 18, "task": 330, "task_id": "fresh-eval-37b52eb2a4d3", "tasks": 1186, "visible_unique_passes": 0}
[transformers] Both `min_new_tokens` (=0) and `min_length`(=0) seem to have been set. `min_new_tokens` will take precedence. Please refer to the documentation for more information. (https://huggingface.co/docs/transformers/main/en/main_classes/text_generation)
{"accepted": false, "accepted_total": 18, "task": 331, "task_id": "fresh-eval-3b31e3a3cfce", "tasks": 1186, "visible_unique_passes": 0}
[transformers] Both `min_new_tokens` (=0) and `min_length`(=0) seem to have been set. `min_new_tokens` will take precedence. Please refer to the documentation for more information. (https://huggingface.co/docs/transformers/main/en/main_classes/text_generation)
{"accepted": false, "accepted_total": 18, "task": 332, "task_id": "sigless_b06a7032c94d", "tasks": 1186, "visible_unique_passes": 0}
[transformers] Both `min_new_tokens` (=0) and `min_length`(=0) seem to have been set. `min_new_tokens` will take precedence. Please refer to the documentation for more information. (https://huggingface.co/docs/transformers/main/en/main_classes/text_generation)
{"accepted": false, "accepted_total": 18, "task": 333, "task_id": "sigless_081a63a5fd25", "tasks": 1186, "visible_unique_passes": 0}
[transformers] Both `min_new_tokens` (=0) and `min_length`(=0) seem to have been set. `min_new_tokens` will take precedence. Please refer to the documentation for more information. (https://huggingface.co/docs/transformers/main/en/main_classes/text_generation)
{"accepted": false, "accepted_total": 18, "task": 334, "task_id": "sigless_2f5e24445832", "tasks": 1186, "visible_unique_passes": 0}
[transformers] Both `min_new_tokens` (=0) and `min_length`(=0) seem to have been set. `min_new_tokens` will take precedence. Please refer to the documentation for more information. (https://huggingface.co/docs/transformers/main/en/main_classes/text_generation)
{"accepted": false, "accepted_total": 18, "task": 335, "task_id": "sigless_e79b5e65141e", "tasks": 1186, "visible_unique_passes": 0}
[transformers] Both `min_new_tokens` (=0) and `min_length`(=0) seem to have been set. `min_new_tokens` will take precedence. Please refer to the documentation for more information. (https://huggingface.co/docs/transformers/main/en/main_classes/text_generation)
{"accepted": false, "accepted_total": 18, "task": 336, "task_id": "sigless_4f1f06f120a6", "tasks": 1186, "visible_unique_passes": 0}
[transformers] Both `min_new_tokens` (=0) and `min_length`(=0) seem to have been set. `min_new_tokens` will take precedence. Please refer to the documentation for more information. (https://huggingface.co/docs/transformers/main/en/main_classes/text_generation)
{"accepted": false, "accepted_total": 18, "task": 337, "task_id": "sigless_04af5f4c43f4", "tasks": 1186, "visible_unique_passes": 0}
[transformers] Both `min_new_tokens` (=0) and `min_length`(=0) seem to have been set. `min_new_tokens` will take precedence. Please refer to the documentation for more information. (https://huggingface.co/docs/transformers/main/en/main_classes/text_generation)
{"accepted": false, "accepted_total": 18, "task": 338, "task_id": "fresh-eval-f9ffd4ab26f9", "tasks": 1186, "visible_unique_passes": 0}
[transformers] Both `min_new_tokens` (=0) and `min_length`(=0) seem to have been set. `min_new_tokens` will take precedence. Please refer to the documentation for more information. (https://huggingface.co/docs/transformers/main/en/main_classes/text_generation)
{"accepted": false, "accepted_total": 18, "task": 339, "task_id": "sigless_fd831842a33c", "tasks": 1186, "visible_unique_passes": 0}
[transformers] Both `min_new_tokens` (=0) and `min_length`(=0) seem to have been set. `min_new_tokens` will take precedence. Please refer to the documentation for more information. (https://huggingface.co/docs/transformers/main/en/main_classes/text_generation)
{"accepted": false, "accepted_total": 18, "task": 340, "task_id": "sigless_af88065cd8fc", "tasks": 1186, "visible_unique_passes": 0}
[transformers] Both `min_new_tokens` (=0) and `min_length`(=0) seem to have been set. `min_new_tokens` will take precedence. Please refer to the documentation for more information. (https://huggingface.co/docs/transformers/main/en/main_classes/text_generation)
{"accepted": false, "accepted_total": 18, "task": 341, "task_id": "sigless_dcce2a7081d2", "tasks": 1186, "visible_unique_passes": 0}
[transformers] Both `min_new_tokens` (=0) and `min_length`(=0) seem to have been set. `min_new_tokens` will take precedence. Please refer to the documentation for more information. (https://huggingface.co/docs/transformers/main/en/main_classes/text_generation)
{"accepted": false, "accepted_total": 18, "task": 342, "task_id": "sigless_509c3f3df91b", "tasks": 1186, "visible_unique_passes": 0}
[transformers] Both `min_new_tokens` (=0) and `min_length`(=0) seem to have been set. `min_new_tokens` will take precedence. Please refer to the documentation for more information. (https://huggingface.co/docs/transformers/main/en/main_classes/text_generation)
{"accepted": false, "accepted_total": 18, "task": 343, "task_id": "fresh-eval-8e5aef6abadc", "tasks": 1186, "visible_unique_passes": 0}
[transformers] Both `min_new_tokens` (=0) and `min_length`(=0) seem to have been set. `min_new_tokens` will take precedence. Please refer to the documentation for more information. (https://huggingface.co/docs/transformers/main/en/main_classes/text_generation)
{"accepted": false, "accepted_total": 18, "task": 344, "task_id": "sigless_470f8bc43ad0", "tasks": 1186, "visible_unique_passes": 0}
[transformers] Both `min_new_tokens` (=0) and `min_length`(=0) seem to have been set. `min_new_tokens` will take precedence. Please refer to the documentation for more information. (https://huggingface.co/docs/transformers/main/en/main_classes/text_generation)
{"accepted": false, "accepted_total": 18, "task": 345, "task_id": "fresh-eval-83a7a59af356", "tasks": 1186, "visible_unique_passes": 0}
[transformers] Both `min_new_tokens` (=0) and `min_length`(=0) seem to have been set. `min_new_tokens` will take precedence. Please refer to the documentation for more information. (https://huggingface.co/docs/transformers/main/en/main_classes/text_generation)
{"accepted": false, "accepted_total": 18, "task": 346, "task_id": "sigless_aba88447920b", "tasks": 1186, "visible_unique_passes": 0}
[transformers] Both `min_new_tokens` (=0) and `min_length`(=0) seem to have been set. `min_new_tokens` will take precedence. Please refer to the documentation for more information. (https://huggingface.co/docs/transformers/main/en/main_classes/text_generation)
{"accepted": false, "accepted_total": 18, "task": 347, "task_id": "fresh-eval-bb737b3d1afb", "tasks": 1186, "visible_unique_passes": 0}
[transformers] Both `min_new_tokens` (=0) and `min_length`(=0) seem to have been set. `min_new_tokens` will take precedence. Please refer to the documentation for more information. (https://huggingface.co/docs/transformers/main/en/main_classes/text_generation)
{"accepted": false, "accepted_total": 18, "task": 348, "task_id": "sigless_8e59c9b8b5e6", "tasks": 1186, "visible_unique_passes": 0}
[transformers] Both `min_new_tokens` (=0) and `min_length`(=0) seem to have been set. `min_new_tokens` will take precedence. Please refer to the documentation for more information. (https://huggingface.co/docs/transformers/main/en/main_classes/text_generation)
{"accepted": false, "accepted_total": 18, "task": 349, "task_id": "sigless_0aacd006f897", "tasks": 1186, "visible_unique_passes": 0}
[transformers] Both `min_new_tokens` (=0) and `min_length`(=0) seem to have been set. `min_new_tokens` will take precedence. Please refer to the documentation for more information. (https://huggingface.co/docs/transformers/main/en/main_classes/text_generation)
{"accepted": false, "accepted_total": 18, "task": 350, "task_id": "fresh-eval-40b6cbf7aaef", "tasks": 1186, "visible_unique_passes": 0}
[transformers] Both `min_new_tokens` (=0) and `min_length`(=0) seem to have been set. `min_new_tokens` will take precedence. Please refer to the documentation for more information. (https://huggingface.co/docs/transformers/main/en/main_classes/text_generation)
{"accepted": false, "accepted_total": 18, "task": 351, "task_id": "fresh-eval-aa506dda2e49", "tasks": 1186, "visible_unique_passes": 0}
[transformers] Both `min_new_tokens` (=0) and `min_length`(=0) seem to have been set. `min_new_tokens` will take precedence. Please refer to the documentation for more information. (https://huggingface.co/docs/transformers/main/en/main_classes/text_generation)
{"accepted": false, "accepted_total": 18, "task": 352, "task_id": "sigless_b5cb3f9f2d41", "tasks": 1186, "visible_unique_passes": 0}
[transformers] Both `min_new_tokens` (=0) and `min_length`(=0) seem to have been set. `min_new_tokens` will take precedence. Please refer to the documentation for more information. (https://huggingface.co/docs/transformers/main/en/main_classes/text_generation)
{"accepted": false, "accepted_total": 18, "task": 353, "task_id": "fresh-eval-77f0c25e60d1", "tasks": 1186, "visible_unique_passes": 0}
[transformers] Both `min_new_tokens` (=0) and `min_length`(=0) seem to have been set. `min_new_tokens` will take precedence. Please refer to the documentation for more information. (https://huggingface.co/docs/transformers/main/en/main_classes/text_generation)
{"accepted": false, "accepted_total": 18, "task": 354, "task_id": "fresh-eval-9ddd49dbc785", "tasks": 1186, "visible_unique_passes": 0}
[transformers] Both `min_new_tokens` (=0) and `min_length`(=0) seem to have been set. `min_new_tokens` will take precedence. Please refer to the documentation for more information. (https://huggingface.co/docs/transformers/main/en/main_classes/text_generation)
{"accepted": false, "accepted_total": 18, "task": 355, "task_id": "fresh-eval-eb14db9047b8", "tasks": 1186, "visible_unique_passes": 0}
[transformers] Both `min_new_tokens` (=0) and `min_length`(=0) seem to have been set. `min_new_tokens` will take precedence. Please refer to the documentation for more information. (https://huggingface.co/docs/transformers/main/en/main_classes/text_generation)
{"accepted": false, "accepted_total": 18, "task": 356, "task_id": "fresh-eval-ac3fcee7b645", "tasks": 1186, "visible_unique_passes": 0}
[transformers] Both `min_new_tokens` (=0) and `min_length`(=0) seem to have been set. `min_new_tokens` will take precedence. Please refer to the documentation for more information. (https://huggingface.co/docs/transformers/main/en/main_classes/text_generation)
{"accepted": false, "accepted_total": 18, "task": 357, "task_id": "sigless_b31da4a19239", "tasks": 1186, "visible_unique_passes": 0}
[transformers] Both `min_new_tokens` (=0) and `min_length`(=0) seem to have been set. `min_new_tokens` will take precedence. Please refer to the documentation for more information. (https://huggingface.co/docs/transformers/main/en/main_classes/text_generation)
{"accepted": false, "accepted_total": 18, "task": 358, "task_id": "sigless_bdf0a489217a", "tasks": 1186, "visible_unique_passes": 0}
[transformers] Both `min_new_tokens` (=0) and `min_length`(=0) seem to have been set. `min_new_tokens` will take precedence. Please refer to the documentation for more information. (https://huggingface.co/docs/transformers/main/en/main_classes/text_generation)
{"accepted": false, "accepted_total": 18, "task": 359, "task_id": "sigless_14f880c04611", "tasks": 1186, "visible_unique_passes": 0}
[transformers] Both `min_new_tokens` (=0) and `min_length`(=0) seem to have been set. `min_new_tokens` will take precedence. Please refer to the documentation for more information. (https://huggingface.co/docs/transformers/main/en/main_classes/text_generation)
{"accepted": false, "accepted_total": 18, "task": 360, "task_id": "fresh-eval-a019cba455db", "tasks": 1186, "visible_unique_passes": 0}
[transformers] Both `min_new_tokens` (=0) and `min_length`(=0) seem to have been set. `min_new_tokens` will take precedence. Please refer to the documentation for more information. (https://huggingface.co/docs/transformers/main/en/main_classes/text_generation)
{"accepted": false, "accepted_total": 18, "task": 361, "task_id": "fresh-eval-f6819a5e6a5c", "tasks": 1186, "visible_unique_passes": 0}
[transformers] Both `min_new_tokens` (=0) and `min_length`(=0) seem to have been set. `min_new_tokens` will take precedence. Please refer to the documentation for more information. (https://huggingface.co/docs/transformers/main/en/main_classes/text_generation)
{"accepted": false, "accepted_total": 18, "task": 362, "task_id": "fresh-eval-4dc2ccd35d85", "tasks": 1186, "visible_unique_passes": 0}
[transformers] Both `min_new_tokens` (=0) and `min_length`(=0) seem to have been set. `min_new_tokens` will take precedence. Please refer to the documentation for more information. (https://huggingface.co/docs/transformers/main/en/main_classes/text_generation)
{"accepted": false, "accepted_total": 18, "task": 363, "task_id": "sigless_23937f663130", "tasks": 1186, "visible_unique_passes": 0}
[transformers] Both `min_new_tokens` (=0) and `min_length`(=0) seem to have been set. `min_new_tokens` will take precedence. Please refer to the documentation for more information. (https://huggingface.co/docs/transformers/main/en/main_classes/text_generation)
{"accepted": false, "accepted_total": 18, "task": 364, "task_id": "sigless_ed552125f186", "tasks": 1186, "visible_unique_passes": 0}
[transformers] Both `min_new_tokens` (=0) and `min_length`(=0) seem to have been set. `min_new_tokens` will take precedence. Please refer to the documentation for more information. (https://huggingface.co/docs/transformers/main/en/main_classes/text_generation)
{"accepted": false, "accepted_total": 18, "task": 365, "task_id": "sigless_0c62ce2fd6a9", "tasks": 1186, "visible_unique_passes": 0}
[transformers] Both `min_new_tokens` (=0) and `min_length`(=0) seem to have been set. `min_new_tokens` will take precedence. Please refer to the documentation for more information. (https://huggingface.co/docs/transformers/main/en/main_classes/text_generation)
{"accepted": false, "accepted_total": 18, "task": 366, "task_id": "fresh-eval-d40bdbb24bb6", "tasks": 1186, "visible_unique_passes": 0}
[transformers] Both `min_new_tokens` (=0) and `min_length`(=0) seem to have been set. `min_new_tokens` will take precedence. Please refer to the documentation for more information. (https://huggingface.co/docs/transformers/main/en/main_classes/text_generation)
{"accepted": false, "accepted_total": 18, "task": 367, "task_id": "fresh-eval-cd4ea783a57b", "tasks": 1186, "visible_unique_passes": 0}
[transformers] Both `min_new_tokens` (=0) and `min_length`(=0) seem to have been set. `min_new_tokens` will take precedence. Please refer to the documentation for more information. (https://huggingface.co/docs/transformers/main/en/main_classes/text_generation)
{"accepted": false, "accepted_total": 18, "task": 368, "task_id": "fresh-eval-1c6c7ef6b60e", "tasks": 1186, "visible_unique_passes": 0}
[transformers] Both `min_new_tokens` (=0) and `min_length`(=0) seem to have been set. `min_new_tokens` will take precedence. Please refer to the documentation for more information. (https://huggingface.co/docs/transformers/main/en/main_classes/text_generation)
{"accepted": false, "accepted_total": 18, "task": 369, "task_id": "sigless_fb1b1896379a", "tasks": 1186, "visible_unique_passes": 0}
[transformers] Both `min_new_tokens` (=0) and `min_length`(=0) seem to have been set. `min_new_tokens` will take precedence. Please refer to the documentation for more information. (https://huggingface.co/docs/transformers/main/en/main_classes/text_generation)
{"accepted": false, "accepted_total": 18, "task": 370, "task_id": "sigless_20f7388811d3", "tasks": 1186, "visible_unique_passes": 0}
[transformers] Both `min_new_tokens` (=0) and `min_length`(=0) seem to have been set. `min_new_tokens` will take precedence. Please refer to the documentation for more information. (https://huggingface.co/docs/transformers/main/en/main_classes/text_generation)
{"accepted": false, "accepted_total": 18, "task": 371, "task_id": "sigless_dc4c176cdc50", "tasks": 1186, "visible_unique_passes": 0}
[transformers] Both `min_new_tokens` (=0) and `min_length`(=0) seem to have been set. `min_new_tokens` will take precedence. Please refer to the documentation for more information. (https://huggingface.co/docs/transformers/main/en/main_classes/text_generation)
{"accepted": false, "accepted_total": 18, "task": 372, "task_id": "sigless_d1da23840973", "tasks": 1186, "visible_unique_passes": 0}
[transformers] Both `min_new_tokens` (=0) and `min_length`(=0) seem to have been set. `min_new_tokens` will take precedence. Please refer to the documentation for more information. (https://huggingface.co/docs/transformers/main/en/main_classes/text_generation)
{"accepted": false, "accepted_total": 18, "task": 373, "task_id": "sigless_25800dc4acc5", "tasks": 1186, "visible_unique_passes": 0}
[transformers] Both `min_new_tokens` (=0) and `min_length`(=0) seem to have been set. `min_new_tokens` will take precedence. Please refer to the documentation for more information. (https://huggingface.co/docs/transformers/main/en/main_classes/text_generation)
{"accepted": false, "accepted_total": 18, "task": 374, "task_id": "fresh-eval-b8f6081d9ac5", "tasks": 1186, "visible_unique_passes": 0}
[transformers] Both `min_new_tokens` (=0) and `min_length`(=0) seem to have been set. `min_new_tokens` will take precedence. Please refer to the documentation for more information. (https://huggingface.co/docs/transformers/main/en/main_classes/text_generation)
{"accepted": false, "accepted_total": 18, "task": 375, "task_id": "fresh-eval-75b096c8efee", "tasks": 1186, "visible_unique_passes": 0}
[transformers] Both `min_new_tokens` (=0) and `min_length`(=0) seem to have been set. `min_new_tokens` will take precedence. Please refer to the documentation for more information. (https://huggingface.co/docs/transformers/main/en/main_classes/text_generation)
{"accepted": false, "accepted_total": 18, "task": 376, "task_id": "sigless_be093ad7983f", "tasks": 1186, "visible_unique_passes": 0}
[transformers] Both `min_new_tokens` (=0) and `min_length`(=0) seem to have been set. `min_new_tokens` will take precedence. Please refer to the documentation for more information. (https://huggingface.co/docs/transformers/main/en/main_classes/text_generation)
{"accepted": false, "accepted_total": 18, "task": 377, "task_id": "fresh-eval-485edda8cb32", "tasks": 1186, "visible_unique_passes": 0}
[transformers] Both `min_new_tokens` (=0) and `min_length`(=0) seem to have been set. `min_new_tokens` will take precedence. Please refer to the documentation for more information. (https://huggingface.co/docs/transformers/main/en/main_classes/text_generation)
{"accepted": false, "accepted_total": 18, "task": 378, "task_id": "fresh-eval-a1526db17209", "tasks": 1186, "visible_unique_passes": 0}
[transformers] Both `min_new_tokens` (=0) and `min_length`(=0) seem to have been set. `min_new_tokens` will take precedence. Please refer to the documentation for more information. (https://huggingface.co/docs/transformers/main/en/main_classes/text_generation)
{"accepted": true, "accepted_total": 19, "task": 379, "task_id": "sigless_f415bf91c07c", "tasks": 1186, "visible_unique_passes": 1}
[transformers] Both `min_new_tokens` (=0) and `min_length`(=0) seem to have been set. `min_new_tokens` will take precedence. Please refer to the documentation for more information. (https://huggingface.co/docs/transformers/main/en/main_classes/text_generation)
{"accepted": false, "accepted_total": 19, "task": 380, "task_id": "sigless_c1cca0d0c5c6", "tasks": 1186, "visible_unique_passes": 0}
[transformers] Both `min_new_tokens` (=0) and `min_length`(=0) seem to have been set. `min_new_tokens` will take precedence. Please refer to the documentation for more information. (https://huggingface.co/docs/transformers/main/en/main_classes/text_generation)
{"accepted": false, "accepted_total": 19, "task": 381, "task_id": "sigless_2710fcb10572", "tasks": 1186, "visible_unique_passes": 0}
[transformers] Both `min_new_tokens` (=0) and `min_length`(=0) seem to have been set. `min_new_tokens` will take precedence. Please refer to the documentation for more information. (https://huggingface.co/docs/transformers/main/en/main_classes/text_generation)
{"accepted": false, "accepted_total": 19, "task": 382, "task_id": "sigless_f9ae48a939d4", "tasks": 1186, "visible_unique_passes": 0}
[transformers] Both `min_new_tokens` (=0) and `min_length`(=0) seem to have been set. `min_new_tokens` will take precedence. Please refer to the documentation for more information. (https://huggingface.co/docs/transformers/main/en/main_classes/text_generation)
{"accepted": false, "accepted_total": 19, "task": 383, "task_id": "sigless_6e865a282c09", "tasks": 1186, "visible_unique_passes": 0}
[transformers] Both `min_new_tokens` (=0) and `min_length`(=0) seem to have been set. `min_new_tokens` will take precedence. Please refer to the documentation for more information. (https://huggingface.co/docs/transformers/main/en/main_classes/text_generation)
{"accepted": false, "accepted_total": 19, "task": 384, "task_id": "fresh-eval-c68b3b3565be", "tasks": 1186, "visible_unique_passes": 0}
[transformers] Both `min_new_tokens` (=0) and `min_length`(=0) seem to have been set. `min_new_tokens` will take precedence. Please refer to the documentation for more information. (https://huggingface.co/docs/transformers/main/en/main_classes/text_generation)
{"accepted": false, "accepted_total": 19, "task": 385, "task_id": "fresh-eval-2b925e3be3ba", "tasks": 1186, "visible_unique_passes": 0}
[transformers] Both `min_new_tokens` (=0) and `min_length`(=0) seem to have been set. `min_new_tokens` will take precedence. Please refer to the documentation for more information. (https://huggingface.co/docs/transformers/main/en/main_classes/text_generation)
{"accepted": false, "accepted_total": 19, "task": 386, "task_id": "fresh-eval-b468b415147b", "tasks": 1186, "visible_unique_passes": 0}
[transformers] Both `min_new_tokens` (=0) and `min_length`(=0) seem to have been set. `min_new_tokens` will take precedence. Please refer to the documentation for more information. (https://huggingface.co/docs/transformers/main/en/main_classes/text_generation)
{"accepted": false, "accepted_total": 19, "task": 387, "task_id": "fresh-eval-85a6b3fcdddb", "tasks": 1186, "visible_unique_passes": 0}
[transformers] Both `min_new_tokens` (=0) and `min_length`(=0) seem to have been set. `min_new_tokens` will take precedence. Please refer to the documentation for more information. (https://huggingface.co/docs/transformers/main/en/main_classes/text_generation)
{"accepted": false, "accepted_total": 19, "task": 388, "task_id": "sigless_bebb52019d4d", "tasks": 1186, "visible_unique_passes": 0}
[transformers] Both `min_new_tokens` (=0) and `min_length`(=0) seem to have been set. `min_new_tokens` will take precedence. Please refer to the documentation for more information. (https://huggingface.co/docs/transformers/main/en/main_classes/text_generation)
{"accepted": true, "accepted_total": 20, "task": 389, "task_id": "sigless_c293d02703cd", "tasks": 1186, "visible_unique_passes": 1}
[transformers] Both `min_new_tokens` (=0) and `min_length`(=0) seem to have been set. `min_new_tokens` will take precedence. Please refer to the documentation for more information. (https://huggingface.co/docs/transformers/main/en/main_classes/text_generation)
{"accepted": false, "accepted_total": 20, "task": 390, "task_id": "sigless_d2d65331e5c2", "tasks": 1186, "visible_unique_passes": 0}
[transformers] Both `min_new_tokens` (=0) and `min_length`(=0) seem to have been set. `min_new_tokens` will take precedence. Please refer to the documentation for more information. (https://huggingface.co/docs/transformers/main/en/main_classes/text_generation)
{"accepted": false, "accepted_total": 20, "task": 391, "task_id": "sigless_91a8855c0141", "tasks": 1186, "visible_unique_passes": 0}
[transformers] Both `min_new_tokens` (=0) and `min_length`(=0) seem to have been set. `min_new_tokens` will take precedence. Please refer to the documentation for more information. (https://huggingface.co/docs/transformers/main/en/main_classes/text_generation)
{"accepted": false, "accepted_total": 20, "task": 392, "task_id": "fresh-eval-c8483a96da1d", "tasks": 1186, "visible_unique_passes": 0}
[transformers] Both `min_new_tokens` (=0) and `min_length`(=0) seem to have been set. `min_new_tokens` will take precedence. Please refer to the documentation for more information. (https://huggingface.co/docs/transformers/main/en/main_classes/text_generation)
{"accepted": false, "accepted_total": 20, "task": 393, "task_id": "sigless_a4c7076f4aaf", "tasks": 1186, "visible_unique_passes": 0}
[transformers] Both `min_new_tokens` (=0) and `min_length`(=0) seem to have been set. `min_new_tokens` will take precedence. Please refer to the documentation for more information. (https://huggingface.co/docs/transformers/main/en/main_classes/text_generation)
{"accepted": false, "accepted_total": 20, "task": 394, "task_id": "fresh-eval-4315a78f8b36", "tasks": 1186, "visible_unique_passes": 0}
[transformers] Both `min_new_tokens` (=0) and `min_length`(=0) seem to have been set. `min_new_tokens` will take precedence. Please refer to the documentation for more information. (https://huggingface.co/docs/transformers/main/en/main_classes/text_generation)
{"accepted": false, "accepted_total": 20, "task": 395, "task_id": "fresh-eval-8bed9d92b576", "tasks": 1186, "visible_unique_passes": 0}
[transformers] Both `min_new_tokens` (=0) and `min_length`(=0) seem to have been set. `min_new_tokens` will take precedence. Please refer to the documentation for more information. (https://huggingface.co/docs/transformers/main/en/main_classes/text_generation)
{"accepted": false, "accepted_total": 20, "task": 396, "task_id": "sigless_ac279ba1425a", "tasks": 1186, "visible_unique_passes": 0}
[transformers] Both `min_new_tokens` (=0) and `min_length`(=0) seem to have been set. `min_new_tokens` will take precedence. Please refer to the documentation for more information. (https://huggingface.co/docs/transformers/main/en/main_classes/text_generation)
{"accepted": false, "accepted_total": 20, "task": 397, "task_id": "sigless_3ddcd7b67860", "tasks": 1186, "visible_unique_passes": 0}
[transformers] Both `min_new_tokens` (=0) and `min_length`(=0) seem to have been set. `min_new_tokens` will take precedence. Please refer to the documentation for more information. (https://huggingface.co/docs/transformers/main/en/main_classes/text_generation)
{"accepted": false, "accepted_total": 20, "task": 398, "task_id": "fresh-eval-7d759cca76c8", "tasks": 1186, "visible_unique_passes": 0}
[transformers] Both `min_new_tokens` (=0) and `min_length`(=0) seem to have been set. `min_new_tokens` will take precedence. Please refer to the documentation for more information. (https://huggingface.co/docs/transformers/main/en/main_classes/text_generation)
{"accepted": false, "accepted_total": 20, "task": 399, "task_id": "sigless_0ae882aa2b4c", "tasks": 1186, "visible_unique_passes": 0}
[transformers] Both `min_new_tokens` (=0) and `min_length`(=0) seem to have been set. `min_new_tokens` will take precedence. Please refer to the documentation for more information. (https://huggingface.co/docs/transformers/main/en/main_classes/text_generation)
{"accepted": false, "accepted_total": 20, "task": 400, "task_id": "fresh-eval-dd145ba8583e", "tasks": 1186, "visible_unique_passes": 0}
[transformers] Both `min_new_tokens` (=0) and `min_length`(=0) seem to have been set. `min_new_tokens` will take precedence. Please refer to the documentation for more information. (https://huggingface.co/docs/transformers/main/en/main_classes/text_generation)
{"accepted": false, "accepted_total": 20, "task": 401, "task_id": "sigless_c3def4af1815", "tasks": 1186, "visible_unique_passes": 0}
[transformers] Both `min_new_tokens` (=0) and `min_length`(=0) seem to have been set. `min_new_tokens` will take precedence. Please refer to the documentation for more information. (https://huggingface.co/docs/transformers/main/en/main_classes/text_generation)
{"accepted": true, "accepted_total": 21, "task": 402, "task_id": "fresh-eval-e4f3ebde84c7", "tasks": 1186, "visible_unique_passes": 2}
[transformers] Both `min_new_tokens` (=0) and `min_length`(=0) seem to have been set. `min_new_tokens` will take precedence. Please refer to the documentation for more information. (https://huggingface.co/docs/transformers/main/en/main_classes/text_generation)
{"accepted": false, "accepted_total": 21, "task": 403, "task_id": "sigless_ee918d23b3db", "tasks": 1186, "visible_unique_passes": 0}
[transformers] Both `min_new_tokens` (=0) and `min_length`(=0) seem to have been set. `min_new_tokens` will take precedence. Please refer to the documentation for more information. (https://huggingface.co/docs/transformers/main/en/main_classes/text_generation)
{"accepted": false, "accepted_total": 21, "task": 404, "task_id": "sigless_6e0bd70568be", "tasks": 1186, "visible_unique_passes": 0}
[transformers] Both `min_new_tokens` (=0) and `min_length`(=0) seem to have been set. `min_new_tokens` will take precedence. Please refer to the documentation for more information. (https://huggingface.co/docs/transformers/main/en/main_classes/text_generation)
{"accepted": false, "accepted_total": 21, "task": 405, "task_id": "fresh-eval-b5a13aecbb19", "tasks": 1186, "visible_unique_passes": 0}
[transformers] Both `min_new_tokens` (=0) and `min_length`(=0) seem to have been set. `min_new_tokens` will take precedence. Please refer to the documentation for more information. (https://huggingface.co/docs/transformers/main/en/main_classes/text_generation)
{"accepted": false, "accepted_total": 21, "task": 406, "task_id": "fresh-eval-c671e0c2096d", "tasks": 1186, "visible_unique_passes": 0}
[transformers] Both `min_new_tokens` (=0) and `min_length`(=0) seem to have been set. `min_new_tokens` will take precedence. Please refer to the documentation for more information. (https://huggingface.co/docs/transformers/main/en/main_classes/text_generation)
{"accepted": false, "accepted_total": 21, "task": 407, "task_id": "sigless_ecf748cf12af", "tasks": 1186, "visible_unique_passes": 0}
[transformers] Both `min_new_tokens` (=0) and `min_length`(=0) seem to have been set. `min_new_tokens` will take precedence. Please refer to the documentation for more information. (https://huggingface.co/docs/transformers/main/en/main_classes/text_generation)
{"accepted": false, "accepted_total": 21, "task": 408, "task_id": "sigless_d4aa83b9e134", "tasks": 1186, "visible_unique_passes": 0}
[transformers] Both `min_new_tokens` (=0) and `min_length`(=0) seem to have been set. `min_new_tokens` will take precedence. Please refer to the documentation for more information. (https://huggingface.co/docs/transformers/main/en/main_classes/text_generation)
{"accepted": false, "accepted_total": 21, "task": 409, "task_id": "sigless_037a83cfa693", "tasks": 1186, "visible_unique_passes": 0}
[transformers] Both `min_new_tokens` (=0) and `min_length`(=0) seem to have been set. `min_new_tokens` will take precedence. Please refer to the documentation for more information. (https://huggingface.co/docs/transformers/main/en/main_classes/text_generation)
{"accepted": false, "accepted_total": 21, "task": 410, "task_id": "fresh-eval-10abc51c078a", "tasks": 1186, "visible_unique_passes": 0}
[transformers] Both `min_new_tokens` (=0) and `min_length`(=0) seem to have been set. `min_new_tokens` will take precedence. Please refer to the documentation for more information. (https://huggingface.co/docs/transformers/main/en/main_classes/text_generation)
{"accepted": false, "accepted_total": 21, "task": 411, "task_id": "fresh-eval-a737bc7b7b0f", "tasks": 1186, "visible_unique_passes": 0}
[transformers] Both `min_new_tokens` (=0) and `min_length`(=0) seem to have been set. `min_new_tokens` will take precedence. Please refer to the documentation for more information. (https://huggingface.co/docs/transformers/main/en/main_classes/text_generation)
{"accepted": false, "accepted_total": 21, "task": 412, "task_id": "sigless_fc51151e9da6", "tasks": 1186, "visible_unique_passes": 0}
[transformers] Both `min_new_tokens` (=0) and `min_length`(=0) seem to have been set. `min_new_tokens` will take precedence. Please refer to the documentation for more information. (https://huggingface.co/docs/transformers/main/en/main_classes/text_generation)
{"accepted": false, "accepted_total": 21, "task": 413, "task_id": "fresh-eval-6db8960b3fcd", "tasks": 1186, "visible_unique_passes": 0}
[transformers] Both `min_new_tokens` (=0) and `min_length`(=0) seem to have been set. `min_new_tokens` will take precedence. Please refer to the documentation for more information. (https://huggingface.co/docs/transformers/main/en/main_classes/text_generation)
{"accepted": false, "accepted_total": 21, "task": 414, "task_id": "sigless_793d53edeafd", "tasks": 1186, "visible_unique_passes": 0}
[transformers] Both `min_new_tokens` (=0) and `min_length`(=0) seem to have been set. `min_new_tokens` will take precedence. Please refer to the documentation for more information. (https://huggingface.co/docs/transformers/main/en/main_classes/text_generation)
{"accepted": false, "accepted_total": 21, "task": 415, "task_id": "sigless_107bd3b1be91", "tasks": 1186, "visible_unique_passes": 0}
[transformers] Both `min_new_tokens` (=0) and `min_length`(=0) seem to have been set. `min_new_tokens` will take precedence. Please refer to the documentation for more information. (https://huggingface.co/docs/transformers/main/en/main_classes/text_generation)
{"accepted": false, "accepted_total": 21, "task": 416, "task_id": "sigless_5b0e17aa0970", "tasks": 1186, "visible_unique_passes": 0}
[transformers] Both `min_new_tokens` (=0) and `min_length`(=0) seem to have been set. `min_new_tokens` will take precedence. Please refer to the documentation for more information. (https://huggingface.co/docs/transformers/main/en/main_classes/text_generation)
{"accepted": false, "accepted_total": 21, "task": 417, "task_id": "sigless_56fd96ee2ff6", "tasks": 1186, "visible_unique_passes": 0}
[transformers] Both `min_new_tokens` (=0) and `min_length`(=0) seem to have been set. `min_new_tokens` will take precedence. Please refer to the documentation for more information. (https://huggingface.co/docs/transformers/main/en/main_classes/text_generation)
{"accepted": false, "accepted_total": 21, "task": 418, "task_id": "sigless_853fa1e3f650", "tasks": 1186, "visible_unique_passes": 0}
[transformers] Both `min_new_tokens` (=0) and `min_length`(=0) seem to have been set. `min_new_tokens` will take precedence. Please refer to the documentation for more information. (https://huggingface.co/docs/transformers/main/en/main_classes/text_generation)
{"accepted": false, "accepted_total": 21, "task": 419, "task_id": "sigless_fa302886fd8c", "tasks": 1186, "visible_unique_passes": 1}
[transformers] Both `min_new_tokens` (=0) and `min_length`(=0) seem to have been set. `min_new_tokens` will take precedence. Please refer to the documentation for more information. (https://huggingface.co/docs/transformers/main/en/main_classes/text_generation)
{"accepted": false, "accepted_total": 21, "task": 420, "task_id": "sigless_0db69fa53646", "tasks": 1186, "visible_unique_passes": 1}
[transformers] Both `min_new_tokens` (=0) and `min_length`(=0) seem to have been set. `min_new_tokens` will take precedence. Please refer to the documentation for more information. (https://huggingface.co/docs/transformers/main/en/main_classes/text_generation)
{"accepted": false, "accepted_total": 21, "task": 421, "task_id": "sigless_051ca28bea88", "tasks": 1186, "visible_unique_passes": 0}
[transformers] Both `min_new_tokens` (=0) and `min_length`(=0) seem to have been set. `min_new_tokens` will take precedence. Please refer to the documentation for more information. (https://huggingface.co/docs/transformers/main/en/main_classes/text_generation)
{"accepted": false, "accepted_total": 21, "task": 422, "task_id": "fresh-eval-21c0a040b088", "tasks": 1186, "visible_unique_passes": 0}
[transformers] Both `min_new_tokens` (=0) and `min_length`(=0) seem to have been set. `min_new_tokens` will take precedence. Please refer to the documentation for more information. (https://huggingface.co/docs/transformers/main/en/main_classes/text_generation)
{"accepted": false, "accepted_total": 21, "task": 423, "task_id": "sigless_eb084c16b48f", "tasks": 1186, "visible_unique_passes": 0}
[transformers] Both `min_new_tokens` (=0) and `min_length`(=0) seem to have been set. `min_new_tokens` will take precedence. Please refer to the documentation for more information. (https://huggingface.co/docs/transformers/main/en/main_classes/text_generation)
{"accepted": false, "accepted_total": 21, "task": 424, "task_id": "sigless_fd20abcd2c91", "tasks": 1186, "visible_unique_passes": 0}
[transformers] Both `min_new_tokens` (=0) and `min_length`(=0) seem to have been set. `min_new_tokens` will take precedence. Please refer to the documentation for more information. (https://huggingface.co/docs/transformers/main/en/main_classes/text_generation)
{"accepted": false, "accepted_total": 21, "task": 425, "task_id": "sigless_35dd474101de", "tasks": 1186, "visible_unique_passes": 0}
[transformers] Both `min_new_tokens` (=0) and `min_length`(=0) seem to have been set. `min_new_tokens` will take precedence. Please refer to the documentation for more information. (https://huggingface.co/docs/transformers/main/en/main_classes/text_generation)
{"accepted": false, "accepted_total": 21, "task": 426, "task_id": "sigless_cb8b7f216fae", "tasks": 1186, "visible_unique_passes": 0}
[transformers] Both `min_new_tokens` (=0) and `min_length`(=0) seem to have been set. `min_new_tokens` will take precedence. Please refer to the documentation for more information. (https://huggingface.co/docs/transformers/main/en/main_classes/text_generation)
{"accepted": false, "accepted_total": 21, "task": 427, "task_id": "fresh-eval-95bc01e82937", "tasks": 1186, "visible_unique_passes": 0}
[transformers] Both `min_new_tokens` (=0) and `min_length`(=0) seem to have been set. `min_new_tokens` will take precedence. Please refer to the documentation for more information. (https://huggingface.co/docs/transformers/main/en/main_classes/text_generation)
{"accepted": false, "accepted_total": 21, "task": 428, "task_id": "fresh-eval-ddc821d56d55", "tasks": 1186, "visible_unique_passes": 0}
[transformers] Both `min_new_tokens` (=0) and `min_length`(=0) seem to have been set. `min_new_tokens` will take precedence. Please refer to the documentation for more information. (https://huggingface.co/docs/transformers/main/en/main_classes/text_generation)
{"accepted": false, "accepted_total": 21, "task": 429, "task_id": "fresh-eval-eee04fd6f56d", "tasks": 1186, "visible_unique_passes": 0}
[transformers] Both `min_new_tokens` (=0) and `min_length`(=0) seem to have been set. `min_new_tokens` will take precedence. Please refer to the documentation for more information. (https://huggingface.co/docs/transformers/main/en/main_classes/text_generation)
{"accepted": false, "accepted_total": 21, "task": 430, "task_id": "sigless_37d4d507d12a", "tasks": 1186, "visible_unique_passes": 0}
[transformers] Both `min_new_tokens` (=0) and `min_length`(=0) seem to have been set. `min_new_tokens` will take precedence. Please refer to the documentation for more information. (https://huggingface.co/docs/transformers/main/en/main_classes/text_generation)
{"accepted": false, "accepted_total": 21, "task": 431, "task_id": "fresh-eval-0aaedc099c87", "tasks": 1186, "visible_unique_passes": 0}
[transformers] Both `min_new_tokens` (=0) and `min_length`(=0) seem to have been set. `min_new_tokens` will take precedence. Please refer to the documentation for more information. (https://huggingface.co/docs/transformers/main/en/main_classes/text_generation)
{"accepted": false, "accepted_total": 21, "task": 432, "task_id": "sigless_581d3f725aba", "tasks": 1186, "visible_unique_passes": 0}
[transformers] Both `min_new_tokens` (=0) and `min_length`(=0) seem to have been set. `min_new_tokens` will take precedence. Please refer to the documentation for more information. (https://huggingface.co/docs/transformers/main/en/main_classes/text_generation)
{"accepted": false, "accepted_total": 21, "task": 433, "task_id": "sigless_82b5b4eb7dbf", "tasks": 1186, "visible_unique_passes": 0}
[transformers] Both `min_new_tokens` (=0) and `min_length`(=0) seem to have been set. `min_new_tokens` will take precedence. Please refer to the documentation for more information. (https://huggingface.co/docs/transformers/main/en/main_classes/text_generation)
{"accepted": false, "accepted_total": 21, "task": 434, "task_id": "sigless_e5824239f216", "tasks": 1186, "visible_unique_passes": 0}
[transformers] Both `min_new_tokens` (=0) and `min_length`(=0) seem to have been set. `min_new_tokens` will take precedence. Please refer to the documentation for more information. (https://huggingface.co/docs/transformers/main/en/main_classes/text_generation)
{"accepted": false, "accepted_total": 21, "task": 435, "task_id": "fresh-eval-4ffc2a72bf2f", "tasks": 1186, "visible_unique_passes": 0}
[transformers] Both `min_new_tokens` (=0) and `min_length`(=0) seem to have been set. `min_new_tokens` will take precedence. Please refer to the documentation for more information. (https://huggingface.co/docs/transformers/main/en/main_classes/text_generation)
{"accepted": false, "accepted_total": 21, "task": 436, "task_id": "sigless_771620b826b2", "tasks": 1186, "visible_unique_passes": 0}
[transformers] Both `min_new_tokens` (=0) and `min_length`(=0) seem to have been set. `min_new_tokens` will take precedence. Please refer to the documentation for more information. (https://huggingface.co/docs/transformers/main/en/main_classes/text_generation)
{"accepted": false, "accepted_total": 21, "task": 437, "task_id": "fresh-eval-b96799ba4b32", "tasks": 1186, "visible_unique_passes": 0}
[transformers] Both `min_new_tokens` (=0) and `min_length`(=0) seem to have been set. `min_new_tokens` will take precedence. Please refer to the documentation for more information. (https://huggingface.co/docs/transformers/main/en/main_classes/text_generation)
{"accepted": false, "accepted_total": 21, "task": 438, "task_id": "sigless_f3a60f9a2545", "tasks": 1186, "visible_unique_passes": 0}
[transformers] Both `min_new_tokens` (=0) and `min_length`(=0) seem to have been set. `min_new_tokens` will take precedence. Please refer to the documentation for more information. (https://huggingface.co/docs/transformers/main/en/main_classes/text_generation)
{"accepted": false, "accepted_total": 21, "task": 439, "task_id": "fresh-eval-493fbe636405", "tasks": 1186, "visible_unique_passes": 0}
[transformers] Both `min_new_tokens` (=0) and `min_length`(=0) seem to have been set. `min_new_tokens` will take precedence. Please refer to the documentation for more information. (https://huggingface.co/docs/transformers/main/en/main_classes/text_generation)
{"accepted": false, "accepted_total": 21, "task": 440, "task_id": "sigless_f5df9c453178", "tasks": 1186, "visible_unique_passes": 0}
[transformers] Both `min_new_tokens` (=0) and `min_length`(=0) seem to have been set. `min_new_tokens` will take precedence. Please refer to the documentation for more information. (https://huggingface.co/docs/transformers/main/en/main_classes/text_generation)
{"accepted": false, "accepted_total": 21, "task": 441, "task_id": "fresh-eval-72d2a08f3831", "tasks": 1186, "visible_unique_passes": 0}
[transformers] Both `min_new_tokens` (=0) and `min_length`(=0) seem to have been set. `min_new_tokens` will take precedence. Please refer to the documentation for more information. (https://huggingface.co/docs/transformers/main/en/main_classes/text_generation)
{"accepted": false, "accepted_total": 21, "task": 442, "task_id": "fresh-eval-549d5c0ff033", "tasks": 1186, "visible_unique_passes": 0}
[transformers] Both `min_new_tokens` (=0) and `min_length`(=0) seem to have been set. `min_new_tokens` will take precedence. Please refer to the documentation for more information. (https://huggingface.co/docs/transformers/main/en/main_classes/text_generation)
{"accepted": false, "accepted_total": 21, "task": 443, "task_id": "sigless_5d2136f6a2be", "tasks": 1186, "visible_unique_passes": 0}
[transformers] Both `min_new_tokens` (=0) and `min_length`(=0) seem to have been set. `min_new_tokens` will take precedence. Please refer to the documentation for more information. (https://huggingface.co/docs/transformers/main/en/main_classes/text_generation)
{"accepted": false, "accepted_total": 21, "task": 444, "task_id": "fresh-eval-0d08b3312a27", "tasks": 1186, "visible_unique_passes": 0}
[transformers] Both `min_new_tokens` (=0) and `min_length`(=0) seem to have been set. `min_new_tokens` will take precedence. Please refer to the documentation for more information. (https://huggingface.co/docs/transformers/main/en/main_classes/text_generation)
{"accepted": false, "accepted_total": 21, "task": 445, "task_id": "sigless_4e53325b91fa", "tasks": 1186, "visible_unique_passes": 0}
[transformers] Both `min_new_tokens` (=0) and `min_length`(=0) seem to have been set. `min_new_tokens` will take precedence. Please refer to the documentation for more information. (https://huggingface.co/docs/transformers/main/en/main_classes/text_generation)
{"accepted": false, "accepted_total": 21, "task": 446, "task_id": "sigless_4067fec7cb67", "tasks": 1186, "visible_unique_passes": 0}
[transformers] Both `min_new_tokens` (=0) and `min_length`(=0) seem to have been set. `min_new_tokens` will take precedence. Please refer to the documentation for more information. (https://huggingface.co/docs/transformers/main/en/main_classes/text_generation)
{"accepted": false, "accepted_total": 21, "task": 447, "task_id": "sigless_4fd2c2dce87b", "tasks": 1186, "visible_unique_passes": 0}
[transformers] Both `min_new_tokens` (=0) and `min_length`(=0) seem to have been set. `min_new_tokens` will take precedence. Please refer to the documentation for more information. (https://huggingface.co/docs/transformers/main/en/main_classes/text_generation)
{"accepted": false, "accepted_total": 21, "task": 448, "task_id": "sigless_f3e2c3b85193", "tasks": 1186, "visible_unique_passes": 0}
[transformers] Both `min_new_tokens` (=0) and `min_length`(=0) seem to have been set. `min_new_tokens` will take precedence. Please refer to the documentation for more information. (https://huggingface.co/docs/transformers/main/en/main_classes/text_generation)
{"accepted": false, "accepted_total": 21, "task": 449, "task_id": "sigless_b1602226f095", "tasks": 1186, "visible_unique_passes": 0}
[transformers] Both `min_new_tokens` (=0) and `min_length`(=0) seem to have been set. `min_new_tokens` will take precedence. Please refer to the documentation for more information. (https://huggingface.co/docs/transformers/main/en/main_classes/text_generation)
{"accepted": false, "accepted_total": 21, "task": 450, "task_id": "sigless_6b3cd9994515", "tasks": 1186, "visible_unique_passes": 0}
[transformers] Both `min_new_tokens` (=0) and `min_length`(=0) seem to have been set. `min_new_tokens` will take precedence. Please refer to the documentation for more information. (https://huggingface.co/docs/transformers/main/en/main_classes/text_generation)
{"accepted": false, "accepted_total": 21, "task": 451, "task_id": "sigless_7865e1f554ea", "tasks": 1186, "visible_unique_passes": 0}
[transformers] Both `min_new_tokens` (=0) and `min_length`(=0) seem to have been set. `min_new_tokens` will take precedence. Please refer to the documentation for more information. (https://huggingface.co/docs/transformers/main/en/main_classes/text_generation)
{"accepted": false, "accepted_total": 21, "task": 452, "task_id": "sigless_4c8b59edb066", "tasks": 1186, "visible_unique_passes": 0}
[transformers] Both `min_new_tokens` (=0) and `min_length`(=0) seem to have been set. `min_new_tokens` will take precedence. Please refer to the documentation for more information. (https://huggingface.co/docs/transformers/main/en/main_classes/text_generation)
{"accepted": false, "accepted_total": 21, "task": 453, "task_id": "sigless_ee7d70613fbd", "tasks": 1186, "visible_unique_passes": 0}
[transformers] Both `min_new_tokens` (=0) and `min_length`(=0) seem to have been set. `min_new_tokens` will take precedence. Please refer to the documentation for more information. (https://huggingface.co/docs/transformers/main/en/main_classes/text_generation)
{"accepted": false, "accepted_total": 21, "task": 454, "task_id": "sigless_5086cd138e58", "tasks": 1186, "visible_unique_passes": 0}
[transformers] Both `min_new_tokens` (=0) and `min_length`(=0) seem to have been set. `min_new_tokens` will take precedence. Please refer to the documentation for more information. (https://huggingface.co/docs/transformers/main/en/main_classes/text_generation)
{"accepted": false, "accepted_total": 21, "task": 455, "task_id": "sigless_5209bbd9d038", "tasks": 1186, "visible_unique_passes": 0}
[transformers] Both `min_new_tokens` (=0) and `min_length`(=0) seem to have been set. `min_new_tokens` will take precedence. Please refer to the documentation for more information. (https://huggingface.co/docs/transformers/main/en/main_classes/text_generation)
{"accepted": false, "accepted_total": 21, "task": 456, "task_id": "fresh-eval-3fdc2178228c", "tasks": 1186, "visible_unique_passes": 0}
[transformers] Both `min_new_tokens` (=0) and `min_length`(=0) seem to have been set. `min_new_tokens` will take precedence. Please refer to the documentation for more information. (https://huggingface.co/docs/transformers/main/en/main_classes/text_generation)
{"accepted": false, "accepted_total": 21, "task": 457, "task_id": "sigless_29c0300b3024", "tasks": 1186, "visible_unique_passes": 0}
[transformers] Both `min_new_tokens` (=0) and `min_length`(=0) seem to have been set. `min_new_tokens` will take precedence. Please refer to the documentation for more information. (https://huggingface.co/docs/transformers/main/en/main_classes/text_generation)
{"accepted": false, "accepted_total": 21, "task": 458, "task_id": "sigless_604fc9c7847c", "tasks": 1186, "visible_unique_passes": 0}
[transformers] Both `min_new_tokens` (=0) and `min_length`(=0) seem to have been set. `min_new_tokens` will take precedence. Please refer to the documentation for more information. (https://huggingface.co/docs/transformers/main/en/main_classes/text_generation)
{"accepted": false, "accepted_total": 21, "task": 459, "task_id": "fresh-eval-01e86e5a5646", "tasks": 1186, "visible_unique_passes": 0}
[transformers] Both `min_new_tokens` (=0) and `min_length`(=0) seem to have been set. `min_new_tokens` will take precedence. Please refer to the documentation for more information. (https://huggingface.co/docs/transformers/main/en/main_classes/text_generation)
{"accepted": false, "accepted_total": 21, "task": 460, "task_id": "sigless_48b20185823d", "tasks": 1186, "visible_unique_passes": 0}
[transformers] Both `min_new_tokens` (=0) and `min_length`(=0) seem to have been set. `min_new_tokens` will take precedence. Please refer to the documentation for more information. (https://huggingface.co/docs/transformers/main/en/main_classes/text_generation)
{"accepted": false, "accepted_total": 21, "task": 461, "task_id": "fresh-eval-43b3371aa5c5", "tasks": 1186, "visible_unique_passes": 0}
[transformers] Both `min_new_tokens` (=0) and `min_length`(=0) seem to have been set. `min_new_tokens` will take precedence. Please refer to the documentation for more information. (https://huggingface.co/docs/transformers/main/en/main_classes/text_generation)
{"accepted": false, "accepted_total": 21, "task": 462, "task_id": "fresh-eval-ae9730de6ebf", "tasks": 1186, "visible_unique_passes": 0}
[transformers] Both `min_new_tokens` (=0) and `min_length`(=0) seem to have been set. `min_new_tokens` will take precedence. Please refer to the documentation for more information. (https://huggingface.co/docs/transformers/main/en/main_classes/text_generation)
{"accepted": false, "accepted_total": 21, "task": 463, "task_id": "sigless_ea36c97b6259", "tasks": 1186, "visible_unique_passes": 0}
[transformers] Both `min_new_tokens` (=0) and `min_length`(=0) seem to have been set. `min_new_tokens` will take precedence. Please refer to the documentation for more information. (https://huggingface.co/docs/transformers/main/en/main_classes/text_generation)
{"accepted": false, "accepted_total": 21, "task": 464, "task_id": "sigless_3664525e90df", "tasks": 1186, "visible_unique_passes": 0}
[transformers] Both `min_new_tokens` (=0) and `min_length`(=0) seem to have been set. `min_new_tokens` will take precedence. Please refer to the documentation for more information. (https://huggingface.co/docs/transformers/main/en/main_classes/text_generation)
{"accepted": false, "accepted_total": 21, "task": 465, "task_id": "sigless_84449734ca07", "tasks": 1186, "visible_unique_passes": 0}
[transformers] Both `min_new_tokens` (=0) and `min_length`(=0) seem to have been set. `min_new_tokens` will take precedence. Please refer to the documentation for more information. (https://huggingface.co/docs/transformers/main/en/main_classes/text_generation)
{"accepted": false, "accepted_total": 21, "task": 466, "task_id": "sigless_b14e45dadc02", "tasks": 1186, "visible_unique_passes": 0}
[transformers] Both `min_new_tokens` (=0) and `min_length`(=0) seem to have been set. `min_new_tokens` will take precedence. Please refer to the documentation for more information. (https://huggingface.co/docs/transformers/main/en/main_classes/text_generation)
{"accepted": false, "accepted_total": 21, "task": 467, "task_id": "sigless_8e3156c706b9", "tasks": 1186, "visible_unique_passes": 0}
[transformers] Both `min_new_tokens` (=0) and `min_length`(=0) seem to have been set. `min_new_tokens` will take precedence. Please refer to the documentation for more information. (https://huggingface.co/docs/transformers/main/en/main_classes/text_generation)
{"accepted": false, "accepted_total": 21, "task": 468, "task_id": "sigless_8f40e6042df6", "tasks": 1186, "visible_unique_passes": 0}
[transformers] Both `min_new_tokens` (=0) and `min_length`(=0) seem to have been set. `min_new_tokens` will take precedence. Please refer to the documentation for more information. (https://huggingface.co/docs/transformers/main/en/main_classes/text_generation)
{"accepted": false, "accepted_total": 21, "task": 469, "task_id": "sigless_fa5d6466520d", "tasks": 1186, "visible_unique_passes": 0}
[transformers] Both `min_new_tokens` (=0) and `min_length`(=0) seem to have been set. `min_new_tokens` will take precedence. Please refer to the documentation for more information. (https://huggingface.co/docs/transformers/main/en/main_classes/text_generation)
{"accepted": false, "accepted_total": 21, "task": 470, "task_id": "fresh-eval-08bf39a82ded", "tasks": 1186, "visible_unique_passes": 0}
[transformers] Both `min_new_tokens` (=0) and `min_length`(=0) seem to have been set. `min_new_tokens` will take precedence. Please refer to the documentation for more information. (https://huggingface.co/docs/transformers/main/en/main_classes/text_generation)
{"accepted": false, "accepted_total": 21, "task": 471, "task_id": "sigless_729b3487592b", "tasks": 1186, "visible_unique_passes": 0}
[transformers] Both `min_new_tokens` (=0) and `min_length`(=0) seem to have been set. `min_new_tokens` will take precedence. Please refer to the documentation for more information. (https://huggingface.co/docs/transformers/main/en/main_classes/text_generation)
{"accepted": false, "accepted_total": 21, "task": 472, "task_id": "sigless_d7925c929036", "tasks": 1186, "visible_unique_passes": 0}
[transformers] Both `min_new_tokens` (=0) and `min_length`(=0) seem to have been set. `min_new_tokens` will take precedence. Please refer to the documentation for more information. (https://huggingface.co/docs/transformers/main/en/main_classes/text_generation)
{"accepted": true, "accepted_total": 22, "task": 473, "task_id": "sigless_aa321dd75130", "tasks": 1186, "visible_unique_passes": 1}
[transformers] Both `min_new_tokens` (=0) and `min_length`(=0) seem to have been set. `min_new_tokens` will take precedence. Please refer to the documentation for more information. (https://huggingface.co/docs/transformers/main/en/main_classes/text_generation)
{"accepted": false, "accepted_total": 22, "task": 474, "task_id": "sigless_14b4b0c8e73b", "tasks": 1186, "visible_unique_passes": 0}
[transformers] Both `min_new_tokens` (=0) and `min_length`(=0) seem to have been set. `min_new_tokens` will take precedence. Please refer to the documentation for more information. (https://huggingface.co/docs/transformers/main/en/main_classes/text_generation)
{"accepted": false, "accepted_total": 22, "task": 475, "task_id": "sigless_1927f708f601", "tasks": 1186, "visible_unique_passes": 0}
[transformers] Both `min_new_tokens` (=0) and `min_length`(=0) seem to have been set. `min_new_tokens` will take precedence. Please refer to the documentation for more information. (https://huggingface.co/docs/transformers/main/en/main_classes/text_generation)
{"accepted": false, "accepted_total": 22, "task": 476, "task_id": "fresh-eval-67cd6bc40988", "tasks": 1186, "visible_unique_passes": 0}
[transformers] Both `min_new_tokens` (=0) and `min_length`(=0) seem to have been set. `min_new_tokens` will take precedence. Please refer to the documentation for more information. (https://huggingface.co/docs/transformers/main/en/main_classes/text_generation)
{"accepted": false, "accepted_total": 22, "task": 477, "task_id": "fresh-eval-e59675779b7d", "tasks": 1186, "visible_unique_passes": 0}
[transformers] Both `min_new_tokens` (=0) and `min_length`(=0) seem to have been set. `min_new_tokens` will take precedence. Please refer to the documentation for more information. (https://huggingface.co/docs/transformers/main/en/main_classes/text_generation)
{"accepted": false, "accepted_total": 22, "task": 478, "task_id": "sigless_b97ec4460458", "tasks": 1186, "visible_unique_passes": 0}
[transformers] Both `min_new_tokens` (=0) and `min_length`(=0) seem to have been set. `min_new_tokens` will take precedence. Please refer to the documentation for more information. (https://huggingface.co/docs/transformers/main/en/main_classes/text_generation)
{"accepted": false, "accepted_total": 22, "task": 479, "task_id": "sigless_6574fbb8906f", "tasks": 1186, "visible_unique_passes": 0}
[transformers] Both `min_new_tokens` (=0) and `min_length`(=0) seem to have been set. `min_new_tokens` will take precedence. Please refer to the documentation for more information. (https://huggingface.co/docs/transformers/main/en/main_classes/text_generation)
{"accepted": false, "accepted_total": 22, "task": 480, "task_id": "sigless_7eab3a26eb78", "tasks": 1186, "visible_unique_passes": 0}
[transformers] Both `min_new_tokens` (=0) and `min_length`(=0) seem to have been set. `min_new_tokens` will take precedence. Please refer to the documentation for more information. (https://huggingface.co/docs/transformers/main/en/main_classes/text_generation)
{"accepted": false, "accepted_total": 22, "task": 481, "task_id": "sigless_a9ba8fd30136", "tasks": 1186, "visible_unique_passes": 0}
[transformers] Both `min_new_tokens` (=0) and `min_length`(=0) seem to have been set. `min_new_tokens` will take precedence. Please refer to the documentation for more information. (https://huggingface.co/docs/transformers/main/en/main_classes/text_generation)
{"accepted": false, "accepted_total": 22, "task": 482, "task_id": "sigless_3dc377c078c5", "tasks": 1186, "visible_unique_passes": 0}
[transformers] Both `min_new_tokens` (=0) and `min_length`(=0) seem to have been set. `min_new_tokens` will take precedence. Please refer to the documentation for more information. (https://huggingface.co/docs/transformers/main/en/main_classes/text_generation)
{"accepted": false, "accepted_total": 22, "task": 483, "task_id": "fresh-eval-6278556be125", "tasks": 1186, "visible_unique_passes": 0}
[transformers] Both `min_new_tokens` (=0) and `min_length`(=0) seem to have been set. `min_new_tokens` will take precedence. Please refer to the documentation for more information. (https://huggingface.co/docs/transformers/main/en/main_classes/text_generation)
{"accepted": false, "accepted_total": 22, "task": 484, "task_id": "sigless_a8ef2fa5fcc5", "tasks": 1186, "visible_unique_passes": 0}
[transformers] Both `min_new_tokens` (=0) and `min_length`(=0) seem to have been set. `min_new_tokens` will take precedence. Please refer to the documentation for more information. (https://huggingface.co/docs/transformers/main/en/main_classes/text_generation)
{"accepted": false, "accepted_total": 22, "task": 485, "task_id": "fresh-eval-c1632ecb88a0", "tasks": 1186, "visible_unique_passes": 0}
[transformers] Both `min_new_tokens` (=0) and `min_length`(=0) seem to have been set. `min_new_tokens` will take precedence. Please refer to the documentation for more information. (https://huggingface.co/docs/transformers/main/en/main_classes/text_generation)
{"accepted": false, "accepted_total": 22, "task": 486, "task_id": "fresh-eval-d7755cac9c15", "tasks": 1186, "visible_unique_passes": 0}
[transformers] Both `min_new_tokens` (=0) and `min_length`(=0) seem to have been set. `min_new_tokens` will take precedence. Please refer to the documentation for more information. (https://huggingface.co/docs/transformers/main/en/main_classes/text_generation)
{"accepted": false, "accepted_total": 22, "task": 487, "task_id": "sigless_5762cc9e273e", "tasks": 1186, "visible_unique_passes": 0}
[transformers] Both `min_new_tokens` (=0) and `min_length`(=0) seem to have been set. `min_new_tokens` will take precedence. Please refer to the documentation for more information. (https://huggingface.co/docs/transformers/main/en/main_classes/text_generation)
{"accepted": false, "accepted_total": 22, "task": 488, "task_id": "sigless_f982cae071ae", "tasks": 1186, "visible_unique_passes": 0}
[transformers] Both `min_new_tokens` (=0) and `min_length`(=0) seem to have been set. `min_new_tokens` will take precedence. Please refer to the documentation for more information. (https://huggingface.co/docs/transformers/main/en/main_classes/text_generation)
{"accepted": false, "accepted_total": 22, "task": 489, "task_id": "sigless_bec3d20db018", "tasks": 1186, "visible_unique_passes": 0}
[transformers] Both `min_new_tokens` (=0) and `min_length`(=0) seem to have been set. `min_new_tokens` will take precedence. Please refer to the documentation for more information. (https://huggingface.co/docs/transformers/main/en/main_classes/text_generation)
{"accepted": true, "accepted_total": 23, "task": 490, "task_id": "sigless_f47c97a89b2f", "tasks": 1186, "visible_unique_passes": 2}
[transformers] Both `min_new_tokens` (=0) and `min_length`(=0) seem to have been set. `min_new_tokens` will take precedence. Please refer to the documentation for more information. (https://huggingface.co/docs/transformers/main/en/main_classes/text_generation)
{"accepted": false, "accepted_total": 23, "task": 491, "task_id": "sigless_f900a5a8bbcb", "tasks": 1186, "visible_unique_passes": 0}
[transformers] Both `min_new_tokens` (=0) and `min_length`(=0) seem to have been set. `min_new_tokens` will take precedence. Please refer to the documentation for more information. (https://huggingface.co/docs/transformers/main/en/main_classes/text_generation)
{"accepted": false, "accepted_total": 23, "task": 492, "task_id": "sigless_e09dec811256", "tasks": 1186, "visible_unique_passes": 0}
[transformers] Both `min_new_tokens` (=0) and `min_length`(=0) seem to have been set. `min_new_tokens` will take precedence. Please refer to the documentation for more information. (https://huggingface.co/docs/transformers/main/en/main_classes/text_generation)
{"accepted": false, "accepted_total": 23, "task": 493, "task_id": "fresh-eval-84fc03641dfc", "tasks": 1186, "visible_unique_passes": 0}
[transformers] Both `min_new_tokens` (=0) and `min_length`(=0) seem to have been set. `min_new_tokens` will take precedence. Please refer to the documentation for more information. (https://huggingface.co/docs/transformers/main/en/main_classes/text_generation)
{"accepted": false, "accepted_total": 23, "task": 494, "task_id": "sigless_dd3f0def030d", "tasks": 1186, "visible_unique_passes": 0}
[transformers] Both `min_new_tokens` (=0) and `min_length`(=0) seem to have been set. `min_new_tokens` will take precedence. Please refer to the documentation for more information. (https://huggingface.co/docs/transformers/main/en/main_classes/text_generation)
{"accepted": false, "accepted_total": 23, "task": 495, "task_id": "sigless_8c9317753e4a", "tasks": 1186, "visible_unique_passes": 0}
[transformers] Both `min_new_tokens` (=0) and `min_length`(=0) seem to have been set. `min_new_tokens` will take precedence. Please refer to the documentation for more information. (https://huggingface.co/docs/transformers/main/en/main_classes/text_generation)
{"accepted": false, "accepted_total": 23, "task": 496, "task_id": "fresh-eval-f92b6586e0ca", "tasks": 1186, "visible_unique_passes": 0}
[transformers] Both `min_new_tokens` (=0) and `min_length`(=0) seem to have been set. `min_new_tokens` will take precedence. Please refer to the documentation for more information. (https://huggingface.co/docs/transformers/main/en/main_classes/text_generation)
{"accepted": false, "accepted_total": 23, "task": 497, "task_id": "sigless_e4dfd8300608", "tasks": 1186, "visible_unique_passes": 0}
[transformers] Both `min_new_tokens` (=0) and `min_length`(=0) seem to have been set. `min_new_tokens` will take precedence. Please refer to the documentation for more information. (https://huggingface.co/docs/transformers/main/en/main_classes/text_generation)
{"accepted": false, "accepted_total": 23, "task": 498, "task_id": "sigless_ced22ff988f0", "tasks": 1186, "visible_unique_passes": 0}
[transformers] Both `min_new_tokens` (=0) and `min_length`(=0) seem to have been set. `min_new_tokens` will take precedence. Please refer to the documentation for more information. (https://huggingface.co/docs/transformers/main/en/main_classes/text_generation)
{"accepted": false, "accepted_total": 23, "task": 499, "task_id": "sigless_a6499ad89c83", "tasks": 1186, "visible_unique_passes": 0}
[transformers] Both `min_new_tokens` (=0) and `min_length`(=0) seem to have been set. `min_new_tokens` will take precedence. Please refer to the documentation for more information. (https://huggingface.co/docs/transformers/main/en/main_classes/text_generation)
{"accepted": false, "accepted_total": 23, "task": 500, "task_id": "sigless_db1a352a528f", "tasks": 1186, "visible_unique_passes": 0}
[transformers] Both `min_new_tokens` (=0) and `min_length`(=0) seem to have been set. `min_new_tokens` will take precedence. Please refer to the documentation for more information. (https://huggingface.co/docs/transformers/main/en/main_classes/text_generation)
{"accepted": false, "accepted_total": 23, "task": 501, "task_id": "fresh-eval-18214e4b6220", "tasks": 1186, "visible_unique_passes": 0}
[transformers] Both `min_new_tokens` (=0) and `min_length`(=0) seem to have been set. `min_new_tokens` will take precedence. Please refer to the documentation for more information. (https://huggingface.co/docs/transformers/main/en/main_classes/text_generation)
{"accepted": false, "accepted_total": 23, "task": 502, "task_id": "sigless_48ec04f44e6e", "tasks": 1186, "visible_unique_passes": 0}
[transformers] Both `min_new_tokens` (=0) and `min_length`(=0) seem to have been set. `min_new_tokens` will take precedence. Please refer to the documentation for more information. (https://huggingface.co/docs/transformers/main/en/main_classes/text_generation)
{"accepted": false, "accepted_total": 23, "task": 503, "task_id": "sigless_a8cd32e7feda", "tasks": 1186, "visible_unique_passes": 0}
[transformers] Both `min_new_tokens` (=0) and `min_length`(=0) seem to have been set. `min_new_tokens` will take precedence. Please refer to the documentation for more information. (https://huggingface.co/docs/transformers/main/en/main_classes/text_generation)
{"accepted": false, "accepted_total": 23, "task": 504, "task_id": "fresh-eval-1a266a2c6798", "tasks": 1186, "visible_unique_passes": 0}
[transformers] Both `min_new_tokens` (=0) and `min_length`(=0) seem to have been set. `min_new_tokens` will take precedence. Please refer to the documentation for more information. (https://huggingface.co/docs/transformers/main/en/main_classes/text_generation)
{"accepted": false, "accepted_total": 23, "task": 505, "task_id": "fresh-eval-8fc32e9f2243", "tasks": 1186, "visible_unique_passes": 0}
[transformers] Both `min_new_tokens` (=0) and `min_length`(=0) seem to have been set. `min_new_tokens` will take precedence. Please refer to the documentation for more information. (https://huggingface.co/docs/transformers/main/en/main_classes/text_generation)
{"accepted": false, "accepted_total": 23, "task": 506, "task_id": "fresh-eval-50bed1455141", "tasks": 1186, "visible_unique_passes": 0}
[transformers] Both `min_new_tokens` (=0) and `min_length`(=0) seem to have been set. `min_new_tokens` will take precedence. Please refer to the documentation for more information. (https://huggingface.co/docs/transformers/main/en/main_classes/text_generation)
{"accepted": false, "accepted_total": 23, "task": 507, "task_id": "sigless_afc2c607fe0a", "tasks": 1186, "visible_unique_passes": 0}
[transformers] Both `min_new_tokens` (=0) and `min_length`(=0) seem to have been set. `min_new_tokens` will take precedence. Please refer to the documentation for more information. (https://huggingface.co/docs/transformers/main/en/main_classes/text_generation)
{"accepted": false, "accepted_total": 23, "task": 508, "task_id": "fresh-eval-dcc8b923b42a", "tasks": 1186, "visible_unique_passes": 0}
[transformers] Both `min_new_tokens` (=0) and `min_length`(=0) seem to have been set. `min_new_tokens` will take precedence. Please refer to the documentation for more information. (https://huggingface.co/docs/transformers/main/en/main_classes/text_generation)
{"accepted": false, "accepted_total": 23, "task": 509, "task_id": "sigless_d0e3d86c264d", "tasks": 1186, "visible_unique_passes": 0}
[transformers] Both `min_new_tokens` (=0) and `min_length`(=0) seem to have been set. `min_new_tokens` will take precedence. Please refer to the documentation for more information. (https://huggingface.co/docs/transformers/main/en/main_classes/text_generation)
{"accepted": false, "accepted_total": 23, "task": 510, "task_id": "sigless_466484c17a69", "tasks": 1186, "visible_unique_passes": 0}
[transformers] Both `min_new_tokens` (=0) and `min_length`(=0) seem to have been set. `min_new_tokens` will take precedence. Please refer to the documentation for more information. (https://huggingface.co/docs/transformers/main/en/main_classes/text_generation)
{"accepted": false, "accepted_total": 23, "task": 511, "task_id": "sigless_aca3a29acba5", "tasks": 1186, "visible_unique_passes": 0}
[transformers] Both `min_new_tokens` (=0) and `min_length`(=0) seem to have been set. `min_new_tokens` will take precedence. Please refer to the documentation for more information. (https://huggingface.co/docs/transformers/main/en/main_classes/text_generation)
{"accepted": false, "accepted_total": 23, "task": 512, "task_id": "sigless_bcaaa62ab040", "tasks": 1186, "visible_unique_passes": 0}
[transformers] Both `min_new_tokens` (=0) and `min_length`(=0) seem to have been set. `min_new_tokens` will take precedence. Please refer to the documentation for more information. (https://huggingface.co/docs/transformers/main/en/main_classes/text_generation)
{"accepted": false, "accepted_total": 23, "task": 513, "task_id": "sigless_c6efd0c3a123", "tasks": 1186, "visible_unique_passes": 1}
[transformers] Both `min_new_tokens` (=0) and `min_length`(=0) seem to have been set. `min_new_tokens` will take precedence. Please refer to the documentation for more information. (https://huggingface.co/docs/transformers/main/en/main_classes/text_generation)
{"accepted": false, "accepted_total": 23, "task": 514, "task_id": "sigless_11949d469b8a", "tasks": 1186, "visible_unique_passes": 0}
[transformers] Both `min_new_tokens` (=0) and `min_length`(=0) seem to have been set. `min_new_tokens` will take precedence. Please refer to the documentation for more information. (https://huggingface.co/docs/transformers/main/en/main_classes/text_generation)
{"accepted": false, "accepted_total": 23, "task": 515, "task_id": "fresh-eval-f6d3cbd0823f", "tasks": 1186, "visible_unique_passes": 0}
[transformers] Both `min_new_tokens` (=0) and `min_length`(=0) seem to have been set. `min_new_tokens` will take precedence. Please refer to the documentation for more information. (https://huggingface.co/docs/transformers/main/en/main_classes/text_generation)
{"accepted": false, "accepted_total": 23, "task": 516, "task_id": "sigless_2506f74a7a44", "tasks": 1186, "visible_unique_passes": 0}
[transformers] Both `min_new_tokens` (=0) and `min_length`(=0) seem to have been set. `min_new_tokens` will take precedence. Please refer to the documentation for more information. (https://huggingface.co/docs/transformers/main/en/main_classes/text_generation)
{"accepted": false, "accepted_total": 23, "task": 517, "task_id": "fresh-eval-b9decc25dbef", "tasks": 1186, "visible_unique_passes": 0}
[transformers] Both `min_new_tokens` (=0) and `min_length`(=0) seem to have been set. `min_new_tokens` will take precedence. Please refer to the documentation for more information. (https://huggingface.co/docs/transformers/main/en/main_classes/text_generation)
{"accepted": false, "accepted_total": 23, "task": 518, "task_id": "sigless_3c7d4c054d9a", "tasks": 1186, "visible_unique_passes": 0}
[transformers] Both `min_new_tokens` (=0) and `min_length`(=0) seem to have been set. `min_new_tokens` will take precedence. Please refer to the documentation for more information. (https://huggingface.co/docs/transformers/main/en/main_classes/text_generation)
{"accepted": false, "accepted_total": 23, "task": 519, "task_id": "sigless_77acf8e62e89", "tasks": 1186, "visible_unique_passes": 0}
[transformers] Both `min_new_tokens` (=0) and `min_length`(=0) seem to have been set. `min_new_tokens` will take precedence. Please refer to the documentation for more information. (https://huggingface.co/docs/transformers/main/en/main_classes/text_generation)
{"accepted": false, "accepted_total": 23, "task": 520, "task_id": "sigless_c1a31fa4592f", "tasks": 1186, "visible_unique_passes": 0}
[transformers] Both `min_new_tokens` (=0) and `min_length`(=0) seem to have been set. `min_new_tokens` will take precedence. Please refer to the documentation for more information. (https://huggingface.co/docs/transformers/main/en/main_classes/text_generation)
{"accepted": false, "accepted_total": 23, "task": 521, "task_id": "fresh-eval-c394c61c7a88", "tasks": 1186, "visible_unique_passes": 0}
[transformers] Both `min_new_tokens` (=0) and `min_length`(=0) seem to have been set. `min_new_tokens` will take precedence. Please refer to the documentation for more information. (https://huggingface.co/docs/transformers/main/en/main_classes/text_generation)
{"accepted": true, "accepted_total": 24, "task": 522, "task_id": "fresh-eval-73e1e481a082", "tasks": 1186, "visible_unique_passes": 3}
[transformers] Both `min_new_tokens` (=0) and `min_length`(=0) seem to have been set. `min_new_tokens` will take precedence. Please refer to the documentation for more information. (https://huggingface.co/docs/transformers/main/en/main_classes/text_generation)
{"accepted": false, "accepted_total": 24, "task": 523, "task_id": "fresh-eval-24d916ebaab6", "tasks": 1186, "visible_unique_passes": 0}
[transformers] Both `min_new_tokens` (=0) and `min_length`(=0) seem to have been set. `min_new_tokens` will take precedence. Please refer to the documentation for more information. (https://huggingface.co/docs/transformers/main/en/main_classes/text_generation)
{"accepted": false, "accepted_total": 24, "task": 524, "task_id": "fresh-eval-b18403dc7da1", "tasks": 1186, "visible_unique_passes": 0}
[transformers] Both `min_new_tokens` (=0) and `min_length`(=0) seem to have been set. `min_new_tokens` will take precedence. Please refer to the documentation for more information. (https://huggingface.co/docs/transformers/main/en/main_classes/text_generation)
{"accepted": false, "accepted_total": 24, "task": 525, "task_id": "sigless_bb828c382a1b", "tasks": 1186, "visible_unique_passes": 0}
[transformers] Both `min_new_tokens` (=0) and `min_length`(=0) seem to have been set. `min_new_tokens` will take precedence. Please refer to the documentation for more information. (https://huggingface.co/docs/transformers/main/en/main_classes/text_generation)
{"accepted": false, "accepted_total": 24, "task": 526, "task_id": "sigless_e74e85959ddf", "tasks": 1186, "visible_unique_passes": 0}
[transformers] Both `min_new_tokens` (=0) and `min_length`(=0) seem to have been set. `min_new_tokens` will take precedence. Please refer to the documentation for more information. (https://huggingface.co/docs/transformers/main/en/main_classes/text_generation)
{"accepted": false, "accepted_total": 24, "task": 527, "task_id": "fresh-eval-37d51d9a3207", "tasks": 1186, "visible_unique_passes": 0}
[transformers] Both `min_new_tokens` (=0) and `min_length`(=0) seem to have been set. `min_new_tokens` will take precedence. Please refer to the documentation for more information. (https://huggingface.co/docs/transformers/main/en/main_classes/text_generation)
{"accepted": false, "accepted_total": 24, "task": 528, "task_id": "fresh-eval-e4db9247065b", "tasks": 1186, "visible_unique_passes": 0}
[transformers] Both `min_new_tokens` (=0) and `min_length`(=0) seem to have been set. `min_new_tokens` will take precedence. Please refer to the documentation for more information. (https://huggingface.co/docs/transformers/main/en/main_classes/text_generation)
{"accepted": false, "accepted_total": 24, "task": 529, "task_id": "sigless_06b73a986228", "tasks": 1186, "visible_unique_passes": 0}
[transformers] Both `min_new_tokens` (=0) and `min_length`(=0) seem to have been set. `min_new_tokens` will take precedence. Please refer to the documentation for more information. (https://huggingface.co/docs/transformers/main/en/main_classes/text_generation)
{"accepted": false, "accepted_total": 24, "task": 530, "task_id": "sigless_bb5f7d1fed6b", "tasks": 1186, "visible_unique_passes": 0}
[transformers] Both `min_new_tokens` (=0) and `min_length`(=0) seem to have been set. `min_new_tokens` will take precedence. Please refer to the documentation for more information. (https://huggingface.co/docs/transformers/main/en/main_classes/text_generation)
{"accepted": false, "accepted_total": 24, "task": 531, "task_id": "sigless_358a4b71825b", "tasks": 1186, "visible_unique_passes": 0}
[transformers] Both `min_new_tokens` (=0) and `min_length`(=0) seem to have been set. `min_new_tokens` will take precedence. Please refer to the documentation for more information. (https://huggingface.co/docs/transformers/main/en/main_classes/text_generation)
{"accepted": false, "accepted_total": 24, "task": 532, "task_id": "sigless_737020729913", "tasks": 1186, "visible_unique_passes": 0}
[transformers] Both `min_new_tokens` (=0) and `min_length`(=0) seem to have been set. `min_new_tokens` will take precedence. Please refer to the documentation for more information. (https://huggingface.co/docs/transformers/main/en/main_classes/text_generation)
{"accepted": false, "accepted_total": 24, "task": 533, "task_id": "sigless_95a5f2ef9de4", "tasks": 1186, "visible_unique_passes": 0}
[transformers] Both `min_new_tokens` (=0) and `min_length`(=0) seem to have been set. `min_new_tokens` will take precedence. Please refer to the documentation for more information. (https://huggingface.co/docs/transformers/main/en/main_classes/text_generation)
{"accepted": false, "accepted_total": 24, "task": 534, "task_id": "sigless_9b1f40f65dfe", "tasks": 1186, "visible_unique_passes": 0}
[transformers] Both `min_new_tokens` (=0) and `min_length`(=0) seem to have been set. `min_new_tokens` will take precedence. Please refer to the documentation for more information. (https://huggingface.co/docs/transformers/main/en/main_classes/text_generation)
{"accepted": false, "accepted_total": 24, "task": 535, "task_id": "sigless_f51cc296f78e", "tasks": 1186, "visible_unique_passes": 0}
[transformers] Both `min_new_tokens` (=0) and `min_length`(=0) seem to have been set. `min_new_tokens` will take precedence. Please refer to the documentation for more information. (https://huggingface.co/docs/transformers/main/en/main_classes/text_generation)
{"accepted": true, "accepted_total": 25, "task": 536, "task_id": "sigless_2142f365337d", "tasks": 1186, "visible_unique_passes": 1}
[transformers] Both `min_new_tokens` (=0) and `min_length`(=0) seem to have been set. `min_new_tokens` will take precedence. Please refer to the documentation for more information. (https://huggingface.co/docs/transformers/main/en/main_classes/text_generation)
{"accepted": false, "accepted_total": 25, "task": 537, "task_id": "sigless_7a419ff2ac73", "tasks": 1186, "visible_unique_passes": 0}
[transformers] Both `min_new_tokens` (=0) and `min_length`(=0) seem to have been set. `min_new_tokens` will take precedence. Please refer to the documentation for more information. (https://huggingface.co/docs/transformers/main/en/main_classes/text_generation)
{"accepted": false, "accepted_total": 25, "task": 538, "task_id": "sigless_3c88665083a9", "tasks": 1186, "visible_unique_passes": 0}
[transformers] Both `min_new_tokens` (=0) and `min_length`(=0) seem to have been set. `min_new_tokens` will take precedence. Please refer to the documentation for more information. (https://huggingface.co/docs/transformers/main/en/main_classes/text_generation)
{"accepted": false, "accepted_total": 25, "task": 539, "task_id": "sigless_367c856e7b09", "tasks": 1186, "visible_unique_passes": 0}
[transformers] Both `min_new_tokens` (=0) and `min_length`(=0) seem to have been set. `min_new_tokens` will take precedence. Please refer to the documentation for more information. (https://huggingface.co/docs/transformers/main/en/main_classes/text_generation)
{"accepted": false, "accepted_total": 25, "task": 540, "task_id": "sigless_e82e29132a38", "tasks": 1186, "visible_unique_passes": 0}
[transformers] Both `min_new_tokens` (=0) and `min_length`(=0) seem to have been set. `min_new_tokens` will take precedence. Please refer to the documentation for more information. (https://huggingface.co/docs/transformers/main/en/main_classes/text_generation)
{"accepted": false, "accepted_total": 25, "task": 541, "task_id": "sigless_399d3d67edf9", "tasks": 1186, "visible_unique_passes": 0}
[transformers] Both `min_new_tokens` (=0) and `min_length`(=0) seem to have been set. `min_new_tokens` will take precedence. Please refer to the documentation for more information. (https://huggingface.co/docs/transformers/main/en/main_classes/text_generation)
{"accepted": false, "accepted_total": 25, "task": 542, "task_id": "sigless_a8f165178aba", "tasks": 1186, "visible_unique_passes": 0}
[transformers] Both `min_new_tokens` (=0) and `min_length`(=0) seem to have been set. `min_new_tokens` will take precedence. Please refer to the documentation for more information. (https://huggingface.co/docs/transformers/main/en/main_classes/text_generation)
{"accepted": false, "accepted_total": 25, "task": 543, "task_id": "fresh-eval-61b2118b7444", "tasks": 1186, "visible_unique_passes": 0}
[transformers] Both `min_new_tokens` (=0) and `min_length`(=0) seem to have been set. `min_new_tokens` will take precedence. Please refer to the documentation for more information. (https://huggingface.co/docs/transformers/main/en/main_classes/text_generation)
{"accepted": false, "accepted_total": 25, "task": 544, "task_id": "fresh-eval-0c8803b4e06c", "tasks": 1186, "visible_unique_passes": 1}
[transformers] Both `min_new_tokens` (=0) and `min_length`(=0) seem to have been set. `min_new_tokens` will take precedence. Please refer to the documentation for more information. (https://huggingface.co/docs/transformers/main/en/main_classes/text_generation)
{"accepted": false, "accepted_total": 25, "task": 545, "task_id": "sigless_29617a96ff32", "tasks": 1186, "visible_unique_passes": 0}
[transformers] Both `min_new_tokens` (=0) and `min_length`(=0) seem to have been set. `min_new_tokens` will take precedence. Please refer to the documentation for more information. (https://huggingface.co/docs/transformers/main/en/main_classes/text_generation)
{"accepted": false, "accepted_total": 25, "task": 546, "task_id": "fresh-eval-3d41de09fee0", "tasks": 1186, "visible_unique_passes": 0}
[transformers] Both `min_new_tokens` (=0) and `min_length`(=0) seem to have been set. `min_new_tokens` will take precedence. Please refer to the documentation for more information. (https://huggingface.co/docs/transformers/main/en/main_classes/text_generation)
{"accepted": false, "accepted_total": 25, "task": 547, "task_id": "fresh-eval-1313ecf58e0b", "tasks": 1186, "visible_unique_passes": 0}
[transformers] Both `min_new_tokens` (=0) and `min_length`(=0) seem to have been set. `min_new_tokens` will take precedence. Please refer to the documentation for more information. (https://huggingface.co/docs/transformers/main/en/main_classes/text_generation)
{"accepted": false, "accepted_total": 25, "task": 548, "task_id": "fresh-eval-c8b6bfed6434", "tasks": 1186, "visible_unique_passes": 0}
[transformers] Both `min_new_tokens` (=0) and `min_length`(=0) seem to have been set. `min_new_tokens` will take precedence. Please refer to the documentation for more information. (https://huggingface.co/docs/transformers/main/en/main_classes/text_generation)
{"accepted": true, "accepted_total": 26, "task": 549, "task_id": "sigless_117c280adc2b", "tasks": 1186, "visible_unique_passes": 1}
[transformers] Both `min_new_tokens` (=0) and `min_length`(=0) seem to have been set. `min_new_tokens` will take precedence. Please refer to the documentation for more information. (https://huggingface.co/docs/transformers/main/en/main_classes/text_generation)
{"accepted": false, "accepted_total": 26, "task": 550, "task_id": "fresh-eval-849fe458eb48", "tasks": 1186, "visible_unique_passes": 0}
[transformers] Both `min_new_tokens` (=0) and `min_length`(=0) seem to have been set. `min_new_tokens` will take precedence. Please refer to the documentation for more information. (https://huggingface.co/docs/transformers/main/en/main_classes/text_generation)
{"accepted": false, "accepted_total": 26, "task": 551, "task_id": "sigless_b915954a8521", "tasks": 1186, "visible_unique_passes": 0}
[transformers] Both `min_new_tokens` (=0) and `min_length`(=0) seem to have been set. `min_new_tokens` will take precedence. Please refer to the documentation for more information. (https://huggingface.co/docs/transformers/main/en/main_classes/text_generation)
{"accepted": false, "accepted_total": 26, "task": 552, "task_id": "sigless_138ce9eaad5e", "tasks": 1186, "visible_unique_passes": 0}
[transformers] Both `min_new_tokens` (=0) and `min_length`(=0) seem to have been set. `min_new_tokens` will take precedence. Please refer to the documentation for more information. (https://huggingface.co/docs/transformers/main/en/main_classes/text_generation)
{"accepted": false, "accepted_total": 26, "task": 553, "task_id": "fresh-eval-b43c124fd422", "tasks": 1186, "visible_unique_passes": 0}
[transformers] Both `min_new_tokens` (=0) and `min_length`(=0) seem to have been set. `min_new_tokens` will take precedence. Please refer to the documentation for more information. (https://huggingface.co/docs/transformers/main/en/main_classes/text_generation)
{"accepted": false, "accepted_total": 26, "task": 554, "task_id": "fresh-eval-ba5ea4a2b3c3", "tasks": 1186, "visible_unique_passes": 0}
[transformers] Both `min_new_tokens` (=0) and `min_length`(=0) seem to have been set. `min_new_tokens` will take precedence. Please refer to the documentation for more information. (https://huggingface.co/docs/transformers/main/en/main_classes/text_generation)
{"accepted": false, "accepted_total": 26, "task": 555, "task_id": "sigless_a63b34e34b37", "tasks": 1186, "visible_unique_passes": 0}
[transformers] Both `min_new_tokens` (=0) and `min_length`(=0) seem to have been set. `min_new_tokens` will take precedence. Please refer to the documentation for more information. (https://huggingface.co/docs/transformers/main/en/main_classes/text_generation)
{"accepted": false, "accepted_total": 26, "task": 556, "task_id": "sigless_170ea73047ad", "tasks": 1186, "visible_unique_passes": 0}
[transformers] Both `min_new_tokens` (=0) and `min_length`(=0) seem to have been set. `min_new_tokens` will take precedence. Please refer to the documentation for more information. (https://huggingface.co/docs/transformers/main/en/main_classes/text_generation)
{"accepted": false, "accepted_total": 26, "task": 557, "task_id": "sigless_1d373a9f5ebf", "tasks": 1186, "visible_unique_passes": 0}
[transformers] Both `min_new_tokens` (=0) and `min_length`(=0) seem to have been set. `min_new_tokens` will take precedence. Please refer to the documentation for more information. (https://huggingface.co/docs/transformers/main/en/main_classes/text_generation)
{"accepted": false, "accepted_total": 26, "task": 558, "task_id": "fresh-eval-553c55cff4f8", "tasks": 1186, "visible_unique_passes": 0}
[transformers] Both `min_new_tokens` (=0) and `min_length`(=0) seem to have been set. `min_new_tokens` will take precedence. Please refer to the documentation for more information. (https://huggingface.co/docs/transformers/main/en/main_classes/text_generation)
{"accepted": false, "accepted_total": 26, "task": 559, "task_id": "fresh-eval-12e19d785497", "tasks": 1186, "visible_unique_passes": 0}
[transformers] Both `min_new_tokens` (=0) and `min_length`(=0) seem to have been set. `min_new_tokens` will take precedence. Please refer to the documentation for more information. (https://huggingface.co/docs/transformers/main/en/main_classes/text_generation)
{"accepted": false, "accepted_total": 26, "task": 560, "task_id": "sigless_a6082e178c44", "tasks": 1186, "visible_unique_passes": 0}
[transformers] Both `min_new_tokens` (=0) and `min_length`(=0) seem to have been set. `min_new_tokens` will take precedence. Please refer to the documentation for more information. (https://huggingface.co/docs/transformers/main/en/main_classes/text_generation)
{"accepted": true, "accepted_total": 27, "task": 561, "task_id": "sigless_62eb2126a979", "tasks": 1186, "visible_unique_passes": 2}
[transformers] Both `min_new_tokens` (=0) and `min_length`(=0) seem to have been set. `min_new_tokens` will take precedence. Please refer to the documentation for more information. (https://huggingface.co/docs/transformers/main/en/main_classes/text_generation)
{"accepted": false, "accepted_total": 27, "task": 562, "task_id": "sigless_0ce335c1f55f", "tasks": 1186, "visible_unique_passes": 0}
[transformers] Both `min_new_tokens` (=0) and `min_length`(=0) seem to have been set. `min_new_tokens` will take precedence. Please refer to the documentation for more information. (https://huggingface.co/docs/transformers/main/en/main_classes/text_generation)
{"accepted": false, "accepted_total": 27, "task": 563, "task_id": "fresh-eval-1aa9add98e5e", "tasks": 1186, "visible_unique_passes": 0}
[transformers] Both `min_new_tokens` (=0) and `min_length`(=0) seem to have been set. `min_new_tokens` will take precedence. Please refer to the documentation for more information. (https://huggingface.co/docs/transformers/main/en/main_classes/text_generation)
{"accepted": true, "accepted_total": 28, "task": 564, "task_id": "sigless_4fe8295c8da1", "tasks": 1186, "visible_unique_passes": 3}
[transformers] Both `min_new_tokens` (=0) and `min_length`(=0) seem to have been set. `min_new_tokens` will take precedence. Please refer to the documentation for more information. (https://huggingface.co/docs/transformers/main/en/main_classes/text_generation)
{"accepted": false, "accepted_total": 28, "task": 565, "task_id": "sigless_2a1f91c3c553", "tasks": 1186, "visible_unique_passes": 0}
[transformers] Both `min_new_tokens` (=0) and `min_length`(=0) seem to have been set. `min_new_tokens` will take precedence. Please refer to the documentation for more information. (https://huggingface.co/docs/transformers/main/en/main_classes/text_generation)
{"accepted": false, "accepted_total": 28, "task": 566, "task_id": "sigless_731f6c240879", "tasks": 1186, "visible_unique_passes": 0}
[transformers] Both `min_new_tokens` (=0) and `min_length`(=0) seem to have been set. `min_new_tokens` will take precedence. Please refer to the documentation for more information. (https://huggingface.co/docs/transformers/main/en/main_classes/text_generation)
{"accepted": false, "accepted_total": 28, "task": 567, "task_id": "sigless_b64bb0d0dd70", "tasks": 1186, "visible_unique_passes": 0}
[transformers] Both `min_new_tokens` (=0) and `min_length`(=0) seem to have been set. `min_new_tokens` will take precedence. Please refer to the documentation for more information. (https://huggingface.co/docs/transformers/main/en/main_classes/text_generation)
{"accepted": false, "accepted_total": 28, "task": 568, "task_id": "sigless_61eab8ecee80", "tasks": 1186, "visible_unique_passes": 0}
[transformers] Both `min_new_tokens` (=0) and `min_length`(=0) seem to have been set. `min_new_tokens` will take precedence. Please refer to the documentation for more information. (https://huggingface.co/docs/transformers/main/en/main_classes/text_generation)
{"accepted": false, "accepted_total": 28, "task": 569, "task_id": "sigless_ebd602118867", "tasks": 1186, "visible_unique_passes": 0}
[transformers] Both `min_new_tokens` (=0) and `min_length`(=0) seem to have been set. `min_new_tokens` will take precedence. Please refer to the documentation for more information. (https://huggingface.co/docs/transformers/main/en/main_classes/text_generation)
{"accepted": false, "accepted_total": 28, "task": 570, "task_id": "fresh-eval-dc85bbca39e7", "tasks": 1186, "visible_unique_passes": 0}
[transformers] Both `min_new_tokens` (=0) and `min_length`(=0) seem to have been set. `min_new_tokens` will take precedence. Please refer to the documentation for more information. (https://huggingface.co/docs/transformers/main/en/main_classes/text_generation)
{"accepted": false, "accepted_total": 28, "task": 571, "task_id": "fresh-eval-0d512abaa61d", "tasks": 1186, "visible_unique_passes": 0}
[transformers] Both `min_new_tokens` (=0) and `min_length`(=0) seem to have been set. `min_new_tokens` will take precedence. Please refer to the documentation for more information. (https://huggingface.co/docs/transformers/main/en/main_classes/text_generation)
{"accepted": false, "accepted_total": 28, "task": 572, "task_id": "sigless_c64047238b2e", "tasks": 1186, "visible_unique_passes": 0}
[transformers] Both `min_new_tokens` (=0) and `min_length`(=0) seem to have been set. `min_new_tokens` will take precedence. Please refer to the documentation for more information. (https://huggingface.co/docs/transformers/main/en/main_classes/text_generation)
{"accepted": false, "accepted_total": 28, "task": 573, "task_id": "sigless_ae7501aa7a1f", "tasks": 1186, "visible_unique_passes": 0}
[transformers] Both `min_new_tokens` (=0) and `min_length`(=0) seem to have been set. `min_new_tokens` will take precedence. Please refer to the documentation for more information. (https://huggingface.co/docs/transformers/main/en/main_classes/text_generation)
{"accepted": false, "accepted_total": 28, "task": 574, "task_id": "sigless_f2e9ae140c31", "tasks": 1186, "visible_unique_passes": 0}
[transformers] Both `min_new_tokens` (=0) and `min_length`(=0) seem to have been set. `min_new_tokens` will take precedence. Please refer to the documentation for more information. (https://huggingface.co/docs/transformers/main/en/main_classes/text_generation)
{"accepted": false, "accepted_total": 28, "task": 575, "task_id": "fresh-eval-e00e40b88455", "tasks": 1186, "visible_unique_passes": 0}
[transformers] Both `min_new_tokens` (=0) and `min_length`(=0) seem to have been set. `min_new_tokens` will take precedence. Please refer to the documentation for more information. (https://huggingface.co/docs/transformers/main/en/main_classes/text_generation)
{"accepted": false, "accepted_total": 28, "task": 576, "task_id": "fresh-eval-6a56d4c20af9", "tasks": 1186, "visible_unique_passes": 0}
[transformers] Both `min_new_tokens` (=0) and `min_length`(=0) seem to have been set. `min_new_tokens` will take precedence. Please refer to the documentation for more information. (https://huggingface.co/docs/transformers/main/en/main_classes/text_generation)
{"accepted": false, "accepted_total": 28, "task": 577, "task_id": "fresh-eval-e198918faa70", "tasks": 1186, "visible_unique_passes": 0}
[transformers] Both `min_new_tokens` (=0) and `min_length`(=0) seem to have been set. `min_new_tokens` will take precedence. Please refer to the documentation for more information. (https://huggingface.co/docs/transformers/main/en/main_classes/text_generation)
{"accepted": false, "accepted_total": 28, "task": 578, "task_id": "sigless_db7feaefc962", "tasks": 1186, "visible_unique_passes": 0}
[transformers] Both `min_new_tokens` (=0) and `min_length`(=0) seem to have been set. `min_new_tokens` will take precedence. Please refer to the documentation for more information. (https://huggingface.co/docs/transformers/main/en/main_classes/text_generation)
{"accepted": false, "accepted_total": 28, "task": 579, "task_id": "fresh-eval-ab076010ff34", "tasks": 1186, "visible_unique_passes": 0}
[transformers] Both `min_new_tokens` (=0) and `min_length`(=0) seem to have been set. `min_new_tokens` will take precedence. Please refer to the documentation for more information. (https://huggingface.co/docs/transformers/main/en/main_classes/text_generation)
{"accepted": false, "accepted_total": 28, "task": 580, "task_id": "sigless_7d4e529893c8", "tasks": 1186, "visible_unique_passes": 0}
[transformers] Both `min_new_tokens` (=0) and `min_length`(=0) seem to have been set. `min_new_tokens` will take precedence. Please refer to the documentation for more information. (https://huggingface.co/docs/transformers/main/en/main_classes/text_generation)
{"accepted": false, "accepted_total": 28, "task": 581, "task_id": "fresh-eval-1a9afd7bad2a", "tasks": 1186, "visible_unique_passes": 0}
[transformers] Both `min_new_tokens` (=0) and `min_length`(=0) seem to have been set. `min_new_tokens` will take precedence. Please refer to the documentation for more information. (https://huggingface.co/docs/transformers/main/en/main_classes/text_generation)
{"accepted": false, "accepted_total": 28, "task": 582, "task_id": "fresh-eval-81714d68a738", "tasks": 1186, "visible_unique_passes": 0}
[transformers] Both `min_new_tokens` (=0) and `min_length`(=0) seem to have been set. `min_new_tokens` will take precedence. Please refer to the documentation for more information. (https://huggingface.co/docs/transformers/main/en/main_classes/text_generation)
{"accepted": false, "accepted_total": 28, "task": 583, "task_id": "sigless_e2c8421e02ac", "tasks": 1186, "visible_unique_passes": 0}
[transformers] Both `min_new_tokens` (=0) and `min_length`(=0) seem to have been set. `min_new_tokens` will take precedence. Please refer to the documentation for more information. (https://huggingface.co/docs/transformers/main/en/main_classes/text_generation)
{"accepted": false, "accepted_total": 28, "task": 584, "task_id": "sigless_db90f7cc3196", "tasks": 1186, "visible_unique_passes": 0}
[transformers] Both `min_new_tokens` (=0) and `min_length`(=0) seem to have been set. `min_new_tokens` will take precedence. Please refer to the documentation for more information. (https://huggingface.co/docs/transformers/main/en/main_classes/text_generation)
{"accepted": false, "accepted_total": 28, "task": 585, "task_id": "fresh-eval-541f93e561d9", "tasks": 1186, "visible_unique_passes": 0}
[transformers] Both `min_new_tokens` (=0) and `min_length`(=0) seem to have been set. `min_new_tokens` will take precedence. Please refer to the documentation for more information. (https://huggingface.co/docs/transformers/main/en/main_classes/text_generation)
{"accepted": false, "accepted_total": 28, "task": 586, "task_id": "sigless_4cc5205ea1c3", "tasks": 1186, "visible_unique_passes": 0}
[transformers] Both `min_new_tokens` (=0) and `min_length`(=0) seem to have been set. `min_new_tokens` will take precedence. Please refer to the documentation for more information. (https://huggingface.co/docs/transformers/main/en/main_classes/text_generation)
{"accepted": false, "accepted_total": 28, "task": 587, "task_id": "sigless_06d86ef1dfb2", "tasks": 1186, "visible_unique_passes": 0}
[transformers] Both `min_new_tokens` (=0) and `min_length`(=0) seem to have been set. `min_new_tokens` will take precedence. Please refer to the documentation for more information. (https://huggingface.co/docs/transformers/main/en/main_classes/text_generation)
{"accepted": false, "accepted_total": 28, "task": 588, "task_id": "fresh-eval-4fde4325a2f4", "tasks": 1186, "visible_unique_passes": 0}
[transformers] Both `min_new_tokens` (=0) and `min_length`(=0) seem to have been set. `min_new_tokens` will take precedence. Please refer to the documentation for more information. (https://huggingface.co/docs/transformers/main/en/main_classes/text_generation)
{"accepted": false, "accepted_total": 28, "task": 589, "task_id": "fresh-eval-ca15c804d85c", "tasks": 1186, "visible_unique_passes": 0}
[transformers] Both `min_new_tokens` (=0) and `min_length`(=0) seem to have been set. `min_new_tokens` will take precedence. Please refer to the documentation for more information. (https://huggingface.co/docs/transformers/main/en/main_classes/text_generation)
{"accepted": false, "accepted_total": 28, "task": 590, "task_id": "sigless_675a0a1c1519", "tasks": 1186, "visible_unique_passes": 0}
[transformers] Both `min_new_tokens` (=0) and `min_length`(=0) seem to have been set. `min_new_tokens` will take precedence. Please refer to the documentation for more information. (https://huggingface.co/docs/transformers/main/en/main_classes/text_generation)
{"accepted": false, "accepted_total": 28, "task": 591, "task_id": "sigless_01c1441fdd06", "tasks": 1186, "visible_unique_passes": 0}
[transformers] Both `min_new_tokens` (=0) and `min_length`(=0) seem to have been set. `min_new_tokens` will take precedence. Please refer to the documentation for more information. (https://huggingface.co/docs/transformers/main/en/main_classes/text_generation)
{"accepted": false, "accepted_total": 28, "task": 592, "task_id": "fresh-eval-9974c0da681b", "tasks": 1186, "visible_unique_passes": 0}
[transformers] Both `min_new_tokens` (=0) and `min_length`(=0) seem to have been set. `min_new_tokens` will take precedence. Please refer to the documentation for more information. (https://huggingface.co/docs/transformers/main/en/main_classes/text_generation)
{"accepted": false, "accepted_total": 28, "task": 593, "task_id": "sigless_2cb123ac730d", "tasks": 1186, "visible_unique_passes": 0}
[transformers] Both `min_new_tokens` (=0) and `min_length`(=0) seem to have been set. `min_new_tokens` will take precedence. Please refer to the documentation for more information. (https://huggingface.co/docs/transformers/main/en/main_classes/text_generation)
{"accepted": false, "accepted_total": 28, "task": 594, "task_id": "fresh-eval-c69f7412ba4e", "tasks": 1186, "visible_unique_passes": 0}
[transformers] Both `min_new_tokens` (=0) and `min_length`(=0) seem to have been set. `min_new_tokens` will take precedence. Please refer to the documentation for more information. (https://huggingface.co/docs/transformers/main/en/main_classes/text_generation)
{"accepted": false, "accepted_total": 28, "task": 595, "task_id": "fresh-eval-95ba8ee7258b", "tasks": 1186, "visible_unique_passes": 0}
[transformers] Both `min_new_tokens` (=0) and `min_length`(=0) seem to have been set. `min_new_tokens` will take precedence. Please refer to the documentation for more information. (https://huggingface.co/docs/transformers/main/en/main_classes/text_generation)
{"accepted": false, "accepted_total": 28, "task": 596, "task_id": "sigless_3e3c1dbc5086", "tasks": 1186, "visible_unique_passes": 0}
[transformers] Both `min_new_tokens` (=0) and `min_length`(=0) seem to have been set. `min_new_tokens` will take precedence. Please refer to the documentation for more information. (https://huggingface.co/docs/transformers/main/en/main_classes/text_generation)
{"accepted": false, "accepted_total": 28, "task": 597, "task_id": "fresh-eval-a9597bbadc8e", "tasks": 1186, "visible_unique_passes": 0}
[transformers] Both `min_new_tokens` (=0) and `min_length`(=0) seem to have been set. `min_new_tokens` will take precedence. Please refer to the documentation for more information. (https://huggingface.co/docs/transformers/main/en/main_classes/text_generation)
{"accepted": false, "accepted_total": 28, "task": 598, "task_id": "sigless_aeeab7ebb616", "tasks": 1186, "visible_unique_passes": 0}
[transformers] Both `min_new_tokens` (=0) and `min_length`(=0) seem to have been set. `min_new_tokens` will take precedence. Please refer to the documentation for more information. (https://huggingface.co/docs/transformers/main/en/main_classes/text_generation)
{"accepted": true, "accepted_total": 29, "task": 599, "task_id": "fresh-eval-0e43a3534c3d", "tasks": 1186, "visible_unique_passes": 2}
[transformers] Both `min_new_tokens` (=0) and `min_length`(=0) seem to have been set. `min_new_tokens` will take precedence. Please refer to the documentation for more information. (https://huggingface.co/docs/transformers/main/en/main_classes/text_generation)
{"accepted": false, "accepted_total": 29, "task": 600, "task_id": "fresh-eval-0cda103ab439", "tasks": 1186, "visible_unique_passes": 0}
[transformers] Both `min_new_tokens` (=0) and `min_length`(=0) seem to have been set. `min_new_tokens` will take precedence. Please refer to the documentation for more information. (https://huggingface.co/docs/transformers/main/en/main_classes/text_generation)
{"accepted": false, "accepted_total": 29, "task": 601, "task_id": "fresh-eval-22b2def866ce", "tasks": 1186, "visible_unique_passes": 0}
[transformers] Both `min_new_tokens` (=0) and `min_length`(=0) seem to have been set. `min_new_tokens` will take precedence. Please refer to the documentation for more information. (https://huggingface.co/docs/transformers/main/en/main_classes/text_generation)
{"accepted": false, "accepted_total": 29, "task": 602, "task_id": "sigless_c9ae64937e34", "tasks": 1186, "visible_unique_passes": 0}
[transformers] Both `min_new_tokens` (=0) and `min_length`(=0) seem to have been set. `min_new_tokens` will take precedence. Please refer to the documentation for more information. (https://huggingface.co/docs/transformers/main/en/main_classes/text_generation)
{"accepted": false, "accepted_total": 29, "task": 603, "task_id": "sigless_187885ac214a", "tasks": 1186, "visible_unique_passes": 0}
[transformers] Both `min_new_tokens` (=0) and `min_length`(=0) seem to have been set. `min_new_tokens` will take precedence. Please refer to the documentation for more information. (https://huggingface.co/docs/transformers/main/en/main_classes/text_generation)
{"accepted": false, "accepted_total": 29, "task": 604, "task_id": "fresh-eval-321bce8e9269", "tasks": 1186, "visible_unique_passes": 0}
[transformers] Both `min_new_tokens` (=0) and `min_length`(=0) seem to have been set. `min_new_tokens` will take precedence. Please refer to the documentation for more information. (https://huggingface.co/docs/transformers/main/en/main_classes/text_generation)
{"accepted": false, "accepted_total": 29, "task": 605, "task_id": "sigless_f80271b50fdf", "tasks": 1186, "visible_unique_passes": 0}
[transformers] Both `min_new_tokens` (=0) and `min_length`(=0) seem to have been set. `min_new_tokens` will take precedence. Please refer to the documentation for more information. (https://huggingface.co/docs/transformers/main/en/main_classes/text_generation)
{"accepted": false, "accepted_total": 29, "task": 606, "task_id": "fresh-eval-5f8b708ad6fd", "tasks": 1186, "visible_unique_passes": 0}
[transformers] Both `min_new_tokens` (=0) and `min_length`(=0) seem to have been set. `min_new_tokens` will take precedence. Please refer to the documentation for more information. (https://huggingface.co/docs/transformers/main/en/main_classes/text_generation)
{"accepted": false, "accepted_total": 29, "task": 607, "task_id": "fresh-eval-7c97b462cf32", "tasks": 1186, "visible_unique_passes": 0}
[transformers] Both `min_new_tokens` (=0) and `min_length`(=0) seem to have been set. `min_new_tokens` will take precedence. Please refer to the documentation for more information. (https://huggingface.co/docs/transformers/main/en/main_classes/text_generation)
{"accepted": false, "accepted_total": 29, "task": 608, "task_id": "fresh-eval-b19278493dd5", "tasks": 1186, "visible_unique_passes": 0}
[transformers] Both `min_new_tokens` (=0) and `min_length`(=0) seem to have been set. `min_new_tokens` will take precedence. Please refer to the documentation for more information. (https://huggingface.co/docs/transformers/main/en/main_classes/text_generation)
{"accepted": false, "accepted_total": 29, "task": 609, "task_id": "fresh-eval-fbbf142d2de3", "tasks": 1186, "visible_unique_passes": 0}
[transformers] Both `min_new_tokens` (=0) and `min_length`(=0) seem to have been set. `min_new_tokens` will take precedence. Please refer to the documentation for more information. (https://huggingface.co/docs/transformers/main/en/main_classes/text_generation)
{"accepted": false, "accepted_total": 29, "task": 610, "task_id": "fresh-eval-484402465fcb", "tasks": 1186, "visible_unique_passes": 0}
[transformers] Both `min_new_tokens` (=0) and `min_length`(=0) seem to have been set. `min_new_tokens` will take precedence. Please refer to the documentation for more information. (https://huggingface.co/docs/transformers/main/en/main_classes/text_generation)
{"accepted": false, "accepted_total": 29, "task": 611, "task_id": "fresh-eval-7a2a960d09eb", "tasks": 1186, "visible_unique_passes": 0}
[transformers] Both `min_new_tokens` (=0) and `min_length`(=0) seem to have been set. `min_new_tokens` will take precedence. Please refer to the documentation for more information. (https://huggingface.co/docs/transformers/main/en/main_classes/text_generation)
{"accepted": false, "accepted_total": 29, "task": 612, "task_id": "sigless_ad47025276c6", "tasks": 1186, "visible_unique_passes": 4}
[transformers] Both `min_new_tokens` (=0) and `min_length`(=0) seem to have been set. `min_new_tokens` will take precedence. Please refer to the documentation for more information. (https://huggingface.co/docs/transformers/main/en/main_classes/text_generation)
{"accepted": false, "accepted_total": 29, "task": 613, "task_id": "fresh-eval-a06a689f8eb2", "tasks": 1186, "visible_unique_passes": 0}
[transformers] Both `min_new_tokens` (=0) and `min_length`(=0) seem to have been set. `min_new_tokens` will take precedence. Please refer to the documentation for more information. (https://huggingface.co/docs/transformers/main/en/main_classes/text_generation)
{"accepted": false, "accepted_total": 29, "task": 614, "task_id": "sigless_07eb50411e6e", "tasks": 1186, "visible_unique_passes": 0}
[transformers] Both `min_new_tokens` (=0) and `min_length`(=0) seem to have been set. `min_new_tokens` will take precedence. Please refer to the documentation for more information. (https://huggingface.co/docs/transformers/main/en/main_classes/text_generation)
{"accepted": false, "accepted_total": 29, "task": 615, "task_id": "fresh-eval-45e4af97e06a", "tasks": 1186, "visible_unique_passes": 0}
[transformers] Both `min_new_tokens` (=0) and `min_length`(=0) seem to have been set. `min_new_tokens` will take precedence. Please refer to the documentation for more information. (https://huggingface.co/docs/transformers/main/en/main_classes/text_generation)
{"accepted": false, "accepted_total": 29, "task": 616, "task_id": "fresh-eval-618826157edc", "tasks": 1186, "visible_unique_passes": 0}
[transformers] Both `min_new_tokens` (=0) and `min_length`(=0) seem to have been set. `min_new_tokens` will take precedence. Please refer to the documentation for more information. (https://huggingface.co/docs/transformers/main/en/main_classes/text_generation)
{"accepted": false, "accepted_total": 29, "task": 617, "task_id": "fresh-eval-4f4075787f6f", "tasks": 1186, "visible_unique_passes": 0}
[transformers] Both `min_new_tokens` (=0) and `min_length`(=0) seem to have been set. `min_new_tokens` will take precedence. Please refer to the documentation for more information. (https://huggingface.co/docs/transformers/main/en/main_classes/text_generation)
{"accepted": false, "accepted_total": 29, "task": 618, "task_id": "sigless_f02d857ebcf1", "tasks": 1186, "visible_unique_passes": 0}
[transformers] Both `min_new_tokens` (=0) and `min_length`(=0) seem to have been set. `min_new_tokens` will take precedence. Please refer to the documentation for more information. (https://huggingface.co/docs/transformers/main/en/main_classes/text_generation)
{"accepted": false, "accepted_total": 29, "task": 619, "task_id": "fresh-eval-ca15fa62fdfb", "tasks": 1186, "visible_unique_passes": 0}
[transformers] Both `min_new_tokens` (=0) and `min_length`(=0) seem to have been set. `min_new_tokens` will take precedence. Please refer to the documentation for more information. (https://huggingface.co/docs/transformers/main/en/main_classes/text_generation)
{"accepted": true, "accepted_total": 30, "task": 620, "task_id": "fresh-eval-78eee37ae9d7", "tasks": 1186, "visible_unique_passes": 1}
[transformers] Both `min_new_tokens` (=0) and `min_length`(=0) seem to have been set. `min_new_tokens` will take precedence. Please refer to the documentation for more information. (https://huggingface.co/docs/transformers/main/en/main_classes/text_generation)
{"accepted": false, "accepted_total": 30, "task": 621, "task_id": "sigless_53d416d828df", "tasks": 1186, "visible_unique_passes": 0}
[transformers] Both `min_new_tokens` (=0) and `min_length`(=0) seem to have been set. `min_new_tokens` will take precedence. Please refer to the documentation for more information. (https://huggingface.co/docs/transformers/main/en/main_classes/text_generation)
{"accepted": false, "accepted_total": 30, "task": 622, "task_id": "sigless_f089e97aafbc", "tasks": 1186, "visible_unique_passes": 0}
[transformers] Both `min_new_tokens` (=0) and `min_length`(=0) seem to have been set. `min_new_tokens` will take precedence. Please refer to the documentation for more information. (https://huggingface.co/docs/transformers/main/en/main_classes/text_generation)
{"accepted": false, "accepted_total": 30, "task": 623, "task_id": "sigless_da17de4fe313", "tasks": 1186, "visible_unique_passes": 0}
[transformers] Both `min_new_tokens` (=0) and `min_length`(=0) seem to have been set. `min_new_tokens` will take precedence. Please refer to the documentation for more information. (https://huggingface.co/docs/transformers/main/en/main_classes/text_generation)
{"accepted": false, "accepted_total": 30, "task": 624, "task_id": "sigless_af5db0a8c81c", "tasks": 1186, "visible_unique_passes": 0}
[transformers] Both `min_new_tokens` (=0) and `min_length`(=0) seem to have been set. `min_new_tokens` will take precedence. Please refer to the documentation for more information. (https://huggingface.co/docs/transformers/main/en/main_classes/text_generation)
{"accepted": false, "accepted_total": 30, "task": 625, "task_id": "sigless_7cd5630c7413", "tasks": 1186, "visible_unique_passes": 0}
[transformers] Both `min_new_tokens` (=0) and `min_length`(=0) seem to have been set. `min_new_tokens` will take precedence. Please refer to the documentation for more information. (https://huggingface.co/docs/transformers/main/en/main_classes/text_generation)
{"accepted": false, "accepted_total": 30, "task": 626, "task_id": "fresh-eval-46fd1f72d9f1", "tasks": 1186, "visible_unique_passes": 0}
[transformers] Both `min_new_tokens` (=0) and `min_length`(=0) seem to have been set. `min_new_tokens` will take precedence. Please refer to the documentation for more information. (https://huggingface.co/docs/transformers/main/en/main_classes/text_generation)
{"accepted": false, "accepted_total": 30, "task": 627, "task_id": "sigless_2166e215da8f", "tasks": 1186, "visible_unique_passes": 0}
[transformers] Both `min_new_tokens` (=0) and `min_length`(=0) seem to have been set. `min_new_tokens` will take precedence. Please refer to the documentation for more information. (https://huggingface.co/docs/transformers/main/en/main_classes/text_generation)
{"accepted": false, "accepted_total": 30, "task": 628, "task_id": "sigless_efa0a6152712", "tasks": 1186, "visible_unique_passes": 0}
[transformers] Both `min_new_tokens` (=0) and `min_length`(=0) seem to have been set. `min_new_tokens` will take precedence. Please refer to the documentation for more information. (https://huggingface.co/docs/transformers/main/en/main_classes/text_generation)
{"accepted": false, "accepted_total": 30, "task": 629, "task_id": "sigless_f16ef468a89d", "tasks": 1186, "visible_unique_passes": 0}
[transformers] Both `min_new_tokens` (=0) and `min_length`(=0) seem to have been set. `min_new_tokens` will take precedence. Please refer to the documentation for more information. (https://huggingface.co/docs/transformers/main/en/main_classes/text_generation)
{"accepted": false, "accepted_total": 30, "task": 630, "task_id": "sigless_3ab26101ff63", "tasks": 1186, "visible_unique_passes": 0}
[transformers] Both `min_new_tokens` (=0) and `min_length`(=0) seem to have been set. `min_new_tokens` will take precedence. Please refer to the documentation for more information. (https://huggingface.co/docs/transformers/main/en/main_classes/text_generation)
{"accepted": false, "accepted_total": 30, "task": 631, "task_id": "sigless_ac9174e7c0f7", "tasks": 1186, "visible_unique_passes": 0}
[transformers] Both `min_new_tokens` (=0) and `min_length`(=0) seem to have been set. `min_new_tokens` will take precedence. Please refer to the documentation for more information. (https://huggingface.co/docs/transformers/main/en/main_classes/text_generation)
{"accepted": false, "accepted_total": 30, "task": 632, "task_id": "fresh-eval-54db40277f3d", "tasks": 1186, "visible_unique_passes": 0}
[transformers] Both `min_new_tokens` (=0) and `min_length`(=0) seem to have been set. `min_new_tokens` will take precedence. Please refer to the documentation for more information. (https://huggingface.co/docs/transformers/main/en/main_classes/text_generation)
{"accepted": false, "accepted_total": 30, "task": 633, "task_id": "fresh-eval-399dbd912db4", "tasks": 1186, "visible_unique_passes": 0}
[transformers] Both `min_new_tokens` (=0) and `min_length`(=0) seem to have been set. `min_new_tokens` will take precedence. Please refer to the documentation for more information. (https://huggingface.co/docs/transformers/main/en/main_classes/text_generation)
{"accepted": false, "accepted_total": 30, "task": 634, "task_id": "fresh-eval-94af567b3ff7", "tasks": 1186, "visible_unique_passes": 0}
[transformers] Both `min_new_tokens` (=0) and `min_length`(=0) seem to have been set. `min_new_tokens` will take precedence. Please refer to the documentation for more information. (https://huggingface.co/docs/transformers/main/en/main_classes/text_generation)
{"accepted": false, "accepted_total": 30, "task": 635, "task_id": "sigless_f5fe346d9a35", "tasks": 1186, "visible_unique_passes": 0}
[transformers] Both `min_new_tokens` (=0) and `min_length`(=0) seem to have been set. `min_new_tokens` will take precedence. Please refer to the documentation for more information. (https://huggingface.co/docs/transformers/main/en/main_classes/text_generation)
{"accepted": false, "accepted_total": 30, "task": 636, "task_id": "sigless_739912711571", "tasks": 1186, "visible_unique_passes": 0}
[transformers] Both `min_new_tokens` (=0) and `min_length`(=0) seem to have been set. `min_new_tokens` will take precedence. Please refer to the documentation for more information. (https://huggingface.co/docs/transformers/main/en/main_classes/text_generation)
{"accepted": false, "accepted_total": 30, "task": 637, "task_id": "fresh-eval-8a3712558f1b", "tasks": 1186, "visible_unique_passes": 0}
[transformers] Both `min_new_tokens` (=0) and `min_length`(=0) seem to have been set. `min_new_tokens` will take precedence. Please refer to the documentation for more information. (https://huggingface.co/docs/transformers/main/en/main_classes/text_generation)
{"accepted": false, "accepted_total": 30, "task": 638, "task_id": "fresh-eval-0c22ff1fdb3e", "tasks": 1186, "visible_unique_passes": 0}
[transformers] Both `min_new_tokens` (=0) and `min_length`(=0) seem to have been set. `min_new_tokens` will take precedence. Please refer to the documentation for more information. (https://huggingface.co/docs/transformers/main/en/main_classes/text_generation)
{"accepted": false, "accepted_total": 30, "task": 639, "task_id": "fresh-eval-da4dad65bf68", "tasks": 1186, "visible_unique_passes": 0}
[transformers] Both `min_new_tokens` (=0) and `min_length`(=0) seem to have been set. `min_new_tokens` will take precedence. Please refer to the documentation for more information. (https://huggingface.co/docs/transformers/main/en/main_classes/text_generation)
{"accepted": false, "accepted_total": 30, "task": 640, "task_id": "sigless_73e2116d3dc1", "tasks": 1186, "visible_unique_passes": 0}
[transformers] Both `min_new_tokens` (=0) and `min_length`(=0) seem to have been set. `min_new_tokens` will take precedence. Please refer to the documentation for more information. (https://huggingface.co/docs/transformers/main/en/main_classes/text_generation)
{"accepted": false, "accepted_total": 30, "task": 641, "task_id": "sigless_2562eb1b2c02", "tasks": 1186, "visible_unique_passes": 0}
[transformers] Both `min_new_tokens` (=0) and `min_length`(=0) seem to have been set. `min_new_tokens` will take precedence. Please refer to the documentation for more information. (https://huggingface.co/docs/transformers/main/en/main_classes/text_generation)
{"accepted": false, "accepted_total": 30, "task": 642, "task_id": "sigless_d7bf2906f3b4", "tasks": 1186, "visible_unique_passes": 0}
[transformers] Both `min_new_tokens` (=0) and `min_length`(=0) seem to have been set. `min_new_tokens` will take precedence. Please refer to the documentation for more information. (https://huggingface.co/docs/transformers/main/en/main_classes/text_generation)
{"accepted": false, "accepted_total": 30, "task": 643, "task_id": "sigless_13a2ad923021", "tasks": 1186, "visible_unique_passes": 0}
[transformers] Both `min_new_tokens` (=0) and `min_length`(=0) seem to have been set. `min_new_tokens` will take precedence. Please refer to the documentation for more information. (https://huggingface.co/docs/transformers/main/en/main_classes/text_generation)
{"accepted": false, "accepted_total": 30, "task": 644, "task_id": "sigless_9069c08f5f4b", "tasks": 1186, "visible_unique_passes": 0}
[transformers] Both `min_new_tokens` (=0) and `min_length`(=0) seem to have been set. `min_new_tokens` will take precedence. Please refer to the documentation for more information. (https://huggingface.co/docs/transformers/main/en/main_classes/text_generation)
{"accepted": false, "accepted_total": 30, "task": 645, "task_id": "sigless_c6c0e58fb84c", "tasks": 1186, "visible_unique_passes": 0}
[transformers] Both `min_new_tokens` (=0) and `min_length`(=0) seem to have been set. `min_new_tokens` will take precedence. Please refer to the documentation for more information. (https://huggingface.co/docs/transformers/main/en/main_classes/text_generation)
{"accepted": false, "accepted_total": 30, "task": 646, "task_id": "sigless_f3c7d77bace6", "tasks": 1186, "visible_unique_passes": 0}
[transformers] Both `min_new_tokens` (=0) and `min_length`(=0) seem to have been set. `min_new_tokens` will take precedence. Please refer to the documentation for more information. (https://huggingface.co/docs/transformers/main/en/main_classes/text_generation)
{"accepted": false, "accepted_total": 30, "task": 647, "task_id": "fresh-eval-dae4c6a47ee5", "tasks": 1186, "visible_unique_passes": 0}
[transformers] Both `min_new_tokens` (=0) and `min_length`(=0) seem to have been set. `min_new_tokens` will take precedence. Please refer to the documentation for more information. (https://huggingface.co/docs/transformers/main/en/main_classes/text_generation)
{"accepted": false, "accepted_total": 30, "task": 648, "task_id": "fresh-eval-475541b4c8ed", "tasks": 1186, "visible_unique_passes": 0}
[transformers] Both `min_new_tokens` (=0) and `min_length`(=0) seem to have been set. `min_new_tokens` will take precedence. Please refer to the documentation for more information. (https://huggingface.co/docs/transformers/main/en/main_classes/text_generation)
{"accepted": false, "accepted_total": 30, "task": 649, "task_id": "sigless_e8f305def787", "tasks": 1186, "visible_unique_passes": 0}
[transformers] Both `min_new_tokens` (=0) and `min_length`(=0) seem to have been set. `min_new_tokens` will take precedence. Please refer to the documentation for more information. (https://huggingface.co/docs/transformers/main/en/main_classes/text_generation)
{"accepted": false, "accepted_total": 30, "task": 650, "task_id": "fresh-eval-f7a9ce49f8ce", "tasks": 1186, "visible_unique_passes": 0}
[transformers] Both `min_new_tokens` (=0) and `min_length`(=0) seem to have been set. `min_new_tokens` will take precedence. Please refer to the documentation for more information. (https://huggingface.co/docs/transformers/main/en/main_classes/text_generation)
{"accepted": false, "accepted_total": 30, "task": 651, "task_id": "fresh-eval-013380515e5e", "tasks": 1186, "visible_unique_passes": 0}
[transformers] Both `min_new_tokens` (=0) and `min_length`(=0) seem to have been set. `min_new_tokens` will take precedence. Please refer to the documentation for more information. (https://huggingface.co/docs/transformers/main/en/main_classes/text_generation)
{"accepted": false, "accepted_total": 30, "task": 652, "task_id": "fresh-eval-d5df402bee67", "tasks": 1186, "visible_unique_passes": 0}
[transformers] Both `min_new_tokens` (=0) and `min_length`(=0) seem to have been set. `min_new_tokens` will take precedence. Please refer to the documentation for more information. (https://huggingface.co/docs/transformers/main/en/main_classes/text_generation)
{"accepted": false, "accepted_total": 30, "task": 653, "task_id": "sigless_30987982104a", "tasks": 1186, "visible_unique_passes": 0}
[transformers] Both `min_new_tokens` (=0) and `min_length`(=0) seem to have been set. `min_new_tokens` will take precedence. Please refer to the documentation for more information. (https://huggingface.co/docs/transformers/main/en/main_classes/text_generation)
{"accepted": false, "accepted_total": 30, "task": 654, "task_id": "sigless_81812351194a", "tasks": 1186, "visible_unique_passes": 0}
[transformers] Both `min_new_tokens` (=0) and `min_length`(=0) seem to have been set. `min_new_tokens` will take precedence. Please refer to the documentation for more information. (https://huggingface.co/docs/transformers/main/en/main_classes/text_generation)
{"accepted": false, "accepted_total": 30, "task": 655, "task_id": "fresh-eval-e7483c20a637", "tasks": 1186, "visible_unique_passes": 0}
[transformers] Both `min_new_tokens` (=0) and `min_length`(=0) seem to have been set. `min_new_tokens` will take precedence. Please refer to the documentation for more information. (https://huggingface.co/docs/transformers/main/en/main_classes/text_generation)
{"accepted": false, "accepted_total": 30, "task": 656, "task_id": "sigless_499ab3dbed90", "tasks": 1186, "visible_unique_passes": 0}
[transformers] Both `min_new_tokens` (=0) and `min_length`(=0) seem to have been set. `min_new_tokens` will take precedence. Please refer to the documentation for more information. (https://huggingface.co/docs/transformers/main/en/main_classes/text_generation)
{"accepted": false, "accepted_total": 30, "task": 657, "task_id": "sigless_148f77d7380c", "tasks": 1186, "visible_unique_passes": 0}
[transformers] Both `min_new_tokens` (=0) and `min_length`(=0) seem to have been set. `min_new_tokens` will take precedence. Please refer to the documentation for more information. (https://huggingface.co/docs/transformers/main/en/main_classes/text_generation)
{"accepted": false, "accepted_total": 30, "task": 658, "task_id": "fresh-eval-6d9b89f4acb4", "tasks": 1186, "visible_unique_passes": 0}
[transformers] Both `min_new_tokens` (=0) and `min_length`(=0) seem to have been set. `min_new_tokens` will take precedence. Please refer to the documentation for more information. (https://huggingface.co/docs/transformers/main/en/main_classes/text_generation)
{"accepted": false, "accepted_total": 30, "task": 659, "task_id": "fresh-eval-ba4ad9d5088a", "tasks": 1186, "visible_unique_passes": 0}
[transformers] Both `min_new_tokens` (=0) and `min_length`(=0) seem to have been set. `min_new_tokens` will take precedence. Please refer to the documentation for more information. (https://huggingface.co/docs/transformers/main/en/main_classes/text_generation)
{"accepted": false, "accepted_total": 30, "task": 660, "task_id": "sigless_46362f9b28ab", "tasks": 1186, "visible_unique_passes": 0}
[transformers] Both `min_new_tokens` (=0) and `min_length`(=0) seem to have been set. `min_new_tokens` will take precedence. Please refer to the documentation for more information. (https://huggingface.co/docs/transformers/main/en/main_classes/text_generation)
{"accepted": false, "accepted_total": 30, "task": 661, "task_id": "fresh-eval-06b5623025dd", "tasks": 1186, "visible_unique_passes": 0}
[transformers] Both `min_new_tokens` (=0) and `min_length`(=0) seem to have been set. `min_new_tokens` will take precedence. Please refer to the documentation for more information. (https://huggingface.co/docs/transformers/main/en/main_classes/text_generation)
{"accepted": false, "accepted_total": 30, "task": 662, "task_id": "fresh-eval-21f4b0cbc4c7", "tasks": 1186, "visible_unique_passes": 0}
[transformers] Both `min_new_tokens` (=0) and `min_length`(=0) seem to have been set. `min_new_tokens` will take precedence. Please refer to the documentation for more information. (https://huggingface.co/docs/transformers/main/en/main_classes/text_generation)
{"accepted": false, "accepted_total": 30, "task": 663, "task_id": "sigless_e1bad9f09886", "tasks": 1186, "visible_unique_passes": 0}
[transformers] Both `min_new_tokens` (=0) and `min_length`(=0) seem to have been set. `min_new_tokens` will take precedence. Please refer to the documentation for more information. (https://huggingface.co/docs/transformers/main/en/main_classes/text_generation)
{"accepted": false, "accepted_total": 30, "task": 664, "task_id": "sigless_d3a4262da07b", "tasks": 1186, "visible_unique_passes": 0}
[transformers] Both `min_new_tokens` (=0) and `min_length`(=0) seem to have been set. `min_new_tokens` will take precedence. Please refer to the documentation for more information. (https://huggingface.co/docs/transformers/main/en/main_classes/text_generation)
{"accepted": false, "accepted_total": 30, "task": 665, "task_id": "sigless_ab44624f23c7", "tasks": 1186, "visible_unique_passes": 0}
[transformers] Both `min_new_tokens` (=0) and `min_length`(=0) seem to have been set. `min_new_tokens` will take precedence. Please refer to the documentation for more information. (https://huggingface.co/docs/transformers/main/en/main_classes/text_generation)
{"accepted": true, "accepted_total": 31, "task": 666, "task_id": "sigless_9f2a939d0dac", "tasks": 1186, "visible_unique_passes": 1}
[transformers] Both `min_new_tokens` (=0) and `min_length`(=0) seem to have been set. `min_new_tokens` will take precedence. Please refer to the documentation for more information. (https://huggingface.co/docs/transformers/main/en/main_classes/text_generation)
{"accepted": false, "accepted_total": 31, "task": 667, "task_id": "sigless_cc6ed6d6afd0", "tasks": 1186, "visible_unique_passes": 0}
[transformers] Both `min_new_tokens` (=0) and `min_length`(=0) seem to have been set. `min_new_tokens` will take precedence. Please refer to the documentation for more information. (https://huggingface.co/docs/transformers/main/en/main_classes/text_generation)
{"accepted": false, "accepted_total": 31, "task": 668, "task_id": "sigless_65d64fc73d3e", "tasks": 1186, "visible_unique_passes": 0}
[transformers] Both `min_new_tokens` (=0) and `min_length`(=0) seem to have been set. `min_new_tokens` will take precedence. Please refer to the documentation for more information. (https://huggingface.co/docs/transformers/main/en/main_classes/text_generation)
{"accepted": false, "accepted_total": 31, "task": 669, "task_id": "fresh-eval-6a5b39e99413", "tasks": 1186, "visible_unique_passes": 0}
[transformers] Both `min_new_tokens` (=0) and `min_length`(=0) seem to have been set. `min_new_tokens` will take precedence. Please refer to the documentation for more information. (https://huggingface.co/docs/transformers/main/en/main_classes/text_generation)
{"accepted": false, "accepted_total": 31, "task": 670, "task_id": "sigless_96b4faa7f424", "tasks": 1186, "visible_unique_passes": 0}
[transformers] Both `min_new_tokens` (=0) and `min_length`(=0) seem to have been set. `min_new_tokens` will take precedence. Please refer to the documentation for more information. (https://huggingface.co/docs/transformers/main/en/main_classes/text_generation)
{"accepted": false, "accepted_total": 31, "task": 671, "task_id": "fresh-eval-1c6ae64ce92f", "tasks": 1186, "visible_unique_passes": 0}
[transformers] Both `min_new_tokens` (=0) and `min_length`(=0) seem to have been set. `min_new_tokens` will take precedence. Please refer to the documentation for more information. (https://huggingface.co/docs/transformers/main/en/main_classes/text_generation)
{"accepted": false, "accepted_total": 31, "task": 672, "task_id": "sigless_9943023d2aba", "tasks": 1186, "visible_unique_passes": 0}
[transformers] Both `min_new_tokens` (=0) and `min_length`(=0) seem to have been set. `min_new_tokens` will take precedence. Please refer to the documentation for more information. (https://huggingface.co/docs/transformers/main/en/main_classes/text_generation)
{"accepted": false, "accepted_total": 31, "task": 673, "task_id": "fresh-eval-48550e439008", "tasks": 1186, "visible_unique_passes": 0}
[transformers] Both `min_new_tokens` (=0) and `min_length`(=0) seem to have been set. `min_new_tokens` will take precedence. Please refer to the documentation for more information. (https://huggingface.co/docs/transformers/main/en/main_classes/text_generation)
{"accepted": false, "accepted_total": 31, "task": 674, "task_id": "sigless_5872901d959d", "tasks": 1186, "visible_unique_passes": 0}
[transformers] Both `min_new_tokens` (=0) and `min_length`(=0) seem to have been set. `min_new_tokens` will take precedence. Please refer to the documentation for more information. (https://huggingface.co/docs/transformers/main/en/main_classes/text_generation)
{"accepted": false, "accepted_total": 31, "task": 675, "task_id": "sigless_7c692ff41d8b", "tasks": 1186, "visible_unique_passes": 0}
[transformers] Both `min_new_tokens` (=0) and `min_length`(=0) seem to have been set. `min_new_tokens` will take precedence. Please refer to the documentation for more information. (https://huggingface.co/docs/transformers/main/en/main_classes/text_generation)
{"accepted": false, "accepted_total": 31, "task": 676, "task_id": "sigless_19f099f43134", "tasks": 1186, "visible_unique_passes": 0}
[transformers] Both `min_new_tokens` (=0) and `min_length`(=0) seem to have been set. `min_new_tokens` will take precedence. Please refer to the documentation for more information. (https://huggingface.co/docs/transformers/main/en/main_classes/text_generation)
{"accepted": false, "accepted_total": 31, "task": 677, "task_id": "sigless_0a21b1e07fe1", "tasks": 1186, "visible_unique_passes": 0}
[transformers] Both `min_new_tokens` (=0) and `min_length`(=0) seem to have been set. `min_new_tokens` will take precedence. Please refer to the documentation for more information. (https://huggingface.co/docs/transformers/main/en/main_classes/text_generation)
{"accepted": false, "accepted_total": 31, "task": 678, "task_id": "sigless_98d5d1deed73", "tasks": 1186, "visible_unique_passes": 0}
[transformers] Both `min_new_tokens` (=0) and `min_length`(=0) seem to have been set. `min_new_tokens` will take precedence. Please refer to the documentation for more information. (https://huggingface.co/docs/transformers/main/en/main_classes/text_generation)
{"accepted": false, "accepted_total": 31, "task": 679, "task_id": "sigless_68ff94b07210", "tasks": 1186, "visible_unique_passes": 0}
[transformers] Both `min_new_tokens` (=0) and `min_length`(=0) seem to have been set. `min_new_tokens` will take precedence. Please refer to the documentation for more information. (https://huggingface.co/docs/transformers/main/en/main_classes/text_generation)
{"accepted": false, "accepted_total": 31, "task": 680, "task_id": "fresh-eval-df35a932e122", "tasks": 1186, "visible_unique_passes": 0}
[transformers] Both `min_new_tokens` (=0) and `min_length`(=0) seem to have been set. `min_new_tokens` will take precedence. Please refer to the documentation for more information. (https://huggingface.co/docs/transformers/main/en/main_classes/text_generation)
{"accepted": false, "accepted_total": 31, "task": 681, "task_id": "sigless_843a4c783d68", "tasks": 1186, "visible_unique_passes": 0}
[transformers] Both `min_new_tokens` (=0) and `min_length`(=0) seem to have been set. `min_new_tokens` will take precedence. Please refer to the documentation for more information. (https://huggingface.co/docs/transformers/main/en/main_classes/text_generation)
{"accepted": false, "accepted_total": 31, "task": 682, "task_id": "sigless_d5986815e8c6", "tasks": 1186, "visible_unique_passes": 0}
[transformers] Both `min_new_tokens` (=0) and `min_length`(=0) seem to have been set. `min_new_tokens` will take precedence. Please refer to the documentation for more information. (https://huggingface.co/docs/transformers/main/en/main_classes/text_generation)
{"accepted": false, "accepted_total": 31, "task": 683, "task_id": "fresh-eval-b7ff26527f10", "tasks": 1186, "visible_unique_passes": 0}
[transformers] Both `min_new_tokens` (=0) and `min_length`(=0) seem to have been set. `min_new_tokens` will take precedence. Please refer to the documentation for more information. (https://huggingface.co/docs/transformers/main/en/main_classes/text_generation)
{"accepted": false, "accepted_total": 31, "task": 684, "task_id": "sigless_eff214afb779", "tasks": 1186, "visible_unique_passes": 0}
[transformers] Both `min_new_tokens` (=0) and `min_length`(=0) seem to have been set. `min_new_tokens` will take precedence. Please refer to the documentation for more information. (https://huggingface.co/docs/transformers/main/en/main_classes/text_generation)
{"accepted": false, "accepted_total": 31, "task": 685, "task_id": "fresh-eval-247df66b85fd", "tasks": 1186, "visible_unique_passes": 0}
[transformers] Both `min_new_tokens` (=0) and `min_length`(=0) seem to have been set. `min_new_tokens` will take precedence. Please refer to the documentation for more information. (https://huggingface.co/docs/transformers/main/en/main_classes/text_generation)
{"accepted": false, "accepted_total": 31, "task": 686, "task_id": "fresh-eval-423c584fd446", "tasks": 1186, "visible_unique_passes": 0}
[transformers] Both `min_new_tokens` (=0) and `min_length`(=0) seem to have been set. `min_new_tokens` will take precedence. Please refer to the documentation for more information. (https://huggingface.co/docs/transformers/main/en/main_classes/text_generation)
{"accepted": false, "accepted_total": 31, "task": 687, "task_id": "sigless_2ab4f8ec4867", "tasks": 1186, "visible_unique_passes": 0}
[transformers] Both `min_new_tokens` (=0) and `min_length`(=0) seem to have been set. `min_new_tokens` will take precedence. Please refer to the documentation for more information. (https://huggingface.co/docs/transformers/main/en/main_classes/text_generation)
{"accepted": false, "accepted_total": 31, "task": 688, "task_id": "fresh-eval-e13d1b4f84ec", "tasks": 1186, "visible_unique_passes": 0}
[transformers] Both `min_new_tokens` (=0) and `min_length`(=0) seem to have been set. `min_new_tokens` will take precedence. Please refer to the documentation for more information. (https://huggingface.co/docs/transformers/main/en/main_classes/text_generation)
{"accepted": false, "accepted_total": 31, "task": 689, "task_id": "fresh-eval-6cd1406fd440", "tasks": 1186, "visible_unique_passes": 0}
[transformers] Both `min_new_tokens` (=0) and `min_length`(=0) seem to have been set. `min_new_tokens` will take precedence. Please refer to the documentation for more information. (https://huggingface.co/docs/transformers/main/en/main_classes/text_generation)
{"accepted": false, "accepted_total": 31, "task": 690, "task_id": "sigless_2a8674ba4eac", "tasks": 1186, "visible_unique_passes": 0}
[transformers] Both `min_new_tokens` (=0) and `min_length`(=0) seem to have been set. `min_new_tokens` will take precedence. Please refer to the documentation for more information. (https://huggingface.co/docs/transformers/main/en/main_classes/text_generation)
{"accepted": false, "accepted_total": 31, "task": 691, "task_id": "sigless_edbe9275807e", "tasks": 1186, "visible_unique_passes": 0}
[transformers] Both `min_new_tokens` (=0) and `min_length`(=0) seem to have been set. `min_new_tokens` will take precedence. Please refer to the documentation for more information. (https://huggingface.co/docs/transformers/main/en/main_classes/text_generation)
{"accepted": false, "accepted_total": 31, "task": 692, "task_id": "fresh-eval-46febf7bb75b", "tasks": 1186, "visible_unique_passes": 0}
[transformers] Both `min_new_tokens` (=0) and `min_length`(=0) seem to have been set. `min_new_tokens` will take precedence. Please refer to the documentation for more information. (https://huggingface.co/docs/transformers/main/en/main_classes/text_generation)
{"accepted": false, "accepted_total": 31, "task": 693, "task_id": "sigless_cd4741deab08", "tasks": 1186, "visible_unique_passes": 0}
[transformers] Both `min_new_tokens` (=0) and `min_length`(=0) seem to have been set. `min_new_tokens` will take precedence. Please refer to the documentation for more information. (https://huggingface.co/docs/transformers/main/en/main_classes/text_generation)
{"accepted": false, "accepted_total": 31, "task": 694, "task_id": "fresh-eval-6f1b645954fa", "tasks": 1186, "visible_unique_passes": 0}
[transformers] Both `min_new_tokens` (=0) and `min_length`(=0) seem to have been set. `min_new_tokens` will take precedence. Please refer to the documentation for more information. (https://huggingface.co/docs/transformers/main/en/main_classes/text_generation)
{"accepted": false, "accepted_total": 31, "task": 695, "task_id": "sigless_adb5a826e894", "tasks": 1186, "visible_unique_passes": 0}
[transformers] Both `min_new_tokens` (=0) and `min_length`(=0) seem to have been set. `min_new_tokens` will take precedence. Please refer to the documentation for more information. (https://huggingface.co/docs/transformers/main/en/main_classes/text_generation)
{"accepted": false, "accepted_total": 31, "task": 696, "task_id": "sigless_5fa6189c27e2", "tasks": 1186, "visible_unique_passes": 0}
[transformers] Both `min_new_tokens` (=0) and `min_length`(=0) seem to have been set. `min_new_tokens` will take precedence. Please refer to the documentation for more information. (https://huggingface.co/docs/transformers/main/en/main_classes/text_generation)
{"accepted": false, "accepted_total": 31, "task": 697, "task_id": "sigless_49c2a62dccf1", "tasks": 1186, "visible_unique_passes": 0}
[transformers] Both `min_new_tokens` (=0) and `min_length`(=0) seem to have been set. `min_new_tokens` will take precedence. Please refer to the documentation for more information. (https://huggingface.co/docs/transformers/main/en/main_classes/text_generation)
{"accepted": false, "accepted_total": 31, "task": 698, "task_id": "sigless_be0eb4848387", "tasks": 1186, "visible_unique_passes": 0}
[transformers] Both `min_new_tokens` (=0) and `min_length`(=0) seem to have been set. `min_new_tokens` will take precedence. Please refer to the documentation for more information. (https://huggingface.co/docs/transformers/main/en/main_classes/text_generation)
{"accepted": false, "accepted_total": 31, "task": 699, "task_id": "sigless_35f4f0ac8f50", "tasks": 1186, "visible_unique_passes": 0}
[transformers] Both `min_new_tokens` (=0) and `min_length`(=0) seem to have been set. `min_new_tokens` will take precedence. Please refer to the documentation for more information. (https://huggingface.co/docs/transformers/main/en/main_classes/text_generation)
{"accepted": false, "accepted_total": 31, "task": 700, "task_id": "sigless_67337c7dd9ce", "tasks": 1186, "visible_unique_passes": 0}
[transformers] Both `min_new_tokens` (=0) and `min_length`(=0) seem to have been set. `min_new_tokens` will take precedence. Please refer to the documentation for more information. (https://huggingface.co/docs/transformers/main/en/main_classes/text_generation)
{"accepted": false, "accepted_total": 31, "task": 701, "task_id": "sigless_b5fab9a7fa6a", "tasks": 1186, "visible_unique_passes": 0}
[transformers] Both `min_new_tokens` (=0) and `min_length`(=0) seem to have been set. `min_new_tokens` will take precedence. Please refer to the documentation for more information. (https://huggingface.co/docs/transformers/main/en/main_classes/text_generation)
{"accepted": false, "accepted_total": 31, "task": 702, "task_id": "sigless_e4be1ee8ee36", "tasks": 1186, "visible_unique_passes": 0}
[transformers] Both `min_new_tokens` (=0) and `min_length`(=0) seem to have been set. `min_new_tokens` will take precedence. Please refer to the documentation for more information. (https://huggingface.co/docs/transformers/main/en/main_classes/text_generation)
{"accepted": false, "accepted_total": 31, "task": 703, "task_id": "sigless_e469f0b29c0a", "tasks": 1186, "visible_unique_passes": 0}
[transformers] Both `min_new_tokens` (=0) and `min_length`(=0) seem to have been set. `min_new_tokens` will take precedence. Please refer to the documentation for more information. (https://huggingface.co/docs/transformers/main/en/main_classes/text_generation)
{"accepted": false, "accepted_total": 31, "task": 704, "task_id": "sigless_4fcc82d235ae", "tasks": 1186, "visible_unique_passes": 0}
[transformers] Both `min_new_tokens` (=0) and `min_length`(=0) seem to have been set. `min_new_tokens` will take precedence. Please refer to the documentation for more information. (https://huggingface.co/docs/transformers/main/en/main_classes/text_generation)
{"accepted": false, "accepted_total": 31, "task": 705, "task_id": "fresh-eval-b48262630e7c", "tasks": 1186, "visible_unique_passes": 0}
[transformers] Both `min_new_tokens` (=0) and `min_length`(=0) seem to have been set. `min_new_tokens` will take precedence. Please refer to the documentation for more information. (https://huggingface.co/docs/transformers/main/en/main_classes/text_generation)
{"accepted": true, "accepted_total": 32, "task": 706, "task_id": "sigless_9774f6fe77cf", "tasks": 1186, "visible_unique_passes": 1}
[transformers] Both `min_new_tokens` (=0) and `min_length`(=0) seem to have been set. `min_new_tokens` will take precedence. Please refer to the documentation for more information. (https://huggingface.co/docs/transformers/main/en/main_classes/text_generation)
{"accepted": false, "accepted_total": 32, "task": 707, "task_id": "sigless_5069ef634589", "tasks": 1186, "visible_unique_passes": 0}
[transformers] Both `min_new_tokens` (=0) and `min_length`(=0) seem to have been set. `min_new_tokens` will take precedence. Please refer to the documentation for more information. (https://huggingface.co/docs/transformers/main/en/main_classes/text_generation)
{"accepted": false, "accepted_total": 32, "task": 708, "task_id": "sigless_37deae204ccf", "tasks": 1186, "visible_unique_passes": 0}
[transformers] Both `min_new_tokens` (=0) and `min_length`(=0) seem to have been set. `min_new_tokens` will take precedence. Please refer to the documentation for more information. (https://huggingface.co/docs/transformers/main/en/main_classes/text_generation)
{"accepted": true, "accepted_total": 33, "task": 709, "task_id": "sigless_cf905c941b33", "tasks": 1186, "visible_unique_passes": 2}
[transformers] Both `min_new_tokens` (=0) and `min_length`(=0) seem to have been set. `min_new_tokens` will take precedence. Please refer to the documentation for more information. (https://huggingface.co/docs/transformers/main/en/main_classes/text_generation)
{"accepted": false, "accepted_total": 33, "task": 710, "task_id": "fresh-eval-1e555fc80b12", "tasks": 1186, "visible_unique_passes": 0}
[transformers] Both `min_new_tokens` (=0) and `min_length`(=0) seem to have been set. `min_new_tokens` will take precedence. Please refer to the documentation for more information. (https://huggingface.co/docs/transformers/main/en/main_classes/text_generation)
{"accepted": false, "accepted_total": 33, "task": 711, "task_id": "fresh-eval-013434169dec", "tasks": 1186, "visible_unique_passes": 0}
[transformers] Both `min_new_tokens` (=0) and `min_length`(=0) seem to have been set. `min_new_tokens` will take precedence. Please refer to the documentation for more information. (https://huggingface.co/docs/transformers/main/en/main_classes/text_generation)
{"accepted": false, "accepted_total": 33, "task": 712, "task_id": "sigless_7bcd7c647f19", "tasks": 1186, "visible_unique_passes": 0}
[transformers] Both `min_new_tokens` (=0) and `min_length`(=0) seem to have been set. `min_new_tokens` will take precedence. Please refer to the documentation for more information. (https://huggingface.co/docs/transformers/main/en/main_classes/text_generation)
{"accepted": false, "accepted_total": 33, "task": 713, "task_id": "sigless_f1f7a792e31e", "tasks": 1186, "visible_unique_passes": 0}
[transformers] Both `min_new_tokens` (=0) and `min_length`(=0) seem to have been set. `min_new_tokens` will take precedence. Please refer to the documentation for more information. (https://huggingface.co/docs/transformers/main/en/main_classes/text_generation)
{"accepted": false, "accepted_total": 33, "task": 714, "task_id": "sigless_6be8a83c7158", "tasks": 1186, "visible_unique_passes": 0}
[transformers] Both `min_new_tokens` (=0) and `min_length`(=0) seem to have been set. `min_new_tokens` will take precedence. Please refer to the documentation for more information. (https://huggingface.co/docs/transformers/main/en/main_classes/text_generation)
{"accepted": false, "accepted_total": 33, "task": 715, "task_id": "sigless_9fde04bbdde9", "tasks": 1186, "visible_unique_passes": 0}
[transformers] Both `min_new_tokens` (=0) and `min_length`(=0) seem to have been set. `min_new_tokens` will take precedence. Please refer to the documentation for more information. (https://huggingface.co/docs/transformers/main/en/main_classes/text_generation)
{"accepted": false, "accepted_total": 33, "task": 716, "task_id": "sigless_05d7276e35f8", "tasks": 1186, "visible_unique_passes": 0}
[transformers] Both `min_new_tokens` (=0) and `min_length`(=0) seem to have been set. `min_new_tokens` will take precedence. Please refer to the documentation for more information. (https://huggingface.co/docs/transformers/main/en/main_classes/text_generation)
{"accepted": false, "accepted_total": 33, "task": 717, "task_id": "fresh-eval-4dffd7d6bcb7", "tasks": 1186, "visible_unique_passes": 0}
[transformers] Both `min_new_tokens` (=0) and `min_length`(=0) seem to have been set. `min_new_tokens` will take precedence. Please refer to the documentation for more information. (https://huggingface.co/docs/transformers/main/en/main_classes/text_generation)
{"accepted": false, "accepted_total": 33, "task": 718, "task_id": "fresh-eval-7ae4d2534d3c", "tasks": 1186, "visible_unique_passes": 0}
[transformers] Both `min_new_tokens` (=0) and `min_length`(=0) seem to have been set. `min_new_tokens` will take precedence. Please refer to the documentation for more information. (https://huggingface.co/docs/transformers/main/en/main_classes/text_generation)
{"accepted": false, "accepted_total": 33, "task": 719, "task_id": "sigless_f676fc25c581", "tasks": 1186, "visible_unique_passes": 0}
[transformers] Both `min_new_tokens` (=0) and `min_length`(=0) seem to have been set. `min_new_tokens` will take precedence. Please refer to the documentation for more information. (https://huggingface.co/docs/transformers/main/en/main_classes/text_generation)
{"accepted": false, "accepted_total": 33, "task": 720, "task_id": "sigless_a876077e86b4", "tasks": 1186, "visible_unique_passes": 0}
[transformers] Both `min_new_tokens` (=0) and `min_length`(=0) seem to have been set. `min_new_tokens` will take precedence. Please refer to the documentation for more information. (https://huggingface.co/docs/transformers/main/en/main_classes/text_generation)
{"accepted": false, "accepted_total": 33, "task": 721, "task_id": "fresh-eval-e1a245cce4db", "tasks": 1186, "visible_unique_passes": 0}
[transformers] Both `min_new_tokens` (=0) and `min_length`(=0) seem to have been set. `min_new_tokens` will take precedence. Please refer to the documentation for more information. (https://huggingface.co/docs/transformers/main/en/main_classes/text_generation)
{"accepted": false, "accepted_total": 33, "task": 722, "task_id": "sigless_857807765dcc", "tasks": 1186, "visible_unique_passes": 0}
[transformers] Both `min_new_tokens` (=0) and `min_length`(=0) seem to have been set. `min_new_tokens` will take precedence. Please refer to the documentation for more information. (https://huggingface.co/docs/transformers/main/en/main_classes/text_generation)
{"accepted": false, "accepted_total": 33, "task": 723, "task_id": "fresh-eval-189113f4e1e0", "tasks": 1186, "visible_unique_passes": 0}
[transformers] Both `min_new_tokens` (=0) and `min_length`(=0) seem to have been set. `min_new_tokens` will take precedence. Please refer to the documentation for more information. (https://huggingface.co/docs/transformers/main/en/main_classes/text_generation)
{"accepted": false, "accepted_total": 33, "task": 724, "task_id": "sigless_30bb765f383a", "tasks": 1186, "visible_unique_passes": 0}
[transformers] Both `min_new_tokens` (=0) and `min_length`(=0) seem to have been set. `min_new_tokens` will take precedence. Please refer to the documentation for more information. (https://huggingface.co/docs/transformers/main/en/main_classes/text_generation)
{"accepted": false, "accepted_total": 33, "task": 725, "task_id": "sigless_8194237df33d", "tasks": 1186, "visible_unique_passes": 0}
[transformers] Both `min_new_tokens` (=0) and `min_length`(=0) seem to have been set. `min_new_tokens` will take precedence. Please refer to the documentation for more information. (https://huggingface.co/docs/transformers/main/en/main_classes/text_generation)
{"accepted": false, "accepted_total": 33, "task": 726, "task_id": "sigless_c166d0b52338", "tasks": 1186, "visible_unique_passes": 0}
[transformers] Both `min_new_tokens` (=0) and `min_length`(=0) seem to have been set. `min_new_tokens` will take precedence. Please refer to the documentation for more information. (https://huggingface.co/docs/transformers/main/en/main_classes/text_generation)
{"accepted": false, "accepted_total": 33, "task": 727, "task_id": "sigless_ab3f243db140", "tasks": 1186, "visible_unique_passes": 0}
[transformers] Both `min_new_tokens` (=0) and `min_length`(=0) seem to have been set. `min_new_tokens` will take precedence. Please refer to the documentation for more information. (https://huggingface.co/docs/transformers/main/en/main_classes/text_generation)
{"accepted": false, "accepted_total": 33, "task": 728, "task_id": "sigless_d17d194e8870", "tasks": 1186, "visible_unique_passes": 0}
[transformers] Both `min_new_tokens` (=0) and `min_length`(=0) seem to have been set. `min_new_tokens` will take precedence. Please refer to the documentation for more information. (https://huggingface.co/docs/transformers/main/en/main_classes/text_generation)
{"accepted": false, "accepted_total": 33, "task": 729, "task_id": "sigless_cec340d14e20", "tasks": 1186, "visible_unique_passes": 0}
[transformers] Both `min_new_tokens` (=0) and `min_length`(=0) seem to have been set. `min_new_tokens` will take precedence. Please refer to the documentation for more information. (https://huggingface.co/docs/transformers/main/en/main_classes/text_generation)
{"accepted": false, "accepted_total": 33, "task": 730, "task_id": "sigless_1f4ac9e62c3f", "tasks": 1186, "visible_unique_passes": 0}
[transformers] Both `min_new_tokens` (=0) and `min_length`(=0) seem to have been set. `min_new_tokens` will take precedence. Please refer to the documentation for more information. (https://huggingface.co/docs/transformers/main/en/main_classes/text_generation)
{"accepted": true, "accepted_total": 34, "task": 731, "task_id": "sigless_54b6e3f94edf", "tasks": 1186, "visible_unique_passes": 1}
[transformers] Both `min_new_tokens` (=0) and `min_length`(=0) seem to have been set. `min_new_tokens` will take precedence. Please refer to the documentation for more information. (https://huggingface.co/docs/transformers/main/en/main_classes/text_generation)
{"accepted": false, "accepted_total": 34, "task": 732, "task_id": "sigless_45de28aa3233", "tasks": 1186, "visible_unique_passes": 0}
[transformers] Both `min_new_tokens` (=0) and `min_length`(=0) seem to have been set. `min_new_tokens` will take precedence. Please refer to the documentation for more information. (https://huggingface.co/docs/transformers/main/en/main_classes/text_generation)
{"accepted": false, "accepted_total": 34, "task": 733, "task_id": "fresh-eval-153ca55eacf5", "tasks": 1186, "visible_unique_passes": 0}
[transformers] Both `min_new_tokens` (=0) and `min_length`(=0) seem to have been set. `min_new_tokens` will take precedence. Please refer to the documentation for more information. (https://huggingface.co/docs/transformers/main/en/main_classes/text_generation)
{"accepted": false, "accepted_total": 34, "task": 734, "task_id": "fresh-eval-bc2cc2e01ab8", "tasks": 1186, "visible_unique_passes": 0}
[transformers] Both `min_new_tokens` (=0) and `min_length`(=0) seem to have been set. `min_new_tokens` will take precedence. Please refer to the documentation for more information. (https://huggingface.co/docs/transformers/main/en/main_classes/text_generation)
{"accepted": false, "accepted_total": 34, "task": 735, "task_id": "sigless_66397ac8d150", "tasks": 1186, "visible_unique_passes": 0}
[transformers] Both `min_new_tokens` (=0) and `min_length`(=0) seem to have been set. `min_new_tokens` will take precedence. Please refer to the documentation for more information. (https://huggingface.co/docs/transformers/main/en/main_classes/text_generation)
{"accepted": false, "accepted_total": 34, "task": 736, "task_id": "sigless_10d0bbe56b6e", "tasks": 1186, "visible_unique_passes": 0}
[transformers] Both `min_new_tokens` (=0) and `min_length`(=0) seem to have been set. `min_new_tokens` will take precedence. Please refer to the documentation for more information. (https://huggingface.co/docs/transformers/main/en/main_classes/text_generation)
{"accepted": false, "accepted_total": 34, "task": 737, "task_id": "fresh-eval-b04d7aad800c", "tasks": 1186, "visible_unique_passes": 1}
[transformers] Both `min_new_tokens` (=0) and `min_length`(=0) seem to have been set. `min_new_tokens` will take precedence. Please refer to the documentation for more information. (https://huggingface.co/docs/transformers/main/en/main_classes/text_generation)
{"accepted": false, "accepted_total": 34, "task": 738, "task_id": "fresh-eval-2cb685c5367a", "tasks": 1186, "visible_unique_passes": 0}
[transformers] Both `min_new_tokens` (=0) and `min_length`(=0) seem to have been set. `min_new_tokens` will take precedence. Please refer to the documentation for more information. (https://huggingface.co/docs/transformers/main/en/main_classes/text_generation)
{"accepted": false, "accepted_total": 34, "task": 739, "task_id": "fresh-eval-3d341ce9fc9f", "tasks": 1186, "visible_unique_passes": 0}
[transformers] Both `min_new_tokens` (=0) and `min_length`(=0) seem to have been set. `min_new_tokens` will take precedence. Please refer to the documentation for more information. (https://huggingface.co/docs/transformers/main/en/main_classes/text_generation)
{"accepted": true, "accepted_total": 35, "task": 740, "task_id": "sigless_7a4464860259", "tasks": 1186, "visible_unique_passes": 2}
[transformers] Both `min_new_tokens` (=0) and `min_length`(=0) seem to have been set. `min_new_tokens` will take precedence. Please refer to the documentation for more information. (https://huggingface.co/docs/transformers/main/en/main_classes/text_generation)
{"accepted": false, "accepted_total": 35, "task": 741, "task_id": "fresh-eval-4a3578d75d3b", "tasks": 1186, "visible_unique_passes": 0}
[transformers] Both `min_new_tokens` (=0) and `min_length`(=0) seem to have been set. `min_new_tokens` will take precedence. Please refer to the documentation for more information. (https://huggingface.co/docs/transformers/main/en/main_classes/text_generation)
{"accepted": false, "accepted_total": 35, "task": 742, "task_id": "fresh-eval-53521f3f53fe", "tasks": 1186, "visible_unique_passes": 0}
[transformers] Both `min_new_tokens` (=0) and `min_length`(=0) seem to have been set. `min_new_tokens` will take precedence. Please refer to the documentation for more information. (https://huggingface.co/docs/transformers/main/en/main_classes/text_generation)
{"accepted": false, "accepted_total": 35, "task": 743, "task_id": "sigless_bdc3fe7a76fa", "tasks": 1186, "visible_unique_passes": 0}
[transformers] Both `min_new_tokens` (=0) and `min_length`(=0) seem to have been set. `min_new_tokens` will take precedence. Please refer to the documentation for more information. (https://huggingface.co/docs/transformers/main/en/main_classes/text_generation)
{"accepted": false, "accepted_total": 35, "task": 744, "task_id": "sigless_bb624ac8d16c", "tasks": 1186, "visible_unique_passes": 0}
[transformers] Both `min_new_tokens` (=0) and `min_length`(=0) seem to have been set. `min_new_tokens` will take precedence. Please refer to the documentation for more information. (https://huggingface.co/docs/transformers/main/en/main_classes/text_generation)
{"accepted": false, "accepted_total": 35, "task": 745, "task_id": "sigless_bdf9e7753934", "tasks": 1186, "visible_unique_passes": 0}
[transformers] Both `min_new_tokens` (=0) and `min_length`(=0) seem to have been set. `min_new_tokens` will take precedence. Please refer to the documentation for more information. (https://huggingface.co/docs/transformers/main/en/main_classes/text_generation)
{"accepted": false, "accepted_total": 35, "task": 746, "task_id": "fresh-eval-97e081e08c14", "tasks": 1186, "visible_unique_passes": 0}
[transformers] Both `min_new_tokens` (=0) and `min_length`(=0) seem to have been set. `min_new_tokens` will take precedence. Please refer to the documentation for more information. (https://huggingface.co/docs/transformers/main/en/main_classes/text_generation)
{"accepted": false, "accepted_total": 35, "task": 747, "task_id": "fresh-eval-e7018b845dcd", "tasks": 1186, "visible_unique_passes": 0}
[transformers] Both `min_new_tokens` (=0) and `min_length`(=0) seem to have been set. `min_new_tokens` will take precedence. Please refer to the documentation for more information. (https://huggingface.co/docs/transformers/main/en/main_classes/text_generation)
{"accepted": false, "accepted_total": 35, "task": 748, "task_id": "fresh-eval-bc0f3b9a1239", "tasks": 1186, "visible_unique_passes": 1}
[transformers] Both `min_new_tokens` (=0) and `min_length`(=0) seem to have been set. `min_new_tokens` will take precedence. Please refer to the documentation for more information. (https://huggingface.co/docs/transformers/main/en/main_classes/text_generation)
{"accepted": false, "accepted_total": 35, "task": 749, "task_id": "fresh-eval-2b4630c31637", "tasks": 1186, "visible_unique_passes": 0}
[transformers] Both `min_new_tokens` (=0) and `min_length`(=0) seem to have been set. `min_new_tokens` will take precedence. Please refer to the documentation for more information. (https://huggingface.co/docs/transformers/main/en/main_classes/text_generation)
{"accepted": false, "accepted_total": 35, "task": 750, "task_id": "sigless_14bcaf210a9e", "tasks": 1186, "visible_unique_passes": 0}
[transformers] Both `min_new_tokens` (=0) and `min_length`(=0) seem to have been set. `min_new_tokens` will take precedence. Please refer to the documentation for more information. (https://huggingface.co/docs/transformers/main/en/main_classes/text_generation)
{"accepted": false, "accepted_total": 35, "task": 751, "task_id": "fresh-eval-3a8d77c98e3a", "tasks": 1186, "visible_unique_passes": 0}
[transformers] Both `min_new_tokens` (=0) and `min_length`(=0) seem to have been set. `min_new_tokens` will take precedence. Please refer to the documentation for more information. (https://huggingface.co/docs/transformers/main/en/main_classes/text_generation)
{"accepted": false, "accepted_total": 35, "task": 752, "task_id": "sigless_4398c6e43900", "tasks": 1186, "visible_unique_passes": 0}
[transformers] Both `min_new_tokens` (=0) and `min_length`(=0) seem to have been set. `min_new_tokens` will take precedence. Please refer to the documentation for more information. (https://huggingface.co/docs/transformers/main/en/main_classes/text_generation)
{"accepted": false, "accepted_total": 35, "task": 753, "task_id": "sigless_b332ffb8adba", "tasks": 1186, "visible_unique_passes": 0}
[transformers] Both `min_new_tokens` (=0) and `min_length`(=0) seem to have been set. `min_new_tokens` will take precedence. Please refer to the documentation for more information. (https://huggingface.co/docs/transformers/main/en/main_classes/text_generation)
{"accepted": false, "accepted_total": 35, "task": 754, "task_id": "sigless_d1ff80a58217", "tasks": 1186, "visible_unique_passes": 0}
[transformers] Both `min_new_tokens` (=0) and `min_length`(=0) seem to have been set. `min_new_tokens` will take precedence. Please refer to the documentation for more information. (https://huggingface.co/docs/transformers/main/en/main_classes/text_generation)
{"accepted": false, "accepted_total": 35, "task": 755, "task_id": "fresh-eval-731910e9790c", "tasks": 1186, "visible_unique_passes": 0}
[transformers] Both `min_new_tokens` (=0) and `min_length`(=0) seem to have been set. `min_new_tokens` will take precedence. Please refer to the documentation for more information. (https://huggingface.co/docs/transformers/main/en/main_classes/text_generation)
{"accepted": false, "accepted_total": 35, "task": 756, "task_id": "sigless_9f35c41d66d2", "tasks": 1186, "visible_unique_passes": 0}
[transformers] Both `min_new_tokens` (=0) and `min_length`(=0) seem to have been set. `min_new_tokens` will take precedence. Please refer to the documentation for more information. (https://huggingface.co/docs/transformers/main/en/main_classes/text_generation)
{"accepted": false, "accepted_total": 35, "task": 757, "task_id": "sigless_daeaf17b365c", "tasks": 1186, "visible_unique_passes": 0}
[transformers] Both `min_new_tokens` (=0) and `min_length`(=0) seem to have been set. `min_new_tokens` will take precedence. Please refer to the documentation for more information. (https://huggingface.co/docs/transformers/main/en/main_classes/text_generation)
{"accepted": false, "accepted_total": 35, "task": 758, "task_id": "sigless_1738d828c452", "tasks": 1186, "visible_unique_passes": 0}
[transformers] Both `min_new_tokens` (=0) and `min_length`(=0) seem to have been set. `min_new_tokens` will take precedence. Please refer to the documentation for more information. (https://huggingface.co/docs/transformers/main/en/main_classes/text_generation)
{"accepted": false, "accepted_total": 35, "task": 759, "task_id": "sigless_cbdbaf09ade0", "tasks": 1186, "visible_unique_passes": 0}
[transformers] Both `min_new_tokens` (=0) and `min_length`(=0) seem to have been set. `min_new_tokens` will take precedence. Please refer to the documentation for more information. (https://huggingface.co/docs/transformers/main/en/main_classes/text_generation)
{"accepted": false, "accepted_total": 35, "task": 760, "task_id": "fresh-eval-e32209aa6841", "tasks": 1186, "visible_unique_passes": 0}
[transformers] Both `min_new_tokens` (=0) and `min_length`(=0) seem to have been set. `min_new_tokens` will take precedence. Please refer to the documentation for more information. (https://huggingface.co/docs/transformers/main/en/main_classes/text_generation)
{"accepted": false, "accepted_total": 35, "task": 761, "task_id": "sigless_32cbc94d1c33", "tasks": 1186, "visible_unique_passes": 0}
[transformers] Both `min_new_tokens` (=0) and `min_length`(=0) seem to have been set. `min_new_tokens` will take precedence. Please refer to the documentation for more information. (https://huggingface.co/docs/transformers/main/en/main_classes/text_generation)
{"accepted": true, "accepted_total": 36, "task": 762, "task_id": "fresh-eval-54a731633ef3", "tasks": 1186, "visible_unique_passes": 3}
[transformers] Both `min_new_tokens` (=0) and `min_length`(=0) seem to have been set. `min_new_tokens` will take precedence. Please refer to the documentation for more information. (https://huggingface.co/docs/transformers/main/en/main_classes/text_generation)
{"accepted": false, "accepted_total": 36, "task": 763, "task_id": "fresh-eval-8417a840064a", "tasks": 1186, "visible_unique_passes": 0}
[transformers] Both `min_new_tokens` (=0) and `min_length`(=0) seem to have been set. `min_new_tokens` will take precedence. Please refer to the documentation for more information. (https://huggingface.co/docs/transformers/main/en/main_classes/text_generation)
{"accepted": false, "accepted_total": 36, "task": 764, "task_id": "fresh-eval-ff745e0f2cef", "tasks": 1186, "visible_unique_passes": 0}
[transformers] Both `min_new_tokens` (=0) and `min_length`(=0) seem to have been set. `min_new_tokens` will take precedence. Please refer to the documentation for more information. (https://huggingface.co/docs/transformers/main/en/main_classes/text_generation)
{"accepted": false, "accepted_total": 36, "task": 765, "task_id": "sigless_978e6e0fc30a", "tasks": 1186, "visible_unique_passes": 0}
[transformers] Both `min_new_tokens` (=0) and `min_length`(=0) seem to have been set. `min_new_tokens` will take precedence. Please refer to the documentation for more information. (https://huggingface.co/docs/transformers/main/en/main_classes/text_generation)
{"accepted": false, "accepted_total": 36, "task": 766, "task_id": "fresh-eval-7aa103bf15ef", "tasks": 1186, "visible_unique_passes": 1}
[transformers] Both `min_new_tokens` (=0) and `min_length`(=0) seem to have been set. `min_new_tokens` will take precedence. Please refer to the documentation for more information. (https://huggingface.co/docs/transformers/main/en/main_classes/text_generation)
{"accepted": false, "accepted_total": 36, "task": 767, "task_id": "fresh-eval-97b48b767fd6", "tasks": 1186, "visible_unique_passes": 0}
[transformers] Both `min_new_tokens` (=0) and `min_length`(=0) seem to have been set. `min_new_tokens` will take precedence. Please refer to the documentation for more information. (https://huggingface.co/docs/transformers/main/en/main_classes/text_generation)
{"accepted": false, "accepted_total": 36, "task": 768, "task_id": "fresh-eval-1a326a2252a0", "tasks": 1186, "visible_unique_passes": 0}
[transformers] Both `min_new_tokens` (=0) and `min_length`(=0) seem to have been set. `min_new_tokens` will take precedence. Please refer to the documentation for more information. (https://huggingface.co/docs/transformers/main/en/main_classes/text_generation)
{"accepted": false, "accepted_total": 36, "task": 769, "task_id": "sigless_3749d7489c7c", "tasks": 1186, "visible_unique_passes": 0}
[transformers] Both `min_new_tokens` (=0) and `min_length`(=0) seem to have been set. `min_new_tokens` will take precedence. Please refer to the documentation for more information. (https://huggingface.co/docs/transformers/main/en/main_classes/text_generation)
{"accepted": false, "accepted_total": 36, "task": 770, "task_id": "sigless_80f4b2b2d94a", "tasks": 1186, "visible_unique_passes": 0}
[transformers] Both `min_new_tokens` (=0) and `min_length`(=0) seem to have been set. `min_new_tokens` will take precedence. Please refer to the documentation for more information. (https://huggingface.co/docs/transformers/main/en/main_classes/text_generation)
{"accepted": false, "accepted_total": 36, "task": 771, "task_id": "sigless_834c9572e69a", "tasks": 1186, "visible_unique_passes": 0}
[transformers] Both `min_new_tokens` (=0) and `min_length`(=0) seem to have been set. `min_new_tokens` will take precedence. Please refer to the documentation for more information. (https://huggingface.co/docs/transformers/main/en/main_classes/text_generation)
{"accepted": false, "accepted_total": 36, "task": 772, "task_id": "fresh-eval-2971e19c7e8c", "tasks": 1186, "visible_unique_passes": 0}
[transformers] Both `min_new_tokens` (=0) and `min_length`(=0) seem to have been set. `min_new_tokens` will take precedence. Please refer to the documentation for more information. (https://huggingface.co/docs/transformers/main/en/main_classes/text_generation)
{"accepted": false, "accepted_total": 36, "task": 773, "task_id": "sigless_de4b6e64cf9b", "tasks": 1186, "visible_unique_passes": 0}
[transformers] Both `min_new_tokens` (=0) and `min_length`(=0) seem to have been set. `min_new_tokens` will take precedence. Please refer to the documentation for more information. (https://huggingface.co/docs/transformers/main/en/main_classes/text_generation)
{"accepted": false, "accepted_total": 36, "task": 774, "task_id": "sigless_cad792729acb", "tasks": 1186, "visible_unique_passes": 0}
[transformers] Both `min_new_tokens` (=0) and `min_length`(=0) seem to have been set. `min_new_tokens` will take precedence. Please refer to the documentation for more information. (https://huggingface.co/docs/transformers/main/en/main_classes/text_generation)
{"accepted": false, "accepted_total": 36, "task": 775, "task_id": "fresh-eval-6fa8603c4807", "tasks": 1186, "visible_unique_passes": 0}
[transformers] Both `min_new_tokens` (=0) and `min_length`(=0) seem to have been set. `min_new_tokens` will take precedence. Please refer to the documentation for more information. (https://huggingface.co/docs/transformers/main/en/main_classes/text_generation)
{"accepted": false, "accepted_total": 36, "task": 776, "task_id": "fresh-eval-ad955f68b657", "tasks": 1186, "visible_unique_passes": 0}
[transformers] Both `min_new_tokens` (=0) and `min_length`(=0) seem to have been set. `min_new_tokens` will take precedence. Please refer to the documentation for more information. (https://huggingface.co/docs/transformers/main/en/main_classes/text_generation)
{"accepted": true, "accepted_total": 37, "task": 777, "task_id": "fresh-eval-bf6257c3bf4b", "tasks": 1186, "visible_unique_passes": 1}
[transformers] Both `min_new_tokens` (=0) and `min_length`(=0) seem to have been set. `min_new_tokens` will take precedence. Please refer to the documentation for more information. (https://huggingface.co/docs/transformers/main/en/main_classes/text_generation)
{"accepted": false, "accepted_total": 37, "task": 778, "task_id": "fresh-eval-e9e00cf22941", "tasks": 1186, "visible_unique_passes": 0}
[transformers] Both `min_new_tokens` (=0) and `min_length`(=0) seem to have been set. `min_new_tokens` will take precedence. Please refer to the documentation for more information. (https://huggingface.co/docs/transformers/main/en/main_classes/text_generation)
{"accepted": false, "accepted_total": 37, "task": 779, "task_id": "sigless_86dddf478ce3", "tasks": 1186, "visible_unique_passes": 0}
[transformers] Both `min_new_tokens` (=0) and `min_length`(=0) seem to have been set. `min_new_tokens` will take precedence. Please refer to the documentation for more information. (https://huggingface.co/docs/transformers/main/en/main_classes/text_generation)
{"accepted": false, "accepted_total": 37, "task": 780, "task_id": "fresh-eval-5647292ec18d", "tasks": 1186, "visible_unique_passes": 0}
[transformers] Both `min_new_tokens` (=0) and `min_length`(=0) seem to have been set. `min_new_tokens` will take precedence. Please refer to the documentation for more information. (https://huggingface.co/docs/transformers/main/en/main_classes/text_generation)
{"accepted": false, "accepted_total": 37, "task": 781, "task_id": "fresh-eval-0116b8b35bd8", "tasks": 1186, "visible_unique_passes": 0}
[transformers] Both `min_new_tokens` (=0) and `min_length`(=0) seem to have been set. `min_new_tokens` will take precedence. Please refer to the documentation for more information. (https://huggingface.co/docs/transformers/main/en/main_classes/text_generation)
{"accepted": false, "accepted_total": 37, "task": 782, "task_id": "sigless_04fe0abfa30b", "tasks": 1186, "visible_unique_passes": 0}
[transformers] Both `min_new_tokens` (=0) and `min_length`(=0) seem to have been set. `min_new_tokens` will take precedence. Please refer to the documentation for more information. (https://huggingface.co/docs/transformers/main/en/main_classes/text_generation)
{"accepted": false, "accepted_total": 37, "task": 783, "task_id": "fresh-eval-98329ee073db", "tasks": 1186, "visible_unique_passes": 0}
[transformers] Both `min_new_tokens` (=0) and `min_length`(=0) seem to have been set. `min_new_tokens` will take precedence. Please refer to the documentation for more information. (https://huggingface.co/docs/transformers/main/en/main_classes/text_generation)
{"accepted": false, "accepted_total": 37, "task": 784, "task_id": "fresh-eval-cbd8e82087d6", "tasks": 1186, "visible_unique_passes": 0}
[transformers] Both `min_new_tokens` (=0) and `min_length`(=0) seem to have been set. `min_new_tokens` will take precedence. Please refer to the documentation for more information. (https://huggingface.co/docs/transformers/main/en/main_classes/text_generation)
{"accepted": false, "accepted_total": 37, "task": 785, "task_id": "sigless_4f6d18d2a3d3", "tasks": 1186, "visible_unique_passes": 0}
[transformers] Both `min_new_tokens` (=0) and `min_length`(=0) seem to have been set. `min_new_tokens` will take precedence. Please refer to the documentation for more information. (https://huggingface.co/docs/transformers/main/en/main_classes/text_generation)
{"accepted": false, "accepted_total": 37, "task": 786, "task_id": "sigless_6ef711342e0d", "tasks": 1186, "visible_unique_passes": 0}
[transformers] Both `min_new_tokens` (=0) and `min_length`(=0) seem to have been set. `min_new_tokens` will take precedence. Please refer to the documentation for more information. (https://huggingface.co/docs/transformers/main/en/main_classes/text_generation)
{"accepted": false, "accepted_total": 37, "task": 787, "task_id": "fresh-eval-9efe4e5e5547", "tasks": 1186, "visible_unique_passes": 0}
[transformers] Both `min_new_tokens` (=0) and `min_length`(=0) seem to have been set. `min_new_tokens` will take precedence. Please refer to the documentation for more information. (https://huggingface.co/docs/transformers/main/en/main_classes/text_generation)
{"accepted": false, "accepted_total": 37, "task": 788, "task_id": "sigless_a379eff40271", "tasks": 1186, "visible_unique_passes": 0}
[transformers] Both `min_new_tokens` (=0) and `min_length`(=0) seem to have been set. `min_new_tokens` will take precedence. Please refer to the documentation for more information. (https://huggingface.co/docs/transformers/main/en/main_classes/text_generation)
{"accepted": false, "accepted_total": 37, "task": 789, "task_id": "sigless_f5e50d25f5af", "tasks": 1186, "visible_unique_passes": 0}
[transformers] Both `min_new_tokens` (=0) and `min_length`(=0) seem to have been set. `min_new_tokens` will take precedence. Please refer to the documentation for more information. (https://huggingface.co/docs/transformers/main/en/main_classes/text_generation)
{"accepted": false, "accepted_total": 37, "task": 790, "task_id": "fresh-eval-630491cbc807", "tasks": 1186, "visible_unique_passes": 0}
[transformers] Both `min_new_tokens` (=0) and `min_length`(=0) seem to have been set. `min_new_tokens` will take precedence. Please refer to the documentation for more information. (https://huggingface.co/docs/transformers/main/en/main_classes/text_generation)
{"accepted": false, "accepted_total": 37, "task": 791, "task_id": "sigless_298bba1a9323", "tasks": 1186, "visible_unique_passes": 0}
[transformers] Both `min_new_tokens` (=0) and `min_length`(=0) seem to have been set. `min_new_tokens` will take precedence. Please refer to the documentation for more information. (https://huggingface.co/docs/transformers/main/en/main_classes/text_generation)
{"accepted": false, "accepted_total": 37, "task": 792, "task_id": "sigless_6059c2556f0a", "tasks": 1186, "visible_unique_passes": 0}
[transformers] Both `min_new_tokens` (=0) and `min_length`(=0) seem to have been set. `min_new_tokens` will take precedence. Please refer to the documentation for more information. (https://huggingface.co/docs/transformers/main/en/main_classes/text_generation)
{"accepted": false, "accepted_total": 37, "task": 793, "task_id": "sigless_54ffee2e4670", "tasks": 1186, "visible_unique_passes": 0}
[transformers] Both `min_new_tokens` (=0) and `min_length`(=0) seem to have been set. `min_new_tokens` will take precedence. Please refer to the documentation for more information. (https://huggingface.co/docs/transformers/main/en/main_classes/text_generation)
{"accepted": false, "accepted_total": 37, "task": 794, "task_id": "fresh-eval-e649ea1bbfba", "tasks": 1186, "visible_unique_passes": 0}
[transformers] Both `min_new_tokens` (=0) and `min_length`(=0) seem to have been set. `min_new_tokens` will take precedence. Please refer to the documentation for more information. (https://huggingface.co/docs/transformers/main/en/main_classes/text_generation)
{"accepted": false, "accepted_total": 37, "task": 795, "task_id": "sigless_40021a378acd", "tasks": 1186, "visible_unique_passes": 0}
[transformers] Both `min_new_tokens` (=0) and `min_length`(=0) seem to have been set. `min_new_tokens` will take precedence. Please refer to the documentation for more information. (https://huggingface.co/docs/transformers/main/en/main_classes/text_generation)
{"accepted": false, "accepted_total": 37, "task": 796, "task_id": "fresh-eval-113fc6793a61", "tasks": 1186, "visible_unique_passes": 0}
[transformers] Both `min_new_tokens` (=0) and `min_length`(=0) seem to have been set. `min_new_tokens` will take precedence. Please refer to the documentation for more information. (https://huggingface.co/docs/transformers/main/en/main_classes/text_generation)
{"accepted": false, "accepted_total": 37, "task": 797, "task_id": "sigless_824ec5ce79b0", "tasks": 1186, "visible_unique_passes": 0}
[transformers] Both `min_new_tokens` (=0) and `min_length`(=0) seem to have been set. `min_new_tokens` will take precedence. Please refer to the documentation for more information. (https://huggingface.co/docs/transformers/main/en/main_classes/text_generation)
{"accepted": false, "accepted_total": 37, "task": 798, "task_id": "sigless_16db32a19d83", "tasks": 1186, "visible_unique_passes": 0}
[transformers] Both `min_new_tokens` (=0) and `min_length`(=0) seem to have been set. `min_new_tokens` will take precedence. Please refer to the documentation for more information. (https://huggingface.co/docs/transformers/main/en/main_classes/text_generation)
{"accepted": false, "accepted_total": 37, "task": 799, "task_id": "fresh-eval-d7c02dd879e2", "tasks": 1186, "visible_unique_passes": 0}
[transformers] Both `min_new_tokens` (=0) and `min_length`(=0) seem to have been set. `min_new_tokens` will take precedence. Please refer to the documentation for more information. (https://huggingface.co/docs/transformers/main/en/main_classes/text_generation)
{"accepted": false, "accepted_total": 37, "task": 800, "task_id": "fresh-eval-2affc07002ff", "tasks": 1186, "visible_unique_passes": 0}
[transformers] Both `min_new_tokens` (=0) and `min_length`(=0) seem to have been set. `min_new_tokens` will take precedence. Please refer to the documentation for more information. (https://huggingface.co/docs/transformers/main/en/main_classes/text_generation)
{"accepted": true, "accepted_total": 38, "task": 801, "task_id": "fresh-eval-9ef643f964d4", "tasks": 1186, "visible_unique_passes": 2}
[transformers] Both `min_new_tokens` (=0) and `min_length`(=0) seem to have been set. `min_new_tokens` will take precedence. Please refer to the documentation for more information. (https://huggingface.co/docs/transformers/main/en/main_classes/text_generation)
{"accepted": false, "accepted_total": 38, "task": 802, "task_id": "sigless_2851e23293fa", "tasks": 1186, "visible_unique_passes": 0}
[transformers] Both `min_new_tokens` (=0) and `min_length`(=0) seem to have been set. `min_new_tokens` will take precedence. Please refer to the documentation for more information. (https://huggingface.co/docs/transformers/main/en/main_classes/text_generation)
{"accepted": false, "accepted_total": 38, "task": 803, "task_id": "fresh-eval-ab31f6afe96a", "tasks": 1186, "visible_unique_passes": 0}
[transformers] Both `min_new_tokens` (=0) and `min_length`(=0) seem to have been set. `min_new_tokens` will take precedence. Please refer to the documentation for more information. (https://huggingface.co/docs/transformers/main/en/main_classes/text_generation)
{"accepted": false, "accepted_total": 38, "task": 804, "task_id": "sigless_f95ee40f56e7", "tasks": 1186, "visible_unique_passes": 0}
[transformers] Both `min_new_tokens` (=0) and `min_length`(=0) seem to have been set. `min_new_tokens` will take precedence. Please refer to the documentation for more information. (https://huggingface.co/docs/transformers/main/en/main_classes/text_generation)
{"accepted": false, "accepted_total": 38, "task": 805, "task_id": "sigless_8ea51a184b55", "tasks": 1186, "visible_unique_passes": 0}
[transformers] Both `min_new_tokens` (=0) and `min_length`(=0) seem to have been set. `min_new_tokens` will take precedence. Please refer to the documentation for more information. (https://huggingface.co/docs/transformers/main/en/main_classes/text_generation)
{"accepted": false, "accepted_total": 38, "task": 806, "task_id": "sigless_0551cfc95251", "tasks": 1186, "visible_unique_passes": 0}
[transformers] Both `min_new_tokens` (=0) and `min_length`(=0) seem to have been set. `min_new_tokens` will take precedence. Please refer to the documentation for more information. (https://huggingface.co/docs/transformers/main/en/main_classes/text_generation)
{"accepted": false, "accepted_total": 38, "task": 807, "task_id": "sigless_721b6f536099", "tasks": 1186, "visible_unique_passes": 0}
[transformers] Both `min_new_tokens` (=0) and `min_length`(=0) seem to have been set. `min_new_tokens` will take precedence. Please refer to the documentation for more information. (https://huggingface.co/docs/transformers/main/en/main_classes/text_generation)
{"accepted": false, "accepted_total": 38, "task": 808, "task_id": "sigless_1988fac64320", "tasks": 1186, "visible_unique_passes": 0}
[transformers] Both `min_new_tokens` (=0) and `min_length`(=0) seem to have been set. `min_new_tokens` will take precedence. Please refer to the documentation for more information. (https://huggingface.co/docs/transformers/main/en/main_classes/text_generation)
{"accepted": false, "accepted_total": 38, "task": 809, "task_id": "sigless_c18317cdc24d", "tasks": 1186, "visible_unique_passes": 0}
[transformers] Both `min_new_tokens` (=0) and `min_length`(=0) seem to have been set. `min_new_tokens` will take precedence. Please refer to the documentation for more information. (https://huggingface.co/docs/transformers/main/en/main_classes/text_generation)
{"accepted": false, "accepted_total": 38, "task": 810, "task_id": "fresh-eval-cf841646cf91", "tasks": 1186, "visible_unique_passes": 0}
[transformers] Both `min_new_tokens` (=0) and `min_length`(=0) seem to have been set. `min_new_tokens` will take precedence. Please refer to the documentation for more information. (https://huggingface.co/docs/transformers/main/en/main_classes/text_generation)
{"accepted": false, "accepted_total": 38, "task": 811, "task_id": "sigless_069856d0b7f4", "tasks": 1186, "visible_unique_passes": 0}
[transformers] Both `min_new_tokens` (=0) and `min_length`(=0) seem to have been set. `min_new_tokens` will take precedence. Please refer to the documentation for more information. (https://huggingface.co/docs/transformers/main/en/main_classes/text_generation)
{"accepted": false, "accepted_total": 38, "task": 812, "task_id": "sigless_f65e0d707580", "tasks": 1186, "visible_unique_passes": 0}
[transformers] Both `min_new_tokens` (=0) and `min_length`(=0) seem to have been set. `min_new_tokens` will take precedence. Please refer to the documentation for more information. (https://huggingface.co/docs/transformers/main/en/main_classes/text_generation)
{"accepted": false, "accepted_total": 38, "task": 813, "task_id": "sigless_3773367d1427", "tasks": 1186, "visible_unique_passes": 0}
[transformers] Both `min_new_tokens` (=0) and `min_length`(=0) seem to have been set. `min_new_tokens` will take precedence. Please refer to the documentation for more information. (https://huggingface.co/docs/transformers/main/en/main_classes/text_generation)
{"accepted": false, "accepted_total": 38, "task": 814, "task_id": "fresh-eval-a02e26bd6048", "tasks": 1186, "visible_unique_passes": 0}
[transformers] Both `min_new_tokens` (=0) and `min_length`(=0) seem to have been set. `min_new_tokens` will take precedence. Please refer to the documentation for more information. (https://huggingface.co/docs/transformers/main/en/main_classes/text_generation)
{"accepted": false, "accepted_total": 38, "task": 815, "task_id": "fresh-eval-63efa1968019", "tasks": 1186, "visible_unique_passes": 0}
[transformers] Both `min_new_tokens` (=0) and `min_length`(=0) seem to have been set. `min_new_tokens` will take precedence. Please refer to the documentation for more information. (https://huggingface.co/docs/transformers/main/en/main_classes/text_generation)
{"accepted": false, "accepted_total": 38, "task": 816, "task_id": "sigless_c084b2fa1b52", "tasks": 1186, "visible_unique_passes": 0}
[transformers] Both `min_new_tokens` (=0) and `min_length`(=0) seem to have been set. `min_new_tokens` will take precedence. Please refer to the documentation for more information. (https://huggingface.co/docs/transformers/main/en/main_classes/text_generation)
{"accepted": false, "accepted_total": 38, "task": 817, "task_id": "sigless_481b18472ebe", "tasks": 1186, "visible_unique_passes": 0}
[transformers] Both `min_new_tokens` (=0) and `min_length`(=0) seem to have been set. `min_new_tokens` will take precedence. Please refer to the documentation for more information. (https://huggingface.co/docs/transformers/main/en/main_classes/text_generation)
{"accepted": false, "accepted_total": 38, "task": 818, "task_id": "sigless_ab4783479a1e", "tasks": 1186, "visible_unique_passes": 0}
[transformers] Both `min_new_tokens` (=0) and `min_length`(=0) seem to have been set. `min_new_tokens` will take precedence. Please refer to the documentation for more information. (https://huggingface.co/docs/transformers/main/en/main_classes/text_generation)
{"accepted": false, "accepted_total": 38, "task": 819, "task_id": "sigless_fbfcf8fb856b", "tasks": 1186, "visible_unique_passes": 0}
[transformers] Both `min_new_tokens` (=0) and `min_length`(=0) seem to have been set. `min_new_tokens` will take precedence. Please refer to the documentation for more information. (https://huggingface.co/docs/transformers/main/en/main_classes/text_generation)
{"accepted": false, "accepted_total": 38, "task": 820, "task_id": "fresh-eval-8caa8d3c6c80", "tasks": 1186, "visible_unique_passes": 0}
[transformers] Both `min_new_tokens` (=0) and `min_length`(=0) seem to have been set. `min_new_tokens` will take precedence. Please refer to the documentation for more information. (https://huggingface.co/docs/transformers/main/en/main_classes/text_generation)
{"accepted": false, "accepted_total": 38, "task": 821, "task_id": "sigless_4ff8bd844523", "tasks": 1186, "visible_unique_passes": 0}
[transformers] Both `min_new_tokens` (=0) and `min_length`(=0) seem to have been set. `min_new_tokens` will take precedence. Please refer to the documentation for more information. (https://huggingface.co/docs/transformers/main/en/main_classes/text_generation)
{"accepted": false, "accepted_total": 38, "task": 822, "task_id": "sigless_4a3c2de2a07d", "tasks": 1186, "visible_unique_passes": 0}
[transformers] Both `min_new_tokens` (=0) and `min_length`(=0) seem to have been set. `min_new_tokens` will take precedence. Please refer to the documentation for more information. (https://huggingface.co/docs/transformers/main/en/main_classes/text_generation)
{"accepted": false, "accepted_total": 38, "task": 823, "task_id": "sigless_267cb138e158", "tasks": 1186, "visible_unique_passes": 0}
[transformers] Both `min_new_tokens` (=0) and `min_length`(=0) seem to have been set. `min_new_tokens` will take precedence. Please refer to the documentation for more information. (https://huggingface.co/docs/transformers/main/en/main_classes/text_generation)
{"accepted": false, "accepted_total": 38, "task": 824, "task_id": "fresh-eval-3e5a1287b4cc", "tasks": 1186, "visible_unique_passes": 0}
[transformers] Both `min_new_tokens` (=0) and `min_length`(=0) seem to have been set. `min_new_tokens` will take precedence. Please refer to the documentation for more information. (https://huggingface.co/docs/transformers/main/en/main_classes/text_generation)
{"accepted": false, "accepted_total": 38, "task": 825, "task_id": "fresh-eval-750feb70712b", "tasks": 1186, "visible_unique_passes": 0}
[transformers] Both `min_new_tokens` (=0) and `min_length`(=0) seem to have been set. `min_new_tokens` will take precedence. Please refer to the documentation for more information. (https://huggingface.co/docs/transformers/main/en/main_classes/text_generation)
{"accepted": false, "accepted_total": 38, "task": 826, "task_id": "sigless_51de9c248228", "tasks": 1186, "visible_unique_passes": 0}
[transformers] Both `min_new_tokens` (=0) and `min_length`(=0) seem to have been set. `min_new_tokens` will take precedence. Please refer to the documentation for more information. (https://huggingface.co/docs/transformers/main/en/main_classes/text_generation)
{"accepted": false, "accepted_total": 38, "task": 827, "task_id": "sigless_6b314672515e", "tasks": 1186, "visible_unique_passes": 0}
[transformers] Both `min_new_tokens` (=0) and `min_length`(=0) seem to have been set. `min_new_tokens` will take precedence. Please refer to the documentation for more information. (https://huggingface.co/docs/transformers/main/en/main_classes/text_generation)
{"accepted": false, "accepted_total": 38, "task": 828, "task_id": "sigless_a373cc2baf70", "tasks": 1186, "visible_unique_passes": 0}
[transformers] Both `min_new_tokens` (=0) and `min_length`(=0) seem to have been set. `min_new_tokens` will take precedence. Please refer to the documentation for more information. (https://huggingface.co/docs/transformers/main/en/main_classes/text_generation)
{"accepted": false, "accepted_total": 38, "task": 829, "task_id": "sigless_24e61cb866eb", "tasks": 1186, "visible_unique_passes": 0}
[transformers] Both `min_new_tokens` (=0) and `min_length`(=0) seem to have been set. `min_new_tokens` will take precedence. Please refer to the documentation for more information. (https://huggingface.co/docs/transformers/main/en/main_classes/text_generation)
{"accepted": false, "accepted_total": 38, "task": 830, "task_id": "fresh-eval-f77c4d9f7344", "tasks": 1186, "visible_unique_passes": 0}
[transformers] Both `min_new_tokens` (=0) and `min_length`(=0) seem to have been set. `min_new_tokens` will take precedence. Please refer to the documentation for more information. (https://huggingface.co/docs/transformers/main/en/main_classes/text_generation)
{"accepted": false, "accepted_total": 38, "task": 831, "task_id": "fresh-eval-4df434005a37", "tasks": 1186, "visible_unique_passes": 0}
[transformers] Both `min_new_tokens` (=0) and `min_length`(=0) seem to have been set. `min_new_tokens` will take precedence. Please refer to the documentation for more information. (https://huggingface.co/docs/transformers/main/en/main_classes/text_generation)
{"accepted": false, "accepted_total": 38, "task": 832, "task_id": "fresh-eval-f0f594514f57", "tasks": 1186, "visible_unique_passes": 0}
[transformers] Both `min_new_tokens` (=0) and `min_length`(=0) seem to have been set. `min_new_tokens` will take precedence. Please refer to the documentation for more information. (https://huggingface.co/docs/transformers/main/en/main_classes/text_generation)
{"accepted": false, "accepted_total": 38, "task": 833, "task_id": "fresh-eval-0ae604d15b6f", "tasks": 1186, "visible_unique_passes": 0}
[transformers] Both `min_new_tokens` (=0) and `min_length`(=0) seem to have been set. `min_new_tokens` will take precedence. Please refer to the documentation for more information. (https://huggingface.co/docs/transformers/main/en/main_classes/text_generation)
{"accepted": false, "accepted_total": 38, "task": 834, "task_id": "sigless_76da01dea4af", "tasks": 1186, "visible_unique_passes": 0}
[transformers] Both `min_new_tokens` (=0) and `min_length`(=0) seem to have been set. `min_new_tokens` will take precedence. Please refer to the documentation for more information. (https://huggingface.co/docs/transformers/main/en/main_classes/text_generation)
{"accepted": false, "accepted_total": 38, "task": 835, "task_id": "sigless_f69a19cc404b", "tasks": 1186, "visible_unique_passes": 0}
[transformers] Both `min_new_tokens` (=0) and `min_length`(=0) seem to have been set. `min_new_tokens` will take precedence. Please refer to the documentation for more information. (https://huggingface.co/docs/transformers/main/en/main_classes/text_generation)
{"accepted": false, "accepted_total": 38, "task": 836, "task_id": "fresh-eval-228e1eb388df", "tasks": 1186, "visible_unique_passes": 0}
[transformers] Both `min_new_tokens` (=0) and `min_length`(=0) seem to have been set. `min_new_tokens` will take precedence. Please refer to the documentation for more information. (https://huggingface.co/docs/transformers/main/en/main_classes/text_generation)
{"accepted": false, "accepted_total": 38, "task": 837, "task_id": "sigless_7665842201ad", "tasks": 1186, "visible_unique_passes": 0}
[transformers] Both `min_new_tokens` (=0) and `min_length`(=0) seem to have been set. `min_new_tokens` will take precedence. Please refer to the documentation for more information. (https://huggingface.co/docs/transformers/main/en/main_classes/text_generation)
{"accepted": false, "accepted_total": 38, "task": 838, "task_id": "fresh-eval-965e83c1601d", "tasks": 1186, "visible_unique_passes": 0}
[transformers] Both `min_new_tokens` (=0) and `min_length`(=0) seem to have been set. `min_new_tokens` will take precedence. Please refer to the documentation for more information. (https://huggingface.co/docs/transformers/main/en/main_classes/text_generation)
{"accepted": false, "accepted_total": 38, "task": 839, "task_id": "fresh-eval-45560964f0bc", "tasks": 1186, "visible_unique_passes": 0}
[transformers] Both `min_new_tokens` (=0) and `min_length`(=0) seem to have been set. `min_new_tokens` will take precedence. Please refer to the documentation for more information. (https://huggingface.co/docs/transformers/main/en/main_classes/text_generation)
{"accepted": false, "accepted_total": 38, "task": 840, "task_id": "sigless_54b8d33cb85e", "tasks": 1186, "visible_unique_passes": 0}
[transformers] Both `min_new_tokens` (=0) and `min_length`(=0) seem to have been set. `min_new_tokens` will take precedence. Please refer to the documentation for more information. (https://huggingface.co/docs/transformers/main/en/main_classes/text_generation)
{"accepted": false, "accepted_total": 38, "task": 841, "task_id": "sigless_a6b2d9360035", "tasks": 1186, "visible_unique_passes": 0}
[transformers] Both `min_new_tokens` (=0) and `min_length`(=0) seem to have been set. `min_new_tokens` will take precedence. Please refer to the documentation for more information. (https://huggingface.co/docs/transformers/main/en/main_classes/text_generation)
{"accepted": false, "accepted_total": 38, "task": 842, "task_id": "fresh-eval-4888aaaa32b4", "tasks": 1186, "visible_unique_passes": 0}
[transformers] Both `min_new_tokens` (=0) and `min_length`(=0) seem to have been set. `min_new_tokens` will take precedence. Please refer to the documentation for more information. (https://huggingface.co/docs/transformers/main/en/main_classes/text_generation)
{"accepted": false, "accepted_total": 38, "task": 843, "task_id": "fresh-eval-90e43c615720", "tasks": 1186, "visible_unique_passes": 0}
[transformers] Both `min_new_tokens` (=0) and `min_length`(=0) seem to have been set. `min_new_tokens` will take precedence. Please refer to the documentation for more information. (https://huggingface.co/docs/transformers/main/en/main_classes/text_generation)
{"accepted": false, "accepted_total": 38, "task": 844, "task_id": "sigless_fd2fb70f256a", "tasks": 1186, "visible_unique_passes": 0}
[transformers] Both `min_new_tokens` (=0) and `min_length`(=0) seem to have been set. `min_new_tokens` will take precedence. Please refer to the documentation for more information. (https://huggingface.co/docs/transformers/main/en/main_classes/text_generation)
{"accepted": false, "accepted_total": 38, "task": 845, "task_id": "fresh-eval-ff800115be6d", "tasks": 1186, "visible_unique_passes": 0}
[transformers] Both `min_new_tokens` (=0) and `min_length`(=0) seem to have been set. `min_new_tokens` will take precedence. Please refer to the documentation for more information. (https://huggingface.co/docs/transformers/main/en/main_classes/text_generation)
{"accepted": false, "accepted_total": 38, "task": 846, "task_id": "sigless_785b38ff1492", "tasks": 1186, "visible_unique_passes": 0}
[transformers] Both `min_new_tokens` (=0) and `min_length`(=0) seem to have been set. `min_new_tokens` will take precedence. Please refer to the documentation for more information. (https://huggingface.co/docs/transformers/main/en/main_classes/text_generation)
{"accepted": false, "accepted_total": 38, "task": 847, "task_id": "sigless_6620c6d3f56d", "tasks": 1186, "visible_unique_passes": 0}
[transformers] Both `min_new_tokens` (=0) and `min_length`(=0) seem to have been set. `min_new_tokens` will take precedence. Please refer to the documentation for more information. (https://huggingface.co/docs/transformers/main/en/main_classes/text_generation)
{"accepted": false, "accepted_total": 38, "task": 848, "task_id": "sigless_5573d9b29949", "tasks": 1186, "visible_unique_passes": 0}
[transformers] Both `min_new_tokens` (=0) and `min_length`(=0) seem to have been set. `min_new_tokens` will take precedence. Please refer to the documentation for more information. (https://huggingface.co/docs/transformers/main/en/main_classes/text_generation)
{"accepted": true, "accepted_total": 39, "task": 849, "task_id": "sigless_0eee92445bd1", "tasks": 1186, "visible_unique_passes": 1}
[transformers] Both `min_new_tokens` (=0) and `min_length`(=0) seem to have been set. `min_new_tokens` will take precedence. Please refer to the documentation for more information. (https://huggingface.co/docs/transformers/main/en/main_classes/text_generation)
{"accepted": false, "accepted_total": 39, "task": 850, "task_id": "sigless_b98afa8b8771", "tasks": 1186, "visible_unique_passes": 0}
[transformers] Both `min_new_tokens` (=0) and `min_length`(=0) seem to have been set. `min_new_tokens` will take precedence. Please refer to the documentation for more information. (https://huggingface.co/docs/transformers/main/en/main_classes/text_generation)
{"accepted": false, "accepted_total": 39, "task": 851, "task_id": "sigless_8f472697d070", "tasks": 1186, "visible_unique_passes": 0}
[transformers] Both `min_new_tokens` (=0) and `min_length`(=0) seem to have been set. `min_new_tokens` will take precedence. Please refer to the documentation for more information. (https://huggingface.co/docs/transformers/main/en/main_classes/text_generation)
{"accepted": false, "accepted_total": 39, "task": 852, "task_id": "fresh-eval-3832b2a0b095", "tasks": 1186, "visible_unique_passes": 0}
[transformers] Both `min_new_tokens` (=0) and `min_length`(=0) seem to have been set. `min_new_tokens` will take precedence. Please refer to the documentation for more information. (https://huggingface.co/docs/transformers/main/en/main_classes/text_generation)
{"accepted": false, "accepted_total": 39, "task": 853, "task_id": "fresh-eval-55fe80789b3a", "tasks": 1186, "visible_unique_passes": 0}
[transformers] Both `min_new_tokens` (=0) and `min_length`(=0) seem to have been set. `min_new_tokens` will take precedence. Please refer to the documentation for more information. (https://huggingface.co/docs/transformers/main/en/main_classes/text_generation)
{"accepted": false, "accepted_total": 39, "task": 854, "task_id": "sigless_c3b37d0778cc", "tasks": 1186, "visible_unique_passes": 0}
[transformers] Both `min_new_tokens` (=0) and `min_length`(=0) seem to have been set. `min_new_tokens` will take precedence. Please refer to the documentation for more information. (https://huggingface.co/docs/transformers/main/en/main_classes/text_generation)
{"accepted": false, "accepted_total": 39, "task": 855, "task_id": "sigless_a5f75d3edeb2", "tasks": 1186, "visible_unique_passes": 0}
[transformers] Both `min_new_tokens` (=0) and `min_length`(=0) seem to have been set. `min_new_tokens` will take precedence. Please refer to the documentation for more information. (https://huggingface.co/docs/transformers/main/en/main_classes/text_generation)
{"accepted": false, "accepted_total": 39, "task": 856, "task_id": "sigless_8827198af603", "tasks": 1186, "visible_unique_passes": 0}
[transformers] Both `min_new_tokens` (=0) and `min_length`(=0) seem to have been set. `min_new_tokens` will take precedence. Please refer to the documentation for more information. (https://huggingface.co/docs/transformers/main/en/main_classes/text_generation)
{"accepted": false, "accepted_total": 39, "task": 857, "task_id": "fresh-eval-5bf9261c1ae1", "tasks": 1186, "visible_unique_passes": 0}
[transformers] Both `min_new_tokens` (=0) and `min_length`(=0) seem to have been set. `min_new_tokens` will take precedence. Please refer to the documentation for more information. (https://huggingface.co/docs/transformers/main/en/main_classes/text_generation)
{"accepted": false, "accepted_total": 39, "task": 858, "task_id": "fresh-eval-4e3bb25fff8c", "tasks": 1186, "visible_unique_passes": 0}
[transformers] Both `min_new_tokens` (=0) and `min_length`(=0) seem to have been set. `min_new_tokens` will take precedence. Please refer to the documentation for more information. (https://huggingface.co/docs/transformers/main/en/main_classes/text_generation)
{"accepted": false, "accepted_total": 39, "task": 859, "task_id": "fresh-eval-faabaaf30e4f", "tasks": 1186, "visible_unique_passes": 0}
[transformers] Both `min_new_tokens` (=0) and `min_length`(=0) seem to have been set. `min_new_tokens` will take precedence. Please refer to the documentation for more information. (https://huggingface.co/docs/transformers/main/en/main_classes/text_generation)
{"accepted": false, "accepted_total": 39, "task": 860, "task_id": "fresh-eval-dba1fc9af285", "tasks": 1186, "visible_unique_passes": 0}
[transformers] Both `min_new_tokens` (=0) and `min_length`(=0) seem to have been set. `min_new_tokens` will take precedence. Please refer to the documentation for more information. (https://huggingface.co/docs/transformers/main/en/main_classes/text_generation)
{"accepted": false, "accepted_total": 39, "task": 861, "task_id": "sigless_2499f3b025bd", "tasks": 1186, "visible_unique_passes": 0}
[transformers] Both `min_new_tokens` (=0) and `min_length`(=0) seem to have been set. `min_new_tokens` will take precedence. Please refer to the documentation for more information. (https://huggingface.co/docs/transformers/main/en/main_classes/text_generation)
{"accepted": false, "accepted_total": 39, "task": 862, "task_id": "sigless_2123a2d9b7fe", "tasks": 1186, "visible_unique_passes": 0}
[transformers] Both `min_new_tokens` (=0) and `min_length`(=0) seem to have been set. `min_new_tokens` will take precedence. Please refer to the documentation for more information. (https://huggingface.co/docs/transformers/main/en/main_classes/text_generation)
{"accepted": false, "accepted_total": 39, "task": 863, "task_id": "fresh-eval-e7eef461c7e0", "tasks": 1186, "visible_unique_passes": 0}
[transformers] Both `min_new_tokens` (=0) and `min_length`(=0) seem to have been set. `min_new_tokens` will take precedence. Please refer to the documentation for more information. (https://huggingface.co/docs/transformers/main/en/main_classes/text_generation)
{"accepted": false, "accepted_total": 39, "task": 864, "task_id": "sigless_fa602a669319", "tasks": 1186, "visible_unique_passes": 0}
[transformers] Both `min_new_tokens` (=0) and `min_length`(=0) seem to have been set. `min_new_tokens` will take precedence. Please refer to the documentation for more information. (https://huggingface.co/docs/transformers/main/en/main_classes/text_generation)
{"accepted": false, "accepted_total": 39, "task": 865, "task_id": "sigless_423c455e1e6f", "tasks": 1186, "visible_unique_passes": 0}
[transformers] Both `min_new_tokens` (=0) and `min_length`(=0) seem to have been set. `min_new_tokens` will take precedence. Please refer to the documentation for more information. (https://huggingface.co/docs/transformers/main/en/main_classes/text_generation)
{"accepted": false, "accepted_total": 39, "task": 866, "task_id": "sigless_6951140d323d", "tasks": 1186, "visible_unique_passes": 0}
[transformers] Both `min_new_tokens` (=0) and `min_length`(=0) seem to have been set. `min_new_tokens` will take precedence. Please refer to the documentation for more information. (https://huggingface.co/docs/transformers/main/en/main_classes/text_generation)
{"accepted": false, "accepted_total": 39, "task": 867, "task_id": "sigless_21f8633750c2", "tasks": 1186, "visible_unique_passes": 0}
[transformers] Both `min_new_tokens` (=0) and `min_length`(=0) seem to have been set. `min_new_tokens` will take precedence. Please refer to the documentation for more information. (https://huggingface.co/docs/transformers/main/en/main_classes/text_generation)
{"accepted": false, "accepted_total": 39, "task": 868, "task_id": "fresh-eval-d68eec185cc6", "tasks": 1186, "visible_unique_passes": 0}
[transformers] Both `min_new_tokens` (=0) and `min_length`(=0) seem to have been set. `min_new_tokens` will take precedence. Please refer to the documentation for more information. (https://huggingface.co/docs/transformers/main/en/main_classes/text_generation)
{"accepted": false, "accepted_total": 39, "task": 869, "task_id": "sigless_1f08c635f613", "tasks": 1186, "visible_unique_passes": 0}
[transformers] Both `min_new_tokens` (=0) and `min_length`(=0) seem to have been set. `min_new_tokens` will take precedence. Please refer to the documentation for more information. (https://huggingface.co/docs/transformers/main/en/main_classes/text_generation)
{"accepted": false, "accepted_total": 39, "task": 870, "task_id": "fresh-eval-7651f627d97d", "tasks": 1186, "visible_unique_passes": 0}
[transformers] Both `min_new_tokens` (=0) and `min_length`(=0) seem to have been set. `min_new_tokens` will take precedence. Please refer to the documentation for more information. (https://huggingface.co/docs/transformers/main/en/main_classes/text_generation)
{"accepted": false, "accepted_total": 39, "task": 871, "task_id": "fresh-eval-974156622dd2", "tasks": 1186, "visible_unique_passes": 0}
[transformers] Both `min_new_tokens` (=0) and `min_length`(=0) seem to have been set. `min_new_tokens` will take precedence. Please refer to the documentation for more information. (https://huggingface.co/docs/transformers/main/en/main_classes/text_generation)
{"accepted": false, "accepted_total": 39, "task": 872, "task_id": "fresh-eval-c2215f02e0da", "tasks": 1186, "visible_unique_passes": 0}
[transformers] Both `min_new_tokens` (=0) and `min_length`(=0) seem to have been set. `min_new_tokens` will take precedence. Please refer to the documentation for more information. (https://huggingface.co/docs/transformers/main/en/main_classes/text_generation)
{"accepted": false, "accepted_total": 39, "task": 873, "task_id": "fresh-eval-c12e45a67b54", "tasks": 1186, "visible_unique_passes": 0}
[transformers] Both `min_new_tokens` (=0) and `min_length`(=0) seem to have been set. `min_new_tokens` will take precedence. Please refer to the documentation for more information. (https://huggingface.co/docs/transformers/main/en/main_classes/text_generation)
{"accepted": false, "accepted_total": 39, "task": 874, "task_id": "fresh-eval-03b3cae90318", "tasks": 1186, "visible_unique_passes": 0}
[transformers] Both `min_new_tokens` (=0) and `min_length`(=0) seem to have been set. `min_new_tokens` will take precedence. Please refer to the documentation for more information. (https://huggingface.co/docs/transformers/main/en/main_classes/text_generation)
{"accepted": false, "accepted_total": 39, "task": 875, "task_id": "sigless_24e86989f05d", "tasks": 1186, "visible_unique_passes": 0}
[transformers] Both `min_new_tokens` (=0) and `min_length`(=0) seem to have been set. `min_new_tokens` will take precedence. Please refer to the documentation for more information. (https://huggingface.co/docs/transformers/main/en/main_classes/text_generation)
{"accepted": false, "accepted_total": 39, "task": 876, "task_id": "fresh-eval-4cf376fb9298", "tasks": 1186, "visible_unique_passes": 0}
[transformers] Both `min_new_tokens` (=0) and `min_length`(=0) seem to have been set. `min_new_tokens` will take precedence. Please refer to the documentation for more information. (https://huggingface.co/docs/transformers/main/en/main_classes/text_generation)
{"accepted": false, "accepted_total": 39, "task": 877, "task_id": "fresh-eval-5669fd454723", "tasks": 1186, "visible_unique_passes": 0}
[transformers] Both `min_new_tokens` (=0) and `min_length`(=0) seem to have been set. `min_new_tokens` will take precedence. Please refer to the documentation for more information. (https://huggingface.co/docs/transformers/main/en/main_classes/text_generation)
{"accepted": false, "accepted_total": 39, "task": 878, "task_id": "fresh-eval-92ac8d5dd5ce", "tasks": 1186, "visible_unique_passes": 0}
[transformers] Both `min_new_tokens` (=0) and `min_length`(=0) seem to have been set. `min_new_tokens` will take precedence. Please refer to the documentation for more information. (https://huggingface.co/docs/transformers/main/en/main_classes/text_generation)
{"accepted": false, "accepted_total": 39, "task": 879, "task_id": "fresh-eval-9d021a91dd6d", "tasks": 1186, "visible_unique_passes": 0}
[transformers] Both `min_new_tokens` (=0) and `min_length`(=0) seem to have been set. `min_new_tokens` will take precedence. Please refer to the documentation for more information. (https://huggingface.co/docs/transformers/main/en/main_classes/text_generation)
{"accepted": false, "accepted_total": 39, "task": 880, "task_id": "sigless_1ec5d3189199", "tasks": 1186, "visible_unique_passes": 0}
[transformers] Both `min_new_tokens` (=0) and `min_length`(=0) seem to have been set. `min_new_tokens` will take precedence. Please refer to the documentation for more information. (https://huggingface.co/docs/transformers/main/en/main_classes/text_generation)
{"accepted": false, "accepted_total": 39, "task": 881, "task_id": "sigless_a0f6463b194e", "tasks": 1186, "visible_unique_passes": 0}
[transformers] Both `min_new_tokens` (=0) and `min_length`(=0) seem to have been set. `min_new_tokens` will take precedence. Please refer to the documentation for more information. (https://huggingface.co/docs/transformers/main/en/main_classes/text_generation)
{"accepted": false, "accepted_total": 39, "task": 882, "task_id": "fresh-eval-b6f75c68bc08", "tasks": 1186, "visible_unique_passes": 0}
[transformers] Both `min_new_tokens` (=0) and `min_length`(=0) seem to have been set. `min_new_tokens` will take precedence. Please refer to the documentation for more information. (https://huggingface.co/docs/transformers/main/en/main_classes/text_generation)
{"accepted": false, "accepted_total": 39, "task": 883, "task_id": "sigless_3578826f8c4c", "tasks": 1186, "visible_unique_passes": 0}
[transformers] Both `min_new_tokens` (=0) and `min_length`(=0) seem to have been set. `min_new_tokens` will take precedence. Please refer to the documentation for more information. (https://huggingface.co/docs/transformers/main/en/main_classes/text_generation)
{"accepted": false, "accepted_total": 39, "task": 884, "task_id": "sigless_715c9df98739", "tasks": 1186, "visible_unique_passes": 0}
[transformers] Both `min_new_tokens` (=0) and `min_length`(=0) seem to have been set. `min_new_tokens` will take precedence. Please refer to the documentation for more information. (https://huggingface.co/docs/transformers/main/en/main_classes/text_generation)
{"accepted": false, "accepted_total": 39, "task": 885, "task_id": "fresh-eval-56698f6226e1", "tasks": 1186, "visible_unique_passes": 0}
[transformers] Both `min_new_tokens` (=0) and `min_length`(=0) seem to have been set. `min_new_tokens` will take precedence. Please refer to the documentation for more information. (https://huggingface.co/docs/transformers/main/en/main_classes/text_generation)
{"accepted": false, "accepted_total": 39, "task": 886, "task_id": "sigless_3a8a0cbc5306", "tasks": 1186, "visible_unique_passes": 0}
[transformers] Both `min_new_tokens` (=0) and `min_length`(=0) seem to have been set. `min_new_tokens` will take precedence. Please refer to the documentation for more information. (https://huggingface.co/docs/transformers/main/en/main_classes/text_generation)
{"accepted": false, "accepted_total": 39, "task": 887, "task_id": "sigless_e7d6c13e60b0", "tasks": 1186, "visible_unique_passes": 0}
[transformers] Both `min_new_tokens` (=0) and `min_length`(=0) seem to have been set. `min_new_tokens` will take precedence. Please refer to the documentation for more information. (https://huggingface.co/docs/transformers/main/en/main_classes/text_generation)
{"accepted": false, "accepted_total": 39, "task": 888, "task_id": "fresh-eval-fb0e669efeb6", "tasks": 1186, "visible_unique_passes": 0}
[transformers] Both `min_new_tokens` (=0) and `min_length`(=0) seem to have been set. `min_new_tokens` will take precedence. Please refer to the documentation for more information. (https://huggingface.co/docs/transformers/main/en/main_classes/text_generation)
{"accepted": false, "accepted_total": 39, "task": 889, "task_id": "sigless_77c45375c83f", "tasks": 1186, "visible_unique_passes": 0}
[transformers] Both `min_new_tokens` (=0) and `min_length`(=0) seem to have been set. `min_new_tokens` will take precedence. Please refer to the documentation for more information. (https://huggingface.co/docs/transformers/main/en/main_classes/text_generation)
{"accepted": false, "accepted_total": 39, "task": 890, "task_id": "fresh-eval-59b80d38afb6", "tasks": 1186, "visible_unique_passes": 0}
[transformers] Both `min_new_tokens` (=0) and `min_length`(=0) seem to have been set. `min_new_tokens` will take precedence. Please refer to the documentation for more information. (https://huggingface.co/docs/transformers/main/en/main_classes/text_generation)
{"accepted": false, "accepted_total": 39, "task": 891, "task_id": "sigless_f937052730fe", "tasks": 1186, "visible_unique_passes": 0}
[transformers] Both `min_new_tokens` (=0) and `min_length`(=0) seem to have been set. `min_new_tokens` will take precedence. Please refer to the documentation for more information. (https://huggingface.co/docs/transformers/main/en/main_classes/text_generation)
{"accepted": false, "accepted_total": 39, "task": 892, "task_id": "sigless_5b1d9f69bd54", "tasks": 1186, "visible_unique_passes": 0}
[transformers] Both `min_new_tokens` (=0) and `min_length`(=0) seem to have been set. `min_new_tokens` will take precedence. Please refer to the documentation for more information. (https://huggingface.co/docs/transformers/main/en/main_classes/text_generation)
{"accepted": false, "accepted_total": 39, "task": 893, "task_id": "fresh-eval-e67c5ae7e025", "tasks": 1186, "visible_unique_passes": 0}
[transformers] Both `min_new_tokens` (=0) and `min_length`(=0) seem to have been set. `min_new_tokens` will take precedence. Please refer to the documentation for more information. (https://huggingface.co/docs/transformers/main/en/main_classes/text_generation)
{"accepted": false, "accepted_total": 39, "task": 894, "task_id": "sigless_e831d0c798ed", "tasks": 1186, "visible_unique_passes": 0}
[transformers] Both `min_new_tokens` (=0) and `min_length`(=0) seem to have been set. `min_new_tokens` will take precedence. Please refer to the documentation for more information. (https://huggingface.co/docs/transformers/main/en/main_classes/text_generation)
{"accepted": false, "accepted_total": 39, "task": 895, "task_id": "sigless_9443de867663", "tasks": 1186, "visible_unique_passes": 0}
[transformers] Both `min_new_tokens` (=0) and `min_length`(=0) seem to have been set. `min_new_tokens` will take precedence. Please refer to the documentation for more information. (https://huggingface.co/docs/transformers/main/en/main_classes/text_generation)
{"accepted": false, "accepted_total": 39, "task": 896, "task_id": "sigless_211bc5d1b816", "tasks": 1186, "visible_unique_passes": 0}
[transformers] Both `min_new_tokens` (=0) and `min_length`(=0) seem to have been set. `min_new_tokens` will take precedence. Please refer to the documentation for more information. (https://huggingface.co/docs/transformers/main/en/main_classes/text_generation)
{"accepted": false, "accepted_total": 39, "task": 897, "task_id": "fresh-eval-8316996c6777", "tasks": 1186, "visible_unique_passes": 0}
[transformers] Both `min_new_tokens` (=0) and `min_length`(=0) seem to have been set. `min_new_tokens` will take precedence. Please refer to the documentation for more information. (https://huggingface.co/docs/transformers/main/en/main_classes/text_generation)
{"accepted": false, "accepted_total": 39, "task": 898, "task_id": "fresh-eval-6025d9164b38", "tasks": 1186, "visible_unique_passes": 0}
[transformers] Both `min_new_tokens` (=0) and `min_length`(=0) seem to have been set. `min_new_tokens` will take precedence. Please refer to the documentation for more information. (https://huggingface.co/docs/transformers/main/en/main_classes/text_generation)
{"accepted": false, "accepted_total": 39, "task": 899, "task_id": "fresh-eval-4f93e026c1a8", "tasks": 1186, "visible_unique_passes": 0}
[transformers] Both `min_new_tokens` (=0) and `min_length`(=0) seem to have been set. `min_new_tokens` will take precedence. Please refer to the documentation for more information. (https://huggingface.co/docs/transformers/main/en/main_classes/text_generation)
{"accepted": false, "accepted_total": 39, "task": 900, "task_id": "sigless_c72748183c0e", "tasks": 1186, "visible_unique_passes": 0}
[transformers] Both `min_new_tokens` (=0) and `min_length`(=0) seem to have been set. `min_new_tokens` will take precedence. Please refer to the documentation for more information. (https://huggingface.co/docs/transformers/main/en/main_classes/text_generation)
{"accepted": false, "accepted_total": 39, "task": 901, "task_id": "fresh-eval-4fdfe7cfd20e", "tasks": 1186, "visible_unique_passes": 0}
[transformers] Both `min_new_tokens` (=0) and `min_length`(=0) seem to have been set. `min_new_tokens` will take precedence. Please refer to the documentation for more information. (https://huggingface.co/docs/transformers/main/en/main_classes/text_generation)
{"accepted": false, "accepted_total": 39, "task": 902, "task_id": "fresh-eval-71ad4d8aa77d", "tasks": 1186, "visible_unique_passes": 0}
[transformers] Both `min_new_tokens` (=0) and `min_length`(=0) seem to have been set. `min_new_tokens` will take precedence. Please refer to the documentation for more information. (https://huggingface.co/docs/transformers/main/en/main_classes/text_generation)
{"accepted": false, "accepted_total": 39, "task": 903, "task_id": "fresh-eval-f9be9e56b8ba", "tasks": 1186, "visible_unique_passes": 0}
[transformers] Both `min_new_tokens` (=0) and `min_length`(=0) seem to have been set. `min_new_tokens` will take precedence. Please refer to the documentation for more information. (https://huggingface.co/docs/transformers/main/en/main_classes/text_generation)
{"accepted": false, "accepted_total": 39, "task": 904, "task_id": "sigless_b31a63e0778a", "tasks": 1186, "visible_unique_passes": 0}
[transformers] Both `min_new_tokens` (=0) and `min_length`(=0) seem to have been set. `min_new_tokens` will take precedence. Please refer to the documentation for more information. (https://huggingface.co/docs/transformers/main/en/main_classes/text_generation)
{"accepted": false, "accepted_total": 39, "task": 905, "task_id": "fresh-eval-c95767b4a2bd", "tasks": 1186, "visible_unique_passes": 0}
[transformers] Both `min_new_tokens` (=0) and `min_length`(=0) seem to have been set. `min_new_tokens` will take precedence. Please refer to the documentation for more information. (https://huggingface.co/docs/transformers/main/en/main_classes/text_generation)
{"accepted": true, "accepted_total": 40, "task": 906, "task_id": "sigless_6505cceddd08", "tasks": 1186, "visible_unique_passes": 3}
[transformers] Both `min_new_tokens` (=0) and `min_length`(=0) seem to have been set. `min_new_tokens` will take precedence. Please refer to the documentation for more information. (https://huggingface.co/docs/transformers/main/en/main_classes/text_generation)
{"accepted": false, "accepted_total": 40, "task": 907, "task_id": "sigless_93162e2ef769", "tasks": 1186, "visible_unique_passes": 0}
[transformers] Both `min_new_tokens` (=0) and `min_length`(=0) seem to have been set. `min_new_tokens` will take precedence. Please refer to the documentation for more information. (https://huggingface.co/docs/transformers/main/en/main_classes/text_generation)
{"accepted": false, "accepted_total": 40, "task": 908, "task_id": "fresh-eval-2297684056ac", "tasks": 1186, "visible_unique_passes": 0}
[transformers] Both `min_new_tokens` (=0) and `min_length`(=0) seem to have been set. `min_new_tokens` will take precedence. Please refer to the documentation for more information. (https://huggingface.co/docs/transformers/main/en/main_classes/text_generation)
{"accepted": false, "accepted_total": 40, "task": 909, "task_id": "sigless_59690a61e2a4", "tasks": 1186, "visible_unique_passes": 0}
[transformers] Both `min_new_tokens` (=0) and `min_length`(=0) seem to have been set. `min_new_tokens` will take precedence. Please refer to the documentation for more information. (https://huggingface.co/docs/transformers/main/en/main_classes/text_generation)
{"accepted": false, "accepted_total": 40, "task": 910, "task_id": "sigless_7088255671b1", "tasks": 1186, "visible_unique_passes": 0}
[transformers] Both `min_new_tokens` (=0) and `min_length`(=0) seem to have been set. `min_new_tokens` will take precedence. Please refer to the documentation for more information. (https://huggingface.co/docs/transformers/main/en/main_classes/text_generation)
{"accepted": false, "accepted_total": 40, "task": 911, "task_id": "sigless_d790ff6bf02e", "tasks": 1186, "visible_unique_passes": 0}
[transformers] Both `min_new_tokens` (=0) and `min_length`(=0) seem to have been set. `min_new_tokens` will take precedence. Please refer to the documentation for more information. (https://huggingface.co/docs/transformers/main/en/main_classes/text_generation)
{"accepted": false, "accepted_total": 40, "task": 912, "task_id": "fresh-eval-afbc4d35234c", "tasks": 1186, "visible_unique_passes": 0}
[transformers] Both `min_new_tokens` (=0) and `min_length`(=0) seem to have been set. `min_new_tokens` will take precedence. Please refer to the documentation for more information. (https://huggingface.co/docs/transformers/main/en/main_classes/text_generation)
{"accepted": false, "accepted_total": 40, "task": 913, "task_id": "fresh-eval-95ad9e90cfda", "tasks": 1186, "visible_unique_passes": 0}
[transformers] Both `min_new_tokens` (=0) and `min_length`(=0) seem to have been set. `min_new_tokens` will take precedence. Please refer to the documentation for more information. (https://huggingface.co/docs/transformers/main/en/main_classes/text_generation)
{"accepted": false, "accepted_total": 40, "task": 914, "task_id": "fresh-eval-6a08a4945c4d", "tasks": 1186, "visible_unique_passes": 0}
[transformers] Both `min_new_tokens` (=0) and `min_length`(=0) seem to have been set. `min_new_tokens` will take precedence. Please refer to the documentation for more information. (https://huggingface.co/docs/transformers/main/en/main_classes/text_generation)
{"accepted": false, "accepted_total": 40, "task": 915, "task_id": "sigless_db328298f8c7", "tasks": 1186, "visible_unique_passes": 0}
[transformers] Both `min_new_tokens` (=0) and `min_length`(=0) seem to have been set. `min_new_tokens` will take precedence. Please refer to the documentation for more information. (https://huggingface.co/docs/transformers/main/en/main_classes/text_generation)
{"accepted": false, "accepted_total": 40, "task": 916, "task_id": "sigless_d3bdbd0bb58a", "tasks": 1186, "visible_unique_passes": 0}
[transformers] Both `min_new_tokens` (=0) and `min_length`(=0) seem to have been set. `min_new_tokens` will take precedence. Please refer to the documentation for more information. (https://huggingface.co/docs/transformers/main/en/main_classes/text_generation)
{"accepted": false, "accepted_total": 40, "task": 917, "task_id": "sigless_79e66414f19b", "tasks": 1186, "visible_unique_passes": 0}
[transformers] Both `min_new_tokens` (=0) and `min_length`(=0) seem to have been set. `min_new_tokens` will take precedence. Please refer to the documentation for more information. (https://huggingface.co/docs/transformers/main/en/main_classes/text_generation)
{"accepted": false, "accepted_total": 40, "task": 918, "task_id": "sigless_4912d9758095", "tasks": 1186, "visible_unique_passes": 0}
[transformers] Both `min_new_tokens` (=0) and `min_length`(=0) seem to have been set. `min_new_tokens` will take precedence. Please refer to the documentation for more information. (https://huggingface.co/docs/transformers/main/en/main_classes/text_generation)
{"accepted": false, "accepted_total": 40, "task": 919, "task_id": "sigless_036147af4595", "tasks": 1186, "visible_unique_passes": 0}
[transformers] Both `min_new_tokens` (=0) and `min_length`(=0) seem to have been set. `min_new_tokens` will take precedence. Please refer to the documentation for more information. (https://huggingface.co/docs/transformers/main/en/main_classes/text_generation)
{"accepted": false, "accepted_total": 40, "task": 920, "task_id": "sigless_1f61e3fb66d0", "tasks": 1186, "visible_unique_passes": 0}
[transformers] Both `min_new_tokens` (=0) and `min_length`(=0) seem to have been set. `min_new_tokens` will take precedence. Please refer to the documentation for more information. (https://huggingface.co/docs/transformers/main/en/main_classes/text_generation)
{"accepted": false, "accepted_total": 40, "task": 921, "task_id": "sigless_e8f38b9c25e7", "tasks": 1186, "visible_unique_passes": 0}
[transformers] Both `min_new_tokens` (=0) and `min_length`(=0) seem to have been set. `min_new_tokens` will take precedence. Please refer to the documentation for more information. (https://huggingface.co/docs/transformers/main/en/main_classes/text_generation)
{"accepted": true, "accepted_total": 41, "task": 922, "task_id": "fresh-eval-cf5270a9a552", "tasks": 1186, "visible_unique_passes": 1}
[transformers] Both `min_new_tokens` (=0) and `min_length`(=0) seem to have been set. `min_new_tokens` will take precedence. Please refer to the documentation for more information. (https://huggingface.co/docs/transformers/main/en/main_classes/text_generation)
{"accepted": false, "accepted_total": 41, "task": 923, "task_id": "fresh-eval-5c945545b94b", "tasks": 1186, "visible_unique_passes": 0}
[transformers] Both `min_new_tokens` (=0) and `min_length`(=0) seem to have been set. `min_new_tokens` will take precedence. Please refer to the documentation for more information. (https://huggingface.co/docs/transformers/main/en/main_classes/text_generation)
{"accepted": false, "accepted_total": 41, "task": 924, "task_id": "sigless_a180f95ee3b6", "tasks": 1186, "visible_unique_passes": 0}
[transformers] Both `min_new_tokens` (=0) and `min_length`(=0) seem to have been set. `min_new_tokens` will take precedence. Please refer to the documentation for more information. (https://huggingface.co/docs/transformers/main/en/main_classes/text_generation)
{"accepted": false, "accepted_total": 41, "task": 925, "task_id": "fresh-eval-805b106888cc", "tasks": 1186, "visible_unique_passes": 0}
[transformers] Both `min_new_tokens` (=0) and `min_length`(=0) seem to have been set. `min_new_tokens` will take precedence. Please refer to the documentation for more information. (https://huggingface.co/docs/transformers/main/en/main_classes/text_generation)
{"accepted": false, "accepted_total": 41, "task": 926, "task_id": "fresh-eval-a1a80d85ad11", "tasks": 1186, "visible_unique_passes": 0}
[transformers] Both `min_new_tokens` (=0) and `min_length`(=0) seem to have been set. `min_new_tokens` will take precedence. Please refer to the documentation for more information. (https://huggingface.co/docs/transformers/main/en/main_classes/text_generation)
{"accepted": false, "accepted_total": 41, "task": 927, "task_id": "fresh-eval-84e5309bc2ff", "tasks": 1186, "visible_unique_passes": 0}
[transformers] Both `min_new_tokens` (=0) and `min_length`(=0) seem to have been set. `min_new_tokens` will take precedence. Please refer to the documentation for more information. (https://huggingface.co/docs/transformers/main/en/main_classes/text_generation)
{"accepted": false, "accepted_total": 41, "task": 928, "task_id": "sigless_fbde2742a233", "tasks": 1186, "visible_unique_passes": 0}
[transformers] Both `min_new_tokens` (=0) and `min_length`(=0) seem to have been set. `min_new_tokens` will take precedence. Please refer to the documentation for more information. (https://huggingface.co/docs/transformers/main/en/main_classes/text_generation)
{"accepted": false, "accepted_total": 41, "task": 929, "task_id": "sigless_c564529d390a", "tasks": 1186, "visible_unique_passes": 0}
[transformers] Both `min_new_tokens` (=0) and `min_length`(=0) seem to have been set. `min_new_tokens` will take precedence. Please refer to the documentation for more information. (https://huggingface.co/docs/transformers/main/en/main_classes/text_generation)
{"accepted": false, "accepted_total": 41, "task": 930, "task_id": "sigless_e2e1bd8444c2", "tasks": 1186, "visible_unique_passes": 0}
[transformers] Both `min_new_tokens` (=0) and `min_length`(=0) seem to have been set. `min_new_tokens` will take precedence. Please refer to the documentation for more information. (https://huggingface.co/docs/transformers/main/en/main_classes/text_generation)
{"accepted": true, "accepted_total": 42, "task": 931, "task_id": "sigless_840e59b045db", "tasks": 1186, "visible_unique_passes": 3}
[transformers] Both `min_new_tokens` (=0) and `min_length`(=0) seem to have been set. `min_new_tokens` will take precedence. Please refer to the documentation for more information. (https://huggingface.co/docs/transformers/main/en/main_classes/text_generation)
{"accepted": false, "accepted_total": 42, "task": 932, "task_id": "sigless_6a8dc6897ded", "tasks": 1186, "visible_unique_passes": 0}
[transformers] Both `min_new_tokens` (=0) and `min_length`(=0) seem to have been set. `min_new_tokens` will take precedence. Please refer to the documentation for more information. (https://huggingface.co/docs/transformers/main/en/main_classes/text_generation)
{"accepted": false, "accepted_total": 42, "task": 933, "task_id": "sigless_c5b0fac01604", "tasks": 1186, "visible_unique_passes": 0}
[transformers] Both `min_new_tokens` (=0) and `min_length`(=0) seem to have been set. `min_new_tokens` will take precedence. Please refer to the documentation for more information. (https://huggingface.co/docs/transformers/main/en/main_classes/text_generation)
{"accepted": false, "accepted_total": 42, "task": 934, "task_id": "fresh-eval-8bf7f554fc6a", "tasks": 1186, "visible_unique_passes": 0}
[transformers] Both `min_new_tokens` (=0) and `min_length`(=0) seem to have been set. `min_new_tokens` will take precedence. Please refer to the documentation for more information. (https://huggingface.co/docs/transformers/main/en/main_classes/text_generation)
{"accepted": false, "accepted_total": 42, "task": 935, "task_id": "fresh-eval-f8f8ea56ecde", "tasks": 1186, "visible_unique_passes": 0}
[transformers] Both `min_new_tokens` (=0) and `min_length`(=0) seem to have been set. `min_new_tokens` will take precedence. Please refer to the documentation for more information. (https://huggingface.co/docs/transformers/main/en/main_classes/text_generation)
{"accepted": false, "accepted_total": 42, "task": 936, "task_id": "sigless_ccb2a861632d", "tasks": 1186, "visible_unique_passes": 0}
[transformers] Both `min_new_tokens` (=0) and `min_length`(=0) seem to have been set. `min_new_tokens` will take precedence. Please refer to the documentation for more information. (https://huggingface.co/docs/transformers/main/en/main_classes/text_generation)
{"accepted": false, "accepted_total": 42, "task": 937, "task_id": "fresh-eval-d4cc8653acde", "tasks": 1186, "visible_unique_passes": 0}
[transformers] Both `min_new_tokens` (=0) and `min_length`(=0) seem to have been set. `min_new_tokens` will take precedence. Please refer to the documentation for more information. (https://huggingface.co/docs/transformers/main/en/main_classes/text_generation)
{"accepted": false, "accepted_total": 42, "task": 938, "task_id": "fresh-eval-08124c6c8b48", "tasks": 1186, "visible_unique_passes": 0}
[transformers] Both `min_new_tokens` (=0) and `min_length`(=0) seem to have been set. `min_new_tokens` will take precedence. Please refer to the documentation for more information. (https://huggingface.co/docs/transformers/main/en/main_classes/text_generation)
{"accepted": false, "accepted_total": 42, "task": 939, "task_id": "fresh-eval-72922d9ea00d", "tasks": 1186, "visible_unique_passes": 0}
[transformers] Both `min_new_tokens` (=0) and `min_length`(=0) seem to have been set. `min_new_tokens` will take precedence. Please refer to the documentation for more information. (https://huggingface.co/docs/transformers/main/en/main_classes/text_generation)
{"accepted": false, "accepted_total": 42, "task": 940, "task_id": "sigless_5fe36c70fdb4", "tasks": 1186, "visible_unique_passes": 0}
[transformers] Both `min_new_tokens` (=0) and `min_length`(=0) seem to have been set. `min_new_tokens` will take precedence. Please refer to the documentation for more information. (https://huggingface.co/docs/transformers/main/en/main_classes/text_generation)
{"accepted": false, "accepted_total": 42, "task": 941, "task_id": "sigless_22ea8f75397a", "tasks": 1186, "visible_unique_passes": 0}
[transformers] Both `min_new_tokens` (=0) and `min_length`(=0) seem to have been set. `min_new_tokens` will take precedence. Please refer to the documentation for more information. (https://huggingface.co/docs/transformers/main/en/main_classes/text_generation)
{"accepted": false, "accepted_total": 42, "task": 942, "task_id": "sigless_9349d2199f5c", "tasks": 1186, "visible_unique_passes": 0}
[transformers] Both `min_new_tokens` (=0) and `min_length`(=0) seem to have been set. `min_new_tokens` will take precedence. Please refer to the documentation for more information. (https://huggingface.co/docs/transformers/main/en/main_classes/text_generation)
{"accepted": false, "accepted_total": 42, "task": 943, "task_id": "fresh-eval-cd311ddcfc77", "tasks": 1186, "visible_unique_passes": 0}
[transformers] Both `min_new_tokens` (=0) and `min_length`(=0) seem to have been set. `min_new_tokens` will take precedence. Please refer to the documentation for more information. (https://huggingface.co/docs/transformers/main/en/main_classes/text_generation)
{"accepted": false, "accepted_total": 42, "task": 944, "task_id": "fresh-eval-a9f16ce4d29a", "tasks": 1186, "visible_unique_passes": 0}
[transformers] Both `min_new_tokens` (=0) and `min_length`(=0) seem to have been set. `min_new_tokens` will take precedence. Please refer to the documentation for more information. (https://huggingface.co/docs/transformers/main/en/main_classes/text_generation)
{"accepted": false, "accepted_total": 42, "task": 945, "task_id": "sigless_132223c52b77", "tasks": 1186, "visible_unique_passes": 0}
[transformers] Both `min_new_tokens` (=0) and `min_length`(=0) seem to have been set. `min_new_tokens` will take precedence. Please refer to the documentation for more information. (https://huggingface.co/docs/transformers/main/en/main_classes/text_generation)
{"accepted": false, "accepted_total": 42, "task": 946, "task_id": "sigless_56ad9ca1cec6", "tasks": 1186, "visible_unique_passes": 0}
[transformers] Both `min_new_tokens` (=0) and `min_length`(=0) seem to have been set. `min_new_tokens` will take precedence. Please refer to the documentation for more information. (https://huggingface.co/docs/transformers/main/en/main_classes/text_generation)
{"accepted": false, "accepted_total": 42, "task": 947, "task_id": "sigless_af41f65d49ad", "tasks": 1186, "visible_unique_passes": 0}
[transformers] Both `min_new_tokens` (=0) and `min_length`(=0) seem to have been set. `min_new_tokens` will take precedence. Please refer to the documentation for more information. (https://huggingface.co/docs/transformers/main/en/main_classes/text_generation)
{"accepted": false, "accepted_total": 42, "task": 948, "task_id": "fresh-eval-dacaf16a526f", "tasks": 1186, "visible_unique_passes": 0}
[transformers] Both `min_new_tokens` (=0) and `min_length`(=0) seem to have been set. `min_new_tokens` will take precedence. Please refer to the documentation for more information. (https://huggingface.co/docs/transformers/main/en/main_classes/text_generation)
{"accepted": false, "accepted_total": 42, "task": 949, "task_id": "fresh-eval-e7e91d820a79", "tasks": 1186, "visible_unique_passes": 0}
[transformers] Both `min_new_tokens` (=0) and `min_length`(=0) seem to have been set. `min_new_tokens` will take precedence. Please refer to the documentation for more information. (https://huggingface.co/docs/transformers/main/en/main_classes/text_generation)
{"accepted": false, "accepted_total": 42, "task": 950, "task_id": "sigless_290ec232dd7c", "tasks": 1186, "visible_unique_passes": 0}
[transformers] Both `min_new_tokens` (=0) and `min_length`(=0) seem to have been set. `min_new_tokens` will take precedence. Please refer to the documentation for more information. (https://huggingface.co/docs/transformers/main/en/main_classes/text_generation)
{"accepted": false, "accepted_total": 42, "task": 951, "task_id": "sigless_4431602e7900", "tasks": 1186, "visible_unique_passes": 0}
[transformers] Both `min_new_tokens` (=0) and `min_length`(=0) seem to have been set. `min_new_tokens` will take precedence. Please refer to the documentation for more information. (https://huggingface.co/docs/transformers/main/en/main_classes/text_generation)
{"accepted": false, "accepted_total": 42, "task": 952, "task_id": "sigless_6b7c99340d51", "tasks": 1186, "visible_unique_passes": 0}
[transformers] Both `min_new_tokens` (=0) and `min_length`(=0) seem to have been set. `min_new_tokens` will take precedence. Please refer to the documentation for more information. (https://huggingface.co/docs/transformers/main/en/main_classes/text_generation)
{"accepted": false, "accepted_total": 42, "task": 953, "task_id": "sigless_ef859ff0ffc4", "tasks": 1186, "visible_unique_passes": 0}
[transformers] Both `min_new_tokens` (=0) and `min_length`(=0) seem to have been set. `min_new_tokens` will take precedence. Please refer to the documentation for more information. (https://huggingface.co/docs/transformers/main/en/main_classes/text_generation)
{"accepted": false, "accepted_total": 42, "task": 954, "task_id": "fresh-eval-0189a22db052", "tasks": 1186, "visible_unique_passes": 0}
[transformers] Both `min_new_tokens` (=0) and `min_length`(=0) seem to have been set. `min_new_tokens` will take precedence. Please refer to the documentation for more information. (https://huggingface.co/docs/transformers/main/en/main_classes/text_generation)
{"accepted": false, "accepted_total": 42, "task": 955, "task_id": "sigless_222ade458902", "tasks": 1186, "visible_unique_passes": 0}
[transformers] Both `min_new_tokens` (=0) and `min_length`(=0) seem to have been set. `min_new_tokens` will take precedence. Please refer to the documentation for more information. (https://huggingface.co/docs/transformers/main/en/main_classes/text_generation)
{"accepted": false, "accepted_total": 42, "task": 956, "task_id": "sigless_76ef24c85011", "tasks": 1186, "visible_unique_passes": 0}
[transformers] Both `min_new_tokens` (=0) and `min_length`(=0) seem to have been set. `min_new_tokens` will take precedence. Please refer to the documentation for more information. (https://huggingface.co/docs/transformers/main/en/main_classes/text_generation)
{"accepted": false, "accepted_total": 42, "task": 957, "task_id": "fresh-eval-251f231253e2", "tasks": 1186, "visible_unique_passes": 0}
[transformers] Both `min_new_tokens` (=0) and `min_length`(=0) seem to have been set. `min_new_tokens` will take precedence. Please refer to the documentation for more information. (https://huggingface.co/docs/transformers/main/en/main_classes/text_generation)
{"accepted": true, "accepted_total": 43, "task": 958, "task_id": "fresh-eval-5feebecc60ee", "tasks": 1186, "visible_unique_passes": 2}
[transformers] Both `min_new_tokens` (=0) and `min_length`(=0) seem to have been set. `min_new_tokens` will take precedence. Please refer to the documentation for more information. (https://huggingface.co/docs/transformers/main/en/main_classes/text_generation)
{"accepted": false, "accepted_total": 43, "task": 959, "task_id": "sigless_4465ff991c91", "tasks": 1186, "visible_unique_passes": 0}
[transformers] Both `min_new_tokens` (=0) and `min_length`(=0) seem to have been set. `min_new_tokens` will take precedence. Please refer to the documentation for more information. (https://huggingface.co/docs/transformers/main/en/main_classes/text_generation)
{"accepted": false, "accepted_total": 43, "task": 960, "task_id": "sigless_f60ae09084ad", "tasks": 1186, "visible_unique_passes": 0}
[transformers] Both `min_new_tokens` (=0) and `min_length`(=0) seem to have been set. `min_new_tokens` will take precedence. Please refer to the documentation for more information. (https://huggingface.co/docs/transformers/main/en/main_classes/text_generation)
{"accepted": false, "accepted_total": 43, "task": 961, "task_id": "fresh-eval-eda74d9c944d", "tasks": 1186, "visible_unique_passes": 0}
[transformers] Both `min_new_tokens` (=0) and `min_length`(=0) seem to have been set. `min_new_tokens` will take precedence. Please refer to the documentation for more information. (https://huggingface.co/docs/transformers/main/en/main_classes/text_generation)
{"accepted": false, "accepted_total": 43, "task": 962, "task_id": "sigless_3f2345010a60", "tasks": 1186, "visible_unique_passes": 0}
[transformers] Both `min_new_tokens` (=0) and `min_length`(=0) seem to have been set. `min_new_tokens` will take precedence. Please refer to the documentation for more information. (https://huggingface.co/docs/transformers/main/en/main_classes/text_generation)
{"accepted": false, "accepted_total": 43, "task": 963, "task_id": "sigless_ce877ce68b19", "tasks": 1186, "visible_unique_passes": 0}
[transformers] Both `min_new_tokens` (=0) and `min_length`(=0) seem to have been set. `min_new_tokens` will take precedence. Please refer to the documentation for more information. (https://huggingface.co/docs/transformers/main/en/main_classes/text_generation)
{"accepted": false, "accepted_total": 43, "task": 964, "task_id": "sigless_b32c0a1bc6b2", "tasks": 1186, "visible_unique_passes": 0}
[transformers] Both `min_new_tokens` (=0) and `min_length`(=0) seem to have been set. `min_new_tokens` will take precedence. Please refer to the documentation for more information. (https://huggingface.co/docs/transformers/main/en/main_classes/text_generation)
{"accepted": false, "accepted_total": 43, "task": 965, "task_id": "fresh-eval-d21f01a98559", "tasks": 1186, "visible_unique_passes": 0}
[transformers] Both `min_new_tokens` (=0) and `min_length`(=0) seem to have been set. `min_new_tokens` will take precedence. Please refer to the documentation for more information. (https://huggingface.co/docs/transformers/main/en/main_classes/text_generation)
{"accepted": false, "accepted_total": 43, "task": 966, "task_id": "sigless_954a8a9a968f", "tasks": 1186, "visible_unique_passes": 0}
[transformers] Both `min_new_tokens` (=0) and `min_length`(=0) seem to have been set. `min_new_tokens` will take precedence. Please refer to the documentation for more information. (https://huggingface.co/docs/transformers/main/en/main_classes/text_generation)
{"accepted": false, "accepted_total": 43, "task": 967, "task_id": "sigless_60730d2e850f", "tasks": 1186, "visible_unique_passes": 0}
[transformers] Both `min_new_tokens` (=0) and `min_length`(=0) seem to have been set. `min_new_tokens` will take precedence. Please refer to the documentation for more information. (https://huggingface.co/docs/transformers/main/en/main_classes/text_generation)
{"accepted": false, "accepted_total": 43, "task": 968, "task_id": "sigless_d67b16af9672", "tasks": 1186, "visible_unique_passes": 0}
[transformers] Both `min_new_tokens` (=0) and `min_length`(=0) seem to have been set. `min_new_tokens` will take precedence. Please refer to the documentation for more information. (https://huggingface.co/docs/transformers/main/en/main_classes/text_generation)
{"accepted": false, "accepted_total": 43, "task": 969, "task_id": "sigless_999136a41d22", "tasks": 1186, "visible_unique_passes": 0}
[transformers] Both `min_new_tokens` (=0) and `min_length`(=0) seem to have been set. `min_new_tokens` will take precedence. Please refer to the documentation for more information. (https://huggingface.co/docs/transformers/main/en/main_classes/text_generation)
{"accepted": false, "accepted_total": 43, "task": 970, "task_id": "fresh-eval-447a3c5388ce", "tasks": 1186, "visible_unique_passes": 0}
[transformers] Both `min_new_tokens` (=0) and `min_length`(=0) seem to have been set. `min_new_tokens` will take precedence. Please refer to the documentation for more information. (https://huggingface.co/docs/transformers/main/en/main_classes/text_generation)
{"accepted": false, "accepted_total": 43, "task": 971, "task_id": "fresh-eval-82523069ca1c", "tasks": 1186, "visible_unique_passes": 0}
[transformers] Both `min_new_tokens` (=0) and `min_length`(=0) seem to have been set. `min_new_tokens` will take precedence. Please refer to the documentation for more information. (https://huggingface.co/docs/transformers/main/en/main_classes/text_generation)
{"accepted": false, "accepted_total": 43, "task": 972, "task_id": "sigless_65080120cd1e", "tasks": 1186, "visible_unique_passes": 0}
[transformers] Both `min_new_tokens` (=0) and `min_length`(=0) seem to have been set. `min_new_tokens` will take precedence. Please refer to the documentation for more information. (https://huggingface.co/docs/transformers/main/en/main_classes/text_generation)
{"accepted": false, "accepted_total": 43, "task": 973, "task_id": "sigless_e9edc1b9d456", "tasks": 1186, "visible_unique_passes": 0}
[transformers] Both `min_new_tokens` (=0) and `min_length`(=0) seem to have been set. `min_new_tokens` will take precedence. Please refer to the documentation for more information. (https://huggingface.co/docs/transformers/main/en/main_classes/text_generation)
{"accepted": false, "accepted_total": 43, "task": 974, "task_id": "sigless_560165a1604f", "tasks": 1186, "visible_unique_passes": 0}
[transformers] Both `min_new_tokens` (=0) and `min_length`(=0) seem to have been set. `min_new_tokens` will take precedence. Please refer to the documentation for more information. (https://huggingface.co/docs/transformers/main/en/main_classes/text_generation)
{"accepted": false, "accepted_total": 43, "task": 975, "task_id": "sigless_97cea9527095", "tasks": 1186, "visible_unique_passes": 0}
[transformers] Both `min_new_tokens` (=0) and `min_length`(=0) seem to have been set. `min_new_tokens` will take precedence. Please refer to the documentation for more information. (https://huggingface.co/docs/transformers/main/en/main_classes/text_generation)
{"accepted": false, "accepted_total": 43, "task": 976, "task_id": "fresh-eval-3b459478db53", "tasks": 1186, "visible_unique_passes": 0}
[transformers] Both `min_new_tokens` (=0) and `min_length`(=0) seem to have been set. `min_new_tokens` will take precedence. Please refer to the documentation for more information. (https://huggingface.co/docs/transformers/main/en/main_classes/text_generation)
{"accepted": false, "accepted_total": 43, "task": 977, "task_id": "fresh-eval-8cab785bd74a", "tasks": 1186, "visible_unique_passes": 0}
[transformers] Both `min_new_tokens` (=0) and `min_length`(=0) seem to have been set. `min_new_tokens` will take precedence. Please refer to the documentation for more information. (https://huggingface.co/docs/transformers/main/en/main_classes/text_generation)
{"accepted": false, "accepted_total": 43, "task": 978, "task_id": "fresh-eval-a896a9c0a40f", "tasks": 1186, "visible_unique_passes": 0}
[transformers] Both `min_new_tokens` (=0) and `min_length`(=0) seem to have been set. `min_new_tokens` will take precedence. Please refer to the documentation for more information. (https://huggingface.co/docs/transformers/main/en/main_classes/text_generation)
{"accepted": false, "accepted_total": 43, "task": 979, "task_id": "sigless_0c18150794f0", "tasks": 1186, "visible_unique_passes": 0}
[transformers] Both `min_new_tokens` (=0) and `min_length`(=0) seem to have been set. `min_new_tokens` will take precedence. Please refer to the documentation for more information. (https://huggingface.co/docs/transformers/main/en/main_classes/text_generation)
{"accepted": false, "accepted_total": 43, "task": 980, "task_id": "fresh-eval-07c651bf9fa0", "tasks": 1186, "visible_unique_passes": 0}
[transformers] Both `min_new_tokens` (=0) and `min_length`(=0) seem to have been set. `min_new_tokens` will take precedence. Please refer to the documentation for more information. (https://huggingface.co/docs/transformers/main/en/main_classes/text_generation)
{"accepted": false, "accepted_total": 43, "task": 981, "task_id": "sigless_a41dc6712994", "tasks": 1186, "visible_unique_passes": 0}
[transformers] Both `min_new_tokens` (=0) and `min_length`(=0) seem to have been set. `min_new_tokens` will take precedence. Please refer to the documentation for more information. (https://huggingface.co/docs/transformers/main/en/main_classes/text_generation)
{"accepted": false, "accepted_total": 43, "task": 982, "task_id": "sigless_0ca175829da9", "tasks": 1186, "visible_unique_passes": 0}
[transformers] Both `min_new_tokens` (=0) and `min_length`(=0) seem to have been set. `min_new_tokens` will take precedence. Please refer to the documentation for more information. (https://huggingface.co/docs/transformers/main/en/main_classes/text_generation)
{"accepted": false, "accepted_total": 43, "task": 983, "task_id": "sigless_909163dfaedf", "tasks": 1186, "visible_unique_passes": 0}
[transformers] Both `min_new_tokens` (=0) and `min_length`(=0) seem to have been set. `min_new_tokens` will take precedence. Please refer to the documentation for more information. (https://huggingface.co/docs/transformers/main/en/main_classes/text_generation)
{"accepted": false, "accepted_total": 43, "task": 984, "task_id": "fresh-eval-60670077b0e2", "tasks": 1186, "visible_unique_passes": 0}
[transformers] Both `min_new_tokens` (=0) and `min_length`(=0) seem to have been set. `min_new_tokens` will take precedence. Please refer to the documentation for more information. (https://huggingface.co/docs/transformers/main/en/main_classes/text_generation)
{"accepted": false, "accepted_total": 43, "task": 985, "task_id": "fresh-eval-e6ed7d856e09", "tasks": 1186, "visible_unique_passes": 0}
[transformers] Both `min_new_tokens` (=0) and `min_length`(=0) seem to have been set. `min_new_tokens` will take precedence. Please refer to the documentation for more information. (https://huggingface.co/docs/transformers/main/en/main_classes/text_generation)
{"accepted": false, "accepted_total": 43, "task": 986, "task_id": "fresh-eval-424c8fab6c83", "tasks": 1186, "visible_unique_passes": 0}
[transformers] Both `min_new_tokens` (=0) and `min_length`(=0) seem to have been set. `min_new_tokens` will take precedence. Please refer to the documentation for more information. (https://huggingface.co/docs/transformers/main/en/main_classes/text_generation)
{"accepted": false, "accepted_total": 43, "task": 987, "task_id": "fresh-eval-8897d78dd194", "tasks": 1186, "visible_unique_passes": 0}
[transformers] Both `min_new_tokens` (=0) and `min_length`(=0) seem to have been set. `min_new_tokens` will take precedence. Please refer to the documentation for more information. (https://huggingface.co/docs/transformers/main/en/main_classes/text_generation)
{"accepted": false, "accepted_total": 43, "task": 988, "task_id": "sigless_cfa8dddf2419", "tasks": 1186, "visible_unique_passes": 0}
[transformers] Both `min_new_tokens` (=0) and `min_length`(=0) seem to have been set. `min_new_tokens` will take precedence. Please refer to the documentation for more information. (https://huggingface.co/docs/transformers/main/en/main_classes/text_generation)
{"accepted": false, "accepted_total": 43, "task": 989, "task_id": "fresh-eval-6fca789fcea2", "tasks": 1186, "visible_unique_passes": 0}
[transformers] Both `min_new_tokens` (=0) and `min_length`(=0) seem to have been set. `min_new_tokens` will take precedence. Please refer to the documentation for more information. (https://huggingface.co/docs/transformers/main/en/main_classes/text_generation)
{"accepted": false, "accepted_total": 43, "task": 990, "task_id": "sigless_6461b6c0e332", "tasks": 1186, "visible_unique_passes": 0}
[transformers] Both `min_new_tokens` (=0) and `min_length`(=0) seem to have been set. `min_new_tokens` will take precedence. Please refer to the documentation for more information. (https://huggingface.co/docs/transformers/main/en/main_classes/text_generation)
{"accepted": false, "accepted_total": 43, "task": 991, "task_id": "sigless_7aff8a28604f", "tasks": 1186, "visible_unique_passes": 0}
[transformers] Both `min_new_tokens` (=0) and `min_length`(=0) seem to have been set. `min_new_tokens` will take precedence. Please refer to the documentation for more information. (https://huggingface.co/docs/transformers/main/en/main_classes/text_generation)
{"accepted": false, "accepted_total": 43, "task": 992, "task_id": "sigless_d40f759e326c", "tasks": 1186, "visible_unique_passes": 0}
[transformers] Both `min_new_tokens` (=0) and `min_length`(=0) seem to have been set. `min_new_tokens` will take precedence. Please refer to the documentation for more information. (https://huggingface.co/docs/transformers/main/en/main_classes/text_generation)
{"accepted": false, "accepted_total": 43, "task": 993, "task_id": "sigless_4e46284c792c", "tasks": 1186, "visible_unique_passes": 0}
[transformers] Both `min_new_tokens` (=0) and `min_length`(=0) seem to have been set. `min_new_tokens` will take precedence. Please refer to the documentation for more information. (https://huggingface.co/docs/transformers/main/en/main_classes/text_generation)
{"accepted": false, "accepted_total": 43, "task": 994, "task_id": "fresh-eval-7ef810576a6f", "tasks": 1186, "visible_unique_passes": 0}
[transformers] Both `min_new_tokens` (=0) and `min_length`(=0) seem to have been set. `min_new_tokens` will take precedence. Please refer to the documentation for more information. (https://huggingface.co/docs/transformers/main/en/main_classes/text_generation)
{"accepted": true, "accepted_total": 44, "task": 995, "task_id": "sigless_7a0508b02c83", "tasks": 1186, "visible_unique_passes": 3}
[transformers] Both `min_new_tokens` (=0) and `min_length`(=0) seem to have been set. `min_new_tokens` will take precedence. Please refer to the documentation for more information. (https://huggingface.co/docs/transformers/main/en/main_classes/text_generation)
{"accepted": false, "accepted_total": 44, "task": 996, "task_id": "sigless_38d9d69d539c", "tasks": 1186, "visible_unique_passes": 0}
[transformers] Both `min_new_tokens` (=0) and `min_length`(=0) seem to have been set. `min_new_tokens` will take precedence. Please refer to the documentation for more information. (https://huggingface.co/docs/transformers/main/en/main_classes/text_generation)
{"accepted": false, "accepted_total": 44, "task": 997, "task_id": "fresh-eval-5c7428e2931b", "tasks": 1186, "visible_unique_passes": 0}
[transformers] Both `min_new_tokens` (=0) and `min_length`(=0) seem to have been set. `min_new_tokens` will take precedence. Please refer to the documentation for more information. (https://huggingface.co/docs/transformers/main/en/main_classes/text_generation)
{"accepted": false, "accepted_total": 44, "task": 998, "task_id": "sigless_e9a8258d5cf4", "tasks": 1186, "visible_unique_passes": 0}
[transformers] Both `min_new_tokens` (=0) and `min_length`(=0) seem to have been set. `min_new_tokens` will take precedence. Please refer to the documentation for more information. (https://huggingface.co/docs/transformers/main/en/main_classes/text_generation)
{"accepted": false, "accepted_total": 44, "task": 999, "task_id": "sigless_4686488c1971", "tasks": 1186, "visible_unique_passes": 0}
[transformers] Both `min_new_tokens` (=0) and `min_length`(=0) seem to have been set. `min_new_tokens` will take precedence. Please refer to the documentation for more information. (https://huggingface.co/docs/transformers/main/en/main_classes/text_generation)
{"accepted": false, "accepted_total": 44, "task": 1000, "task_id": "sigless_f6be37e7f4d2", "tasks": 1186, "visible_unique_passes": 0}
[transformers] Both `min_new_tokens` (=0) and `min_length`(=0) seem to have been set. `min_new_tokens` will take precedence. Please refer to the documentation for more information. (https://huggingface.co/docs/transformers/main/en/main_classes/text_generation)
{"accepted": false, "accepted_total": 44, "task": 1001, "task_id": "sigless_7d627d871752", "tasks": 1186, "visible_unique_passes": 0}
[transformers] Both `min_new_tokens` (=0) and `min_length`(=0) seem to have been set. `min_new_tokens` will take precedence. Please refer to the documentation for more information. (https://huggingface.co/docs/transformers/main/en/main_classes/text_generation)
{"accepted": false, "accepted_total": 44, "task": 1002, "task_id": "sigless_5540ab714120", "tasks": 1186, "visible_unique_passes": 0}
[transformers] Both `min_new_tokens` (=0) and `min_length`(=0) seem to have been set. `min_new_tokens` will take precedence. Please refer to the documentation for more information. (https://huggingface.co/docs/transformers/main/en/main_classes/text_generation)
{"accepted": false, "accepted_total": 44, "task": 1003, "task_id": "fresh-eval-902e75f8ba18", "tasks": 1186, "visible_unique_passes": 0}
[transformers] Both `min_new_tokens` (=0) and `min_length`(=0) seem to have been set. `min_new_tokens` will take precedence. Please refer to the documentation for more information. (https://huggingface.co/docs/transformers/main/en/main_classes/text_generation)
{"accepted": false, "accepted_total": 44, "task": 1004, "task_id": "sigless_83a4ee31b1f6", "tasks": 1186, "visible_unique_passes": 0}
[transformers] Both `min_new_tokens` (=0) and `min_length`(=0) seem to have been set. `min_new_tokens` will take precedence. Please refer to the documentation for more information. (https://huggingface.co/docs/transformers/main/en/main_classes/text_generation)
{"accepted": false, "accepted_total": 44, "task": 1005, "task_id": "sigless_ab8e3e51e84c", "tasks": 1186, "visible_unique_passes": 0}
[transformers] Both `min_new_tokens` (=0) and `min_length`(=0) seem to have been set. `min_new_tokens` will take precedence. Please refer to the documentation for more information. (https://huggingface.co/docs/transformers/main/en/main_classes/text_generation)
{"accepted": true, "accepted_total": 45, "task": 1006, "task_id": "sigless_2eff638e1d17", "tasks": 1186, "visible_unique_passes": 3}
[transformers] Both `min_new_tokens` (=0) and `min_length`(=0) seem to have been set. `min_new_tokens` will take precedence. Please refer to the documentation for more information. (https://huggingface.co/docs/transformers/main/en/main_classes/text_generation)
{"accepted": false, "accepted_total": 45, "task": 1007, "task_id": "sigless_d99739d41cf9", "tasks": 1186, "visible_unique_passes": 0}
[transformers] Both `min_new_tokens` (=0) and `min_length`(=0) seem to have been set. `min_new_tokens` will take precedence. Please refer to the documentation for more information. (https://huggingface.co/docs/transformers/main/en/main_classes/text_generation)
{"accepted": false, "accepted_total": 45, "task": 1008, "task_id": "sigless_4b5d0d625c7a", "tasks": 1186, "visible_unique_passes": 0}
[transformers] Both `min_new_tokens` (=0) and `min_length`(=0) seem to have been set. `min_new_tokens` will take precedence. Please refer to the documentation for more information. (https://huggingface.co/docs/transformers/main/en/main_classes/text_generation)
{"accepted": false, "accepted_total": 45, "task": 1009, "task_id": "fresh-eval-3cc7b7fb8542", "tasks": 1186, "visible_unique_passes": 0}
[transformers] Both `min_new_tokens` (=0) and `min_length`(=0) seem to have been set. `min_new_tokens` will take precedence. Please refer to the documentation for more information. (https://huggingface.co/docs/transformers/main/en/main_classes/text_generation)
{"accepted": false, "accepted_total": 45, "task": 1010, "task_id": "sigless_dbad8c29b1f5", "tasks": 1186, "visible_unique_passes": 0}
[transformers] Both `min_new_tokens` (=0) and `min_length`(=0) seem to have been set. `min_new_tokens` will take precedence. Please refer to the documentation for more information. (https://huggingface.co/docs/transformers/main/en/main_classes/text_generation)
{"accepted": false, "accepted_total": 45, "task": 1011, "task_id": "fresh-eval-f44776c62622", "tasks": 1186, "visible_unique_passes": 0}
[transformers] Both `min_new_tokens` (=0) and `min_length`(=0) seem to have been set. `min_new_tokens` will take precedence. Please refer to the documentation for more information. (https://huggingface.co/docs/transformers/main/en/main_classes/text_generation)
{"accepted": false, "accepted_total": 45, "task": 1012, "task_id": "sigless_0e44805622bb", "tasks": 1186, "visible_unique_passes": 0}
[transformers] Both `min_new_tokens` (=0) and `min_length`(=0) seem to have been set. `min_new_tokens` will take precedence. Please refer to the documentation for more information. (https://huggingface.co/docs/transformers/main/en/main_classes/text_generation)
{"accepted": false, "accepted_total": 45, "task": 1013, "task_id": "sigless_57027513bb38", "tasks": 1186, "visible_unique_passes": 0}
[transformers] Both `min_new_tokens` (=0) and `min_length`(=0) seem to have been set. `min_new_tokens` will take precedence. Please refer to the documentation for more information. (https://huggingface.co/docs/transformers/main/en/main_classes/text_generation)
{"accepted": false, "accepted_total": 45, "task": 1014, "task_id": "fresh-eval-83a439604a13", "tasks": 1186, "visible_unique_passes": 0}
[transformers] Both `min_new_tokens` (=0) and `min_length`(=0) seem to have been set. `min_new_tokens` will take precedence. Please refer to the documentation for more information. (https://huggingface.co/docs/transformers/main/en/main_classes/text_generation)
{"accepted": false, "accepted_total": 45, "task": 1015, "task_id": "sigless_a22f6a855416", "tasks": 1186, "visible_unique_passes": 0}
[transformers] Both `min_new_tokens` (=0) and `min_length`(=0) seem to have been set. `min_new_tokens` will take precedence. Please refer to the documentation for more information. (https://huggingface.co/docs/transformers/main/en/main_classes/text_generation)
{"accepted": false, "accepted_total": 45, "task": 1016, "task_id": "sigless_c49790b21f46", "tasks": 1186, "visible_unique_passes": 0}
[transformers] Both `min_new_tokens` (=0) and `min_length`(=0) seem to have been set. `min_new_tokens` will take precedence. Please refer to the documentation for more information. (https://huggingface.co/docs/transformers/main/en/main_classes/text_generation)
{"accepted": false, "accepted_total": 45, "task": 1017, "task_id": "fresh-eval-91558c779dc6", "tasks": 1186, "visible_unique_passes": 0}
[transformers] Both `min_new_tokens` (=0) and `min_length`(=0) seem to have been set. `min_new_tokens` will take precedence. Please refer to the documentation for more information. (https://huggingface.co/docs/transformers/main/en/main_classes/text_generation)
{"accepted": false, "accepted_total": 45, "task": 1018, "task_id": "fresh-eval-d59aa0c95b8c", "tasks": 1186, "visible_unique_passes": 0}
[transformers] Both `min_new_tokens` (=0) and `min_length`(=0) seem to have been set. `min_new_tokens` will take precedence. Please refer to the documentation for more information. (https://huggingface.co/docs/transformers/main/en/main_classes/text_generation)
{"accepted": false, "accepted_total": 45, "task": 1019, "task_id": "fresh-eval-80d807f36102", "tasks": 1186, "visible_unique_passes": 0}
[transformers] Both `min_new_tokens` (=0) and `min_length`(=0) seem to have been set. `min_new_tokens` will take precedence. Please refer to the documentation for more information. (https://huggingface.co/docs/transformers/main/en/main_classes/text_generation)
{"accepted": false, "accepted_total": 45, "task": 1020, "task_id": "fresh-eval-12109fa1579d", "tasks": 1186, "visible_unique_passes": 0}
[transformers] Both `min_new_tokens` (=0) and `min_length`(=0) seem to have been set. `min_new_tokens` will take precedence. Please refer to the documentation for more information. (https://huggingface.co/docs/transformers/main/en/main_classes/text_generation)
{"accepted": false, "accepted_total": 45, "task": 1021, "task_id": "sigless_c236670fd617", "tasks": 1186, "visible_unique_passes": 0}
[transformers] Both `min_new_tokens` (=0) and `min_length`(=0) seem to have been set. `min_new_tokens` will take precedence. Please refer to the documentation for more information. (https://huggingface.co/docs/transformers/main/en/main_classes/text_generation)
{"accepted": false, "accepted_total": 45, "task": 1022, "task_id": "sigless_cb5a96661187", "tasks": 1186, "visible_unique_passes": 0}
[transformers] Both `min_new_tokens` (=0) and `min_length`(=0) seem to have been set. `min_new_tokens` will take precedence. Please refer to the documentation for more information. (https://huggingface.co/docs/transformers/main/en/main_classes/text_generation)
{"accepted": false, "accepted_total": 45, "task": 1023, "task_id": "fresh-eval-8ad8edc2461e", "tasks": 1186, "visible_unique_passes": 0}
[transformers] Both `min_new_tokens` (=0) and `min_length`(=0) seem to have been set. `min_new_tokens` will take precedence. Please refer to the documentation for more information. (https://huggingface.co/docs/transformers/main/en/main_classes/text_generation)
{"accepted": false, "accepted_total": 45, "task": 1024, "task_id": "fresh-eval-05d5dc4d637f", "tasks": 1186, "visible_unique_passes": 0}
[transformers] Both `min_new_tokens` (=0) and `min_length`(=0) seem to have been set. `min_new_tokens` will take precedence. Please refer to the documentation for more information. (https://huggingface.co/docs/transformers/main/en/main_classes/text_generation)
{"accepted": false, "accepted_total": 45, "task": 1025, "task_id": "sigless_fcd9451ee13a", "tasks": 1186, "visible_unique_passes": 0}
[transformers] Both `min_new_tokens` (=0) and `min_length`(=0) seem to have been set. `min_new_tokens` will take precedence. Please refer to the documentation for more information. (https://huggingface.co/docs/transformers/main/en/main_classes/text_generation)
{"accepted": false, "accepted_total": 45, "task": 1026, "task_id": "sigless_764f39545d30", "tasks": 1186, "visible_unique_passes": 0}
[transformers] Both `min_new_tokens` (=0) and `min_length`(=0) seem to have been set. `min_new_tokens` will take precedence. Please refer to the documentation for more information. (https://huggingface.co/docs/transformers/main/en/main_classes/text_generation)
{"accepted": false, "accepted_total": 45, "task": 1027, "task_id": "fresh-eval-abf4416db2bd", "tasks": 1186, "visible_unique_passes": 0}
[transformers] Both `min_new_tokens` (=0) and `min_length`(=0) seem to have been set. `min_new_tokens` will take precedence. Please refer to the documentation for more information. (https://huggingface.co/docs/transformers/main/en/main_classes/text_generation)
{"accepted": false, "accepted_total": 45, "task": 1028, "task_id": "sigless_0a931bf567b8", "tasks": 1186, "visible_unique_passes": 0}
[transformers] Both `min_new_tokens` (=0) and `min_length`(=0) seem to have been set. `min_new_tokens` will take precedence. Please refer to the documentation for more information. (https://huggingface.co/docs/transformers/main/en/main_classes/text_generation)
{"accepted": false, "accepted_total": 45, "task": 1029, "task_id": "fresh-eval-6859c2e44cbe", "tasks": 1186, "visible_unique_passes": 0}
[transformers] Both `min_new_tokens` (=0) and `min_length`(=0) seem to have been set. `min_new_tokens` will take precedence. Please refer to the documentation for more information. (https://huggingface.co/docs/transformers/main/en/main_classes/text_generation)
{"accepted": false, "accepted_total": 45, "task": 1030, "task_id": "sigless_c18ba89385a7", "tasks": 1186, "visible_unique_passes": 0}
[transformers] Both `min_new_tokens` (=0) and `min_length`(=0) seem to have been set. `min_new_tokens` will take precedence. Please refer to the documentation for more information. (https://huggingface.co/docs/transformers/main/en/main_classes/text_generation)
{"accepted": false, "accepted_total": 45, "task": 1031, "task_id": "sigless_e9d0414a6c4c", "tasks": 1186, "visible_unique_passes": 0}
[transformers] Both `min_new_tokens` (=0) and `min_length`(=0) seem to have been set. `min_new_tokens` will take precedence. Please refer to the documentation for more information. (https://huggingface.co/docs/transformers/main/en/main_classes/text_generation)
{"accepted": false, "accepted_total": 45, "task": 1032, "task_id": "fresh-eval-d7abe80f85b5", "tasks": 1186, "visible_unique_passes": 0}
[transformers] Both `min_new_tokens` (=0) and `min_length`(=0) seem to have been set. `min_new_tokens` will take precedence. Please refer to the documentation for more information. (https://huggingface.co/docs/transformers/main/en/main_classes/text_generation)
{"accepted": false, "accepted_total": 45, "task": 1033, "task_id": "fresh-eval-328bb2dbda49", "tasks": 1186, "visible_unique_passes": 0}
[transformers] Both `min_new_tokens` (=0) and `min_length`(=0) seem to have been set. `min_new_tokens` will take precedence. Please refer to the documentation for more information. (https://huggingface.co/docs/transformers/main/en/main_classes/text_generation)
{"accepted": false, "accepted_total": 45, "task": 1034, "task_id": "fresh-eval-605822788c74", "tasks": 1186, "visible_unique_passes": 0}
[transformers] Both `min_new_tokens` (=0) and `min_length`(=0) seem to have been set. `min_new_tokens` will take precedence. Please refer to the documentation for more information. (https://huggingface.co/docs/transformers/main/en/main_classes/text_generation)
{"accepted": false, "accepted_total": 45, "task": 1035, "task_id": "sigless_a9dcf8597831", "tasks": 1186, "visible_unique_passes": 0}
[transformers] Both `min_new_tokens` (=0) and `min_length`(=0) seem to have been set. `min_new_tokens` will take precedence. Please refer to the documentation for more information. (https://huggingface.co/docs/transformers/main/en/main_classes/text_generation)
{"accepted": false, "accepted_total": 45, "task": 1036, "task_id": "fresh-eval-1bc2ed1fe366", "tasks": 1186, "visible_unique_passes": 0}
[transformers] Both `min_new_tokens` (=0) and `min_length`(=0) seem to have been set. `min_new_tokens` will take precedence. Please refer to the documentation for more information. (https://huggingface.co/docs/transformers/main/en/main_classes/text_generation)
{"accepted": false, "accepted_total": 45, "task": 1037, "task_id": "fresh-eval-1719610f2cb0", "tasks": 1186, "visible_unique_passes": 0}
[transformers] Both `min_new_tokens` (=0) and `min_length`(=0) seem to have been set. `min_new_tokens` will take precedence. Please refer to the documentation for more information. (https://huggingface.co/docs/transformers/main/en/main_classes/text_generation)
{"accepted": false, "accepted_total": 45, "task": 1038, "task_id": "fresh-eval-abcf8cf8880f", "tasks": 1186, "visible_unique_passes": 0}
[transformers] Both `min_new_tokens` (=0) and `min_length`(=0) seem to have been set. `min_new_tokens` will take precedence. Please refer to the documentation for more information. (https://huggingface.co/docs/transformers/main/en/main_classes/text_generation)
{"accepted": false, "accepted_total": 45, "task": 1039, "task_id": "fresh-eval-537dc27fc85e", "tasks": 1186, "visible_unique_passes": 0}
[transformers] Both `min_new_tokens` (=0) and `min_length`(=0) seem to have been set. `min_new_tokens` will take precedence. Please refer to the documentation for more information. (https://huggingface.co/docs/transformers/main/en/main_classes/text_generation)
{"accepted": false, "accepted_total": 45, "task": 1040, "task_id": "fresh-eval-b6faa6e319a4", "tasks": 1186, "visible_unique_passes": 0}
[transformers] Both `min_new_tokens` (=0) and `min_length`(=0) seem to have been set. `min_new_tokens` will take precedence. Please refer to the documentation for more information. (https://huggingface.co/docs/transformers/main/en/main_classes/text_generation)
{"accepted": false, "accepted_total": 45, "task": 1041, "task_id": "sigless_604312285628", "tasks": 1186, "visible_unique_passes": 0}
[transformers] Both `min_new_tokens` (=0) and `min_length`(=0) seem to have been set. `min_new_tokens` will take precedence. Please refer to the documentation for more information. (https://huggingface.co/docs/transformers/main/en/main_classes/text_generation)
{"accepted": false, "accepted_total": 45, "task": 1042, "task_id": "sigless_d83f819cda4a", "tasks": 1186, "visible_unique_passes": 0}
[transformers] Both `min_new_tokens` (=0) and `min_length`(=0) seem to have been set. `min_new_tokens` will take precedence. Please refer to the documentation for more information. (https://huggingface.co/docs/transformers/main/en/main_classes/text_generation)
{"accepted": false, "accepted_total": 45, "task": 1043, "task_id": "sigless_2ed0aae31f64", "tasks": 1186, "visible_unique_passes": 0}
[transformers] Both `min_new_tokens` (=0) and `min_length`(=0) seem to have been set. `min_new_tokens` will take precedence. Please refer to the documentation for more information. (https://huggingface.co/docs/transformers/main/en/main_classes/text_generation)
{"accepted": false, "accepted_total": 45, "task": 1044, "task_id": "fresh-eval-dfa028b562a0", "tasks": 1186, "visible_unique_passes": 0}
[transformers] Both `min_new_tokens` (=0) and `min_length`(=0) seem to have been set. `min_new_tokens` will take precedence. Please refer to the documentation for more information. (https://huggingface.co/docs/transformers/main/en/main_classes/text_generation)
{"accepted": false, "accepted_total": 45, "task": 1045, "task_id": "fresh-eval-ef90cc9de571", "tasks": 1186, "visible_unique_passes": 0}
[transformers] Both `min_new_tokens` (=0) and `min_length`(=0) seem to have been set. `min_new_tokens` will take precedence. Please refer to the documentation for more information. (https://huggingface.co/docs/transformers/main/en/main_classes/text_generation)
{"accepted": false, "accepted_total": 45, "task": 1046, "task_id": "fresh-eval-3bd4f7c60f6e", "tasks": 1186, "visible_unique_passes": 0}
[transformers] Both `min_new_tokens` (=0) and `min_length`(=0) seem to have been set. `min_new_tokens` will take precedence. Please refer to the documentation for more information. (https://huggingface.co/docs/transformers/main/en/main_classes/text_generation)
{"accepted": false, "accepted_total": 45, "task": 1047, "task_id": "fresh-eval-cd1ca7de8751", "tasks": 1186, "visible_unique_passes": 0}
[transformers] Both `min_new_tokens` (=0) and `min_length`(=0) seem to have been set. `min_new_tokens` will take precedence. Please refer to the documentation for more information. (https://huggingface.co/docs/transformers/main/en/main_classes/text_generation)
{"accepted": false, "accepted_total": 45, "task": 1048, "task_id": "fresh-eval-d9b5c583f724", "tasks": 1186, "visible_unique_passes": 0}
[transformers] Both `min_new_tokens` (=0) and `min_length`(=0) seem to have been set. `min_new_tokens` will take precedence. Please refer to the documentation for more information. (https://huggingface.co/docs/transformers/main/en/main_classes/text_generation)
{"accepted": false, "accepted_total": 45, "task": 1049, "task_id": "fresh-eval-c584dcf25453", "tasks": 1186, "visible_unique_passes": 0}
[transformers] Both `min_new_tokens` (=0) and `min_length`(=0) seem to have been set. `min_new_tokens` will take precedence. Please refer to the documentation for more information. (https://huggingface.co/docs/transformers/main/en/main_classes/text_generation)
{"accepted": false, "accepted_total": 45, "task": 1050, "task_id": "sigless_a218ad5d1243", "tasks": 1186, "visible_unique_passes": 0}
[transformers] Both `min_new_tokens` (=0) and `min_length`(=0) seem to have been set. `min_new_tokens` will take precedence. Please refer to the documentation for more information. (https://huggingface.co/docs/transformers/main/en/main_classes/text_generation)
{"accepted": false, "accepted_total": 45, "task": 1051, "task_id": "sigless_79c0c2a11d73", "tasks": 1186, "visible_unique_passes": 0}
[transformers] Both `min_new_tokens` (=0) and `min_length`(=0) seem to have been set. `min_new_tokens` will take precedence. Please refer to the documentation for more information. (https://huggingface.co/docs/transformers/main/en/main_classes/text_generation)
{"accepted": false, "accepted_total": 45, "task": 1052, "task_id": "sigless_743b302a38bb", "tasks": 1186, "visible_unique_passes": 0}
[transformers] Both `min_new_tokens` (=0) and `min_length`(=0) seem to have been set. `min_new_tokens` will take precedence. Please refer to the documentation for more information. (https://huggingface.co/docs/transformers/main/en/main_classes/text_generation)
{"accepted": false, "accepted_total": 45, "task": 1053, "task_id": "sigless_aa78c1454979", "tasks": 1186, "visible_unique_passes": 0}
[transformers] Both `min_new_tokens` (=0) and `min_length`(=0) seem to have been set. `min_new_tokens` will take precedence. Please refer to the documentation for more information. (https://huggingface.co/docs/transformers/main/en/main_classes/text_generation)
{"accepted": false, "accepted_total": 45, "task": 1054, "task_id": "sigless_3333168fc1f9", "tasks": 1186, "visible_unique_passes": 0}
[transformers] Both `min_new_tokens` (=0) and `min_length`(=0) seem to have been set. `min_new_tokens` will take precedence. Please refer to the documentation for more information. (https://huggingface.co/docs/transformers/main/en/main_classes/text_generation)
{"accepted": false, "accepted_total": 45, "task": 1055, "task_id": "sigless_3b739e655234", "tasks": 1186, "visible_unique_passes": 0}
[transformers] Both `min_new_tokens` (=0) and `min_length`(=0) seem to have been set. `min_new_tokens` will take precedence. Please refer to the documentation for more information. (https://huggingface.co/docs/transformers/main/en/main_classes/text_generation)
{"accepted": false, "accepted_total": 45, "task": 1056, "task_id": "sigless_4258ee4998de", "tasks": 1186, "visible_unique_passes": 0}
[transformers] Both `min_new_tokens` (=0) and `min_length`(=0) seem to have been set. `min_new_tokens` will take precedence. Please refer to the documentation for more information. (https://huggingface.co/docs/transformers/main/en/main_classes/text_generation)
{"accepted": false, "accepted_total": 45, "task": 1057, "task_id": "fresh-eval-6cbb31c8d39a", "tasks": 1186, "visible_unique_passes": 0}
[transformers] Both `min_new_tokens` (=0) and `min_length`(=0) seem to have been set. `min_new_tokens` will take precedence. Please refer to the documentation for more information. (https://huggingface.co/docs/transformers/main/en/main_classes/text_generation)
{"accepted": false, "accepted_total": 45, "task": 1058, "task_id": "fresh-eval-637336509304", "tasks": 1186, "visible_unique_passes": 0}
[transformers] Both `min_new_tokens` (=0) and `min_length`(=0) seem to have been set. `min_new_tokens` will take precedence. Please refer to the documentation for more information. (https://huggingface.co/docs/transformers/main/en/main_classes/text_generation)
{"accepted": false, "accepted_total": 45, "task": 1059, "task_id": "sigless_fbf7927487ed", "tasks": 1186, "visible_unique_passes": 0}
[transformers] Both `min_new_tokens` (=0) and `min_length`(=0) seem to have been set. `min_new_tokens` will take precedence. Please refer to the documentation for more information. (https://huggingface.co/docs/transformers/main/en/main_classes/text_generation)
{"accepted": false, "accepted_total": 45, "task": 1060, "task_id": "fresh-eval-1f7c26a66e4b", "tasks": 1186, "visible_unique_passes": 0}
[transformers] Both `min_new_tokens` (=0) and `min_length`(=0) seem to have been set. `min_new_tokens` will take precedence. Please refer to the documentation for more information. (https://huggingface.co/docs/transformers/main/en/main_classes/text_generation)
{"accepted": false, "accepted_total": 45, "task": 1061, "task_id": "fresh-eval-ad372b437b26", "tasks": 1186, "visible_unique_passes": 0}
[transformers] Both `min_new_tokens` (=0) and `min_length`(=0) seem to have been set. `min_new_tokens` will take precedence. Please refer to the documentation for more information. (https://huggingface.co/docs/transformers/main/en/main_classes/text_generation)
{"accepted": false, "accepted_total": 45, "task": 1062, "task_id": "fresh-eval-1ac587da7451", "tasks": 1186, "visible_unique_passes": 0}
[transformers] Both `min_new_tokens` (=0) and `min_length`(=0) seem to have been set. `min_new_tokens` will take precedence. Please refer to the documentation for more information. (https://huggingface.co/docs/transformers/main/en/main_classes/text_generation)
{"accepted": false, "accepted_total": 45, "task": 1063, "task_id": "fresh-eval-2ed4874159c9", "tasks": 1186, "visible_unique_passes": 0}
[transformers] Both `min_new_tokens` (=0) and `min_length`(=0) seem to have been set. `min_new_tokens` will take precedence. Please refer to the documentation for more information. (https://huggingface.co/docs/transformers/main/en/main_classes/text_generation)
{"accepted": false, "accepted_total": 45, "task": 1064, "task_id": "fresh-eval-dbfcac76bee5", "tasks": 1186, "visible_unique_passes": 0}
[transformers] Both `min_new_tokens` (=0) and `min_length`(=0) seem to have been set. `min_new_tokens` will take precedence. Please refer to the documentation for more information. (https://huggingface.co/docs/transformers/main/en/main_classes/text_generation)
{"accepted": false, "accepted_total": 45, "task": 1065, "task_id": "fresh-eval-dcd1b9515429", "tasks": 1186, "visible_unique_passes": 0}
[transformers] Both `min_new_tokens` (=0) and `min_length`(=0) seem to have been set. `min_new_tokens` will take precedence. Please refer to the documentation for more information. (https://huggingface.co/docs/transformers/main/en/main_classes/text_generation)
{"accepted": false, "accepted_total": 45, "task": 1066, "task_id": "fresh-eval-8964beebe130", "tasks": 1186, "visible_unique_passes": 0}
[transformers] Both `min_new_tokens` (=0) and `min_length`(=0) seem to have been set. `min_new_tokens` will take precedence. Please refer to the documentation for more information. (https://huggingface.co/docs/transformers/main/en/main_classes/text_generation)
{"accepted": false, "accepted_total": 45, "task": 1067, "task_id": "sigless_5f9fc3f15267", "tasks": 1186, "visible_unique_passes": 0}
[transformers] Both `min_new_tokens` (=0) and `min_length`(=0) seem to have been set. `min_new_tokens` will take precedence. Please refer to the documentation for more information. (https://huggingface.co/docs/transformers/main/en/main_classes/text_generation)
{"accepted": false, "accepted_total": 45, "task": 1068, "task_id": "sigless_80dd5325194c", "tasks": 1186, "visible_unique_passes": 0}
[transformers] Both `min_new_tokens` (=0) and `min_length`(=0) seem to have been set. `min_new_tokens` will take precedence. Please refer to the documentation for more information. (https://huggingface.co/docs/transformers/main/en/main_classes/text_generation)
{"accepted": false, "accepted_total": 45, "task": 1069, "task_id": "sigless_5191c50b5b8b", "tasks": 1186, "visible_unique_passes": 0}
[transformers] Both `min_new_tokens` (=0) and `min_length`(=0) seem to have been set. `min_new_tokens` will take precedence. Please refer to the documentation for more information. (https://huggingface.co/docs/transformers/main/en/main_classes/text_generation)
{"accepted": false, "accepted_total": 45, "task": 1070, "task_id": "fresh-eval-132bc21da2d8", "tasks": 1186, "visible_unique_passes": 0}
[transformers] Both `min_new_tokens` (=0) and `min_length`(=0) seem to have been set. `min_new_tokens` will take precedence. Please refer to the documentation for more information. (https://huggingface.co/docs/transformers/main/en/main_classes/text_generation)
{"accepted": false, "accepted_total": 45, "task": 1071, "task_id": "fresh-eval-69f7b9fbad94", "tasks": 1186, "visible_unique_passes": 0}
[transformers] Both `min_new_tokens` (=0) and `min_length`(=0) seem to have been set. `min_new_tokens` will take precedence. Please refer to the documentation for more information. (https://huggingface.co/docs/transformers/main/en/main_classes/text_generation)
{"accepted": false, "accepted_total": 45, "task": 1072, "task_id": "sigless_a1614da05728", "tasks": 1186, "visible_unique_passes": 0}
[transformers] Both `min_new_tokens` (=0) and `min_length`(=0) seem to have been set. `min_new_tokens` will take precedence. Please refer to the documentation for more information. (https://huggingface.co/docs/transformers/main/en/main_classes/text_generation)
{"accepted": true, "accepted_total": 46, "task": 1073, "task_id": "fresh-eval-2854a53fb4ab", "tasks": 1186, "visible_unique_passes": 3}
[transformers] Both `min_new_tokens` (=0) and `min_length`(=0) seem to have been set. `min_new_tokens` will take precedence. Please refer to the documentation for more information. (https://huggingface.co/docs/transformers/main/en/main_classes/text_generation)
{"accepted": false, "accepted_total": 46, "task": 1074, "task_id": "sigless_1ff709cca1fb", "tasks": 1186, "visible_unique_passes": 0}
[transformers] Both `min_new_tokens` (=0) and `min_length`(=0) seem to have been set. `min_new_tokens` will take precedence. Please refer to the documentation for more information. (https://huggingface.co/docs/transformers/main/en/main_classes/text_generation)
{"accepted": false, "accepted_total": 46, "task": 1075, "task_id": "fresh-eval-f029f39d4192", "tasks": 1186, "visible_unique_passes": 0}
[transformers] Both `min_new_tokens` (=0) and `min_length`(=0) seem to have been set. `min_new_tokens` will take precedence. Please refer to the documentation for more information. (https://huggingface.co/docs/transformers/main/en/main_classes/text_generation)
{"accepted": false, "accepted_total": 46, "task": 1076, "task_id": "fresh-eval-6325c857d0b4", "tasks": 1186, "visible_unique_passes": 0}
[transformers] Both `min_new_tokens` (=0) and `min_length`(=0) seem to have been set. `min_new_tokens` will take precedence. Please refer to the documentation for more information. (https://huggingface.co/docs/transformers/main/en/main_classes/text_generation)
{"accepted": false, "accepted_total": 46, "task": 1077, "task_id": "sigless_82663e62aa73", "tasks": 1186, "visible_unique_passes": 0}
[transformers] Both `min_new_tokens` (=0) and `min_length`(=0) seem to have been set. `min_new_tokens` will take precedence. Please refer to the documentation for more information. (https://huggingface.co/docs/transformers/main/en/main_classes/text_generation)
{"accepted": false, "accepted_total": 46, "task": 1078, "task_id": "sigless_515d8cc9bdf6", "tasks": 1186, "visible_unique_passes": 0}
[transformers] Both `min_new_tokens` (=0) and `min_length`(=0) seem to have been set. `min_new_tokens` will take precedence. Please refer to the documentation for more information. (https://huggingface.co/docs/transformers/main/en/main_classes/text_generation)
{"accepted": false, "accepted_total": 46, "task": 1079, "task_id": "sigless_232632332b90", "tasks": 1186, "visible_unique_passes": 0}
[transformers] Both `min_new_tokens` (=0) and `min_length`(=0) seem to have been set. `min_new_tokens` will take precedence. Please refer to the documentation for more information. (https://huggingface.co/docs/transformers/main/en/main_classes/text_generation)
{"accepted": false, "accepted_total": 46, "task": 1080, "task_id": "sigless_7aa3028ed8a9", "tasks": 1186, "visible_unique_passes": 0}
[transformers] Both `min_new_tokens` (=0) and `min_length`(=0) seem to have been set. `min_new_tokens` will take precedence. Please refer to the documentation for more information. (https://huggingface.co/docs/transformers/main/en/main_classes/text_generation)
{"accepted": false, "accepted_total": 46, "task": 1081, "task_id": "sigless_ac2a7abba9ff", "tasks": 1186, "visible_unique_passes": 0}
[transformers] Both `min_new_tokens` (=0) and `min_length`(=0) seem to have been set. `min_new_tokens` will take precedence. Please refer to the documentation for more information. (https://huggingface.co/docs/transformers/main/en/main_classes/text_generation)
{"accepted": false, "accepted_total": 46, "task": 1082, "task_id": "sigless_68cb01dfc7bb", "tasks": 1186, "visible_unique_passes": 0}
[transformers] Both `min_new_tokens` (=0) and `min_length`(=0) seem to have been set. `min_new_tokens` will take precedence. Please refer to the documentation for more information. (https://huggingface.co/docs/transformers/main/en/main_classes/text_generation)
{"accepted": false, "accepted_total": 46, "task": 1083, "task_id": "sigless_c25fea17b550", "tasks": 1186, "visible_unique_passes": 0}
[transformers] Both `min_new_tokens` (=0) and `min_length`(=0) seem to have been set. `min_new_tokens` will take precedence. Please refer to the documentation for more information. (https://huggingface.co/docs/transformers/main/en/main_classes/text_generation)
{"accepted": false, "accepted_total": 46, "task": 1084, "task_id": "sigless_391449f564cd", "tasks": 1186, "visible_unique_passes": 0}
[transformers] Both `min_new_tokens` (=0) and `min_length`(=0) seem to have been set. `min_new_tokens` will take precedence. Please refer to the documentation for more information. (https://huggingface.co/docs/transformers/main/en/main_classes/text_generation)
{"accepted": false, "accepted_total": 46, "task": 1085, "task_id": "sigless_b9d8a8a5ae2e", "tasks": 1186, "visible_unique_passes": 0}
[transformers] Both `min_new_tokens` (=0) and `min_length`(=0) seem to have been set. `min_new_tokens` will take precedence. Please refer to the documentation for more information. (https://huggingface.co/docs/transformers/main/en/main_classes/text_generation)
{"accepted": false, "accepted_total": 46, "task": 1086, "task_id": "sigless_99288a8d8311", "tasks": 1186, "visible_unique_passes": 0}
[transformers] Both `min_new_tokens` (=0) and `min_length`(=0) seem to have been set. `min_new_tokens` will take precedence. Please refer to the documentation for more information. (https://huggingface.co/docs/transformers/main/en/main_classes/text_generation)
{"accepted": false, "accepted_total": 46, "task": 1087, "task_id": "sigless_e78be91ca5a1", "tasks": 1186, "visible_unique_passes": 0}
[transformers] Both `min_new_tokens` (=0) and `min_length`(=0) seem to have been set. `min_new_tokens` will take precedence. Please refer to the documentation for more information. (https://huggingface.co/docs/transformers/main/en/main_classes/text_generation)
{"accepted": false, "accepted_total": 46, "task": 1088, "task_id": "sigless_cc092971b507", "tasks": 1186, "visible_unique_passes": 0}
[transformers] Both `min_new_tokens` (=0) and `min_length`(=0) seem to have been set. `min_new_tokens` will take precedence. Please refer to the documentation for more information. (https://huggingface.co/docs/transformers/main/en/main_classes/text_generation)
{"accepted": false, "accepted_total": 46, "task": 1089, "task_id": "fresh-eval-f9bed347690c", "tasks": 1186, "visible_unique_passes": 0}
[transformers] Both `min_new_tokens` (=0) and `min_length`(=0) seem to have been set. `min_new_tokens` will take precedence. Please refer to the documentation for more information. (https://huggingface.co/docs/transformers/main/en/main_classes/text_generation)
{"accepted": false, "accepted_total": 46, "task": 1090, "task_id": "sigless_53963acbf653", "tasks": 1186, "visible_unique_passes": 0}
[transformers] Both `min_new_tokens` (=0) and `min_length`(=0) seem to have been set. `min_new_tokens` will take precedence. Please refer to the documentation for more information. (https://huggingface.co/docs/transformers/main/en/main_classes/text_generation)
{"accepted": false, "accepted_total": 46, "task": 1091, "task_id": "sigless_e8049778a1eb", "tasks": 1186, "visible_unique_passes": 0}
[transformers] Both `min_new_tokens` (=0) and `min_length`(=0) seem to have been set. `min_new_tokens` will take precedence. Please refer to the documentation for more information. (https://huggingface.co/docs/transformers/main/en/main_classes/text_generation)
{"accepted": false, "accepted_total": 46, "task": 1092, "task_id": "sigless_b7f39d4f4b7a", "tasks": 1186, "visible_unique_passes": 0}
[transformers] Both `min_new_tokens` (=0) and `min_length`(=0) seem to have been set. `min_new_tokens` will take precedence. Please refer to the documentation for more information. (https://huggingface.co/docs/transformers/main/en/main_classes/text_generation)
{"accepted": false, "accepted_total": 46, "task": 1093, "task_id": "sigless_d446aa3002be", "tasks": 1186, "visible_unique_passes": 0}
[transformers] Both `min_new_tokens` (=0) and `min_length`(=0) seem to have been set. `min_new_tokens` will take precedence. Please refer to the documentation for more information. (https://huggingface.co/docs/transformers/main/en/main_classes/text_generation)
{"accepted": false, "accepted_total": 46, "task": 1094, "task_id": "sigless_fc309b4888da", "tasks": 1186, "visible_unique_passes": 0}
[transformers] Both `min_new_tokens` (=0) and `min_length`(=0) seem to have been set. `min_new_tokens` will take precedence. Please refer to the documentation for more information. (https://huggingface.co/docs/transformers/main/en/main_classes/text_generation)
{"accepted": false, "accepted_total": 46, "task": 1095, "task_id": "sigless_437dad78f0eb", "tasks": 1186, "visible_unique_passes": 0}
[transformers] Both `min_new_tokens` (=0) and `min_length`(=0) seem to have been set. `min_new_tokens` will take precedence. Please refer to the documentation for more information. (https://huggingface.co/docs/transformers/main/en/main_classes/text_generation)
{"accepted": false, "accepted_total": 46, "task": 1096, "task_id": "fresh-eval-f0acb5dad35c", "tasks": 1186, "visible_unique_passes": 0}
[transformers] Both `min_new_tokens` (=0) and `min_length`(=0) seem to have been set. `min_new_tokens` will take precedence. Please refer to the documentation for more information. (https://huggingface.co/docs/transformers/main/en/main_classes/text_generation)
{"accepted": false, "accepted_total": 46, "task": 1097, "task_id": "sigless_e4cf1f4f4c27", "tasks": 1186, "visible_unique_passes": 0}
[transformers] Both `min_new_tokens` (=0) and `min_length`(=0) seem to have been set. `min_new_tokens` will take precedence. Please refer to the documentation for more information. (https://huggingface.co/docs/transformers/main/en/main_classes/text_generation)
{"accepted": false, "accepted_total": 46, "task": 1098, "task_id": "fresh-eval-c5bccd990a2b", "tasks": 1186, "visible_unique_passes": 0}
[transformers] Both `min_new_tokens` (=0) and `min_length`(=0) seem to have been set. `min_new_tokens` will take precedence. Please refer to the documentation for more information. (https://huggingface.co/docs/transformers/main/en/main_classes/text_generation)
{"accepted": false, "accepted_total": 46, "task": 1099, "task_id": "fresh-eval-95c736f9af11", "tasks": 1186, "visible_unique_passes": 0}
[transformers] Both `min_new_tokens` (=0) and `min_length`(=0) seem to have been set. `min_new_tokens` will take precedence. Please refer to the documentation for more information. (https://huggingface.co/docs/transformers/main/en/main_classes/text_generation)
{"accepted": false, "accepted_total": 46, "task": 1100, "task_id": "fresh-eval-8ae1ed97be41", "tasks": 1186, "visible_unique_passes": 0}
[transformers] Both `min_new_tokens` (=0) and `min_length`(=0) seem to have been set. `min_new_tokens` will take precedence. Please refer to the documentation for more information. (https://huggingface.co/docs/transformers/main/en/main_classes/text_generation)
{"accepted": false, "accepted_total": 46, "task": 1101, "task_id": "fresh-eval-31027b7317f6", "tasks": 1186, "visible_unique_passes": 0}
[transformers] Both `min_new_tokens` (=0) and `min_length`(=0) seem to have been set. `min_new_tokens` will take precedence. Please refer to the documentation for more information. (https://huggingface.co/docs/transformers/main/en/main_classes/text_generation)
{"accepted": false, "accepted_total": 46, "task": 1102, "task_id": "sigless_c9e4990c51f6", "tasks": 1186, "visible_unique_passes": 0}
[transformers] Both `min_new_tokens` (=0) and `min_length`(=0) seem to have been set. `min_new_tokens` will take precedence. Please refer to the documentation for more information. (https://huggingface.co/docs/transformers/main/en/main_classes/text_generation)
{"accepted": false, "accepted_total": 46, "task": 1103, "task_id": "fresh-eval-114c2a9d91ff", "tasks": 1186, "visible_unique_passes": 0}
[transformers] Both `min_new_tokens` (=0) and `min_length`(=0) seem to have been set. `min_new_tokens` will take precedence. Please refer to the documentation for more information. (https://huggingface.co/docs/transformers/main/en/main_classes/text_generation)
{"accepted": false, "accepted_total": 46, "task": 1104, "task_id": "fresh-eval-60c2bcfe24e4", "tasks": 1186, "visible_unique_passes": 0}
[transformers] Both `min_new_tokens` (=0) and `min_length`(=0) seem to have been set. `min_new_tokens` will take precedence. Please refer to the documentation for more information. (https://huggingface.co/docs/transformers/main/en/main_classes/text_generation)
{"accepted": false, "accepted_total": 46, "task": 1105, "task_id": "fresh-eval-a9d3844a8c93", "tasks": 1186, "visible_unique_passes": 0}
[transformers] Both `min_new_tokens` (=0) and `min_length`(=0) seem to have been set. `min_new_tokens` will take precedence. Please refer to the documentation for more information. (https://huggingface.co/docs/transformers/main/en/main_classes/text_generation)
{"accepted": false, "accepted_total": 46, "task": 1106, "task_id": "fresh-eval-5b990521baee", "tasks": 1186, "visible_unique_passes": 0}
[transformers] Both `min_new_tokens` (=0) and `min_length`(=0) seem to have been set. `min_new_tokens` will take precedence. Please refer to the documentation for more information. (https://huggingface.co/docs/transformers/main/en/main_classes/text_generation)
{"accepted": false, "accepted_total": 46, "task": 1107, "task_id": "sigless_8633d51aed95", "tasks": 1186, "visible_unique_passes": 0}
[transformers] Both `min_new_tokens` (=0) and `min_length`(=0) seem to have been set. `min_new_tokens` will take precedence. Please refer to the documentation for more information. (https://huggingface.co/docs/transformers/main/en/main_classes/text_generation)
{"accepted": false, "accepted_total": 46, "task": 1108, "task_id": "sigless_4ce2c0558a79", "tasks": 1186, "visible_unique_passes": 0}
[transformers] Both `min_new_tokens` (=0) and `min_length`(=0) seem to have been set. `min_new_tokens` will take precedence. Please refer to the documentation for more information. (https://huggingface.co/docs/transformers/main/en/main_classes/text_generation)
{"accepted": false, "accepted_total": 46, "task": 1109, "task_id": "sigless_af21df606631", "tasks": 1186, "visible_unique_passes": 0}
[transformers] Both `min_new_tokens` (=0) and `min_length`(=0) seem to have been set. `min_new_tokens` will take precedence. Please refer to the documentation for more information. (https://huggingface.co/docs/transformers/main/en/main_classes/text_generation)
{"accepted": false, "accepted_total": 46, "task": 1110, "task_id": "sigless_4523c169c47b", "tasks": 1186, "visible_unique_passes": 0}
[transformers] Both `min_new_tokens` (=0) and `min_length`(=0) seem to have been set. `min_new_tokens` will take precedence. Please refer to the documentation for more information. (https://huggingface.co/docs/transformers/main/en/main_classes/text_generation)
{"accepted": true, "accepted_total": 47, "task": 1111, "task_id": "fresh-eval-645d19ea81bf", "tasks": 1186, "visible_unique_passes": 3}
[transformers] Both `min_new_tokens` (=0) and `min_length`(=0) seem to have been set. `min_new_tokens` will take precedence. Please refer to the documentation for more information. (https://huggingface.co/docs/transformers/main/en/main_classes/text_generation)
{"accepted": false, "accepted_total": 47, "task": 1112, "task_id": "fresh-eval-537869253b63", "tasks": 1186, "visible_unique_passes": 0}
[transformers] Both `min_new_tokens` (=0) and `min_length`(=0) seem to have been set. `min_new_tokens` will take precedence. Please refer to the documentation for more information. (https://huggingface.co/docs/transformers/main/en/main_classes/text_generation)
{"accepted": false, "accepted_total": 47, "task": 1113, "task_id": "fresh-eval-8322d8576ac8", "tasks": 1186, "visible_unique_passes": 0}
[transformers] Both `min_new_tokens` (=0) and `min_length`(=0) seem to have been set. `min_new_tokens` will take precedence. Please refer to the documentation for more information. (https://huggingface.co/docs/transformers/main/en/main_classes/text_generation)
{"accepted": false, "accepted_total": 47, "task": 1114, "task_id": "sigless_565f76319a38", "tasks": 1186, "visible_unique_passes": 0}
[transformers] Both `min_new_tokens` (=0) and `min_length`(=0) seem to have been set. `min_new_tokens` will take precedence. Please refer to the documentation for more information. (https://huggingface.co/docs/transformers/main/en/main_classes/text_generation)
{"accepted": false, "accepted_total": 47, "task": 1115, "task_id": "sigless_0bbc4b648b35", "tasks": 1186, "visible_unique_passes": 0}
[transformers] Both `min_new_tokens` (=0) and `min_length`(=0) seem to have been set. `min_new_tokens` will take precedence. Please refer to the documentation for more information. (https://huggingface.co/docs/transformers/main/en/main_classes/text_generation)
{"accepted": false, "accepted_total": 47, "task": 1116, "task_id": "fresh-eval-4b33ccbea684", "tasks": 1186, "visible_unique_passes": 0}
[transformers] Both `min_new_tokens` (=0) and `min_length`(=0) seem to have been set. `min_new_tokens` will take precedence. Please refer to the documentation for more information. (https://huggingface.co/docs/transformers/main/en/main_classes/text_generation)
{"accepted": false, "accepted_total": 47, "task": 1117, "task_id": "fresh-eval-c311275a0ba7", "tasks": 1186, "visible_unique_passes": 0}
[transformers] Both `min_new_tokens` (=0) and `min_length`(=0) seem to have been set. `min_new_tokens` will take precedence. Please refer to the documentation for more information. (https://huggingface.co/docs/transformers/main/en/main_classes/text_generation)
{"accepted": false, "accepted_total": 47, "task": 1118, "task_id": "fresh-eval-10a9b7254ce2", "tasks": 1186, "visible_unique_passes": 0}
[transformers] Both `min_new_tokens` (=0) and `min_length`(=0) seem to have been set. `min_new_tokens` will take precedence. Please refer to the documentation for more information. (https://huggingface.co/docs/transformers/main/en/main_classes/text_generation)
{"accepted": false, "accepted_total": 47, "task": 1119, "task_id": "sigless_e5c938d40480", "tasks": 1186, "visible_unique_passes": 0}
[transformers] Both `min_new_tokens` (=0) and `min_length`(=0) seem to have been set. `min_new_tokens` will take precedence. Please refer to the documentation for more information. (https://huggingface.co/docs/transformers/main/en/main_classes/text_generation)
{"accepted": true, "accepted_total": 48, "task": 1120, "task_id": "sigless_68b836dc17cb", "tasks": 1186, "visible_unique_passes": 1}
[transformers] Both `min_new_tokens` (=0) and `min_length`(=0) seem to have been set. `min_new_tokens` will take precedence. Please refer to the documentation for more information. (https://huggingface.co/docs/transformers/main/en/main_classes/text_generation)
{"accepted": false, "accepted_total": 48, "task": 1121, "task_id": "fresh-eval-a45c7be6480e", "tasks": 1186, "visible_unique_passes": 0}
[transformers] Both `min_new_tokens` (=0) and `min_length`(=0) seem to have been set. `min_new_tokens` will take precedence. Please refer to the documentation for more information. (https://huggingface.co/docs/transformers/main/en/main_classes/text_generation)
{"accepted": false, "accepted_total": 48, "task": 1122, "task_id": "sigless_3dfef6dee448", "tasks": 1186, "visible_unique_passes": 0}
[transformers] Both `min_new_tokens` (=0) and `min_length`(=0) seem to have been set. `min_new_tokens` will take precedence. Please refer to the documentation for more information. (https://huggingface.co/docs/transformers/main/en/main_classes/text_generation)
{"accepted": false, "accepted_total": 48, "task": 1123, "task_id": "sigless_e6853588926e", "tasks": 1186, "visible_unique_passes": 0}
[transformers] Both `min_new_tokens` (=0) and `min_length`(=0) seem to have been set. `min_new_tokens` will take precedence. Please refer to the documentation for more information. (https://huggingface.co/docs/transformers/main/en/main_classes/text_generation)
{"accepted": false, "accepted_total": 48, "task": 1124, "task_id": "fresh-eval-a4147261fa66", "tasks": 1186, "visible_unique_passes": 0}
[transformers] Both `min_new_tokens` (=0) and `min_length`(=0) seem to have been set. `min_new_tokens` will take precedence. Please refer to the documentation for more information. (https://huggingface.co/docs/transformers/main/en/main_classes/text_generation)
{"accepted": false, "accepted_total": 48, "task": 1125, "task_id": "sigless_f2e0af62e1d4", "tasks": 1186, "visible_unique_passes": 0}
[transformers] Both `min_new_tokens` (=0) and `min_length`(=0) seem to have been set. `min_new_tokens` will take precedence. Please refer to the documentation for more information. (https://huggingface.co/docs/transformers/main/en/main_classes/text_generation)
{"accepted": false, "accepted_total": 48, "task": 1126, "task_id": "sigless_e26294bc2c2d", "tasks": 1186, "visible_unique_passes": 0}
[transformers] Both `min_new_tokens` (=0) and `min_length`(=0) seem to have been set. `min_new_tokens` will take precedence. Please refer to the documentation for more information. (https://huggingface.co/docs/transformers/main/en/main_classes/text_generation)
{"accepted": false, "accepted_total": 48, "task": 1127, "task_id": "sigless_cbfe7a20b129", "tasks": 1186, "visible_unique_passes": 0}
[transformers] Both `min_new_tokens` (=0) and `min_length`(=0) seem to have been set. `min_new_tokens` will take precedence. Please refer to the documentation for more information. (https://huggingface.co/docs/transformers/main/en/main_classes/text_generation)
{"accepted": false, "accepted_total": 48, "task": 1128, "task_id": "fresh-eval-9b9ae22c4c7d", "tasks": 1186, "visible_unique_passes": 0}
[transformers] Both `min_new_tokens` (=0) and `min_length`(=0) seem to have been set. `min_new_tokens` will take precedence. Please refer to the documentation for more information. (https://huggingface.co/docs/transformers/main/en/main_classes/text_generation)
{"accepted": false, "accepted_total": 48, "task": 1129, "task_id": "sigless_5007e0787104", "tasks": 1186, "visible_unique_passes": 0}
[transformers] Both `min_new_tokens` (=0) and `min_length`(=0) seem to have been set. `min_new_tokens` will take precedence. Please refer to the documentation for more information. (https://huggingface.co/docs/transformers/main/en/main_classes/text_generation)
{"accepted": false, "accepted_total": 48, "task": 1130, "task_id": "sigless_d4f1cb23bd7d", "tasks": 1186, "visible_unique_passes": 0}
[transformers] Both `min_new_tokens` (=0) and `min_length`(=0) seem to have been set. `min_new_tokens` will take precedence. Please refer to the documentation for more information. (https://huggingface.co/docs/transformers/main/en/main_classes/text_generation)
{"accepted": false, "accepted_total": 48, "task": 1131, "task_id": "fresh-eval-99cc95fc3d0d", "tasks": 1186, "visible_unique_passes": 0}
[transformers] Both `min_new_tokens` (=0) and `min_length`(=0) seem to have been set. `min_new_tokens` will take precedence. Please refer to the documentation for more information. (https://huggingface.co/docs/transformers/main/en/main_classes/text_generation)
{"accepted": false, "accepted_total": 48, "task": 1132, "task_id": "sigless_4cd3735945ef", "tasks": 1186, "visible_unique_passes": 0}
[transformers] Both `min_new_tokens` (=0) and `min_length`(=0) seem to have been set. `min_new_tokens` will take precedence. Please refer to the documentation for more information. (https://huggingface.co/docs/transformers/main/en/main_classes/text_generation)
{"accepted": false, "accepted_total": 48, "task": 1133, "task_id": "sigless_252685088a75", "tasks": 1186, "visible_unique_passes": 0}
[transformers] Both `min_new_tokens` (=0) and `min_length`(=0) seem to have been set. `min_new_tokens` will take precedence. Please refer to the documentation for more information. (https://huggingface.co/docs/transformers/main/en/main_classes/text_generation)
{"accepted": false, "accepted_total": 48, "task": 1134, "task_id": "sigless_66571e00a72e", "tasks": 1186, "visible_unique_passes": 0}
[transformers] Both `min_new_tokens` (=0) and `min_length`(=0) seem to have been set. `min_new_tokens` will take precedence. Please refer to the documentation for more information. (https://huggingface.co/docs/transformers/main/en/main_classes/text_generation)
{"accepted": false, "accepted_total": 48, "task": 1135, "task_id": "fresh-eval-c0b548d5be09", "tasks": 1186, "visible_unique_passes": 1}
[transformers] Both `min_new_tokens` (=0) and `min_length`(=0) seem to have been set. `min_new_tokens` will take precedence. Please refer to the documentation for more information. (https://huggingface.co/docs/transformers/main/en/main_classes/text_generation)
{"accepted": false, "accepted_total": 48, "task": 1136, "task_id": "fresh-eval-2a48edef3437", "tasks": 1186, "visible_unique_passes": 0}
[transformers] Both `min_new_tokens` (=0) and `min_length`(=0) seem to have been set. `min_new_tokens` will take precedence. Please refer to the documentation for more information. (https://huggingface.co/docs/transformers/main/en/main_classes/text_generation)
{"accepted": false, "accepted_total": 48, "task": 1137, "task_id": "sigless_75e668b01b85", "tasks": 1186, "visible_unique_passes": 0}
[transformers] Both `min_new_tokens` (=0) and `min_length`(=0) seem to have been set. `min_new_tokens` will take precedence. Please refer to the documentation for more information. (https://huggingface.co/docs/transformers/main/en/main_classes/text_generation)
{"accepted": false, "accepted_total": 48, "task": 1138, "task_id": "fresh-eval-48cd90343d60", "tasks": 1186, "visible_unique_passes": 0}
[transformers] Both `min_new_tokens` (=0) and `min_length`(=0) seem to have been set. `min_new_tokens` will take precedence. Please refer to the documentation for more information. (https://huggingface.co/docs/transformers/main/en/main_classes/text_generation)
{"accepted": false, "accepted_total": 48, "task": 1139, "task_id": "fresh-eval-734d86ba707d", "tasks": 1186, "visible_unique_passes": 0}
[transformers] Both `min_new_tokens` (=0) and `min_length`(=0) seem to have been set. `min_new_tokens` will take precedence. Please refer to the documentation for more information. (https://huggingface.co/docs/transformers/main/en/main_classes/text_generation)
{"accepted": false, "accepted_total": 48, "task": 1140, "task_id": "sigless_3271c74e2301", "tasks": 1186, "visible_unique_passes": 0}
[transformers] Both `min_new_tokens` (=0) and `min_length`(=0) seem to have been set. `min_new_tokens` will take precedence. Please refer to the documentation for more information. (https://huggingface.co/docs/transformers/main/en/main_classes/text_generation)
{"accepted": false, "accepted_total": 48, "task": 1141, "task_id": "fresh-eval-fab718bbdff1", "tasks": 1186, "visible_unique_passes": 3}
[transformers] Both `min_new_tokens` (=0) and `min_length`(=0) seem to have been set. `min_new_tokens` will take precedence. Please refer to the documentation for more information. (https://huggingface.co/docs/transformers/main/en/main_classes/text_generation)
{"accepted": false, "accepted_total": 48, "task": 1142, "task_id": "fresh-eval-e0cf90b45984", "tasks": 1186, "visible_unique_passes": 0}
[transformers] Both `min_new_tokens` (=0) and `min_length`(=0) seem to have been set. `min_new_tokens` will take precedence. Please refer to the documentation for more information. (https://huggingface.co/docs/transformers/main/en/main_classes/text_generation)
{"accepted": false, "accepted_total": 48, "task": 1143, "task_id": "sigless_245625de910f", "tasks": 1186, "visible_unique_passes": 0}
[transformers] Both `min_new_tokens` (=0) and `min_length`(=0) seem to have been set. `min_new_tokens` will take precedence. Please refer to the documentation for more information. (https://huggingface.co/docs/transformers/main/en/main_classes/text_generation)
{"accepted": true, "accepted_total": 49, "task": 1144, "task_id": "sigless_7b75eb3c24d3", "tasks": 1186, "visible_unique_passes": 1}
[transformers] Both `min_new_tokens` (=0) and `min_length`(=0) seem to have been set. `min_new_tokens` will take precedence. Please refer to the documentation for more information. (https://huggingface.co/docs/transformers/main/en/main_classes/text_generation)
{"accepted": false, "accepted_total": 49, "task": 1145, "task_id": "sigless_9dff560cf485", "tasks": 1186, "visible_unique_passes": 0}
[transformers] Both `min_new_tokens` (=0) and `min_length`(=0) seem to have been set. `min_new_tokens` will take precedence. Please refer to the documentation for more information. (https://huggingface.co/docs/transformers/main/en/main_classes/text_generation)
{"accepted": false, "accepted_total": 49, "task": 1146, "task_id": "sigless_658c2c4687ae", "tasks": 1186, "visible_unique_passes": 0}
[transformers] Both `min_new_tokens` (=0) and `min_length`(=0) seem to have been set. `min_new_tokens` will take precedence. Please refer to the documentation for more information. (https://huggingface.co/docs/transformers/main/en/main_classes/text_generation)
{"accepted": false, "accepted_total": 49, "task": 1147, "task_id": "fresh-eval-13f846a9f2e6", "tasks": 1186, "visible_unique_passes": 0}
[transformers] Both `min_new_tokens` (=0) and `min_length`(=0) seem to have been set. `min_new_tokens` will take precedence. Please refer to the documentation for more information. (https://huggingface.co/docs/transformers/main/en/main_classes/text_generation)
{"accepted": false, "accepted_total": 49, "task": 1148, "task_id": "fresh-eval-87f48f283ae4", "tasks": 1186, "visible_unique_passes": 0}
[transformers] Both `min_new_tokens` (=0) and `min_length`(=0) seem to have been set. `min_new_tokens` will take precedence. Please refer to the documentation for more information. (https://huggingface.co/docs/transformers/main/en/main_classes/text_generation)
{"accepted": false, "accepted_total": 49, "task": 1149, "task_id": "fresh-eval-e2e6354f2163", "tasks": 1186, "visible_unique_passes": 0}
[transformers] Both `min_new_tokens` (=0) and `min_length`(=0) seem to have been set. `min_new_tokens` will take precedence. Please refer to the documentation for more information. (https://huggingface.co/docs/transformers/main/en/main_classes/text_generation)
{"accepted": false, "accepted_total": 49, "task": 1150, "task_id": "sigless_277ef06ee879", "tasks": 1186, "visible_unique_passes": 0}
[transformers] Both `min_new_tokens` (=0) and `min_length`(=0) seem to have been set. `min_new_tokens` will take precedence. Please refer to the documentation for more information. (https://huggingface.co/docs/transformers/main/en/main_classes/text_generation)
{"accepted": false, "accepted_total": 49, "task": 1151, "task_id": "fresh-eval-1a4ae9d4d210", "tasks": 1186, "visible_unique_passes": 0}
[transformers] Both `min_new_tokens` (=0) and `min_length`(=0) seem to have been set. `min_new_tokens` will take precedence. Please refer to the documentation for more information. (https://huggingface.co/docs/transformers/main/en/main_classes/text_generation)
{"accepted": false, "accepted_total": 49, "task": 1152, "task_id": "sigless_f4242b9e4116", "tasks": 1186, "visible_unique_passes": 0}
[transformers] Both `min_new_tokens` (=0) and `min_length`(=0) seem to have been set. `min_new_tokens` will take precedence. Please refer to the documentation for more information. (https://huggingface.co/docs/transformers/main/en/main_classes/text_generation)
{"accepted": false, "accepted_total": 49, "task": 1153, "task_id": "fresh-eval-b3c1cecc97a1", "tasks": 1186, "visible_unique_passes": 0}
[transformers] Both `min_new_tokens` (=0) and `min_length`(=0) seem to have been set. `min_new_tokens` will take precedence. Please refer to the documentation for more information. (https://huggingface.co/docs/transformers/main/en/main_classes/text_generation)
{"accepted": false, "accepted_total": 49, "task": 1154, "task_id": "fresh-eval-6683d36e5288", "tasks": 1186, "visible_unique_passes": 0}
[transformers] Both `min_new_tokens` (=0) and `min_length`(=0) seem to have been set. `min_new_tokens` will take precedence. Please refer to the documentation for more information. (https://huggingface.co/docs/transformers/main/en/main_classes/text_generation)
{"accepted": false, "accepted_total": 49, "task": 1155, "task_id": "sigless_9815c3a7cb3e", "tasks": 1186, "visible_unique_passes": 0}
[transformers] Both `min_new_tokens` (=0) and `min_length`(=0) seem to have been set. `min_new_tokens` will take precedence. Please refer to the documentation for more information. (https://huggingface.co/docs/transformers/main/en/main_classes/text_generation)
{"accepted": false, "accepted_total": 49, "task": 1156, "task_id": "fresh-eval-7df5366fed22", "tasks": 1186, "visible_unique_passes": 0}
[transformers] Both `min_new_tokens` (=0) and `min_length`(=0) seem to have been set. `min_new_tokens` will take precedence. Please refer to the documentation for more information. (https://huggingface.co/docs/transformers/main/en/main_classes/text_generation)
{"accepted": false, "accepted_total": 49, "task": 1157, "task_id": "sigless_03902106df36", "tasks": 1186, "visible_unique_passes": 0}
[transformers] Both `min_new_tokens` (=0) and `min_length`(=0) seem to have been set. `min_new_tokens` will take precedence. Please refer to the documentation for more information. (https://huggingface.co/docs/transformers/main/en/main_classes/text_generation)
{"accepted": false, "accepted_total": 49, "task": 1158, "task_id": "fresh-eval-36d05a87ddcc", "tasks": 1186, "visible_unique_passes": 0}
[transformers] Both `min_new_tokens` (=0) and `min_length`(=0) seem to have been set. `min_new_tokens` will take precedence. Please refer to the documentation for more information. (https://huggingface.co/docs/transformers/main/en/main_classes/text_generation)
{"accepted": false, "accepted_total": 49, "task": 1159, "task_id": "fresh-eval-d81675777888", "tasks": 1186, "visible_unique_passes": 0}
[transformers] Both `min_new_tokens` (=0) and `min_length`(=0) seem to have been set. `min_new_tokens` will take precedence. Please refer to the documentation for more information. (https://huggingface.co/docs/transformers/main/en/main_classes/text_generation)
{"accepted": false, "accepted_total": 49, "task": 1160, "task_id": "fresh-eval-8b22d097b6da", "tasks": 1186, "visible_unique_passes": 0}
[transformers] Both `min_new_tokens` (=0) and `min_length`(=0) seem to have been set. `min_new_tokens` will take precedence. Please refer to the documentation for more information. (https://huggingface.co/docs/transformers/main/en/main_classes/text_generation)
{"accepted": false, "accepted_total": 49, "task": 1161, "task_id": "fresh-eval-90836d0239b6", "tasks": 1186, "visible_unique_passes": 0}
[transformers] Both `min_new_tokens` (=0) and `min_length`(=0) seem to have been set. `min_new_tokens` will take precedence. Please refer to the documentation for more information. (https://huggingface.co/docs/transformers/main/en/main_classes/text_generation)
{"accepted": false, "accepted_total": 49, "task": 1162, "task_id": "sigless_886756ad8bf3", "tasks": 1186, "visible_unique_passes": 0}
[transformers] Both `min_new_tokens` (=0) and `min_length`(=0) seem to have been set. `min_new_tokens` will take precedence. Please refer to the documentation for more information. (https://huggingface.co/docs/transformers/main/en/main_classes/text_generation)
{"accepted": false, "accepted_total": 49, "task": 1163, "task_id": "sigless_f53d28dda027", "tasks": 1186, "visible_unique_passes": 0}
[transformers] Both `min_new_tokens` (=0) and `min_length`(=0) seem to have been set. `min_new_tokens` will take precedence. Please refer to the documentation for more information. (https://huggingface.co/docs/transformers/main/en/main_classes/text_generation)
{"accepted": false, "accepted_total": 49, "task": 1164, "task_id": "fresh-eval-7fdf3a219ff6", "tasks": 1186, "visible_unique_passes": 0}
[transformers] Both `min_new_tokens` (=0) and `min_length`(=0) seem to have been set. `min_new_tokens` will take precedence. Please refer to the documentation for more information. (https://huggingface.co/docs/transformers/main/en/main_classes/text_generation)
{"accepted": false, "accepted_total": 49, "task": 1165, "task_id": "sigless_0de0b2c1403b", "tasks": 1186, "visible_unique_passes": 0}
[transformers] Both `min_new_tokens` (=0) and `min_length`(=0) seem to have been set. `min_new_tokens` will take precedence. Please refer to the documentation for more information. (https://huggingface.co/docs/transformers/main/en/main_classes/text_generation)
{"accepted": false, "accepted_total": 49, "task": 1166, "task_id": "sigless_95c9aaf30eb5", "tasks": 1186, "visible_unique_passes": 0}
[transformers] Both `min_new_tokens` (=0) and `min_length`(=0) seem to have been set. `min_new_tokens` will take precedence. Please refer to the documentation for more information. (https://huggingface.co/docs/transformers/main/en/main_classes/text_generation)
{"accepted": false, "accepted_total": 49, "task": 1167, "task_id": "fresh-eval-9c97701c3e3d", "tasks": 1186, "visible_unique_passes": 0}
[transformers] Both `min_new_tokens` (=0) and `min_length`(=0) seem to have been set. `min_new_tokens` will take precedence. Please refer to the documentation for more information. (https://huggingface.co/docs/transformers/main/en/main_classes/text_generation)
{"accepted": false, "accepted_total": 49, "task": 1168, "task_id": "sigless_8d4eee82bddf", "tasks": 1186, "visible_unique_passes": 0}
[transformers] Both `min_new_tokens` (=0) and `min_length`(=0) seem to have been set. `min_new_tokens` will take precedence. Please refer to the documentation for more information. (https://huggingface.co/docs/transformers/main/en/main_classes/text_generation)
{"accepted": false, "accepted_total": 49, "task": 1169, "task_id": "sigless_1dd3c0084125", "tasks": 1186, "visible_unique_passes": 0}
[transformers] Both `min_new_tokens` (=0) and `min_length`(=0) seem to have been set. `min_new_tokens` will take precedence. Please refer to the documentation for more information. (https://huggingface.co/docs/transformers/main/en/main_classes/text_generation)
{"accepted": false, "accepted_total": 49, "task": 1170, "task_id": "sigless_c6b79d3c53a9", "tasks": 1186, "visible_unique_passes": 0}
[transformers] Both `min_new_tokens` (=0) and `min_length`(=0) seem to have been set. `min_new_tokens` will take precedence. Please refer to the documentation for more information. (https://huggingface.co/docs/transformers/main/en/main_classes/text_generation)
{"accepted": false, "accepted_total": 49, "task": 1171, "task_id": "sigless_6d76d005caa9", "tasks": 1186, "visible_unique_passes": 0}
[transformers] Both `min_new_tokens` (=0) and `min_length`(=0) seem to have been set. `min_new_tokens` will take precedence. Please refer to the documentation for more information. (https://huggingface.co/docs/transformers/main/en/main_classes/text_generation)
{"accepted": false, "accepted_total": 49, "task": 1172, "task_id": "sigless_58746dfa400d", "tasks": 1186, "visible_unique_passes": 0}
[transformers] Both `min_new_tokens` (=0) and `min_length`(=0) seem to have been set. `min_new_tokens` will take precedence. Please refer to the documentation for more information. (https://huggingface.co/docs/transformers/main/en/main_classes/text_generation)
{"accepted": false, "accepted_total": 49, "task": 1173, "task_id": "fresh-eval-522648f868ec", "tasks": 1186, "visible_unique_passes": 0}
[transformers] Both `min_new_tokens` (=0) and `min_length`(=0) seem to have been set. `min_new_tokens` will take precedence. Please refer to the documentation for more information. (https://huggingface.co/docs/transformers/main/en/main_classes/text_generation)
{"accepted": false, "accepted_total": 49, "task": 1174, "task_id": "fresh-eval-e3735a726fa3", "tasks": 1186, "visible_unique_passes": 0}
[transformers] Both `min_new_tokens` (=0) and `min_length`(=0) seem to have been set. `min_new_tokens` will take precedence. Please refer to the documentation for more information. (https://huggingface.co/docs/transformers/main/en/main_classes/text_generation)
{"accepted": false, "accepted_total": 49, "task": 1175, "task_id": "sigless_b566f265e084", "tasks": 1186, "visible_unique_passes": 0}
[transformers] Both `min_new_tokens` (=0) and `min_length`(=0) seem to have been set. `min_new_tokens` will take precedence. Please refer to the documentation for more information. (https://huggingface.co/docs/transformers/main/en/main_classes/text_generation)
{"accepted": false, "accepted_total": 49, "task": 1176, "task_id": "fresh-eval-d03ae6412d2a", "tasks": 1186, "visible_unique_passes": 0}
[transformers] Both `min_new_tokens` (=0) and `min_length`(=0) seem to have been set. `min_new_tokens` will take precedence. Please refer to the documentation for more information. (https://huggingface.co/docs/transformers/main/en/main_classes/text_generation)
{"accepted": false, "accepted_total": 49, "task": 1177, "task_id": "sigless_13119a589f29", "tasks": 1186, "visible_unique_passes": 0}
[transformers] Both `min_new_tokens` (=0) and `min_length`(=0) seem to have been set. `min_new_tokens` will take precedence. Please refer to the documentation for more information. (https://huggingface.co/docs/transformers/main/en/main_classes/text_generation)
{"accepted": false, "accepted_total": 49, "task": 1178, "task_id": "fresh-eval-7e03cdfa9eea", "tasks": 1186, "visible_unique_passes": 0}
[transformers] Both `min_new_tokens` (=0) and `min_length`(=0) seem to have been set. `min_new_tokens` will take precedence. Please refer to the documentation for more information. (https://huggingface.co/docs/transformers/main/en/main_classes/text_generation)
{"accepted": false, "accepted_total": 49, "task": 1179, "task_id": "fresh-eval-488bf94f3f2b", "tasks": 1186, "visible_unique_passes": 0}
[transformers] Both `min_new_tokens` (=0) and `min_length`(=0) seem to have been set. `min_new_tokens` will take precedence. Please refer to the documentation for more information. (https://huggingface.co/docs/transformers/main/en/main_classes/text_generation)
{"accepted": false, "accepted_total": 49, "task": 1180, "task_id": "fresh-eval-860ffb207de8", "tasks": 1186, "visible_unique_passes": 0}
[transformers] Both `min_new_tokens` (=0) and `min_length`(=0) seem to have been set. `min_new_tokens` will take precedence. Please refer to the documentation for more information. (https://huggingface.co/docs/transformers/main/en/main_classes/text_generation)
{"accepted": false, "accepted_total": 49, "task": 1181, "task_id": "sigless_9fb84135ed20", "tasks": 1186, "visible_unique_passes": 0}
[transformers] Both `min_new_tokens` (=0) and `min_length`(=0) seem to have been set. `min_new_tokens` will take precedence. Please refer to the documentation for more information. (https://huggingface.co/docs/transformers/main/en/main_classes/text_generation)
{"accepted": false, "accepted_total": 49, "task": 1182, "task_id": "fresh-eval-2f20542b34b2", "tasks": 1186, "visible_unique_passes": 0}
[transformers] Both `min_new_tokens` (=0) and `min_length`(=0) seem to have been set. `min_new_tokens` will take precedence. Please refer to the documentation for more information. (https://huggingface.co/docs/transformers/main/en/main_classes/text_generation)
{"accepted": false, "accepted_total": 49, "task": 1183, "task_id": "sigless_f6020faa9f9f", "tasks": 1186, "visible_unique_passes": 0}
[transformers] Both `min_new_tokens` (=0) and `min_length`(=0) seem to have been set. `min_new_tokens` will take precedence. Please refer to the documentation for more information. (https://huggingface.co/docs/transformers/main/en/main_classes/text_generation)
{"accepted": false, "accepted_total": 49, "task": 1184, "task_id": "sigless_84fac23a0ac2", "tasks": 1186, "visible_unique_passes": 0}
[transformers] Both `min_new_tokens` (=0) and `min_length`(=0) seem to have been set. `min_new_tokens` will take precedence. Please refer to the documentation for more information. (https://huggingface.co/docs/transformers/main/en/main_classes/text_generation)
{"accepted": false, "accepted_total": 49, "task": 1185, "task_id": "sigless_37a89d6ec41a", "tasks": 1186, "visible_unique_passes": 0}
[transformers] Both `min_new_tokens` (=0) and `min_length`(=0) seem to have been set. `min_new_tokens` will take precedence. Please refer to the documentation for more information. (https://huggingface.co/docs/transformers/main/en/main_classes/text_generation)
{"accepted": false, "accepted_total": 49, "task": 1186, "task_id": "sigless_81b655211f70", "tasks": 1186, "visible_unique_passes": 0}
{"accepted": 49, "output_dir": "/workspace/artifacts/t5gemma2_local_base_harvest_2epoch_remaining1186x4_v1", "production_floor_met": false, "tasks": 1186}
