/workspace/multifunction_v1/expanded2776/verpo_feedback_t5gemma2_v1/verpo_rollout_feedback.jsonl: OK
/workspace/multifunction_v1/expanded2776/verpo_feedback_t5gemma2_v1/verpo_teacher_f2.jsonl: OK
/workspace/multifunction_v1/expanded2776/verpo_feedback_t5gemma2_v1/reward_holdback.private.jsonl: OK
Loading weights:   0%|          | 0/1327 [00:00<?, ?it/s]Loading weights:  44%|████▍     | 589/1327 [00:00<00:00, 5846.72it/s]Loading weights: 100%|██████████| 1327/1327 [00:00<00:00, 8426.28it/s]
[transformers] Both `min_new_tokens` (=0) and `min_length`(=0) seem to have been set. `min_new_tokens` will take precedence. Please refer to the documentation for more information. (https://huggingface.co/docs/transformers/main/en/main_classes/text_generation)
[transformers] Both `min_new_tokens` (=0) and `min_length`(=0) seem to have been set. `min_new_tokens` will take precedence. Please refer to the documentation for more information. (https://huggingface.co/docs/transformers/main/en/main_classes/text_generation)
[transformers] Both `min_new_tokens` (=0) and `min_length`(=0) seem to have been set. `min_new_tokens` will take precedence. Please refer to the documentation for more information. (https://huggingface.co/docs/transformers/main/en/main_classes/text_generation)
{"accepted": false, "accepted_total": 0, "task": 1, "task_id": "fresh-eval-96c66538a491", "tasks": 200, "visible_unique_passes": 0}
[transformers] Both `min_new_tokens` (=0) and `min_length`(=0) seem to have been set. `min_new_tokens` will take precedence. Please refer to the documentation for more information. (https://huggingface.co/docs/transformers/main/en/main_classes/text_generation)
[transformers] Both `min_new_tokens` (=0) and `min_length`(=0) seem to have been set. `min_new_tokens` will take precedence. Please refer to the documentation for more information. (https://huggingface.co/docs/transformers/main/en/main_classes/text_generation)
[transformers] Both `min_new_tokens` (=0) and `min_length`(=0) seem to have been set. `min_new_tokens` will take precedence. Please refer to the documentation for more information. (https://huggingface.co/docs/transformers/main/en/main_classes/text_generation)
{"accepted": false, "accepted_total": 0, "task": 2, "task_id": "fresh-eval-594463aafc7d", "tasks": 200, "visible_unique_passes": 0}
[transformers] Both `min_new_tokens` (=0) and `min_length`(=0) seem to have been set. `min_new_tokens` will take precedence. Please refer to the documentation for more information. (https://huggingface.co/docs/transformers/main/en/main_classes/text_generation)
[transformers] Both `min_new_tokens` (=0) and `min_length`(=0) seem to have been set. `min_new_tokens` will take precedence. Please refer to the documentation for more information. (https://huggingface.co/docs/transformers/main/en/main_classes/text_generation)
[transformers] Both `min_new_tokens` (=0) and `min_length`(=0) seem to have been set. `min_new_tokens` will take precedence. Please refer to the documentation for more information. (https://huggingface.co/docs/transformers/main/en/main_classes/text_generation)
{"accepted": false, "accepted_total": 0, "task": 3, "task_id": "fresh-eval-92774b2d26f4", "tasks": 200, "visible_unique_passes": 0}
[transformers] Both `min_new_tokens` (=0) and `min_length`(=0) seem to have been set. `min_new_tokens` will take precedence. Please refer to the documentation for more information. (https://huggingface.co/docs/transformers/main/en/main_classes/text_generation)
[transformers] Both `min_new_tokens` (=0) and `min_length`(=0) seem to have been set. `min_new_tokens` will take precedence. Please refer to the documentation for more information. (https://huggingface.co/docs/transformers/main/en/main_classes/text_generation)
[transformers] Both `min_new_tokens` (=0) and `min_length`(=0) seem to have been set. `min_new_tokens` will take precedence. Please refer to the documentation for more information. (https://huggingface.co/docs/transformers/main/en/main_classes/text_generation)
{"accepted": false, "accepted_total": 0, "task": 4, "task_id": "fresh-eval-c1a59fd8f6ff", "tasks": 200, "visible_unique_passes": 0}
[transformers] Both `min_new_tokens` (=0) and `min_length`(=0) seem to have been set. `min_new_tokens` will take precedence. Please refer to the documentation for more information. (https://huggingface.co/docs/transformers/main/en/main_classes/text_generation)
[transformers] Both `min_new_tokens` (=0) and `min_length`(=0) seem to have been set. `min_new_tokens` will take precedence. Please refer to the documentation for more information. (https://huggingface.co/docs/transformers/main/en/main_classes/text_generation)
[transformers] Both `min_new_tokens` (=0) and `min_length`(=0) seem to have been set. `min_new_tokens` will take precedence. Please refer to the documentation for more information. (https://huggingface.co/docs/transformers/main/en/main_classes/text_generation)
{"accepted": false, "accepted_total": 0, "task": 5, "task_id": "fresh-eval-72ac49a6fb92", "tasks": 200, "visible_unique_passes": 0}
[transformers] Both `min_new_tokens` (=0) and `min_length`(=0) seem to have been set. `min_new_tokens` will take precedence. Please refer to the documentation for more information. (https://huggingface.co/docs/transformers/main/en/main_classes/text_generation)
[transformers] Both `min_new_tokens` (=0) and `min_length`(=0) seem to have been set. `min_new_tokens` will take precedence. Please refer to the documentation for more information. (https://huggingface.co/docs/transformers/main/en/main_classes/text_generation)
[transformers] Both `min_new_tokens` (=0) and `min_length`(=0) seem to have been set. `min_new_tokens` will take precedence. Please refer to the documentation for more information. (https://huggingface.co/docs/transformers/main/en/main_classes/text_generation)
{"accepted": false, "accepted_total": 0, "task": 6, "task_id": "fresh-eval-a5ed1213af84", "tasks": 200, "visible_unique_passes": 0}
[transformers] Both `min_new_tokens` (=0) and `min_length`(=0) seem to have been set. `min_new_tokens` will take precedence. Please refer to the documentation for more information. (https://huggingface.co/docs/transformers/main/en/main_classes/text_generation)
[transformers] Both `min_new_tokens` (=0) and `min_length`(=0) seem to have been set. `min_new_tokens` will take precedence. Please refer to the documentation for more information. (https://huggingface.co/docs/transformers/main/en/main_classes/text_generation)
[transformers] Both `min_new_tokens` (=0) and `min_length`(=0) seem to have been set. `min_new_tokens` will take precedence. Please refer to the documentation for more information. (https://huggingface.co/docs/transformers/main/en/main_classes/text_generation)
{"accepted": false, "accepted_total": 0, "task": 7, "task_id": "fresh-eval-64622da83b2b", "tasks": 200, "visible_unique_passes": 0}
[transformers] Both `min_new_tokens` (=0) and `min_length`(=0) seem to have been set. `min_new_tokens` will take precedence. Please refer to the documentation for more information. (https://huggingface.co/docs/transformers/main/en/main_classes/text_generation)
[transformers] Both `min_new_tokens` (=0) and `min_length`(=0) seem to have been set. `min_new_tokens` will take precedence. Please refer to the documentation for more information. (https://huggingface.co/docs/transformers/main/en/main_classes/text_generation)
[transformers] Both `min_new_tokens` (=0) and `min_length`(=0) seem to have been set. `min_new_tokens` will take precedence. Please refer to the documentation for more information. (https://huggingface.co/docs/transformers/main/en/main_classes/text_generation)
{"accepted": false, "accepted_total": 0, "task": 8, "task_id": "sigless_42482b64ab02", "tasks": 200, "visible_unique_passes": 0}
[transformers] Both `min_new_tokens` (=0) and `min_length`(=0) seem to have been set. `min_new_tokens` will take precedence. Please refer to the documentation for more information. (https://huggingface.co/docs/transformers/main/en/main_classes/text_generation)
[transformers] Both `min_new_tokens` (=0) and `min_length`(=0) seem to have been set. `min_new_tokens` will take precedence. Please refer to the documentation for more information. (https://huggingface.co/docs/transformers/main/en/main_classes/text_generation)
{"accepted": false, "accepted_total": 0, "task": 9, "task_id": "sigless_f529c5a7cbbb", "tasks": 200, "visible_unique_passes": 0}
[transformers] Both `min_new_tokens` (=0) and `min_length`(=0) seem to have been set. `min_new_tokens` will take precedence. Please refer to the documentation for more information. (https://huggingface.co/docs/transformers/main/en/main_classes/text_generation)
[transformers] Both `min_new_tokens` (=0) and `min_length`(=0) seem to have been set. `min_new_tokens` will take precedence. Please refer to the documentation for more information. (https://huggingface.co/docs/transformers/main/en/main_classes/text_generation)
[transformers] Both `min_new_tokens` (=0) and `min_length`(=0) seem to have been set. `min_new_tokens` will take precedence. Please refer to the documentation for more information. (https://huggingface.co/docs/transformers/main/en/main_classes/text_generation)
{"accepted": false, "accepted_total": 0, "task": 10, "task_id": "sigless_fae4f3e5cb6e", "tasks": 200, "visible_unique_passes": 0}
[transformers] Both `min_new_tokens` (=0) and `min_length`(=0) seem to have been set. `min_new_tokens` will take precedence. Please refer to the documentation for more information. (https://huggingface.co/docs/transformers/main/en/main_classes/text_generation)
[transformers] Both `min_new_tokens` (=0) and `min_length`(=0) seem to have been set. `min_new_tokens` will take precedence. Please refer to the documentation for more information. (https://huggingface.co/docs/transformers/main/en/main_classes/text_generation)
[transformers] Both `min_new_tokens` (=0) and `min_length`(=0) seem to have been set. `min_new_tokens` will take precedence. Please refer to the documentation for more information. (https://huggingface.co/docs/transformers/main/en/main_classes/text_generation)
{"accepted": false, "accepted_total": 0, "task": 11, "task_id": "sigless_c6c16b565fb8", "tasks": 200, "visible_unique_passes": 0}
[transformers] Both `min_new_tokens` (=0) and `min_length`(=0) seem to have been set. `min_new_tokens` will take precedence. Please refer to the documentation for more information. (https://huggingface.co/docs/transformers/main/en/main_classes/text_generation)
[transformers] Both `min_new_tokens` (=0) and `min_length`(=0) seem to have been set. `min_new_tokens` will take precedence. Please refer to the documentation for more information. (https://huggingface.co/docs/transformers/main/en/main_classes/text_generation)
[transformers] Both `min_new_tokens` (=0) and `min_length`(=0) seem to have been set. `min_new_tokens` will take precedence. Please refer to the documentation for more information. (https://huggingface.co/docs/transformers/main/en/main_classes/text_generation)
{"accepted": false, "accepted_total": 0, "task": 12, "task_id": "sigless_ea3cee24023a", "tasks": 200, "visible_unique_passes": 0}
[transformers] Both `min_new_tokens` (=0) and `min_length`(=0) seem to have been set. `min_new_tokens` will take precedence. Please refer to the documentation for more information. (https://huggingface.co/docs/transformers/main/en/main_classes/text_generation)
[transformers] Both `min_new_tokens` (=0) and `min_length`(=0) seem to have been set. `min_new_tokens` will take precedence. Please refer to the documentation for more information. (https://huggingface.co/docs/transformers/main/en/main_classes/text_generation)
[transformers] Both `min_new_tokens` (=0) and `min_length`(=0) seem to have been set. `min_new_tokens` will take precedence. Please refer to the documentation for more information. (https://huggingface.co/docs/transformers/main/en/main_classes/text_generation)
{"accepted": false, "accepted_total": 0, "task": 13, "task_id": "fresh-eval-9cf2b019a001", "tasks": 200, "visible_unique_passes": 0}
[transformers] Both `min_new_tokens` (=0) and `min_length`(=0) seem to have been set. `min_new_tokens` will take precedence. Please refer to the documentation for more information. (https://huggingface.co/docs/transformers/main/en/main_classes/text_generation)
[transformers] Both `min_new_tokens` (=0) and `min_length`(=0) seem to have been set. `min_new_tokens` will take precedence. Please refer to the documentation for more information. (https://huggingface.co/docs/transformers/main/en/main_classes/text_generation)
[transformers] Both `min_new_tokens` (=0) and `min_length`(=0) seem to have been set. `min_new_tokens` will take precedence. Please refer to the documentation for more information. (https://huggingface.co/docs/transformers/main/en/main_classes/text_generation)
{"accepted": false, "accepted_total": 0, "task": 14, "task_id": "fresh-eval-5d2fb150a57e", "tasks": 200, "visible_unique_passes": 0}
[transformers] Both `min_new_tokens` (=0) and `min_length`(=0) seem to have been set. `min_new_tokens` will take precedence. Please refer to the documentation for more information. (https://huggingface.co/docs/transformers/main/en/main_classes/text_generation)
[transformers] Both `min_new_tokens` (=0) and `min_length`(=0) seem to have been set. `min_new_tokens` will take precedence. Please refer to the documentation for more information. (https://huggingface.co/docs/transformers/main/en/main_classes/text_generation)
[transformers] Both `min_new_tokens` (=0) and `min_length`(=0) seem to have been set. `min_new_tokens` will take precedence. Please refer to the documentation for more information. (https://huggingface.co/docs/transformers/main/en/main_classes/text_generation)
{"accepted": false, "accepted_total": 0, "task": 15, "task_id": "sigless_db465188cf87", "tasks": 200, "visible_unique_passes": 0}
[transformers] Both `min_new_tokens` (=0) and `min_length`(=0) seem to have been set. `min_new_tokens` will take precedence. Please refer to the documentation for more information. (https://huggingface.co/docs/transformers/main/en/main_classes/text_generation)
[transformers] Both `min_new_tokens` (=0) and `min_length`(=0) seem to have been set. `min_new_tokens` will take precedence. Please refer to the documentation for more information. (https://huggingface.co/docs/transformers/main/en/main_classes/text_generation)
[transformers] Both `min_new_tokens` (=0) and `min_length`(=0) seem to have been set. `min_new_tokens` will take precedence. Please refer to the documentation for more information. (https://huggingface.co/docs/transformers/main/en/main_classes/text_generation)
{"accepted": false, "accepted_total": 0, "task": 16, "task_id": "fresh-eval-714415b1f075", "tasks": 200, "visible_unique_passes": 0}
[transformers] Both `min_new_tokens` (=0) and `min_length`(=0) seem to have been set. `min_new_tokens` will take precedence. Please refer to the documentation for more information. (https://huggingface.co/docs/transformers/main/en/main_classes/text_generation)
[transformers] Both `min_new_tokens` (=0) and `min_length`(=0) seem to have been set. `min_new_tokens` will take precedence. Please refer to the documentation for more information. (https://huggingface.co/docs/transformers/main/en/main_classes/text_generation)
[transformers] Both `min_new_tokens` (=0) and `min_length`(=0) seem to have been set. `min_new_tokens` will take precedence. Please refer to the documentation for more information. (https://huggingface.co/docs/transformers/main/en/main_classes/text_generation)
{"accepted": false, "accepted_total": 0, "task": 17, "task_id": "fresh-eval-e0ef0e1c780c", "tasks": 200, "visible_unique_passes": 0}
[transformers] Both `min_new_tokens` (=0) and `min_length`(=0) seem to have been set. `min_new_tokens` will take precedence. Please refer to the documentation for more information. (https://huggingface.co/docs/transformers/main/en/main_classes/text_generation)
{"accepted": false, "accepted_total": 0, "task": 18, "task_id": "sigless_7b900dcd8165", "tasks": 200, "visible_unique_passes": 0}
[transformers] Both `min_new_tokens` (=0) and `min_length`(=0) seem to have been set. `min_new_tokens` will take precedence. Please refer to the documentation for more information. (https://huggingface.co/docs/transformers/main/en/main_classes/text_generation)
[transformers] Both `min_new_tokens` (=0) and `min_length`(=0) seem to have been set. `min_new_tokens` will take precedence. Please refer to the documentation for more information. (https://huggingface.co/docs/transformers/main/en/main_classes/text_generation)
[transformers] Both `min_new_tokens` (=0) and `min_length`(=0) seem to have been set. `min_new_tokens` will take precedence. Please refer to the documentation for more information. (https://huggingface.co/docs/transformers/main/en/main_classes/text_generation)
{"accepted": false, "accepted_total": 0, "task": 19, "task_id": "sigless_dc9975f3da2b", "tasks": 200, "visible_unique_passes": 0}
[transformers] Both `min_new_tokens` (=0) and `min_length`(=0) seem to have been set. `min_new_tokens` will take precedence. Please refer to the documentation for more information. (https://huggingface.co/docs/transformers/main/en/main_classes/text_generation)
[transformers] Both `min_new_tokens` (=0) and `min_length`(=0) seem to have been set. `min_new_tokens` will take precedence. Please refer to the documentation for more information. (https://huggingface.co/docs/transformers/main/en/main_classes/text_generation)
[transformers] Both `min_new_tokens` (=0) and `min_length`(=0) seem to have been set. `min_new_tokens` will take precedence. Please refer to the documentation for more information. (https://huggingface.co/docs/transformers/main/en/main_classes/text_generation)
{"accepted": false, "accepted_total": 0, "task": 20, "task_id": "sigless_b9c52a2496a5", "tasks": 200, "visible_unique_passes": 0}
[transformers] Both `min_new_tokens` (=0) and `min_length`(=0) seem to have been set. `min_new_tokens` will take precedence. Please refer to the documentation for more information. (https://huggingface.co/docs/transformers/main/en/main_classes/text_generation)
[transformers] Both `min_new_tokens` (=0) and `min_length`(=0) seem to have been set. `min_new_tokens` will take precedence. Please refer to the documentation for more information. (https://huggingface.co/docs/transformers/main/en/main_classes/text_generation)
[transformers] Both `min_new_tokens` (=0) and `min_length`(=0) seem to have been set. `min_new_tokens` will take precedence. Please refer to the documentation for more information. (https://huggingface.co/docs/transformers/main/en/main_classes/text_generation)
{"accepted": false, "accepted_total": 0, "task": 21, "task_id": "fresh-eval-ed6461d46c3c", "tasks": 200, "visible_unique_passes": 0}
[transformers] Both `min_new_tokens` (=0) and `min_length`(=0) seem to have been set. `min_new_tokens` will take precedence. Please refer to the documentation for more information. (https://huggingface.co/docs/transformers/main/en/main_classes/text_generation)
[transformers] Both `min_new_tokens` (=0) and `min_length`(=0) seem to have been set. `min_new_tokens` will take precedence. Please refer to the documentation for more information. (https://huggingface.co/docs/transformers/main/en/main_classes/text_generation)
[transformers] Both `min_new_tokens` (=0) and `min_length`(=0) seem to have been set. `min_new_tokens` will take precedence. Please refer to the documentation for more information. (https://huggingface.co/docs/transformers/main/en/main_classes/text_generation)
{"accepted": false, "accepted_total": 0, "task": 22, "task_id": "sigless_9ff29e2b3570", "tasks": 200, "visible_unique_passes": 1}
[transformers] Both `min_new_tokens` (=0) and `min_length`(=0) seem to have been set. `min_new_tokens` will take precedence. Please refer to the documentation for more information. (https://huggingface.co/docs/transformers/main/en/main_classes/text_generation)
[transformers] Both `min_new_tokens` (=0) and `min_length`(=0) seem to have been set. `min_new_tokens` will take precedence. Please refer to the documentation for more information. (https://huggingface.co/docs/transformers/main/en/main_classes/text_generation)
[transformers] Both `min_new_tokens` (=0) and `min_length`(=0) seem to have been set. `min_new_tokens` will take precedence. Please refer to the documentation for more information. (https://huggingface.co/docs/transformers/main/en/main_classes/text_generation)
{"accepted": false, "accepted_total": 0, "task": 23, "task_id": "sigless_542ea202d1d5", "tasks": 200, "visible_unique_passes": 0}
[transformers] Both `min_new_tokens` (=0) and `min_length`(=0) seem to have been set. `min_new_tokens` will take precedence. Please refer to the documentation for more information. (https://huggingface.co/docs/transformers/main/en/main_classes/text_generation)
[transformers] Both `min_new_tokens` (=0) and `min_length`(=0) seem to have been set. `min_new_tokens` will take precedence. Please refer to the documentation for more information. (https://huggingface.co/docs/transformers/main/en/main_classes/text_generation)
{"accepted": false, "accepted_total": 0, "task": 24, "task_id": "fresh-eval-f013bee2fd01", "tasks": 200, "visible_unique_passes": 0}
[transformers] Both `min_new_tokens` (=0) and `min_length`(=0) seem to have been set. `min_new_tokens` will take precedence. Please refer to the documentation for more information. (https://huggingface.co/docs/transformers/main/en/main_classes/text_generation)
[transformers] Both `min_new_tokens` (=0) and `min_length`(=0) seem to have been set. `min_new_tokens` will take precedence. Please refer to the documentation for more information. (https://huggingface.co/docs/transformers/main/en/main_classes/text_generation)
[transformers] Both `min_new_tokens` (=0) and `min_length`(=0) seem to have been set. `min_new_tokens` will take precedence. Please refer to the documentation for more information. (https://huggingface.co/docs/transformers/main/en/main_classes/text_generation)
{"accepted": false, "accepted_total": 0, "task": 25, "task_id": "sigless_388c314e6431", "tasks": 200, "visible_unique_passes": 0}
[transformers] Both `min_new_tokens` (=0) and `min_length`(=0) seem to have been set. `min_new_tokens` will take precedence. Please refer to the documentation for more information. (https://huggingface.co/docs/transformers/main/en/main_classes/text_generation)
[transformers] Both `min_new_tokens` (=0) and `min_length`(=0) seem to have been set. `min_new_tokens` will take precedence. Please refer to the documentation for more information. (https://huggingface.co/docs/transformers/main/en/main_classes/text_generation)
[transformers] Both `min_new_tokens` (=0) and `min_length`(=0) seem to have been set. `min_new_tokens` will take precedence. Please refer to the documentation for more information. (https://huggingface.co/docs/transformers/main/en/main_classes/text_generation)
{"accepted": false, "accepted_total": 0, "task": 26, "task_id": "sigless_b65bfd4e1c09", "tasks": 200, "visible_unique_passes": 0}
[transformers] Both `min_new_tokens` (=0) and `min_length`(=0) seem to have been set. `min_new_tokens` will take precedence. Please refer to the documentation for more information. (https://huggingface.co/docs/transformers/main/en/main_classes/text_generation)
[transformers] Both `min_new_tokens` (=0) and `min_length`(=0) seem to have been set. `min_new_tokens` will take precedence. Please refer to the documentation for more information. (https://huggingface.co/docs/transformers/main/en/main_classes/text_generation)
[transformers] Both `min_new_tokens` (=0) and `min_length`(=0) seem to have been set. `min_new_tokens` will take precedence. Please refer to the documentation for more information. (https://huggingface.co/docs/transformers/main/en/main_classes/text_generation)
{"accepted": false, "accepted_total": 0, "task": 27, "task_id": "sigless_c9a4461d0eb8", "tasks": 200, "visible_unique_passes": 0}
[transformers] Both `min_new_tokens` (=0) and `min_length`(=0) seem to have been set. `min_new_tokens` will take precedence. Please refer to the documentation for more information. (https://huggingface.co/docs/transformers/main/en/main_classes/text_generation)
[transformers] Both `min_new_tokens` (=0) and `min_length`(=0) seem to have been set. `min_new_tokens` will take precedence. Please refer to the documentation for more information. (https://huggingface.co/docs/transformers/main/en/main_classes/text_generation)
[transformers] Both `min_new_tokens` (=0) and `min_length`(=0) seem to have been set. `min_new_tokens` will take precedence. Please refer to the documentation for more information. (https://huggingface.co/docs/transformers/main/en/main_classes/text_generation)
{"accepted": false, "accepted_total": 0, "task": 28, "task_id": "fresh-eval-274fbef07585", "tasks": 200, "visible_unique_passes": 0}
[transformers] Both `min_new_tokens` (=0) and `min_length`(=0) seem to have been set. `min_new_tokens` will take precedence. Please refer to the documentation for more information. (https://huggingface.co/docs/transformers/main/en/main_classes/text_generation)
[transformers] Both `min_new_tokens` (=0) and `min_length`(=0) seem to have been set. `min_new_tokens` will take precedence. Please refer to the documentation for more information. (https://huggingface.co/docs/transformers/main/en/main_classes/text_generation)
[transformers] Both `min_new_tokens` (=0) and `min_length`(=0) seem to have been set. `min_new_tokens` will take precedence. Please refer to the documentation for more information. (https://huggingface.co/docs/transformers/main/en/main_classes/text_generation)
{"accepted": false, "accepted_total": 0, "task": 29, "task_id": "sigless_b0c29e95da1b", "tasks": 200, "visible_unique_passes": 0}
[transformers] Both `min_new_tokens` (=0) and `min_length`(=0) seem to have been set. `min_new_tokens` will take precedence. Please refer to the documentation for more information. (https://huggingface.co/docs/transformers/main/en/main_classes/text_generation)
[transformers] Both `min_new_tokens` (=0) and `min_length`(=0) seem to have been set. `min_new_tokens` will take precedence. Please refer to the documentation for more information. (https://huggingface.co/docs/transformers/main/en/main_classes/text_generation)
{"accepted": false, "accepted_total": 0, "task": 30, "task_id": "fresh-eval-4c3e4e6d39ad", "tasks": 200, "visible_unique_passes": 0}
[transformers] Both `min_new_tokens` (=0) and `min_length`(=0) seem to have been set. `min_new_tokens` will take precedence. Please refer to the documentation for more information. (https://huggingface.co/docs/transformers/main/en/main_classes/text_generation)
[transformers] Both `min_new_tokens` (=0) and `min_length`(=0) seem to have been set. `min_new_tokens` will take precedence. Please refer to the documentation for more information. (https://huggingface.co/docs/transformers/main/en/main_classes/text_generation)
[transformers] Both `min_new_tokens` (=0) and `min_length`(=0) seem to have been set. `min_new_tokens` will take precedence. Please refer to the documentation for more information. (https://huggingface.co/docs/transformers/main/en/main_classes/text_generation)
{"accepted": false, "accepted_total": 0, "task": 31, "task_id": "sigless_ad9b0b297158", "tasks": 200, "visible_unique_passes": 0}
[transformers] Both `min_new_tokens` (=0) and `min_length`(=0) seem to have been set. `min_new_tokens` will take precedence. Please refer to the documentation for more information. (https://huggingface.co/docs/transformers/main/en/main_classes/text_generation)
[transformers] Both `min_new_tokens` (=0) and `min_length`(=0) seem to have been set. `min_new_tokens` will take precedence. Please refer to the documentation for more information. (https://huggingface.co/docs/transformers/main/en/main_classes/text_generation)
[transformers] Both `min_new_tokens` (=0) and `min_length`(=0) seem to have been set. `min_new_tokens` will take precedence. Please refer to the documentation for more information. (https://huggingface.co/docs/transformers/main/en/main_classes/text_generation)
{"accepted": false, "accepted_total": 0, "task": 32, "task_id": "sigless_bfae60aff458", "tasks": 200, "visible_unique_passes": 0}
[transformers] Both `min_new_tokens` (=0) and `min_length`(=0) seem to have been set. `min_new_tokens` will take precedence. Please refer to the documentation for more information. (https://huggingface.co/docs/transformers/main/en/main_classes/text_generation)
[transformers] Both `min_new_tokens` (=0) and `min_length`(=0) seem to have been set. `min_new_tokens` will take precedence. Please refer to the documentation for more information. (https://huggingface.co/docs/transformers/main/en/main_classes/text_generation)
[transformers] Both `min_new_tokens` (=0) and `min_length`(=0) seem to have been set. `min_new_tokens` will take precedence. Please refer to the documentation for more information. (https://huggingface.co/docs/transformers/main/en/main_classes/text_generation)
{"accepted": false, "accepted_total": 0, "task": 33, "task_id": "sigless_2ad6ff2f157b", "tasks": 200, "visible_unique_passes": 0}
[transformers] Both `min_new_tokens` (=0) and `min_length`(=0) seem to have been set. `min_new_tokens` will take precedence. Please refer to the documentation for more information. (https://huggingface.co/docs/transformers/main/en/main_classes/text_generation)
[transformers] Both `min_new_tokens` (=0) and `min_length`(=0) seem to have been set. `min_new_tokens` will take precedence. Please refer to the documentation for more information. (https://huggingface.co/docs/transformers/main/en/main_classes/text_generation)
[transformers] Both `min_new_tokens` (=0) and `min_length`(=0) seem to have been set. `min_new_tokens` will take precedence. Please refer to the documentation for more information. (https://huggingface.co/docs/transformers/main/en/main_classes/text_generation)
{"accepted": false, "accepted_total": 0, "task": 34, "task_id": "sigless_2154c5f49b0d", "tasks": 200, "visible_unique_passes": 0}
[transformers] Both `min_new_tokens` (=0) and `min_length`(=0) seem to have been set. `min_new_tokens` will take precedence. Please refer to the documentation for more information. (https://huggingface.co/docs/transformers/main/en/main_classes/text_generation)
[transformers] Both `min_new_tokens` (=0) and `min_length`(=0) seem to have been set. `min_new_tokens` will take precedence. Please refer to the documentation for more information. (https://huggingface.co/docs/transformers/main/en/main_classes/text_generation)
[transformers] Both `min_new_tokens` (=0) and `min_length`(=0) seem to have been set. `min_new_tokens` will take precedence. Please refer to the documentation for more information. (https://huggingface.co/docs/transformers/main/en/main_classes/text_generation)
{"accepted": false, "accepted_total": 0, "task": 35, "task_id": "fresh-eval-ad995329fdfb", "tasks": 200, "visible_unique_passes": 0}
[transformers] Both `min_new_tokens` (=0) and `min_length`(=0) seem to have been set. `min_new_tokens` will take precedence. Please refer to the documentation for more information. (https://huggingface.co/docs/transformers/main/en/main_classes/text_generation)
[transformers] Both `min_new_tokens` (=0) and `min_length`(=0) seem to have been set. `min_new_tokens` will take precedence. Please refer to the documentation for more information. (https://huggingface.co/docs/transformers/main/en/main_classes/text_generation)
[transformers] Both `min_new_tokens` (=0) and `min_length`(=0) seem to have been set. `min_new_tokens` will take precedence. Please refer to the documentation for more information. (https://huggingface.co/docs/transformers/main/en/main_classes/text_generation)
{"accepted": false, "accepted_total": 0, "task": 36, "task_id": "sigless_d020ba845c7d", "tasks": 200, "visible_unique_passes": 0}
[transformers] Both `min_new_tokens` (=0) and `min_length`(=0) seem to have been set. `min_new_tokens` will take precedence. Please refer to the documentation for more information. (https://huggingface.co/docs/transformers/main/en/main_classes/text_generation)
[transformers] Both `min_new_tokens` (=0) and `min_length`(=0) seem to have been set. `min_new_tokens` will take precedence. Please refer to the documentation for more information. (https://huggingface.co/docs/transformers/main/en/main_classes/text_generation)
[transformers] Both `min_new_tokens` (=0) and `min_length`(=0) seem to have been set. `min_new_tokens` will take precedence. Please refer to the documentation for more information. (https://huggingface.co/docs/transformers/main/en/main_classes/text_generation)
{"accepted": false, "accepted_total": 0, "task": 37, "task_id": "sigless_c6b6462d4767", "tasks": 200, "visible_unique_passes": 0}
[transformers] Both `min_new_tokens` (=0) and `min_length`(=0) seem to have been set. `min_new_tokens` will take precedence. Please refer to the documentation for more information. (https://huggingface.co/docs/transformers/main/en/main_classes/text_generation)
[transformers] Both `min_new_tokens` (=0) and `min_length`(=0) seem to have been set. `min_new_tokens` will take precedence. Please refer to the documentation for more information. (https://huggingface.co/docs/transformers/main/en/main_classes/text_generation)
[transformers] Both `min_new_tokens` (=0) and `min_length`(=0) seem to have been set. `min_new_tokens` will take precedence. Please refer to the documentation for more information. (https://huggingface.co/docs/transformers/main/en/main_classes/text_generation)
{"accepted": false, "accepted_total": 0, "task": 38, "task_id": "fresh-eval-33e2d39aa4d3", "tasks": 200, "visible_unique_passes": 0}
[transformers] Both `min_new_tokens` (=0) and `min_length`(=0) seem to have been set. `min_new_tokens` will take precedence. Please refer to the documentation for more information. (https://huggingface.co/docs/transformers/main/en/main_classes/text_generation)
[transformers] Both `min_new_tokens` (=0) and `min_length`(=0) seem to have been set. `min_new_tokens` will take precedence. Please refer to the documentation for more information. (https://huggingface.co/docs/transformers/main/en/main_classes/text_generation)
[transformers] Both `min_new_tokens` (=0) and `min_length`(=0) seem to have been set. `min_new_tokens` will take precedence. Please refer to the documentation for more information. (https://huggingface.co/docs/transformers/main/en/main_classes/text_generation)
{"accepted": false, "accepted_total": 0, "task": 39, "task_id": "fresh-eval-9c91f772d413", "tasks": 200, "visible_unique_passes": 0}
[transformers] Both `min_new_tokens` (=0) and `min_length`(=0) seem to have been set. `min_new_tokens` will take precedence. Please refer to the documentation for more information. (https://huggingface.co/docs/transformers/main/en/main_classes/text_generation)
[transformers] Both `min_new_tokens` (=0) and `min_length`(=0) seem to have been set. `min_new_tokens` will take precedence. Please refer to the documentation for more information. (https://huggingface.co/docs/transformers/main/en/main_classes/text_generation)
[transformers] Both `min_new_tokens` (=0) and `min_length`(=0) seem to have been set. `min_new_tokens` will take precedence. Please refer to the documentation for more information. (https://huggingface.co/docs/transformers/main/en/main_classes/text_generation)
{"accepted": false, "accepted_total": 0, "task": 40, "task_id": "sigless_03c031fc2414", "tasks": 200, "visible_unique_passes": 0}
[transformers] Both `min_new_tokens` (=0) and `min_length`(=0) seem to have been set. `min_new_tokens` will take precedence. Please refer to the documentation for more information. (https://huggingface.co/docs/transformers/main/en/main_classes/text_generation)
[transformers] Both `min_new_tokens` (=0) and `min_length`(=0) seem to have been set. `min_new_tokens` will take precedence. Please refer to the documentation for more information. (https://huggingface.co/docs/transformers/main/en/main_classes/text_generation)
[transformers] Both `min_new_tokens` (=0) and `min_length`(=0) seem to have been set. `min_new_tokens` will take precedence. Please refer to the documentation for more information. (https://huggingface.co/docs/transformers/main/en/main_classes/text_generation)
{"accepted": false, "accepted_total": 0, "task": 41, "task_id": "sigless_65ecc2868490", "tasks": 200, "visible_unique_passes": 0}
[transformers] Both `min_new_tokens` (=0) and `min_length`(=0) seem to have been set. `min_new_tokens` will take precedence. Please refer to the documentation for more information. (https://huggingface.co/docs/transformers/main/en/main_classes/text_generation)
[transformers] Both `min_new_tokens` (=0) and `min_length`(=0) seem to have been set. `min_new_tokens` will take precedence. Please refer to the documentation for more information. (https://huggingface.co/docs/transformers/main/en/main_classes/text_generation)
[transformers] Both `min_new_tokens` (=0) and `min_length`(=0) seem to have been set. `min_new_tokens` will take precedence. Please refer to the documentation for more information. (https://huggingface.co/docs/transformers/main/en/main_classes/text_generation)
{"accepted": false, "accepted_total": 0, "task": 42, "task_id": "fresh-eval-f09364e13140", "tasks": 200, "visible_unique_passes": 0}
[transformers] Both `min_new_tokens` (=0) and `min_length`(=0) seem to have been set. `min_new_tokens` will take precedence. Please refer to the documentation for more information. (https://huggingface.co/docs/transformers/main/en/main_classes/text_generation)
[transformers] Both `min_new_tokens` (=0) and `min_length`(=0) seem to have been set. `min_new_tokens` will take precedence. Please refer to the documentation for more information. (https://huggingface.co/docs/transformers/main/en/main_classes/text_generation)
[transformers] Both `min_new_tokens` (=0) and `min_length`(=0) seem to have been set. `min_new_tokens` will take precedence. Please refer to the documentation for more information. (https://huggingface.co/docs/transformers/main/en/main_classes/text_generation)
{"accepted": false, "accepted_total": 0, "task": 43, "task_id": "sigless_ab267dcfcb70", "tasks": 200, "visible_unique_passes": 0}
[transformers] Both `min_new_tokens` (=0) and `min_length`(=0) seem to have been set. `min_new_tokens` will take precedence. Please refer to the documentation for more information. (https://huggingface.co/docs/transformers/main/en/main_classes/text_generation)
[transformers] Both `min_new_tokens` (=0) and `min_length`(=0) seem to have been set. `min_new_tokens` will take precedence. Please refer to the documentation for more information. (https://huggingface.co/docs/transformers/main/en/main_classes/text_generation)
[transformers] Both `min_new_tokens` (=0) and `min_length`(=0) seem to have been set. `min_new_tokens` will take precedence. Please refer to the documentation for more information. (https://huggingface.co/docs/transformers/main/en/main_classes/text_generation)
{"accepted": false, "accepted_total": 0, "task": 44, "task_id": "fresh-eval-d32e45195ab3", "tasks": 200, "visible_unique_passes": 0}
[transformers] Both `min_new_tokens` (=0) and `min_length`(=0) seem to have been set. `min_new_tokens` will take precedence. Please refer to the documentation for more information. (https://huggingface.co/docs/transformers/main/en/main_classes/text_generation)
[transformers] Both `min_new_tokens` (=0) and `min_length`(=0) seem to have been set. `min_new_tokens` will take precedence. Please refer to the documentation for more information. (https://huggingface.co/docs/transformers/main/en/main_classes/text_generation)
[transformers] Both `min_new_tokens` (=0) and `min_length`(=0) seem to have been set. `min_new_tokens` will take precedence. Please refer to the documentation for more information. (https://huggingface.co/docs/transformers/main/en/main_classes/text_generation)
{"accepted": false, "accepted_total": 0, "task": 45, "task_id": "sigless_6db71c675d48", "tasks": 200, "visible_unique_passes": 0}
[transformers] Both `min_new_tokens` (=0) and `min_length`(=0) seem to have been set. `min_new_tokens` will take precedence. Please refer to the documentation for more information. (https://huggingface.co/docs/transformers/main/en/main_classes/text_generation)
[transformers] Both `min_new_tokens` (=0) and `min_length`(=0) seem to have been set. `min_new_tokens` will take precedence. Please refer to the documentation for more information. (https://huggingface.co/docs/transformers/main/en/main_classes/text_generation)
[transformers] Both `min_new_tokens` (=0) and `min_length`(=0) seem to have been set. `min_new_tokens` will take precedence. Please refer to the documentation for more information. (https://huggingface.co/docs/transformers/main/en/main_classes/text_generation)
{"accepted": false, "accepted_total": 0, "task": 46, "task_id": "fresh-eval-2cc577d3d4b1", "tasks": 200, "visible_unique_passes": 0}
[transformers] Both `min_new_tokens` (=0) and `min_length`(=0) seem to have been set. `min_new_tokens` will take precedence. Please refer to the documentation for more information. (https://huggingface.co/docs/transformers/main/en/main_classes/text_generation)
[transformers] Both `min_new_tokens` (=0) and `min_length`(=0) seem to have been set. `min_new_tokens` will take precedence. Please refer to the documentation for more information. (https://huggingface.co/docs/transformers/main/en/main_classes/text_generation)
[transformers] Both `min_new_tokens` (=0) and `min_length`(=0) seem to have been set. `min_new_tokens` will take precedence. Please refer to the documentation for more information. (https://huggingface.co/docs/transformers/main/en/main_classes/text_generation)
{"accepted": false, "accepted_total": 0, "task": 47, "task_id": "fresh-eval-b4e2d05b4360", "tasks": 200, "visible_unique_passes": 0}
[transformers] Both `min_new_tokens` (=0) and `min_length`(=0) seem to have been set. `min_new_tokens` will take precedence. Please refer to the documentation for more information. (https://huggingface.co/docs/transformers/main/en/main_classes/text_generation)
{"accepted": false, "accepted_total": 0, "task": 48, "task_id": "sigless_8ce6a6ab7c5d", "tasks": 200, "visible_unique_passes": 0}
[transformers] Both `min_new_tokens` (=0) and `min_length`(=0) seem to have been set. `min_new_tokens` will take precedence. Please refer to the documentation for more information. (https://huggingface.co/docs/transformers/main/en/main_classes/text_generation)
{"accepted": true, "accepted_total": 1, "task": 49, "task_id": "fresh-eval-861505eeb2a1", "tasks": 200, "visible_unique_passes": 1}
[transformers] Both `min_new_tokens` (=0) and `min_length`(=0) seem to have been set. `min_new_tokens` will take precedence. Please refer to the documentation for more information. (https://huggingface.co/docs/transformers/main/en/main_classes/text_generation)
[transformers] Both `min_new_tokens` (=0) and `min_length`(=0) seem to have been set. `min_new_tokens` will take precedence. Please refer to the documentation for more information. (https://huggingface.co/docs/transformers/main/en/main_classes/text_generation)
{"accepted": false, "accepted_total": 1, "task": 50, "task_id": "fresh-eval-58ad3ab1c53e", "tasks": 200, "visible_unique_passes": 0}
[transformers] Both `min_new_tokens` (=0) and `min_length`(=0) seem to have been set. `min_new_tokens` will take precedence. Please refer to the documentation for more information. (https://huggingface.co/docs/transformers/main/en/main_classes/text_generation)
[transformers] Both `min_new_tokens` (=0) and `min_length`(=0) seem to have been set. `min_new_tokens` will take precedence. Please refer to the documentation for more information. (https://huggingface.co/docs/transformers/main/en/main_classes/text_generation)
[transformers] Both `min_new_tokens` (=0) and `min_length`(=0) seem to have been set. `min_new_tokens` will take precedence. Please refer to the documentation for more information. (https://huggingface.co/docs/transformers/main/en/main_classes/text_generation)
{"accepted": false, "accepted_total": 1, "task": 51, "task_id": "sigless_b5205e4b767f", "tasks": 200, "visible_unique_passes": 0}
[transformers] Both `min_new_tokens` (=0) and `min_length`(=0) seem to have been set. `min_new_tokens` will take precedence. Please refer to the documentation for more information. (https://huggingface.co/docs/transformers/main/en/main_classes/text_generation)
[transformers] Both `min_new_tokens` (=0) and `min_length`(=0) seem to have been set. `min_new_tokens` will take precedence. Please refer to the documentation for more information. (https://huggingface.co/docs/transformers/main/en/main_classes/text_generation)
[transformers] Both `min_new_tokens` (=0) and `min_length`(=0) seem to have been set. `min_new_tokens` will take precedence. Please refer to the documentation for more information. (https://huggingface.co/docs/transformers/main/en/main_classes/text_generation)
{"accepted": false, "accepted_total": 1, "task": 52, "task_id": "fresh-eval-1af7b7a1837a", "tasks": 200, "visible_unique_passes": 0}
[transformers] Both `min_new_tokens` (=0) and `min_length`(=0) seem to have been set. `min_new_tokens` will take precedence. Please refer to the documentation for more information. (https://huggingface.co/docs/transformers/main/en/main_classes/text_generation)
{"accepted": false, "accepted_total": 1, "task": 53, "task_id": "fresh-eval-df3ad1e3cae0", "tasks": 200, "visible_unique_passes": 0}
[transformers] Both `min_new_tokens` (=0) and `min_length`(=0) seem to have been set. `min_new_tokens` will take precedence. Please refer to the documentation for more information. (https://huggingface.co/docs/transformers/main/en/main_classes/text_generation)
[transformers] Both `min_new_tokens` (=0) and `min_length`(=0) seem to have been set. `min_new_tokens` will take precedence. Please refer to the documentation for more information. (https://huggingface.co/docs/transformers/main/en/main_classes/text_generation)
[transformers] Both `min_new_tokens` (=0) and `min_length`(=0) seem to have been set. `min_new_tokens` will take precedence. Please refer to the documentation for more information. (https://huggingface.co/docs/transformers/main/en/main_classes/text_generation)
{"accepted": false, "accepted_total": 1, "task": 54, "task_id": "sigless_f3c0cb67b9c2", "tasks": 200, "visible_unique_passes": 0}
[transformers] Both `min_new_tokens` (=0) and `min_length`(=0) seem to have been set. `min_new_tokens` will take precedence. Please refer to the documentation for more information. (https://huggingface.co/docs/transformers/main/en/main_classes/text_generation)
{"accepted": false, "accepted_total": 1, "task": 55, "task_id": "sigless_911e30440884", "tasks": 200, "visible_unique_passes": 1}
[transformers] Both `min_new_tokens` (=0) and `min_length`(=0) seem to have been set. `min_new_tokens` will take precedence. Please refer to the documentation for more information. (https://huggingface.co/docs/transformers/main/en/main_classes/text_generation)
[transformers] Both `min_new_tokens` (=0) and `min_length`(=0) seem to have been set. `min_new_tokens` will take precedence. Please refer to the documentation for more information. (https://huggingface.co/docs/transformers/main/en/main_classes/text_generation)
[transformers] Both `min_new_tokens` (=0) and `min_length`(=0) seem to have been set. `min_new_tokens` will take precedence. Please refer to the documentation for more information. (https://huggingface.co/docs/transformers/main/en/main_classes/text_generation)
{"accepted": false, "accepted_total": 1, "task": 56, "task_id": "sigless_704208010f34", "tasks": 200, "visible_unique_passes": 0}
[transformers] Both `min_new_tokens` (=0) and `min_length`(=0) seem to have been set. `min_new_tokens` will take precedence. Please refer to the documentation for more information. (https://huggingface.co/docs/transformers/main/en/main_classes/text_generation)
[transformers] Both `min_new_tokens` (=0) and `min_length`(=0) seem to have been set. `min_new_tokens` will take precedence. Please refer to the documentation for more information. (https://huggingface.co/docs/transformers/main/en/main_classes/text_generation)
[transformers] Both `min_new_tokens` (=0) and `min_length`(=0) seem to have been set. `min_new_tokens` will take precedence. Please refer to the documentation for more information. (https://huggingface.co/docs/transformers/main/en/main_classes/text_generation)
{"accepted": false, "accepted_total": 1, "task": 57, "task_id": "fresh-eval-aa92d1c98233", "tasks": 200, "visible_unique_passes": 0}
[transformers] Both `min_new_tokens` (=0) and `min_length`(=0) seem to have been set. `min_new_tokens` will take precedence. Please refer to the documentation for more information. (https://huggingface.co/docs/transformers/main/en/main_classes/text_generation)
[transformers] Both `min_new_tokens` (=0) and `min_length`(=0) seem to have been set. `min_new_tokens` will take precedence. Please refer to the documentation for more information. (https://huggingface.co/docs/transformers/main/en/main_classes/text_generation)
[transformers] Both `min_new_tokens` (=0) and `min_length`(=0) seem to have been set. `min_new_tokens` will take precedence. Please refer to the documentation for more information. (https://huggingface.co/docs/transformers/main/en/main_classes/text_generation)
{"accepted": false, "accepted_total": 1, "task": 58, "task_id": "sigless_a0c192f9fb04", "tasks": 200, "visible_unique_passes": 0}
[transformers] Both `min_new_tokens` (=0) and `min_length`(=0) seem to have been set. `min_new_tokens` will take precedence. Please refer to the documentation for more information. (https://huggingface.co/docs/transformers/main/en/main_classes/text_generation)
[transformers] Both `min_new_tokens` (=0) and `min_length`(=0) seem to have been set. `min_new_tokens` will take precedence. Please refer to the documentation for more information. (https://huggingface.co/docs/transformers/main/en/main_classes/text_generation)
{"accepted": false, "accepted_total": 1, "task": 59, "task_id": "fresh-eval-39e00cf2632a", "tasks": 200, "visible_unique_passes": 0}
[transformers] Both `min_new_tokens` (=0) and `min_length`(=0) seem to have been set. `min_new_tokens` will take precedence. Please refer to the documentation for more information. (https://huggingface.co/docs/transformers/main/en/main_classes/text_generation)
{"accepted": true, "accepted_total": 2, "task": 60, "task_id": "fresh-eval-b8e7b407170e", "tasks": 200, "visible_unique_passes": 1}
[transformers] Both `min_new_tokens` (=0) and `min_length`(=0) seem to have been set. `min_new_tokens` will take precedence. Please refer to the documentation for more information. (https://huggingface.co/docs/transformers/main/en/main_classes/text_generation)
[transformers] Both `min_new_tokens` (=0) and `min_length`(=0) seem to have been set. `min_new_tokens` will take precedence. Please refer to the documentation for more information. (https://huggingface.co/docs/transformers/main/en/main_classes/text_generation)
[transformers] Both `min_new_tokens` (=0) and `min_length`(=0) seem to have been set. `min_new_tokens` will take precedence. Please refer to the documentation for more information. (https://huggingface.co/docs/transformers/main/en/main_classes/text_generation)
{"accepted": false, "accepted_total": 2, "task": 61, "task_id": "fresh-eval-6a5285b0eee5", "tasks": 200, "visible_unique_passes": 0}
[transformers] Both `min_new_tokens` (=0) and `min_length`(=0) seem to have been set. `min_new_tokens` will take precedence. Please refer to the documentation for more information. (https://huggingface.co/docs/transformers/main/en/main_classes/text_generation)
[transformers] Both `min_new_tokens` (=0) and `min_length`(=0) seem to have been set. `min_new_tokens` will take precedence. Please refer to the documentation for more information. (https://huggingface.co/docs/transformers/main/en/main_classes/text_generation)
[transformers] Both `min_new_tokens` (=0) and `min_length`(=0) seem to have been set. `min_new_tokens` will take precedence. Please refer to the documentation for more information. (https://huggingface.co/docs/transformers/main/en/main_classes/text_generation)
{"accepted": false, "accepted_total": 2, "task": 62, "task_id": "sigless_225ff5e37f29", "tasks": 200, "visible_unique_passes": 0}
[transformers] Both `min_new_tokens` (=0) and `min_length`(=0) seem to have been set. `min_new_tokens` will take precedence. Please refer to the documentation for more information. (https://huggingface.co/docs/transformers/main/en/main_classes/text_generation)
[transformers] Both `min_new_tokens` (=0) and `min_length`(=0) seem to have been set. `min_new_tokens` will take precedence. Please refer to the documentation for more information. (https://huggingface.co/docs/transformers/main/en/main_classes/text_generation)
[transformers] Both `min_new_tokens` (=0) and `min_length`(=0) seem to have been set. `min_new_tokens` will take precedence. Please refer to the documentation for more information. (https://huggingface.co/docs/transformers/main/en/main_classes/text_generation)
{"accepted": false, "accepted_total": 2, "task": 63, "task_id": "sigless_a44286e7f2d8", "tasks": 200, "visible_unique_passes": 0}
[transformers] Both `min_new_tokens` (=0) and `min_length`(=0) seem to have been set. `min_new_tokens` will take precedence. Please refer to the documentation for more information. (https://huggingface.co/docs/transformers/main/en/main_classes/text_generation)
[transformers] Both `min_new_tokens` (=0) and `min_length`(=0) seem to have been set. `min_new_tokens` will take precedence. Please refer to the documentation for more information. (https://huggingface.co/docs/transformers/main/en/main_classes/text_generation)
[transformers] Both `min_new_tokens` (=0) and `min_length`(=0) seem to have been set. `min_new_tokens` will take precedence. Please refer to the documentation for more information. (https://huggingface.co/docs/transformers/main/en/main_classes/text_generation)
{"accepted": false, "accepted_total": 2, "task": 64, "task_id": "sigless_53699360ee35", "tasks": 200, "visible_unique_passes": 0}
[transformers] Both `min_new_tokens` (=0) and `min_length`(=0) seem to have been set. `min_new_tokens` will take precedence. Please refer to the documentation for more information. (https://huggingface.co/docs/transformers/main/en/main_classes/text_generation)
[transformers] Both `min_new_tokens` (=0) and `min_length`(=0) seem to have been set. `min_new_tokens` will take precedence. Please refer to the documentation for more information. (https://huggingface.co/docs/transformers/main/en/main_classes/text_generation)
[transformers] Both `min_new_tokens` (=0) and `min_length`(=0) seem to have been set. `min_new_tokens` will take precedence. Please refer to the documentation for more information. (https://huggingface.co/docs/transformers/main/en/main_classes/text_generation)
{"accepted": false, "accepted_total": 2, "task": 65, "task_id": "fresh-eval-4628d7a6e264", "tasks": 200, "visible_unique_passes": 0}
[transformers] Both `min_new_tokens` (=0) and `min_length`(=0) seem to have been set. `min_new_tokens` will take precedence. Please refer to the documentation for more information. (https://huggingface.co/docs/transformers/main/en/main_classes/text_generation)
[transformers] Both `min_new_tokens` (=0) and `min_length`(=0) seem to have been set. `min_new_tokens` will take precedence. Please refer to the documentation for more information. (https://huggingface.co/docs/transformers/main/en/main_classes/text_generation)
[transformers] Both `min_new_tokens` (=0) and `min_length`(=0) seem to have been set. `min_new_tokens` will take precedence. Please refer to the documentation for more information. (https://huggingface.co/docs/transformers/main/en/main_classes/text_generation)
{"accepted": false, "accepted_total": 2, "task": 66, "task_id": "sigless_332a71719331", "tasks": 200, "visible_unique_passes": 0}
[transformers] Both `min_new_tokens` (=0) and `min_length`(=0) seem to have been set. `min_new_tokens` will take precedence. Please refer to the documentation for more information. (https://huggingface.co/docs/transformers/main/en/main_classes/text_generation)
[transformers] Both `min_new_tokens` (=0) and `min_length`(=0) seem to have been set. `min_new_tokens` will take precedence. Please refer to the documentation for more information. (https://huggingface.co/docs/transformers/main/en/main_classes/text_generation)
[transformers] Both `min_new_tokens` (=0) and `min_length`(=0) seem to have been set. `min_new_tokens` will take precedence. Please refer to the documentation for more information. (https://huggingface.co/docs/transformers/main/en/main_classes/text_generation)
{"accepted": false, "accepted_total": 2, "task": 67, "task_id": "fresh-eval-c0aba8702d7d", "tasks": 200, "visible_unique_passes": 0}
[transformers] Both `min_new_tokens` (=0) and `min_length`(=0) seem to have been set. `min_new_tokens` will take precedence. Please refer to the documentation for more information. (https://huggingface.co/docs/transformers/main/en/main_classes/text_generation)
[transformers] Both `min_new_tokens` (=0) and `min_length`(=0) seem to have been set. `min_new_tokens` will take precedence. Please refer to the documentation for more information. (https://huggingface.co/docs/transformers/main/en/main_classes/text_generation)
[transformers] Both `min_new_tokens` (=0) and `min_length`(=0) seem to have been set. `min_new_tokens` will take precedence. Please refer to the documentation for more information. (https://huggingface.co/docs/transformers/main/en/main_classes/text_generation)
{"accepted": false, "accepted_total": 2, "task": 68, "task_id": "fresh-eval-dbdc95db21b7", "tasks": 200, "visible_unique_passes": 0}
[transformers] Both `min_new_tokens` (=0) and `min_length`(=0) seem to have been set. `min_new_tokens` will take precedence. Please refer to the documentation for more information. (https://huggingface.co/docs/transformers/main/en/main_classes/text_generation)
[transformers] Both `min_new_tokens` (=0) and `min_length`(=0) seem to have been set. `min_new_tokens` will take precedence. Please refer to the documentation for more information. (https://huggingface.co/docs/transformers/main/en/main_classes/text_generation)
[transformers] Both `min_new_tokens` (=0) and `min_length`(=0) seem to have been set. `min_new_tokens` will take precedence. Please refer to the documentation for more information. (https://huggingface.co/docs/transformers/main/en/main_classes/text_generation)
{"accepted": false, "accepted_total": 2, "task": 69, "task_id": "fresh-eval-3173be7c3a12", "tasks": 200, "visible_unique_passes": 0}
[transformers] Both `min_new_tokens` (=0) and `min_length`(=0) seem to have been set. `min_new_tokens` will take precedence. Please refer to the documentation for more information. (https://huggingface.co/docs/transformers/main/en/main_classes/text_generation)
[transformers] Both `min_new_tokens` (=0) and `min_length`(=0) seem to have been set. `min_new_tokens` will take precedence. Please refer to the documentation for more information. (https://huggingface.co/docs/transformers/main/en/main_classes/text_generation)
[transformers] Both `min_new_tokens` (=0) and `min_length`(=0) seem to have been set. `min_new_tokens` will take precedence. Please refer to the documentation for more information. (https://huggingface.co/docs/transformers/main/en/main_classes/text_generation)
{"accepted": false, "accepted_total": 2, "task": 70, "task_id": "sigless_a3d60784ec40", "tasks": 200, "visible_unique_passes": 0}
[transformers] Both `min_new_tokens` (=0) and `min_length`(=0) seem to have been set. `min_new_tokens` will take precedence. Please refer to the documentation for more information. (https://huggingface.co/docs/transformers/main/en/main_classes/text_generation)
[transformers] Both `min_new_tokens` (=0) and `min_length`(=0) seem to have been set. `min_new_tokens` will take precedence. Please refer to the documentation for more information. (https://huggingface.co/docs/transformers/main/en/main_classes/text_generation)
{"accepted": false, "accepted_total": 2, "task": 71, "task_id": "fresh-eval-0a4d9ef2d1de", "tasks": 200, "visible_unique_passes": 0}
[transformers] Both `min_new_tokens` (=0) and `min_length`(=0) seem to have been set. `min_new_tokens` will take precedence. Please refer to the documentation for more information. (https://huggingface.co/docs/transformers/main/en/main_classes/text_generation)
[transformers] Both `min_new_tokens` (=0) and `min_length`(=0) seem to have been set. `min_new_tokens` will take precedence. Please refer to the documentation for more information. (https://huggingface.co/docs/transformers/main/en/main_classes/text_generation)
[transformers] Both `min_new_tokens` (=0) and `min_length`(=0) seem to have been set. `min_new_tokens` will take precedence. Please refer to the documentation for more information. (https://huggingface.co/docs/transformers/main/en/main_classes/text_generation)
{"accepted": false, "accepted_total": 2, "task": 72, "task_id": "sigless_4b089cb999db", "tasks": 200, "visible_unique_passes": 0}
[transformers] Both `min_new_tokens` (=0) and `min_length`(=0) seem to have been set. `min_new_tokens` will take precedence. Please refer to the documentation for more information. (https://huggingface.co/docs/transformers/main/en/main_classes/text_generation)
[transformers] Both `min_new_tokens` (=0) and `min_length`(=0) seem to have been set. `min_new_tokens` will take precedence. Please refer to the documentation for more information. (https://huggingface.co/docs/transformers/main/en/main_classes/text_generation)
[transformers] Both `min_new_tokens` (=0) and `min_length`(=0) seem to have been set. `min_new_tokens` will take precedence. Please refer to the documentation for more information. (https://huggingface.co/docs/transformers/main/en/main_classes/text_generation)
{"accepted": false, "accepted_total": 2, "task": 73, "task_id": "sigless_5ef01b4278b3", "tasks": 200, "visible_unique_passes": 0}
[transformers] Both `min_new_tokens` (=0) and `min_length`(=0) seem to have been set. `min_new_tokens` will take precedence. Please refer to the documentation for more information. (https://huggingface.co/docs/transformers/main/en/main_classes/text_generation)
[transformers] Both `min_new_tokens` (=0) and `min_length`(=0) seem to have been set. `min_new_tokens` will take precedence. Please refer to the documentation for more information. (https://huggingface.co/docs/transformers/main/en/main_classes/text_generation)
[transformers] Both `min_new_tokens` (=0) and `min_length`(=0) seem to have been set. `min_new_tokens` will take precedence. Please refer to the documentation for more information. (https://huggingface.co/docs/transformers/main/en/main_classes/text_generation)
{"accepted": false, "accepted_total": 2, "task": 74, "task_id": "sigless_8107272c2ce1", "tasks": 200, "visible_unique_passes": 0}
[transformers] Both `min_new_tokens` (=0) and `min_length`(=0) seem to have been set. `min_new_tokens` will take precedence. Please refer to the documentation for more information. (https://huggingface.co/docs/transformers/main/en/main_classes/text_generation)
[transformers] Both `min_new_tokens` (=0) and `min_length`(=0) seem to have been set. `min_new_tokens` will take precedence. Please refer to the documentation for more information. (https://huggingface.co/docs/transformers/main/en/main_classes/text_generation)
[transformers] Both `min_new_tokens` (=0) and `min_length`(=0) seem to have been set. `min_new_tokens` will take precedence. Please refer to the documentation for more information. (https://huggingface.co/docs/transformers/main/en/main_classes/text_generation)
{"accepted": false, "accepted_total": 2, "task": 75, "task_id": "sigless_d735a77c9442", "tasks": 200, "visible_unique_passes": 0}
[transformers] Both `min_new_tokens` (=0) and `min_length`(=0) seem to have been set. `min_new_tokens` will take precedence. Please refer to the documentation for more information. (https://huggingface.co/docs/transformers/main/en/main_classes/text_generation)
[transformers] Both `min_new_tokens` (=0) and `min_length`(=0) seem to have been set. `min_new_tokens` will take precedence. Please refer to the documentation for more information. (https://huggingface.co/docs/transformers/main/en/main_classes/text_generation)
[transformers] Both `min_new_tokens` (=0) and `min_length`(=0) seem to have been set. `min_new_tokens` will take precedence. Please refer to the documentation for more information. (https://huggingface.co/docs/transformers/main/en/main_classes/text_generation)
{"accepted": false, "accepted_total": 2, "task": 76, "task_id": "sigless_0b6290c1bc5f", "tasks": 200, "visible_unique_passes": 0}
[transformers] Both `min_new_tokens` (=0) and `min_length`(=0) seem to have been set. `min_new_tokens` will take precedence. Please refer to the documentation for more information. (https://huggingface.co/docs/transformers/main/en/main_classes/text_generation)
[transformers] Both `min_new_tokens` (=0) and `min_length`(=0) seem to have been set. `min_new_tokens` will take precedence. Please refer to the documentation for more information. (https://huggingface.co/docs/transformers/main/en/main_classes/text_generation)
[transformers] Both `min_new_tokens` (=0) and `min_length`(=0) seem to have been set. `min_new_tokens` will take precedence. Please refer to the documentation for more information. (https://huggingface.co/docs/transformers/main/en/main_classes/text_generation)
{"accepted": false, "accepted_total": 2, "task": 77, "task_id": "fresh-eval-529de042f352", "tasks": 200, "visible_unique_passes": 0}
[transformers] Both `min_new_tokens` (=0) and `min_length`(=0) seem to have been set. `min_new_tokens` will take precedence. Please refer to the documentation for more information. (https://huggingface.co/docs/transformers/main/en/main_classes/text_generation)
{"accepted": false, "accepted_total": 2, "task": 78, "task_id": "sigless_dd8691823361", "tasks": 200, "visible_unique_passes": 0}
[transformers] Both `min_new_tokens` (=0) and `min_length`(=0) seem to have been set. `min_new_tokens` will take precedence. Please refer to the documentation for more information. (https://huggingface.co/docs/transformers/main/en/main_classes/text_generation)
[transformers] Both `min_new_tokens` (=0) and `min_length`(=0) seem to have been set. `min_new_tokens` will take precedence. Please refer to the documentation for more information. (https://huggingface.co/docs/transformers/main/en/main_classes/text_generation)
[transformers] Both `min_new_tokens` (=0) and `min_length`(=0) seem to have been set. `min_new_tokens` will take precedence. Please refer to the documentation for more information. (https://huggingface.co/docs/transformers/main/en/main_classes/text_generation)
{"accepted": false, "accepted_total": 2, "task": 79, "task_id": "fresh-eval-5b5ca436c60e", "tasks": 200, "visible_unique_passes": 0}
[transformers] Both `min_new_tokens` (=0) and `min_length`(=0) seem to have been set. `min_new_tokens` will take precedence. Please refer to the documentation for more information. (https://huggingface.co/docs/transformers/main/en/main_classes/text_generation)
[transformers] Both `min_new_tokens` (=0) and `min_length`(=0) seem to have been set. `min_new_tokens` will take precedence. Please refer to the documentation for more information. (https://huggingface.co/docs/transformers/main/en/main_classes/text_generation)
[transformers] Both `min_new_tokens` (=0) and `min_length`(=0) seem to have been set. `min_new_tokens` will take precedence. Please refer to the documentation for more information. (https://huggingface.co/docs/transformers/main/en/main_classes/text_generation)
{"accepted": false, "accepted_total": 2, "task": 80, "task_id": "sigless_459ef454900f", "tasks": 200, "visible_unique_passes": 0}
[transformers] Both `min_new_tokens` (=0) and `min_length`(=0) seem to have been set. `min_new_tokens` will take precedence. Please refer to the documentation for more information. (https://huggingface.co/docs/transformers/main/en/main_classes/text_generation)
[transformers] Both `min_new_tokens` (=0) and `min_length`(=0) seem to have been set. `min_new_tokens` will take precedence. Please refer to the documentation for more information. (https://huggingface.co/docs/transformers/main/en/main_classes/text_generation)
{"accepted": false, "accepted_total": 2, "task": 81, "task_id": "fresh-eval-e5ad72f9a3e5", "tasks": 200, "visible_unique_passes": 0}
[transformers] Both `min_new_tokens` (=0) and `min_length`(=0) seem to have been set. `min_new_tokens` will take precedence. Please refer to the documentation for more information. (https://huggingface.co/docs/transformers/main/en/main_classes/text_generation)
[transformers] Both `min_new_tokens` (=0) and `min_length`(=0) seem to have been set. `min_new_tokens` will take precedence. Please refer to the documentation for more information. (https://huggingface.co/docs/transformers/main/en/main_classes/text_generation)
{"accepted": false, "accepted_total": 2, "task": 82, "task_id": "fresh-eval-16f38e5f2525", "tasks": 200, "visible_unique_passes": 0}
[transformers] Both `min_new_tokens` (=0) and `min_length`(=0) seem to have been set. `min_new_tokens` will take precedence. Please refer to the documentation for more information. (https://huggingface.co/docs/transformers/main/en/main_classes/text_generation)
[transformers] Both `min_new_tokens` (=0) and `min_length`(=0) seem to have been set. `min_new_tokens` will take precedence. Please refer to the documentation for more information. (https://huggingface.co/docs/transformers/main/en/main_classes/text_generation)
[transformers] Both `min_new_tokens` (=0) and `min_length`(=0) seem to have been set. `min_new_tokens` will take precedence. Please refer to the documentation for more information. (https://huggingface.co/docs/transformers/main/en/main_classes/text_generation)
{"accepted": false, "accepted_total": 2, "task": 83, "task_id": "fresh-eval-794554972b49", "tasks": 200, "visible_unique_passes": 0}
[transformers] Both `min_new_tokens` (=0) and `min_length`(=0) seem to have been set. `min_new_tokens` will take precedence. Please refer to the documentation for more information. (https://huggingface.co/docs/transformers/main/en/main_classes/text_generation)
[transformers] Both `min_new_tokens` (=0) and `min_length`(=0) seem to have been set. `min_new_tokens` will take precedence. Please refer to the documentation for more information. (https://huggingface.co/docs/transformers/main/en/main_classes/text_generation)
[transformers] Both `min_new_tokens` (=0) and `min_length`(=0) seem to have been set. `min_new_tokens` will take precedence. Please refer to the documentation for more information. (https://huggingface.co/docs/transformers/main/en/main_classes/text_generation)
{"accepted": false, "accepted_total": 2, "task": 84, "task_id": "fresh-eval-5df63479560b", "tasks": 200, "visible_unique_passes": 0}
[transformers] Both `min_new_tokens` (=0) and `min_length`(=0) seem to have been set. `min_new_tokens` will take precedence. Please refer to the documentation for more information. (https://huggingface.co/docs/transformers/main/en/main_classes/text_generation)
[transformers] Both `min_new_tokens` (=0) and `min_length`(=0) seem to have been set. `min_new_tokens` will take precedence. Please refer to the documentation for more information. (https://huggingface.co/docs/transformers/main/en/main_classes/text_generation)
[transformers] Both `min_new_tokens` (=0) and `min_length`(=0) seem to have been set. `min_new_tokens` will take precedence. Please refer to the documentation for more information. (https://huggingface.co/docs/transformers/main/en/main_classes/text_generation)
{"accepted": false, "accepted_total": 2, "task": 85, "task_id": "sigless_9f39fb843bf3", "tasks": 200, "visible_unique_passes": 0}
[transformers] Both `min_new_tokens` (=0) and `min_length`(=0) seem to have been set. `min_new_tokens` will take precedence. Please refer to the documentation for more information. (https://huggingface.co/docs/transformers/main/en/main_classes/text_generation)
[transformers] Both `min_new_tokens` (=0) and `min_length`(=0) seem to have been set. `min_new_tokens` will take precedence. Please refer to the documentation for more information. (https://huggingface.co/docs/transformers/main/en/main_classes/text_generation)
[transformers] Both `min_new_tokens` (=0) and `min_length`(=0) seem to have been set. `min_new_tokens` will take precedence. Please refer to the documentation for more information. (https://huggingface.co/docs/transformers/main/en/main_classes/text_generation)
{"accepted": false, "accepted_total": 2, "task": 86, "task_id": "fresh-eval-c2f52e0d53ce", "tasks": 200, "visible_unique_passes": 0}
[transformers] Both `min_new_tokens` (=0) and `min_length`(=0) seem to have been set. `min_new_tokens` will take precedence. Please refer to the documentation for more information. (https://huggingface.co/docs/transformers/main/en/main_classes/text_generation)
[transformers] Both `min_new_tokens` (=0) and `min_length`(=0) seem to have been set. `min_new_tokens` will take precedence. Please refer to the documentation for more information. (https://huggingface.co/docs/transformers/main/en/main_classes/text_generation)
[transformers] Both `min_new_tokens` (=0) and `min_length`(=0) seem to have been set. `min_new_tokens` will take precedence. Please refer to the documentation for more information. (https://huggingface.co/docs/transformers/main/en/main_classes/text_generation)
{"accepted": false, "accepted_total": 2, "task": 87, "task_id": "sigless_ca74ce66306b", "tasks": 200, "visible_unique_passes": 0}
[transformers] Both `min_new_tokens` (=0) and `min_length`(=0) seem to have been set. `min_new_tokens` will take precedence. Please refer to the documentation for more information. (https://huggingface.co/docs/transformers/main/en/main_classes/text_generation)
[transformers] Both `min_new_tokens` (=0) and `min_length`(=0) seem to have been set. `min_new_tokens` will take precedence. Please refer to the documentation for more information. (https://huggingface.co/docs/transformers/main/en/main_classes/text_generation)
[transformers] Both `min_new_tokens` (=0) and `min_length`(=0) seem to have been set. `min_new_tokens` will take precedence. Please refer to the documentation for more information. (https://huggingface.co/docs/transformers/main/en/main_classes/text_generation)
{"accepted": false, "accepted_total": 2, "task": 88, "task_id": "sigless_ce359d26e1b6", "tasks": 200, "visible_unique_passes": 0}
[transformers] Both `min_new_tokens` (=0) and `min_length`(=0) seem to have been set. `min_new_tokens` will take precedence. Please refer to the documentation for more information. (https://huggingface.co/docs/transformers/main/en/main_classes/text_generation)
[transformers] Both `min_new_tokens` (=0) and `min_length`(=0) seem to have been set. `min_new_tokens` will take precedence. Please refer to the documentation for more information. (https://huggingface.co/docs/transformers/main/en/main_classes/text_generation)
[transformers] Both `min_new_tokens` (=0) and `min_length`(=0) seem to have been set. `min_new_tokens` will take precedence. Please refer to the documentation for more information. (https://huggingface.co/docs/transformers/main/en/main_classes/text_generation)
{"accepted": false, "accepted_total": 2, "task": 89, "task_id": "sigless_b8c495a54b8d", "tasks": 200, "visible_unique_passes": 0}
[transformers] Both `min_new_tokens` (=0) and `min_length`(=0) seem to have been set. `min_new_tokens` will take precedence. Please refer to the documentation for more information. (https://huggingface.co/docs/transformers/main/en/main_classes/text_generation)
[transformers] Both `min_new_tokens` (=0) and `min_length`(=0) seem to have been set. `min_new_tokens` will take precedence. Please refer to the documentation for more information. (https://huggingface.co/docs/transformers/main/en/main_classes/text_generation)
[transformers] Both `min_new_tokens` (=0) and `min_length`(=0) seem to have been set. `min_new_tokens` will take precedence. Please refer to the documentation for more information. (https://huggingface.co/docs/transformers/main/en/main_classes/text_generation)
{"accepted": false, "accepted_total": 2, "task": 90, "task_id": "sigless_0695f7991b9b", "tasks": 200, "visible_unique_passes": 0}
[transformers] Both `min_new_tokens` (=0) and `min_length`(=0) seem to have been set. `min_new_tokens` will take precedence. Please refer to the documentation for more information. (https://huggingface.co/docs/transformers/main/en/main_classes/text_generation)
{"accepted": false, "accepted_total": 2, "task": 91, "task_id": "sigless_24572241d287", "tasks": 200, "visible_unique_passes": 0}
[transformers] Both `min_new_tokens` (=0) and `min_length`(=0) seem to have been set. `min_new_tokens` will take precedence. Please refer to the documentation for more information. (https://huggingface.co/docs/transformers/main/en/main_classes/text_generation)
{"accepted": false, "accepted_total": 2, "task": 92, "task_id": "fresh-eval-bc3f7e9fb087", "tasks": 200, "visible_unique_passes": 0}
[transformers] Both `min_new_tokens` (=0) and `min_length`(=0) seem to have been set. `min_new_tokens` will take precedence. Please refer to the documentation for more information. (https://huggingface.co/docs/transformers/main/en/main_classes/text_generation)
[transformers] Both `min_new_tokens` (=0) and `min_length`(=0) seem to have been set. `min_new_tokens` will take precedence. Please refer to the documentation for more information. (https://huggingface.co/docs/transformers/main/en/main_classes/text_generation)
[transformers] Both `min_new_tokens` (=0) and `min_length`(=0) seem to have been set. `min_new_tokens` will take precedence. Please refer to the documentation for more information. (https://huggingface.co/docs/transformers/main/en/main_classes/text_generation)
{"accepted": false, "accepted_total": 2, "task": 93, "task_id": "sigless_05fdf0633843", "tasks": 200, "visible_unique_passes": 0}
[transformers] Both `min_new_tokens` (=0) and `min_length`(=0) seem to have been set. `min_new_tokens` will take precedence. Please refer to the documentation for more information. (https://huggingface.co/docs/transformers/main/en/main_classes/text_generation)
[transformers] Both `min_new_tokens` (=0) and `min_length`(=0) seem to have been set. `min_new_tokens` will take precedence. Please refer to the documentation for more information. (https://huggingface.co/docs/transformers/main/en/main_classes/text_generation)
[transformers] Both `min_new_tokens` (=0) and `min_length`(=0) seem to have been set. `min_new_tokens` will take precedence. Please refer to the documentation for more information. (https://huggingface.co/docs/transformers/main/en/main_classes/text_generation)
{"accepted": false, "accepted_total": 2, "task": 94, "task_id": "sigless_e1a9514113c3", "tasks": 200, "visible_unique_passes": 0}
[transformers] Both `min_new_tokens` (=0) and `min_length`(=0) seem to have been set. `min_new_tokens` will take precedence. Please refer to the documentation for more information. (https://huggingface.co/docs/transformers/main/en/main_classes/text_generation)
[transformers] Both `min_new_tokens` (=0) and `min_length`(=0) seem to have been set. `min_new_tokens` will take precedence. Please refer to the documentation for more information. (https://huggingface.co/docs/transformers/main/en/main_classes/text_generation)
{"accepted": false, "accepted_total": 2, "task": 95, "task_id": "sigless_fe5d5e599027", "tasks": 200, "visible_unique_passes": 0}
[transformers] Both `min_new_tokens` (=0) and `min_length`(=0) seem to have been set. `min_new_tokens` will take precedence. Please refer to the documentation for more information. (https://huggingface.co/docs/transformers/main/en/main_classes/text_generation)
{"accepted": true, "accepted_total": 3, "task": 96, "task_id": "fresh-eval-3be8cd69ca4b", "tasks": 200, "visible_unique_passes": 1}
[transformers] Both `min_new_tokens` (=0) and `min_length`(=0) seem to have been set. `min_new_tokens` will take precedence. Please refer to the documentation for more information. (https://huggingface.co/docs/transformers/main/en/main_classes/text_generation)
[transformers] Both `min_new_tokens` (=0) and `min_length`(=0) seem to have been set. `min_new_tokens` will take precedence. Please refer to the documentation for more information. (https://huggingface.co/docs/transformers/main/en/main_classes/text_generation)
{"accepted": false, "accepted_total": 3, "task": 97, "task_id": "fresh-eval-d463970b5c70", "tasks": 200, "visible_unique_passes": 0}
[transformers] Both `min_new_tokens` (=0) and `min_length`(=0) seem to have been set. `min_new_tokens` will take precedence. Please refer to the documentation for more information. (https://huggingface.co/docs/transformers/main/en/main_classes/text_generation)
[transformers] Both `min_new_tokens` (=0) and `min_length`(=0) seem to have been set. `min_new_tokens` will take precedence. Please refer to the documentation for more information. (https://huggingface.co/docs/transformers/main/en/main_classes/text_generation)
[transformers] Both `min_new_tokens` (=0) and `min_length`(=0) seem to have been set. `min_new_tokens` will take precedence. Please refer to the documentation for more information. (https://huggingface.co/docs/transformers/main/en/main_classes/text_generation)
{"accepted": false, "accepted_total": 3, "task": 98, "task_id": "fresh-eval-c09d44abf36a", "tasks": 200, "visible_unique_passes": 0}
[transformers] Both `min_new_tokens` (=0) and `min_length`(=0) seem to have been set. `min_new_tokens` will take precedence. Please refer to the documentation for more information. (https://huggingface.co/docs/transformers/main/en/main_classes/text_generation)
[transformers] Both `min_new_tokens` (=0) and `min_length`(=0) seem to have been set. `min_new_tokens` will take precedence. Please refer to the documentation for more information. (https://huggingface.co/docs/transformers/main/en/main_classes/text_generation)
[transformers] Both `min_new_tokens` (=0) and `min_length`(=0) seem to have been set. `min_new_tokens` will take precedence. Please refer to the documentation for more information. (https://huggingface.co/docs/transformers/main/en/main_classes/text_generation)
{"accepted": false, "accepted_total": 3, "task": 99, "task_id": "fresh-eval-c7400f9e7c53", "tasks": 200, "visible_unique_passes": 0}
[transformers] Both `min_new_tokens` (=0) and `min_length`(=0) seem to have been set. `min_new_tokens` will take precedence. Please refer to the documentation for more information. (https://huggingface.co/docs/transformers/main/en/main_classes/text_generation)
[transformers] Both `min_new_tokens` (=0) and `min_length`(=0) seem to have been set. `min_new_tokens` will take precedence. Please refer to the documentation for more information. (https://huggingface.co/docs/transformers/main/en/main_classes/text_generation)
[transformers] Both `min_new_tokens` (=0) and `min_length`(=0) seem to have been set. `min_new_tokens` will take precedence. Please refer to the documentation for more information. (https://huggingface.co/docs/transformers/main/en/main_classes/text_generation)
{"accepted": false, "accepted_total": 3, "task": 100, "task_id": "fresh-eval-3cc3a1459d3f", "tasks": 200, "visible_unique_passes": 0}
[transformers] Both `min_new_tokens` (=0) and `min_length`(=0) seem to have been set. `min_new_tokens` will take precedence. Please refer to the documentation for more information. (https://huggingface.co/docs/transformers/main/en/main_classes/text_generation)
[transformers] Both `min_new_tokens` (=0) and `min_length`(=0) seem to have been set. `min_new_tokens` will take precedence. Please refer to the documentation for more information. (https://huggingface.co/docs/transformers/main/en/main_classes/text_generation)
[transformers] Both `min_new_tokens` (=0) and `min_length`(=0) seem to have been set. `min_new_tokens` will take precedence. Please refer to the documentation for more information. (https://huggingface.co/docs/transformers/main/en/main_classes/text_generation)
{"accepted": false, "accepted_total": 3, "task": 101, "task_id": "sigless_2714a082e217", "tasks": 200, "visible_unique_passes": 0}
[transformers] Both `min_new_tokens` (=0) and `min_length`(=0) seem to have been set. `min_new_tokens` will take precedence. Please refer to the documentation for more information. (https://huggingface.co/docs/transformers/main/en/main_classes/text_generation)
[transformers] Both `min_new_tokens` (=0) and `min_length`(=0) seem to have been set. `min_new_tokens` will take precedence. Please refer to the documentation for more information. (https://huggingface.co/docs/transformers/main/en/main_classes/text_generation)
[transformers] Both `min_new_tokens` (=0) and `min_length`(=0) seem to have been set. `min_new_tokens` will take precedence. Please refer to the documentation for more information. (https://huggingface.co/docs/transformers/main/en/main_classes/text_generation)
{"accepted": false, "accepted_total": 3, "task": 102, "task_id": "sigless_dfd38d464b34", "tasks": 200, "visible_unique_passes": 0}
[transformers] Both `min_new_tokens` (=0) and `min_length`(=0) seem to have been set. `min_new_tokens` will take precedence. Please refer to the documentation for more information. (https://huggingface.co/docs/transformers/main/en/main_classes/text_generation)
[transformers] Both `min_new_tokens` (=0) and `min_length`(=0) seem to have been set. `min_new_tokens` will take precedence. Please refer to the documentation for more information. (https://huggingface.co/docs/transformers/main/en/main_classes/text_generation)
[transformers] Both `min_new_tokens` (=0) and `min_length`(=0) seem to have been set. `min_new_tokens` will take precedence. Please refer to the documentation for more information. (https://huggingface.co/docs/transformers/main/en/main_classes/text_generation)
{"accepted": false, "accepted_total": 3, "task": 103, "task_id": "sigless_8dd800616af7", "tasks": 200, "visible_unique_passes": 0}
[transformers] Both `min_new_tokens` (=0) and `min_length`(=0) seem to have been set. `min_new_tokens` will take precedence. Please refer to the documentation for more information. (https://huggingface.co/docs/transformers/main/en/main_classes/text_generation)
[transformers] Both `min_new_tokens` (=0) and `min_length`(=0) seem to have been set. `min_new_tokens` will take precedence. Please refer to the documentation for more information. (https://huggingface.co/docs/transformers/main/en/main_classes/text_generation)
{"accepted": false, "accepted_total": 3, "task": 104, "task_id": "sigless_18d527564a8f", "tasks": 200, "visible_unique_passes": 0}
[transformers] Both `min_new_tokens` (=0) and `min_length`(=0) seem to have been set. `min_new_tokens` will take precedence. Please refer to the documentation for more information. (https://huggingface.co/docs/transformers/main/en/main_classes/text_generation)
[transformers] Both `min_new_tokens` (=0) and `min_length`(=0) seem to have been set. `min_new_tokens` will take precedence. Please refer to the documentation for more information. (https://huggingface.co/docs/transformers/main/en/main_classes/text_generation)
[transformers] Both `min_new_tokens` (=0) and `min_length`(=0) seem to have been set. `min_new_tokens` will take precedence. Please refer to the documentation for more information. (https://huggingface.co/docs/transformers/main/en/main_classes/text_generation)
{"accepted": false, "accepted_total": 3, "task": 105, "task_id": "sigless_632fe2fdcdd7", "tasks": 200, "visible_unique_passes": 0}
[transformers] Both `min_new_tokens` (=0) and `min_length`(=0) seem to have been set. `min_new_tokens` will take precedence. Please refer to the documentation for more information. (https://huggingface.co/docs/transformers/main/en/main_classes/text_generation)
[transformers] Both `min_new_tokens` (=0) and `min_length`(=0) seem to have been set. `min_new_tokens` will take precedence. Please refer to the documentation for more information. (https://huggingface.co/docs/transformers/main/en/main_classes/text_generation)
[transformers] Both `min_new_tokens` (=0) and `min_length`(=0) seem to have been set. `min_new_tokens` will take precedence. Please refer to the documentation for more information. (https://huggingface.co/docs/transformers/main/en/main_classes/text_generation)
{"accepted": false, "accepted_total": 3, "task": 106, "task_id": "sigless_6b3b43708995", "tasks": 200, "visible_unique_passes": 0}
[transformers] Both `min_new_tokens` (=0) and `min_length`(=0) seem to have been set. `min_new_tokens` will take precedence. Please refer to the documentation for more information. (https://huggingface.co/docs/transformers/main/en/main_classes/text_generation)
[transformers] Both `min_new_tokens` (=0) and `min_length`(=0) seem to have been set. `min_new_tokens` will take precedence. Please refer to the documentation for more information. (https://huggingface.co/docs/transformers/main/en/main_classes/text_generation)
[transformers] Both `min_new_tokens` (=0) and `min_length`(=0) seem to have been set. `min_new_tokens` will take precedence. Please refer to the documentation for more information. (https://huggingface.co/docs/transformers/main/en/main_classes/text_generation)
{"accepted": false, "accepted_total": 3, "task": 107, "task_id": "sigless_e36d213d6f55", "tasks": 200, "visible_unique_passes": 0}
[transformers] Both `min_new_tokens` (=0) and `min_length`(=0) seem to have been set. `min_new_tokens` will take precedence. Please refer to the documentation for more information. (https://huggingface.co/docs/transformers/main/en/main_classes/text_generation)
{"accepted": true, "accepted_total": 4, "task": 108, "task_id": "sigless_1e251ce71395", "tasks": 200, "visible_unique_passes": 2}
[transformers] Both `min_new_tokens` (=0) and `min_length`(=0) seem to have been set. `min_new_tokens` will take precedence. Please refer to the documentation for more information. (https://huggingface.co/docs/transformers/main/en/main_classes/text_generation)
[transformers] Both `min_new_tokens` (=0) and `min_length`(=0) seem to have been set. `min_new_tokens` will take precedence. Please refer to the documentation for more information. (https://huggingface.co/docs/transformers/main/en/main_classes/text_generation)
{"accepted": false, "accepted_total": 4, "task": 109, "task_id": "sigless_d2214425fc35", "tasks": 200, "visible_unique_passes": 0}
[transformers] Both `min_new_tokens` (=0) and `min_length`(=0) seem to have been set. `min_new_tokens` will take precedence. Please refer to the documentation for more information. (https://huggingface.co/docs/transformers/main/en/main_classes/text_generation)
[transformers] Both `min_new_tokens` (=0) and `min_length`(=0) seem to have been set. `min_new_tokens` will take precedence. Please refer to the documentation for more information. (https://huggingface.co/docs/transformers/main/en/main_classes/text_generation)
[transformers] Both `min_new_tokens` (=0) and `min_length`(=0) seem to have been set. `min_new_tokens` will take precedence. Please refer to the documentation for more information. (https://huggingface.co/docs/transformers/main/en/main_classes/text_generation)
{"accepted": false, "accepted_total": 4, "task": 110, "task_id": "sigless_1209c38c04a4", "tasks": 200, "visible_unique_passes": 0}
[transformers] Both `min_new_tokens` (=0) and `min_length`(=0) seem to have been set. `min_new_tokens` will take precedence. Please refer to the documentation for more information. (https://huggingface.co/docs/transformers/main/en/main_classes/text_generation)
[transformers] Both `min_new_tokens` (=0) and `min_length`(=0) seem to have been set. `min_new_tokens` will take precedence. Please refer to the documentation for more information. (https://huggingface.co/docs/transformers/main/en/main_classes/text_generation)
[transformers] Both `min_new_tokens` (=0) and `min_length`(=0) seem to have been set. `min_new_tokens` will take precedence. Please refer to the documentation for more information. (https://huggingface.co/docs/transformers/main/en/main_classes/text_generation)
{"accepted": false, "accepted_total": 4, "task": 111, "task_id": "sigless_34ff244a96af", "tasks": 200, "visible_unique_passes": 0}
[transformers] Both `min_new_tokens` (=0) and `min_length`(=0) seem to have been set. `min_new_tokens` will take precedence. Please refer to the documentation for more information. (https://huggingface.co/docs/transformers/main/en/main_classes/text_generation)
[transformers] Both `min_new_tokens` (=0) and `min_length`(=0) seem to have been set. `min_new_tokens` will take precedence. Please refer to the documentation for more information. (https://huggingface.co/docs/transformers/main/en/main_classes/text_generation)
[transformers] Both `min_new_tokens` (=0) and `min_length`(=0) seem to have been set. `min_new_tokens` will take precedence. Please refer to the documentation for more information. (https://huggingface.co/docs/transformers/main/en/main_classes/text_generation)
{"accepted": false, "accepted_total": 4, "task": 112, "task_id": "sigless_6b7e2532e6de", "tasks": 200, "visible_unique_passes": 0}
[transformers] Both `min_new_tokens` (=0) and `min_length`(=0) seem to have been set. `min_new_tokens` will take precedence. Please refer to the documentation for more information. (https://huggingface.co/docs/transformers/main/en/main_classes/text_generation)
[transformers] Both `min_new_tokens` (=0) and `min_length`(=0) seem to have been set. `min_new_tokens` will take precedence. Please refer to the documentation for more information. (https://huggingface.co/docs/transformers/main/en/main_classes/text_generation)
[transformers] Both `min_new_tokens` (=0) and `min_length`(=0) seem to have been set. `min_new_tokens` will take precedence. Please refer to the documentation for more information. (https://huggingface.co/docs/transformers/main/en/main_classes/text_generation)
{"accepted": false, "accepted_total": 4, "task": 113, "task_id": "fresh-eval-34fc5e20c26c", "tasks": 200, "visible_unique_passes": 0}
[transformers] Both `min_new_tokens` (=0) and `min_length`(=0) seem to have been set. `min_new_tokens` will take precedence. Please refer to the documentation for more information. (https://huggingface.co/docs/transformers/main/en/main_classes/text_generation)
[transformers] Both `min_new_tokens` (=0) and `min_length`(=0) seem to have been set. `min_new_tokens` will take precedence. Please refer to the documentation for more information. (https://huggingface.co/docs/transformers/main/en/main_classes/text_generation)
{"accepted": false, "accepted_total": 4, "task": 114, "task_id": "fresh-eval-cbfa292b6c30", "tasks": 200, "visible_unique_passes": 0}
[transformers] Both `min_new_tokens` (=0) and `min_length`(=0) seem to have been set. `min_new_tokens` will take precedence. Please refer to the documentation for more information. (https://huggingface.co/docs/transformers/main/en/main_classes/text_generation)
[transformers] Both `min_new_tokens` (=0) and `min_length`(=0) seem to have been set. `min_new_tokens` will take precedence. Please refer to the documentation for more information. (https://huggingface.co/docs/transformers/main/en/main_classes/text_generation)
[transformers] Both `min_new_tokens` (=0) and `min_length`(=0) seem to have been set. `min_new_tokens` will take precedence. Please refer to the documentation for more information. (https://huggingface.co/docs/transformers/main/en/main_classes/text_generation)
{"accepted": false, "accepted_total": 4, "task": 115, "task_id": "fresh-eval-66b3a41f1db3", "tasks": 200, "visible_unique_passes": 0}
[transformers] Both `min_new_tokens` (=0) and `min_length`(=0) seem to have been set. `min_new_tokens` will take precedence. Please refer to the documentation for more information. (https://huggingface.co/docs/transformers/main/en/main_classes/text_generation)
[transformers] Both `min_new_tokens` (=0) and `min_length`(=0) seem to have been set. `min_new_tokens` will take precedence. Please refer to the documentation for more information. (https://huggingface.co/docs/transformers/main/en/main_classes/text_generation)
[transformers] Both `min_new_tokens` (=0) and `min_length`(=0) seem to have been set. `min_new_tokens` will take precedence. Please refer to the documentation for more information. (https://huggingface.co/docs/transformers/main/en/main_classes/text_generation)
{"accepted": false, "accepted_total": 4, "task": 116, "task_id": "fresh-eval-0acd29551b0b", "tasks": 200, "visible_unique_passes": 0}
[transformers] Both `min_new_tokens` (=0) and `min_length`(=0) seem to have been set. `min_new_tokens` will take precedence. Please refer to the documentation for more information. (https://huggingface.co/docs/transformers/main/en/main_classes/text_generation)
[transformers] Both `min_new_tokens` (=0) and `min_length`(=0) seem to have been set. `min_new_tokens` will take precedence. Please refer to the documentation for more information. (https://huggingface.co/docs/transformers/main/en/main_classes/text_generation)
{"accepted": false, "accepted_total": 4, "task": 117, "task_id": "sigless_3b79442b6ed4", "tasks": 200, "visible_unique_passes": 0}
[transformers] Both `min_new_tokens` (=0) and `min_length`(=0) seem to have been set. `min_new_tokens` will take precedence. Please refer to the documentation for more information. (https://huggingface.co/docs/transformers/main/en/main_classes/text_generation)
[transformers] Both `min_new_tokens` (=0) and `min_length`(=0) seem to have been set. `min_new_tokens` will take precedence. Please refer to the documentation for more information. (https://huggingface.co/docs/transformers/main/en/main_classes/text_generation)
{"accepted": false, "accepted_total": 4, "task": 118, "task_id": "sigless_a2a13745e3d3", "tasks": 200, "visible_unique_passes": 0}
[transformers] Both `min_new_tokens` (=0) and `min_length`(=0) seem to have been set. `min_new_tokens` will take precedence. Please refer to the documentation for more information. (https://huggingface.co/docs/transformers/main/en/main_classes/text_generation)
[transformers] Both `min_new_tokens` (=0) and `min_length`(=0) seem to have been set. `min_new_tokens` will take precedence. Please refer to the documentation for more information. (https://huggingface.co/docs/transformers/main/en/main_classes/text_generation)
[transformers] Both `min_new_tokens` (=0) and `min_length`(=0) seem to have been set. `min_new_tokens` will take precedence. Please refer to the documentation for more information. (https://huggingface.co/docs/transformers/main/en/main_classes/text_generation)
{"accepted": false, "accepted_total": 4, "task": 119, "task_id": "sigless_a0352130fbb2", "tasks": 200, "visible_unique_passes": 0}
[transformers] Both `min_new_tokens` (=0) and `min_length`(=0) seem to have been set. `min_new_tokens` will take precedence. Please refer to the documentation for more information. (https://huggingface.co/docs/transformers/main/en/main_classes/text_generation)
[transformers] Both `min_new_tokens` (=0) and `min_length`(=0) seem to have been set. `min_new_tokens` will take precedence. Please refer to the documentation for more information. (https://huggingface.co/docs/transformers/main/en/main_classes/text_generation)
{"accepted": false, "accepted_total": 4, "task": 120, "task_id": "sigless_bc6250a45aaa", "tasks": 200, "visible_unique_passes": 0}
[transformers] Both `min_new_tokens` (=0) and `min_length`(=0) seem to have been set. `min_new_tokens` will take precedence. Please refer to the documentation for more information. (https://huggingface.co/docs/transformers/main/en/main_classes/text_generation)
{"accepted": true, "accepted_total": 5, "task": 121, "task_id": "fresh-eval-b9c70891be0f", "tasks": 200, "visible_unique_passes": 1}
[transformers] Both `min_new_tokens` (=0) and `min_length`(=0) seem to have been set. `min_new_tokens` will take precedence. Please refer to the documentation for more information. (https://huggingface.co/docs/transformers/main/en/main_classes/text_generation)
[transformers] Both `min_new_tokens` (=0) and `min_length`(=0) seem to have been set. `min_new_tokens` will take precedence. Please refer to the documentation for more information. (https://huggingface.co/docs/transformers/main/en/main_classes/text_generation)
[transformers] Both `min_new_tokens` (=0) and `min_length`(=0) seem to have been set. `min_new_tokens` will take precedence. Please refer to the documentation for more information. (https://huggingface.co/docs/transformers/main/en/main_classes/text_generation)
{"accepted": false, "accepted_total": 5, "task": 122, "task_id": "sigless_f224aa66d49f", "tasks": 200, "visible_unique_passes": 0}
[transformers] Both `min_new_tokens` (=0) and `min_length`(=0) seem to have been set. `min_new_tokens` will take precedence. Please refer to the documentation for more information. (https://huggingface.co/docs/transformers/main/en/main_classes/text_generation)
[transformers] Both `min_new_tokens` (=0) and `min_length`(=0) seem to have been set. `min_new_tokens` will take precedence. Please refer to the documentation for more information. (https://huggingface.co/docs/transformers/main/en/main_classes/text_generation)
[transformers] Both `min_new_tokens` (=0) and `min_length`(=0) seem to have been set. `min_new_tokens` will take precedence. Please refer to the documentation for more information. (https://huggingface.co/docs/transformers/main/en/main_classes/text_generation)
{"accepted": false, "accepted_total": 5, "task": 123, "task_id": "fresh-eval-571d2a57ed7d", "tasks": 200, "visible_unique_passes": 0}
[transformers] Both `min_new_tokens` (=0) and `min_length`(=0) seem to have been set. `min_new_tokens` will take precedence. Please refer to the documentation for more information. (https://huggingface.co/docs/transformers/main/en/main_classes/text_generation)
{"accepted": false, "accepted_total": 5, "task": 124, "task_id": "fresh-eval-7be88959ef90", "tasks": 200, "visible_unique_passes": 0}
[transformers] Both `min_new_tokens` (=0) and `min_length`(=0) seem to have been set. `min_new_tokens` will take precedence. Please refer to the documentation for more information. (https://huggingface.co/docs/transformers/main/en/main_classes/text_generation)
[transformers] Both `min_new_tokens` (=0) and `min_length`(=0) seem to have been set. `min_new_tokens` will take precedence. Please refer to the documentation for more information. (https://huggingface.co/docs/transformers/main/en/main_classes/text_generation)
[transformers] Both `min_new_tokens` (=0) and `min_length`(=0) seem to have been set. `min_new_tokens` will take precedence. Please refer to the documentation for more information. (https://huggingface.co/docs/transformers/main/en/main_classes/text_generation)
{"accepted": false, "accepted_total": 5, "task": 125, "task_id": "fresh-eval-628e548b4a1b", "tasks": 200, "visible_unique_passes": 0}
[transformers] Both `min_new_tokens` (=0) and `min_length`(=0) seem to have been set. `min_new_tokens` will take precedence. Please refer to the documentation for more information. (https://huggingface.co/docs/transformers/main/en/main_classes/text_generation)
[transformers] Both `min_new_tokens` (=0) and `min_length`(=0) seem to have been set. `min_new_tokens` will take precedence. Please refer to the documentation for more information. (https://huggingface.co/docs/transformers/main/en/main_classes/text_generation)
[transformers] Both `min_new_tokens` (=0) and `min_length`(=0) seem to have been set. `min_new_tokens` will take precedence. Please refer to the documentation for more information. (https://huggingface.co/docs/transformers/main/en/main_classes/text_generation)
{"accepted": false, "accepted_total": 5, "task": 126, "task_id": "sigless_e44878b31a21", "tasks": 200, "visible_unique_passes": 0}
[transformers] Both `min_new_tokens` (=0) and `min_length`(=0) seem to have been set. `min_new_tokens` will take precedence. Please refer to the documentation for more information. (https://huggingface.co/docs/transformers/main/en/main_classes/text_generation)
[transformers] Both `min_new_tokens` (=0) and `min_length`(=0) seem to have been set. `min_new_tokens` will take precedence. Please refer to the documentation for more information. (https://huggingface.co/docs/transformers/main/en/main_classes/text_generation)
[transformers] Both `min_new_tokens` (=0) and `min_length`(=0) seem to have been set. `min_new_tokens` will take precedence. Please refer to the documentation for more information. (https://huggingface.co/docs/transformers/main/en/main_classes/text_generation)
{"accepted": false, "accepted_total": 5, "task": 127, "task_id": "sigless_bcd24e6f2c18", "tasks": 200, "visible_unique_passes": 0}
[transformers] Both `min_new_tokens` (=0) and `min_length`(=0) seem to have been set. `min_new_tokens` will take precedence. Please refer to the documentation for more information. (https://huggingface.co/docs/transformers/main/en/main_classes/text_generation)
[transformers] Both `min_new_tokens` (=0) and `min_length`(=0) seem to have been set. `min_new_tokens` will take precedence. Please refer to the documentation for more information. (https://huggingface.co/docs/transformers/main/en/main_classes/text_generation)
[transformers] Both `min_new_tokens` (=0) and `min_length`(=0) seem to have been set. `min_new_tokens` will take precedence. Please refer to the documentation for more information. (https://huggingface.co/docs/transformers/main/en/main_classes/text_generation)
{"accepted": false, "accepted_total": 5, "task": 128, "task_id": "fresh-eval-eca1a3b460a2", "tasks": 200, "visible_unique_passes": 0}
[transformers] Both `min_new_tokens` (=0) and `min_length`(=0) seem to have been set. `min_new_tokens` will take precedence. Please refer to the documentation for more information. (https://huggingface.co/docs/transformers/main/en/main_classes/text_generation)
[transformers] Both `min_new_tokens` (=0) and `min_length`(=0) seem to have been set. `min_new_tokens` will take precedence. Please refer to the documentation for more information. (https://huggingface.co/docs/transformers/main/en/main_classes/text_generation)
[transformers] Both `min_new_tokens` (=0) and `min_length`(=0) seem to have been set. `min_new_tokens` will take precedence. Please refer to the documentation for more information. (https://huggingface.co/docs/transformers/main/en/main_classes/text_generation)
{"accepted": false, "accepted_total": 5, "task": 129, "task_id": "sigless_879af9bd78f5", "tasks": 200, "visible_unique_passes": 0}
[transformers] Both `min_new_tokens` (=0) and `min_length`(=0) seem to have been set. `min_new_tokens` will take precedence. Please refer to the documentation for more information. (https://huggingface.co/docs/transformers/main/en/main_classes/text_generation)
[transformers] Both `min_new_tokens` (=0) and `min_length`(=0) seem to have been set. `min_new_tokens` will take precedence. Please refer to the documentation for more information. (https://huggingface.co/docs/transformers/main/en/main_classes/text_generation)
{"accepted": false, "accepted_total": 5, "task": 130, "task_id": "sigless_0a4608d2a9d7", "tasks": 200, "visible_unique_passes": 0}
[transformers] Both `min_new_tokens` (=0) and `min_length`(=0) seem to have been set. `min_new_tokens` will take precedence. Please refer to the documentation for more information. (https://huggingface.co/docs/transformers/main/en/main_classes/text_generation)
[transformers] Both `min_new_tokens` (=0) and `min_length`(=0) seem to have been set. `min_new_tokens` will take precedence. Please refer to the documentation for more information. (https://huggingface.co/docs/transformers/main/en/main_classes/text_generation)
[transformers] Both `min_new_tokens` (=0) and `min_length`(=0) seem to have been set. `min_new_tokens` will take precedence. Please refer to the documentation for more information. (https://huggingface.co/docs/transformers/main/en/main_classes/text_generation)
{"accepted": false, "accepted_total": 5, "task": 131, "task_id": "fresh-eval-6dc601a1f90e", "tasks": 200, "visible_unique_passes": 0}
[transformers] Both `min_new_tokens` (=0) and `min_length`(=0) seem to have been set. `min_new_tokens` will take precedence. Please refer to the documentation for more information. (https://huggingface.co/docs/transformers/main/en/main_classes/text_generation)
{"accepted": true, "accepted_total": 6, "task": 132, "task_id": "fresh-eval-dd130c0a274e", "tasks": 200, "visible_unique_passes": 1}
[transformers] Both `min_new_tokens` (=0) and `min_length`(=0) seem to have been set. `min_new_tokens` will take precedence. Please refer to the documentation for more information. (https://huggingface.co/docs/transformers/main/en/main_classes/text_generation)
[transformers] Both `min_new_tokens` (=0) and `min_length`(=0) seem to have been set. `min_new_tokens` will take precedence. Please refer to the documentation for more information. (https://huggingface.co/docs/transformers/main/en/main_classes/text_generation)
[transformers] Both `min_new_tokens` (=0) and `min_length`(=0) seem to have been set. `min_new_tokens` will take precedence. Please refer to the documentation for more information. (https://huggingface.co/docs/transformers/main/en/main_classes/text_generation)
{"accepted": false, "accepted_total": 6, "task": 133, "task_id": "sigless_873edf1beb77", "tasks": 200, "visible_unique_passes": 0}
[transformers] Both `min_new_tokens` (=0) and `min_length`(=0) seem to have been set. `min_new_tokens` will take precedence. Please refer to the documentation for more information. (https://huggingface.co/docs/transformers/main/en/main_classes/text_generation)
[transformers] Both `min_new_tokens` (=0) and `min_length`(=0) seem to have been set. `min_new_tokens` will take precedence. Please refer to the documentation for more information. (https://huggingface.co/docs/transformers/main/en/main_classes/text_generation)
[transformers] Both `min_new_tokens` (=0) and `min_length`(=0) seem to have been set. `min_new_tokens` will take precedence. Please refer to the documentation for more information. (https://huggingface.co/docs/transformers/main/en/main_classes/text_generation)
{"accepted": false, "accepted_total": 6, "task": 134, "task_id": "sigless_ec2433dcab23", "tasks": 200, "visible_unique_passes": 0}
[transformers] Both `min_new_tokens` (=0) and `min_length`(=0) seem to have been set. `min_new_tokens` will take precedence. Please refer to the documentation for more information. (https://huggingface.co/docs/transformers/main/en/main_classes/text_generation)
[transformers] Both `min_new_tokens` (=0) and `min_length`(=0) seem to have been set. `min_new_tokens` will take precedence. Please refer to the documentation for more information. (https://huggingface.co/docs/transformers/main/en/main_classes/text_generation)
[transformers] Both `min_new_tokens` (=0) and `min_length`(=0) seem to have been set. `min_new_tokens` will take precedence. Please refer to the documentation for more information. (https://huggingface.co/docs/transformers/main/en/main_classes/text_generation)
{"accepted": false, "accepted_total": 6, "task": 135, "task_id": "sigless_6cb3d2f3a1c6", "tasks": 200, "visible_unique_passes": 0}
[transformers] Both `min_new_tokens` (=0) and `min_length`(=0) seem to have been set. `min_new_tokens` will take precedence. Please refer to the documentation for more information. (https://huggingface.co/docs/transformers/main/en/main_classes/text_generation)
{"accepted": false, "accepted_total": 6, "task": 136, "task_id": "fresh-eval-d109e66f55b6", "tasks": 200, "visible_unique_passes": 2}
[transformers] Both `min_new_tokens` (=0) and `min_length`(=0) seem to have been set. `min_new_tokens` will take precedence. Please refer to the documentation for more information. (https://huggingface.co/docs/transformers/main/en/main_classes/text_generation)
[transformers] Both `min_new_tokens` (=0) and `min_length`(=0) seem to have been set. `min_new_tokens` will take precedence. Please refer to the documentation for more information. (https://huggingface.co/docs/transformers/main/en/main_classes/text_generation)
[transformers] Both `min_new_tokens` (=0) and `min_length`(=0) seem to have been set. `min_new_tokens` will take precedence. Please refer to the documentation for more information. (https://huggingface.co/docs/transformers/main/en/main_classes/text_generation)
{"accepted": false, "accepted_total": 6, "task": 137, "task_id": "fresh-eval-7dce8db15eea", "tasks": 200, "visible_unique_passes": 0}
[transformers] Both `min_new_tokens` (=0) and `min_length`(=0) seem to have been set. `min_new_tokens` will take precedence. Please refer to the documentation for more information. (https://huggingface.co/docs/transformers/main/en/main_classes/text_generation)
[transformers] Both `min_new_tokens` (=0) and `min_length`(=0) seem to have been set. `min_new_tokens` will take precedence. Please refer to the documentation for more information. (https://huggingface.co/docs/transformers/main/en/main_classes/text_generation)
[transformers] Both `min_new_tokens` (=0) and `min_length`(=0) seem to have been set. `min_new_tokens` will take precedence. Please refer to the documentation for more information. (https://huggingface.co/docs/transformers/main/en/main_classes/text_generation)
{"accepted": false, "accepted_total": 6, "task": 138, "task_id": "sigless_f0a4c6ceeee1", "tasks": 200, "visible_unique_passes": 0}
[transformers] Both `min_new_tokens` (=0) and `min_length`(=0) seem to have been set. `min_new_tokens` will take precedence. Please refer to the documentation for more information. (https://huggingface.co/docs/transformers/main/en/main_classes/text_generation)
[transformers] Both `min_new_tokens` (=0) and `min_length`(=0) seem to have been set. `min_new_tokens` will take precedence. Please refer to the documentation for more information. (https://huggingface.co/docs/transformers/main/en/main_classes/text_generation)
{"accepted": false, "accepted_total": 6, "task": 139, "task_id": "fresh-eval-2831646439f6", "tasks": 200, "visible_unique_passes": 0}
[transformers] Both `min_new_tokens` (=0) and `min_length`(=0) seem to have been set. `min_new_tokens` will take precedence. Please refer to the documentation for more information. (https://huggingface.co/docs/transformers/main/en/main_classes/text_generation)
[transformers] Both `min_new_tokens` (=0) and `min_length`(=0) seem to have been set. `min_new_tokens` will take precedence. Please refer to the documentation for more information. (https://huggingface.co/docs/transformers/main/en/main_classes/text_generation)
[transformers] Both `min_new_tokens` (=0) and `min_length`(=0) seem to have been set. `min_new_tokens` will take precedence. Please refer to the documentation for more information. (https://huggingface.co/docs/transformers/main/en/main_classes/text_generation)
{"accepted": false, "accepted_total": 6, "task": 140, "task_id": "fresh-eval-3f226b2f03ab", "tasks": 200, "visible_unique_passes": 0}
[transformers] Both `min_new_tokens` (=0) and `min_length`(=0) seem to have been set. `min_new_tokens` will take precedence. Please refer to the documentation for more information. (https://huggingface.co/docs/transformers/main/en/main_classes/text_generation)
[transformers] Both `min_new_tokens` (=0) and `min_length`(=0) seem to have been set. `min_new_tokens` will take precedence. Please refer to the documentation for more information. (https://huggingface.co/docs/transformers/main/en/main_classes/text_generation)
[transformers] Both `min_new_tokens` (=0) and `min_length`(=0) seem to have been set. `min_new_tokens` will take precedence. Please refer to the documentation for more information. (https://huggingface.co/docs/transformers/main/en/main_classes/text_generation)
{"accepted": false, "accepted_total": 6, "task": 141, "task_id": "fresh-eval-b18c8b6484fd", "tasks": 200, "visible_unique_passes": 0}
[transformers] Both `min_new_tokens` (=0) and `min_length`(=0) seem to have been set. `min_new_tokens` will take precedence. Please refer to the documentation for more information. (https://huggingface.co/docs/transformers/main/en/main_classes/text_generation)
[transformers] Both `min_new_tokens` (=0) and `min_length`(=0) seem to have been set. `min_new_tokens` will take precedence. Please refer to the documentation for more information. (https://huggingface.co/docs/transformers/main/en/main_classes/text_generation)
[transformers] Both `min_new_tokens` (=0) and `min_length`(=0) seem to have been set. `min_new_tokens` will take precedence. Please refer to the documentation for more information. (https://huggingface.co/docs/transformers/main/en/main_classes/text_generation)
{"accepted": false, "accepted_total": 6, "task": 142, "task_id": "sigless_2b716e05b902", "tasks": 200, "visible_unique_passes": 0}
[transformers] Both `min_new_tokens` (=0) and `min_length`(=0) seem to have been set. `min_new_tokens` will take precedence. Please refer to the documentation for more information. (https://huggingface.co/docs/transformers/main/en/main_classes/text_generation)
[transformers] Both `min_new_tokens` (=0) and `min_length`(=0) seem to have been set. `min_new_tokens` will take precedence. Please refer to the documentation for more information. (https://huggingface.co/docs/transformers/main/en/main_classes/text_generation)
[transformers] Both `min_new_tokens` (=0) and `min_length`(=0) seem to have been set. `min_new_tokens` will take precedence. Please refer to the documentation for more information. (https://huggingface.co/docs/transformers/main/en/main_classes/text_generation)
{"accepted": false, "accepted_total": 6, "task": 143, "task_id": "sigless_4c0426f323f0", "tasks": 200, "visible_unique_passes": 0}
[transformers] Both `min_new_tokens` (=0) and `min_length`(=0) seem to have been set. `min_new_tokens` will take precedence. Please refer to the documentation for more information. (https://huggingface.co/docs/transformers/main/en/main_classes/text_generation)
[transformers] Both `min_new_tokens` (=0) and `min_length`(=0) seem to have been set. `min_new_tokens` will take precedence. Please refer to the documentation for more information. (https://huggingface.co/docs/transformers/main/en/main_classes/text_generation)
{"accepted": false, "accepted_total": 6, "task": 144, "task_id": "fresh-eval-1fa012f5af61", "tasks": 200, "visible_unique_passes": 0}
[transformers] Both `min_new_tokens` (=0) and `min_length`(=0) seem to have been set. `min_new_tokens` will take precedence. Please refer to the documentation for more information. (https://huggingface.co/docs/transformers/main/en/main_classes/text_generation)
{"accepted": false, "accepted_total": 6, "task": 145, "task_id": "fresh-eval-679bef310d3b", "tasks": 200, "visible_unique_passes": 0}
[transformers] Both `min_new_tokens` (=0) and `min_length`(=0) seem to have been set. `min_new_tokens` will take precedence. Please refer to the documentation for more information. (https://huggingface.co/docs/transformers/main/en/main_classes/text_generation)
[transformers] Both `min_new_tokens` (=0) and `min_length`(=0) seem to have been set. `min_new_tokens` will take precedence. Please refer to the documentation for more information. (https://huggingface.co/docs/transformers/main/en/main_classes/text_generation)
[transformers] Both `min_new_tokens` (=0) and `min_length`(=0) seem to have been set. `min_new_tokens` will take precedence. Please refer to the documentation for more information. (https://huggingface.co/docs/transformers/main/en/main_classes/text_generation)
{"accepted": false, "accepted_total": 6, "task": 146, "task_id": "sigless_a4ba19fd8844", "tasks": 200, "visible_unique_passes": 0}
[transformers] Both `min_new_tokens` (=0) and `min_length`(=0) seem to have been set. `min_new_tokens` will take precedence. Please refer to the documentation for more information. (https://huggingface.co/docs/transformers/main/en/main_classes/text_generation)
[transformers] Both `min_new_tokens` (=0) and `min_length`(=0) seem to have been set. `min_new_tokens` will take precedence. Please refer to the documentation for more information. (https://huggingface.co/docs/transformers/main/en/main_classes/text_generation)
[transformers] Both `min_new_tokens` (=0) and `min_length`(=0) seem to have been set. `min_new_tokens` will take precedence. Please refer to the documentation for more information. (https://huggingface.co/docs/transformers/main/en/main_classes/text_generation)
{"accepted": false, "accepted_total": 6, "task": 147, "task_id": "sigless_cbded82a5e40", "tasks": 200, "visible_unique_passes": 0}
[transformers] Both `min_new_tokens` (=0) and `min_length`(=0) seem to have been set. `min_new_tokens` will take precedence. Please refer to the documentation for more information. (https://huggingface.co/docs/transformers/main/en/main_classes/text_generation)
[transformers] Both `min_new_tokens` (=0) and `min_length`(=0) seem to have been set. `min_new_tokens` will take precedence. Please refer to the documentation for more information. (https://huggingface.co/docs/transformers/main/en/main_classes/text_generation)
[transformers] Both `min_new_tokens` (=0) and `min_length`(=0) seem to have been set. `min_new_tokens` will take precedence. Please refer to the documentation for more information. (https://huggingface.co/docs/transformers/main/en/main_classes/text_generation)
{"accepted": false, "accepted_total": 6, "task": 148, "task_id": "fresh-eval-b2174f2e2037", "tasks": 200, "visible_unique_passes": 0}
[transformers] Both `min_new_tokens` (=0) and `min_length`(=0) seem to have been set. `min_new_tokens` will take precedence. Please refer to the documentation for more information. (https://huggingface.co/docs/transformers/main/en/main_classes/text_generation)
[transformers] Both `min_new_tokens` (=0) and `min_length`(=0) seem to have been set. `min_new_tokens` will take precedence. Please refer to the documentation for more information. (https://huggingface.co/docs/transformers/main/en/main_classes/text_generation)
[transformers] Both `min_new_tokens` (=0) and `min_length`(=0) seem to have been set. `min_new_tokens` will take precedence. Please refer to the documentation for more information. (https://huggingface.co/docs/transformers/main/en/main_classes/text_generation)
{"accepted": false, "accepted_total": 6, "task": 149, "task_id": "fresh-eval-3655d6211866", "tasks": 200, "visible_unique_passes": 0}
[transformers] Both `min_new_tokens` (=0) and `min_length`(=0) seem to have been set. `min_new_tokens` will take precedence. Please refer to the documentation for more information. (https://huggingface.co/docs/transformers/main/en/main_classes/text_generation)
[transformers] Both `min_new_tokens` (=0) and `min_length`(=0) seem to have been set. `min_new_tokens` will take precedence. Please refer to the documentation for more information. (https://huggingface.co/docs/transformers/main/en/main_classes/text_generation)
[transformers] Both `min_new_tokens` (=0) and `min_length`(=0) seem to have been set. `min_new_tokens` will take precedence. Please refer to the documentation for more information. (https://huggingface.co/docs/transformers/main/en/main_classes/text_generation)
{"accepted": false, "accepted_total": 6, "task": 150, "task_id": "fresh-eval-8e2553c1c1ae", "tasks": 200, "visible_unique_passes": 0}
[transformers] Both `min_new_tokens` (=0) and `min_length`(=0) seem to have been set. `min_new_tokens` will take precedence. Please refer to the documentation for more information. (https://huggingface.co/docs/transformers/main/en/main_classes/text_generation)
[transformers] Both `min_new_tokens` (=0) and `min_length`(=0) seem to have been set. `min_new_tokens` will take precedence. Please refer to the documentation for more information. (https://huggingface.co/docs/transformers/main/en/main_classes/text_generation)
[transformers] Both `min_new_tokens` (=0) and `min_length`(=0) seem to have been set. `min_new_tokens` will take precedence. Please refer to the documentation for more information. (https://huggingface.co/docs/transformers/main/en/main_classes/text_generation)
{"accepted": false, "accepted_total": 6, "task": 151, "task_id": "sigless_9ca8d1fd5038", "tasks": 200, "visible_unique_passes": 0}
[transformers] Both `min_new_tokens` (=0) and `min_length`(=0) seem to have been set. `min_new_tokens` will take precedence. Please refer to the documentation for more information. (https://huggingface.co/docs/transformers/main/en/main_classes/text_generation)
[transformers] Both `min_new_tokens` (=0) and `min_length`(=0) seem to have been set. `min_new_tokens` will take precedence. Please refer to the documentation for more information. (https://huggingface.co/docs/transformers/main/en/main_classes/text_generation)
[transformers] Both `min_new_tokens` (=0) and `min_length`(=0) seem to have been set. `min_new_tokens` will take precedence. Please refer to the documentation for more information. (https://huggingface.co/docs/transformers/main/en/main_classes/text_generation)
{"accepted": false, "accepted_total": 6, "task": 152, "task_id": "fresh-eval-afe13e5d6848", "tasks": 200, "visible_unique_passes": 0}
[transformers] Both `min_new_tokens` (=0) and `min_length`(=0) seem to have been set. `min_new_tokens` will take precedence. Please refer to the documentation for more information. (https://huggingface.co/docs/transformers/main/en/main_classes/text_generation)
[transformers] Both `min_new_tokens` (=0) and `min_length`(=0) seem to have been set. `min_new_tokens` will take precedence. Please refer to the documentation for more information. (https://huggingface.co/docs/transformers/main/en/main_classes/text_generation)
[transformers] Both `min_new_tokens` (=0) and `min_length`(=0) seem to have been set. `min_new_tokens` will take precedence. Please refer to the documentation for more information. (https://huggingface.co/docs/transformers/main/en/main_classes/text_generation)
{"accepted": false, "accepted_total": 6, "task": 153, "task_id": "sigless_d17d50df7f1f", "tasks": 200, "visible_unique_passes": 0}
[transformers] Both `min_new_tokens` (=0) and `min_length`(=0) seem to have been set. `min_new_tokens` will take precedence. Please refer to the documentation for more information. (https://huggingface.co/docs/transformers/main/en/main_classes/text_generation)
[transformers] Both `min_new_tokens` (=0) and `min_length`(=0) seem to have been set. `min_new_tokens` will take precedence. Please refer to the documentation for more information. (https://huggingface.co/docs/transformers/main/en/main_classes/text_generation)
[transformers] Both `min_new_tokens` (=0) and `min_length`(=0) seem to have been set. `min_new_tokens` will take precedence. Please refer to the documentation for more information. (https://huggingface.co/docs/transformers/main/en/main_classes/text_generation)
{"accepted": false, "accepted_total": 6, "task": 154, "task_id": "sigless_596085856e22", "tasks": 200, "visible_unique_passes": 0}
[transformers] Both `min_new_tokens` (=0) and `min_length`(=0) seem to have been set. `min_new_tokens` will take precedence. Please refer to the documentation for more information. (https://huggingface.co/docs/transformers/main/en/main_classes/text_generation)
[transformers] Both `min_new_tokens` (=0) and `min_length`(=0) seem to have been set. `min_new_tokens` will take precedence. Please refer to the documentation for more information. (https://huggingface.co/docs/transformers/main/en/main_classes/text_generation)
[transformers] Both `min_new_tokens` (=0) and `min_length`(=0) seem to have been set. `min_new_tokens` will take precedence. Please refer to the documentation for more information. (https://huggingface.co/docs/transformers/main/en/main_classes/text_generation)
{"accepted": false, "accepted_total": 6, "task": 155, "task_id": "sigless_06234c7e0655", "tasks": 200, "visible_unique_passes": 0}
[transformers] Both `min_new_tokens` (=0) and `min_length`(=0) seem to have been set. `min_new_tokens` will take precedence. Please refer to the documentation for more information. (https://huggingface.co/docs/transformers/main/en/main_classes/text_generation)
[transformers] Both `min_new_tokens` (=0) and `min_length`(=0) seem to have been set. `min_new_tokens` will take precedence. Please refer to the documentation for more information. (https://huggingface.co/docs/transformers/main/en/main_classes/text_generation)
[transformers] Both `min_new_tokens` (=0) and `min_length`(=0) seem to have been set. `min_new_tokens` will take precedence. Please refer to the documentation for more information. (https://huggingface.co/docs/transformers/main/en/main_classes/text_generation)
{"accepted": false, "accepted_total": 6, "task": 156, "task_id": "fresh-eval-2ac19e2312f2", "tasks": 200, "visible_unique_passes": 0}
[transformers] Both `min_new_tokens` (=0) and `min_length`(=0) seem to have been set. `min_new_tokens` will take precedence. Please refer to the documentation for more information. (https://huggingface.co/docs/transformers/main/en/main_classes/text_generation)
[transformers] Both `min_new_tokens` (=0) and `min_length`(=0) seem to have been set. `min_new_tokens` will take precedence. Please refer to the documentation for more information. (https://huggingface.co/docs/transformers/main/en/main_classes/text_generation)
[transformers] Both `min_new_tokens` (=0) and `min_length`(=0) seem to have been set. `min_new_tokens` will take precedence. Please refer to the documentation for more information. (https://huggingface.co/docs/transformers/main/en/main_classes/text_generation)
{"accepted": false, "accepted_total": 6, "task": 157, "task_id": "sigless_a98bf56871d5", "tasks": 200, "visible_unique_passes": 0}
[transformers] Both `min_new_tokens` (=0) and `min_length`(=0) seem to have been set. `min_new_tokens` will take precedence. Please refer to the documentation for more information. (https://huggingface.co/docs/transformers/main/en/main_classes/text_generation)
{"accepted": false, "accepted_total": 6, "task": 158, "task_id": "sigless_ebc0b53b2cf0", "tasks": 200, "visible_unique_passes": 0}
[transformers] Both `min_new_tokens` (=0) and `min_length`(=0) seem to have been set. `min_new_tokens` will take precedence. Please refer to the documentation for more information. (https://huggingface.co/docs/transformers/main/en/main_classes/text_generation)
[transformers] Both `min_new_tokens` (=0) and `min_length`(=0) seem to have been set. `min_new_tokens` will take precedence. Please refer to the documentation for more information. (https://huggingface.co/docs/transformers/main/en/main_classes/text_generation)
[transformers] Both `min_new_tokens` (=0) and `min_length`(=0) seem to have been set. `min_new_tokens` will take precedence. Please refer to the documentation for more information. (https://huggingface.co/docs/transformers/main/en/main_classes/text_generation)
{"accepted": false, "accepted_total": 6, "task": 159, "task_id": "fresh-eval-0bc781adce19", "tasks": 200, "visible_unique_passes": 0}
[transformers] Both `min_new_tokens` (=0) and `min_length`(=0) seem to have been set. `min_new_tokens` will take precedence. Please refer to the documentation for more information. (https://huggingface.co/docs/transformers/main/en/main_classes/text_generation)
[transformers] Both `min_new_tokens` (=0) and `min_length`(=0) seem to have been set. `min_new_tokens` will take precedence. Please refer to the documentation for more information. (https://huggingface.co/docs/transformers/main/en/main_classes/text_generation)
[transformers] Both `min_new_tokens` (=0) and `min_length`(=0) seem to have been set. `min_new_tokens` will take precedence. Please refer to the documentation for more information. (https://huggingface.co/docs/transformers/main/en/main_classes/text_generation)
{"accepted": false, "accepted_total": 6, "task": 160, "task_id": "fresh-eval-8561a60e8045", "tasks": 200, "visible_unique_passes": 0}
[transformers] Both `min_new_tokens` (=0) and `min_length`(=0) seem to have been set. `min_new_tokens` will take precedence. Please refer to the documentation for more information. (https://huggingface.co/docs/transformers/main/en/main_classes/text_generation)
[transformers] Both `min_new_tokens` (=0) and `min_length`(=0) seem to have been set. `min_new_tokens` will take precedence. Please refer to the documentation for more information. (https://huggingface.co/docs/transformers/main/en/main_classes/text_generation)
[transformers] Both `min_new_tokens` (=0) and `min_length`(=0) seem to have been set. `min_new_tokens` will take precedence. Please refer to the documentation for more information. (https://huggingface.co/docs/transformers/main/en/main_classes/text_generation)
{"accepted": false, "accepted_total": 6, "task": 161, "task_id": "sigless_7eb5bd3195f8", "tasks": 200, "visible_unique_passes": 0}
[transformers] Both `min_new_tokens` (=0) and `min_length`(=0) seem to have been set. `min_new_tokens` will take precedence. Please refer to the documentation for more information. (https://huggingface.co/docs/transformers/main/en/main_classes/text_generation)
[transformers] Both `min_new_tokens` (=0) and `min_length`(=0) seem to have been set. `min_new_tokens` will take precedence. Please refer to the documentation for more information. (https://huggingface.co/docs/transformers/main/en/main_classes/text_generation)
[transformers] Both `min_new_tokens` (=0) and `min_length`(=0) seem to have been set. `min_new_tokens` will take precedence. Please refer to the documentation for more information. (https://huggingface.co/docs/transformers/main/en/main_classes/text_generation)
{"accepted": false, "accepted_total": 6, "task": 162, "task_id": "sigless_3136af6273f5", "tasks": 200, "visible_unique_passes": 0}
[transformers] Both `min_new_tokens` (=0) and `min_length`(=0) seem to have been set. `min_new_tokens` will take precedence. Please refer to the documentation for more information. (https://huggingface.co/docs/transformers/main/en/main_classes/text_generation)
{"accepted": false, "accepted_total": 6, "task": 163, "task_id": "sigless_ba96880c32b6", "tasks": 200, "visible_unique_passes": 0}
[transformers] Both `min_new_tokens` (=0) and `min_length`(=0) seem to have been set. `min_new_tokens` will take precedence. Please refer to the documentation for more information. (https://huggingface.co/docs/transformers/main/en/main_classes/text_generation)
{"accepted": true, "accepted_total": 7, "task": 164, "task_id": "sigless_2f2b9da28def", "tasks": 200, "visible_unique_passes": 1}
[transformers] Both `min_new_tokens` (=0) and `min_length`(=0) seem to have been set. `min_new_tokens` will take precedence. Please refer to the documentation for more information. (https://huggingface.co/docs/transformers/main/en/main_classes/text_generation)
[transformers] Both `min_new_tokens` (=0) and `min_length`(=0) seem to have been set. `min_new_tokens` will take precedence. Please refer to the documentation for more information. (https://huggingface.co/docs/transformers/main/en/main_classes/text_generation)
[transformers] Both `min_new_tokens` (=0) and `min_length`(=0) seem to have been set. `min_new_tokens` will take precedence. Please refer to the documentation for more information. (https://huggingface.co/docs/transformers/main/en/main_classes/text_generation)
{"accepted": false, "accepted_total": 7, "task": 165, "task_id": "fresh-eval-cd48dd20cef8", "tasks": 200, "visible_unique_passes": 0}
[transformers] Both `min_new_tokens` (=0) and `min_length`(=0) seem to have been set. `min_new_tokens` will take precedence. Please refer to the documentation for more information. (https://huggingface.co/docs/transformers/main/en/main_classes/text_generation)
[transformers] Both `min_new_tokens` (=0) and `min_length`(=0) seem to have been set. `min_new_tokens` will take precedence. Please refer to the documentation for more information. (https://huggingface.co/docs/transformers/main/en/main_classes/text_generation)
[transformers] Both `min_new_tokens` (=0) and `min_length`(=0) seem to have been set. `min_new_tokens` will take precedence. Please refer to the documentation for more information. (https://huggingface.co/docs/transformers/main/en/main_classes/text_generation)
{"accepted": false, "accepted_total": 7, "task": 166, "task_id": "sigless_8e061c7e8ea8", "tasks": 200, "visible_unique_passes": 0}
[transformers] Both `min_new_tokens` (=0) and `min_length`(=0) seem to have been set. `min_new_tokens` will take precedence. Please refer to the documentation for more information. (https://huggingface.co/docs/transformers/main/en/main_classes/text_generation)
[transformers] Both `min_new_tokens` (=0) and `min_length`(=0) seem to have been set. `min_new_tokens` will take precedence. Please refer to the documentation for more information. (https://huggingface.co/docs/transformers/main/en/main_classes/text_generation)
[transformers] Both `min_new_tokens` (=0) and `min_length`(=0) seem to have been set. `min_new_tokens` will take precedence. Please refer to the documentation for more information. (https://huggingface.co/docs/transformers/main/en/main_classes/text_generation)
{"accepted": false, "accepted_total": 7, "task": 167, "task_id": "fresh-eval-09207cb97461", "tasks": 200, "visible_unique_passes": 0}
[transformers] Both `min_new_tokens` (=0) and `min_length`(=0) seem to have been set. `min_new_tokens` will take precedence. Please refer to the documentation for more information. (https://huggingface.co/docs/transformers/main/en/main_classes/text_generation)
[transformers] Both `min_new_tokens` (=0) and `min_length`(=0) seem to have been set. `min_new_tokens` will take precedence. Please refer to the documentation for more information. (https://huggingface.co/docs/transformers/main/en/main_classes/text_generation)
[transformers] Both `min_new_tokens` (=0) and `min_length`(=0) seem to have been set. `min_new_tokens` will take precedence. Please refer to the documentation for more information. (https://huggingface.co/docs/transformers/main/en/main_classes/text_generation)
{"accepted": false, "accepted_total": 7, "task": 168, "task_id": "sigless_e03350a2c23d", "tasks": 200, "visible_unique_passes": 0}
[transformers] Both `min_new_tokens` (=0) and `min_length`(=0) seem to have been set. `min_new_tokens` will take precedence. Please refer to the documentation for more information. (https://huggingface.co/docs/transformers/main/en/main_classes/text_generation)
[transformers] Both `min_new_tokens` (=0) and `min_length`(=0) seem to have been set. `min_new_tokens` will take precedence. Please refer to the documentation for more information. (https://huggingface.co/docs/transformers/main/en/main_classes/text_generation)
[transformers] Both `min_new_tokens` (=0) and `min_length`(=0) seem to have been set. `min_new_tokens` will take precedence. Please refer to the documentation for more information. (https://huggingface.co/docs/transformers/main/en/main_classes/text_generation)
{"accepted": false, "accepted_total": 7, "task": 169, "task_id": "fresh-eval-20691924ead8", "tasks": 200, "visible_unique_passes": 0}
[transformers] Both `min_new_tokens` (=0) and `min_length`(=0) seem to have been set. `min_new_tokens` will take precedence. Please refer to the documentation for more information. (https://huggingface.co/docs/transformers/main/en/main_classes/text_generation)
[transformers] Both `min_new_tokens` (=0) and `min_length`(=0) seem to have been set. `min_new_tokens` will take precedence. Please refer to the documentation for more information. (https://huggingface.co/docs/transformers/main/en/main_classes/text_generation)
[transformers] Both `min_new_tokens` (=0) and `min_length`(=0) seem to have been set. `min_new_tokens` will take precedence. Please refer to the documentation for more information. (https://huggingface.co/docs/transformers/main/en/main_classes/text_generation)
{"accepted": false, "accepted_total": 7, "task": 170, "task_id": "sigless_12e5deef1e79", "tasks": 200, "visible_unique_passes": 0}
[transformers] Both `min_new_tokens` (=0) and `min_length`(=0) seem to have been set. `min_new_tokens` will take precedence. Please refer to the documentation for more information. (https://huggingface.co/docs/transformers/main/en/main_classes/text_generation)
[transformers] Both `min_new_tokens` (=0) and `min_length`(=0) seem to have been set. `min_new_tokens` will take precedence. Please refer to the documentation for more information. (https://huggingface.co/docs/transformers/main/en/main_classes/text_generation)
{"accepted": false, "accepted_total": 7, "task": 171, "task_id": "fresh-eval-bfed0c8999b4", "tasks": 200, "visible_unique_passes": 0}
[transformers] Both `min_new_tokens` (=0) and `min_length`(=0) seem to have been set. `min_new_tokens` will take precedence. Please refer to the documentation for more information. (https://huggingface.co/docs/transformers/main/en/main_classes/text_generation)
[transformers] Both `min_new_tokens` (=0) and `min_length`(=0) seem to have been set. `min_new_tokens` will take precedence. Please refer to the documentation for more information. (https://huggingface.co/docs/transformers/main/en/main_classes/text_generation)
[transformers] Both `min_new_tokens` (=0) and `min_length`(=0) seem to have been set. `min_new_tokens` will take precedence. Please refer to the documentation for more information. (https://huggingface.co/docs/transformers/main/en/main_classes/text_generation)
{"accepted": false, "accepted_total": 7, "task": 172, "task_id": "fresh-eval-55c2587a72f0", "tasks": 200, "visible_unique_passes": 0}
[transformers] Both `min_new_tokens` (=0) and `min_length`(=0) seem to have been set. `min_new_tokens` will take precedence. Please refer to the documentation for more information. (https://huggingface.co/docs/transformers/main/en/main_classes/text_generation)
[transformers] Both `min_new_tokens` (=0) and `min_length`(=0) seem to have been set. `min_new_tokens` will take precedence. Please refer to the documentation for more information. (https://huggingface.co/docs/transformers/main/en/main_classes/text_generation)
[transformers] Both `min_new_tokens` (=0) and `min_length`(=0) seem to have been set. `min_new_tokens` will take precedence. Please refer to the documentation for more information. (https://huggingface.co/docs/transformers/main/en/main_classes/text_generation)
{"accepted": false, "accepted_total": 7, "task": 173, "task_id": "fresh-eval-aaa34b3b5e9d", "tasks": 200, "visible_unique_passes": 0}
[transformers] Both `min_new_tokens` (=0) and `min_length`(=0) seem to have been set. `min_new_tokens` will take precedence. Please refer to the documentation for more information. (https://huggingface.co/docs/transformers/main/en/main_classes/text_generation)
[transformers] Both `min_new_tokens` (=0) and `min_length`(=0) seem to have been set. `min_new_tokens` will take precedence. Please refer to the documentation for more information. (https://huggingface.co/docs/transformers/main/en/main_classes/text_generation)
[transformers] Both `min_new_tokens` (=0) and `min_length`(=0) seem to have been set. `min_new_tokens` will take precedence. Please refer to the documentation for more information. (https://huggingface.co/docs/transformers/main/en/main_classes/text_generation)
{"accepted": false, "accepted_total": 7, "task": 174, "task_id": "sigless_44b5b8de7031", "tasks": 200, "visible_unique_passes": 0}
[transformers] Both `min_new_tokens` (=0) and `min_length`(=0) seem to have been set. `min_new_tokens` will take precedence. Please refer to the documentation for more information. (https://huggingface.co/docs/transformers/main/en/main_classes/text_generation)
[transformers] Both `min_new_tokens` (=0) and `min_length`(=0) seem to have been set. `min_new_tokens` will take precedence. Please refer to the documentation for more information. (https://huggingface.co/docs/transformers/main/en/main_classes/text_generation)
[transformers] Both `min_new_tokens` (=0) and `min_length`(=0) seem to have been set. `min_new_tokens` will take precedence. Please refer to the documentation for more information. (https://huggingface.co/docs/transformers/main/en/main_classes/text_generation)
{"accepted": false, "accepted_total": 7, "task": 175, "task_id": "sigless_dfe8156844d2", "tasks": 200, "visible_unique_passes": 0}
[transformers] Both `min_new_tokens` (=0) and `min_length`(=0) seem to have been set. `min_new_tokens` will take precedence. Please refer to the documentation for more information. (https://huggingface.co/docs/transformers/main/en/main_classes/text_generation)
[transformers] Both `min_new_tokens` (=0) and `min_length`(=0) seem to have been set. `min_new_tokens` will take precedence. Please refer to the documentation for more information. (https://huggingface.co/docs/transformers/main/en/main_classes/text_generation)
[transformers] Both `min_new_tokens` (=0) and `min_length`(=0) seem to have been set. `min_new_tokens` will take precedence. Please refer to the documentation for more information. (https://huggingface.co/docs/transformers/main/en/main_classes/text_generation)
{"accepted": false, "accepted_total": 7, "task": 176, "task_id": "sigless_349b49ac2473", "tasks": 200, "visible_unique_passes": 0}
[transformers] Both `min_new_tokens` (=0) and `min_length`(=0) seem to have been set. `min_new_tokens` will take precedence. Please refer to the documentation for more information. (https://huggingface.co/docs/transformers/main/en/main_classes/text_generation)
[transformers] Both `min_new_tokens` (=0) and `min_length`(=0) seem to have been set. `min_new_tokens` will take precedence. Please refer to the documentation for more information. (https://huggingface.co/docs/transformers/main/en/main_classes/text_generation)
{"accepted": false, "accepted_total": 7, "task": 177, "task_id": "fresh-eval-faf2a15fbc00", "tasks": 200, "visible_unique_passes": 0}
[transformers] Both `min_new_tokens` (=0) and `min_length`(=0) seem to have been set. `min_new_tokens` will take precedence. Please refer to the documentation for more information. (https://huggingface.co/docs/transformers/main/en/main_classes/text_generation)
[transformers] Both `min_new_tokens` (=0) and `min_length`(=0) seem to have been set. `min_new_tokens` will take precedence. Please refer to the documentation for more information. (https://huggingface.co/docs/transformers/main/en/main_classes/text_generation)
[transformers] Both `min_new_tokens` (=0) and `min_length`(=0) seem to have been set. `min_new_tokens` will take precedence. Please refer to the documentation for more information. (https://huggingface.co/docs/transformers/main/en/main_classes/text_generation)
{"accepted": false, "accepted_total": 7, "task": 178, "task_id": "sigless_f063735927c7", "tasks": 200, "visible_unique_passes": 0}
[transformers] Both `min_new_tokens` (=0) and `min_length`(=0) seem to have been set. `min_new_tokens` will take precedence. Please refer to the documentation for more information. (https://huggingface.co/docs/transformers/main/en/main_classes/text_generation)
[transformers] Both `min_new_tokens` (=0) and `min_length`(=0) seem to have been set. `min_new_tokens` will take precedence. Please refer to the documentation for more information. (https://huggingface.co/docs/transformers/main/en/main_classes/text_generation)
[transformers] Both `min_new_tokens` (=0) and `min_length`(=0) seem to have been set. `min_new_tokens` will take precedence. Please refer to the documentation for more information. (https://huggingface.co/docs/transformers/main/en/main_classes/text_generation)
{"accepted": false, "accepted_total": 7, "task": 179, "task_id": "sigless_e8e040c1c0d7", "tasks": 200, "visible_unique_passes": 0}
[transformers] Both `min_new_tokens` (=0) and `min_length`(=0) seem to have been set. `min_new_tokens` will take precedence. Please refer to the documentation for more information. (https://huggingface.co/docs/transformers/main/en/main_classes/text_generation)
[transformers] Both `min_new_tokens` (=0) and `min_length`(=0) seem to have been set. `min_new_tokens` will take precedence. Please refer to the documentation for more information. (https://huggingface.co/docs/transformers/main/en/main_classes/text_generation)
[transformers] Both `min_new_tokens` (=0) and `min_length`(=0) seem to have been set. `min_new_tokens` will take precedence. Please refer to the documentation for more information. (https://huggingface.co/docs/transformers/main/en/main_classes/text_generation)
{"accepted": false, "accepted_total": 7, "task": 180, "task_id": "fresh-eval-8ccb3f28c453", "tasks": 200, "visible_unique_passes": 0}
[transformers] Both `min_new_tokens` (=0) and `min_length`(=0) seem to have been set. `min_new_tokens` will take precedence. Please refer to the documentation for more information. (https://huggingface.co/docs/transformers/main/en/main_classes/text_generation)
[transformers] Both `min_new_tokens` (=0) and `min_length`(=0) seem to have been set. `min_new_tokens` will take precedence. Please refer to the documentation for more information. (https://huggingface.co/docs/transformers/main/en/main_classes/text_generation)
{"accepted": false, "accepted_total": 7, "task": 181, "task_id": "fresh-eval-17d53a102f4f", "tasks": 200, "visible_unique_passes": 0}
[transformers] Both `min_new_tokens` (=0) and `min_length`(=0) seem to have been set. `min_new_tokens` will take precedence. Please refer to the documentation for more information. (https://huggingface.co/docs/transformers/main/en/main_classes/text_generation)
[transformers] Both `min_new_tokens` (=0) and `min_length`(=0) seem to have been set. `min_new_tokens` will take precedence. Please refer to the documentation for more information. (https://huggingface.co/docs/transformers/main/en/main_classes/text_generation)
[transformers] Both `min_new_tokens` (=0) and `min_length`(=0) seem to have been set. `min_new_tokens` will take precedence. Please refer to the documentation for more information. (https://huggingface.co/docs/transformers/main/en/main_classes/text_generation)
{"accepted": false, "accepted_total": 7, "task": 182, "task_id": "fresh-eval-58274e049569", "tasks": 200, "visible_unique_passes": 0}
[transformers] Both `min_new_tokens` (=0) and `min_length`(=0) seem to have been set. `min_new_tokens` will take precedence. Please refer to the documentation for more information. (https://huggingface.co/docs/transformers/main/en/main_classes/text_generation)
[transformers] Both `min_new_tokens` (=0) and `min_length`(=0) seem to have been set. `min_new_tokens` will take precedence. Please refer to the documentation for more information. (https://huggingface.co/docs/transformers/main/en/main_classes/text_generation)
{"accepted": false, "accepted_total": 7, "task": 183, "task_id": "fresh-eval-88b0c2fa78f6", "tasks": 200, "visible_unique_passes": 0}
[transformers] Both `min_new_tokens` (=0) and `min_length`(=0) seem to have been set. `min_new_tokens` will take precedence. Please refer to the documentation for more information. (https://huggingface.co/docs/transformers/main/en/main_classes/text_generation)
[transformers] Both `min_new_tokens` (=0) and `min_length`(=0) seem to have been set. `min_new_tokens` will take precedence. Please refer to the documentation for more information. (https://huggingface.co/docs/transformers/main/en/main_classes/text_generation)
[transformers] Both `min_new_tokens` (=0) and `min_length`(=0) seem to have been set. `min_new_tokens` will take precedence. Please refer to the documentation for more information. (https://huggingface.co/docs/transformers/main/en/main_classes/text_generation)
{"accepted": false, "accepted_total": 7, "task": 184, "task_id": "sigless_9f0f07c924d3", "tasks": 200, "visible_unique_passes": 0}
[transformers] Both `min_new_tokens` (=0) and `min_length`(=0) seem to have been set. `min_new_tokens` will take precedence. Please refer to the documentation for more information. (https://huggingface.co/docs/transformers/main/en/main_classes/text_generation)
[transformers] Both `min_new_tokens` (=0) and `min_length`(=0) seem to have been set. `min_new_tokens` will take precedence. Please refer to the documentation for more information. (https://huggingface.co/docs/transformers/main/en/main_classes/text_generation)
[transformers] Both `min_new_tokens` (=0) and `min_length`(=0) seem to have been set. `min_new_tokens` will take precedence. Please refer to the documentation for more information. (https://huggingface.co/docs/transformers/main/en/main_classes/text_generation)
{"accepted": false, "accepted_total": 7, "task": 185, "task_id": "sigless_e9c970ad8337", "tasks": 200, "visible_unique_passes": 0}
[transformers] Both `min_new_tokens` (=0) and `min_length`(=0) seem to have been set. `min_new_tokens` will take precedence. Please refer to the documentation for more information. (https://huggingface.co/docs/transformers/main/en/main_classes/text_generation)
[transformers] Both `min_new_tokens` (=0) and `min_length`(=0) seem to have been set. `min_new_tokens` will take precedence. Please refer to the documentation for more information. (https://huggingface.co/docs/transformers/main/en/main_classes/text_generation)
[transformers] Both `min_new_tokens` (=0) and `min_length`(=0) seem to have been set. `min_new_tokens` will take precedence. Please refer to the documentation for more information. (https://huggingface.co/docs/transformers/main/en/main_classes/text_generation)
{"accepted": false, "accepted_total": 7, "task": 186, "task_id": "sigless_00a50a69a375", "tasks": 200, "visible_unique_passes": 0}
[transformers] Both `min_new_tokens` (=0) and `min_length`(=0) seem to have been set. `min_new_tokens` will take precedence. Please refer to the documentation for more information. (https://huggingface.co/docs/transformers/main/en/main_classes/text_generation)
{"accepted": true, "accepted_total": 8, "task": 187, "task_id": "fresh-eval-411b5b24ae48", "tasks": 200, "visible_unique_passes": 1}
[transformers] Both `min_new_tokens` (=0) and `min_length`(=0) seem to have been set. `min_new_tokens` will take precedence. Please refer to the documentation for more information. (https://huggingface.co/docs/transformers/main/en/main_classes/text_generation)
[transformers] Both `min_new_tokens` (=0) and `min_length`(=0) seem to have been set. `min_new_tokens` will take precedence. Please refer to the documentation for more information. (https://huggingface.co/docs/transformers/main/en/main_classes/text_generation)
[transformers] Both `min_new_tokens` (=0) and `min_length`(=0) seem to have been set. `min_new_tokens` will take precedence. Please refer to the documentation for more information. (https://huggingface.co/docs/transformers/main/en/main_classes/text_generation)
{"accepted": false, "accepted_total": 8, "task": 188, "task_id": "fresh-eval-8242f3dd6e62", "tasks": 200, "visible_unique_passes": 0}
[transformers] Both `min_new_tokens` (=0) and `min_length`(=0) seem to have been set. `min_new_tokens` will take precedence. Please refer to the documentation for more information. (https://huggingface.co/docs/transformers/main/en/main_classes/text_generation)
[transformers] Both `min_new_tokens` (=0) and `min_length`(=0) seem to have been set. `min_new_tokens` will take precedence. Please refer to the documentation for more information. (https://huggingface.co/docs/transformers/main/en/main_classes/text_generation)
[transformers] Both `min_new_tokens` (=0) and `min_length`(=0) seem to have been set. `min_new_tokens` will take precedence. Please refer to the documentation for more information. (https://huggingface.co/docs/transformers/main/en/main_classes/text_generation)
{"accepted": false, "accepted_total": 8, "task": 189, "task_id": "sigless_8d4e0fe00b08", "tasks": 200, "visible_unique_passes": 0}
[transformers] Both `min_new_tokens` (=0) and `min_length`(=0) seem to have been set. `min_new_tokens` will take precedence. Please refer to the documentation for more information. (https://huggingface.co/docs/transformers/main/en/main_classes/text_generation)
[transformers] Both `min_new_tokens` (=0) and `min_length`(=0) seem to have been set. `min_new_tokens` will take precedence. Please refer to the documentation for more information. (https://huggingface.co/docs/transformers/main/en/main_classes/text_generation)
[transformers] Both `min_new_tokens` (=0) and `min_length`(=0) seem to have been set. `min_new_tokens` will take precedence. Please refer to the documentation for more information. (https://huggingface.co/docs/transformers/main/en/main_classes/text_generation)
{"accepted": false, "accepted_total": 8, "task": 190, "task_id": "sigless_67de1f9e5055", "tasks": 200, "visible_unique_passes": 0}
[transformers] Both `min_new_tokens` (=0) and `min_length`(=0) seem to have been set. `min_new_tokens` will take precedence. Please refer to the documentation for more information. (https://huggingface.co/docs/transformers/main/en/main_classes/text_generation)
[transformers] Both `min_new_tokens` (=0) and `min_length`(=0) seem to have been set. `min_new_tokens` will take precedence. Please refer to the documentation for more information. (https://huggingface.co/docs/transformers/main/en/main_classes/text_generation)
[transformers] Both `min_new_tokens` (=0) and `min_length`(=0) seem to have been set. `min_new_tokens` will take precedence. Please refer to the documentation for more information. (https://huggingface.co/docs/transformers/main/en/main_classes/text_generation)
{"accepted": false, "accepted_total": 8, "task": 191, "task_id": "sigless_094558489992", "tasks": 200, "visible_unique_passes": 0}
[transformers] Both `min_new_tokens` (=0) and `min_length`(=0) seem to have been set. `min_new_tokens` will take precedence. Please refer to the documentation for more information. (https://huggingface.co/docs/transformers/main/en/main_classes/text_generation)
[transformers] Both `min_new_tokens` (=0) and `min_length`(=0) seem to have been set. `min_new_tokens` will take precedence. Please refer to the documentation for more information. (https://huggingface.co/docs/transformers/main/en/main_classes/text_generation)
[transformers] Both `min_new_tokens` (=0) and `min_length`(=0) seem to have been set. `min_new_tokens` will take precedence. Please refer to the documentation for more information. (https://huggingface.co/docs/transformers/main/en/main_classes/text_generation)
{"accepted": false, "accepted_total": 8, "task": 192, "task_id": "sigless_3e8f568e0c91", "tasks": 200, "visible_unique_passes": 0}
[transformers] Both `min_new_tokens` (=0) and `min_length`(=0) seem to have been set. `min_new_tokens` will take precedence. Please refer to the documentation for more information. (https://huggingface.co/docs/transformers/main/en/main_classes/text_generation)
{"accepted": false, "accepted_total": 8, "task": 193, "task_id": "fresh-eval-f61323776733", "tasks": 200, "visible_unique_passes": 0}
[transformers] Both `min_new_tokens` (=0) and `min_length`(=0) seem to have been set. `min_new_tokens` will take precedence. Please refer to the documentation for more information. (https://huggingface.co/docs/transformers/main/en/main_classes/text_generation)
[transformers] Both `min_new_tokens` (=0) and `min_length`(=0) seem to have been set. `min_new_tokens` will take precedence. Please refer to the documentation for more information. (https://huggingface.co/docs/transformers/main/en/main_classes/text_generation)
[transformers] Both `min_new_tokens` (=0) and `min_length`(=0) seem to have been set. `min_new_tokens` will take precedence. Please refer to the documentation for more information. (https://huggingface.co/docs/transformers/main/en/main_classes/text_generation)
{"accepted": false, "accepted_total": 8, "task": 194, "task_id": "sigless_bb7d757d445c", "tasks": 200, "visible_unique_passes": 0}
[transformers] Both `min_new_tokens` (=0) and `min_length`(=0) seem to have been set. `min_new_tokens` will take precedence. Please refer to the documentation for more information. (https://huggingface.co/docs/transformers/main/en/main_classes/text_generation)
[transformers] Both `min_new_tokens` (=0) and `min_length`(=0) seem to have been set. `min_new_tokens` will take precedence. Please refer to the documentation for more information. (https://huggingface.co/docs/transformers/main/en/main_classes/text_generation)
[transformers] Both `min_new_tokens` (=0) and `min_length`(=0) seem to have been set. `min_new_tokens` will take precedence. Please refer to the documentation for more information. (https://huggingface.co/docs/transformers/main/en/main_classes/text_generation)
{"accepted": false, "accepted_total": 8, "task": 195, "task_id": "sigless_d0ae75394cf7", "tasks": 200, "visible_unique_passes": 0}
[transformers] Both `min_new_tokens` (=0) and `min_length`(=0) seem to have been set. `min_new_tokens` will take precedence. Please refer to the documentation for more information. (https://huggingface.co/docs/transformers/main/en/main_classes/text_generation)
[transformers] Both `min_new_tokens` (=0) and `min_length`(=0) seem to have been set. `min_new_tokens` will take precedence. Please refer to the documentation for more information. (https://huggingface.co/docs/transformers/main/en/main_classes/text_generation)
[transformers] Both `min_new_tokens` (=0) and `min_length`(=0) seem to have been set. `min_new_tokens` will take precedence. Please refer to the documentation for more information. (https://huggingface.co/docs/transformers/main/en/main_classes/text_generation)
{"accepted": false, "accepted_total": 8, "task": 196, "task_id": "fresh-eval-4b62824858b1", "tasks": 200, "visible_unique_passes": 0}
[transformers] Both `min_new_tokens` (=0) and `min_length`(=0) seem to have been set. `min_new_tokens` will take precedence. Please refer to the documentation for more information. (https://huggingface.co/docs/transformers/main/en/main_classes/text_generation)
[transformers] Both `min_new_tokens` (=0) and `min_length`(=0) seem to have been set. `min_new_tokens` will take precedence. Please refer to the documentation for more information. (https://huggingface.co/docs/transformers/main/en/main_classes/text_generation)
[transformers] Both `min_new_tokens` (=0) and `min_length`(=0) seem to have been set. `min_new_tokens` will take precedence. Please refer to the documentation for more information. (https://huggingface.co/docs/transformers/main/en/main_classes/text_generation)
{"accepted": false, "accepted_total": 8, "task": 197, "task_id": "sigless_377f0aa82b94", "tasks": 200, "visible_unique_passes": 0}
[transformers] Both `min_new_tokens` (=0) and `min_length`(=0) seem to have been set. `min_new_tokens` will take precedence. Please refer to the documentation for more information. (https://huggingface.co/docs/transformers/main/en/main_classes/text_generation)
{"accepted": true, "accepted_total": 9, "task": 198, "task_id": "sigless_9765a555bb1e", "tasks": 200, "visible_unique_passes": 1}
[transformers] Both `min_new_tokens` (=0) and `min_length`(=0) seem to have been set. `min_new_tokens` will take precedence. Please refer to the documentation for more information. (https://huggingface.co/docs/transformers/main/en/main_classes/text_generation)
[transformers] Both `min_new_tokens` (=0) and `min_length`(=0) seem to have been set. `min_new_tokens` will take precedence. Please refer to the documentation for more information. (https://huggingface.co/docs/transformers/main/en/main_classes/text_generation)
[transformers] Both `min_new_tokens` (=0) and `min_length`(=0) seem to have been set. `min_new_tokens` will take precedence. Please refer to the documentation for more information. (https://huggingface.co/docs/transformers/main/en/main_classes/text_generation)
{"accepted": false, "accepted_total": 9, "task": 199, "task_id": "fresh-eval-6e545d48884c", "tasks": 200, "visible_unique_passes": 0}
[transformers] Both `min_new_tokens` (=0) and `min_length`(=0) seem to have been set. `min_new_tokens` will take precedence. Please refer to the documentation for more information. (https://huggingface.co/docs/transformers/main/en/main_classes/text_generation)
[transformers] Both `min_new_tokens` (=0) and `min_length`(=0) seem to have been set. `min_new_tokens` will take precedence. Please refer to the documentation for more information. (https://huggingface.co/docs/transformers/main/en/main_classes/text_generation)
{"accepted": false, "accepted_total": 9, "task": 200, "task_id": "sigless_42ba3da172af", "tasks": 200, "visible_unique_passes": 0}
{"accepted": 9, "output_dir": "/workspace/artifacts/t5gemma2_local_rs_sft_pilot_2epoch_v1", "production_floor_met": false, "tasks": 200}
