__init__.py: OK
contract_only_view.py: OK
contract_only_inference.py: OK
score_contract_only.py: OK
verify_smoke_replay.py: OK
handoff_attestation.py: OK
contract_only_report.py: OK
preregistration.json: OK
run_contract_only_control.sh: OK
handoff_after_current.sh: OK
README.md: OK
tests/test_contract_only_control.py: OK
/workspace/hybrid_training_patch_v2_3/scripts/evaluation/t5gemma2_measurement_audit_inference.py: OK
/workspace/hybrid_training_patch_v2_3/scripts/evaluation/t5gemma2_measurement_audit_inputs.py: OK
/workspace/hybrid_training_patch_v2_3/scripts/evaluation/t5gemma2_f2_passk_inference.py: OK
/workspace/hybrid_training_patch_v2_3/scripts/evaluation/score_direct_compact_passk.py: OK
/workspace/hybrid_training_patch_v2_3/scripts/evaluation/t5gemma2_measurement_audit_report.py: OK
/workspace/hybrid_training_patch_v2_3/scripts/evaluation/durable_evaluation_journal.py: OK
/workspace/hybrid_training_patch_v2_3/scripts/evaluation/graph_compile_at_k_antigravity.py: OK
/workspace/hybrid_training_patch_v2_3/scripts/training/t5gemma2_compiler_feedback_verpo.py: OK
/workspace/hybrid_training_patch_v2_3/scripts/training/seq2seq_verpo_core.py: OK
/workspace/hybrid_training_patch_v2_3/scripts/training/t5gemma2_typed_contract_sft.py: OK
/workspace/hybrid_training_patch_v2_3/scripts/training/t5gemma2_enriched_sft.py: OK
/workspace/hybrid_training_patch_v2_3/scripts/training/hybrid_data_controls.py: OK
/workspace/hybrid_training_patch_v2_3/scripts/training/teacher_repair_dataset_antigravity.py: OK
/workspace/hybrid_training_patch_v2_3/scripts/preprocessing/build_verpo_feedback_view.py: OK
/workspace/hybrid_training_patch_v2_3/scripts/preprocessing/build_multifunction_executable_view.py: OK
/workspace/multifunction_v1/build/dev_multifunction_binary.jsonl: OK
/workspace/multifunction_v1/build/dev_multifunction_binary.seal.json: OK
/workspace/multifunction_v1/build/dev_multifunction_binary_f2.jsonl: OK
/workspace/multifunction_v1/build/dev_multifunction_binary_f2.jsonl.manifest.json: OK
/workspace/artifacts/t5gemma2_4b4b_enriched_sft_2epoch_v1/checkpoint-optstep-000348/run_contract.json: OK
/workspace/artifacts/t5gemma2_4b4b_enriched_sft_2epoch_v1/checkpoint-optstep-000348/adapter/adapter_model.safetensors: OK
/workspace/artifacts/t5gemma2_4b4b_enriched_sft_2epoch_v1/checkpoint-optstep-000348/adapter/adapter_config.json: OK
/workspace/artifacts/t5gemma2_4b4b_enriched_sft_2epoch_v1/checkpoint-optstep-000348/tokenizer/tokenizer.json: OK
/workspace/artifacts/t5gemma2_f2_measurement_audit_v1/gold_roundtrip/gold_k1_score.json: OK
/workspace/artifacts/t5gemma2_sft_epoch_ablation_passk_v1/two_epoch_k10_predictions.json: OK
/workspace/artifacts/t5gemma2_sft_epoch_ablation_passk_v1/two_epoch_k10_score.json: OK
/workspace/artifacts/t5gemma2_f2_measurement_audit_v1/typed_opaque_contract_seed42_k10_predictions.json: OK
/workspace/artifacts/t5gemma2_f2_measurement_audit_v1/typed_opaque_contract_seed42_k10_score.json: OK
/workspace/artifacts/t5gemma2_f2_intervention_multiseed_v1/intervention_multiseed_report.json: OK
Loading weights:   0%|          | 0/1327 [00:00<?, ?it/s]Loading weights:  53%|█████▎    | 703/1327 [00:00<00:00, 7011.37it/s]Loading weights: 100%|██████████| 1327/1327 [00:00<00:00, 8033.80it/s]
[transformers] Both `min_new_tokens` (=0) and `min_length`(=0) seem to have been set. `min_new_tokens` will take precedence. Please refer to the documentation for more information. (https://huggingface.co/docs/transformers/main/en/main_classes/text_generation)
{"encoder_tokens": 123, "input_view": "typed_contract_only", "max_token_completions": 0, "task": 1, "task_id": "sigless_6f74b303025c", "tasks": 5}
[transformers] Both `min_new_tokens` (=0) and `min_length`(=0) seem to have been set. `min_new_tokens` will take precedence. Please refer to the documentation for more information. (https://huggingface.co/docs/transformers/main/en/main_classes/text_generation)
{"encoder_tokens": 133, "input_view": "typed_contract_only", "max_token_completions": 0, "task": 2, "task_id": "sigless_1eae8c49db66", "tasks": 5}
[transformers] Both `min_new_tokens` (=0) and `min_length`(=0) seem to have been set. `min_new_tokens` will take precedence. Please refer to the documentation for more information. (https://huggingface.co/docs/transformers/main/en/main_classes/text_generation)
{"encoder_tokens": 133, "input_view": "typed_contract_only", "max_token_completions": 0, "task": 3, "task_id": "sigless_8230c078962e", "tasks": 5}
[transformers] Both `min_new_tokens` (=0) and `min_length`(=0) seem to have been set. `min_new_tokens` will take precedence. Please refer to the documentation for more information. (https://huggingface.co/docs/transformers/main/en/main_classes/text_generation)
{"encoder_tokens": 130, "input_view": "typed_contract_only", "max_token_completions": 0, "task": 4, "task_id": "sigless_ef71ae50a5fb", "tasks": 5}
[transformers] Both `min_new_tokens` (=0) and `min_length`(=0) seem to have been set. `min_new_tokens` will take precedence. Please refer to the documentation for more information. (https://huggingface.co/docs/transformers/main/en/main_classes/text_generation)
{"encoder_tokens": 146, "input_view": "typed_contract_only", "max_token_completions": 0, "task": 5, "task_id": "sigless_0c28ea18fc09", "tasks": 5}
{"input_view": "typed_contract_only", "max_token_completions": 0, "output": "/workspace/artifacts/t5gemma2_contract_only_control_v1/smoke/typed_contract_only_seed42_first5_k10_predictions.json", "output_sha256": "00006b10d5f42b3c1a0eef4340730c57dacbba21e85443e8497cf7842de148e7", "rows": 5, "samples": 50}
PASSK_RESULT tasks=5 pass@1=0/5=0.0000 pass@10=0/5=0.0000 compile@10=5/5=1.0000
T5GEMMA_CONTRACT_ONLY_SMOKE_PASS predictions=/workspace/artifacts/t5gemma2_contract_only_control_v1/smoke/typed_contract_only_seed42_first5_k10_predictions.json score=/workspace/artifacts/t5gemma2_contract_only_control_v1/smoke/typed_contract_only_seed42_first5_k10_score.json
Loading weights:   0%|          | 0/1327 [00:00<?, ?it/s]Loading weights:  54%|█████▍    | 714/1327 [00:00<00:00, 7136.93it/s]Loading weights: 100%|██████████| 1327/1327 [00:00<00:00, 7783.28it/s]
[transformers] Both `min_new_tokens` (=0) and `min_length`(=0) seem to have been set. `min_new_tokens` will take precedence. Please refer to the documentation for more information. (https://huggingface.co/docs/transformers/main/en/main_classes/text_generation)
{"encoder_tokens": 123, "input_view": "typed_contract_only", "max_token_completions": 0, "task": 1, "task_id": "sigless_6f74b303025c", "tasks": 175}
[transformers] Both `min_new_tokens` (=0) and `min_length`(=0) seem to have been set. `min_new_tokens` will take precedence. Please refer to the documentation for more information. (https://huggingface.co/docs/transformers/main/en/main_classes/text_generation)
{"encoder_tokens": 133, "input_view": "typed_contract_only", "max_token_completions": 0, "task": 2, "task_id": "sigless_1eae8c49db66", "tasks": 175}
[transformers] Both `min_new_tokens` (=0) and `min_length`(=0) seem to have been set. `min_new_tokens` will take precedence. Please refer to the documentation for more information. (https://huggingface.co/docs/transformers/main/en/main_classes/text_generation)
{"encoder_tokens": 133, "input_view": "typed_contract_only", "max_token_completions": 0, "task": 3, "task_id": "sigless_8230c078962e", "tasks": 175}
[transformers] Both `min_new_tokens` (=0) and `min_length`(=0) seem to have been set. `min_new_tokens` will take precedence. Please refer to the documentation for more information. (https://huggingface.co/docs/transformers/main/en/main_classes/text_generation)
{"encoder_tokens": 130, "input_view": "typed_contract_only", "max_token_completions": 0, "task": 4, "task_id": "sigless_ef71ae50a5fb", "tasks": 175}
[transformers] Both `min_new_tokens` (=0) and `min_length`(=0) seem to have been set. `min_new_tokens` will take precedence. Please refer to the documentation for more information. (https://huggingface.co/docs/transformers/main/en/main_classes/text_generation)
{"encoder_tokens": 146, "input_view": "typed_contract_only", "max_token_completions": 0, "task": 5, "task_id": "sigless_0c28ea18fc09", "tasks": 175}
[transformers] Both `min_new_tokens` (=0) and `min_length`(=0) seem to have been set. `min_new_tokens` will take precedence. Please refer to the documentation for more information. (https://huggingface.co/docs/transformers/main/en/main_classes/text_generation)
{"encoder_tokens": 132, "input_view": "typed_contract_only", "max_token_completions": 0, "task": 6, "task_id": "sigless_9dcc77211b03", "tasks": 175}
[transformers] Both `min_new_tokens` (=0) and `min_length`(=0) seem to have been set. `min_new_tokens` will take precedence. Please refer to the documentation for more information. (https://huggingface.co/docs/transformers/main/en/main_classes/text_generation)
{"encoder_tokens": 137, "input_view": "typed_contract_only", "max_token_completions": 0, "task": 7, "task_id": "sigless_e3b7af399229", "tasks": 175}
[transformers] Both `min_new_tokens` (=0) and `min_length`(=0) seem to have been set. `min_new_tokens` will take precedence. Please refer to the documentation for more information. (https://huggingface.co/docs/transformers/main/en/main_classes/text_generation)
{"encoder_tokens": 135, "input_view": "typed_contract_only", "max_token_completions": 0, "task": 8, "task_id": "sigless_f2b582d1df68", "tasks": 175}
[transformers] Both `min_new_tokens` (=0) and `min_length`(=0) seem to have been set. `min_new_tokens` will take precedence. Please refer to the documentation for more information. (https://huggingface.co/docs/transformers/main/en/main_classes/text_generation)
{"encoder_tokens": 130, "input_view": "typed_contract_only", "max_token_completions": 0, "task": 9, "task_id": "sigless_af8ea815d9ac", "tasks": 175}
[transformers] Both `min_new_tokens` (=0) and `min_length`(=0) seem to have been set. `min_new_tokens` will take precedence. Please refer to the documentation for more information. (https://huggingface.co/docs/transformers/main/en/main_classes/text_generation)
{"encoder_tokens": 130, "input_view": "typed_contract_only", "max_token_completions": 0, "task": 10, "task_id": "sigless_ed4d7dcd5f20", "tasks": 175}
[transformers] Both `min_new_tokens` (=0) and `min_length`(=0) seem to have been set. `min_new_tokens` will take precedence. Please refer to the documentation for more information. (https://huggingface.co/docs/transformers/main/en/main_classes/text_generation)
{"encoder_tokens": 155, "input_view": "typed_contract_only", "max_token_completions": 0, "task": 11, "task_id": "sigless_ac1a3f90780a", "tasks": 175}
[transformers] Both `min_new_tokens` (=0) and `min_length`(=0) seem to have been set. `min_new_tokens` will take precedence. Please refer to the documentation for more information. (https://huggingface.co/docs/transformers/main/en/main_classes/text_generation)
{"encoder_tokens": 131, "input_view": "typed_contract_only", "max_token_completions": 0, "task": 12, "task_id": "sigless_2607923a35c2", "tasks": 175}
[transformers] Both `min_new_tokens` (=0) and `min_length`(=0) seem to have been set. `min_new_tokens` will take precedence. Please refer to the documentation for more information. (https://huggingface.co/docs/transformers/main/en/main_classes/text_generation)
{"encoder_tokens": 123, "input_view": "typed_contract_only", "max_token_completions": 1, "task": 13, "task_id": "sigless_9acafa491865", "tasks": 175}
[transformers] Both `min_new_tokens` (=0) and `min_length`(=0) seem to have been set. `min_new_tokens` will take precedence. Please refer to the documentation for more information. (https://huggingface.co/docs/transformers/main/en/main_classes/text_generation)
{"encoder_tokens": 130, "input_view": "typed_contract_only", "max_token_completions": 0, "task": 14, "task_id": "sigless_08a97c3f3f6b", "tasks": 175}
[transformers] Both `min_new_tokens` (=0) and `min_length`(=0) seem to have been set. `min_new_tokens` will take precedence. Please refer to the documentation for more information. (https://huggingface.co/docs/transformers/main/en/main_classes/text_generation)
{"encoder_tokens": 133, "input_view": "typed_contract_only", "max_token_completions": 0, "task": 15, "task_id": "sigless_561333b633a8", "tasks": 175}
[transformers] Both `min_new_tokens` (=0) and `min_length`(=0) seem to have been set. `min_new_tokens` will take precedence. Please refer to the documentation for more information. (https://huggingface.co/docs/transformers/main/en/main_classes/text_generation)
{"encoder_tokens": 130, "input_view": "typed_contract_only", "max_token_completions": 0, "task": 16, "task_id": "sigless_43bc373e09d3", "tasks": 175}
[transformers] Both `min_new_tokens` (=0) and `min_length`(=0) seem to have been set. `min_new_tokens` will take precedence. Please refer to the documentation for more information. (https://huggingface.co/docs/transformers/main/en/main_classes/text_generation)
{"encoder_tokens": 133, "input_view": "typed_contract_only", "max_token_completions": 0, "task": 17, "task_id": "sigless_7968d9b30560", "tasks": 175}
[transformers] Both `min_new_tokens` (=0) and `min_length`(=0) seem to have been set. `min_new_tokens` will take precedence. Please refer to the documentation for more information. (https://huggingface.co/docs/transformers/main/en/main_classes/text_generation)
{"encoder_tokens": 130, "input_view": "typed_contract_only", "max_token_completions": 0, "task": 18, "task_id": "sigless_682c5301dfb2", "tasks": 175}
[transformers] Both `min_new_tokens` (=0) and `min_length`(=0) seem to have been set. `min_new_tokens` will take precedence. Please refer to the documentation for more information. (https://huggingface.co/docs/transformers/main/en/main_classes/text_generation)
{"encoder_tokens": 123, "input_view": "typed_contract_only", "max_token_completions": 0, "task": 19, "task_id": "sigless_37c22f197b0e", "tasks": 175}
[transformers] Both `min_new_tokens` (=0) and `min_length`(=0) seem to have been set. `min_new_tokens` will take precedence. Please refer to the documentation for more information. (https://huggingface.co/docs/transformers/main/en/main_classes/text_generation)
{"encoder_tokens": 123, "input_view": "typed_contract_only", "max_token_completions": 0, "task": 20, "task_id": "sigless_34e9dc99606e", "tasks": 175}
[transformers] Both `min_new_tokens` (=0) and `min_length`(=0) seem to have been set. `min_new_tokens` will take precedence. Please refer to the documentation for more information. (https://huggingface.co/docs/transformers/main/en/main_classes/text_generation)
{"encoder_tokens": 123, "input_view": "typed_contract_only", "max_token_completions": 0, "task": 21, "task_id": "sigless_6ad70e03dabe", "tasks": 175}
[transformers] Both `min_new_tokens` (=0) and `min_length`(=0) seem to have been set. `min_new_tokens` will take precedence. Please refer to the documentation for more information. (https://huggingface.co/docs/transformers/main/en/main_classes/text_generation)
{"encoder_tokens": 132, "input_view": "typed_contract_only", "max_token_completions": 0, "task": 22, "task_id": "sigless_217ef71865c3", "tasks": 175}
[transformers] Both `min_new_tokens` (=0) and `min_length`(=0) seem to have been set. `min_new_tokens` will take precedence. Please refer to the documentation for more information. (https://huggingface.co/docs/transformers/main/en/main_classes/text_generation)
{"encoder_tokens": 130, "input_view": "typed_contract_only", "max_token_completions": 0, "task": 23, "task_id": "sigless_295a1f5c7259", "tasks": 175}
[transformers] Both `min_new_tokens` (=0) and `min_length`(=0) seem to have been set. `min_new_tokens` will take precedence. Please refer to the documentation for more information. (https://huggingface.co/docs/transformers/main/en/main_classes/text_generation)
{"encoder_tokens": 134, "input_view": "typed_contract_only", "max_token_completions": 0, "task": 24, "task_id": "sigless_3b143aa33af0", "tasks": 175}
[transformers] Both `min_new_tokens` (=0) and `min_length`(=0) seem to have been set. `min_new_tokens` will take precedence. Please refer to the documentation for more information. (https://huggingface.co/docs/transformers/main/en/main_classes/text_generation)
{"encoder_tokens": 130, "input_view": "typed_contract_only", "max_token_completions": 0, "task": 25, "task_id": "sigless_6e4974ba05d6", "tasks": 175}
[transformers] Both `min_new_tokens` (=0) and `min_length`(=0) seem to have been set. `min_new_tokens` will take precedence. Please refer to the documentation for more information. (https://huggingface.co/docs/transformers/main/en/main_classes/text_generation)
{"encoder_tokens": 130, "input_view": "typed_contract_only", "max_token_completions": 0, "task": 26, "task_id": "sigless_40ffe3504975", "tasks": 175}
[transformers] Both `min_new_tokens` (=0) and `min_length`(=0) seem to have been set. `min_new_tokens` will take precedence. Please refer to the documentation for more information. (https://huggingface.co/docs/transformers/main/en/main_classes/text_generation)
{"encoder_tokens": 132, "input_view": "typed_contract_only", "max_token_completions": 0, "task": 27, "task_id": "sigless_5c47cc5132ae", "tasks": 175}
[transformers] Both `min_new_tokens` (=0) and `min_length`(=0) seem to have been set. `min_new_tokens` will take precedence. Please refer to the documentation for more information. (https://huggingface.co/docs/transformers/main/en/main_classes/text_generation)
{"encoder_tokens": 123, "input_view": "typed_contract_only", "max_token_completions": 0, "task": 28, "task_id": "sigless_0dc17d9531b9", "tasks": 175}
[transformers] Both `min_new_tokens` (=0) and `min_length`(=0) seem to have been set. `min_new_tokens` will take precedence. Please refer to the documentation for more information. (https://huggingface.co/docs/transformers/main/en/main_classes/text_generation)
{"encoder_tokens": 130, "input_view": "typed_contract_only", "max_token_completions": 0, "task": 29, "task_id": "sigless_e989552bfd91", "tasks": 175}
[transformers] Both `min_new_tokens` (=0) and `min_length`(=0) seem to have been set. `min_new_tokens` will take precedence. Please refer to the documentation for more information. (https://huggingface.co/docs/transformers/main/en/main_classes/text_generation)
{"encoder_tokens": 138, "input_view": "typed_contract_only", "max_token_completions": 0, "task": 30, "task_id": "sigless_588a3df34892", "tasks": 175}
[transformers] Both `min_new_tokens` (=0) and `min_length`(=0) seem to have been set. `min_new_tokens` will take precedence. Please refer to the documentation for more information. (https://huggingface.co/docs/transformers/main/en/main_classes/text_generation)
{"encoder_tokens": 123, "input_view": "typed_contract_only", "max_token_completions": 0, "task": 31, "task_id": "sigless_7f5464d20af0", "tasks": 175}
[transformers] Both `min_new_tokens` (=0) and `min_length`(=0) seem to have been set. `min_new_tokens` will take precedence. Please refer to the documentation for more information. (https://huggingface.co/docs/transformers/main/en/main_classes/text_generation)
{"encoder_tokens": 134, "input_view": "typed_contract_only", "max_token_completions": 0, "task": 32, "task_id": "sigless_c06bd1b6353c", "tasks": 175}
[transformers] Both `min_new_tokens` (=0) and `min_length`(=0) seem to have been set. `min_new_tokens` will take precedence. Please refer to the documentation for more information. (https://huggingface.co/docs/transformers/main/en/main_classes/text_generation)
{"encoder_tokens": 132, "input_view": "typed_contract_only", "max_token_completions": 0, "task": 33, "task_id": "sigless_7ce0645c7c59", "tasks": 175}
[transformers] Both `min_new_tokens` (=0) and `min_length`(=0) seem to have been set. `min_new_tokens` will take precedence. Please refer to the documentation for more information. (https://huggingface.co/docs/transformers/main/en/main_classes/text_generation)
{"encoder_tokens": 130, "input_view": "typed_contract_only", "max_token_completions": 0, "task": 34, "task_id": "sigless_842d8bd3822e", "tasks": 175}
[transformers] Both `min_new_tokens` (=0) and `min_length`(=0) seem to have been set. `min_new_tokens` will take precedence. Please refer to the documentation for more information. (https://huggingface.co/docs/transformers/main/en/main_classes/text_generation)
{"encoder_tokens": 141, "input_view": "typed_contract_only", "max_token_completions": 0, "task": 35, "task_id": "sigless_f19a1cde385c", "tasks": 175}
[transformers] Both `min_new_tokens` (=0) and `min_length`(=0) seem to have been set. `min_new_tokens` will take precedence. Please refer to the documentation for more information. (https://huggingface.co/docs/transformers/main/en/main_classes/text_generation)
{"encoder_tokens": 127, "input_view": "typed_contract_only", "max_token_completions": 0, "task": 36, "task_id": "sigless_66f0c3982031", "tasks": 175}
[transformers] Both `min_new_tokens` (=0) and `min_length`(=0) seem to have been set. `min_new_tokens` will take precedence. Please refer to the documentation for more information. (https://huggingface.co/docs/transformers/main/en/main_classes/text_generation)
{"encoder_tokens": 127, "input_view": "typed_contract_only", "max_token_completions": 0, "task": 37, "task_id": "sigless_6ca6f0196a67", "tasks": 175}
[transformers] Both `min_new_tokens` (=0) and `min_length`(=0) seem to have been set. `min_new_tokens` will take precedence. Please refer to the documentation for more information. (https://huggingface.co/docs/transformers/main/en/main_classes/text_generation)
{"encoder_tokens": 145, "input_view": "typed_contract_only", "max_token_completions": 0, "task": 38, "task_id": "sigless_8cc4767c9e31", "tasks": 175}
[transformers] Both `min_new_tokens` (=0) and `min_length`(=0) seem to have been set. `min_new_tokens` will take precedence. Please refer to the documentation for more information. (https://huggingface.co/docs/transformers/main/en/main_classes/text_generation)
{"encoder_tokens": 130, "input_view": "typed_contract_only", "max_token_completions": 0, "task": 39, "task_id": "sigless_689fa1a18517", "tasks": 175}
[transformers] Both `min_new_tokens` (=0) and `min_length`(=0) seem to have been set. `min_new_tokens` will take precedence. Please refer to the documentation for more information. (https://huggingface.co/docs/transformers/main/en/main_classes/text_generation)
{"encoder_tokens": 123, "input_view": "typed_contract_only", "max_token_completions": 0, "task": 40, "task_id": "sigless_a6a008b7b43f", "tasks": 175}
[transformers] Both `min_new_tokens` (=0) and `min_length`(=0) seem to have been set. `min_new_tokens` will take precedence. Please refer to the documentation for more information. (https://huggingface.co/docs/transformers/main/en/main_classes/text_generation)
{"encoder_tokens": 130, "input_view": "typed_contract_only", "max_token_completions": 0, "task": 41, "task_id": "sigless_b03bf3bb9c5b", "tasks": 175}
[transformers] Both `min_new_tokens` (=0) and `min_length`(=0) seem to have been set. `min_new_tokens` will take precedence. Please refer to the documentation for more information. (https://huggingface.co/docs/transformers/main/en/main_classes/text_generation)
{"encoder_tokens": 139, "input_view": "typed_contract_only", "max_token_completions": 0, "task": 42, "task_id": "sigless_c5fe1b2b12ae", "tasks": 175}
[transformers] Both `min_new_tokens` (=0) and `min_length`(=0) seem to have been set. `min_new_tokens` will take precedence. Please refer to the documentation for more information. (https://huggingface.co/docs/transformers/main/en/main_classes/text_generation)
{"encoder_tokens": 133, "input_view": "typed_contract_only", "max_token_completions": 0, "task": 43, "task_id": "sigless_8d0cf57a5b8f", "tasks": 175}
[transformers] Both `min_new_tokens` (=0) and `min_length`(=0) seem to have been set. `min_new_tokens` will take precedence. Please refer to the documentation for more information. (https://huggingface.co/docs/transformers/main/en/main_classes/text_generation)
{"encoder_tokens": 132, "input_view": "typed_contract_only", "max_token_completions": 0, "task": 44, "task_id": "sigless_7e986e1787e9", "tasks": 175}
[transformers] Both `min_new_tokens` (=0) and `min_length`(=0) seem to have been set. `min_new_tokens` will take precedence. Please refer to the documentation for more information. (https://huggingface.co/docs/transformers/main/en/main_classes/text_generation)
{"encoder_tokens": 123, "input_view": "typed_contract_only", "max_token_completions": 0, "task": 45, "task_id": "sigless_172bb23be947", "tasks": 175}
[transformers] Both `min_new_tokens` (=0) and `min_length`(=0) seem to have been set. `min_new_tokens` will take precedence. Please refer to the documentation for more information. (https://huggingface.co/docs/transformers/main/en/main_classes/text_generation)
{"encoder_tokens": 137, "input_view": "typed_contract_only", "max_token_completions": 0, "task": 46, "task_id": "sigless_5f0732a851d6", "tasks": 175}
[transformers] Both `min_new_tokens` (=0) and `min_length`(=0) seem to have been set. `min_new_tokens` will take precedence. Please refer to the documentation for more information. (https://huggingface.co/docs/transformers/main/en/main_classes/text_generation)
{"encoder_tokens": 133, "input_view": "typed_contract_only", "max_token_completions": 0, "task": 47, "task_id": "sigless_761f28484d46", "tasks": 175}
[transformers] Both `min_new_tokens` (=0) and `min_length`(=0) seem to have been set. `min_new_tokens` will take precedence. Please refer to the documentation for more information. (https://huggingface.co/docs/transformers/main/en/main_classes/text_generation)
{"encoder_tokens": 132, "input_view": "typed_contract_only", "max_token_completions": 0, "task": 48, "task_id": "sigless_1f311da5c92c", "tasks": 175}
[transformers] Both `min_new_tokens` (=0) and `min_length`(=0) seem to have been set. `min_new_tokens` will take precedence. Please refer to the documentation for more information. (https://huggingface.co/docs/transformers/main/en/main_classes/text_generation)
{"encoder_tokens": 130, "input_view": "typed_contract_only", "max_token_completions": 0, "task": 49, "task_id": "sigless_5b084bc217a7", "tasks": 175}
[transformers] Both `min_new_tokens` (=0) and `min_length`(=0) seem to have been set. `min_new_tokens` will take precedence. Please refer to the documentation for more information. (https://huggingface.co/docs/transformers/main/en/main_classes/text_generation)
{"encoder_tokens": 139, "input_view": "typed_contract_only", "max_token_completions": 0, "task": 50, "task_id": "sigless_813393f0ede5", "tasks": 175}
[transformers] Both `min_new_tokens` (=0) and `min_length`(=0) seem to have been set. `min_new_tokens` will take precedence. Please refer to the documentation for more information. (https://huggingface.co/docs/transformers/main/en/main_classes/text_generation)
{"encoder_tokens": 142, "input_view": "typed_contract_only", "max_token_completions": 0, "task": 51, "task_id": "sigless_c533ec05295f", "tasks": 175}
[transformers] Both `min_new_tokens` (=0) and `min_length`(=0) seem to have been set. `min_new_tokens` will take precedence. Please refer to the documentation for more information. (https://huggingface.co/docs/transformers/main/en/main_classes/text_generation)
{"encoder_tokens": 141, "input_view": "typed_contract_only", "max_token_completions": 0, "task": 52, "task_id": "sigless_f313c6aa6b38", "tasks": 175}
[transformers] Both `min_new_tokens` (=0) and `min_length`(=0) seem to have been set. `min_new_tokens` will take precedence. Please refer to the documentation for more information. (https://huggingface.co/docs/transformers/main/en/main_classes/text_generation)
{"encoder_tokens": 127, "input_view": "typed_contract_only", "max_token_completions": 0, "task": 53, "task_id": "sigless_7da06c701a11", "tasks": 175}
[transformers] Both `min_new_tokens` (=0) and `min_length`(=0) seem to have been set. `min_new_tokens` will take precedence. Please refer to the documentation for more information. (https://huggingface.co/docs/transformers/main/en/main_classes/text_generation)
{"encoder_tokens": 123, "input_view": "typed_contract_only", "max_token_completions": 0, "task": 54, "task_id": "sigless_32c65c037f11", "tasks": 175}
[transformers] Both `min_new_tokens` (=0) and `min_length`(=0) seem to have been set. `min_new_tokens` will take precedence. Please refer to the documentation for more information. (https://huggingface.co/docs/transformers/main/en/main_classes/text_generation)
{"encoder_tokens": 130, "input_view": "typed_contract_only", "max_token_completions": 0, "task": 55, "task_id": "sigless_800a63a44bf8", "tasks": 175}
[transformers] Both `min_new_tokens` (=0) and `min_length`(=0) seem to have been set. `min_new_tokens` will take precedence. Please refer to the documentation for more information. (https://huggingface.co/docs/transformers/main/en/main_classes/text_generation)
{"encoder_tokens": 135, "input_view": "typed_contract_only", "max_token_completions": 0, "task": 56, "task_id": "sigless_ae3f6b074a1d", "tasks": 175}
[transformers] Both `min_new_tokens` (=0) and `min_length`(=0) seem to have been set. `min_new_tokens` will take precedence. Please refer to the documentation for more information. (https://huggingface.co/docs/transformers/main/en/main_classes/text_generation)
{"encoder_tokens": 133, "input_view": "typed_contract_only", "max_token_completions": 0, "task": 57, "task_id": "sigless_bdb5051ba702", "tasks": 175}
[transformers] Both `min_new_tokens` (=0) and `min_length`(=0) seem to have been set. `min_new_tokens` will take precedence. Please refer to the documentation for more information. (https://huggingface.co/docs/transformers/main/en/main_classes/text_generation)
{"encoder_tokens": 127, "input_view": "typed_contract_only", "max_token_completions": 0, "task": 58, "task_id": "sigless_5a81bb01e5b7", "tasks": 175}
[transformers] Both `min_new_tokens` (=0) and `min_length`(=0) seem to have been set. `min_new_tokens` will take precedence. Please refer to the documentation for more information. (https://huggingface.co/docs/transformers/main/en/main_classes/text_generation)
{"encoder_tokens": 130, "input_view": "typed_contract_only", "max_token_completions": 0, "task": 59, "task_id": "sigless_3cc19bbfa30f", "tasks": 175}
[transformers] Both `min_new_tokens` (=0) and `min_length`(=0) seem to have been set. `min_new_tokens` will take precedence. Please refer to the documentation for more information. (https://huggingface.co/docs/transformers/main/en/main_classes/text_generation)
{"encoder_tokens": 133, "input_view": "typed_contract_only", "max_token_completions": 0, "task": 60, "task_id": "sigless_ca058cccbe26", "tasks": 175}
[transformers] Both `min_new_tokens` (=0) and `min_length`(=0) seem to have been set. `min_new_tokens` will take precedence. Please refer to the documentation for more information. (https://huggingface.co/docs/transformers/main/en/main_classes/text_generation)
{"encoder_tokens": 130, "input_view": "typed_contract_only", "max_token_completions": 0, "task": 61, "task_id": "sigless_b33d2de9af80", "tasks": 175}
[transformers] Both `min_new_tokens` (=0) and `min_length`(=0) seem to have been set. `min_new_tokens` will take precedence. Please refer to the documentation for more information. (https://huggingface.co/docs/transformers/main/en/main_classes/text_generation)
{"encoder_tokens": 134, "input_view": "typed_contract_only", "max_token_completions": 0, "task": 62, "task_id": "sigless_c25abcd9a325", "tasks": 175}
[transformers] Both `min_new_tokens` (=0) and `min_length`(=0) seem to have been set. `min_new_tokens` will take precedence. Please refer to the documentation for more information. (https://huggingface.co/docs/transformers/main/en/main_classes/text_generation)
{"encoder_tokens": 134, "input_view": "typed_contract_only", "max_token_completions": 0, "task": 63, "task_id": "sigless_6d8c4ba351c5", "tasks": 175}
[transformers] Both `min_new_tokens` (=0) and `min_length`(=0) seem to have been set. `min_new_tokens` will take precedence. Please refer to the documentation for more information. (https://huggingface.co/docs/transformers/main/en/main_classes/text_generation)
{"encoder_tokens": 131, "input_view": "typed_contract_only", "max_token_completions": 0, "task": 64, "task_id": "sigless_a247e5f7ba82", "tasks": 175}
[transformers] Both `min_new_tokens` (=0) and `min_length`(=0) seem to have been set. `min_new_tokens` will take precedence. Please refer to the documentation for more information. (https://huggingface.co/docs/transformers/main/en/main_classes/text_generation)
{"encoder_tokens": 145, "input_view": "typed_contract_only", "max_token_completions": 0, "task": 65, "task_id": "sigless_2285fc4955db", "tasks": 175}
[transformers] Both `min_new_tokens` (=0) and `min_length`(=0) seem to have been set. `min_new_tokens` will take precedence. Please refer to the documentation for more information. (https://huggingface.co/docs/transformers/main/en/main_classes/text_generation)
{"encoder_tokens": 123, "input_view": "typed_contract_only", "max_token_completions": 0, "task": 66, "task_id": "sigless_97decd4f7443", "tasks": 175}
[transformers] Both `min_new_tokens` (=0) and `min_length`(=0) seem to have been set. `min_new_tokens` will take precedence. Please refer to the documentation for more information. (https://huggingface.co/docs/transformers/main/en/main_classes/text_generation)
{"encoder_tokens": 132, "input_view": "typed_contract_only", "max_token_completions": 0, "task": 67, "task_id": "sigless_79bfe84158a3", "tasks": 175}
[transformers] Both `min_new_tokens` (=0) and `min_length`(=0) seem to have been set. `min_new_tokens` will take precedence. Please refer to the documentation for more information. (https://huggingface.co/docs/transformers/main/en/main_classes/text_generation)
{"encoder_tokens": 141, "input_view": "typed_contract_only", "max_token_completions": 0, "task": 68, "task_id": "sigless_6dfdaa80a5a8", "tasks": 175}
[transformers] Both `min_new_tokens` (=0) and `min_length`(=0) seem to have been set. `min_new_tokens` will take precedence. Please refer to the documentation for more information. (https://huggingface.co/docs/transformers/main/en/main_classes/text_generation)
{"encoder_tokens": 136, "input_view": "typed_contract_only", "max_token_completions": 0, "task": 69, "task_id": "sigless_52260deec95d", "tasks": 175}
[transformers] Both `min_new_tokens` (=0) and `min_length`(=0) seem to have been set. `min_new_tokens` will take precedence. Please refer to the documentation for more information. (https://huggingface.co/docs/transformers/main/en/main_classes/text_generation)
{"encoder_tokens": 130, "input_view": "typed_contract_only", "max_token_completions": 0, "task": 70, "task_id": "sigless_96546ea01643", "tasks": 175}
[transformers] Both `min_new_tokens` (=0) and `min_length`(=0) seem to have been set. `min_new_tokens` will take precedence. Please refer to the documentation for more information. (https://huggingface.co/docs/transformers/main/en/main_classes/text_generation)
{"encoder_tokens": 130, "input_view": "typed_contract_only", "max_token_completions": 0, "task": 71, "task_id": "sigless_083954eb2fb3", "tasks": 175}
[transformers] Both `min_new_tokens` (=0) and `min_length`(=0) seem to have been set. `min_new_tokens` will take precedence. Please refer to the documentation for more information. (https://huggingface.co/docs/transformers/main/en/main_classes/text_generation)
{"encoder_tokens": 123, "input_view": "typed_contract_only", "max_token_completions": 0, "task": 72, "task_id": "sigless_a348fccf3353", "tasks": 175}
[transformers] Both `min_new_tokens` (=0) and `min_length`(=0) seem to have been set. `min_new_tokens` will take precedence. Please refer to the documentation for more information. (https://huggingface.co/docs/transformers/main/en/main_classes/text_generation)
{"encoder_tokens": 133, "input_view": "typed_contract_only", "max_token_completions": 0, "task": 73, "task_id": "sigless_1b1ea7b75cff", "tasks": 175}
[transformers] Both `min_new_tokens` (=0) and `min_length`(=0) seem to have been set. `min_new_tokens` will take precedence. Please refer to the documentation for more information. (https://huggingface.co/docs/transformers/main/en/main_classes/text_generation)
{"encoder_tokens": 127, "input_view": "typed_contract_only", "max_token_completions": 0, "task": 74, "task_id": "sigless_f8e93c6852a8", "tasks": 175}
[transformers] Both `min_new_tokens` (=0) and `min_length`(=0) seem to have been set. `min_new_tokens` will take precedence. Please refer to the documentation for more information. (https://huggingface.co/docs/transformers/main/en/main_classes/text_generation)
{"encoder_tokens": 123, "input_view": "typed_contract_only", "max_token_completions": 0, "task": 75, "task_id": "sigless_8bf7f40ca356", "tasks": 175}
[transformers] Both `min_new_tokens` (=0) and `min_length`(=0) seem to have been set. `min_new_tokens` will take precedence. Please refer to the documentation for more information. (https://huggingface.co/docs/transformers/main/en/main_classes/text_generation)
{"encoder_tokens": 135, "input_view": "typed_contract_only", "max_token_completions": 0, "task": 76, "task_id": "sigless_dda92f9b56cf", "tasks": 175}
[transformers] Both `min_new_tokens` (=0) and `min_length`(=0) seem to have been set. `min_new_tokens` will take precedence. Please refer to the documentation for more information. (https://huggingface.co/docs/transformers/main/en/main_classes/text_generation)
{"encoder_tokens": 133, "input_view": "typed_contract_only", "max_token_completions": 0, "task": 77, "task_id": "sigless_29facc14bbd7", "tasks": 175}
[transformers] Both `min_new_tokens` (=0) and `min_length`(=0) seem to have been set. `min_new_tokens` will take precedence. Please refer to the documentation for more information. (https://huggingface.co/docs/transformers/main/en/main_classes/text_generation)
{"encoder_tokens": 139, "input_view": "typed_contract_only", "max_token_completions": 0, "task": 78, "task_id": "sigless_03890dcefaec", "tasks": 175}
[transformers] Both `min_new_tokens` (=0) and `min_length`(=0) seem to have been set. `min_new_tokens` will take precedence. Please refer to the documentation for more information. (https://huggingface.co/docs/transformers/main/en/main_classes/text_generation)
{"encoder_tokens": 123, "input_view": "typed_contract_only", "max_token_completions": 0, "task": 79, "task_id": "sigless_0676ce351471", "tasks": 175}
[transformers] Both `min_new_tokens` (=0) and `min_length`(=0) seem to have been set. `min_new_tokens` will take precedence. Please refer to the documentation for more information. (https://huggingface.co/docs/transformers/main/en/main_classes/text_generation)
{"encoder_tokens": 123, "input_view": "typed_contract_only", "max_token_completions": 0, "task": 80, "task_id": "sigless_a507056ae077", "tasks": 175}
[transformers] Both `min_new_tokens` (=0) and `min_length`(=0) seem to have been set. `min_new_tokens` will take precedence. Please refer to the documentation for more information. (https://huggingface.co/docs/transformers/main/en/main_classes/text_generation)
{"encoder_tokens": 133, "input_view": "typed_contract_only", "max_token_completions": 0, "task": 81, "task_id": "sigless_cc73707101e6", "tasks": 175}
[transformers] Both `min_new_tokens` (=0) and `min_length`(=0) seem to have been set. `min_new_tokens` will take precedence. Please refer to the documentation for more information. (https://huggingface.co/docs/transformers/main/en/main_classes/text_generation)
{"encoder_tokens": 133, "input_view": "typed_contract_only", "max_token_completions": 0, "task": 82, "task_id": "sigless_9588ecf888b2", "tasks": 175}
[transformers] Both `min_new_tokens` (=0) and `min_length`(=0) seem to have been set. `min_new_tokens` will take precedence. Please refer to the documentation for more information. (https://huggingface.co/docs/transformers/main/en/main_classes/text_generation)
{"encoder_tokens": 134, "input_view": "typed_contract_only", "max_token_completions": 0, "task": 83, "task_id": "sigless_4708b0b01b11", "tasks": 175}
[transformers] Both `min_new_tokens` (=0) and `min_length`(=0) seem to have been set. `min_new_tokens` will take precedence. Please refer to the documentation for more information. (https://huggingface.co/docs/transformers/main/en/main_classes/text_generation)
{"encoder_tokens": 141, "input_view": "typed_contract_only", "max_token_completions": 0, "task": 84, "task_id": "sigless_a4594aa05a9c", "tasks": 175}
[transformers] Both `min_new_tokens` (=0) and `min_length`(=0) seem to have been set. `min_new_tokens` will take precedence. Please refer to the documentation for more information. (https://huggingface.co/docs/transformers/main/en/main_classes/text_generation)
{"encoder_tokens": 131, "input_view": "typed_contract_only", "max_token_completions": 0, "task": 85, "task_id": "sigless_0d23ec54c1ec", "tasks": 175}
[transformers] Both `min_new_tokens` (=0) and `min_length`(=0) seem to have been set. `min_new_tokens` will take precedence. Please refer to the documentation for more information. (https://huggingface.co/docs/transformers/main/en/main_classes/text_generation)
{"encoder_tokens": 133, "input_view": "typed_contract_only", "max_token_completions": 0, "task": 86, "task_id": "sigless_2b4ce9b63420", "tasks": 175}
[transformers] Both `min_new_tokens` (=0) and `min_length`(=0) seem to have been set. `min_new_tokens` will take precedence. Please refer to the documentation for more information. (https://huggingface.co/docs/transformers/main/en/main_classes/text_generation)
{"encoder_tokens": 138, "input_view": "typed_contract_only", "max_token_completions": 0, "task": 87, "task_id": "sigless_d19512840646", "tasks": 175}
[transformers] Both `min_new_tokens` (=0) and `min_length`(=0) seem to have been set. `min_new_tokens` will take precedence. Please refer to the documentation for more information. (https://huggingface.co/docs/transformers/main/en/main_classes/text_generation)
{"encoder_tokens": 130, "input_view": "typed_contract_only", "max_token_completions": 0, "task": 88, "task_id": "sigless_254a6441f2f8", "tasks": 175}
[transformers] Both `min_new_tokens` (=0) and `min_length`(=0) seem to have been set. `min_new_tokens` will take precedence. Please refer to the documentation for more information. (https://huggingface.co/docs/transformers/main/en/main_classes/text_generation)
{"encoder_tokens": 132, "input_view": "typed_contract_only", "max_token_completions": 0, "task": 89, "task_id": "sigless_bd2a15378da9", "tasks": 175}
[transformers] Both `min_new_tokens` (=0) and `min_length`(=0) seem to have been set. `min_new_tokens` will take precedence. Please refer to the documentation for more information. (https://huggingface.co/docs/transformers/main/en/main_classes/text_generation)
{"encoder_tokens": 130, "input_view": "typed_contract_only", "max_token_completions": 0, "task": 90, "task_id": "sigless_81915896d27e", "tasks": 175}
[transformers] Both `min_new_tokens` (=0) and `min_length`(=0) seem to have been set. `min_new_tokens` will take precedence. Please refer to the documentation for more information. (https://huggingface.co/docs/transformers/main/en/main_classes/text_generation)
{"encoder_tokens": 137, "input_view": "typed_contract_only", "max_token_completions": 0, "task": 91, "task_id": "sigless_e1ba6073c24a", "tasks": 175}
[transformers] Both `min_new_tokens` (=0) and `min_length`(=0) seem to have been set. `min_new_tokens` will take precedence. Please refer to the documentation for more information. (https://huggingface.co/docs/transformers/main/en/main_classes/text_generation)
{"encoder_tokens": 130, "input_view": "typed_contract_only", "max_token_completions": 0, "task": 92, "task_id": "sigless_3a3a9c12bb06", "tasks": 175}
[transformers] Both `min_new_tokens` (=0) and `min_length`(=0) seem to have been set. `min_new_tokens` will take precedence. Please refer to the documentation for more information. (https://huggingface.co/docs/transformers/main/en/main_classes/text_generation)
{"encoder_tokens": 135, "input_view": "typed_contract_only", "max_token_completions": 0, "task": 93, "task_id": "sigless_288bf7a714e1", "tasks": 175}
[transformers] Both `min_new_tokens` (=0) and `min_length`(=0) seem to have been set. `min_new_tokens` will take precedence. Please refer to the documentation for more information. (https://huggingface.co/docs/transformers/main/en/main_classes/text_generation)
{"encoder_tokens": 141, "input_view": "typed_contract_only", "max_token_completions": 0, "task": 94, "task_id": "sigless_35088d24eba1", "tasks": 175}
[transformers] Both `min_new_tokens` (=0) and `min_length`(=0) seem to have been set. `min_new_tokens` will take precedence. Please refer to the documentation for more information. (https://huggingface.co/docs/transformers/main/en/main_classes/text_generation)
{"encoder_tokens": 138, "input_view": "typed_contract_only", "max_token_completions": 0, "task": 95, "task_id": "sigless_64a085399724", "tasks": 175}
[transformers] Both `min_new_tokens` (=0) and `min_length`(=0) seem to have been set. `min_new_tokens` will take precedence. Please refer to the documentation for more information. (https://huggingface.co/docs/transformers/main/en/main_classes/text_generation)
{"encoder_tokens": 123, "input_view": "typed_contract_only", "max_token_completions": 0, "task": 96, "task_id": "sigless_d544567b9189", "tasks": 175}
[transformers] Both `min_new_tokens` (=0) and `min_length`(=0) seem to have been set. `min_new_tokens` will take precedence. Please refer to the documentation for more information. (https://huggingface.co/docs/transformers/main/en/main_classes/text_generation)
{"encoder_tokens": 141, "input_view": "typed_contract_only", "max_token_completions": 0, "task": 97, "task_id": "sigless_73f9e7c2b2e2", "tasks": 175}
[transformers] Both `min_new_tokens` (=0) and `min_length`(=0) seem to have been set. `min_new_tokens` will take precedence. Please refer to the documentation for more information. (https://huggingface.co/docs/transformers/main/en/main_classes/text_generation)
{"encoder_tokens": 130, "input_view": "typed_contract_only", "max_token_completions": 0, "task": 98, "task_id": "sigless_719577f723ab", "tasks": 175}
[transformers] Both `min_new_tokens` (=0) and `min_length`(=0) seem to have been set. `min_new_tokens` will take precedence. Please refer to the documentation for more information. (https://huggingface.co/docs/transformers/main/en/main_classes/text_generation)
{"encoder_tokens": 127, "input_view": "typed_contract_only", "max_token_completions": 0, "task": 99, "task_id": "sigless_2f380f310be1", "tasks": 175}
[transformers] Both `min_new_tokens` (=0) and `min_length`(=0) seem to have been set. `min_new_tokens` will take precedence. Please refer to the documentation for more information. (https://huggingface.co/docs/transformers/main/en/main_classes/text_generation)
{"encoder_tokens": 132, "input_view": "typed_contract_only", "max_token_completions": 0, "task": 100, "task_id": "sigless_cd4130196f1f", "tasks": 175}
[transformers] Both `min_new_tokens` (=0) and `min_length`(=0) seem to have been set. `min_new_tokens` will take precedence. Please refer to the documentation for more information. (https://huggingface.co/docs/transformers/main/en/main_classes/text_generation)
{"encoder_tokens": 123, "input_view": "typed_contract_only", "max_token_completions": 0, "task": 101, "task_id": "sigless_af300e5a0f21", "tasks": 175}
[transformers] Both `min_new_tokens` (=0) and `min_length`(=0) seem to have been set. `min_new_tokens` will take precedence. Please refer to the documentation for more information. (https://huggingface.co/docs/transformers/main/en/main_classes/text_generation)
{"encoder_tokens": 130, "input_view": "typed_contract_only", "max_token_completions": 0, "task": 102, "task_id": "sigless_8c5d7927d750", "tasks": 175}
[transformers] Both `min_new_tokens` (=0) and `min_length`(=0) seem to have been set. `min_new_tokens` will take precedence. Please refer to the documentation for more information. (https://huggingface.co/docs/transformers/main/en/main_classes/text_generation)
{"encoder_tokens": 134, "input_view": "typed_contract_only", "max_token_completions": 0, "task": 103, "task_id": "sigless_c4383a715ff3", "tasks": 175}
[transformers] Both `min_new_tokens` (=0) and `min_length`(=0) seem to have been set. `min_new_tokens` will take precedence. Please refer to the documentation for more information. (https://huggingface.co/docs/transformers/main/en/main_classes/text_generation)
{"encoder_tokens": 134, "input_view": "typed_contract_only", "max_token_completions": 0, "task": 104, "task_id": "sigless_bd986d86cebb", "tasks": 175}
[transformers] Both `min_new_tokens` (=0) and `min_length`(=0) seem to have been set. `min_new_tokens` will take precedence. Please refer to the documentation for more information. (https://huggingface.co/docs/transformers/main/en/main_classes/text_generation)
{"encoder_tokens": 136, "input_view": "typed_contract_only", "max_token_completions": 0, "task": 105, "task_id": "sigless_bcebeb9e6334", "tasks": 175}
[transformers] Both `min_new_tokens` (=0) and `min_length`(=0) seem to have been set. `min_new_tokens` will take precedence. Please refer to the documentation for more information. (https://huggingface.co/docs/transformers/main/en/main_classes/text_generation)
{"encoder_tokens": 137, "input_view": "typed_contract_only", "max_token_completions": 0, "task": 106, "task_id": "sigless_d705d736995d", "tasks": 175}
[transformers] Both `min_new_tokens` (=0) and `min_length`(=0) seem to have been set. `min_new_tokens` will take precedence. Please refer to the documentation for more information. (https://huggingface.co/docs/transformers/main/en/main_classes/text_generation)
{"encoder_tokens": 139, "input_view": "typed_contract_only", "max_token_completions": 0, "task": 107, "task_id": "sigless_b03a8afc1094", "tasks": 175}
[transformers] Both `min_new_tokens` (=0) and `min_length`(=0) seem to have been set. `min_new_tokens` will take precedence. Please refer to the documentation for more information. (https://huggingface.co/docs/transformers/main/en/main_classes/text_generation)
{"encoder_tokens": 133, "input_view": "typed_contract_only", "max_token_completions": 0, "task": 108, "task_id": "sigless_fa4972c4e52e", "tasks": 175}
[transformers] Both `min_new_tokens` (=0) and `min_length`(=0) seem to have been set. `min_new_tokens` will take precedence. Please refer to the documentation for more information. (https://huggingface.co/docs/transformers/main/en/main_classes/text_generation)
{"encoder_tokens": 123, "input_view": "typed_contract_only", "max_token_completions": 0, "task": 109, "task_id": "sigless_993f7ab38cdd", "tasks": 175}
[transformers] Both `min_new_tokens` (=0) and `min_length`(=0) seem to have been set. `min_new_tokens` will take precedence. Please refer to the documentation for more information. (https://huggingface.co/docs/transformers/main/en/main_classes/text_generation)
{"encoder_tokens": 123, "input_view": "typed_contract_only", "max_token_completions": 0, "task": 110, "task_id": "sigless_95105e48c1e8", "tasks": 175}
[transformers] Both `min_new_tokens` (=0) and `min_length`(=0) seem to have been set. `min_new_tokens` will take precedence. Please refer to the documentation for more information. (https://huggingface.co/docs/transformers/main/en/main_classes/text_generation)
{"encoder_tokens": 129, "input_view": "typed_contract_only", "max_token_completions": 0, "task": 111, "task_id": "sigless_9e128db660ea", "tasks": 175}
[transformers] Both `min_new_tokens` (=0) and `min_length`(=0) seem to have been set. `min_new_tokens` will take precedence. Please refer to the documentation for more information. (https://huggingface.co/docs/transformers/main/en/main_classes/text_generation)
{"encoder_tokens": 135, "input_view": "typed_contract_only", "max_token_completions": 0, "task": 112, "task_id": "sigless_949e6c11e478", "tasks": 175}
[transformers] Both `min_new_tokens` (=0) and `min_length`(=0) seem to have been set. `min_new_tokens` will take precedence. Please refer to the documentation for more information. (https://huggingface.co/docs/transformers/main/en/main_classes/text_generation)
{"encoder_tokens": 130, "input_view": "typed_contract_only", "max_token_completions": 0, "task": 113, "task_id": "sigless_55cc112cbb2c", "tasks": 175}
[transformers] Both `min_new_tokens` (=0) and `min_length`(=0) seem to have been set. `min_new_tokens` will take precedence. Please refer to the documentation for more information. (https://huggingface.co/docs/transformers/main/en/main_classes/text_generation)
{"encoder_tokens": 130, "input_view": "typed_contract_only", "max_token_completions": 0, "task": 114, "task_id": "sigless_c45cfc4290f2", "tasks": 175}
[transformers] Both `min_new_tokens` (=0) and `min_length`(=0) seem to have been set. `min_new_tokens` will take precedence. Please refer to the documentation for more information. (https://huggingface.co/docs/transformers/main/en/main_classes/text_generation)
{"encoder_tokens": 130, "input_view": "typed_contract_only", "max_token_completions": 0, "task": 115, "task_id": "sigless_d1f52bab434e", "tasks": 175}
[transformers] Both `min_new_tokens` (=0) and `min_length`(=0) seem to have been set. `min_new_tokens` will take precedence. Please refer to the documentation for more information. (https://huggingface.co/docs/transformers/main/en/main_classes/text_generation)
{"encoder_tokens": 130, "input_view": "typed_contract_only", "max_token_completions": 0, "task": 116, "task_id": "sigless_696808df1978", "tasks": 175}
[transformers] Both `min_new_tokens` (=0) and `min_length`(=0) seem to have been set. `min_new_tokens` will take precedence. Please refer to the documentation for more information. (https://huggingface.co/docs/transformers/main/en/main_classes/text_generation)
{"encoder_tokens": 136, "input_view": "typed_contract_only", "max_token_completions": 0, "task": 117, "task_id": "sigless_840847bedc74", "tasks": 175}
[transformers] Both `min_new_tokens` (=0) and `min_length`(=0) seem to have been set. `min_new_tokens` will take precedence. Please refer to the documentation for more information. (https://huggingface.co/docs/transformers/main/en/main_classes/text_generation)
{"encoder_tokens": 139, "input_view": "typed_contract_only", "max_token_completions": 0, "task": 118, "task_id": "sigless_eee05f5f93cc", "tasks": 175}
[transformers] Both `min_new_tokens` (=0) and `min_length`(=0) seem to have been set. `min_new_tokens` will take precedence. Please refer to the documentation for more information. (https://huggingface.co/docs/transformers/main/en/main_classes/text_generation)
{"encoder_tokens": 135, "input_view": "typed_contract_only", "max_token_completions": 0, "task": 119, "task_id": "sigless_d61f01ff1856", "tasks": 175}
[transformers] Both `min_new_tokens` (=0) and `min_length`(=0) seem to have been set. `min_new_tokens` will take precedence. Please refer to the documentation for more information. (https://huggingface.co/docs/transformers/main/en/main_classes/text_generation)
{"encoder_tokens": 123, "input_view": "typed_contract_only", "max_token_completions": 0, "task": 120, "task_id": "sigless_79a8dd260f8c", "tasks": 175}
[transformers] Both `min_new_tokens` (=0) and `min_length`(=0) seem to have been set. `min_new_tokens` will take precedence. Please refer to the documentation for more information. (https://huggingface.co/docs/transformers/main/en/main_classes/text_generation)
{"encoder_tokens": 134, "input_view": "typed_contract_only", "max_token_completions": 0, "task": 121, "task_id": "sigless_5628428fcb9e", "tasks": 175}
[transformers] Both `min_new_tokens` (=0) and `min_length`(=0) seem to have been set. `min_new_tokens` will take precedence. Please refer to the documentation for more information. (https://huggingface.co/docs/transformers/main/en/main_classes/text_generation)
{"encoder_tokens": 123, "input_view": "typed_contract_only", "max_token_completions": 0, "task": 122, "task_id": "sigless_459decc7079c", "tasks": 175}
[transformers] Both `min_new_tokens` (=0) and `min_length`(=0) seem to have been set. `min_new_tokens` will take precedence. Please refer to the documentation for more information. (https://huggingface.co/docs/transformers/main/en/main_classes/text_generation)
{"encoder_tokens": 134, "input_view": "typed_contract_only", "max_token_completions": 0, "task": 123, "task_id": "sigless_897c175fe34d", "tasks": 175}
[transformers] Both `min_new_tokens` (=0) and `min_length`(=0) seem to have been set. `min_new_tokens` will take precedence. Please refer to the documentation for more information. (https://huggingface.co/docs/transformers/main/en/main_classes/text_generation)
{"encoder_tokens": 123, "input_view": "typed_contract_only", "max_token_completions": 0, "task": 124, "task_id": "sigless_f9772127b371", "tasks": 175}
[transformers] Both `min_new_tokens` (=0) and `min_length`(=0) seem to have been set. `min_new_tokens` will take precedence. Please refer to the documentation for more information. (https://huggingface.co/docs/transformers/main/en/main_classes/text_generation)
{"encoder_tokens": 123, "input_view": "typed_contract_only", "max_token_completions": 0, "task": 125, "task_id": "sigless_e087cd483fa1", "tasks": 175}
[transformers] Both `min_new_tokens` (=0) and `min_length`(=0) seem to have been set. `min_new_tokens` will take precedence. Please refer to the documentation for more information. (https://huggingface.co/docs/transformers/main/en/main_classes/text_generation)
{"encoder_tokens": 123, "input_view": "typed_contract_only", "max_token_completions": 0, "task": 126, "task_id": "sigless_c8721da111a6", "tasks": 175}
[transformers] Both `min_new_tokens` (=0) and `min_length`(=0) seem to have been set. `min_new_tokens` will take precedence. Please refer to the documentation for more information. (https://huggingface.co/docs/transformers/main/en/main_classes/text_generation)
{"encoder_tokens": 133, "input_view": "typed_contract_only", "max_token_completions": 0, "task": 127, "task_id": "sigless_39b2bb878943", "tasks": 175}
[transformers] Both `min_new_tokens` (=0) and `min_length`(=0) seem to have been set. `min_new_tokens` will take precedence. Please refer to the documentation for more information. (https://huggingface.co/docs/transformers/main/en/main_classes/text_generation)
{"encoder_tokens": 123, "input_view": "typed_contract_only", "max_token_completions": 0, "task": 128, "task_id": "sigless_fc85f3ba4f9a", "tasks": 175}
[transformers] Both `min_new_tokens` (=0) and `min_length`(=0) seem to have been set. `min_new_tokens` will take precedence. Please refer to the documentation for more information. (https://huggingface.co/docs/transformers/main/en/main_classes/text_generation)
{"encoder_tokens": 139, "input_view": "typed_contract_only", "max_token_completions": 0, "task": 129, "task_id": "sigless_877a173b0a13", "tasks": 175}
[transformers] Both `min_new_tokens` (=0) and `min_length`(=0) seem to have been set. `min_new_tokens` will take precedence. Please refer to the documentation for more information. (https://huggingface.co/docs/transformers/main/en/main_classes/text_generation)
{"encoder_tokens": 123, "input_view": "typed_contract_only", "max_token_completions": 0, "task": 130, "task_id": "sigless_f35b198c6f09", "tasks": 175}
[transformers] Both `min_new_tokens` (=0) and `min_length`(=0) seem to have been set. `min_new_tokens` will take precedence. Please refer to the documentation for more information. (https://huggingface.co/docs/transformers/main/en/main_classes/text_generation)
{"encoder_tokens": 147, "input_view": "typed_contract_only", "max_token_completions": 0, "task": 131, "task_id": "sigless_f12cc1905252", "tasks": 175}
[transformers] Both `min_new_tokens` (=0) and `min_length`(=0) seem to have been set. `min_new_tokens` will take precedence. Please refer to the documentation for more information. (https://huggingface.co/docs/transformers/main/en/main_classes/text_generation)
{"encoder_tokens": 137, "input_view": "typed_contract_only", "max_token_completions": 0, "task": 132, "task_id": "sigless_2d693beca98e", "tasks": 175}
[transformers] Both `min_new_tokens` (=0) and `min_length`(=0) seem to have been set. `min_new_tokens` will take precedence. Please refer to the documentation for more information. (https://huggingface.co/docs/transformers/main/en/main_classes/text_generation)
{"encoder_tokens": 132, "input_view": "typed_contract_only", "max_token_completions": 0, "task": 133, "task_id": "sigless_ca1164247b57", "tasks": 175}
[transformers] Both `min_new_tokens` (=0) and `min_length`(=0) seem to have been set. `min_new_tokens` will take precedence. Please refer to the documentation for more information. (https://huggingface.co/docs/transformers/main/en/main_classes/text_generation)
{"encoder_tokens": 131, "input_view": "typed_contract_only", "max_token_completions": 0, "task": 134, "task_id": "sigless_1c2de2da855e", "tasks": 175}
[transformers] Both `min_new_tokens` (=0) and `min_length`(=0) seem to have been set. `min_new_tokens` will take precedence. Please refer to the documentation for more information. (https://huggingface.co/docs/transformers/main/en/main_classes/text_generation)
{"encoder_tokens": 127, "input_view": "typed_contract_only", "max_token_completions": 0, "task": 135, "task_id": "sigless_fde9338419bb", "tasks": 175}
[transformers] Both `min_new_tokens` (=0) and `min_length`(=0) seem to have been set. `min_new_tokens` will take precedence. Please refer to the documentation for more information. (https://huggingface.co/docs/transformers/main/en/main_classes/text_generation)
{"encoder_tokens": 141, "input_view": "typed_contract_only", "max_token_completions": 0, "task": 136, "task_id": "sigless_caabd71fcc51", "tasks": 175}
[transformers] Both `min_new_tokens` (=0) and `min_length`(=0) seem to have been set. `min_new_tokens` will take precedence. Please refer to the documentation for more information. (https://huggingface.co/docs/transformers/main/en/main_classes/text_generation)
{"encoder_tokens": 138, "input_view": "typed_contract_only", "max_token_completions": 0, "task": 137, "task_id": "sigless_f5884d232b82", "tasks": 175}
[transformers] Both `min_new_tokens` (=0) and `min_length`(=0) seem to have been set. `min_new_tokens` will take precedence. Please refer to the documentation for more information. (https://huggingface.co/docs/transformers/main/en/main_classes/text_generation)
{"encoder_tokens": 132, "input_view": "typed_contract_only", "max_token_completions": 0, "task": 138, "task_id": "sigless_f00a8eba1899", "tasks": 175}
[transformers] Both `min_new_tokens` (=0) and `min_length`(=0) seem to have been set. `min_new_tokens` will take precedence. Please refer to the documentation for more information. (https://huggingface.co/docs/transformers/main/en/main_classes/text_generation)
{"encoder_tokens": 130, "input_view": "typed_contract_only", "max_token_completions": 0, "task": 139, "task_id": "sigless_00029a7e6212", "tasks": 175}
[transformers] Both `min_new_tokens` (=0) and `min_length`(=0) seem to have been set. `min_new_tokens` will take precedence. Please refer to the documentation for more information. (https://huggingface.co/docs/transformers/main/en/main_classes/text_generation)
{"encoder_tokens": 137, "input_view": "typed_contract_only", "max_token_completions": 0, "task": 140, "task_id": "sigless_92c2979883a9", "tasks": 175}
[transformers] Both `min_new_tokens` (=0) and `min_length`(=0) seem to have been set. `min_new_tokens` will take precedence. Please refer to the documentation for more information. (https://huggingface.co/docs/transformers/main/en/main_classes/text_generation)
{"encoder_tokens": 139, "input_view": "typed_contract_only", "max_token_completions": 0, "task": 141, "task_id": "sigless_294c09c37fca", "tasks": 175}
[transformers] Both `min_new_tokens` (=0) and `min_length`(=0) seem to have been set. `min_new_tokens` will take precedence. Please refer to the documentation for more information. (https://huggingface.co/docs/transformers/main/en/main_classes/text_generation)
{"encoder_tokens": 123, "input_view": "typed_contract_only", "max_token_completions": 0, "task": 142, "task_id": "sigless_15d4ae2f8443", "tasks": 175}
[transformers] Both `min_new_tokens` (=0) and `min_length`(=0) seem to have been set. `min_new_tokens` will take precedence. Please refer to the documentation for more information. (https://huggingface.co/docs/transformers/main/en/main_classes/text_generation)
{"encoder_tokens": 135, "input_view": "typed_contract_only", "max_token_completions": 0, "task": 143, "task_id": "sigless_fcd2fb050bf6", "tasks": 175}
[transformers] Both `min_new_tokens` (=0) and `min_length`(=0) seem to have been set. `min_new_tokens` will take precedence. Please refer to the documentation for more information. (https://huggingface.co/docs/transformers/main/en/main_classes/text_generation)
{"encoder_tokens": 130, "input_view": "typed_contract_only", "max_token_completions": 0, "task": 144, "task_id": "sigless_4b8ae6c364f9", "tasks": 175}
[transformers] Both `min_new_tokens` (=0) and `min_length`(=0) seem to have been set. `min_new_tokens` will take precedence. Please refer to the documentation for more information. (https://huggingface.co/docs/transformers/main/en/main_classes/text_generation)
{"encoder_tokens": 127, "input_view": "typed_contract_only", "max_token_completions": 0, "task": 145, "task_id": "sigless_5af03fd8ef7b", "tasks": 175}
[transformers] Both `min_new_tokens` (=0) and `min_length`(=0) seem to have been set. `min_new_tokens` will take precedence. Please refer to the documentation for more information. (https://huggingface.co/docs/transformers/main/en/main_classes/text_generation)
{"encoder_tokens": 123, "input_view": "typed_contract_only", "max_token_completions": 0, "task": 146, "task_id": "sigless_d34ebc7ed34a", "tasks": 175}
[transformers] Both `min_new_tokens` (=0) and `min_length`(=0) seem to have been set. `min_new_tokens` will take precedence. Please refer to the documentation for more information. (https://huggingface.co/docs/transformers/main/en/main_classes/text_generation)
{"encoder_tokens": 138, "input_view": "typed_contract_only", "max_token_completions": 0, "task": 147, "task_id": "sigless_808d6c1c9b6a", "tasks": 175}
[transformers] Both `min_new_tokens` (=0) and `min_length`(=0) seem to have been set. `min_new_tokens` will take precedence. Please refer to the documentation for more information. (https://huggingface.co/docs/transformers/main/en/main_classes/text_generation)
{"encoder_tokens": 123, "input_view": "typed_contract_only", "max_token_completions": 0, "task": 148, "task_id": "sigless_26315cbfcfbf", "tasks": 175}
[transformers] Both `min_new_tokens` (=0) and `min_length`(=0) seem to have been set. `min_new_tokens` will take precedence. Please refer to the documentation for more information. (https://huggingface.co/docs/transformers/main/en/main_classes/text_generation)
{"encoder_tokens": 137, "input_view": "typed_contract_only", "max_token_completions": 0, "task": 149, "task_id": "sigless_f70dce70d2e6", "tasks": 175}
[transformers] Both `min_new_tokens` (=0) and `min_length`(=0) seem to have been set. `min_new_tokens` will take precedence. Please refer to the documentation for more information. (https://huggingface.co/docs/transformers/main/en/main_classes/text_generation)
{"encoder_tokens": 137, "input_view": "typed_contract_only", "max_token_completions": 0, "task": 150, "task_id": "sigless_192fbb20f4b6", "tasks": 175}
[transformers] Both `min_new_tokens` (=0) and `min_length`(=0) seem to have been set. `min_new_tokens` will take precedence. Please refer to the documentation for more information. (https://huggingface.co/docs/transformers/main/en/main_classes/text_generation)
{"encoder_tokens": 134, "input_view": "typed_contract_only", "max_token_completions": 0, "task": 151, "task_id": "sigless_c6fed62b2c1d", "tasks": 175}
[transformers] Both `min_new_tokens` (=0) and `min_length`(=0) seem to have been set. `min_new_tokens` will take precedence. Please refer to the documentation for more information. (https://huggingface.co/docs/transformers/main/en/main_classes/text_generation)
{"encoder_tokens": 148, "input_view": "typed_contract_only", "max_token_completions": 0, "task": 152, "task_id": "sigless_07dd80fcc8e7", "tasks": 175}
[transformers] Both `min_new_tokens` (=0) and `min_length`(=0) seem to have been set. `min_new_tokens` will take precedence. Please refer to the documentation for more information. (https://huggingface.co/docs/transformers/main/en/main_classes/text_generation)
{"encoder_tokens": 136, "input_view": "typed_contract_only", "max_token_completions": 0, "task": 153, "task_id": "sigless_6dbf14b60080", "tasks": 175}
[transformers] Both `min_new_tokens` (=0) and `min_length`(=0) seem to have been set. `min_new_tokens` will take precedence. Please refer to the documentation for more information. (https://huggingface.co/docs/transformers/main/en/main_classes/text_generation)
{"encoder_tokens": 139, "input_view": "typed_contract_only", "max_token_completions": 0, "task": 154, "task_id": "sigless_c4f8a1d2a501", "tasks": 175}
[transformers] Both `min_new_tokens` (=0) and `min_length`(=0) seem to have been set. `min_new_tokens` will take precedence. Please refer to the documentation for more information. (https://huggingface.co/docs/transformers/main/en/main_classes/text_generation)
{"encoder_tokens": 127, "input_view": "typed_contract_only", "max_token_completions": 0, "task": 155, "task_id": "sigless_b6b6f07b0ff9", "tasks": 175}
[transformers] Both `min_new_tokens` (=0) and `min_length`(=0) seem to have been set. `min_new_tokens` will take precedence. Please refer to the documentation for more information. (https://huggingface.co/docs/transformers/main/en/main_classes/text_generation)
{"encoder_tokens": 132, "input_view": "typed_contract_only", "max_token_completions": 0, "task": 156, "task_id": "sigless_94c9c9421304", "tasks": 175}
[transformers] Both `min_new_tokens` (=0) and `min_length`(=0) seem to have been set. `min_new_tokens` will take precedence. Please refer to the documentation for more information. (https://huggingface.co/docs/transformers/main/en/main_classes/text_generation)
{"encoder_tokens": 127, "input_view": "typed_contract_only", "max_token_completions": 0, "task": 157, "task_id": "sigless_6d83ced1ddc9", "tasks": 175}
[transformers] Both `min_new_tokens` (=0) and `min_length`(=0) seem to have been set. `min_new_tokens` will take precedence. Please refer to the documentation for more information. (https://huggingface.co/docs/transformers/main/en/main_classes/text_generation)
{"encoder_tokens": 134, "input_view": "typed_contract_only", "max_token_completions": 0, "task": 158, "task_id": "sigless_37e2ca3dea18", "tasks": 175}
[transformers] Both `min_new_tokens` (=0) and `min_length`(=0) seem to have been set. `min_new_tokens` will take precedence. Please refer to the documentation for more information. (https://huggingface.co/docs/transformers/main/en/main_classes/text_generation)
{"encoder_tokens": 137, "input_view": "typed_contract_only", "max_token_completions": 0, "task": 159, "task_id": "sigless_27d7320a3bdf", "tasks": 175}
[transformers] Both `min_new_tokens` (=0) and `min_length`(=0) seem to have been set. `min_new_tokens` will take precedence. Please refer to the documentation for more information. (https://huggingface.co/docs/transformers/main/en/main_classes/text_generation)
{"encoder_tokens": 160, "input_view": "typed_contract_only", "max_token_completions": 0, "task": 160, "task_id": "sigless_88aae2bb0dda", "tasks": 175}
[transformers] Both `min_new_tokens` (=0) and `min_length`(=0) seem to have been set. `min_new_tokens` will take precedence. Please refer to the documentation for more information. (https://huggingface.co/docs/transformers/main/en/main_classes/text_generation)
{"encoder_tokens": 141, "input_view": "typed_contract_only", "max_token_completions": 0, "task": 161, "task_id": "sigless_809d366ff6f0", "tasks": 175}
[transformers] Both `min_new_tokens` (=0) and `min_length`(=0) seem to have been set. `min_new_tokens` will take precedence. Please refer to the documentation for more information. (https://huggingface.co/docs/transformers/main/en/main_classes/text_generation)
{"encoder_tokens": 143, "input_view": "typed_contract_only", "max_token_completions": 0, "task": 162, "task_id": "sigless_7412fc8a275b", "tasks": 175}
[transformers] Both `min_new_tokens` (=0) and `min_length`(=0) seem to have been set. `min_new_tokens` will take precedence. Please refer to the documentation for more information. (https://huggingface.co/docs/transformers/main/en/main_classes/text_generation)
{"encoder_tokens": 130, "input_view": "typed_contract_only", "max_token_completions": 0, "task": 163, "task_id": "sigless_dd676587e3c2", "tasks": 175}
[transformers] Both `min_new_tokens` (=0) and `min_length`(=0) seem to have been set. `min_new_tokens` will take precedence. Please refer to the documentation for more information. (https://huggingface.co/docs/transformers/main/en/main_classes/text_generation)
{"encoder_tokens": 127, "input_view": "typed_contract_only", "max_token_completions": 0, "task": 164, "task_id": "sigless_4cb006480238", "tasks": 175}
[transformers] Both `min_new_tokens` (=0) and `min_length`(=0) seem to have been set. `min_new_tokens` will take precedence. Please refer to the documentation for more information. (https://huggingface.co/docs/transformers/main/en/main_classes/text_generation)
{"encoder_tokens": 134, "input_view": "typed_contract_only", "max_token_completions": 0, "task": 165, "task_id": "sigless_adc978f7e65b", "tasks": 175}
[transformers] Both `min_new_tokens` (=0) and `min_length`(=0) seem to have been set. `min_new_tokens` will take precedence. Please refer to the documentation for more information. (https://huggingface.co/docs/transformers/main/en/main_classes/text_generation)
{"encoder_tokens": 126, "input_view": "typed_contract_only", "max_token_completions": 0, "task": 166, "task_id": "sigless_7e997d06e5bd", "tasks": 175}
[transformers] Both `min_new_tokens` (=0) and `min_length`(=0) seem to have been set. `min_new_tokens` will take precedence. Please refer to the documentation for more information. (https://huggingface.co/docs/transformers/main/en/main_classes/text_generation)
{"encoder_tokens": 123, "input_view": "typed_contract_only", "max_token_completions": 0, "task": 167, "task_id": "sigless_edd7ed243c48", "tasks": 175}
[transformers] Both `min_new_tokens` (=0) and `min_length`(=0) seem to have been set. `min_new_tokens` will take precedence. Please refer to the documentation for more information. (https://huggingface.co/docs/transformers/main/en/main_classes/text_generation)
{"encoder_tokens": 127, "input_view": "typed_contract_only", "max_token_completions": 0, "task": 168, "task_id": "sigless_b721d6a533f8", "tasks": 175}
[transformers] Both `min_new_tokens` (=0) and `min_length`(=0) seem to have been set. `min_new_tokens` will take precedence. Please refer to the documentation for more information. (https://huggingface.co/docs/transformers/main/en/main_classes/text_generation)
{"encoder_tokens": 137, "input_view": "typed_contract_only", "max_token_completions": 0, "task": 169, "task_id": "sigless_bcb6f4de3081", "tasks": 175}
[transformers] Both `min_new_tokens` (=0) and `min_length`(=0) seem to have been set. `min_new_tokens` will take precedence. Please refer to the documentation for more information. (https://huggingface.co/docs/transformers/main/en/main_classes/text_generation)
{"encoder_tokens": 132, "input_view": "typed_contract_only", "max_token_completions": 0, "task": 170, "task_id": "sigless_fe5faa93760d", "tasks": 175}
[transformers] Both `min_new_tokens` (=0) and `min_length`(=0) seem to have been set. `min_new_tokens` will take precedence. Please refer to the documentation for more information. (https://huggingface.co/docs/transformers/main/en/main_classes/text_generation)
{"encoder_tokens": 130, "input_view": "typed_contract_only", "max_token_completions": 0, "task": 171, "task_id": "sigless_d59fd5c25caf", "tasks": 175}
[transformers] Both `min_new_tokens` (=0) and `min_length`(=0) seem to have been set. `min_new_tokens` will take precedence. Please refer to the documentation for more information. (https://huggingface.co/docs/transformers/main/en/main_classes/text_generation)
{"encoder_tokens": 137, "input_view": "typed_contract_only", "max_token_completions": 0, "task": 172, "task_id": "sigless_bf3de39765c8", "tasks": 175}
[transformers] Both `min_new_tokens` (=0) and `min_length`(=0) seem to have been set. `min_new_tokens` will take precedence. Please refer to the documentation for more information. (https://huggingface.co/docs/transformers/main/en/main_classes/text_generation)
{"encoder_tokens": 126, "input_view": "typed_contract_only", "max_token_completions": 0, "task": 173, "task_id": "sigless_b885d1ba1001", "tasks": 175}
[transformers] Both `min_new_tokens` (=0) and `min_length`(=0) seem to have been set. `min_new_tokens` will take precedence. Please refer to the documentation for more information. (https://huggingface.co/docs/transformers/main/en/main_classes/text_generation)
{"encoder_tokens": 137, "input_view": "typed_contract_only", "max_token_completions": 0, "task": 174, "task_id": "sigless_3af6f6ae5576", "tasks": 175}
[transformers] Both `min_new_tokens` (=0) and `min_length`(=0) seem to have been set. `min_new_tokens` will take precedence. Please refer to the documentation for more information. (https://huggingface.co/docs/transformers/main/en/main_classes/text_generation)
{"encoder_tokens": 123, "input_view": "typed_contract_only", "max_token_completions": 0, "task": 175, "task_id": "sigless_54c0d3ca981f", "tasks": 175}
{"input_view": "typed_contract_only", "max_token_completions": 1, "output": "/workspace/artifacts/t5gemma2_contract_only_control_v1/full/typed_contract_only_seed42_k10_predictions.json", "output_sha256": "bc7b8a1de73a4369f18fd5192816c0ff0ac56524c4b98c4733cd02a7973b0395", "rows": 175, "samples": 1750}
PASSK_RESULT tasks=175 pass@1=1/175=0.0057 pass@10=5/175=0.0286 compile@10=175/175=1.0000
{"candidate_compile_pass_decisions_identical": true, "candidate_slots": 50, "full_evaluation_sha256": "abc8499f6984d8503fa71855021893bb1aba0c655fb744e55e6c41708b8edce7", "full_seed42": {"predictions_sha256": "bc7b8a1de73a4369f18fd5192816c0ff0ac56524c4b98c4733cd02a7973b0395", "score_sha256": "b6aeaa4a9628eaddb2a1df8c93c4ca0539bd248618c3ce1100e91362369e374f"}, "k": 10, "model_identity_identical": true, "predictions_exact_prefix_reproduction": true, "sample_coordinates_identical": true, "sampling_identical": true, "schema": "t5gemma2-contract-only-smoke-replay-gate-v1", "smoke": {"predictions_sha256": "00006b10d5f42b3c1a0eef4340730c57dacbba21e85443e8497cf7842de148e7", "score_sha256": "00c97e4be75e4cb992faf531c92ec2e3011c89754fe13912490b215af20d164d"}, "smoke_evaluation_exact_first_n_bytes": true, "smoke_evaluation_sha256": "bfd4bb53eed25aabf25882e84f639c6097a2f481d6ca851b0776a62892de5e18", "smoke_tasks": 5, "source_hashes_identical": true, "status": "pass"}
Loading weights:   0%|          | 0/1327 [00:00<?, ?it/s]Loading weights:  61%|██████    | 806/1327 [00:00<00:00, 8056.47it/s]Loading weights: 100%|██████████| 1327/1327 [00:00<00:00, 7792.56it/s]
[transformers] Both `min_new_tokens` (=0) and `min_length`(=0) seem to have been set. `min_new_tokens` will take precedence. Please refer to the documentation for more information. (https://huggingface.co/docs/transformers/main/en/main_classes/text_generation)
{"encoder_tokens": 123, "input_view": "typed_contract_only", "max_token_completions": 0, "task": 1, "task_id": "sigless_6f74b303025c", "tasks": 175}
[transformers] Both `min_new_tokens` (=0) and `min_length`(=0) seem to have been set. `min_new_tokens` will take precedence. Please refer to the documentation for more information. (https://huggingface.co/docs/transformers/main/en/main_classes/text_generation)
{"encoder_tokens": 133, "input_view": "typed_contract_only", "max_token_completions": 0, "task": 2, "task_id": "sigless_1eae8c49db66", "tasks": 175}
[transformers] Both `min_new_tokens` (=0) and `min_length`(=0) seem to have been set. `min_new_tokens` will take precedence. Please refer to the documentation for more information. (https://huggingface.co/docs/transformers/main/en/main_classes/text_generation)
{"encoder_tokens": 133, "input_view": "typed_contract_only", "max_token_completions": 0, "task": 3, "task_id": "sigless_8230c078962e", "tasks": 175}
[transformers] Both `min_new_tokens` (=0) and `min_length`(=0) seem to have been set. `min_new_tokens` will take precedence. Please refer to the documentation for more information. (https://huggingface.co/docs/transformers/main/en/main_classes/text_generation)
{"encoder_tokens": 130, "input_view": "typed_contract_only", "max_token_completions": 0, "task": 4, "task_id": "sigless_ef71ae50a5fb", "tasks": 175}
[transformers] Both `min_new_tokens` (=0) and `min_length`(=0) seem to have been set. `min_new_tokens` will take precedence. Please refer to the documentation for more information. (https://huggingface.co/docs/transformers/main/en/main_classes/text_generation)
{"encoder_tokens": 146, "input_view": "typed_contract_only", "max_token_completions": 0, "task": 5, "task_id": "sigless_0c28ea18fc09", "tasks": 175}
[transformers] Both `min_new_tokens` (=0) and `min_length`(=0) seem to have been set. `min_new_tokens` will take precedence. Please refer to the documentation for more information. (https://huggingface.co/docs/transformers/main/en/main_classes/text_generation)
{"encoder_tokens": 132, "input_view": "typed_contract_only", "max_token_completions": 0, "task": 6, "task_id": "sigless_9dcc77211b03", "tasks": 175}
[transformers] Both `min_new_tokens` (=0) and `min_length`(=0) seem to have been set. `min_new_tokens` will take precedence. Please refer to the documentation for more information. (https://huggingface.co/docs/transformers/main/en/main_classes/text_generation)
{"encoder_tokens": 137, "input_view": "typed_contract_only", "max_token_completions": 0, "task": 7, "task_id": "sigless_e3b7af399229", "tasks": 175}
[transformers] Both `min_new_tokens` (=0) and `min_length`(=0) seem to have been set. `min_new_tokens` will take precedence. Please refer to the documentation for more information. (https://huggingface.co/docs/transformers/main/en/main_classes/text_generation)
{"encoder_tokens": 135, "input_view": "typed_contract_only", "max_token_completions": 0, "task": 8, "task_id": "sigless_f2b582d1df68", "tasks": 175}
[transformers] Both `min_new_tokens` (=0) and `min_length`(=0) seem to have been set. `min_new_tokens` will take precedence. Please refer to the documentation for more information. (https://huggingface.co/docs/transformers/main/en/main_classes/text_generation)
{"encoder_tokens": 130, "input_view": "typed_contract_only", "max_token_completions": 0, "task": 9, "task_id": "sigless_af8ea815d9ac", "tasks": 175}
[transformers] Both `min_new_tokens` (=0) and `min_length`(=0) seem to have been set. `min_new_tokens` will take precedence. Please refer to the documentation for more information. (https://huggingface.co/docs/transformers/main/en/main_classes/text_generation)
{"encoder_tokens": 130, "input_view": "typed_contract_only", "max_token_completions": 0, "task": 10, "task_id": "sigless_ed4d7dcd5f20", "tasks": 175}
[transformers] Both `min_new_tokens` (=0) and `min_length`(=0) seem to have been set. `min_new_tokens` will take precedence. Please refer to the documentation for more information. (https://huggingface.co/docs/transformers/main/en/main_classes/text_generation)
{"encoder_tokens": 155, "input_view": "typed_contract_only", "max_token_completions": 0, "task": 11, "task_id": "sigless_ac1a3f90780a", "tasks": 175}
[transformers] Both `min_new_tokens` (=0) and `min_length`(=0) seem to have been set. `min_new_tokens` will take precedence. Please refer to the documentation for more information. (https://huggingface.co/docs/transformers/main/en/main_classes/text_generation)
{"encoder_tokens": 131, "input_view": "typed_contract_only", "max_token_completions": 0, "task": 12, "task_id": "sigless_2607923a35c2", "tasks": 175}
[transformers] Both `min_new_tokens` (=0) and `min_length`(=0) seem to have been set. `min_new_tokens` will take precedence. Please refer to the documentation for more information. (https://huggingface.co/docs/transformers/main/en/main_classes/text_generation)
{"encoder_tokens": 123, "input_view": "typed_contract_only", "max_token_completions": 0, "task": 13, "task_id": "sigless_9acafa491865", "tasks": 175}
[transformers] Both `min_new_tokens` (=0) and `min_length`(=0) seem to have been set. `min_new_tokens` will take precedence. Please refer to the documentation for more information. (https://huggingface.co/docs/transformers/main/en/main_classes/text_generation)
{"encoder_tokens": 130, "input_view": "typed_contract_only", "max_token_completions": 0, "task": 14, "task_id": "sigless_08a97c3f3f6b", "tasks": 175}
[transformers] Both `min_new_tokens` (=0) and `min_length`(=0) seem to have been set. `min_new_tokens` will take precedence. Please refer to the documentation for more information. (https://huggingface.co/docs/transformers/main/en/main_classes/text_generation)
{"encoder_tokens": 133, "input_view": "typed_contract_only", "max_token_completions": 0, "task": 15, "task_id": "sigless_561333b633a8", "tasks": 175}
[transformers] Both `min_new_tokens` (=0) and `min_length`(=0) seem to have been set. `min_new_tokens` will take precedence. Please refer to the documentation for more information. (https://huggingface.co/docs/transformers/main/en/main_classes/text_generation)
{"encoder_tokens": 130, "input_view": "typed_contract_only", "max_token_completions": 0, "task": 16, "task_id": "sigless_43bc373e09d3", "tasks": 175}
[transformers] Both `min_new_tokens` (=0) and `min_length`(=0) seem to have been set. `min_new_tokens` will take precedence. Please refer to the documentation for more information. (https://huggingface.co/docs/transformers/main/en/main_classes/text_generation)
{"encoder_tokens": 133, "input_view": "typed_contract_only", "max_token_completions": 0, "task": 17, "task_id": "sigless_7968d9b30560", "tasks": 175}
[transformers] Both `min_new_tokens` (=0) and `min_length`(=0) seem to have been set. `min_new_tokens` will take precedence. Please refer to the documentation for more information. (https://huggingface.co/docs/transformers/main/en/main_classes/text_generation)
{"encoder_tokens": 130, "input_view": "typed_contract_only", "max_token_completions": 0, "task": 18, "task_id": "sigless_682c5301dfb2", "tasks": 175}
[transformers] Both `min_new_tokens` (=0) and `min_length`(=0) seem to have been set. `min_new_tokens` will take precedence. Please refer to the documentation for more information. (https://huggingface.co/docs/transformers/main/en/main_classes/text_generation)
{"encoder_tokens": 123, "input_view": "typed_contract_only", "max_token_completions": 0, "task": 19, "task_id": "sigless_37c22f197b0e", "tasks": 175}
[transformers] Both `min_new_tokens` (=0) and `min_length`(=0) seem to have been set. `min_new_tokens` will take precedence. Please refer to the documentation for more information. (https://huggingface.co/docs/transformers/main/en/main_classes/text_generation)
{"encoder_tokens": 123, "input_view": "typed_contract_only", "max_token_completions": 0, "task": 20, "task_id": "sigless_34e9dc99606e", "tasks": 175}
[transformers] Both `min_new_tokens` (=0) and `min_length`(=0) seem to have been set. `min_new_tokens` will take precedence. Please refer to the documentation for more information. (https://huggingface.co/docs/transformers/main/en/main_classes/text_generation)
{"encoder_tokens": 123, "input_view": "typed_contract_only", "max_token_completions": 0, "task": 21, "task_id": "sigless_6ad70e03dabe", "tasks": 175}
[transformers] Both `min_new_tokens` (=0) and `min_length`(=0) seem to have been set. `min_new_tokens` will take precedence. Please refer to the documentation for more information. (https://huggingface.co/docs/transformers/main/en/main_classes/text_generation)
{"encoder_tokens": 132, "input_view": "typed_contract_only", "max_token_completions": 0, "task": 22, "task_id": "sigless_217ef71865c3", "tasks": 175}
[transformers] Both `min_new_tokens` (=0) and `min_length`(=0) seem to have been set. `min_new_tokens` will take precedence. Please refer to the documentation for more information. (https://huggingface.co/docs/transformers/main/en/main_classes/text_generation)
{"encoder_tokens": 130, "input_view": "typed_contract_only", "max_token_completions": 0, "task": 23, "task_id": "sigless_295a1f5c7259", "tasks": 175}
[transformers] Both `min_new_tokens` (=0) and `min_length`(=0) seem to have been set. `min_new_tokens` will take precedence. Please refer to the documentation for more information. (https://huggingface.co/docs/transformers/main/en/main_classes/text_generation)
{"encoder_tokens": 134, "input_view": "typed_contract_only", "max_token_completions": 0, "task": 24, "task_id": "sigless_3b143aa33af0", "tasks": 175}
[transformers] Both `min_new_tokens` (=0) and `min_length`(=0) seem to have been set. `min_new_tokens` will take precedence. Please refer to the documentation for more information. (https://huggingface.co/docs/transformers/main/en/main_classes/text_generation)
{"encoder_tokens": 130, "input_view": "typed_contract_only", "max_token_completions": 0, "task": 25, "task_id": "sigless_6e4974ba05d6", "tasks": 175}
[transformers] Both `min_new_tokens` (=0) and `min_length`(=0) seem to have been set. `min_new_tokens` will take precedence. Please refer to the documentation for more information. (https://huggingface.co/docs/transformers/main/en/main_classes/text_generation)
{"encoder_tokens": 130, "input_view": "typed_contract_only", "max_token_completions": 0, "task": 26, "task_id": "sigless_40ffe3504975", "tasks": 175}
[transformers] Both `min_new_tokens` (=0) and `min_length`(=0) seem to have been set. `min_new_tokens` will take precedence. Please refer to the documentation for more information. (https://huggingface.co/docs/transformers/main/en/main_classes/text_generation)
{"encoder_tokens": 132, "input_view": "typed_contract_only", "max_token_completions": 0, "task": 27, "task_id": "sigless_5c47cc5132ae", "tasks": 175}
[transformers] Both `min_new_tokens` (=0) and `min_length`(=0) seem to have been set. `min_new_tokens` will take precedence. Please refer to the documentation for more information. (https://huggingface.co/docs/transformers/main/en/main_classes/text_generation)
{"encoder_tokens": 123, "input_view": "typed_contract_only", "max_token_completions": 0, "task": 28, "task_id": "sigless_0dc17d9531b9", "tasks": 175}
[transformers] Both `min_new_tokens` (=0) and `min_length`(=0) seem to have been set. `min_new_tokens` will take precedence. Please refer to the documentation for more information. (https://huggingface.co/docs/transformers/main/en/main_classes/text_generation)
{"encoder_tokens": 130, "input_view": "typed_contract_only", "max_token_completions": 0, "task": 29, "task_id": "sigless_e989552bfd91", "tasks": 175}
[transformers] Both `min_new_tokens` (=0) and `min_length`(=0) seem to have been set. `min_new_tokens` will take precedence. Please refer to the documentation for more information. (https://huggingface.co/docs/transformers/main/en/main_classes/text_generation)
{"encoder_tokens": 138, "input_view": "typed_contract_only", "max_token_completions": 0, "task": 30, "task_id": "sigless_588a3df34892", "tasks": 175}
[transformers] Both `min_new_tokens` (=0) and `min_length`(=0) seem to have been set. `min_new_tokens` will take precedence. Please refer to the documentation for more information. (https://huggingface.co/docs/transformers/main/en/main_classes/text_generation)
{"encoder_tokens": 123, "input_view": "typed_contract_only", "max_token_completions": 0, "task": 31, "task_id": "sigless_7f5464d20af0", "tasks": 175}
[transformers] Both `min_new_tokens` (=0) and `min_length`(=0) seem to have been set. `min_new_tokens` will take precedence. Please refer to the documentation for more information. (https://huggingface.co/docs/transformers/main/en/main_classes/text_generation)
{"encoder_tokens": 134, "input_view": "typed_contract_only", "max_token_completions": 0, "task": 32, "task_id": "sigless_c06bd1b6353c", "tasks": 175}
[transformers] Both `min_new_tokens` (=0) and `min_length`(=0) seem to have been set. `min_new_tokens` will take precedence. Please refer to the documentation for more information. (https://huggingface.co/docs/transformers/main/en/main_classes/text_generation)
{"encoder_tokens": 132, "input_view": "typed_contract_only", "max_token_completions": 0, "task": 33, "task_id": "sigless_7ce0645c7c59", "tasks": 175}
[transformers] Both `min_new_tokens` (=0) and `min_length`(=0) seem to have been set. `min_new_tokens` will take precedence. Please refer to the documentation for more information. (https://huggingface.co/docs/transformers/main/en/main_classes/text_generation)
{"encoder_tokens": 130, "input_view": "typed_contract_only", "max_token_completions": 0, "task": 34, "task_id": "sigless_842d8bd3822e", "tasks": 175}
[transformers] Both `min_new_tokens` (=0) and `min_length`(=0) seem to have been set. `min_new_tokens` will take precedence. Please refer to the documentation for more information. (https://huggingface.co/docs/transformers/main/en/main_classes/text_generation)
{"encoder_tokens": 141, "input_view": "typed_contract_only", "max_token_completions": 0, "task": 35, "task_id": "sigless_f19a1cde385c", "tasks": 175}
[transformers] Both `min_new_tokens` (=0) and `min_length`(=0) seem to have been set. `min_new_tokens` will take precedence. Please refer to the documentation for more information. (https://huggingface.co/docs/transformers/main/en/main_classes/text_generation)
{"encoder_tokens": 127, "input_view": "typed_contract_only", "max_token_completions": 0, "task": 36, "task_id": "sigless_66f0c3982031", "tasks": 175}
[transformers] Both `min_new_tokens` (=0) and `min_length`(=0) seem to have been set. `min_new_tokens` will take precedence. Please refer to the documentation for more information. (https://huggingface.co/docs/transformers/main/en/main_classes/text_generation)
{"encoder_tokens": 127, "input_view": "typed_contract_only", "max_token_completions": 0, "task": 37, "task_id": "sigless_6ca6f0196a67", "tasks": 175}
[transformers] Both `min_new_tokens` (=0) and `min_length`(=0) seem to have been set. `min_new_tokens` will take precedence. Please refer to the documentation for more information. (https://huggingface.co/docs/transformers/main/en/main_classes/text_generation)
{"encoder_tokens": 145, "input_view": "typed_contract_only", "max_token_completions": 0, "task": 38, "task_id": "sigless_8cc4767c9e31", "tasks": 175}
[transformers] Both `min_new_tokens` (=0) and `min_length`(=0) seem to have been set. `min_new_tokens` will take precedence. Please refer to the documentation for more information. (https://huggingface.co/docs/transformers/main/en/main_classes/text_generation)
{"encoder_tokens": 130, "input_view": "typed_contract_only", "max_token_completions": 0, "task": 39, "task_id": "sigless_689fa1a18517", "tasks": 175}
[transformers] Both `min_new_tokens` (=0) and `min_length`(=0) seem to have been set. `min_new_tokens` will take precedence. Please refer to the documentation for more information. (https://huggingface.co/docs/transformers/main/en/main_classes/text_generation)
{"encoder_tokens": 123, "input_view": "typed_contract_only", "max_token_completions": 0, "task": 40, "task_id": "sigless_a6a008b7b43f", "tasks": 175}
[transformers] Both `min_new_tokens` (=0) and `min_length`(=0) seem to have been set. `min_new_tokens` will take precedence. Please refer to the documentation for more information. (https://huggingface.co/docs/transformers/main/en/main_classes/text_generation)
{"encoder_tokens": 130, "input_view": "typed_contract_only", "max_token_completions": 0, "task": 41, "task_id": "sigless_b03bf3bb9c5b", "tasks": 175}
[transformers] Both `min_new_tokens` (=0) and `min_length`(=0) seem to have been set. `min_new_tokens` will take precedence. Please refer to the documentation for more information. (https://huggingface.co/docs/transformers/main/en/main_classes/text_generation)
{"encoder_tokens": 139, "input_view": "typed_contract_only", "max_token_completions": 0, "task": 42, "task_id": "sigless_c5fe1b2b12ae", "tasks": 175}
[transformers] Both `min_new_tokens` (=0) and `min_length`(=0) seem to have been set. `min_new_tokens` will take precedence. Please refer to the documentation for more information. (https://huggingface.co/docs/transformers/main/en/main_classes/text_generation)
{"encoder_tokens": 133, "input_view": "typed_contract_only", "max_token_completions": 0, "task": 43, "task_id": "sigless_8d0cf57a5b8f", "tasks": 175}
[transformers] Both `min_new_tokens` (=0) and `min_length`(=0) seem to have been set. `min_new_tokens` will take precedence. Please refer to the documentation for more information. (https://huggingface.co/docs/transformers/main/en/main_classes/text_generation)
{"encoder_tokens": 132, "input_view": "typed_contract_only", "max_token_completions": 0, "task": 44, "task_id": "sigless_7e986e1787e9", "tasks": 175}
[transformers] Both `min_new_tokens` (=0) and `min_length`(=0) seem to have been set. `min_new_tokens` will take precedence. Please refer to the documentation for more information. (https://huggingface.co/docs/transformers/main/en/main_classes/text_generation)
{"encoder_tokens": 123, "input_view": "typed_contract_only", "max_token_completions": 0, "task": 45, "task_id": "sigless_172bb23be947", "tasks": 175}
[transformers] Both `min_new_tokens` (=0) and `min_length`(=0) seem to have been set. `min_new_tokens` will take precedence. Please refer to the documentation for more information. (https://huggingface.co/docs/transformers/main/en/main_classes/text_generation)
{"encoder_tokens": 137, "input_view": "typed_contract_only", "max_token_completions": 0, "task": 46, "task_id": "sigless_5f0732a851d6", "tasks": 175}
[transformers] Both `min_new_tokens` (=0) and `min_length`(=0) seem to have been set. `min_new_tokens` will take precedence. Please refer to the documentation for more information. (https://huggingface.co/docs/transformers/main/en/main_classes/text_generation)
{"encoder_tokens": 133, "input_view": "typed_contract_only", "max_token_completions": 0, "task": 47, "task_id": "sigless_761f28484d46", "tasks": 175}
[transformers] Both `min_new_tokens` (=0) and `min_length`(=0) seem to have been set. `min_new_tokens` will take precedence. Please refer to the documentation for more information. (https://huggingface.co/docs/transformers/main/en/main_classes/text_generation)
{"encoder_tokens": 132, "input_view": "typed_contract_only", "max_token_completions": 0, "task": 48, "task_id": "sigless_1f311da5c92c", "tasks": 175}
[transformers] Both `min_new_tokens` (=0) and `min_length`(=0) seem to have been set. `min_new_tokens` will take precedence. Please refer to the documentation for more information. (https://huggingface.co/docs/transformers/main/en/main_classes/text_generation)
{"encoder_tokens": 130, "input_view": "typed_contract_only", "max_token_completions": 0, "task": 49, "task_id": "sigless_5b084bc217a7", "tasks": 175}
[transformers] Both `min_new_tokens` (=0) and `min_length`(=0) seem to have been set. `min_new_tokens` will take precedence. Please refer to the documentation for more information. (https://huggingface.co/docs/transformers/main/en/main_classes/text_generation)
{"encoder_tokens": 139, "input_view": "typed_contract_only", "max_token_completions": 0, "task": 50, "task_id": "sigless_813393f0ede5", "tasks": 175}
[transformers] Both `min_new_tokens` (=0) and `min_length`(=0) seem to have been set. `min_new_tokens` will take precedence. Please refer to the documentation for more information. (https://huggingface.co/docs/transformers/main/en/main_classes/text_generation)
{"encoder_tokens": 142, "input_view": "typed_contract_only", "max_token_completions": 0, "task": 51, "task_id": "sigless_c533ec05295f", "tasks": 175}
[transformers] Both `min_new_tokens` (=0) and `min_length`(=0) seem to have been set. `min_new_tokens` will take precedence. Please refer to the documentation for more information. (https://huggingface.co/docs/transformers/main/en/main_classes/text_generation)
{"encoder_tokens": 141, "input_view": "typed_contract_only", "max_token_completions": 0, "task": 52, "task_id": "sigless_f313c6aa6b38", "tasks": 175}
[transformers] Both `min_new_tokens` (=0) and `min_length`(=0) seem to have been set. `min_new_tokens` will take precedence. Please refer to the documentation for more information. (https://huggingface.co/docs/transformers/main/en/main_classes/text_generation)
{"encoder_tokens": 127, "input_view": "typed_contract_only", "max_token_completions": 0, "task": 53, "task_id": "sigless_7da06c701a11", "tasks": 175}
[transformers] Both `min_new_tokens` (=0) and `min_length`(=0) seem to have been set. `min_new_tokens` will take precedence. Please refer to the documentation for more information. (https://huggingface.co/docs/transformers/main/en/main_classes/text_generation)
{"encoder_tokens": 123, "input_view": "typed_contract_only", "max_token_completions": 0, "task": 54, "task_id": "sigless_32c65c037f11", "tasks": 175}
[transformers] Both `min_new_tokens` (=0) and `min_length`(=0) seem to have been set. `min_new_tokens` will take precedence. Please refer to the documentation for more information. (https://huggingface.co/docs/transformers/main/en/main_classes/text_generation)
{"encoder_tokens": 130, "input_view": "typed_contract_only", "max_token_completions": 0, "task": 55, "task_id": "sigless_800a63a44bf8", "tasks": 175}
[transformers] Both `min_new_tokens` (=0) and `min_length`(=0) seem to have been set. `min_new_tokens` will take precedence. Please refer to the documentation for more information. (https://huggingface.co/docs/transformers/main/en/main_classes/text_generation)
{"encoder_tokens": 135, "input_view": "typed_contract_only", "max_token_completions": 0, "task": 56, "task_id": "sigless_ae3f6b074a1d", "tasks": 175}
[transformers] Both `min_new_tokens` (=0) and `min_length`(=0) seem to have been set. `min_new_tokens` will take precedence. Please refer to the documentation for more information. (https://huggingface.co/docs/transformers/main/en/main_classes/text_generation)
{"encoder_tokens": 133, "input_view": "typed_contract_only", "max_token_completions": 0, "task": 57, "task_id": "sigless_bdb5051ba702", "tasks": 175}
[transformers] Both `min_new_tokens` (=0) and `min_length`(=0) seem to have been set. `min_new_tokens` will take precedence. Please refer to the documentation for more information. (https://huggingface.co/docs/transformers/main/en/main_classes/text_generation)
{"encoder_tokens": 127, "input_view": "typed_contract_only", "max_token_completions": 0, "task": 58, "task_id": "sigless_5a81bb01e5b7", "tasks": 175}
[transformers] Both `min_new_tokens` (=0) and `min_length`(=0) seem to have been set. `min_new_tokens` will take precedence. Please refer to the documentation for more information. (https://huggingface.co/docs/transformers/main/en/main_classes/text_generation)
{"encoder_tokens": 130, "input_view": "typed_contract_only", "max_token_completions": 0, "task": 59, "task_id": "sigless_3cc19bbfa30f", "tasks": 175}
[transformers] Both `min_new_tokens` (=0) and `min_length`(=0) seem to have been set. `min_new_tokens` will take precedence. Please refer to the documentation for more information. (https://huggingface.co/docs/transformers/main/en/main_classes/text_generation)
{"encoder_tokens": 133, "input_view": "typed_contract_only", "max_token_completions": 0, "task": 60, "task_id": "sigless_ca058cccbe26", "tasks": 175}
[transformers] Both `min_new_tokens` (=0) and `min_length`(=0) seem to have been set. `min_new_tokens` will take precedence. Please refer to the documentation for more information. (https://huggingface.co/docs/transformers/main/en/main_classes/text_generation)
{"encoder_tokens": 130, "input_view": "typed_contract_only", "max_token_completions": 0, "task": 61, "task_id": "sigless_b33d2de9af80", "tasks": 175}
[transformers] Both `min_new_tokens` (=0) and `min_length`(=0) seem to have been set. `min_new_tokens` will take precedence. Please refer to the documentation for more information. (https://huggingface.co/docs/transformers/main/en/main_classes/text_generation)
{"encoder_tokens": 134, "input_view": "typed_contract_only", "max_token_completions": 0, "task": 62, "task_id": "sigless_c25abcd9a325", "tasks": 175}
[transformers] Both `min_new_tokens` (=0) and `min_length`(=0) seem to have been set. `min_new_tokens` will take precedence. Please refer to the documentation for more information. (https://huggingface.co/docs/transformers/main/en/main_classes/text_generation)
{"encoder_tokens": 134, "input_view": "typed_contract_only", "max_token_completions": 0, "task": 63, "task_id": "sigless_6d8c4ba351c5", "tasks": 175}
[transformers] Both `min_new_tokens` (=0) and `min_length`(=0) seem to have been set. `min_new_tokens` will take precedence. Please refer to the documentation for more information. (https://huggingface.co/docs/transformers/main/en/main_classes/text_generation)
{"encoder_tokens": 131, "input_view": "typed_contract_only", "max_token_completions": 0, "task": 64, "task_id": "sigless_a247e5f7ba82", "tasks": 175}
[transformers] Both `min_new_tokens` (=0) and `min_length`(=0) seem to have been set. `min_new_tokens` will take precedence. Please refer to the documentation for more information. (https://huggingface.co/docs/transformers/main/en/main_classes/text_generation)
{"encoder_tokens": 145, "input_view": "typed_contract_only", "max_token_completions": 0, "task": 65, "task_id": "sigless_2285fc4955db", "tasks": 175}
[transformers] Both `min_new_tokens` (=0) and `min_length`(=0) seem to have been set. `min_new_tokens` will take precedence. Please refer to the documentation for more information. (https://huggingface.co/docs/transformers/main/en/main_classes/text_generation)
{"encoder_tokens": 123, "input_view": "typed_contract_only", "max_token_completions": 0, "task": 66, "task_id": "sigless_97decd4f7443", "tasks": 175}
[transformers] Both `min_new_tokens` (=0) and `min_length`(=0) seem to have been set. `min_new_tokens` will take precedence. Please refer to the documentation for more information. (https://huggingface.co/docs/transformers/main/en/main_classes/text_generation)
{"encoder_tokens": 132, "input_view": "typed_contract_only", "max_token_completions": 0, "task": 67, "task_id": "sigless_79bfe84158a3", "tasks": 175}
[transformers] Both `min_new_tokens` (=0) and `min_length`(=0) seem to have been set. `min_new_tokens` will take precedence. Please refer to the documentation for more information. (https://huggingface.co/docs/transformers/main/en/main_classes/text_generation)
{"encoder_tokens": 141, "input_view": "typed_contract_only", "max_token_completions": 0, "task": 68, "task_id": "sigless_6dfdaa80a5a8", "tasks": 175}
[transformers] Both `min_new_tokens` (=0) and `min_length`(=0) seem to have been set. `min_new_tokens` will take precedence. Please refer to the documentation for more information. (https://huggingface.co/docs/transformers/main/en/main_classes/text_generation)
{"encoder_tokens": 136, "input_view": "typed_contract_only", "max_token_completions": 0, "task": 69, "task_id": "sigless_52260deec95d", "tasks": 175}
[transformers] Both `min_new_tokens` (=0) and `min_length`(=0) seem to have been set. `min_new_tokens` will take precedence. Please refer to the documentation for more information. (https://huggingface.co/docs/transformers/main/en/main_classes/text_generation)
{"encoder_tokens": 130, "input_view": "typed_contract_only", "max_token_completions": 0, "task": 70, "task_id": "sigless_96546ea01643", "tasks": 175}
[transformers] Both `min_new_tokens` (=0) and `min_length`(=0) seem to have been set. `min_new_tokens` will take precedence. Please refer to the documentation for more information. (https://huggingface.co/docs/transformers/main/en/main_classes/text_generation)
{"encoder_tokens": 130, "input_view": "typed_contract_only", "max_token_completions": 0, "task": 71, "task_id": "sigless_083954eb2fb3", "tasks": 175}
[transformers] Both `min_new_tokens` (=0) and `min_length`(=0) seem to have been set. `min_new_tokens` will take precedence. Please refer to the documentation for more information. (https://huggingface.co/docs/transformers/main/en/main_classes/text_generation)
{"encoder_tokens": 123, "input_view": "typed_contract_only", "max_token_completions": 0, "task": 72, "task_id": "sigless_a348fccf3353", "tasks": 175}
[transformers] Both `min_new_tokens` (=0) and `min_length`(=0) seem to have been set. `min_new_tokens` will take precedence. Please refer to the documentation for more information. (https://huggingface.co/docs/transformers/main/en/main_classes/text_generation)
{"encoder_tokens": 133, "input_view": "typed_contract_only", "max_token_completions": 0, "task": 73, "task_id": "sigless_1b1ea7b75cff", "tasks": 175}
[transformers] Both `min_new_tokens` (=0) and `min_length`(=0) seem to have been set. `min_new_tokens` will take precedence. Please refer to the documentation for more information. (https://huggingface.co/docs/transformers/main/en/main_classes/text_generation)
{"encoder_tokens": 127, "input_view": "typed_contract_only", "max_token_completions": 0, "task": 74, "task_id": "sigless_f8e93c6852a8", "tasks": 175}
[transformers] Both `min_new_tokens` (=0) and `min_length`(=0) seem to have been set. `min_new_tokens` will take precedence. Please refer to the documentation for more information. (https://huggingface.co/docs/transformers/main/en/main_classes/text_generation)
{"encoder_tokens": 123, "input_view": "typed_contract_only", "max_token_completions": 0, "task": 75, "task_id": "sigless_8bf7f40ca356", "tasks": 175}
[transformers] Both `min_new_tokens` (=0) and `min_length`(=0) seem to have been set. `min_new_tokens` will take precedence. Please refer to the documentation for more information. (https://huggingface.co/docs/transformers/main/en/main_classes/text_generation)
{"encoder_tokens": 135, "input_view": "typed_contract_only", "max_token_completions": 0, "task": 76, "task_id": "sigless_dda92f9b56cf", "tasks": 175}
[transformers] Both `min_new_tokens` (=0) and `min_length`(=0) seem to have been set. `min_new_tokens` will take precedence. Please refer to the documentation for more information. (https://huggingface.co/docs/transformers/main/en/main_classes/text_generation)
{"encoder_tokens": 133, "input_view": "typed_contract_only", "max_token_completions": 0, "task": 77, "task_id": "sigless_29facc14bbd7", "tasks": 175}
[transformers] Both `min_new_tokens` (=0) and `min_length`(=0) seem to have been set. `min_new_tokens` will take precedence. Please refer to the documentation for more information. (https://huggingface.co/docs/transformers/main/en/main_classes/text_generation)
{"encoder_tokens": 139, "input_view": "typed_contract_only", "max_token_completions": 0, "task": 78, "task_id": "sigless_03890dcefaec", "tasks": 175}
[transformers] Both `min_new_tokens` (=0) and `min_length`(=0) seem to have been set. `min_new_tokens` will take precedence. Please refer to the documentation for more information. (https://huggingface.co/docs/transformers/main/en/main_classes/text_generation)
{"encoder_tokens": 123, "input_view": "typed_contract_only", "max_token_completions": 0, "task": 79, "task_id": "sigless_0676ce351471", "tasks": 175}
[transformers] Both `min_new_tokens` (=0) and `min_length`(=0) seem to have been set. `min_new_tokens` will take precedence. Please refer to the documentation for more information. (https://huggingface.co/docs/transformers/main/en/main_classes/text_generation)
{"encoder_tokens": 123, "input_view": "typed_contract_only", "max_token_completions": 0, "task": 80, "task_id": "sigless_a507056ae077", "tasks": 175}
[transformers] Both `min_new_tokens` (=0) and `min_length`(=0) seem to have been set. `min_new_tokens` will take precedence. Please refer to the documentation for more information. (https://huggingface.co/docs/transformers/main/en/main_classes/text_generation)
{"encoder_tokens": 133, "input_view": "typed_contract_only", "max_token_completions": 0, "task": 81, "task_id": "sigless_cc73707101e6", "tasks": 175}
[transformers] Both `min_new_tokens` (=0) and `min_length`(=0) seem to have been set. `min_new_tokens` will take precedence. Please refer to the documentation for more information. (https://huggingface.co/docs/transformers/main/en/main_classes/text_generation)
{"encoder_tokens": 133, "input_view": "typed_contract_only", "max_token_completions": 0, "task": 82, "task_id": "sigless_9588ecf888b2", "tasks": 175}
[transformers] Both `min_new_tokens` (=0) and `min_length`(=0) seem to have been set. `min_new_tokens` will take precedence. Please refer to the documentation for more information. (https://huggingface.co/docs/transformers/main/en/main_classes/text_generation)
{"encoder_tokens": 134, "input_view": "typed_contract_only", "max_token_completions": 0, "task": 83, "task_id": "sigless_4708b0b01b11", "tasks": 175}
[transformers] Both `min_new_tokens` (=0) and `min_length`(=0) seem to have been set. `min_new_tokens` will take precedence. Please refer to the documentation for more information. (https://huggingface.co/docs/transformers/main/en/main_classes/text_generation)
{"encoder_tokens": 141, "input_view": "typed_contract_only", "max_token_completions": 0, "task": 84, "task_id": "sigless_a4594aa05a9c", "tasks": 175}
[transformers] Both `min_new_tokens` (=0) and `min_length`(=0) seem to have been set. `min_new_tokens` will take precedence. Please refer to the documentation for more information. (https://huggingface.co/docs/transformers/main/en/main_classes/text_generation)
{"encoder_tokens": 131, "input_view": "typed_contract_only", "max_token_completions": 0, "task": 85, "task_id": "sigless_0d23ec54c1ec", "tasks": 175}
[transformers] Both `min_new_tokens` (=0) and `min_length`(=0) seem to have been set. `min_new_tokens` will take precedence. Please refer to the documentation for more information. (https://huggingface.co/docs/transformers/main/en/main_classes/text_generation)
{"encoder_tokens": 133, "input_view": "typed_contract_only", "max_token_completions": 0, "task": 86, "task_id": "sigless_2b4ce9b63420", "tasks": 175}
[transformers] Both `min_new_tokens` (=0) and `min_length`(=0) seem to have been set. `min_new_tokens` will take precedence. Please refer to the documentation for more information. (https://huggingface.co/docs/transformers/main/en/main_classes/text_generation)
{"encoder_tokens": 138, "input_view": "typed_contract_only", "max_token_completions": 0, "task": 87, "task_id": "sigless_d19512840646", "tasks": 175}
[transformers] Both `min_new_tokens` (=0) and `min_length`(=0) seem to have been set. `min_new_tokens` will take precedence. Please refer to the documentation for more information. (https://huggingface.co/docs/transformers/main/en/main_classes/text_generation)
{"encoder_tokens": 130, "input_view": "typed_contract_only", "max_token_completions": 0, "task": 88, "task_id": "sigless_254a6441f2f8", "tasks": 175}
[transformers] Both `min_new_tokens` (=0) and `min_length`(=0) seem to have been set. `min_new_tokens` will take precedence. Please refer to the documentation for more information. (https://huggingface.co/docs/transformers/main/en/main_classes/text_generation)
{"encoder_tokens": 132, "input_view": "typed_contract_only", "max_token_completions": 0, "task": 89, "task_id": "sigless_bd2a15378da9", "tasks": 175}
[transformers] Both `min_new_tokens` (=0) and `min_length`(=0) seem to have been set. `min_new_tokens` will take precedence. Please refer to the documentation for more information. (https://huggingface.co/docs/transformers/main/en/main_classes/text_generation)
{"encoder_tokens": 130, "input_view": "typed_contract_only", "max_token_completions": 0, "task": 90, "task_id": "sigless_81915896d27e", "tasks": 175}
[transformers] Both `min_new_tokens` (=0) and `min_length`(=0) seem to have been set. `min_new_tokens` will take precedence. Please refer to the documentation for more information. (https://huggingface.co/docs/transformers/main/en/main_classes/text_generation)
{"encoder_tokens": 137, "input_view": "typed_contract_only", "max_token_completions": 0, "task": 91, "task_id": "sigless_e1ba6073c24a", "tasks": 175}
[transformers] Both `min_new_tokens` (=0) and `min_length`(=0) seem to have been set. `min_new_tokens` will take precedence. Please refer to the documentation for more information. (https://huggingface.co/docs/transformers/main/en/main_classes/text_generation)
{"encoder_tokens": 130, "input_view": "typed_contract_only", "max_token_completions": 0, "task": 92, "task_id": "sigless_3a3a9c12bb06", "tasks": 175}
[transformers] Both `min_new_tokens` (=0) and `min_length`(=0) seem to have been set. `min_new_tokens` will take precedence. Please refer to the documentation for more information. (https://huggingface.co/docs/transformers/main/en/main_classes/text_generation)
{"encoder_tokens": 135, "input_view": "typed_contract_only", "max_token_completions": 0, "task": 93, "task_id": "sigless_288bf7a714e1", "tasks": 175}
[transformers] Both `min_new_tokens` (=0) and `min_length`(=0) seem to have been set. `min_new_tokens` will take precedence. Please refer to the documentation for more information. (https://huggingface.co/docs/transformers/main/en/main_classes/text_generation)
{"encoder_tokens": 141, "input_view": "typed_contract_only", "max_token_completions": 0, "task": 94, "task_id": "sigless_35088d24eba1", "tasks": 175}
[transformers] Both `min_new_tokens` (=0) and `min_length`(=0) seem to have been set. `min_new_tokens` will take precedence. Please refer to the documentation for more information. (https://huggingface.co/docs/transformers/main/en/main_classes/text_generation)
{"encoder_tokens": 138, "input_view": "typed_contract_only", "max_token_completions": 0, "task": 95, "task_id": "sigless_64a085399724", "tasks": 175}
[transformers] Both `min_new_tokens` (=0) and `min_length`(=0) seem to have been set. `min_new_tokens` will take precedence. Please refer to the documentation for more information. (https://huggingface.co/docs/transformers/main/en/main_classes/text_generation)
{"encoder_tokens": 123, "input_view": "typed_contract_only", "max_token_completions": 0, "task": 96, "task_id": "sigless_d544567b9189", "tasks": 175}
[transformers] Both `min_new_tokens` (=0) and `min_length`(=0) seem to have been set. `min_new_tokens` will take precedence. Please refer to the documentation for more information. (https://huggingface.co/docs/transformers/main/en/main_classes/text_generation)
{"encoder_tokens": 141, "input_view": "typed_contract_only", "max_token_completions": 0, "task": 97, "task_id": "sigless_73f9e7c2b2e2", "tasks": 175}
[transformers] Both `min_new_tokens` (=0) and `min_length`(=0) seem to have been set. `min_new_tokens` will take precedence. Please refer to the documentation for more information. (https://huggingface.co/docs/transformers/main/en/main_classes/text_generation)
{"encoder_tokens": 130, "input_view": "typed_contract_only", "max_token_completions": 0, "task": 98, "task_id": "sigless_719577f723ab", "tasks": 175}
[transformers] Both `min_new_tokens` (=0) and `min_length`(=0) seem to have been set. `min_new_tokens` will take precedence. Please refer to the documentation for more information. (https://huggingface.co/docs/transformers/main/en/main_classes/text_generation)
{"encoder_tokens": 127, "input_view": "typed_contract_only", "max_token_completions": 0, "task": 99, "task_id": "sigless_2f380f310be1", "tasks": 175}
[transformers] Both `min_new_tokens` (=0) and `min_length`(=0) seem to have been set. `min_new_tokens` will take precedence. Please refer to the documentation for more information. (https://huggingface.co/docs/transformers/main/en/main_classes/text_generation)
{"encoder_tokens": 132, "input_view": "typed_contract_only", "max_token_completions": 0, "task": 100, "task_id": "sigless_cd4130196f1f", "tasks": 175}
[transformers] Both `min_new_tokens` (=0) and `min_length`(=0) seem to have been set. `min_new_tokens` will take precedence. Please refer to the documentation for more information. (https://huggingface.co/docs/transformers/main/en/main_classes/text_generation)
{"encoder_tokens": 123, "input_view": "typed_contract_only", "max_token_completions": 0, "task": 101, "task_id": "sigless_af300e5a0f21", "tasks": 175}
[transformers] Both `min_new_tokens` (=0) and `min_length`(=0) seem to have been set. `min_new_tokens` will take precedence. Please refer to the documentation for more information. (https://huggingface.co/docs/transformers/main/en/main_classes/text_generation)
{"encoder_tokens": 130, "input_view": "typed_contract_only", "max_token_completions": 0, "task": 102, "task_id": "sigless_8c5d7927d750", "tasks": 175}
[transformers] Both `min_new_tokens` (=0) and `min_length`(=0) seem to have been set. `min_new_tokens` will take precedence. Please refer to the documentation for more information. (https://huggingface.co/docs/transformers/main/en/main_classes/text_generation)
{"encoder_tokens": 134, "input_view": "typed_contract_only", "max_token_completions": 0, "task": 103, "task_id": "sigless_c4383a715ff3", "tasks": 175}
[transformers] Both `min_new_tokens` (=0) and `min_length`(=0) seem to have been set. `min_new_tokens` will take precedence. Please refer to the documentation for more information. (https://huggingface.co/docs/transformers/main/en/main_classes/text_generation)
{"encoder_tokens": 134, "input_view": "typed_contract_only", "max_token_completions": 0, "task": 104, "task_id": "sigless_bd986d86cebb", "tasks": 175}
[transformers] Both `min_new_tokens` (=0) and `min_length`(=0) seem to have been set. `min_new_tokens` will take precedence. Please refer to the documentation for more information. (https://huggingface.co/docs/transformers/main/en/main_classes/text_generation)
{"encoder_tokens": 136, "input_view": "typed_contract_only", "max_token_completions": 0, "task": 105, "task_id": "sigless_bcebeb9e6334", "tasks": 175}
[transformers] Both `min_new_tokens` (=0) and `min_length`(=0) seem to have been set. `min_new_tokens` will take precedence. Please refer to the documentation for more information. (https://huggingface.co/docs/transformers/main/en/main_classes/text_generation)
{"encoder_tokens": 137, "input_view": "typed_contract_only", "max_token_completions": 0, "task": 106, "task_id": "sigless_d705d736995d", "tasks": 175}
[transformers] Both `min_new_tokens` (=0) and `min_length`(=0) seem to have been set. `min_new_tokens` will take precedence. Please refer to the documentation for more information. (https://huggingface.co/docs/transformers/main/en/main_classes/text_generation)
{"encoder_tokens": 139, "input_view": "typed_contract_only", "max_token_completions": 0, "task": 107, "task_id": "sigless_b03a8afc1094", "tasks": 175}
[transformers] Both `min_new_tokens` (=0) and `min_length`(=0) seem to have been set. `min_new_tokens` will take precedence. Please refer to the documentation for more information. (https://huggingface.co/docs/transformers/main/en/main_classes/text_generation)
{"encoder_tokens": 133, "input_view": "typed_contract_only", "max_token_completions": 0, "task": 108, "task_id": "sigless_fa4972c4e52e", "tasks": 175}
[transformers] Both `min_new_tokens` (=0) and `min_length`(=0) seem to have been set. `min_new_tokens` will take precedence. Please refer to the documentation for more information. (https://huggingface.co/docs/transformers/main/en/main_classes/text_generation)
{"encoder_tokens": 123, "input_view": "typed_contract_only", "max_token_completions": 0, "task": 109, "task_id": "sigless_993f7ab38cdd", "tasks": 175}
[transformers] Both `min_new_tokens` (=0) and `min_length`(=0) seem to have been set. `min_new_tokens` will take precedence. Please refer to the documentation for more information. (https://huggingface.co/docs/transformers/main/en/main_classes/text_generation)
{"encoder_tokens": 123, "input_view": "typed_contract_only", "max_token_completions": 0, "task": 110, "task_id": "sigless_95105e48c1e8", "tasks": 175}
[transformers] Both `min_new_tokens` (=0) and `min_length`(=0) seem to have been set. `min_new_tokens` will take precedence. Please refer to the documentation for more information. (https://huggingface.co/docs/transformers/main/en/main_classes/text_generation)
{"encoder_tokens": 129, "input_view": "typed_contract_only", "max_token_completions": 0, "task": 111, "task_id": "sigless_9e128db660ea", "tasks": 175}
[transformers] Both `min_new_tokens` (=0) and `min_length`(=0) seem to have been set. `min_new_tokens` will take precedence. Please refer to the documentation for more information. (https://huggingface.co/docs/transformers/main/en/main_classes/text_generation)
{"encoder_tokens": 135, "input_view": "typed_contract_only", "max_token_completions": 0, "task": 112, "task_id": "sigless_949e6c11e478", "tasks": 175}
[transformers] Both `min_new_tokens` (=0) and `min_length`(=0) seem to have been set. `min_new_tokens` will take precedence. Please refer to the documentation for more information. (https://huggingface.co/docs/transformers/main/en/main_classes/text_generation)
{"encoder_tokens": 130, "input_view": "typed_contract_only", "max_token_completions": 0, "task": 113, "task_id": "sigless_55cc112cbb2c", "tasks": 175}
[transformers] Both `min_new_tokens` (=0) and `min_length`(=0) seem to have been set. `min_new_tokens` will take precedence. Please refer to the documentation for more information. (https://huggingface.co/docs/transformers/main/en/main_classes/text_generation)
{"encoder_tokens": 130, "input_view": "typed_contract_only", "max_token_completions": 0, "task": 114, "task_id": "sigless_c45cfc4290f2", "tasks": 175}
[transformers] Both `min_new_tokens` (=0) and `min_length`(=0) seem to have been set. `min_new_tokens` will take precedence. Please refer to the documentation for more information. (https://huggingface.co/docs/transformers/main/en/main_classes/text_generation)
{"encoder_tokens": 130, "input_view": "typed_contract_only", "max_token_completions": 0, "task": 115, "task_id": "sigless_d1f52bab434e", "tasks": 175}
[transformers] Both `min_new_tokens` (=0) and `min_length`(=0) seem to have been set. `min_new_tokens` will take precedence. Please refer to the documentation for more information. (https://huggingface.co/docs/transformers/main/en/main_classes/text_generation)
{"encoder_tokens": 130, "input_view": "typed_contract_only", "max_token_completions": 0, "task": 116, "task_id": "sigless_696808df1978", "tasks": 175}
[transformers] Both `min_new_tokens` (=0) and `min_length`(=0) seem to have been set. `min_new_tokens` will take precedence. Please refer to the documentation for more information. (https://huggingface.co/docs/transformers/main/en/main_classes/text_generation)
{"encoder_tokens": 136, "input_view": "typed_contract_only", "max_token_completions": 0, "task": 117, "task_id": "sigless_840847bedc74", "tasks": 175}
[transformers] Both `min_new_tokens` (=0) and `min_length`(=0) seem to have been set. `min_new_tokens` will take precedence. Please refer to the documentation for more information. (https://huggingface.co/docs/transformers/main/en/main_classes/text_generation)
{"encoder_tokens": 139, "input_view": "typed_contract_only", "max_token_completions": 0, "task": 118, "task_id": "sigless_eee05f5f93cc", "tasks": 175}
[transformers] Both `min_new_tokens` (=0) and `min_length`(=0) seem to have been set. `min_new_tokens` will take precedence. Please refer to the documentation for more information. (https://huggingface.co/docs/transformers/main/en/main_classes/text_generation)
{"encoder_tokens": 135, "input_view": "typed_contract_only", "max_token_completions": 0, "task": 119, "task_id": "sigless_d61f01ff1856", "tasks": 175}
[transformers] Both `min_new_tokens` (=0) and `min_length`(=0) seem to have been set. `min_new_tokens` will take precedence. Please refer to the documentation for more information. (https://huggingface.co/docs/transformers/main/en/main_classes/text_generation)
{"encoder_tokens": 123, "input_view": "typed_contract_only", "max_token_completions": 0, "task": 120, "task_id": "sigless_79a8dd260f8c", "tasks": 175}
[transformers] Both `min_new_tokens` (=0) and `min_length`(=0) seem to have been set. `min_new_tokens` will take precedence. Please refer to the documentation for more information. (https://huggingface.co/docs/transformers/main/en/main_classes/text_generation)
{"encoder_tokens": 134, "input_view": "typed_contract_only", "max_token_completions": 0, "task": 121, "task_id": "sigless_5628428fcb9e", "tasks": 175}
[transformers] Both `min_new_tokens` (=0) and `min_length`(=0) seem to have been set. `min_new_tokens` will take precedence. Please refer to the documentation for more information. (https://huggingface.co/docs/transformers/main/en/main_classes/text_generation)
{"encoder_tokens": 123, "input_view": "typed_contract_only", "max_token_completions": 0, "task": 122, "task_id": "sigless_459decc7079c", "tasks": 175}
[transformers] Both `min_new_tokens` (=0) and `min_length`(=0) seem to have been set. `min_new_tokens` will take precedence. Please refer to the documentation for more information. (https://huggingface.co/docs/transformers/main/en/main_classes/text_generation)
{"encoder_tokens": 134, "input_view": "typed_contract_only", "max_token_completions": 0, "task": 123, "task_id": "sigless_897c175fe34d", "tasks": 175}
[transformers] Both `min_new_tokens` (=0) and `min_length`(=0) seem to have been set. `min_new_tokens` will take precedence. Please refer to the documentation for more information. (https://huggingface.co/docs/transformers/main/en/main_classes/text_generation)
{"encoder_tokens": 123, "input_view": "typed_contract_only", "max_token_completions": 0, "task": 124, "task_id": "sigless_f9772127b371", "tasks": 175}
[transformers] Both `min_new_tokens` (=0) and `min_length`(=0) seem to have been set. `min_new_tokens` will take precedence. Please refer to the documentation for more information. (https://huggingface.co/docs/transformers/main/en/main_classes/text_generation)
{"encoder_tokens": 123, "input_view": "typed_contract_only", "max_token_completions": 0, "task": 125, "task_id": "sigless_e087cd483fa1", "tasks": 175}
[transformers] Both `min_new_tokens` (=0) and `min_length`(=0) seem to have been set. `min_new_tokens` will take precedence. Please refer to the documentation for more information. (https://huggingface.co/docs/transformers/main/en/main_classes/text_generation)
{"encoder_tokens": 123, "input_view": "typed_contract_only", "max_token_completions": 0, "task": 126, "task_id": "sigless_c8721da111a6", "tasks": 175}
[transformers] Both `min_new_tokens` (=0) and `min_length`(=0) seem to have been set. `min_new_tokens` will take precedence. Please refer to the documentation for more information. (https://huggingface.co/docs/transformers/main/en/main_classes/text_generation)
{"encoder_tokens": 133, "input_view": "typed_contract_only", "max_token_completions": 0, "task": 127, "task_id": "sigless_39b2bb878943", "tasks": 175}
[transformers] Both `min_new_tokens` (=0) and `min_length`(=0) seem to have been set. `min_new_tokens` will take precedence. Please refer to the documentation for more information. (https://huggingface.co/docs/transformers/main/en/main_classes/text_generation)
{"encoder_tokens": 123, "input_view": "typed_contract_only", "max_token_completions": 0, "task": 128, "task_id": "sigless_fc85f3ba4f9a", "tasks": 175}
[transformers] Both `min_new_tokens` (=0) and `min_length`(=0) seem to have been set. `min_new_tokens` will take precedence. Please refer to the documentation for more information. (https://huggingface.co/docs/transformers/main/en/main_classes/text_generation)
{"encoder_tokens": 139, "input_view": "typed_contract_only", "max_token_completions": 0, "task": 129, "task_id": "sigless_877a173b0a13", "tasks": 175}
[transformers] Both `min_new_tokens` (=0) and `min_length`(=0) seem to have been set. `min_new_tokens` will take precedence. Please refer to the documentation for more information. (https://huggingface.co/docs/transformers/main/en/main_classes/text_generation)
{"encoder_tokens": 123, "input_view": "typed_contract_only", "max_token_completions": 0, "task": 130, "task_id": "sigless_f35b198c6f09", "tasks": 175}
[transformers] Both `min_new_tokens` (=0) and `min_length`(=0) seem to have been set. `min_new_tokens` will take precedence. Please refer to the documentation for more information. (https://huggingface.co/docs/transformers/main/en/main_classes/text_generation)
{"encoder_tokens": 147, "input_view": "typed_contract_only", "max_token_completions": 0, "task": 131, "task_id": "sigless_f12cc1905252", "tasks": 175}
[transformers] Both `min_new_tokens` (=0) and `min_length`(=0) seem to have been set. `min_new_tokens` will take precedence. Please refer to the documentation for more information. (https://huggingface.co/docs/transformers/main/en/main_classes/text_generation)
{"encoder_tokens": 137, "input_view": "typed_contract_only", "max_token_completions": 0, "task": 132, "task_id": "sigless_2d693beca98e", "tasks": 175}
[transformers] Both `min_new_tokens` (=0) and `min_length`(=0) seem to have been set. `min_new_tokens` will take precedence. Please refer to the documentation for more information. (https://huggingface.co/docs/transformers/main/en/main_classes/text_generation)
{"encoder_tokens": 132, "input_view": "typed_contract_only", "max_token_completions": 0, "task": 133, "task_id": "sigless_ca1164247b57", "tasks": 175}
[transformers] Both `min_new_tokens` (=0) and `min_length`(=0) seem to have been set. `min_new_tokens` will take precedence. Please refer to the documentation for more information. (https://huggingface.co/docs/transformers/main/en/main_classes/text_generation)
{"encoder_tokens": 131, "input_view": "typed_contract_only", "max_token_completions": 0, "task": 134, "task_id": "sigless_1c2de2da855e", "tasks": 175}
[transformers] Both `min_new_tokens` (=0) and `min_length`(=0) seem to have been set. `min_new_tokens` will take precedence. Please refer to the documentation for more information. (https://huggingface.co/docs/transformers/main/en/main_classes/text_generation)
{"encoder_tokens": 127, "input_view": "typed_contract_only", "max_token_completions": 0, "task": 135, "task_id": "sigless_fde9338419bb", "tasks": 175}
[transformers] Both `min_new_tokens` (=0) and `min_length`(=0) seem to have been set. `min_new_tokens` will take precedence. Please refer to the documentation for more information. (https://huggingface.co/docs/transformers/main/en/main_classes/text_generation)
{"encoder_tokens": 141, "input_view": "typed_contract_only", "max_token_completions": 0, "task": 136, "task_id": "sigless_caabd71fcc51", "tasks": 175}
[transformers] Both `min_new_tokens` (=0) and `min_length`(=0) seem to have been set. `min_new_tokens` will take precedence. Please refer to the documentation for more information. (https://huggingface.co/docs/transformers/main/en/main_classes/text_generation)
{"encoder_tokens": 138, "input_view": "typed_contract_only", "max_token_completions": 0, "task": 137, "task_id": "sigless_f5884d232b82", "tasks": 175}
[transformers] Both `min_new_tokens` (=0) and `min_length`(=0) seem to have been set. `min_new_tokens` will take precedence. Please refer to the documentation for more information. (https://huggingface.co/docs/transformers/main/en/main_classes/text_generation)
{"encoder_tokens": 132, "input_view": "typed_contract_only", "max_token_completions": 0, "task": 138, "task_id": "sigless_f00a8eba1899", "tasks": 175}
[transformers] Both `min_new_tokens` (=0) and `min_length`(=0) seem to have been set. `min_new_tokens` will take precedence. Please refer to the documentation for more information. (https://huggingface.co/docs/transformers/main/en/main_classes/text_generation)
{"encoder_tokens": 130, "input_view": "typed_contract_only", "max_token_completions": 0, "task": 139, "task_id": "sigless_00029a7e6212", "tasks": 175}
[transformers] Both `min_new_tokens` (=0) and `min_length`(=0) seem to have been set. `min_new_tokens` will take precedence. Please refer to the documentation for more information. (https://huggingface.co/docs/transformers/main/en/main_classes/text_generation)
{"encoder_tokens": 137, "input_view": "typed_contract_only", "max_token_completions": 0, "task": 140, "task_id": "sigless_92c2979883a9", "tasks": 175}
[transformers] Both `min_new_tokens` (=0) and `min_length`(=0) seem to have been set. `min_new_tokens` will take precedence. Please refer to the documentation for more information. (https://huggingface.co/docs/transformers/main/en/main_classes/text_generation)
{"encoder_tokens": 139, "input_view": "typed_contract_only", "max_token_completions": 0, "task": 141, "task_id": "sigless_294c09c37fca", "tasks": 175}
[transformers] Both `min_new_tokens` (=0) and `min_length`(=0) seem to have been set. `min_new_tokens` will take precedence. Please refer to the documentation for more information. (https://huggingface.co/docs/transformers/main/en/main_classes/text_generation)
{"encoder_tokens": 123, "input_view": "typed_contract_only", "max_token_completions": 0, "task": 142, "task_id": "sigless_15d4ae2f8443", "tasks": 175}
[transformers] Both `min_new_tokens` (=0) and `min_length`(=0) seem to have been set. `min_new_tokens` will take precedence. Please refer to the documentation for more information. (https://huggingface.co/docs/transformers/main/en/main_classes/text_generation)
{"encoder_tokens": 135, "input_view": "typed_contract_only", "max_token_completions": 0, "task": 143, "task_id": "sigless_fcd2fb050bf6", "tasks": 175}
[transformers] Both `min_new_tokens` (=0) and `min_length`(=0) seem to have been set. `min_new_tokens` will take precedence. Please refer to the documentation for more information. (https://huggingface.co/docs/transformers/main/en/main_classes/text_generation)
{"encoder_tokens": 130, "input_view": "typed_contract_only", "max_token_completions": 0, "task": 144, "task_id": "sigless_4b8ae6c364f9", "tasks": 175}
[transformers] Both `min_new_tokens` (=0) and `min_length`(=0) seem to have been set. `min_new_tokens` will take precedence. Please refer to the documentation for more information. (https://huggingface.co/docs/transformers/main/en/main_classes/text_generation)
{"encoder_tokens": 127, "input_view": "typed_contract_only", "max_token_completions": 0, "task": 145, "task_id": "sigless_5af03fd8ef7b", "tasks": 175}
[transformers] Both `min_new_tokens` (=0) and `min_length`(=0) seem to have been set. `min_new_tokens` will take precedence. Please refer to the documentation for more information. (https://huggingface.co/docs/transformers/main/en/main_classes/text_generation)
{"encoder_tokens": 123, "input_view": "typed_contract_only", "max_token_completions": 0, "task": 146, "task_id": "sigless_d34ebc7ed34a", "tasks": 175}
[transformers] Both `min_new_tokens` (=0) and `min_length`(=0) seem to have been set. `min_new_tokens` will take precedence. Please refer to the documentation for more information. (https://huggingface.co/docs/transformers/main/en/main_classes/text_generation)
{"encoder_tokens": 138, "input_view": "typed_contract_only", "max_token_completions": 0, "task": 147, "task_id": "sigless_808d6c1c9b6a", "tasks": 175}
[transformers] Both `min_new_tokens` (=0) and `min_length`(=0) seem to have been set. `min_new_tokens` will take precedence. Please refer to the documentation for more information. (https://huggingface.co/docs/transformers/main/en/main_classes/text_generation)
{"encoder_tokens": 123, "input_view": "typed_contract_only", "max_token_completions": 0, "task": 148, "task_id": "sigless_26315cbfcfbf", "tasks": 175}
[transformers] Both `min_new_tokens` (=0) and `min_length`(=0) seem to have been set. `min_new_tokens` will take precedence. Please refer to the documentation for more information. (https://huggingface.co/docs/transformers/main/en/main_classes/text_generation)
{"encoder_tokens": 137, "input_view": "typed_contract_only", "max_token_completions": 0, "task": 149, "task_id": "sigless_f70dce70d2e6", "tasks": 175}
[transformers] Both `min_new_tokens` (=0) and `min_length`(=0) seem to have been set. `min_new_tokens` will take precedence. Please refer to the documentation for more information. (https://huggingface.co/docs/transformers/main/en/main_classes/text_generation)
{"encoder_tokens": 137, "input_view": "typed_contract_only", "max_token_completions": 0, "task": 150, "task_id": "sigless_192fbb20f4b6", "tasks": 175}
[transformers] Both `min_new_tokens` (=0) and `min_length`(=0) seem to have been set. `min_new_tokens` will take precedence. Please refer to the documentation for more information. (https://huggingface.co/docs/transformers/main/en/main_classes/text_generation)
{"encoder_tokens": 134, "input_view": "typed_contract_only", "max_token_completions": 0, "task": 151, "task_id": "sigless_c6fed62b2c1d", "tasks": 175}
[transformers] Both `min_new_tokens` (=0) and `min_length`(=0) seem to have been set. `min_new_tokens` will take precedence. Please refer to the documentation for more information. (https://huggingface.co/docs/transformers/main/en/main_classes/text_generation)
{"encoder_tokens": 148, "input_view": "typed_contract_only", "max_token_completions": 0, "task": 152, "task_id": "sigless_07dd80fcc8e7", "tasks": 175}
[transformers] Both `min_new_tokens` (=0) and `min_length`(=0) seem to have been set. `min_new_tokens` will take precedence. Please refer to the documentation for more information. (https://huggingface.co/docs/transformers/main/en/main_classes/text_generation)
{"encoder_tokens": 136, "input_view": "typed_contract_only", "max_token_completions": 0, "task": 153, "task_id": "sigless_6dbf14b60080", "tasks": 175}
[transformers] Both `min_new_tokens` (=0) and `min_length`(=0) seem to have been set. `min_new_tokens` will take precedence. Please refer to the documentation for more information. (https://huggingface.co/docs/transformers/main/en/main_classes/text_generation)
{"encoder_tokens": 139, "input_view": "typed_contract_only", "max_token_completions": 0, "task": 154, "task_id": "sigless_c4f8a1d2a501", "tasks": 175}
[transformers] Both `min_new_tokens` (=0) and `min_length`(=0) seem to have been set. `min_new_tokens` will take precedence. Please refer to the documentation for more information. (https://huggingface.co/docs/transformers/main/en/main_classes/text_generation)
{"encoder_tokens": 127, "input_view": "typed_contract_only", "max_token_completions": 0, "task": 155, "task_id": "sigless_b6b6f07b0ff9", "tasks": 175}
[transformers] Both `min_new_tokens` (=0) and `min_length`(=0) seem to have been set. `min_new_tokens` will take precedence. Please refer to the documentation for more information. (https://huggingface.co/docs/transformers/main/en/main_classes/text_generation)
{"encoder_tokens": 132, "input_view": "typed_contract_only", "max_token_completions": 0, "task": 156, "task_id": "sigless_94c9c9421304", "tasks": 175}
[transformers] Both `min_new_tokens` (=0) and `min_length`(=0) seem to have been set. `min_new_tokens` will take precedence. Please refer to the documentation for more information. (https://huggingface.co/docs/transformers/main/en/main_classes/text_generation)
{"encoder_tokens": 127, "input_view": "typed_contract_only", "max_token_completions": 0, "task": 157, "task_id": "sigless_6d83ced1ddc9", "tasks": 175}
[transformers] Both `min_new_tokens` (=0) and `min_length`(=0) seem to have been set. `min_new_tokens` will take precedence. Please refer to the documentation for more information. (https://huggingface.co/docs/transformers/main/en/main_classes/text_generation)
{"encoder_tokens": 134, "input_view": "typed_contract_only", "max_token_completions": 0, "task": 158, "task_id": "sigless_37e2ca3dea18", "tasks": 175}
[transformers] Both `min_new_tokens` (=0) and `min_length`(=0) seem to have been set. `min_new_tokens` will take precedence. Please refer to the documentation for more information. (https://huggingface.co/docs/transformers/main/en/main_classes/text_generation)
{"encoder_tokens": 137, "input_view": "typed_contract_only", "max_token_completions": 0, "task": 159, "task_id": "sigless_27d7320a3bdf", "tasks": 175}
[transformers] Both `min_new_tokens` (=0) and `min_length`(=0) seem to have been set. `min_new_tokens` will take precedence. Please refer to the documentation for more information. (https://huggingface.co/docs/transformers/main/en/main_classes/text_generation)
{"encoder_tokens": 160, "input_view": "typed_contract_only", "max_token_completions": 0, "task": 160, "task_id": "sigless_88aae2bb0dda", "tasks": 175}
[transformers] Both `min_new_tokens` (=0) and `min_length`(=0) seem to have been set. `min_new_tokens` will take precedence. Please refer to the documentation for more information. (https://huggingface.co/docs/transformers/main/en/main_classes/text_generation)
{"encoder_tokens": 141, "input_view": "typed_contract_only", "max_token_completions": 0, "task": 161, "task_id": "sigless_809d366ff6f0", "tasks": 175}
[transformers] Both `min_new_tokens` (=0) and `min_length`(=0) seem to have been set. `min_new_tokens` will take precedence. Please refer to the documentation for more information. (https://huggingface.co/docs/transformers/main/en/main_classes/text_generation)
{"encoder_tokens": 143, "input_view": "typed_contract_only", "max_token_completions": 0, "task": 162, "task_id": "sigless_7412fc8a275b", "tasks": 175}
[transformers] Both `min_new_tokens` (=0) and `min_length`(=0) seem to have been set. `min_new_tokens` will take precedence. Please refer to the documentation for more information. (https://huggingface.co/docs/transformers/main/en/main_classes/text_generation)
{"encoder_tokens": 130, "input_view": "typed_contract_only", "max_token_completions": 0, "task": 163, "task_id": "sigless_dd676587e3c2", "tasks": 175}
[transformers] Both `min_new_tokens` (=0) and `min_length`(=0) seem to have been set. `min_new_tokens` will take precedence. Please refer to the documentation for more information. (https://huggingface.co/docs/transformers/main/en/main_classes/text_generation)
{"encoder_tokens": 127, "input_view": "typed_contract_only", "max_token_completions": 0, "task": 164, "task_id": "sigless_4cb006480238", "tasks": 175}
[transformers] Both `min_new_tokens` (=0) and `min_length`(=0) seem to have been set. `min_new_tokens` will take precedence. Please refer to the documentation for more information. (https://huggingface.co/docs/transformers/main/en/main_classes/text_generation)
{"encoder_tokens": 134, "input_view": "typed_contract_only", "max_token_completions": 0, "task": 165, "task_id": "sigless_adc978f7e65b", "tasks": 175}
[transformers] Both `min_new_tokens` (=0) and `min_length`(=0) seem to have been set. `min_new_tokens` will take precedence. Please refer to the documentation for more information. (https://huggingface.co/docs/transformers/main/en/main_classes/text_generation)
{"encoder_tokens": 126, "input_view": "typed_contract_only", "max_token_completions": 0, "task": 166, "task_id": "sigless_7e997d06e5bd", "tasks": 175}
[transformers] Both `min_new_tokens` (=0) and `min_length`(=0) seem to have been set. `min_new_tokens` will take precedence. Please refer to the documentation for more information. (https://huggingface.co/docs/transformers/main/en/main_classes/text_generation)
{"encoder_tokens": 123, "input_view": "typed_contract_only", "max_token_completions": 0, "task": 167, "task_id": "sigless_edd7ed243c48", "tasks": 175}
[transformers] Both `min_new_tokens` (=0) and `min_length`(=0) seem to have been set. `min_new_tokens` will take precedence. Please refer to the documentation for more information. (https://huggingface.co/docs/transformers/main/en/main_classes/text_generation)
{"encoder_tokens": 127, "input_view": "typed_contract_only", "max_token_completions": 0, "task": 168, "task_id": "sigless_b721d6a533f8", "tasks": 175}
[transformers] Both `min_new_tokens` (=0) and `min_length`(=0) seem to have been set. `min_new_tokens` will take precedence. Please refer to the documentation for more information. (https://huggingface.co/docs/transformers/main/en/main_classes/text_generation)
{"encoder_tokens": 137, "input_view": "typed_contract_only", "max_token_completions": 0, "task": 169, "task_id": "sigless_bcb6f4de3081", "tasks": 175}
[transformers] Both `min_new_tokens` (=0) and `min_length`(=0) seem to have been set. `min_new_tokens` will take precedence. Please refer to the documentation for more information. (https://huggingface.co/docs/transformers/main/en/main_classes/text_generation)
{"encoder_tokens": 132, "input_view": "typed_contract_only", "max_token_completions": 0, "task": 170, "task_id": "sigless_fe5faa93760d", "tasks": 175}
[transformers] Both `min_new_tokens` (=0) and `min_length`(=0) seem to have been set. `min_new_tokens` will take precedence. Please refer to the documentation for more information. (https://huggingface.co/docs/transformers/main/en/main_classes/text_generation)
{"encoder_tokens": 130, "input_view": "typed_contract_only", "max_token_completions": 0, "task": 171, "task_id": "sigless_d59fd5c25caf", "tasks": 175}
[transformers] Both `min_new_tokens` (=0) and `min_length`(=0) seem to have been set. `min_new_tokens` will take precedence. Please refer to the documentation for more information. (https://huggingface.co/docs/transformers/main/en/main_classes/text_generation)
{"encoder_tokens": 137, "input_view": "typed_contract_only", "max_token_completions": 0, "task": 172, "task_id": "sigless_bf3de39765c8", "tasks": 175}
[transformers] Both `min_new_tokens` (=0) and `min_length`(=0) seem to have been set. `min_new_tokens` will take precedence. Please refer to the documentation for more information. (https://huggingface.co/docs/transformers/main/en/main_classes/text_generation)
{"encoder_tokens": 126, "input_view": "typed_contract_only", "max_token_completions": 0, "task": 173, "task_id": "sigless_b885d1ba1001", "tasks": 175}
[transformers] Both `min_new_tokens` (=0) and `min_length`(=0) seem to have been set. `min_new_tokens` will take precedence. Please refer to the documentation for more information. (https://huggingface.co/docs/transformers/main/en/main_classes/text_generation)
{"encoder_tokens": 137, "input_view": "typed_contract_only", "max_token_completions": 0, "task": 174, "task_id": "sigless_3af6f6ae5576", "tasks": 175}
[transformers] Both `min_new_tokens` (=0) and `min_length`(=0) seem to have been set. `min_new_tokens` will take precedence. Please refer to the documentation for more information. (https://huggingface.co/docs/transformers/main/en/main_classes/text_generation)
{"encoder_tokens": 123, "input_view": "typed_contract_only", "max_token_completions": 0, "task": 175, "task_id": "sigless_54c0d3ca981f", "tasks": 175}
{"input_view": "typed_contract_only", "max_token_completions": 0, "output": "/workspace/artifacts/t5gemma2_contract_only_control_v1/full/typed_contract_only_seed43_k10_predictions.json", "output_sha256": "306d9b22d7480d9bc4ad94612e902296d5085d93990eaa90e2b5e121bb59dd96", "rows": 175, "samples": 1750}
PASSK_RESULT tasks=175 pass@1=1/175=0.0057 pass@10=3/175=0.0171 compile@10=174/175=0.9943
{"baseline": {"42": {"candidate_level": {"candidates": 1750, "compiled": {"count": 588, "rate": 0.336}, "diagnostic_candidate_counts": {"arity_or_parameter_shape": 667, "arity_or_type_union": 1081, "type": 545}, "diagnostic_taxonomy": {"arity_regex": "too (?:many|few) positional arguments|positional arguments?:|required named parameter|no named parameter|missing required argument", "type_regex": "(?:argument|value) of type .+ can't be assigned|the argument type|is not a subtype|isn't a type|return type"}, "passed": {"count": 15, "rate": 0.008571428571428572}}, "diversity": {"histogram": {"10": 174, "9": 1}, "mean_distinct_per_k": 9.994285714285715, "tasks_below_k": 1}, "max_token_completions": 7, "metrics": {"compile_at_k": {"count": 124, "rate": 0.7085714285714285}, "pass_at_1": {"count": 2, "rate": 0.011428571428571429}, "pass_at_k": {"count": 7, "rate": 0.04}}, "predictions_sha256": "16f27a9d96df73e4e5c3e4f43ced4cd3b46574bf3dc9cceb5beadb382c76e14d", "score_sha256": "e98d2f7dea3d12a17a4287d77ba324b48e50bff0ba3ca62c765bd85349b43334"}, "43": {"candidate_level": {"candidates": 1750, "compiled": {"count": 572, "rate": 0.32685714285714285}, "diagnostic_candidate_counts": {"arity_or_parameter_shape": 700, "arity_or_type_union": 1110, "type": 579}, "diagnostic_taxonomy": {"arity_regex": "too (?:many|few) positional arguments|positional arguments?:|required named parameter|no named parameter|missing required argument", "type_regex": "(?:argument|value) of type .+ can't be assigned|the argument type|is not a subtype|isn't a type|return type"}, "passed": {"count": 13, "rate": 0.0074285714285714285}}, "diversity": {"histogram": {"10": 171, "8": 1, "9": 3}, "mean_distinct_per_k": 9.971428571428572, "tasks_below_k": 4}, "max_token_completions": 7, "metrics": {"compile_at_k": {"count": 125, "rate": 0.7142857142857143}, "pass_at_1": {"count": 2, "rate": 0.011428571428571429}, "pass_at_k": {"count": 7, "rate": 0.04}}, "predictions_sha256": "1f4d735e62629a19f2807316b631531c5d76928567e3c647ed38386297204e4b", "score_sha256": "77635e05aba3147abc63872216df522651b99cda6297e2f6fc99e8cdcb38f086"}}, "checkpoint_files": {"adapter/adapter_config.json": "c21ee4458e7c9fe1321337ce22409ee2a03dfe37299c25cfc7c468a490ffb4c3", "adapter/adapter_model.safetensors": "83d8152edc7236a144fcb7b321f03c4dc5fcf90a1e866fa334338938ee0bdcdc", "run_contract.json": "562c3da5f89428e6a7263ad8ec79dde9c8b6eb25c77949606277d7d80aecea4f", "tokenizer/tokenizer.json": "f5b325224482ec441ec5fbe2a5ac08c3758e0f9605f6e54368e31f736fcfb01d"}, "dependencies": {"exact_exited_handoff_attestation": {"path": "/workspace/artifacts/t5gemma2_contract_only_control_v1/handoff_attestation.json", "sha256": "6573a32e90faec3d687590f838f03e086167c068859d8b5fc13b98d0c5b4c98e"}, "inference_script_sha256": "5d2be4cfe440a58bf00955c9914c814331d5cebf44ce51c32a575d7b82baec21", "input_builder_script_sha256": "f85febc38ce0f4c3ca2388c5d2ed0814c40be9dedb6a9fb28f12a5bbfdf693b6", "input_view_record_sha256": "feb476495bcdd9317c1cf9e25de8f098f990fc271ffeac2eebe08923f0b6c84e", "predecessor_multiseed_report": {"path": "/workspace/artifacts/t5gemma2_f2_intervention_multiseed_v1/intervention_multiseed_report.json", "sha256": "17645716115052bb48a906a4c7231c76ec28a9d7b66dc55bc53e669e990bee63"}, "preregistration": {"path": "/workspace/analysis_contract_only_control/preregistration.json", "sha256": "6fb32366b8713e0f2594447e503ff0fbb5241e978b81fcd8b3b85422001c9984"}, "runtime_compatibility": {"path": "/workspace/artifacts/t5gemma2_f2_intervention_multiseed_v1/runtime_compatibility/runtime_compatibility.json", "sha256": "f576e510121e03e427b9b045ec516b70f1152b6180c8ee87fe34e81d9c7dd494"}, "scoring_admission_wrapper_sha256": "de1ef83061c855dbbc30035103e4acea98620186e57f504a1ca92afdb7e300ae", "sealed_inputs": {"dataset_seal_sha256": "5c3497a9de1d6a478c3d3f104c3942ba4cec03272f82dc12ff8b1e99ed7c1e4a", "dataset_sha256": "abc8499f6984d8503fa71855021893bb1aba0c655fb744e55e6c41708b8edce7", "f2_manifest_sha256": "777078c9ba759f45db8908b44990306e4fa403c0bd3b825546029ea7bd49ef44", "f2_sha256": "6ba98eb496af2ef36ca1a0d460bf6e64b715c42f0b9216c64b4a8fc300ccffab"}, "smoke_replay_gate": {"path": "/workspace/artifacts/t5gemma2_contract_only_control_v1/smoke/smoke_to_full_seed42_replay_gate.json", "sha256": "84dcf277336215cfe698335af43b0618901d9ec2e419a00d6eafd6f95e830ad4"}, "unchanged_base_inference_sha256": "30afdd256ccd2c5dd1c1482bbabf5f99f13029a68da70aeff75a57897167be4d", "unchanged_stock_scorer_sha256": "a425b5669f62e7b259a648b97097213f7738c0e7cd2905547011e2c968d0466b"}, "design": {"checkpoint": "original_enriched_sft_optstep348", "f2_exposed_to_model": false, "fresh_full_seed_count": 2, "fresh_full_seeds": [42, 43], "gold_derived_oracle_control": true, "input_view_identical_across_seeds": true, "k": 10, "no_training_or_checkpoint_write": true, "same_seed_sample_coordinates_paired": true, "smoke_candidate_slots": 50, "smoke_tasks": 5, "tasks_per_full_seed": 175, "tests_exposed_to_model": false}, "limitations": {"n_two_uncertainty": "Only two fresh full seeds are reported; sample SD is descriptive and no cross-seed equivalence claim is made.", "oracle_caveat": "This is a gold-derived oracle control: it bounds what a perfect type-and-arity recovery front-end could provide, and is not a deployable binary-decompilation result because no type-recovery front-end is evaluated.", "out_of_distribution_caveat": "The empty-binary condition is out of distribution for this frozen policy. A performance drop establishes dependence on the task-specific binary-channel condition; by itself it does not prove semantic decoding of F2.", "semantic_decoding_proven_by_this_control_alone": false}, "preregistered_interpretation_gate": {"compile_at_10_at_least_160_each_seed": true, "compile_equivalence_claimed": false, "defensible_claim": "Contract-only correctness exceeded the preregistered floor in at least one seed; re-interpret the typed-contract result for substantial type or benchmark-prior performance before submission.", "interpretation_class": "substantial_type_or_benchmark_prior_performance", "pass_at_10_at_most_3_each_seed": false, "semantic_decoding_claimed": false, "strong_high_compile_low_pass_pattern": false, "typed_plus_f2_correctness_advantage_each_seed": true, "typed_plus_f2_pass_at_10_mcnemar_p_le_0_05_each_seed": false}, "rank0_gold_roundtrip": {"passed": 175, "path": "/workspace/artifacts/t5gemma2_f2_measurement_audit_v1/gold_roundtrip/gold_k1_score.json", "sha256": "3bc3415fb74a613b2da51199f96818f966b4de716b002aa076ec6884f1ab4d1a", "tasks": 175}, "schema": "t5gemma2-contract-only-two-seed-report-v1", "script_sha256": "7f1d518eabad3cc016491c61f76441aa51d6897f93c3ec1613933248b0d09d07", "status": "complete", "typed_contract_only": {"count_distributions": {"compile_at_k": {"maximum": 175, "mean": 174.5, "minimum": 174, "n": 2, "sample_sd": 0.7071067811865476, "values": [175, 174]}, "pass_at_1": {"maximum": 1, "mean": 1, "minimum": 1, "n": 2, "sample_sd": 0.0, "values": [1, 1]}, "pass_at_k": {"maximum": 5, "mean": 4, "minimum": 3, "n": 2, "sample_sd": 1.4142135623730951, "values": [5, 3]}}, "distinct_per_k_distribution": {"maximum": 9.971428571428572, "mean": 9.96, "minimum": 9.948571428571428, "n": 2, "sample_sd": 0.016162440712835565, "values": [9.948571428571428, 9.971428571428572]}, "seeds": {"42": {"candidate_level": {"candidates": 1750, "compiled": {"count": 1559, "rate": 0.8908571428571429}, "diagnostic_candidate_counts": {"arity_or_parameter_shape": 54, "arity_or_type_union": 177, "type": 133}, "diagnostic_taxonomy": {"arity_regex": "too (?:many|few) positional arguments|positional arguments?:|required named parameter|no named parameter|missing required argument", "type_regex": "(?:argument|value) of type .+ can't be assigned|the argument type|is not a subtype|isn't a type|return type"}, "passed": {"count": 10, "rate": 0.005714285714285714}}, "diversity": {"histogram": {"10": 167, "8": 1, "9": 7}, "mean_distinct_per_k": 9.948571428571428, "tasks_below_k": 8}, "max_token_completions": 1, "metrics": {"compile_at_k": {"count": 175, "rate": 1.0}, "pass_at_1": {"count": 1, "rate": 0.005714285714285714}, "pass_at_k": {"count": 5, "rate": 0.02857142857142857}}, "paired_vs_same_seed_baseline": {"compile_at_k": {"discordant": 51, "equal": 124, "exact_two_sided_p": 8.881784197001252e-16, "left_count": 175, "left_only": 51, "right_count": 124, "right_only": 0}, "orientation": "left=typed_contract_only,right=comparator", "pass_at_1": {"discordant": 1, "equal": 174, "exact_two_sided_p": 1.0, "left_count": 1, "left_only": 0, "right_count": 2, "right_only": 1}, "pass_at_k": {"discordant": 10, "equal": 165, "exact_two_sided_p": 0.75390625, "left_count": 5, "left_only": 4, "right_count": 7, "right_only": 6}}, "paired_vs_same_seed_typed_plus_f2": {"compile_at_k": {"discordant": 5, "equal": 170, "exact_two_sided_p": 0.0625, "left_count": 175, "left_only": 5, "right_count": 170, "right_only": 0}, "orientation": "left=typed_contract_only,right=comparator", "pass_at_1": {"discordant": 3, "equal": 172, "exact_two_sided_p": 1.0, "left_count": 1, "left_only": 1, "right_count": 2, "right_only": 2}, "pass_at_k": {"discordant": 11, "equal": 164, "exact_two_sided_p": 0.2265625, "left_count": 5, "left_only": 3, "right_count": 10, "right_only": 8}}, "predictions_sha256": "bc7b8a1de73a4369f18fd5192816c0ff0ac56524c4b98c4733cd02a7973b0395", "score_sha256": "b6aeaa4a9628eaddb2a1df8c93c4ca0539bd248618c3ce1100e91362369e374f"}, "43": {"candidate_level": {"candidates": 1750, "compiled": {"count": 1567, "rate": 0.8954285714285715}, "diagnostic_candidate_counts": {"arity_or_parameter_shape": 51, "arity_or_type_union": 167, "type": 121}, "diagnostic_taxonomy": {"arity_regex": "too (?:many|few) positional arguments|positional arguments?:|required named parameter|no named parameter|missing required argument", "type_regex": "(?:argument|value) of type .+ can't be assigned|the argument type|is not a subtype|isn't a type|return type"}, "passed": {"count": 10, "rate": 0.005714285714285714}}, "diversity": {"histogram": {"10": 171, "8": 1, "9": 3}, "mean_distinct_per_k": 9.971428571428572, "tasks_below_k": 4}, "max_token_completions": 0, "metrics": {"compile_at_k": {"count": 174, "rate": 0.9942857142857143}, "pass_at_1": {"count": 1, "rate": 0.005714285714285714}, "pass_at_k": {"count": 3, "rate": 0.017142857142857144}}, "paired_vs_same_seed_baseline": {"compile_at_k": {"discordant": 49, "equal": 126, "exact_two_sided_p": 3.552713678800501e-15, "left_count": 174, "left_only": 49, "right_count": 125, "right_only": 0}, "orientation": "left=typed_contract_only,right=comparator", "pass_at_1": {"discordant": 3, "equal": 172, "exact_two_sided_p": 1.0, "left_count": 1, "left_only": 1, "right_count": 2, "right_only": 2}, "pass_at_k": {"discordant": 8, "equal": 167, "exact_two_sided_p": 0.2890625, "left_count": 3, "left_only": 2, "right_count": 7, "right_only": 6}}, "paired_vs_same_seed_typed_plus_f2": {"compile_at_k": {"discordant": 6, "equal": 169, "exact_two_sided_p": 0.21875, "left_count": 174, "left_only": 5, "right_count": 170, "right_only": 1}, "orientation": "left=typed_contract_only,right=comparator", "pass_at_1": {"discordant": 2, "equal": 173, "exact_two_sided_p": 0.5, "left_count": 1, "left_only": 0, "right_count": 3, "right_only": 2}, "pass_at_k": {"discordant": 11, "equal": 164, "exact_two_sided_p": 0.01171875, "left_count": 3, "left_only": 1, "right_count": 12, "right_only": 10}}, "predictions_sha256": "306d9b22d7480d9bc4ad94612e902296d5085d93990eaa90e2b5e121bb59dd96", "score_sha256": "0860f866ea1a1f9aea732ef157bd71bdff73d26cdbb9acffd9af350b14d163ad"}}}, "typed_plus_f2": {"42": {"candidate_level": {"candidates": 1750, "compiled": {"count": 1332, "rate": 0.7611428571428571}, "diagnostic_candidate_counts": {"arity_or_parameter_shape": 99, "arity_or_type_union": 312, "type": 221}, "diagnostic_taxonomy": {"arity_regex": "too (?:many|few) positional arguments|positional arguments?:|required named parameter|no named parameter|missing required argument", "type_regex": "(?:argument|value) of type .+ can't be assigned|the argument type|is not a subtype|isn't a type|return type"}, "passed": {"count": 24, "rate": 0.013714285714285714}}, "diversity": {"histogram": {"10": 172, "9": 3}, "mean_distinct_per_k": 9.982857142857142, "tasks_below_k": 3}, "max_token_completions": 13, "metrics": {"compile_at_k": {"count": 170, "rate": 0.9714285714285714}, "pass_at_1": {"count": 2, "rate": 0.011428571428571429}, "pass_at_k": {"count": 10, "rate": 0.05714285714285714}}, "predictions_sha256": "b6f44467270b00f4af2bac924485bd6d66ab3e6f5af1e0482924a3007f5c95d1", "score_sha256": "e5f4e5ad6aeec730aac4ebfa593efe1ea735fac71c157ed8c73887332bf89f83"}, "43": {"candidate_level": {"candidates": 1750, "compiled": {"count": 1313, "rate": 0.7502857142857143}, "diagnostic_candidate_counts": {"arity_or_parameter_shape": 98, "arity_or_type_union": 333, "type": 243}, "diagnostic_taxonomy": {"arity_regex": "too (?:many|few) positional arguments|positional arguments?:|required named parameter|no named parameter|missing required argument", "type_regex": "(?:argument|value) of type .+ can't be assigned|the argument type|is not a subtype|isn't a type|return type"}, "passed": {"count": 25, "rate": 0.014285714285714285}}, "diversity": {"histogram": {"10": 173, "9": 2}, "mean_distinct_per_k": 9.98857142857143, "tasks_below_k": 2}, "max_token_completions": 8, "metrics": {"compile_at_k": {"count": 170, "rate": 0.9714285714285714}, "pass_at_1": {"count": 3, "rate": 0.017142857142857144}, "pass_at_k": {"count": 12, "rate": 0.06857142857142857}}, "predictions_sha256": "15e522941c2d595d7a38147717f9223ee3a33918dd0f8fb91a400c8f3df315d5", "score_sha256": "4d04d32fd51b51374cd573a11ac75cc567dcd76c83efa46a3dbee973c1acf04a"}}}
T5GEMMA_CONTRACT_ONLY_COMPLETE output=/workspace/artifacts/t5gemma2_contract_only_control_v1/contract_only_two_seed_report.json
