Waiting for qwen3-8b-base_lora_enc_dec_r64_5e6_gcb_a128_graphv2_clean_s42_prefix_no_gine: elapsed=0.07 h; checking again in 120s
Waiting for qwen3-8b-base_lora_enc_dec_r64_5e6_gcb_a128_graphv2_clean_s42_prefix_no_gine: elapsed=0.10 h; checking again in 120s
Waiting for qwen3-8b-base_lora_enc_dec_r64_5e6_gcb_a128_graphv2_clean_s42_prefix_no_gine: elapsed=0.13 h; checking again in 120s
Waiting for qwen3-8b-base_lora_enc_dec_r64_5e6_gcb_a128_graphv2_clean_s42_prefix_no_gine: elapsed=0.17 h; checking again in 120s
Waiting for qwen3-8b-base_lora_enc_dec_r64_5e6_gcb_a128_graphv2_clean_s42_prefix_no_gine: elapsed=0.20 h; checking again in 120s
Waiting for qwen3-8b-base_lora_enc_dec_r64_5e6_gcb_a128_graphv2_clean_s42_prefix_no_gine: elapsed=0.23 h; checking again in 120s
Waiting for qwen3-8b-base_lora_enc_dec_r64_5e6_gcb_a128_graphv2_clean_s42_prefix_no_gine: elapsed=0.27 h; checking again in 120s
Waiting for qwen3-8b-base_lora_enc_dec_r64_5e6_gcb_a128_graphv2_clean_s42_prefix_no_gine: elapsed=0.30 h; checking again in 120s
Waiting for qwen3-8b-base_lora_enc_dec_r64_5e6_gcb_a128_graphv2_clean_s42_prefix_no_gine: elapsed=0.33 h; checking again in 120s
Dependency result is complete: qwen3-8b-base_lora_enc_dec_r64_5e6_gcb_a128_graphv2_clean_s42_prefix_no_gine

=== x86_repeat_s43_signature_only (estimate 1.10 h) ===
/venv/main/bin/python /workspace/configs/run_sweeps_antigravity.py --experiment qwen3-8b-base_lora_enc_dec_r16_5e6_gcb --encoder gcb --max_risk high --hardware_profile rtx6000 --force_rerun --decoder_revision b968826d9c46dd6066d109eabc6255188de91218 --encoder_revision 2b0488a7bb0eefc7041f1bb2cad1ab26b0da269d --seed 43 --train_file data/datasets/dart_all_graphv2_train.jsonl --eval_file data/datasets/dart_all_graphv2_validation.jsonl --compile_dataset data/testing/grpo_data_graphv2.jsonl --pass_dataset data/testing/grpo_data_graphv2.jsonl --compile_mode jit_tests --epochs 4 --sft_lr 5e-6 --lora_r 64 --lora_alpha 128 --load_4bit 0 --attn_implementation sdpa --gradient_checkpointing 1 --train_batch_size 4 --grad_accum 16 --qwen_prefix_gate_init 0.2 --qwen_prefix_gate_mode token --qwen_prefix_rms_match 1 --decoder_prompt_max_length 2048 --prompt_fit_assembly 1 --auto_cfg 0 --max_block_instrs 20 --position_scheme roberta --causal_position_ids cumsum --use_reasoning 0 --eval_max_new_tokens 768 --generation_batch_size 10 --num_samples 10 --pass_num_samples 10 --metric_workers 64 --save_strategy no --save_total_limit 1 --gnn_layers 4 --global_attention_ablation full --name_suffix _graphv2_clean_s43_signature_only --qwen_prefix_tokens 0 --qwen_prefix_dynamic 0 --qwen_prefix_min_tokens 4 --qwen_prefix_tokens_per_log2 4 --prompt_assembly_mode none --prompt_fit_assembly 0 --prompt_clean_asm 0 --dfg_mode off --edge_ablation none --gnn_ablation identity --add_reverse_edges 1 --block_position_mode sinusoidal --skip_training --hf_repo raafatabualazm/antigravity-qwen3-8b-artifacts --hf_private 1 --hf_upload_checkpoints 1
CLI overrides applied to all sweeps: epochs=4, lora_r=64, lora_alpha=128

>>> Stage: SFT for qwen3-8b-base_lora_enc_dec_r64_5e6_gcb_a128_graphv2_clean_s43_signature_only

==================================================
RUNNING EXPERIMENT: qwen3-8b-base_lora_enc_dec_r64_5e6_gcb_a128_graphv2_clean_s43_signature_only
Decoder: Qwen/Qwen3-8B
Encoder PEFT: lora | Decoder PEFT: lora
LR: 5e-6 | Epochs: 4
OOM Risk (on 6GB VRAM): HIGH
Training Mode: SFT (Supervised Fine-Tuning)
==================================================

Dynamic Batch Size: 4 | Grad Accum: 16 | LoRA R: 64 | Alpha: 128 | Qwen prefix tokens: 0 | Qwen gate init: 0.2 | Qwen gate mode: token | Dynamic prefix: 0 [4, 4/log2] | Prefix RMS match: 1 | Prompt tokens: 2048 | Reasoning: 0 | Attention: sdpa | Grad ckpt: 1
Graph channel: dfg_mode=off | edge_ablation=none | gnn_ablation=identity | gnn_layers=4 | global_attention=full | reverse_edges=1 | block_positions=sinusoidal | position_scheme=roberta | causal_position_ids=cumsum | grpo_train_graph_glue=1 | auto_cfg=0
Skipping training; evaluating existing checkpoint: /workspace/artifacts/qwen3-8b-base_lora_enc_dec_r64_5e6_gcb_a128_graphv2_clean_s43_signature_only/pytorch_model.bin
No checkpoint found at /workspace/artifacts/qwen3-8b-base_lora_enc_dec_r64_5e6_gcb_a128_graphv2_clean_s43_signature_only/pytorch_model.bin; evaluating the base decoder/encoder without PEFT adapters.

Running multi-sample inference for legacy compile/CodeBLEU tasks...

Loading weights:   0%|          | 0/197 [00:00<?, ?it/s]
Loading weights: 100%|██████████| 197/197 [00:00<00:00, 3045.20it/s]
Decoder attention implementation: sdpa

Loading weights:   0%|          | 0/399 [00:00<?, ?it/s]
Loading weights:  68%|██████▊   | 271/399 [00:00<00:00, 2708.58it/s]
Loading weights: 100%|██████████| 399/399 [00:00<00:00, 3696.35it/s]
Enabled decoder gradient checkpointing.
Qwen graph prefix DISABLED (GRAPH_QWEN_PREFIX_TOKENS=0): text-only decoder; graph encoder compute skipped.
Inference mode: decoder gradient checkpointing OFF; KV cache ON

generate:   0%|          | 0/154 [00:00<?, ?row/s]
                                                  
[1/154] generated 10 candidates

generate:   0%|          | 0/154 [00:42<?, ?row/s]
generate:   1%|          | 1/154 [00:42<1:47:08, 42.02s/row]
                                                            
[2/154] generated 10 candidates

generate:   1%|          | 1/154 [01:25<1:47:08, 42.02s/row]
generate:   1%|▏         | 2/154 [01:25<1:48:09, 42.69s/row]
                                                            
[3/154] generated 10 candidates

generate:   1%|▏         | 2/154 [02:09<1:48:09, 42.69s/row]
generate:   2%|▏         | 3/154 [02:09<1:49:02, 43.33s/row]
                                                            
[4/154] generated 10 candidates

generate:   2%|▏         | 3/154 [02:53<1:49:02, 43.33s/row]
generate:   3%|▎         | 4/154 [02:53<1:49:13, 43.69s/row]
                                                            
[5/154] generated 10 candidates

generate:   3%|▎         | 4/154 [03:37<1:49:13, 43.69s/row]
generate:   3%|▎         | 5/154 [03:37<1:48:51, 43.84s/row]
                                                            
[6/154] generated 10 candidates

generate:   3%|▎         | 5/154 [03:43<1:48:51, 43.84s/row]
generate:   4%|▍         | 6/154 [03:43<1:16:01, 30.82s/row]
                                                            
[7/154] generated 10 candidates

generate:   4%|▍         | 6/154 [04:27<1:16:01, 30.82s/row]
generate:   5%|▍         | 7/154 [04:27<1:26:07, 35.15s/row]
                                                            
[8/154] generated 10 candidates

generate:   5%|▍         | 7/154 [05:11<1:26:07, 35.15s/row]
generate:   5%|▌         | 8/154 [05:11<1:32:27, 37.99s/row]
                                                            
[9/154] generated 10 candidates

generate:   5%|▌         | 8/154 [05:48<1:32:27, 37.99s/row]
generate:   6%|▌         | 9/154 [05:48<1:31:33, 37.88s/row]
                                                            
[10/154] generated 10 candidates

generate:   6%|▌         | 9/154 [06:33<1:31:33, 37.88s/row]
generate:   6%|▋         | 10/154 [06:33<1:35:32, 39.81s/row]
                                                             
[11/154] generated 10 candidates

generate:   6%|▋         | 10/154 [07:17<1:35:32, 39.81s/row]
generate:   7%|▋         | 11/154 [07:17<1:38:01, 41.13s/row]
                                                             
[12/154] generated 10 candidates

generate:   7%|▋         | 11/154 [08:01<1:38:01, 41.13s/row]
generate:   8%|▊         | 12/154 [08:01<1:39:30, 42.04s/row]
                                                             
[13/154] generated 10 candidates

generate:   8%|▊         | 12/154 [08:45<1:39:30, 42.04s/row]
generate:   8%|▊         | 13/154 [08:45<1:40:16, 42.67s/row]
                                                             
[14/154] generated 10 candidates

generate:   8%|▊         | 13/154 [09:29<1:40:16, 42.67s/row]
generate:   9%|▉         | 14/154 [09:29<1:40:30, 43.07s/row]
                                                             
[15/154] generated 10 candidates

generate:   9%|▉         | 14/154 [10:13<1:40:30, 43.07s/row]
generate:  10%|▉         | 15/154 [10:13<1:40:31, 43.39s/row]
                                                             
[16/154] generated 10 candidates

generate:  10%|▉         | 15/154 [10:57<1:40:31, 43.39s/row]
generate:  10%|█         | 16/154 [10:57<1:40:18, 43.61s/row]
                                                             
[17/154] generated 10 candidates

generate:  10%|█         | 16/154 [11:41<1:40:18, 43.61s/row]
generate:  11%|█         | 17/154 [11:41<1:39:55, 43.76s/row]
                                                             
[18/154] generated 10 candidates

generate:  11%|█         | 17/154 [12:25<1:39:55, 43.76s/row]
generate:  12%|█▏        | 18/154 [12:25<1:39:25, 43.87s/row]
                                                             
[19/154] generated 10 candidates

generate:  12%|█▏        | 18/154 [13:10<1:39:25, 43.87s/row]
generate:  12%|█▏        | 19/154 [13:10<1:38:53, 43.95s/row]
                                                             
[20/154] generated 10 candidates

generate:  12%|█▏        | 19/154 [13:54<1:38:53, 43.95s/row]
generate:  13%|█▎        | 20/154 [13:54<1:38:16, 44.01s/row]
                                                             
[21/154] generated 10 candidates

generate:  13%|█▎        | 20/154 [14:38<1:38:16, 44.01s/row]
generate:  14%|█▎        | 21/154 [14:38<1:37:40, 44.06s/row]
                                                             
[22/154] generated 10 candidates

generate:  14%|█▎        | 21/154 [15:22<1:37:40, 44.06s/row]
generate:  14%|█▍        | 22/154 [15:22<1:36:59, 44.08s/row]
                                                             
[23/154] generated 10 candidates

generate:  14%|█▍        | 22/154 [15:56<1:36:59, 44.08s/row]
generate:  15%|█▍        | 23/154 [15:56<1:29:38, 41.06s/row]
                                                             
[24/154] generated 10 candidates

generate:  15%|█▍        | 23/154 [16:40<1:29:38, 41.06s/row]
generate:  16%|█▌        | 24/154 [16:40<1:30:57, 41.98s/row]
                                                             
[25/154] generated 10 candidates

generate:  16%|█▌        | 24/154 [17:21<1:30:57, 41.98s/row]
generate:  16%|█▌        | 25/154 [17:21<1:29:37, 41.69s/row]
                                                             
[26/154] generated 10 candidates

generate:  16%|█▌        | 25/154 [17:44<1:29:37, 41.69s/row]
generate:  17%|█▋        | 26/154 [17:44<1:16:53, 36.04s/row]
                                                             
[27/154] generated 10 candidates

generate:  17%|█▋        | 26/154 [17:50<1:16:53, 36.04s/row]
generate:  18%|█▊        | 27/154 [17:50<57:04, 26.97s/row]  
                                                           
[28/154] generated 10 candidates

generate:  18%|█▊        | 27/154 [18:34<57:04, 26.97s/row]
generate:  18%|█▊        | 28/154 [18:34<1:07:26, 32.11s/row]
                                                             
[29/154] generated 10 candidates

generate:  18%|█▊        | 28/154 [19:17<1:07:26, 32.11s/row]
generate:  19%|█▉        | 29/154 [19:17<1:13:54, 35.48s/row]
                                                             
[30/154] generated 10 candidates

generate:  19%|█▉        | 29/154 [20:00<1:13:54, 35.48s/row]
generate:  19%|█▉        | 30/154 [20:00<1:17:34, 37.54s/row]
                                                             
[31/154] generated 10 candidates

generate:  19%|█▉        | 30/154 [20:44<1:17:34, 37.54s/row]
generate:  20%|██        | 31/154 [20:44<1:20:59, 39.51s/row]
                                                             
[32/154] generated 10 candidates

generate:  20%|██        | 31/154 [21:27<1:20:59, 39.51s/row]
generate:  21%|██        | 32/154 [21:27<1:22:39, 40.65s/row]
                                                             
[33/154] generated 10 candidates

generate:  21%|██        | 32/154 [22:11<1:22:39, 40.65s/row]
generate:  21%|██▏       | 33/154 [22:11<1:24:04, 41.69s/row]
                                                             
[34/154] generated 10 candidates

generate:  21%|██▏       | 33/154 [22:55<1:24:04, 41.69s/row]
generate:  22%|██▏       | 34/154 [22:55<1:24:49, 42.41s/row]
                                                             
[35/154] generated 10 candidates

generate:  22%|██▏       | 34/154 [23:39<1:24:49, 42.41s/row]
generate:  23%|██▎       | 35/154 [23:39<1:25:08, 42.92s/row]
                                                             
[36/154] generated 10 candidates

generate:  23%|██▎       | 35/154 [24:24<1:25:08, 42.92s/row]
generate:  23%|██▎       | 36/154 [24:24<1:25:08, 43.29s/row]
                                                             
[37/154] generated 10 candidates

generate:  23%|██▎       | 36/154 [25:08<1:25:08, 43.29s/row]
generate:  24%|██▍       | 37/154 [25:08<1:24:54, 43.54s/row]
                                                             
[38/154] generated 10 candidates

generate:  24%|██▍       | 37/154 [25:52<1:24:54, 43.54s/row]
generate:  25%|██▍       | 38/154 [25:52<1:24:30, 43.71s/row]
                                                             
[39/154] generated 10 candidates

generate:  25%|██▍       | 38/154 [26:36<1:24:30, 43.71s/row]
generate:  25%|██▌       | 39/154 [26:36<1:24:00, 43.83s/row]
                                                             
[40/154] generated 10 candidates

generate:  25%|██▌       | 39/154 [27:20<1:24:00, 43.83s/row]
generate:  26%|██▌       | 40/154 [27:20<1:23:26, 43.92s/row]
                                                             
[41/154] generated 10 candidates

generate:  26%|██▌       | 40/154 [28:04<1:23:26, 43.92s/row]
generate:  27%|██▋       | 41/154 [28:04<1:22:50, 43.98s/row]
                                                             
[42/154] generated 10 candidates

generate:  27%|██▋       | 41/154 [28:48<1:22:50, 43.98s/row]
generate:  27%|██▋       | 42/154 [28:48<1:22:11, 44.03s/row]
                                                             
[43/154] generated 10 candidates

generate:  27%|██▋       | 42/154 [29:32<1:22:11, 44.03s/row]
generate:  28%|██▊       | 43/154 [29:32<1:21:31, 44.07s/row]
                                                             
[44/154] generated 10 candidates

generate:  28%|██▊       | 43/154 [30:17<1:21:31, 44.07s/row]
generate:  29%|██▊       | 44/154 [30:17<1:20:49, 44.09s/row]
                                                             
[45/154] generated 10 candidates

generate:  29%|██▊       | 44/154 [31:01<1:20:49, 44.09s/row]
generate:  29%|██▉       | 45/154 [31:01<1:20:07, 44.11s/row]
                                                             
[46/154] generated 10 candidates

generate:  29%|██▉       | 45/154 [31:45<1:20:07, 44.11s/row]
generate:  30%|██▉       | 46/154 [31:45<1:19:26, 44.13s/row]
                                                             
[47/154] generated 10 candidates

generate:  30%|██▉       | 46/154 [32:29<1:19:26, 44.13s/row]
generate:  31%|███       | 47/154 [32:29<1:18:42, 44.14s/row]
                                                             
[48/154] generated 10 candidates

generate:  31%|███       | 47/154 [33:13<1:18:42, 44.14s/row]
generate:  31%|███       | 48/154 [33:13<1:17:58, 44.14s/row]
                                                             
[49/154] generated 10 candidates

generate:  31%|███       | 48/154 [33:57<1:17:58, 44.14s/row]
generate:  32%|███▏      | 49/154 [33:57<1:17:14, 44.14s/row]
                                                             
[50/154] generated 10 candidates

generate:  32%|███▏      | 49/154 [34:41<1:17:14, 44.14s/row]
generate:  32%|███▏      | 50/154 [34:41<1:16:30, 44.14s/row]
                                                             
[51/154] generated 10 candidates

generate:  32%|███▏      | 50/154 [35:26<1:16:30, 44.14s/row]
generate:  33%|███▎      | 51/154 [35:26<1:15:44, 44.12s/row]
                                                             
[52/154] generated 10 candidates

generate:  33%|███▎      | 51/154 [36:10<1:15:44, 44.12s/row]
generate:  34%|███▍      | 52/154 [36:10<1:14:59, 44.12s/row]
                                                             
[53/154] generated 10 candidates

generate:  34%|███▍      | 52/154 [36:54<1:14:59, 44.12s/row]
generate:  34%|███▍      | 53/154 [36:54<1:14:16, 44.12s/row]
                                                             
[54/154] generated 10 candidates

generate:  34%|███▍      | 53/154 [37:38<1:14:16, 44.12s/row]
generate:  35%|███▌      | 54/154 [37:38<1:13:33, 44.13s/row]
                                                             
[55/154] generated 10 candidates

generate:  35%|███▌      | 54/154 [38:22<1:13:33, 44.13s/row]
generate:  36%|███▌      | 55/154 [38:22<1:12:49, 44.14s/row]
                                                             
[56/154] generated 10 candidates

generate:  36%|███▌      | 55/154 [39:06<1:12:49, 44.14s/row]
generate:  36%|███▋      | 56/154 [39:06<1:12:06, 44.14s/row]
                                                             
[57/154] generated 10 candidates

generate:  36%|███▋      | 56/154 [39:50<1:12:06, 44.14s/row]
generate:  37%|███▋      | 57/154 [39:50<1:11:21, 44.14s/row]
                                                             
[58/154] generated 10 candidates

generate:  37%|███▋      | 57/154 [40:35<1:11:21, 44.14s/row]
generate:  38%|███▊      | 58/154 [40:35<1:10:36, 44.13s/row]
                                                             
[59/154] generated 10 candidates

generate:  38%|███▊      | 58/154 [41:19<1:10:36, 44.13s/row]
generate:  38%|███▊      | 59/154 [41:19<1:09:52, 44.13s/row]
                                                             
[60/154] generated 10 candidates

generate:  38%|███▊      | 59/154 [42:03<1:09:52, 44.13s/row]
generate:  39%|███▉      | 60/154 [42:03<1:09:09, 44.14s/row]
                                                             
[61/154] generated 10 candidates

generate:  39%|███▉      | 60/154 [42:47<1:09:09, 44.14s/row]
generate:  40%|███▉      | 61/154 [42:47<1:08:24, 44.14s/row]
                                                             
[62/154] generated 10 candidates

generate:  40%|███▉      | 61/154 [43:31<1:08:24, 44.14s/row]
generate:  40%|████      | 62/154 [43:31<1:07:40, 44.14s/row]
                                                             
[63/154] generated 10 candidates

generate:  40%|████      | 62/154 [44:15<1:07:40, 44.14s/row]
generate:  41%|████      | 63/154 [44:15<1:06:57, 44.15s/row]
                                                             
[64/154] generated 10 candidates

generate:  41%|████      | 63/154 [44:59<1:06:57, 44.15s/row]
generate:  42%|████▏     | 64/154 [44:59<1:06:13, 44.15s/row]
                                                             
[65/154] generated 10 candidates

generate:  42%|████▏     | 64/154 [45:43<1:06:13, 44.15s/row]
generate:  42%|████▏     | 65/154 [45:43<1:05:28, 44.14s/row]
                                                             
[66/154] generated 10 candidates

generate:  42%|████▏     | 65/154 [46:28<1:05:28, 44.14s/row]
generate:  43%|████▎     | 66/154 [46:28<1:04:43, 44.13s/row]
                                                             
[67/154] generated 10 candidates

generate:  43%|████▎     | 66/154 [46:53<1:04:43, 44.13s/row]
generate:  44%|████▎     | 67/154 [46:53<55:59, 38.61s/row]  
                                                           
[68/154] generated 10 candidates

generate:  44%|████▎     | 67/154 [47:37<55:59, 38.61s/row]
generate:  44%|████▍     | 68/154 [47:37<57:42, 40.26s/row]
                                                           
[69/154] generated 10 candidates

generate:  44%|████▍     | 68/154 [48:22<57:42, 40.26s/row]
generate:  45%|████▍     | 69/154 [48:22<58:40, 41.42s/row]
                                                           
[70/154] generated 10 candidates

generate:  45%|████▍     | 69/154 [49:06<58:40, 41.42s/row]
generate:  45%|████▌     | 70/154 [49:06<59:07, 42.23s/row]
                                                           
[71/154] generated 10 candidates

generate:  45%|████▌     | 70/154 [49:50<59:07, 42.23s/row]
generate:  46%|████▌     | 71/154 [49:50<59:12, 42.80s/row]
                                                           
[72/154] generated 10 candidates

generate:  46%|████▌     | 71/154 [50:34<59:12, 42.80s/row]
generate:  47%|████▋     | 72/154 [50:34<59:02, 43.20s/row]
                                                           
[73/154] generated 10 candidates

generate:  47%|████▋     | 72/154 [51:18<59:02, 43.20s/row]
generate:  47%|████▋     | 73/154 [51:18<58:41, 43.48s/row]
                                                           
[74/154] generated 10 candidates

generate:  47%|████▋     | 73/154 [52:02<58:41, 43.48s/row]
generate:  48%|████▊     | 74/154 [52:02<58:13, 43.67s/row]
                                                           
[75/154] generated 10 candidates

generate:  48%|████▊     | 74/154 [52:46<58:13, 43.67s/row]
generate:  49%|████▊     | 75/154 [52:46<57:40, 43.81s/row]
                                                           
[76/154] generated 10 candidates

generate:  49%|████▊     | 75/154 [53:30<57:40, 43.81s/row]
generate:  49%|████▉     | 76/154 [53:30<57:04, 43.90s/row]
                                                           
[77/154] generated 10 candidates

generate:  49%|████▉     | 76/154 [54:15<57:04, 43.90s/row]
generate:  50%|█████     | 77/154 [54:15<56:25, 43.97s/row]
                                                           
[78/154] generated 10 candidates

generate:  50%|█████     | 77/154 [54:59<56:25, 43.97s/row]
generate:  51%|█████     | 78/154 [54:59<55:45, 44.02s/row]
                                                           
[79/154] generated 10 candidates

generate:  51%|█████     | 78/154 [55:43<55:45, 44.02s/row]
generate:  51%|█████▏    | 79/154 [55:43<55:04, 44.05s/row]
                                                           
[80/154] generated 10 candidates

generate:  51%|█████▏    | 79/154 [56:27<55:04, 44.05s/row]
generate:  52%|█████▏    | 80/154 [56:27<54:21, 44.08s/row]
                                                           
[81/154] generated 10 candidates

generate:  52%|█████▏    | 80/154 [57:11<54:21, 44.08s/row]
generate:  53%|█████▎    | 81/154 [57:11<53:38, 44.09s/row]
                                                           
[82/154] generated 10 candidates

generate:  53%|█████▎    | 81/154 [57:55<53:38, 44.09s/row]
generate:  53%|█████▎    | 82/154 [57:55<52:54, 44.10s/row]
                                                           
[83/154] generated 10 candidates

generate:  53%|█████▎    | 82/154 [58:39<52:54, 44.10s/row]
generate:  54%|█████▍    | 83/154 [58:39<52:11, 44.11s/row]
                                                           
[84/154] generated 10 candidates

generate:  54%|█████▍    | 83/154 [59:22<52:11, 44.11s/row]
generate:  55%|█████▍    | 84/154 [59:22<51:07, 43.82s/row]
                                                           
[85/154] generated 10 candidates

generate:  55%|█████▍    | 84/154 [1:00:07<51:07, 43.82s/row]
generate:  55%|█████▌    | 85/154 [1:00:07<50:29, 43.91s/row]
                                                             
[86/154] generated 10 candidates

generate:  55%|█████▌    | 85/154 [1:00:18<50:29, 43.91s/row]
generate:  56%|█████▌    | 86/154 [1:00:18<38:45, 34.20s/row]
                                                             
[87/154] generated 10 candidates

generate:  56%|█████▌    | 86/154 [1:01:02<38:45, 34.20s/row]
generate:  56%|█████▋    | 87/154 [1:01:02<41:31, 37.18s/row]
                                                             
[88/154] generated 10 candidates

generate:  56%|█████▋    | 87/154 [1:01:46<41:31, 37.18s/row]
generate:  57%|█████▋    | 88/154 [1:01:46<43:11, 39.27s/row]
                                                             
[89/154] generated 10 candidates

generate:  57%|█████▋    | 88/154 [1:02:31<43:11, 39.27s/row]
generate:  58%|█████▊    | 89/154 [1:02:31<44:06, 40.72s/row]
                                                             
[90/154] generated 10 candidates

generate:  58%|█████▊    | 89/154 [1:03:15<44:06, 40.72s/row]
generate:  58%|█████▊    | 90/154 [1:03:15<44:31, 41.74s/row]
                                                             
[91/154] generated 10 candidates

generate:  58%|█████▊    | 90/154 [1:03:59<44:31, 41.74s/row]
generate:  59%|█████▉    | 91/154 [1:03:59<44:34, 42.45s/row]
                                                             
[92/154] generated 10 candidates

generate:  59%|█████▉    | 91/154 [1:04:43<44:34, 42.45s/row]
generate:  60%|█████▉    | 92/154 [1:04:43<44:23, 42.95s/row]
                                                             
[93/154] generated 10 candidates

generate:  60%|█████▉    | 92/154 [1:05:27<44:23, 42.95s/row]
generate:  60%|██████    | 93/154 [1:05:27<44:01, 43.30s/row]
                                                             
[94/154] generated 10 candidates

generate:  60%|██████    | 93/154 [1:06:11<44:01, 43.30s/row]
generate:  61%|██████    | 94/154 [1:06:11<43:32, 43.55s/row]
                                                             
[95/154] generated 10 candidates

generate:  61%|██████    | 94/154 [1:06:55<43:32, 43.55s/row]
generate:  62%|██████▏   | 95/154 [1:06:55<42:59, 43.72s/row]
                                                             
[96/154] generated 10 candidates

generate:  62%|██████▏   | 95/154 [1:07:37<42:59, 43.72s/row]
generate:  62%|██████▏   | 96/154 [1:07:37<41:41, 43.12s/row]
                                                             
[97/154] generated 10 candidates

generate:  62%|██████▏   | 96/154 [1:08:21<41:41, 43.12s/row]
generate:  63%|██████▎   | 97/154 [1:08:21<41:14, 43.42s/row]
                                                             
[98/154] generated 10 candidates

generate:  63%|██████▎   | 97/154 [1:09:05<41:14, 43.42s/row]
generate:  64%|██████▎   | 98/154 [1:09:05<40:43, 43.64s/row]
                                                             
[99/154] generated 10 candidates

generate:  64%|██████▎   | 98/154 [1:09:49<40:43, 43.64s/row]
generate:  64%|██████▍   | 99/154 [1:09:49<40:08, 43.79s/row]
                                                             
[100/154] generated 10 candidates

generate:  64%|██████▍   | 99/154 [1:10:34<40:08, 43.79s/row]
generate:  65%|██████▍   | 100/154 [1:10:34<39:30, 43.89s/row]
                                                              
[101/154] generated 10 candidates

generate:  65%|██████▍   | 100/154 [1:11:18<39:30, 43.89s/row]
generate:  66%|██████▌   | 101/154 [1:11:18<38:50, 43.97s/row]
                                                              
[102/154] generated 10 candidates

generate:  66%|██████▌   | 101/154 [1:12:02<38:50, 43.97s/row]
generate:  66%|██████▌   | 102/154 [1:12:02<38:09, 44.02s/row]
                                                              
[103/154] generated 10 candidates

generate:  66%|██████▌   | 102/154 [1:12:46<38:09, 44.02s/row]
generate:  67%|██████▋   | 103/154 [1:12:46<37:26, 44.05s/row]
                                                              
[104/154] generated 10 candidates

generate:  67%|██████▋   | 103/154 [1:13:30<37:26, 44.05s/row]
generate:  68%|██████▊   | 104/154 [1:13:30<36:43, 44.07s/row]
                                                              
[105/154] generated 10 candidates

generate:  68%|██████▊   | 104/154 [1:13:44<36:43, 44.07s/row]
generate:  68%|██████▊   | 105/154 [1:13:44<28:36, 35.03s/row]
                                                              
[106/154] generated 10 candidates

generate:  68%|██████▊   | 105/154 [1:14:28<28:36, 35.03s/row]
generate:  69%|██████▉   | 106/154 [1:14:28<30:12, 37.76s/row]
                                                              
[107/154] generated 10 candidates

generate:  69%|██████▉   | 106/154 [1:15:12<30:12, 37.76s/row]
generate:  69%|██████▉   | 107/154 [1:15:12<31:03, 39.66s/row]
                                                              
[108/154] generated 10 candidates

generate:  69%|██████▉   | 107/154 [1:15:56<31:03, 39.66s/row]
generate:  70%|███████   | 108/154 [1:15:56<31:25, 40.99s/row]
                                                              
[109/154] generated 10 candidates

generate:  70%|███████   | 108/154 [1:16:40<31:25, 40.99s/row]
generate:  71%|███████   | 109/154 [1:16:40<31:26, 41.92s/row]
                                                              
[110/154] generated 10 candidates

generate:  71%|███████   | 109/154 [1:17:24<31:26, 41.92s/row]
generate:  71%|███████▏  | 110/154 [1:17:24<31:13, 42.57s/row]
                                                              
[111/154] generated 10 candidates

generate:  71%|███████▏  | 110/154 [1:18:09<31:13, 42.57s/row]
generate:  72%|███████▏  | 111/154 [1:18:09<30:50, 43.03s/row]
                                                              
[112/154] generated 10 candidates

generate:  72%|███████▏  | 111/154 [1:18:53<30:50, 43.03s/row]
generate:  73%|███████▎  | 112/154 [1:18:53<30:21, 43.36s/row]
                                                              
[113/154] generated 10 candidates

generate:  73%|███████▎  | 112/154 [1:19:37<30:21, 43.36s/row]
generate:  73%|███████▎  | 113/154 [1:19:37<29:47, 43.60s/row]
                                                              
[114/154] generated 10 candidates

generate:  73%|███████▎  | 113/154 [1:20:21<29:47, 43.60s/row]
generate:  74%|███████▍  | 114/154 [1:20:21<29:10, 43.76s/row]
                                                              
[115/154] generated 10 candidates

generate:  74%|███████▍  | 114/154 [1:21:05<29:10, 43.76s/row]
generate:  75%|███████▍  | 115/154 [1:21:05<28:31, 43.88s/row]
                                                              
[116/154] generated 10 candidates

generate:  75%|███████▍  | 115/154 [1:21:49<28:31, 43.88s/row]
generate:  75%|███████▌  | 116/154 [1:21:49<27:50, 43.97s/row]
                                                              
[117/154] generated 10 candidates

generate:  75%|███████▌  | 116/154 [1:22:29<27:50, 43.97s/row]
generate:  76%|███████▌  | 117/154 [1:22:29<26:22, 42.77s/row]
                                                              
[118/154] generated 10 candidates

generate:  76%|███████▌  | 117/154 [1:23:13<26:22, 42.77s/row]
generate:  77%|███████▋  | 118/154 [1:23:13<25:54, 43.18s/row]
                                                              
[119/154] generated 10 candidates

generate:  77%|███████▋  | 118/154 [1:23:58<25:54, 43.18s/row]
generate:  77%|███████▋  | 119/154 [1:23:58<25:21, 43.48s/row]
                                                              
[120/154] generated 10 candidates

generate:  77%|███████▋  | 119/154 [1:24:42<25:21, 43.48s/row]
generate:  78%|███████▊  | 120/154 [1:24:42<24:45, 43.69s/row]
                                                              
[121/154] generated 10 candidates

generate:  78%|███████▊  | 120/154 [1:24:50<24:45, 43.69s/row]
generate:  79%|███████▊  | 121/154 [1:24:50<18:15, 33.19s/row]
                                                              
[122/154] generated 10 candidates

generate:  79%|███████▊  | 121/154 [1:25:35<18:15, 33.19s/row]
generate:  79%|███████▉  | 122/154 [1:25:35<19:27, 36.47s/row]
                                                              
[123/154] generated 10 candidates

generate:  79%|███████▉  | 122/154 [1:26:19<19:27, 36.47s/row]
generate:  80%|███████▉  | 123/154 [1:26:19<20:02, 38.78s/row]
                                                              
[124/154] generated 10 candidates

generate:  80%|███████▉  | 123/154 [1:26:58<20:02, 38.78s/row]
generate:  81%|████████  | 124/154 [1:26:58<19:30, 39.00s/row]
                                                              
[125/154] generated 10 candidates

generate:  81%|████████  | 124/154 [1:27:42<19:30, 39.00s/row]
generate:  81%|████████  | 125/154 [1:27:42<19:35, 40.54s/row]
                                                              
[126/154] generated 10 candidates

generate:  81%|████████  | 125/154 [1:28:27<19:35, 40.54s/row]
generate:  82%|████████▏ | 126/154 [1:28:27<19:25, 41.61s/row]
                                                              
[127/154] generated 10 candidates

generate:  82%|████████▏ | 126/154 [1:29:11<19:25, 41.61s/row]
generate:  82%|████████▏ | 127/154 [1:29:11<19:03, 42.37s/row]
                                                              
[128/154] generated 10 candidates

generate:  82%|████████▏ | 127/154 [1:29:55<19:03, 42.37s/row]
generate:  83%|████████▎ | 128/154 [1:29:55<18:35, 42.90s/row]
                                                              
[129/154] generated 10 candidates

generate:  83%|████████▎ | 128/154 [1:30:39<18:35, 42.90s/row]
generate:  84%|████████▍ | 129/154 [1:30:39<18:01, 43.27s/row]
                                                              
[130/154] generated 10 candidates

generate:  84%|████████▍ | 129/154 [1:31:23<18:01, 43.27s/row]
generate:  84%|████████▍ | 130/154 [1:31:23<17:24, 43.52s/row]
                                                              
[131/154] generated 10 candidates

generate:  84%|████████▍ | 130/154 [1:32:07<17:24, 43.52s/row]
generate:  85%|████████▌ | 131/154 [1:32:07<16:45, 43.72s/row]
                                                              
[132/154] generated 10 candidates

generate:  85%|████████▌ | 131/154 [1:32:42<16:45, 43.72s/row]
generate:  86%|████████▌ | 132/154 [1:32:42<15:03, 41.06s/row]
                                                              
[133/154] generated 10 candidates

generate:  86%|████████▌ | 132/154 [1:33:26<15:03, 41.06s/row]
generate:  86%|████████▋ | 133/154 [1:33:26<14:41, 41.99s/row]
                                                              
[134/154] generated 10 candidates

generate:  86%|████████▋ | 133/154 [1:34:10<14:41, 41.99s/row]
generate:  87%|████████▋ | 134/154 [1:34:10<14:12, 42.65s/row]
                                                              
[135/154] generated 10 candidates

generate:  87%|████████▋ | 134/154 [1:34:55<14:12, 42.65s/row]
generate:  88%|████████▊ | 135/154 [1:34:55<13:39, 43.12s/row]
                                                              
[136/154] generated 10 candidates

generate:  88%|████████▊ | 135/154 [1:35:39<13:39, 43.12s/row]
generate:  88%|████████▊ | 136/154 [1:35:39<13:01, 43.44s/row]
                                                              
[137/154] generated 10 candidates

generate:  88%|████████▊ | 136/154 [1:36:23<13:01, 43.44s/row]
generate:  89%|████████▉ | 137/154 [1:36:23<12:22, 43.66s/row]
                                                              
[138/154] generated 10 candidates

generate:  89%|████████▉ | 137/154 [1:37:07<12:22, 43.66s/row]
generate:  90%|████████▉ | 138/154 [1:37:07<11:41, 43.82s/row]
                                                              
[139/154] generated 10 candidates

generate:  90%|████████▉ | 138/154 [1:37:51<11:41, 43.82s/row]
generate:  90%|█████████ | 139/154 [1:37:51<10:59, 43.94s/row]
                                                              
[140/154] generated 10 candidates

generate:  90%|█████████ | 139/154 [1:38:36<10:59, 43.94s/row]
generate:  91%|█████████ | 140/154 [1:38:36<10:16, 44.01s/row]
                                                              
[141/154] generated 10 candidates

generate:  91%|█████████ | 140/154 [1:39:20<10:16, 44.01s/row]
generate:  92%|█████████▏| 141/154 [1:39:20<09:32, 44.06s/row]
                                                              
[142/154] generated 10 candidates

generate:  92%|█████████▏| 141/154 [1:40:04<09:32, 44.06s/row]
generate:  92%|█████████▏| 142/154 [1:40:04<08:49, 44.10s/row]
                                                              
[143/154] generated 10 candidates

generate:  92%|█████████▏| 142/154 [1:40:48<08:49, 44.10s/row]
generate:  93%|█████████▎| 143/154 [1:40:48<08:05, 44.12s/row]
                                                              
[144/154] generated 10 candidates

generate:  93%|█████████▎| 143/154 [1:41:32<08:05, 44.12s/row]
generate:  94%|█████████▎| 144/154 [1:41:32<07:21, 44.14s/row]
                                                              
[145/154] generated 10 candidates

generate:  94%|█████████▎| 144/154 [1:42:17<07:21, 44.14s/row]
generate:  94%|█████████▍| 145/154 [1:42:17<06:37, 44.16s/row]
                                                              
[146/154] generated 10 candidates

generate:  94%|█████████▍| 145/154 [1:43:01<06:37, 44.16s/row]
generate:  95%|█████████▍| 146/154 [1:43:01<05:53, 44.16s/row]
                                                              
[147/154] generated 10 candidates

generate:  95%|█████████▍| 146/154 [1:43:45<05:53, 44.16s/row]
generate:  95%|█████████▌| 147/154 [1:43:45<05:09, 44.17s/row]
                                                              
[148/154] generated 10 candidates

generate:  95%|█████████▌| 147/154 [1:44:29<05:09, 44.17s/row]
generate:  96%|█████████▌| 148/154 [1:44:29<04:25, 44.18s/row]
                                                              
[149/154] generated 10 candidates

generate:  96%|█████████▌| 148/154 [1:45:13<04:25, 44.18s/row]
generate:  97%|█████████▋| 149/154 [1:45:13<03:40, 44.18s/row]
                                                              
[150/154] generated 10 candidates

generate:  97%|█████████▋| 149/154 [1:45:41<03:40, 44.18s/row]
generate:  97%|█████████▋| 150/154 [1:45:41<02:36, 39.24s/row]
                                                              
[151/154] generated 10 candidates

generate:  97%|█████████▋| 150/154 [1:46:25<02:36, 39.24s/row]
generate:  98%|█████████▊| 151/154 [1:46:25<02:02, 40.72s/row]
                                                              
[152/154] generated 10 candidates

generate:  98%|█████████▊| 151/154 [1:47:10<02:02, 40.72s/row]
generate:  99%|█████████▊| 152/154 [1:47:10<01:23, 41.81s/row]
                                                              
[153/154] generated 10 candidates

generate:  99%|█████████▊| 152/154 [1:47:54<01:23, 41.81s/row]
generate:  99%|█████████▉| 153/154 [1:47:54<00:42, 42.51s/row]
                                                              
[154/154] generated 10 candidates

generate:  99%|█████████▉| 153/154 [1:48:38<00:42, 42.51s/row]
generate: 100%|██████████| 154/154 [1:48:38<00:00, 43.00s/row]
generate: 100%|██████████| 154/154 [1:48:38<00:00, 42.33s/row]
wrote /workspace/results/qwen3-8b-base_lora_enc_dec_r64_5e6_gcb_a128_graphv2_clean_s43_signature_only_compile_predictions.json
wrote /workspace/results/qwen3-8b-base_lora_enc_dec_r64_5e6_gcb_a128_graphv2_clean_s43_signature_only_compile_predictions.json.provenance.json

Compile and pass evaluation settings match; reusing the same candidate pool.

Calculating metrics...
CodeBLEU Results:
{
  "count": 154,
  "samples_with_success": 154,
  "mean_codebleu": 0.6435649097955343,
  "min_codebleu": 0.4950639565610694,
  "max_codebleu": 0.7959005637398169
}

Compiled-only CodeBLEU Results:
{
  "count": 154,
  "samples_with_success": 62,
  "mean_codebleu": 0.6307643579436274,
  "min_codebleu": 0.48748257483074914,
  "max_codebleu": 0.7959005637398169
}

Using Dart binary: /usr/bin/dart | workers=64

compile@k:   0%|          | 0/154 [00:00<?, ?row/s]
compile@k:   1%|          | 1/154 [00:16<43:20, 17.00s/row]
compile@k:   1%|▏         | 2/154 [00:23<27:51, 11.00s/row]
compile@k:   5%|▍         | 7/154 [00:25<06:00,  2.45s/row]
compile@k:  10%|█         | 16/154 [00:26<01:55,  1.20row/s]
compile@k:  25%|██▍       | 38/154 [00:28<00:35,  3.30row/s]
compile@k:  36%|███▌      | 55/154 [00:28<00:17,  5.60row/s]
compile@k:  45%|████▌     | 70/154 [00:28<00:10,  7.76row/s]
compile@k:  47%|████▋     | 73/154 [00:29<00:12,  6.75row/s]
compile@k:  49%|████▊     | 75/154 [00:36<00:32,  2.46row/s]
compile@k:  52%|█████▏    | 80/154 [00:36<00:23,  3.09row/s]
compile@k:  55%|█████▌    | 85/154 [00:37<00:20,  3.39row/s]
compile@k:  56%|█████▋    | 87/154 [00:39<00:22,  3.03row/s]
compile@k:  58%|█████▊    | 90/154 [00:39<00:18,  3.38row/s]
compile@k:  63%|██████▎   | 97/154 [00:41<00:16,  3.41row/s]
compile@k:  64%|██████▍   | 99/154 [00:42<00:18,  3.04row/s]
compile@k:  69%|██████▉   | 106/154 [00:44<00:14,  3.36row/s]
compile@k:  71%|███████   | 109/154 [00:44<00:11,  3.86row/s]
compile@k:  79%|███████▉  | 122/154 [00:45<00:04,  7.64row/s]
compile@k:  84%|████████▍ | 129/154 [00:45<00:02, 10.16row/s]
compile@k:  91%|█████████ | 140/154 [00:45<00:01, 12.57row/s]
compile@k:  95%|█████████▍| 146/154 [00:45<00:00, 15.49row/s]
compile@k:  99%|█████████▊| 152/154 [00:46<00:00, 18.33row/s]
compile@k: 100%|██████████| 154/154 [00:46<00:00,  3.34row/s]
Compile@k Results:
[1/154] n=10, compiling=9, compile@1=0.9000
[2/154] n=10, compiling=7, compile@1=0.7000
[3/154] n=10, compiling=6, compile@1=0.6000
[4/154] n=10, compiling=10, compile@1=1.0000
[5/154] n=10, compiling=0, compile@1=0.0000
[6/154] n=10, compiling=10, compile@1=1.0000
[7/154] n=10, compiling=5, compile@1=0.5000
[8/154] n=10, compiling=2, compile@1=0.2000
[9/154] n=10, compiling=7, compile@1=0.7000
[10/154] n=10, compiling=10, compile@1=1.0000
[11/154] n=10, compiling=6, compile@1=0.6000
[12/154] n=10, compiling=7, compile@1=0.7000
[13/154] n=10, compiling=9, compile@1=0.9000
[14/154] n=10, compiling=10, compile@1=1.0000
[15/154] n=10, compiling=9, compile@1=0.9000
[16/154] n=10, compiling=1, compile@1=0.1000
[17/154] n=10, compiling=8, compile@1=0.8000
[18/154] n=10, compiling=5, compile@1=0.5000
[19/154] n=10, compiling=5, compile@1=0.5000
[20/154] n=10, compiling=1, compile@1=0.1000
[21/154] n=10, compiling=3, compile@1=0.3000
[22/154] n=10, compiling=1, compile@1=0.1000
[23/154] n=10, compiling=9, compile@1=0.9000
[24/154] n=10, compiling=9, compile@1=0.9000
[25/154] n=10, compiling=10, compile@1=1.0000
[26/154] n=10, compiling=4, compile@1=0.4000
[27/154] n=10, compiling=10, compile@1=1.0000
[28/154] n=10, compiling=1, compile@1=0.1000
[29/154] n=10, compiling=10, compile@1=1.0000
[30/154] n=10, compiling=10, compile@1=1.0000
[31/154] n=10, compiling=6, compile@1=0.6000
[32/154] n=10, compiling=9, compile@1=0.9000
[33/154] n=10, compiling=9, compile@1=0.9000
[34/154] n=10, compiling=10, compile@1=1.0000
[35/154] n=10, compiling=7, compile@1=0.7000
[36/154] n=10, compiling=5, compile@1=0.5000
[37/154] n=10, compiling=10, compile@1=1.0000
[38/154] n=10, compiling=2, compile@1=0.2000
[39/154] n=10, compiling=10, compile@1=1.0000
[40/154] n=10, compiling=10, compile@1=1.0000
[41/154] n=10, compiling=2, compile@1=0.2000
[42/154] n=10, compiling=10, compile@1=1.0000
[43/154] n=10, compiling=10, compile@1=1.0000
[44/154] n=10, compiling=1, compile@1=0.1000
[45/154] n=10, compiling=10, compile@1=1.0000
[46/154] n=10, compiling=6, compile@1=0.6000
[47/154] n=10, compiling=10, compile@1=1.0000
[48/154] n=10, compiling=10, compile@1=1.0000
[49/154] n=10, compiling=10, compile@1=1.0000
[50/154] n=10, compiling=9, compile@1=0.9000
[51/154] n=10, compiling=10, compile@1=1.0000
[52/154] n=10, compiling=2, compile@1=0.2000
[53/154] n=10, compiling=10, compile@1=1.0000
[54/154] n=10, compiling=5, compile@1=0.5000
[55/154] n=10, compiling=3, compile@1=0.3000
[56/154] n=10, compiling=8, compile@1=0.8000
[57/154] n=10, compiling=6, compile@1=0.6000
[58/154] n=10, compiling=10, compile@1=1.0000
[59/154] n=10, compiling=5, compile@1=0.5000
[60/154] n=10, compiling=10, compile@1=1.0000
[61/154] n=10, compiling=1, compile@1=0.1000
[62/154] n=10, compiling=0, compile@1=0.0000
[63/154] n=10, compiling=1, compile@1=0.1000
[64/154] n=10, compiling=10, compile@1=1.0000
[65/154] n=10, compiling=7, compile@1=0.7000
[66/154] n=10, compiling=1, compile@1=0.1000
[67/154] n=10, compiling=10, compile@1=1.0000
[68/154] n=10, compiling=6, compile@1=0.6000
[69/154] n=10, compiling=3, compile@1=0.3000
[70/154] n=10, compiling=4, compile@1=0.4000
[71/154] n=10, compiling=10, compile@1=1.0000
[72/154] n=10, compiling=6, compile@1=0.6000
[73/154] n=10, compiling=8, compile@1=0.8000
[74/154] n=10, compiling=0, compile@1=0.0000
[75/154] n=10, compiling=9, compile@1=0.9000
[76/154] n=10, compiling=9, compile@1=0.9000
[77/154] n=10, compiling=9, compile@1=0.9000
[78/154] n=10, compiling=9, compile@1=0.9000
[79/154] n=10, compiling=3, compile@1=0.3000
[80/154] n=10, compiling=2, compile@1=0.2000
[81/154] n=10, compiling=10, compile@1=1.0000
[82/154] n=10, compiling=1, compile@1=0.1000
[83/154] n=10, compiling=1, compile@1=0.1000
[84/154] n=10, compiling=9, compile@1=0.9000
[85/154] n=10, compiling=2, compile@1=0.2000
[86/154] n=10, compiling=0, compile@1=0.0000
[87/154] n=10, compiling=0, compile@1=0.0000
[88/154] n=10, compiling=9, compile@1=0.9000
[89/154] n=10, compiling=1, compile@1=0.1000
[90/154] n=10, compiling=2, compile@1=0.2000
[91/154] n=10, compiling=6, compile@1=0.6000
[92/154] n=10, compiling=9, compile@1=0.9000
[93/154] n=10, compiling=6, compile@1=0.6000
[94/154] n=10, compiling=1, compile@1=0.1000
[95/154] n=10, compiling=6, compile@1=0.6000
[96/154] n=10, compiling=10, compile@1=1.0000
[97/154] n=10, compiling=0, compile@1=0.0000
[98/154] n=10, compiling=6, compile@1=0.6000
[99/154] n=10, compiling=7, compile@1=0.7000
[100/154] n=10, compiling=10, compile@1=1.0000
[101/154] n=10, compiling=1, compile@1=0.1000
[102/154] n=10, compiling=7, compile@1=0.7000
[103/154] n=10, compiling=8, compile@1=0.8000
[104/154] n=10, compiling=8, compile@1=0.8000
[105/154] n=10, compiling=9, compile@1=0.9000
[106/154] n=10, compiling=0, compile@1=0.0000
[107/154] n=10, compiling=0, compile@1=0.0000
[108/154] n=10, compiling=4, compile@1=0.4000
[109/154] n=10, compiling=2, compile@1=0.2000
[110/154] n=10, compiling=0, compile@1=0.0000
[111/154] n=10, compiling=7, compile@1=0.7000
[112/154] n=10, compiling=3, compile@1=0.3000
[113/154] n=10, compiling=7, compile@1=0.7000
[114/154] n=10, compiling=5, compile@1=0.5000
[115/154] n=10, compiling=6, compile@1=0.6000
[116/154] n=10, compiling=0, compile@1=0.0000
[117/154] n=10, compiling=5, compile@1=0.5000
[118/154] n=10, compiling=9, compile@1=0.9000
[119/154] n=10, compiling=8, compile@1=0.8000
[120/154] n=10, compiling=10, compile@1=1.0000
[121/154] n=10, compiling=0, compile@1=0.0000
[122/154] n=10, compiling=5, compile@1=0.5000
[123/154] n=10, compiling=1, compile@1=0.1000
[124/154] n=10, compiling=7, compile@1=0.7000
[125/154] n=10, compiling=9, compile@1=0.9000
[126/154] n=10, compiling=9, compile@1=0.9000
[127/154] n=10, compiling=4, compile@1=0.4000
[128/154] n=10, compiling=10, compile@1=1.0000
[129/154] n=10, compiling=1, compile@1=0.1000
[130/154] n=10, compiling=4, compile@1=0.4000
[131/154] n=10, compiling=9, compile@1=0.9000
[132/154] n=10, compiling=9, compile@1=0.9000
[133/154] n=10, compiling=4, compile@1=0.4000
[134/154] n=10, compiling=4, compile@1=0.4000
[135/154] n=10, compiling=10, compile@1=1.0000
[136/154] n=10, compiling=3, compile@1=0.3000
[137/154] n=10, compiling=1, compile@1=0.1000
[138/154] n=10, compiling=4, compile@1=0.4000
[139/154] n=10, compiling=3, compile@1=0.3000
[140/154] n=10, compiling=1, compile@1=0.1000
[141/154] n=10, compiling=4, compile@1=0.4000
[142/154] n=10, compiling=5, compile@1=0.5000
[143/154] n=10, compiling=1, compile@1=0.1000
[144/154] n=10, compiling=1, compile@1=0.1000
[145/154] n=10, compiling=1, compile@1=0.1000
[146/154] n=10, compiling=0, compile@1=0.0000
[147/154] n=10, compiling=10, compile@1=1.0000
[148/154] n=10, compiling=3, compile@1=0.3000
[149/154] n=10, compiling=4, compile@1=0.4000
[150/154] n=10, compiling=9, compile@1=0.9000
[151/154] n=10, compiling=2, compile@1=0.2000
[152/154] n=10, compiling=2, compile@1=0.2000
[153/154] n=10, compiling=0, compile@1=0.0000
[154/154] n=10, compiling=7, compile@1=0.7000
{
  "compile_at_1": 0.5642857142857147,
  "compile_at_5": 0.8300865800865802,
  "total_problems": 154
}

Using Dart binary: /usr/bin/dart | workers=64

pass@k:   0%|          | 0/154 [00:00<?, ?row/s]
pass@k:   1%|          | 1/154 [00:21<55:20, 21.70s/row]
pass@k:   1%|▏         | 2/154 [00:25<28:44, 11.35s/row]
pass@k:  12%|█▏        | 19/154 [00:26<01:45,  1.28row/s]
pass@k:  14%|█▎        | 21/154 [00:28<01:45,  1.26row/s]
pass@k:  34%|███▍      | 52/154 [00:29<00:22,  4.60row/s]
pass@k:  34%|███▍      | 52/154 [00:40<00:22,  4.60row/s]
pass@k:  42%|████▏     | 65/154 [00:47<00:52,  1.70row/s]
pass@k:  45%|████▍     | 69/154 [00:50<00:52,  1.61row/s]
pass@k:  63%|██████▎   | 97/154 [00:51<00:17,  3.31row/s]
pass@k:  73%|███████▎  | 112/154 [00:52<00:09,  4.61row/s]
pass@k:  84%|████████▍ | 129/154 [00:56<00:05,  4.30row/s]
pass@k:  91%|█████████ | 140/154 [00:57<00:02,  5.34row/s]
pass@k: 100%|██████████| 154/154 [00:57<00:00,  2.70row/s]
Pass@k Results:
[1/154] n=10, passed=1, pass@1=0.1000
[2/154] n=10, passed=1, pass@1=0.1000
[3/154] n=10, passed=0, pass@1=0.0000
[4/154] n=10, passed=10, pass@1=1.0000
[5/154] n=10, passed=0, pass@1=0.0000
[6/154] n=10, passed=10, pass@1=1.0000
[7/154] n=10, passed=0, pass@1=0.0000
[8/154] n=10, passed=1, pass@1=0.1000
[9/154] n=10, passed=0, pass@1=0.0000
[10/154] n=10, passed=10, pass@1=1.0000
[11/154] n=10, passed=0, pass@1=0.0000
[12/154] n=10, passed=0, pass@1=0.0000
[13/154] n=10, passed=9, pass@1=0.9000
[14/154] n=10, passed=10, pass@1=1.0000
[15/154] n=10, passed=9, pass@1=0.9000
[16/154] n=10, passed=0, pass@1=0.0000
[17/154] n=10, passed=0, pass@1=0.0000
[18/154] n=10, passed=0, pass@1=0.0000
[19/154] n=10, passed=5, pass@1=0.5000
[20/154] n=10, passed=0, pass@1=0.0000
[21/154] n=10, passed=0, pass@1=0.0000
[22/154] n=10, passed=1, pass@1=0.1000
[23/154] n=10, passed=9, pass@1=0.9000
[24/154] n=10, passed=0, pass@1=0.0000
[25/154] n=10, passed=0, pass@1=0.0000
[26/154] n=10, passed=4, pass@1=0.4000
[27/154] n=10, passed=10, pass@1=1.0000
[28/154] n=10, passed=1, pass@1=0.1000
[29/154] n=10, passed=10, pass@1=1.0000
[30/154] n=10, passed=10, pass@1=1.0000
[31/154] n=10, passed=0, pass@1=0.0000
[32/154] n=10, passed=0, pass@1=0.0000
[33/154] n=10, passed=9, pass@1=0.9000
[34/154] n=10, passed=0, pass@1=0.0000
[35/154] n=10, passed=0, pass@1=0.0000
[36/154] n=10, passed=3, pass@1=0.3000
[37/154] n=10, passed=0, pass@1=0.0000
[38/154] n=10, passed=0, pass@1=0.0000
[39/154] n=10, passed=6, pass@1=0.6000
[40/154] n=10, passed=4, pass@1=0.4000
[41/154] n=10, passed=2, pass@1=0.2000
[42/154] n=10, passed=10, pass@1=1.0000
[43/154] n=10, passed=0, pass@1=0.0000
[44/154] n=10, passed=0, pass@1=0.0000
[45/154] n=10, passed=10, pass@1=1.0000
[46/154] n=10, passed=0, pass@1=0.0000
[47/154] n=10, passed=10, pass@1=1.0000
[48/154] n=10, passed=10, pass@1=1.0000
[49/154] n=10, passed=10, pass@1=1.0000
[50/154] n=10, passed=0, pass@1=0.0000
[51/154] n=10, passed=10, pass@1=1.0000
[52/154] n=10, passed=0, pass@1=0.0000
[53/154] n=10, passed=5, pass@1=0.5000
[54/154] n=10, passed=0, pass@1=0.0000
[55/154] n=10, passed=1, pass@1=0.1000
[56/154] n=10, passed=8, pass@1=0.8000
[57/154] n=10, passed=6, pass@1=0.6000
[58/154] n=10, passed=0, pass@1=0.0000
[59/154] n=10, passed=0, pass@1=0.0000
[60/154] n=10, passed=0, pass@1=0.0000
[61/154] n=10, passed=0, pass@1=0.0000
[62/154] n=10, passed=0, pass@1=0.0000
[63/154] n=10, passed=0, pass@1=0.0000
[64/154] n=10, passed=0, pass@1=0.0000
[65/154] n=10, passed=0, pass@1=0.0000
[66/154] n=10, passed=0, pass@1=0.0000
[67/154] n=10, passed=0, pass@1=0.0000
[68/154] n=10, passed=0, pass@1=0.0000
[69/154] n=10, passed=0, pass@1=0.0000
[70/154] n=10, passed=0, pass@1=0.0000
[71/154] n=10, passed=0, pass@1=0.0000
[72/154] n=10, passed=1, pass@1=0.1000
[73/154] n=10, passed=0, pass@1=0.0000
[74/154] n=10, passed=0, pass@1=0.0000
[75/154] n=10, passed=0, pass@1=0.0000
[76/154] n=10, passed=0, pass@1=0.0000
[77/154] n=10, passed=0, pass@1=0.0000
[78/154] n=10, passed=9, pass@1=0.9000
[79/154] n=10, passed=0, pass@1=0.0000
[80/154] n=10, passed=0, pass@1=0.0000
[81/154] n=10, passed=0, pass@1=0.0000
[82/154] n=10, passed=0, pass@1=0.0000
[83/154] n=10, passed=0, pass@1=0.0000
[84/154] n=10, passed=0, pass@1=0.0000
[85/154] n=10, passed=0, pass@1=0.0000
[86/154] n=10, passed=0, pass@1=0.0000
[87/154] n=10, passed=0, pass@1=0.0000
[88/154] n=10, passed=0, pass@1=0.0000
[89/154] n=10, passed=0, pass@1=0.0000
[90/154] n=10, passed=0, pass@1=0.0000
[91/154] n=10, passed=0, pass@1=0.0000
[92/154] n=10, passed=0, pass@1=0.0000
[93/154] n=10, passed=0, pass@1=0.0000
[94/154] n=10, passed=0, pass@1=0.0000
[95/154] n=10, passed=3, pass@1=0.3000
[96/154] n=10, passed=0, pass@1=0.0000
[97/154] n=10, passed=0, pass@1=0.0000
[98/154] n=10, passed=0, pass@1=0.0000
[99/154] n=10, passed=0, pass@1=0.0000
[100/154] n=10, passed=0, pass@1=0.0000
[101/154] n=10, passed=0, pass@1=0.0000
[102/154] n=10, passed=0, pass@1=0.0000
[103/154] n=10, passed=0, pass@1=0.0000
[104/154] n=10, passed=0, pass@1=0.0000
[105/154] n=10, passed=0, pass@1=0.0000
[106/154] n=10, passed=0, pass@1=0.0000
[107/154] n=10, passed=0, pass@1=0.0000
[108/154] n=10, passed=0, pass@1=0.0000
[109/154] n=10, passed=0, pass@1=0.0000
[110/154] n=10, passed=0, pass@1=0.0000
[111/154] n=10, passed=0, pass@1=0.0000
[112/154] n=10, passed=0, pass@1=0.0000
[113/154] n=10, passed=0, pass@1=0.0000
[114/154] n=10, passed=0, pass@1=0.0000
[115/154] n=10, passed=0, pass@1=0.0000
[116/154] n=10, passed=0, pass@1=0.0000
[117/154] n=10, passed=0, pass@1=0.0000
[118/154] n=10, passed=0, pass@1=0.0000
[119/154] n=10, passed=0, pass@1=0.0000
[120/154] n=10, passed=0, pass@1=0.0000
[121/154] n=10, passed=0, pass@1=0.0000
[122/154] n=10, passed=0, pass@1=0.0000
[123/154] n=10, passed=0, pass@1=0.0000
[124/154] n=10, passed=0, pass@1=0.0000
[125/154] n=10, passed=0, pass@1=0.0000
[126/154] n=10, passed=0, pass@1=0.0000
[127/154] n=10, passed=0, pass@1=0.0000
[128/154] n=10, passed=0, pass@1=0.0000
[129/154] n=10, passed=0, pass@1=0.0000
[130/154] n=10, passed=0, pass@1=0.0000
[131/154] n=10, passed=0, pass@1=0.0000
[132/154] n=10, passed=0, pass@1=0.0000
[133/154] n=10, passed=0, pass@1=0.0000
[134/154] n=10, passed=0, pass@1=0.0000
[135/154] n=10, passed=0, pass@1=0.0000
[136/154] n=10, passed=0, pass@1=0.0000
[137/154] n=10, passed=0, pass@1=0.0000
[138/154] n=10, passed=0, pass@1=0.0000
[139/154] n=10, passed=0, pass@1=0.0000
[140/154] n=10, passed=0, pass@1=0.0000
[141/154] n=10, passed=0, pass@1=0.0000
[142/154] n=10, passed=0, pass@1=0.0000
[143/154] n=10, passed=0, pass@1=0.0000
[144/154] n=10, passed=0, pass@1=0.0000
[145/154] n=10, passed=0, pass@1=0.0000
[146/154] n=10, passed=0, pass@1=0.0000
[147/154] n=10, passed=0, pass@1=0.0000
[148/154] n=10, passed=0, pass@1=0.0000
[149/154] n=10, passed=4, pass@1=0.4000
[150/154] n=10, passed=0, pass@1=0.0000
[151/154] n=10, passed=0, pass@1=0.0000
[152/154] n=10, passed=0, pass@1=0.0000
[153/154] n=10, passed=0, pass@1=0.0000
[154/154] n=10, passed=0, pass@1=0.0000
{
  "pass_at_1": 0.15064935064935067,
  "pass_at_5": 0.2079983508554937,
  "pass_at_10": 0.23376623376623376,
  "total_problems": 154
}

Results summary saved to /workspace/results/sweeps_antigravity/qwen3-8b-base_lora_enc_dec_r64_5e6_gcb_a128_graphv2_clean_s43_signature_only.json

Compiling candidate-level metrics to CSV: /workspace/results/sweeps_antigravity/qwen3-8b-base_lora_enc_dec_r64_5e6_gcb_a128_graphv2_clean_s43_signature_only_compile_stats.csv ...
Using Dart binary: /usr/bin/dart
Stats CSV workers=64

stats CSV:   0%|          | 0/154 [00:00<?, ?row/s]
stats CSV:   1%|          | 1/154 [00:23<1:00:30, 23.73s/row]
stats CSV:  12%|█▏        | 19/154 [00:25<02:10,  1.03row/s] 
stats CSV:  14%|█▎        | 21/154 [00:27<02:07,  1.04row/s]
stats CSV:  41%|████      | 63/154 [00:27<00:18,  4.80row/s]
stats CSV:  41%|████      | 63/154 [00:40<00:18,  4.80row/s]
stats CSV:  42%|████▏     | 65/154 [00:42<00:51,  1.74row/s]
stats CSV:  45%|████▍     | 69/154 [00:43<00:44,  1.93row/s]
stats CSV:  48%|████▊     | 74/154 [00:43<00:36,  2.20row/s]
stats CSV:  56%|█████▋    | 87/154 [00:44<00:18,  3.58row/s]
stats CSV:  63%|██████▎   | 97/154 [00:45<00:12,  4.47row/s]
stats CSV:  69%|██████▉   | 106/154 [00:45<00:08,  6.00row/s]
stats CSV:  75%|███████▍  | 115/154 [00:45<00:04,  7.90row/s]
stats CSV:  79%|███████▉  | 122/154 [00:46<00:03,  8.77row/s]
stats CSV:  84%|████████▍ | 129/154 [00:50<00:05,  4.24row/s]
stats CSV:  86%|████████▋ | 133/154 [00:50<00:04,  4.89row/s]
stats CSV:  88%|████████▊ | 135/154 [00:50<00:03,  5.30row/s]
stats CSV:  89%|████████▉ | 137/154 [00:50<00:03,  5.59row/s]
stats CSV:  91%|█████████ | 140/154 [00:51<00:02,  6.12row/s]
stats CSV: 100%|██████████| 154/154 [00:51<00:00,  3.00row/s]
Successfully compiled per-problem statistics to: /workspace/results/sweeps_antigravity/qwen3-8b-base_lora_enc_dec_r64_5e6_gcb_a128_graphv2_clean_s43_signature_only_compile_stats.csv

Reusing aligned candidate-level statistics: /workspace/results/sweeps_antigravity/qwen3-8b-base_lora_enc_dec_r64_5e6_gcb_a128_graphv2_clean_s43_signature_only_pass_stats.csv
HF upload skipped: set HF_TOKEN/HUGGINGFACE_TOKEN or pass --hf_token.
HF upload skipped: set HF_TOKEN/HUGGINGFACE_TOKEN or pass --hf_token.
HF upload skipped: set HF_TOKEN/HUGGINGFACE_TOKEN or pass --hf_token.
HF upload skipped: set HF_TOKEN/HUGGINGFACE_TOKEN or pass --hf_token.
HF upload skipped: set HF_TOKEN/HUGGINGFACE_TOKEN or pass --hf_token.

=== x86_repeat_s43_text (estimate 1.40 h) ===
/venv/main/bin/python /workspace/configs/run_sweeps_antigravity.py --experiment qwen3-8b-base_lora_enc_dec_r16_5e6_gcb --encoder gcb --max_risk high --hardware_profile rtx6000 --force_rerun --decoder_revision b968826d9c46dd6066d109eabc6255188de91218 --encoder_revision 2b0488a7bb0eefc7041f1bb2cad1ab26b0da269d --seed 43 --train_file data/datasets/dart_all_graphv2_train.jsonl --eval_file data/datasets/dart_all_graphv2_validation.jsonl --compile_dataset data/testing/grpo_data_graphv2.jsonl --pass_dataset data/testing/grpo_data_graphv2.jsonl --compile_mode jit_tests --epochs 4 --sft_lr 5e-6 --lora_r 64 --lora_alpha 128 --load_4bit 0 --attn_implementation sdpa --gradient_checkpointing 1 --train_batch_size 4 --grad_accum 16 --qwen_prefix_gate_init 0.2 --qwen_prefix_gate_mode token --qwen_prefix_rms_match 1 --decoder_prompt_max_length 2048 --prompt_fit_assembly 1 --auto_cfg 0 --max_block_instrs 20 --position_scheme roberta --causal_position_ids cumsum --use_reasoning 0 --eval_max_new_tokens 768 --generation_batch_size 10 --num_samples 10 --pass_num_samples 10 --metric_workers 64 --save_strategy no --save_total_limit 1 --gnn_layers 4 --global_attention_ablation full --name_suffix _graphv2_clean_s43_text --qwen_prefix_tokens 0 --qwen_prefix_dynamic 0 --qwen_prefix_min_tokens 4 --qwen_prefix_tokens_per_log2 4 --prompt_assembly_mode full --prompt_fit_assembly 1 --prompt_clean_asm 1 --dfg_mode off --edge_ablation none --gnn_ablation identity --add_reverse_edges 1 --block_position_mode sinusoidal --hf_repo raafatabualazm/antigravity-qwen3-8b-artifacts --hf_private 1 --hf_upload_checkpoints 1
CLI overrides applied to all sweeps: epochs=4, lora_r=64, lora_alpha=128

>>> Stage: SFT for qwen3-8b-base_lora_enc_dec_r64_5e6_gcb_a128_graphv2_clean_s43_text

==================================================
RUNNING EXPERIMENT: qwen3-8b-base_lora_enc_dec_r64_5e6_gcb_a128_graphv2_clean_s43_text
Decoder: Qwen/Qwen3-8B
Encoder PEFT: lora | Decoder PEFT: lora
LR: 5e-6 | Epochs: 4
OOM Risk (on 6GB VRAM): HIGH
Training Mode: SFT (Supervised Fine-Tuning)
==================================================

Dynamic Batch Size: 4 | Grad Accum: 16 | LoRA R: 64 | Alpha: 128 | Qwen prefix tokens: 0 | Qwen gate init: 0.2 | Qwen gate mode: token | Dynamic prefix: 0 [4, 4/log2] | Prefix RMS match: 1 | Prompt tokens: 2048 | Reasoning: 0 | Attention: sdpa | Grad ckpt: 1
Graph channel: dfg_mode=off | edge_ablation=none | gnn_ablation=identity | gnn_layers=4 | global_attention=full | reverse_edges=1 | block_positions=sinusoidal | position_scheme=roberta | causal_position_ids=cumsum | grpo_train_graph_glue=1 | auto_cfg=0
Graph channel config: dfg_mode=off | edge_ablation=none | gnn_ablation=identity | gnn_layers=4 | global_attention=full | position_scheme=roberta | causal_position_ids=cumsum | auto_cfg=0
Loading datasets...
Tokenizing datasets (using unified tensor builder format)...
Tokenized 500/770 examples

Loading weights:   0%|          | 0/197 [00:00<?, ?it/s]
Loading weights: 100%|██████████| 197/197 [00:00<00:00, 45701.21it/s]
Decoder attention implementation: sdpa

Loading weights:   0%|          | 0/399 [00:00<?, ?it/s]
Loading weights: 100%|██████████| 399/399 [00:00<00:00, 7639.17it/s]
Enabled decoder gradient checkpointing.
Qwen graph prefix DISABLED (GRAPH_QWEN_PREFIX_TOKENS=0): text-only decoder; graph encoder compute skipped.
Applied PEFT LORA (r=64, alpha=128) to LocalBlockEncoder
Enabled local block encoder gradient checkpointing.
Applied PEFT LORA (r=64, alpha=128) to Decoder
Gradient accumulation steps: 16
Starting training...

  0%|          | 0/52 [00:00<?, ?it/s]
  2%|▏         | 1/52 [01:29<1:15:56, 89.33s/it]
  4%|▍         | 2/52 [03:00<1:15:12, 90.25s/it]
  6%|▌         | 3/52 [04:32<1:14:33, 91.30s/it]
  8%|▊         | 4/52 [06:06<1:13:39, 92.07s/it]
 10%|▉         | 5/52 [07:39<1:12:22, 92.40s/it]
 12%|█▏        | 6/52 [09:11<1:10:57, 92.56s/it]
 13%|█▎        | 7/52 [10:48<1:10:17, 93.73s/it]
 15%|█▌        | 8/52 [12:20<1:08:29, 93.40s/it]
 17%|█▋        | 9/52 [13:50<1:06:10, 92.34s/it]
 19%|█▉        | 10/52 [15:21<1:04:16, 91.83s/it]
                                                 
{'loss': '11.19', 'grad_norm': '10.76', 'learning_rate': '4.762e-06', 'epoch': '0.829'}

 19%|█▉        | 10/52 [15:21<1:04:16, 91.83s/it]
 21%|██        | 11/52 [16:56<1:03:23, 92.77s/it]
 23%|██▎       | 12/52 [18:30<1:02:05, 93.13s/it]
 25%|██▌       | 13/52 [18:32<42:43, 65.73s/it]  

  0%|          | 0/21 [00:00<?, ?it/s][A

 10%|▉         | 2/21 [00:02<00:24,  1.28s/it][A

 14%|█▍        | 3/21 [00:04<00:26,  1.46s/it][A

 19%|█▉        | 4/21 [00:06<00:26,  1.58s/it][A

 24%|██▍       | 5/21 [00:07<00:25,  1.62s/it][A

 29%|██▊       | 6/21 [00:09<00:24,  1.60s/it][A

 33%|███▎      | 7/21 [00:10<00:22,  1.59s/it][A

 38%|███▊      | 8/21 [00:12<00:21,  1.63s/it][A

 43%|████▎     | 9/21 [00:14<00:20,  1.69s/it][A

 48%|████▊     | 10/21 [00:16<00:19,  1.74s/it][A

 52%|█████▏    | 11/21 [00:18<00:19,  1.95s/it][A

 57%|█████▋    | 12/21 [00:20<00:18,  2.03s/it][A

 62%|██████▏   | 13/21 [00:22<00:15,  1.96s/it][A

 67%|██████▋   | 14/21 [00:26<00:16,  2.38s/it][A

 71%|███████▏  | 15/21 [00:31<00:18,  3.15s/it][A

 76%|███████▌  | 16/21 [00:35<00:17,  3.53s/it][A

 81%|████████  | 17/21 [00:38<00:14,  3.51s/it][A

 86%|████████▌ | 18/21 [00:41<00:09,  3.09s/it][A

 90%|█████████ | 19/21 [00:42<00:05,  2.61s/it][A

 95%|█████████▌| 20/21 [00:43<00:02,  2.25s/it][A

100%|██████████| 21/21 [00:44<00:00,  1.90s/it][A
                                               

                                               
[A{'eval_loss': '0.7334', 'eval_runtime': '47.5', 'eval_samples_per_second': '1.747', 'eval_steps_per_second': '0.442', 'epoch': '1'}

 25%|██▌       | 13/52 [19:20<42:43, 65.73s/it]

100%|██████████| 21/21 [00:45<00:00,  1.90s/it][A

                                               [A
 27%|██▋       | 14/52 [20:50<55:27, 87.57s/it]
 29%|██▉       | 15/52 [22:19<54:15, 88.00s/it]
 31%|███       | 16/52 [23:52<53:31, 89.21s/it]
 33%|███▎      | 17/52 [25:23<52:29, 89.98s/it]
 35%|███▍      | 18/52 [26:59<51:57, 91.68s/it]
 37%|███▋      | 19/52 [28:31<50:33, 91.93s/it]
 38%|███▊      | 20/52 [30:06<49:25, 92.67s/it]
                                               
{'loss': '9.696', 'grad_norm': '8.462', 'learning_rate': '3.704e-06', 'epoch': '1.58'}

 38%|███▊      | 20/52 [30:06<49:25, 92.67s/it]
 40%|████      | 21/52 [31:42<48:22, 93.64s/it]
 42%|████▏     | 22/52 [33:14<46:34, 93.15s/it]
 44%|████▍     | 23/52 [34:47<45:06, 93.32s/it]
 46%|████▌     | 24/52 [36:21<43:34, 93.38s/it]
 48%|████▊     | 25/52 [37:53<41:50, 92.99s/it]
 50%|█████     | 26/52 [37:56<28:34, 65.94s/it]

  0%|          | 0/21 [00:00<?, ?it/s][A

 10%|▉         | 2/21 [00:02<00:24,  1.31s/it][A

 14%|█▍        | 3/21 [00:04<00:26,  1.48s/it][A

 19%|█▉        | 4/21 [00:06<00:27,  1.60s/it][A

 24%|██▍       | 5/21 [00:07<00:26,  1.64s/it][A

 29%|██▊       | 6/21 [00:09<00:24,  1.62s/it][A

 33%|███▎      | 7/21 [00:10<00:22,  1.60s/it][A

 38%|███▊      | 8/21 [00:12<00:21,  1.65s/it][A

 43%|████▎     | 9/21 [00:14<00:20,  1.70s/it][A

 48%|████▊     | 10/21 [00:16<00:19,  1.75s/it][A

 52%|█████▏    | 11/21 [00:18<00:19,  1.96s/it][A

 57%|█████▋    | 12/21 [00:21<00:18,  2.03s/it][A

 62%|██████▏   | 13/21 [00:22<00:15,  1.97s/it][A

 67%|██████▋   | 14/21 [00:26<00:16,  2.41s/it][A

 71%|███████▏  | 15/21 [00:31<00:18,  3.11s/it][A

 76%|███████▌  | 16/21 [00:35<00:17,  3.53s/it][A

 81%|████████  | 17/21 [00:39<00:14,  3.52s/it][A

 86%|████████▌ | 18/21 [00:41<00:09,  3.11s/it][A

 90%|█████████ | 19/21 [00:42<00:05,  2.63s/it][A

 95%|█████████▌| 20/21 [00:44<00:02,  2.26s/it][A

100%|██████████| 21/21 [00:45<00:00,  1.91s/it][A
                                               

                                               
[A{'eval_loss': '0.6983', 'eval_runtime': '47.75', 'eval_samples_per_second': '1.738', 'eval_steps_per_second': '0.44', 'epoch': '2'}

 50%|█████     | 26/52 [38:44<28:34, 65.94s/it]

100%|██████████| 21/21 [00:45<00:00,  1.91s/it][A

                                               [A
 52%|█████▏    | 27/52 [40:16<36:47, 88.31s/it]
 54%|█████▍    | 28/52 [41:51<36:03, 90.13s/it]
 56%|█████▌    | 29/52 [43:23<34:50, 90.89s/it]
 58%|█████▊    | 30/52 [44:58<33:41, 91.89s/it]
                                               
{'loss': '9.405', 'grad_norm': '8.361', 'learning_rate': '2.187e-06', 'epoch': '2.332'}

 58%|█████▊    | 30/52 [44:58<33:41, 91.89s/it]
 60%|█████▉    | 31/52 [46:30<32:10, 91.94s/it]
 62%|██████▏   | 32/52 [48:03<30:44, 92.24s/it]
 63%|██████▎   | 33/52 [49:37<29:23, 92.82s/it]
 65%|██████▌   | 34/52 [51:08<27:42, 92.34s/it]
 67%|██████▋   | 35/52 [52:39<26:05, 92.07s/it]
 69%|██████▉   | 36/52 [54:11<24:31, 91.95s/it]
 71%|███████   | 37/52 [55:44<23:02, 92.16s/it]
 73%|███████▎  | 38/52 [57:17<21:36, 92.60s/it]
 75%|███████▌  | 39/52 [57:20<14:12, 65.57s/it]

  0%|          | 0/21 [00:00<?, ?it/s][A

 10%|▉         | 2/21 [00:02<00:24,  1.30s/it][A

 14%|█▍        | 3/21 [00:04<00:26,  1.48s/it][A

 19%|█▉        | 4/21 [00:06<00:27,  1.60s/it][A

 24%|██▍       | 5/21 [00:07<00:26,  1.64s/it][A

 29%|██▊       | 6/21 [00:09<00:24,  1.62s/it][A

 33%|███▎      | 7/21 [00:10<00:22,  1.60s/it][A

 38%|███▊      | 8/21 [00:12<00:21,  1.64s/it][A

 43%|████▎     | 9/21 [00:14<00:20,  1.70s/it][A

 48%|████▊     | 10/21 [00:16<00:19,  1.74s/it][A

 52%|█████▏    | 11/21 [00:18<00:19,  1.94s/it][A

 57%|█████▋    | 12/21 [00:20<00:18,  2.02s/it][A

 62%|██████▏   | 13/21 [00:22<00:15,  1.96s/it][A

 67%|██████▋   | 14/21 [00:26<00:16,  2.41s/it][A

 71%|███████▏  | 15/21 [00:31<00:18,  3.11s/it][A

 76%|███████▌  | 16/21 [00:35<00:17,  3.53s/it][A

 81%|████████  | 17/21 [00:39<00:14,  3.52s/it][A

 86%|████████▌ | 18/21 [00:41<00:09,  3.11s/it][A

 90%|█████████ | 19/21 [00:42<00:05,  2.63s/it][A

 95%|█████████▌| 20/21 [00:44<00:02,  2.26s/it][A

100%|██████████| 21/21 [00:45<00:00,  1.91s/it][A
                                               

                                               
[A{'eval_loss': '0.6822', 'eval_runtime': '47.7', 'eval_samples_per_second': '1.74', 'eval_steps_per_second': '0.44', 'epoch': '3'}

 75%|███████▌  | 39/52 [58:08<14:12, 65.57s/it]

100%|██████████| 21/21 [00:45<00:00,  1.91s/it][A

                                               [A
 77%|███████▋  | 40/52 [59:39<17:30, 87.52s/it]
                                               
{'loss': '9.271', 'grad_norm': '6.74', 'learning_rate': '7.886e-07', 'epoch': '3.083'}

 77%|███████▋  | 40/52 [59:39<17:30, 87.52s/it]
 79%|███████▉  | 41/52 [1:01:11<16:18, 89.00s/it]
 81%|████████  | 42/52 [1:02:40<14:50, 89.02s/it]
 83%|████████▎ | 43/52 [1:04:15<13:38, 90.90s/it]
 85%|████████▍ | 44/52 [1:05:49<12:13, 91.66s/it]
 87%|████████▋ | 45/52 [1:07:20<10:40, 91.46s/it]
 88%|████████▊ | 46/52 [1:08:52<09:09, 91.56s/it]
 90%|█████████ | 47/52 [1:10:24<07:38, 91.73s/it]
 92%|█████████▏| 48/52 [1:11:57<06:08, 92.04s/it]
 94%|█████████▍| 49/52 [1:13:29<04:36, 92.23s/it]
 96%|█████████▌| 50/52 [1:15:06<03:07, 93.55s/it]
                                                 
{'loss': '10.1', 'grad_norm': '6.569', 'learning_rate': '4.428e-08', 'epoch': '3.912'}

 96%|█████████▌| 50/52 [1:15:06<03:07, 93.55s/it]
 98%|█████████▊| 51/52 [1:16:41<01:34, 94.14s/it]
100%|██████████| 52/52 [1:16:44<00:00, 66.64s/it]

  0%|          | 0/21 [00:00<?, ?it/s][A

 10%|▉         | 2/21 [00:02<00:24,  1.30s/it][A

 14%|█▍        | 3/21 [00:04<00:26,  1.48s/it][A

 19%|█▉        | 4/21 [00:06<00:27,  1.60s/it][A

 24%|██▍       | 5/21 [00:07<00:26,  1.64s/it][A

 29%|██▊       | 6/21 [00:09<00:24,  1.61s/it][A

 33%|███▎      | 7/21 [00:10<00:22,  1.60s/it][A

 38%|███▊      | 8/21 [00:12<00:21,  1.65s/it][A

 43%|████▎     | 9/21 [00:14<00:20,  1.70s/it][A

 48%|████▊     | 10/21 [00:16<00:19,  1.75s/it][A

 52%|█████▏    | 11/21 [00:18<00:19,  1.96s/it][A

 57%|█████▋    | 12/21 [00:21<00:18,  2.04s/it][A

 62%|██████▏   | 13/21 [00:22<00:15,  1.97s/it][A

 67%|██████▋   | 14/21 [00:26<00:16,  2.41s/it][A

 71%|███████▏  | 15/21 [00:31<00:18,  3.11s/it][A

 76%|███████▌  | 16/21 [00:35<00:17,  3.53s/it][A

 81%|████████  | 17/21 [00:39<00:14,  3.52s/it][A

 86%|████████▌ | 18/21 [00:41<00:09,  3.11s/it][A

 90%|█████████ | 19/21 [00:42<00:05,  2.62s/it][A

 95%|█████████▌| 20/21 [00:44<00:02,  2.26s/it][A

100%|██████████| 21/21 [00:45<00:00,  1.91s/it][A
                                                 

                                               
[A{'eval_loss': '0.6792', 'eval_runtime': '47.73', 'eval_samples_per_second': '1.739', 'eval_steps_per_second': '0.44', 'epoch': '4'}

100%|██████████| 52/52 [1:17:32<00:00, 66.64s/it]

100%|██████████| 21/21 [00:45<00:00,  1.91s/it][A

                                               [A
                                                 
{'train_runtime': '4652', 'train_samples_per_second': '0.662', 'train_steps_per_second': '0.011', 'train_loss': '9.748', 'epoch': '4'}

100%|██████████| 52/52 [1:17:32<00:00, 66.64s/it]
100%|██████████| 52/52 [1:17:32<00:00, 89.46s/it]
Saving model to artifacts/qwen3-8b-base_lora_enc_dec_r64_5e6_gcb_a128_graphv2_clean_s43_text...
AntigravitySeq2SeqTrainer: Saving model state dict to artifacts/qwen3-8b-base_lora_enc_dec_r64_5e6_gcb_a128_graphv2_clean_s43_text
HF upload complete: raafatabualazm/antigravity-qwen3-8b-artifacts/artifacts/qwen3-8b-base_lora_enc_dec_r64_5e6_gcb_a128_graphv2_clean_s43_text

Running multi-sample inference for legacy compile/CodeBLEU tasks...

Loading weights:   0%|          | 0/197 [00:00<?, ?it/s]
Loading weights: 100%|██████████| 197/197 [00:00<00:00, 40126.16it/s]
Decoder attention implementation: sdpa

Loading weights:   0%|          | 0/399 [00:00<?, ?it/s]
Loading weights: 100%|██████████| 399/399 [00:00<00:00, 8909.80it/s]
Enabled decoder gradient checkpointing.
Qwen graph prefix DISABLED (GRAPH_QWEN_PREFIX_TOKENS=0): text-only decoder; graph encoder compute skipped.
Applied PEFT LORA (r=64, alpha=128) to LocalBlockEncoder
Enabled local block encoder gradient checkpointing.
Applied PEFT LORA (r=64, alpha=128) to Decoder
loaded checkpoint: /workspace/artifacts/qwen3-8b-base_lora_enc_dec_r64_5e6_gcb_a128_graphv2_clean_s43_text/pytorch_model.bin
Loaded parameters with strict=False. Missing keys: 602, Unexpected keys: 0
Inference mode: decoder gradient checkpointing OFF; KV cache ON

generate:   0%|          | 0/154 [00:00<?, ?row/s]
                                                  
[1/154] generated 10 candidates

generate:   0%|          | 0/154 [00:49<?, ?row/s]
generate:   1%|          | 1/154 [00:49<2:06:02, 49.43s/row]
                                                            
[2/154] generated 10 candidates

generate:   1%|          | 1/154 [01:39<2:06:02, 49.43s/row]
generate:   1%|▏         | 2/154 [01:39<2:06:08, 49.79s/row]
                                                            
[3/154] generated 10 candidates

generate:   1%|▏         | 2/154 [02:24<2:06:08, 49.79s/row]
generate:   2%|▏         | 3/154 [02:24<1:59:37, 47.54s/row]
                                                            
[4/154] generated 10 candidates

generate:   2%|▏         | 3/154 [03:14<1:59:37, 47.54s/row]
generate:   3%|▎         | 4/154 [03:14<2:01:09, 48.46s/row]
                                                            
[5/154] generated 10 candidates

generate:   3%|▎         | 4/154 [03:39<2:01:09, 48.46s/row]
generate:   3%|▎         | 5/154 [03:39<1:39:39, 40.13s/row]
                                                            
[6/154] generated 10 candidates

generate:   3%|▎         | 5/154 [04:29<1:39:39, 40.13s/row]
generate:   4%|▍         | 6/154 [04:29<1:47:02, 43.39s/row]
                                                            
[7/154] generated 10 candidates

generate:   4%|▍         | 6/154 [05:19<1:47:02, 43.39s/row]
generate:   5%|▍         | 7/154 [05:19<1:51:22, 45.46s/row]
                                                            
[8/154] generated 10 candidates

generate:   5%|▍         | 7/154 [06:08<1:51:22, 45.46s/row]
generate:   5%|▌         | 8/154 [06:08<1:53:51, 46.79s/row]
                                                            
[9/154] generated 10 candidates

generate:   5%|▌         | 8/154 [06:58<1:53:51, 46.79s/row]
generate:   6%|▌         | 9/154 [06:58<1:55:19, 47.72s/row]
                                                            
[10/154] generated 10 candidates

generate:   6%|▌         | 9/154 [07:48<1:55:19, 47.72s/row]
generate:   6%|▋         | 10/154 [07:48<1:56:04, 48.36s/row]
                                                             
[11/154] generated 10 candidates

generate:   6%|▋         | 10/154 [08:37<1:56:04, 48.36s/row]
generate:   7%|▋         | 11/154 [08:37<1:56:16, 48.79s/row]
                                                             
[12/154] generated 10 candidates

generate:   7%|▋         | 11/154 [09:27<1:56:16, 48.79s/row]
generate:   8%|▊         | 12/154 [09:27<1:56:10, 49.09s/row]
                                                             
[13/154] generated 10 candidates

generate:   8%|▊         | 12/154 [10:17<1:56:10, 49.09s/row]
generate:   8%|▊         | 13/154 [10:17<1:55:50, 49.29s/row]
                                                             
[14/154] generated 10 candidates

generate:   8%|▊         | 13/154 [11:07<1:55:50, 49.29s/row]
generate:   9%|▉         | 14/154 [11:07<1:55:20, 49.43s/row]
                                                             
[15/154] generated 10 candidates

generate:   9%|▉         | 14/154 [11:56<1:55:20, 49.43s/row]
generate:  10%|▉         | 15/154 [11:56<1:54:43, 49.52s/row]
                                                             
[16/154] generated 10 candidates

generate:  10%|▉         | 15/154 [12:46<1:54:43, 49.52s/row]
generate:  10%|█         | 16/154 [12:46<1:54:01, 49.57s/row]
                                                             
[17/154] generated 10 candidates

generate:  10%|█         | 16/154 [13:36<1:54:01, 49.57s/row]
generate:  11%|█         | 17/154 [13:36<1:53:14, 49.60s/row]
                                                             
[18/154] generated 10 candidates

generate:  11%|█         | 17/154 [14:26<1:53:14, 49.60s/row]
generate:  12%|█▏        | 18/154 [14:26<1:52:30, 49.63s/row]
                                                             
[19/154] generated 10 candidates

generate:  12%|█▏        | 18/154 [15:09<1:52:30, 49.63s/row]
generate:  12%|█▏        | 19/154 [15:09<1:47:33, 47.80s/row]
                                                             
[20/154] generated 10 candidates

generate:  12%|█▏        | 19/154 [15:59<1:47:33, 47.80s/row]
generate:  13%|█▎        | 20/154 [15:59<1:48:03, 48.38s/row]
                                                             
[21/154] generated 10 candidates

generate:  13%|█▎        | 20/154 [16:49<1:48:03, 48.38s/row]
generate:  14%|█▎        | 21/154 [16:49<1:48:07, 48.78s/row]
                                                             
[22/154] generated 10 candidates

generate:  14%|█▎        | 21/154 [17:27<1:48:07, 48.78s/row]
generate:  14%|█▍        | 22/154 [17:27<1:40:13, 45.56s/row]
                                                             
[23/154] generated 10 candidates

generate:  14%|█▍        | 22/154 [17:33<1:40:13, 45.56s/row]
generate:  15%|█▍        | 23/154 [17:33<1:13:51, 33.83s/row]
                                                             
[24/154] generated 10 candidates

generate:  15%|█▍        | 23/154 [18:23<1:13:51, 33.83s/row]
generate:  16%|█▌        | 24/154 [18:23<1:23:39, 38.61s/row]
                                                             
[25/154] generated 10 candidates

generate:  16%|█▌        | 24/154 [19:13<1:23:39, 38.61s/row]
generate:  16%|█▌        | 25/154 [19:13<1:30:11, 41.95s/row]
                                                             
[26/154] generated 10 candidates

generate:  16%|█▌        | 25/154 [19:31<1:30:11, 41.95s/row]
generate:  17%|█▋        | 26/154 [19:31<1:14:43, 35.02s/row]
                                                             
[27/154] generated 10 candidates

generate:  17%|█▋        | 26/154 [19:38<1:14:43, 35.02s/row]
generate:  18%|█▊        | 27/154 [19:38<56:21, 26.63s/row]  
                                                           
[28/154] generated 10 candidates

generate:  18%|█▊        | 27/154 [20:28<56:21, 26.63s/row]
generate:  18%|█▊        | 28/154 [20:28<1:10:26, 33.54s/row]
                                                             
[29/154] generated 10 candidates

generate:  18%|█▊        | 28/154 [20:41<1:10:26, 33.54s/row]
generate:  19%|█▉        | 29/154 [20:41<56:56, 27.33s/row]  
                                                           
[30/154] generated 10 candidates

generate:  19%|█▉        | 29/154 [21:26<56:56, 27.33s/row]
generate:  19%|█▉        | 30/154 [21:26<1:07:28, 32.65s/row]
                                                             
[31/154] generated 10 candidates

generate:  19%|█▉        | 30/154 [22:16<1:07:28, 32.65s/row]
generate:  20%|██        | 31/154 [22:16<1:17:26, 37.77s/row]
                                                             
[32/154] generated 10 candidates

generate:  20%|██        | 31/154 [23:05<1:17:26, 37.77s/row]
generate:  21%|██        | 32/154 [23:05<1:24:03, 41.34s/row]
                                                             
[33/154] generated 10 candidates

generate:  21%|██        | 32/154 [23:27<1:24:03, 41.34s/row]
generate:  21%|██▏       | 33/154 [23:27<1:11:43, 35.56s/row]
                                                             
[34/154] generated 10 candidates

generate:  21%|██▏       | 33/154 [24:17<1:11:43, 35.56s/row]
generate:  22%|██▏       | 34/154 [24:17<1:19:38, 39.82s/row]
                                                             
[35/154] generated 10 candidates

generate:  22%|██▏       | 34/154 [25:07<1:19:38, 39.82s/row]
generate:  23%|██▎       | 35/154 [25:07<1:24:53, 42.80s/row]
                                                             
[36/154] generated 10 candidates

generate:  23%|██▎       | 35/154 [25:57<1:24:53, 42.80s/row]
generate:  23%|██▎       | 36/154 [25:57<1:28:16, 44.89s/row]
                                                             
[37/154] generated 10 candidates

generate:  23%|██▎       | 36/154 [26:47<1:28:16, 44.89s/row]
generate:  24%|██▍       | 37/154 [26:47<1:30:22, 46.35s/row]
                                                             
[38/154] generated 10 candidates

generate:  24%|██▍       | 37/154 [27:25<1:30:22, 46.35s/row]
generate:  25%|██▍       | 38/154 [27:25<1:24:45, 43.84s/row]
                                                             
[39/154] generated 10 candidates

generate:  25%|██▍       | 38/154 [28:14<1:24:45, 43.84s/row]
generate:  25%|██▌       | 39/154 [28:14<1:27:25, 45.61s/row]
                                                             
[40/154] generated 10 candidates

generate:  25%|██▌       | 39/154 [28:52<1:27:25, 45.61s/row]
generate:  26%|██▌       | 40/154 [28:52<1:22:22, 43.35s/row]
                                                             
[41/154] generated 10 candidates

generate:  26%|██▌       | 40/154 [29:42<1:22:22, 43.35s/row]
generate:  27%|██▋       | 41/154 [29:42<1:25:15, 45.27s/row]
                                                             
[42/154] generated 10 candidates

generate:  27%|██▋       | 41/154 [30:02<1:25:15, 45.27s/row]
generate:  27%|██▋       | 42/154 [30:02<1:10:19, 37.67s/row]
                                                             
[43/154] generated 10 candidates

generate:  27%|██▋       | 42/154 [30:52<1:10:19, 37.67s/row]
generate:  28%|██▊       | 43/154 [30:52<1:16:23, 41.29s/row]
                                                             
[44/154] generated 10 candidates

generate:  28%|██▊       | 43/154 [31:20<1:16:23, 41.29s/row]
generate:  29%|██▊       | 44/154 [31:20<1:08:47, 37.53s/row]
                                                             
[45/154] generated 10 candidates

generate:  29%|██▊       | 44/154 [32:10<1:08:47, 37.53s/row]
generate:  29%|██▉       | 45/154 [32:10<1:14:49, 41.19s/row]
                                                             
[46/154] generated 10 candidates

generate:  29%|██▉       | 45/154 [33:00<1:14:49, 41.19s/row]
generate:  30%|██▉       | 46/154 [33:00<1:18:44, 43.75s/row]
                                                             
[47/154] generated 10 candidates

generate:  30%|██▉       | 46/154 [33:13<1:18:44, 43.75s/row]
generate:  31%|███       | 47/154 [33:13<1:01:45, 34.64s/row]
                                                             
[48/154] generated 10 candidates

generate:  31%|███       | 47/154 [34:03<1:01:45, 34.64s/row]
generate:  31%|███       | 48/154 [34:03<1:09:11, 39.16s/row]
                                                             
[49/154] generated 10 candidates

generate:  31%|███       | 48/154 [34:16<1:09:11, 39.16s/row]
generate:  32%|███▏      | 49/154 [34:16<54:58, 31.41s/row]  
                                                           
[50/154] generated 10 candidates

generate:  32%|███▏      | 49/154 [35:06<54:58, 31.41s/row]
generate:  32%|███▏      | 50/154 [35:06<1:03:56, 36.89s/row]
                                                             
[51/154] generated 10 candidates

generate:  32%|███▏      | 50/154 [35:56<1:03:56, 36.89s/row]
generate:  33%|███▎      | 51/154 [35:56<1:09:55, 40.73s/row]
                                                             
[52/154] generated 10 candidates

generate:  33%|███▎      | 51/154 [36:45<1:09:55, 40.73s/row]
generate:  34%|███▍      | 52/154 [36:45<1:13:49, 43.43s/row]
                                                             
[53/154] generated 10 candidates

generate:  34%|███▍      | 52/154 [37:30<1:13:49, 43.43s/row]
generate:  34%|███▍      | 53/154 [37:30<1:13:48, 43.85s/row]
                                                             
[54/154] generated 10 candidates

generate:  34%|███▍      | 53/154 [38:20<1:13:48, 43.85s/row]
generate:  35%|███▌      | 54/154 [38:20<1:16:00, 45.61s/row]
                                                             
[55/154] generated 10 candidates

generate:  35%|███▌      | 54/154 [39:10<1:16:00, 45.61s/row]
generate:  36%|███▌      | 55/154 [39:10<1:17:17, 46.85s/row]
                                                             
[56/154] generated 10 candidates

generate:  36%|███▌      | 55/154 [39:48<1:17:17, 46.85s/row]
generate:  36%|███▋      | 56/154 [39:48<1:12:05, 44.13s/row]
                                                             
[57/154] generated 10 candidates

generate:  36%|███▋      | 56/154 [40:37<1:12:05, 44.13s/row]
generate:  37%|███▋      | 57/154 [40:37<1:14:04, 45.82s/row]
                                                             
[58/154] generated 10 candidates

generate:  37%|███▋      | 57/154 [41:27<1:14:04, 45.82s/row]
generate:  38%|███▊      | 58/154 [41:27<1:15:10, 46.99s/row]
                                                             
[59/154] generated 10 candidates

generate:  38%|███▊      | 58/154 [42:17<1:15:10, 46.99s/row]
generate:  38%|███▊      | 59/154 [42:17<1:15:41, 47.80s/row]
                                                             
[60/154] generated 10 candidates

generate:  38%|███▊      | 59/154 [43:06<1:15:41, 47.80s/row]
generate:  39%|███▉      | 60/154 [43:06<1:15:47, 48.38s/row]
                                                             
[61/154] generated 10 candidates

generate:  39%|███▉      | 60/154 [43:56<1:15:47, 48.38s/row]
generate:  40%|███▉      | 61/154 [43:56<1:15:36, 48.78s/row]
                                                             
[62/154] generated 10 candidates

generate:  40%|███▉      | 61/154 [44:46<1:15:36, 48.78s/row]
generate:  40%|████      | 62/154 [44:46<1:15:14, 49.07s/row]
                                                             
[63/154] generated 10 candidates

generate:  40%|████      | 62/154 [45:36<1:15:14, 49.07s/row]
generate:  41%|████      | 63/154 [45:36<1:14:43, 49.27s/row]
                                                             
[64/154] generated 10 candidates

generate:  41%|████      | 63/154 [46:25<1:14:43, 49.27s/row]
generate:  42%|████▏     | 64/154 [46:25<1:14:06, 49.40s/row]
                                                             
[65/154] generated 10 candidates

generate:  42%|████▏     | 64/154 [47:15<1:14:06, 49.40s/row]
generate:  42%|████▏     | 65/154 [47:15<1:13:25, 49.50s/row]
                                                             
[66/154] generated 10 candidates

generate:  42%|████▏     | 65/154 [47:51<1:13:25, 49.50s/row]
generate:  43%|████▎     | 66/154 [47:51<1:06:46, 45.53s/row]
                                                             
[67/154] generated 10 candidates

generate:  43%|████▎     | 66/154 [48:41<1:06:46, 45.53s/row]
generate:  44%|████▎     | 67/154 [48:41<1:07:50, 46.79s/row]
                                                             
[68/154] generated 10 candidates

generate:  44%|████▎     | 67/154 [49:31<1:07:50, 46.79s/row]
generate:  44%|████▍     | 68/154 [49:31<1:08:20, 47.69s/row]
                                                             
[69/154] generated 10 candidates

generate:  44%|████▍     | 68/154 [50:21<1:08:20, 47.69s/row]
generate:  45%|████▍     | 69/154 [50:21<1:08:26, 48.31s/row]
                                                             
[70/154] generated 10 candidates

generate:  45%|████▍     | 69/154 [51:10<1:08:26, 48.31s/row]
generate:  45%|████▌     | 70/154 [51:10<1:08:15, 48.75s/row]
                                                             
[71/154] generated 10 candidates

generate:  45%|████▌     | 70/154 [52:00<1:08:15, 48.75s/row]
generate:  46%|████▌     | 71/154 [52:00<1:07:53, 49.07s/row]
                                                             
[72/154] generated 10 candidates

generate:  46%|████▌     | 71/154 [52:50<1:07:53, 49.07s/row]
generate:  47%|████▋     | 72/154 [52:50<1:07:20, 49.27s/row]
                                                             
[73/154] generated 10 candidates

generate:  47%|████▋     | 72/154 [53:40<1:07:20, 49.27s/row]
generate:  47%|████▋     | 73/154 [53:40<1:06:43, 49.43s/row]
                                                             
[74/154] generated 10 candidates

generate:  47%|████▋     | 73/154 [54:30<1:06:43, 49.43s/row]
generate:  48%|████▊     | 74/154 [54:30<1:06:03, 49.55s/row]
                                                             
[75/154] generated 10 candidates

generate:  48%|████▊     | 74/154 [54:59<1:06:03, 49.55s/row]
generate:  49%|████▊     | 75/154 [54:59<57:20, 43.55s/row]  
                                                           
[76/154] generated 10 candidates

generate:  49%|████▊     | 75/154 [55:49<57:20, 43.55s/row]
generate:  49%|████▉     | 76/154 [55:49<59:02, 45.42s/row]
                                                           
[77/154] generated 10 candidates

generate:  49%|████▉     | 76/154 [56:39<59:02, 45.42s/row]
generate:  50%|█████     | 77/154 [56:39<59:58, 46.73s/row]
                                                           
[78/154] generated 10 candidates

generate:  50%|█████     | 77/154 [57:28<59:58, 46.73s/row]
generate:  51%|█████     | 78/154 [57:28<1:00:19, 47.63s/row]
                                                             
[79/154] generated 10 candidates

generate:  51%|█████     | 78/154 [58:18<1:00:19, 47.63s/row]
generate:  51%|█████▏    | 79/154 [58:18<1:00:20, 48.28s/row]
                                                             
[80/154] generated 10 candidates

generate:  51%|█████▏    | 79/154 [59:08<1:00:20, 48.28s/row]
generate:  52%|█████▏    | 80/154 [59:08<1:00:05, 48.72s/row]
                                                             
[81/154] generated 10 candidates

generate:  52%|█████▏    | 80/154 [59:44<1:00:05, 48.72s/row]
generate:  53%|█████▎    | 81/154 [59:44<54:40, 44.93s/row]  
                                                           
[82/154] generated 10 candidates

generate:  53%|█████▎    | 81/154 [1:00:34<54:40, 44.93s/row]
generate:  53%|█████▎    | 82/154 [1:00:34<55:37, 46.36s/row]
                                                             
[83/154] generated 10 candidates

generate:  53%|█████▎    | 82/154 [1:01:23<55:37, 46.36s/row]
generate:  54%|█████▍    | 83/154 [1:01:23<56:03, 47.38s/row]
                                                             
[84/154] generated 10 candidates

generate:  54%|█████▍    | 83/154 [1:02:13<56:03, 47.38s/row]
generate:  55%|█████▍    | 84/154 [1:02:13<56:05, 48.09s/row]
                                                             
[85/154] generated 10 candidates

generate:  55%|█████▍    | 84/154 [1:03:03<56:05, 48.09s/row]
generate:  55%|█████▌    | 85/154 [1:03:03<55:52, 48.59s/row]
                                                             
[86/154] generated 10 candidates

generate:  55%|█████▌    | 85/154 [1:03:53<55:52, 48.59s/row]
generate:  56%|█████▌    | 86/154 [1:03:53<55:26, 48.92s/row]
                                                             
[87/154] generated 10 candidates

generate:  56%|█████▌    | 86/154 [1:04:42<55:26, 48.92s/row]
generate:  56%|█████▋    | 87/154 [1:04:42<54:52, 49.14s/row]
                                                             
[88/154] generated 10 candidates

generate:  56%|█████▋    | 87/154 [1:05:32<54:52, 49.14s/row]
generate:  57%|█████▋    | 88/154 [1:05:32<54:15, 49.33s/row]
                                                             
[89/154] generated 10 candidates

generate:  57%|█████▋    | 88/154 [1:06:22<54:15, 49.33s/row]
generate:  58%|█████▊    | 89/154 [1:06:22<53:34, 49.46s/row]
                                                             
[90/154] generated 10 candidates

generate:  58%|█████▊    | 89/154 [1:07:12<53:34, 49.46s/row]
generate:  58%|█████▊    | 90/154 [1:07:12<52:51, 49.55s/row]
                                                             
[91/154] generated 10 candidates

generate:  58%|█████▊    | 90/154 [1:08:01<52:51, 49.55s/row]
generate:  59%|█████▉    | 91/154 [1:08:01<52:05, 49.62s/row]
                                                             
[92/154] generated 10 candidates

generate:  59%|█████▉    | 91/154 [1:08:46<52:05, 49.62s/row]
generate:  60%|█████▉    | 92/154 [1:08:46<49:44, 48.14s/row]
                                                             
[93/154] generated 10 candidates

generate:  60%|█████▉    | 92/154 [1:09:36<49:44, 48.14s/row]
generate:  60%|██████    | 93/154 [1:09:36<49:26, 48.63s/row]
                                                             
[94/154] generated 10 candidates

generate:  60%|██████    | 93/154 [1:10:26<49:26, 48.63s/row]
generate:  61%|██████    | 94/154 [1:10:26<48:57, 48.97s/row]
                                                             
[95/154] generated 10 candidates

generate:  61%|██████    | 94/154 [1:11:15<48:57, 48.97s/row]
generate:  62%|██████▏   | 95/154 [1:11:15<48:23, 49.21s/row]
                                                             
[96/154] generated 10 candidates

generate:  62%|██████▏   | 95/154 [1:12:05<48:23, 49.21s/row]
generate:  62%|██████▏   | 96/154 [1:12:05<47:43, 49.37s/row]
                                                             
[97/154] generated 10 candidates

generate:  62%|██████▏   | 96/154 [1:12:55<47:43, 49.37s/row]
generate:  63%|██████▎   | 97/154 [1:12:55<47:01, 49.49s/row]
                                                             
[98/154] generated 10 candidates

generate:  63%|██████▎   | 97/154 [1:13:34<47:01, 49.49s/row]
generate:  64%|██████▎   | 98/154 [1:13:34<43:14, 46.33s/row]
                                                             
[99/154] generated 10 candidates

generate:  64%|██████▎   | 98/154 [1:14:24<43:14, 46.33s/row]
generate:  64%|██████▍   | 99/154 [1:14:24<43:24, 47.36s/row]
                                                             
[100/154] generated 10 candidates

generate:  64%|██████▍   | 99/154 [1:15:13<43:24, 47.36s/row]
generate:  65%|██████▍   | 100/154 [1:15:13<43:16, 48.09s/row]
                                                              
[101/154] generated 10 candidates

generate:  65%|██████▍   | 100/154 [1:15:26<43:16, 48.09s/row]
generate:  66%|██████▌   | 101/154 [1:15:26<32:58, 37.34s/row]
                                                              
[102/154] generated 10 candidates

generate:  66%|██████▌   | 101/154 [1:16:14<32:58, 37.34s/row]
generate:  66%|██████▌   | 102/154 [1:16:14<35:16, 40.70s/row]
                                                              
[103/154] generated 10 candidates

generate:  66%|██████▌   | 102/154 [1:17:04<35:16, 40.70s/row]
generate:  67%|██████▋   | 103/154 [1:17:04<36:53, 43.40s/row]
                                                              
[104/154] generated 10 candidates

generate:  67%|██████▋   | 103/154 [1:17:54<36:53, 43.40s/row]
generate:  68%|██████▊   | 104/154 [1:17:54<37:44, 45.30s/row]
                                                              
[105/154] generated 10 candidates

generate:  68%|██████▊   | 104/154 [1:18:43<37:44, 45.30s/row]
generate:  68%|██████▊   | 105/154 [1:18:43<38:04, 46.63s/row]
                                                              
[106/154] generated 10 candidates

generate:  68%|██████▊   | 105/154 [1:19:31<38:04, 46.63s/row]
generate:  69%|██████▉   | 106/154 [1:19:31<37:37, 47.03s/row]
                                                              
[107/154] generated 10 candidates

generate:  69%|██████▉   | 106/154 [1:20:21<37:37, 47.03s/row]
generate:  69%|██████▉   | 107/154 [1:20:21<37:27, 47.83s/row]
                                                              
[108/154] generated 10 candidates

generate:  69%|██████▉   | 107/154 [1:21:11<37:27, 47.83s/row]
generate:  70%|███████   | 108/154 [1:21:11<37:06, 48.40s/row]
                                                              
[109/154] generated 10 candidates

generate:  70%|███████   | 108/154 [1:22:01<37:06, 48.40s/row]
generate:  71%|███████   | 109/154 [1:22:01<36:36, 48.80s/row]
                                                              
[110/154] generated 10 candidates

generate:  71%|███████   | 109/154 [1:22:50<36:36, 48.80s/row]
generate:  71%|███████▏  | 110/154 [1:22:50<35:59, 49.07s/row]
                                                              
[111/154] generated 10 candidates

generate:  71%|███████▏  | 110/154 [1:23:40<35:59, 49.07s/row]
generate:  72%|███████▏  | 111/154 [1:23:40<35:17, 49.24s/row]
                                                              
[112/154] generated 10 candidates

generate:  72%|███████▏  | 111/154 [1:24:30<35:17, 49.24s/row]
generate:  73%|███████▎  | 112/154 [1:24:30<34:35, 49.41s/row]
                                                              
[113/154] generated 10 candidates

generate:  73%|███████▎  | 112/154 [1:24:57<34:35, 49.41s/row]
generate:  73%|███████▎  | 113/154 [1:24:57<29:09, 42.67s/row]
                                                              
[114/154] generated 10 candidates

generate:  73%|███████▎  | 113/154 [1:25:46<29:09, 42.67s/row]
generate:  74%|███████▍  | 114/154 [1:25:46<29:51, 44.80s/row]
                                                              
[115/154] generated 10 candidates

generate:  74%|███████▍  | 114/154 [1:26:36<29:51, 44.80s/row]
generate:  75%|███████▍  | 115/154 [1:26:36<30:03, 46.25s/row]
                                                              
[116/154] generated 10 candidates

generate:  75%|███████▍  | 115/154 [1:26:54<30:03, 46.25s/row]
generate:  75%|███████▌  | 116/154 [1:26:54<23:56, 37.80s/row]
                                                              
[117/154] generated 10 candidates

generate:  75%|███████▌  | 116/154 [1:27:44<23:56, 37.80s/row]
generate:  76%|███████▌  | 117/154 [1:27:44<25:30, 41.37s/row]
                                                              
[118/154] generated 10 candidates

generate:  76%|███████▌  | 117/154 [1:28:34<25:30, 41.37s/row]
generate:  77%|███████▋  | 118/154 [1:28:34<26:20, 43.89s/row]
                                                              
[119/154] generated 10 candidates

generate:  77%|███████▋  | 118/154 [1:29:23<26:20, 43.89s/row]
generate:  77%|███████▋  | 119/154 [1:29:23<26:37, 45.65s/row]
                                                              
[120/154] generated 10 candidates

generate:  77%|███████▋  | 119/154 [1:29:51<26:37, 45.65s/row]
generate:  78%|███████▊  | 120/154 [1:29:51<22:47, 40.23s/row]
                                                              
[121/154] generated 10 candidates

generate:  78%|███████▊  | 120/154 [1:30:31<22:47, 40.23s/row]
generate:  79%|███████▊  | 121/154 [1:30:31<22:10, 40.33s/row]
                                                              
[122/154] generated 10 candidates

generate:  79%|███████▊  | 121/154 [1:31:21<22:10, 40.33s/row]
generate:  79%|███████▉  | 122/154 [1:31:21<23:01, 43.17s/row]
                                                              
[123/154] generated 10 candidates

generate:  79%|███████▉  | 122/154 [1:32:11<23:01, 43.17s/row]
generate:  80%|███████▉  | 123/154 [1:32:11<23:19, 45.16s/row]
                                                              
[124/154] generated 10 candidates

generate:  80%|███████▉  | 123/154 [1:32:52<23:19, 45.16s/row]
generate:  81%|████████  | 124/154 [1:32:52<21:55, 43.84s/row]
                                                              
[125/154] generated 10 candidates

generate:  81%|████████  | 124/154 [1:33:32<21:55, 43.84s/row]
generate:  81%|████████  | 125/154 [1:33:32<20:40, 42.79s/row]
                                                              
[126/154] generated 10 candidates

generate:  81%|████████  | 125/154 [1:34:22<20:40, 42.79s/row]
generate:  82%|████████▏ | 126/154 [1:34:22<20:56, 44.89s/row]
                                                              
[127/154] generated 10 candidates

generate:  82%|████████▏ | 126/154 [1:35:12<20:56, 44.89s/row]
generate:  82%|████████▏ | 127/154 [1:35:12<20:51, 46.36s/row]
                                                              
[128/154] generated 10 candidates

generate:  82%|████████▏ | 127/154 [1:36:01<20:51, 46.36s/row]
generate:  83%|████████▎ | 128/154 [1:36:01<20:31, 47.37s/row]
                                                              
[129/154] generated 10 candidates

generate:  83%|████████▎ | 128/154 [1:36:51<20:31, 47.37s/row]
generate:  84%|████████▍ | 129/154 [1:36:51<20:02, 48.09s/row]
                                                              
[130/154] generated 10 candidates

generate:  84%|████████▍ | 129/154 [1:37:41<20:02, 48.09s/row]
generate:  84%|████████▍ | 130/154 [1:37:41<19:26, 48.59s/row]
                                                              
[131/154] generated 10 candidates

generate:  84%|████████▍ | 130/154 [1:38:31<19:26, 48.59s/row]
generate:  85%|████████▌ | 131/154 [1:38:31<18:44, 48.90s/row]
                                                              
[132/154] generated 10 candidates

generate:  85%|████████▌ | 131/154 [1:38:43<18:44, 48.90s/row]
generate:  86%|████████▌ | 132/154 [1:38:43<13:55, 37.96s/row]
                                                              
[133/154] generated 10 candidates

generate:  86%|████████▌ | 132/154 [1:39:33<13:55, 37.96s/row]
generate:  86%|████████▋ | 133/154 [1:39:33<14:31, 41.49s/row]
                                                              
[134/154] generated 10 candidates

generate:  86%|████████▋ | 133/154 [1:40:22<14:31, 41.49s/row]
generate:  87%|████████▋ | 134/154 [1:40:22<14:39, 43.96s/row]
                                                              
[135/154] generated 10 candidates

generate:  87%|████████▋ | 134/154 [1:41:12<14:39, 43.96s/row]
generate:  88%|████████▊ | 135/154 [1:41:12<14:28, 45.71s/row]
                                                              
[136/154] generated 10 candidates

generate:  88%|████████▊ | 135/154 [1:42:02<14:28, 45.71s/row]
generate:  88%|████████▊ | 136/154 [1:42:02<14:04, 46.93s/row]
                                                              
[137/154] generated 10 candidates

generate:  88%|████████▊ | 136/154 [1:42:52<14:04, 46.93s/row]
generate:  89%|████████▉ | 137/154 [1:42:52<13:32, 47.78s/row]
                                                              
[138/154] generated 10 candidates

generate:  89%|████████▉ | 137/154 [1:43:42<13:32, 47.78s/row]
generate:  90%|████████▉ | 138/154 [1:43:42<12:54, 48.39s/row]
                                                              
[139/154] generated 10 candidates

generate:  90%|████████▉ | 138/154 [1:44:31<12:54, 48.39s/row]
generate:  90%|█████████ | 139/154 [1:44:31<12:12, 48.81s/row]
                                                              
[140/154] generated 10 candidates

generate:  90%|█████████ | 139/154 [1:45:21<12:12, 48.81s/row]
generate:  91%|█████████ | 140/154 [1:45:21<11:27, 49.11s/row]
                                                              
[141/154] generated 10 candidates

generate:  91%|█████████ | 140/154 [1:46:11<11:27, 49.11s/row]
generate:  92%|█████████▏| 141/154 [1:46:11<10:41, 49.31s/row]
                                                              
[142/154] generated 10 candidates

generate:  92%|█████████▏| 141/154 [1:47:01<10:41, 49.31s/row]
generate:  92%|█████████▏| 142/154 [1:47:01<09:53, 49.46s/row]
                                                              
[143/154] generated 10 candidates

generate:  92%|█████████▏| 142/154 [1:47:12<09:53, 49.46s/row]
generate:  93%|█████████▎| 143/154 [1:47:12<06:57, 37.91s/row]
                                                              
[144/154] generated 10 candidates

generate:  93%|█████████▎| 143/154 [1:48:02<06:57, 37.91s/row]
generate:  94%|█████████▎| 144/154 [1:48:02<06:54, 41.48s/row]
                                                              
[145/154] generated 10 candidates

generate:  94%|█████████▎| 144/154 [1:48:51<06:54, 41.48s/row]
generate:  94%|█████████▍| 145/154 [1:48:51<06:35, 43.98s/row]
                                                              
[146/154] generated 10 candidates

generate:  94%|█████████▍| 145/154 [1:49:41<06:35, 43.98s/row]
generate:  95%|█████████▍| 146/154 [1:49:41<06:05, 45.73s/row]
                                                              
[147/154] generated 10 candidates

generate:  95%|█████████▍| 146/154 [1:50:31<06:05, 45.73s/row]
generate:  95%|█████████▌| 147/154 [1:50:31<05:28, 46.96s/row]
                                                              
[148/154] generated 10 candidates

generate:  95%|█████████▌| 147/154 [1:51:21<05:28, 46.96s/row]
generate:  96%|█████████▌| 148/154 [1:51:21<04:46, 47.82s/row]
                                                              
[149/154] generated 10 candidates

generate:  96%|█████████▌| 148/154 [1:51:52<04:46, 47.82s/row]
generate:  97%|█████████▋| 149/154 [1:51:52<03:34, 42.84s/row]
                                                              
[150/154] generated 10 candidates

generate:  97%|█████████▋| 149/154 [1:52:42<03:34, 42.84s/row]
generate:  97%|█████████▋| 150/154 [1:52:42<02:59, 44.91s/row]
                                                              
[151/154] generated 10 candidates

generate:  97%|█████████▋| 150/154 [1:53:32<02:59, 44.91s/row]
generate:  98%|█████████▊| 151/154 [1:53:32<02:19, 46.38s/row]
                                                              
[152/154] generated 10 candidates

generate:  98%|█████████▊| 151/154 [1:54:21<02:19, 46.38s/row]
generate:  99%|█████████▊| 152/154 [1:54:21<01:34, 47.24s/row]
                                                              
[153/154] generated 10 candidates

generate:  99%|█████████▊| 152/154 [1:55:10<01:34, 47.24s/row]
generate:  99%|█████████▉| 153/154 [1:55:10<00:47, 47.82s/row]
                                                              
[154/154] generated 10 candidates

generate:  99%|█████████▉| 153/154 [1:56:00<00:47, 47.82s/row]
generate: 100%|██████████| 154/154 [1:56:00<00:00, 48.42s/row]
generate: 100%|██████████| 154/154 [1:56:00<00:00, 45.20s/row]
wrote /workspace/results/qwen3-8b-base_lora_enc_dec_r64_5e6_gcb_a128_graphv2_clean_s43_text_compile_predictions.json
wrote /workspace/results/qwen3-8b-base_lora_enc_dec_r64_5e6_gcb_a128_graphv2_clean_s43_text_compile_predictions.json.provenance.json

Compile and pass evaluation settings match; reusing the same candidate pool.

Calculating metrics...
CodeBLEU Results:
{
  "count": 154,
  "samples_with_success": 154,
  "mean_codebleu": 0.6421760978366948,
  "min_codebleu": 0.5007809307729272,
  "max_codebleu": 0.8173029697065906
}

Compiled-only CodeBLEU Results:
{
  "count": 154,
  "samples_with_success": 39,
  "mean_codebleu": 0.6329165627415405,
  "min_codebleu": 0.46794142313484605,
  "max_codebleu": 0.7567791554147776
}

Using Dart binary: /usr/bin/dart | workers=64

compile@k:   0%|          | 0/154 [00:00<?, ?row/s]
compile@k:   1%|          | 1/154 [00:14<37:54, 14.87s/row]
compile@k:   1%|▏         | 2/154 [00:20<23:16,  9.19s/row]
compile@k:   3%|▎         | 4/154 [00:25<12:35,  5.04s/row]
compile@k:   7%|▋         | 11/154 [00:50<09:27,  3.97s/row]
compile@k:  47%|████▋     | 73/154 [01:03<00:45,  1.77row/s]
compile@k:  55%|█████▍    | 84/154 [01:08<00:37,  1.85row/s]
compile@k:  77%|███████▋  | 118/154 [02:01<00:36,  1.00s/row]
compile@k: 100%|██████████| 154/154 [02:01<00:00,  1.27row/s]
Compile@k Results:
[1/154] n=10, compiling=0, compile@1=0.0000
[2/154] n=10, compiling=10, compile@1=1.0000
[3/154] n=10, compiling=8, compile@1=0.8000
[4/154] n=10, compiling=3, compile@1=0.3000
[5/154] n=10, compiling=0, compile@1=0.0000
[6/154] n=10, compiling=10, compile@1=1.0000
[7/154] n=10, compiling=9, compile@1=0.9000
[8/154] n=10, compiling=5, compile@1=0.5000
[9/154] n=10, compiling=7, compile@1=0.7000
[10/154] n=10, compiling=4, compile@1=0.4000
[11/154] n=10, compiling=8, compile@1=0.8000
[12/154] n=10, compiling=6, compile@1=0.6000
[13/154] n=10, compiling=10, compile@1=1.0000
[14/154] n=10, compiling=5, compile@1=0.5000
[15/154] n=10, compiling=10, compile@1=1.0000
[16/154] n=10, compiling=5, compile@1=0.5000
[17/154] n=10, compiling=8, compile@1=0.8000
[18/154] n=10, compiling=3, compile@1=0.3000
[19/154] n=10, compiling=10, compile@1=1.0000
[20/154] n=10, compiling=9, compile@1=0.9000
[21/154] n=10, compiling=4, compile@1=0.4000
[22/154] n=10, compiling=0, compile@1=0.0000
[23/154] n=10, compiling=10, compile@1=1.0000
[24/154] n=10, compiling=10, compile@1=1.0000
[25/154] n=10, compiling=10, compile@1=1.0000
[26/154] n=10, compiling=6, compile@1=0.6000
[27/154] n=10, compiling=9, compile@1=0.9000
[28/154] n=10, compiling=9, compile@1=0.9000
[29/154] n=10, compiling=10, compile@1=1.0000
[30/154] n=10, compiling=10, compile@1=1.0000
[31/154] n=10, compiling=8, compile@1=0.8000
[32/154] n=10, compiling=9, compile@1=0.9000
[33/154] n=10, compiling=0, compile@1=0.0000
[34/154] n=10, compiling=10, compile@1=1.0000
[35/154] n=10, compiling=8, compile@1=0.8000
[36/154] n=10, compiling=8, compile@1=0.8000
[37/154] n=10, compiling=10, compile@1=1.0000
[38/154] n=10, compiling=3, compile@1=0.3000
[39/154] n=10, compiling=7, compile@1=0.7000
[40/154] n=10, compiling=10, compile@1=1.0000
[41/154] n=10, compiling=7, compile@1=0.7000
[42/154] n=10, compiling=7, compile@1=0.7000
[43/154] n=10, compiling=1, compile@1=0.1000
[44/154] n=10, compiling=0, compile@1=0.0000
[45/154] n=10, compiling=8, compile@1=0.8000
[46/154] n=10, compiling=6, compile@1=0.6000
[47/154] n=10, compiling=9, compile@1=0.9000
[48/154] n=10, compiling=5, compile@1=0.5000
[49/154] n=10, compiling=10, compile@1=1.0000
[50/154] n=10, compiling=6, compile@1=0.6000
[51/154] n=10, compiling=7, compile@1=0.7000
[52/154] n=10, compiling=9, compile@1=0.9000
[53/154] n=10, compiling=10, compile@1=1.0000
[54/154] n=10, compiling=7, compile@1=0.7000
[55/154] n=10, compiling=9, compile@1=0.9000
[56/154] n=10, compiling=9, compile@1=0.9000
[57/154] n=10, compiling=8, compile@1=0.8000
[58/154] n=10, compiling=9, compile@1=0.9000
[59/154] n=10, compiling=9, compile@1=0.9000
[60/154] n=10, compiling=8, compile@1=0.8000
[61/154] n=10, compiling=6, compile@1=0.6000
[62/154] n=10, compiling=2, compile@1=0.2000
[63/154] n=10, compiling=7, compile@1=0.7000
[64/154] n=10, compiling=6, compile@1=0.6000
[65/154] n=10, compiling=5, compile@1=0.5000
[66/154] n=10, compiling=9, compile@1=0.9000
[67/154] n=10, compiling=10, compile@1=1.0000
[68/154] n=10, compiling=1, compile@1=0.1000
[69/154] n=10, compiling=6, compile@1=0.6000
[70/154] n=10, compiling=2, compile@1=0.2000
[71/154] n=10, compiling=9, compile@1=0.9000
[72/154] n=10, compiling=3, compile@1=0.3000
[73/154] n=10, compiling=2, compile@1=0.2000
[74/154] n=10, compiling=2, compile@1=0.2000
[75/154] n=10, compiling=8, compile@1=0.8000
[76/154] n=10, compiling=8, compile@1=0.8000
[77/154] n=10, compiling=10, compile@1=1.0000
[78/154] n=10, compiling=10, compile@1=1.0000
[79/154] n=10, compiling=6, compile@1=0.6000
[80/154] n=10, compiling=6, compile@1=0.6000
[81/154] n=10, compiling=10, compile@1=1.0000
[82/154] n=10, compiling=5, compile@1=0.5000
[83/154] n=10, compiling=9, compile@1=0.9000
[84/154] n=10, compiling=3, compile@1=0.3000
[85/154] n=10, compiling=5, compile@1=0.5000
[86/154] n=10, compiling=9, compile@1=0.9000
[87/154] n=10, compiling=6, compile@1=0.6000
[88/154] n=10, compiling=0, compile@1=0.0000
[89/154] n=10, compiling=5, compile@1=0.5000
[90/154] n=10, compiling=3, compile@1=0.3000
[91/154] n=10, compiling=0, compile@1=0.0000
[92/154] n=10, compiling=8, compile@1=0.8000
[93/154] n=10, compiling=1, compile@1=0.1000
[94/154] n=10, compiling=2, compile@1=0.2000
[95/154] n=10, compiling=2, compile@1=0.2000
[96/154] n=10, compiling=2, compile@1=0.2000
[97/154] n=10, compiling=4, compile@1=0.4000
[98/154] n=10, compiling=4, compile@1=0.4000
[99/154] n=10, compiling=8, compile@1=0.8000
[100/154] n=10, compiling=10, compile@1=1.0000
[101/154] n=10, compiling=10, compile@1=1.0000
[102/154] n=10, compiling=9, compile@1=0.9000
[103/154] n=10, compiling=6, compile@1=0.6000
[104/154] n=10, compiling=5, compile@1=0.5000
[105/154] n=10, compiling=9, compile@1=0.9000
[106/154] n=10, compiling=1, compile@1=0.1000
[107/154] n=10, compiling=8, compile@1=0.8000
[108/154] n=10, compiling=9, compile@1=0.9000
[109/154] n=10, compiling=2, compile@1=0.2000
[110/154] n=10, compiling=8, compile@1=0.8000
[111/154] n=10, compiling=10, compile@1=1.0000
[112/154] n=10, compiling=6, compile@1=0.6000
[113/154] n=10, compiling=2, compile@1=0.2000
[114/154] n=10, compiling=7, compile@1=0.7000
[115/154] n=10, compiling=10, compile@1=1.0000
[116/154] n=10, compiling=0, compile@1=0.0000
[117/154] n=10, compiling=3, compile@1=0.3000
[118/154] n=10, compiling=8, compile@1=0.8000
[119/154] n=10, compiling=10, compile@1=1.0000
[120/154] n=10, compiling=10, compile@1=1.0000
[121/154] n=10, compiling=0, compile@1=0.0000
[122/154] n=10, compiling=7, compile@1=0.7000
[123/154] n=10, compiling=2, compile@1=0.2000
[124/154] n=10, compiling=10, compile@1=1.0000
[125/154] n=10, compiling=8, compile@1=0.8000
[126/154] n=10, compiling=5, compile@1=0.5000
[127/154] n=10, compiling=10, compile@1=1.0000
[128/154] n=10, compiling=8, compile@1=0.8000
[129/154] n=10, compiling=8, compile@1=0.8000
[130/154] n=10, compiling=6, compile@1=0.6000
[131/154] n=10, compiling=5, compile@1=0.5000
[132/154] n=10, compiling=9, compile@1=0.9000
[133/154] n=10, compiling=5, compile@1=0.5000
[134/154] n=10, compiling=7, compile@1=0.7000
[135/154] n=10, compiling=9, compile@1=0.9000
[136/154] n=10, compiling=4, compile@1=0.4000
[137/154] n=10, compiling=5, compile@1=0.5000
[138/154] n=10, compiling=10, compile@1=1.0000
[139/154] n=10, compiling=0, compile@1=0.0000
[140/154] n=10, compiling=8, compile@1=0.8000
[141/154] n=10, compiling=8, compile@1=0.8000
[142/154] n=10, compiling=9, compile@1=0.9000
[143/154] n=10, compiling=0, compile@1=0.0000
[144/154] n=10, compiling=10, compile@1=1.0000
[145/154] n=10, compiling=0, compile@1=0.0000
[146/154] n=10, compiling=9, compile@1=0.9000
[147/154] n=10, compiling=7, compile@1=0.7000
[148/154] n=10, compiling=8, compile@1=0.8000
[149/154] n=10, compiling=6, compile@1=0.6000
[150/154] n=10, compiling=10, compile@1=1.0000
[151/154] n=10, compiling=7, compile@1=0.7000
[152/154] n=10, compiling=7, compile@1=0.7000
[153/154] n=10, compiling=0, compile@1=0.0000
[154/154] n=10, compiling=8, compile@1=0.8000
{
  "compile_at_1": 0.640909090909091,
  "compile_at_5": 0.8832714904143475,
  "total_problems": 154
}

Using Dart binary: /usr/bin/dart | workers=64

pass@k:   0%|          | 0/154 [00:00<?, ?row/s]
pass@k:   1%|          | 1/154 [00:19<48:58, 19.21s/row]
pass@k:   1%|▏         | 2/154 [00:20<22:13,  8.78s/row]
pass@k:   2%|▏         | 3/154 [00:22<14:39,  5.82s/row]
pass@k:   3%|▎         | 4/154 [00:23<09:48,  3.92s/row]
pass@k:   5%|▌         | 8/154 [00:25<03:25,  1.41s/row]
pass@k:   7%|▋         | 11/154 [00:51<10:52,  4.56s/row]
pass@k:  42%|████▏     | 65/154 [00:56<00:40,  2.18row/s]
pass@k:  47%|████▋     | 73/154 [01:09<00:52,  1.55row/s]
pass@k:  77%|███████▋  | 118/154 [02:01<00:33,  1.06row/s]
pass@k: 100%|██████████| 154/154 [02:01<00:00,  1.27row/s]
Pass@k Results:
[1/154] n=10, passed=0, pass@1=0.0000
[2/154] n=10, passed=1, pass@1=0.1000
[3/154] n=10, passed=0, pass@1=0.0000
[4/154] n=10, passed=1, pass@1=0.1000
[5/154] n=10, passed=0, pass@1=0.0000
[6/154] n=10, passed=10, pass@1=1.0000
[7/154] n=10, passed=0, pass@1=0.0000
[8/154] n=10, passed=4, pass@1=0.4000
[9/154] n=10, passed=0, pass@1=0.0000
[10/154] n=10, passed=4, pass@1=0.4000
[11/154] n=10, passed=0, pass@1=0.0000
[12/154] n=10, passed=0, pass@1=0.0000
[13/154] n=10, passed=8, pass@1=0.8000
[14/154] n=10, passed=4, pass@1=0.4000
[15/154] n=10, passed=8, pass@1=0.8000
[16/154] n=10, passed=0, pass@1=0.0000
[17/154] n=10, passed=0, pass@1=0.0000
[18/154] n=10, passed=0, pass@1=0.0000
[19/154] n=10, passed=9, pass@1=0.9000
[20/154] n=10, passed=0, pass@1=0.0000
[21/154] n=10, passed=0, pass@1=0.0000
[22/154] n=10, passed=0, pass@1=0.0000
[23/154] n=10, passed=10, pass@1=1.0000
[24/154] n=10, passed=2, pass@1=0.2000
[25/154] n=10, passed=0, pass@1=0.0000
[26/154] n=10, passed=1, pass@1=0.1000
[27/154] n=10, passed=9, pass@1=0.9000
[28/154] n=10, passed=9, pass@1=0.9000
[29/154] n=10, passed=9, pass@1=0.9000
[30/154] n=10, passed=8, pass@1=0.8000
[31/154] n=10, passed=1, pass@1=0.1000
[32/154] n=10, passed=0, pass@1=0.0000
[33/154] n=10, passed=0, pass@1=0.0000
[34/154] n=10, passed=0, pass@1=0.0000
[35/154] n=10, passed=1, pass@1=0.1000
[36/154] n=10, passed=0, pass@1=0.0000
[37/154] n=10, passed=4, pass@1=0.4000
[38/154] n=10, passed=0, pass@1=0.0000
[39/154] n=10, passed=1, pass@1=0.1000
[40/154] n=10, passed=9, pass@1=0.9000
[41/154] n=10, passed=6, pass@1=0.6000
[42/154] n=10, passed=7, pass@1=0.7000
[43/154] n=10, passed=0, pass@1=0.0000
[44/154] n=10, passed=0, pass@1=0.0000
[45/154] n=10, passed=5, pass@1=0.5000
[46/154] n=10, passed=0, pass@1=0.0000
[47/154] n=10, passed=7, pass@1=0.7000
[48/154] n=10, passed=5, pass@1=0.5000
[49/154] n=10, passed=2, pass@1=0.2000
[50/154] n=10, passed=0, pass@1=0.0000
[51/154] n=10, passed=4, pass@1=0.4000
[52/154] n=10, passed=0, pass@1=0.0000
[53/154] n=10, passed=9, pass@1=0.9000
[54/154] n=10, passed=0, pass@1=0.0000
[55/154] n=10, passed=8, pass@1=0.8000
[56/154] n=10, passed=9, pass@1=0.9000
[57/154] n=10, passed=8, pass@1=0.8000
[58/154] n=10, passed=0, pass@1=0.0000
[59/154] n=10, passed=0, pass@1=0.0000
[60/154] n=10, passed=0, pass@1=0.0000
[61/154] n=10, passed=0, pass@1=0.0000
[62/154] n=10, passed=0, pass@1=0.0000
[63/154] n=10, passed=0, pass@1=0.0000
[64/154] n=10, passed=0, pass@1=0.0000
[65/154] n=10, passed=0, pass@1=0.0000
[66/154] n=10, passed=0, pass@1=0.0000
[67/154] n=10, passed=0, pass@1=0.0000
[68/154] n=10, passed=0, pass@1=0.0000
[69/154] n=10, passed=0, pass@1=0.0000
[70/154] n=10, passed=0, pass@1=0.0000
[71/154] n=10, passed=0, pass@1=0.0000
[72/154] n=10, passed=0, pass@1=0.0000
[73/154] n=10, passed=1, pass@1=0.1000
[74/154] n=10, passed=0, pass@1=0.0000
[75/154] n=10, passed=0, pass@1=0.0000
[76/154] n=10, passed=0, pass@1=0.0000
[77/154] n=10, passed=0, pass@1=0.0000
[78/154] n=10, passed=10, pass@1=1.0000
[79/154] n=10, passed=0, pass@1=0.0000
[80/154] n=10, passed=0, pass@1=0.0000
[81/154] n=10, passed=0, pass@1=0.0000
[82/154] n=10, passed=0, pass@1=0.0000
[83/154] n=10, passed=0, pass@1=0.0000
[84/154] n=10, passed=0, pass@1=0.0000
[85/154] n=10, passed=0, pass@1=0.0000
[86/154] n=10, passed=0, pass@1=0.0000
[87/154] n=10, passed=0, pass@1=0.0000
[88/154] n=10, passed=0, pass@1=0.0000
[89/154] n=10, passed=0, pass@1=0.0000
[90/154] n=10, passed=0, pass@1=0.0000
[91/154] n=10, passed=0, pass@1=0.0000
[92/154] n=10, passed=0, pass@1=0.0000
[93/154] n=10, passed=0, pass@1=0.0000
[94/154] n=10, passed=0, pass@1=0.0000
[95/154] n=10, passed=0, pass@1=0.0000
[96/154] n=10, passed=0, pass@1=0.0000
[97/154] n=10, passed=0, pass@1=0.0000
[98/154] n=10, passed=0, pass@1=0.0000
[99/154] n=10, passed=0, pass@1=0.0000
[100/154] n=10, passed=0, pass@1=0.0000
[101/154] n=10, passed=0, pass@1=0.0000
[102/154] n=10, passed=0, pass@1=0.0000
[103/154] n=10, passed=0, pass@1=0.0000
[104/154] n=10, passed=0, pass@1=0.0000
[105/154] n=10, passed=0, pass@1=0.0000
[106/154] n=10, passed=0, pass@1=0.0000
[107/154] n=10, passed=0, pass@1=0.0000
[108/154] n=10, passed=0, pass@1=0.0000
[109/154] n=10, passed=1, pass@1=0.1000
[110/154] n=10, passed=0, pass@1=0.0000
[111/154] n=10, passed=0, pass@1=0.0000
[112/154] n=10, passed=0, pass@1=0.0000
[113/154] n=10, passed=0, pass@1=0.0000
[114/154] n=10, passed=0, pass@1=0.0000
[115/154] n=10, passed=0, pass@1=0.0000
[116/154] n=10, passed=0, pass@1=0.0000
[117/154] n=10, passed=0, pass@1=0.0000
[118/154] n=10, passed=0, pass@1=0.0000
[119/154] n=10, passed=0, pass@1=0.0000
[120/154] n=10, passed=0, pass@1=0.0000
[121/154] n=10, passed=0, pass@1=0.0000
[122/154] n=10, passed=0, pass@1=0.0000
[123/154] n=10, passed=0, pass@1=0.0000
[124/154] n=10, passed=0, pass@1=0.0000
[125/154] n=10, passed=0, pass@1=0.0000
[126/154] n=10, passed=0, pass@1=0.0000
[127/154] n=10, passed=0, pass@1=0.0000
[128/154] n=10, passed=0, pass@1=0.0000
[129/154] n=10, passed=0, pass@1=0.0000
[130/154] n=10, passed=0, pass@1=0.0000
[131/154] n=10, passed=0, pass@1=0.0000
[132/154] n=10, passed=0, pass@1=0.0000
[133/154] n=10, passed=0, pass@1=0.0000
[134/154] n=10, passed=0, pass@1=0.0000
[135/154] n=10, passed=0, pass@1=0.0000
[136/154] n=10, passed=0, pass@1=0.0000
[137/154] n=10, passed=0, pass@1=0.0000
[138/154] n=10, passed=0, pass@1=0.0000
[139/154] n=10, passed=0, pass@1=0.0000
[140/154] n=10, passed=0, pass@1=0.0000
[141/154] n=10, passed=0, pass@1=0.0000
[142/154] n=10, passed=0, pass@1=0.0000
[143/154] n=10, passed=0, pass@1=0.0000
[144/154] n=10, passed=0, pass@1=0.0000
[145/154] n=10, passed=0, pass@1=0.0000
[146/154] n=10, passed=0, pass@1=0.0000
[147/154] n=10, passed=0, pass@1=0.0000
[148/154] n=10, passed=0, pass@1=0.0000
[149/154] n=10, passed=6, pass@1=0.6000
[150/154] n=10, passed=0, pass@1=0.0000
[151/154] n=10, passed=0, pass@1=0.0000
[152/154] n=10, passed=0, pass@1=0.0000
[153/154] n=10, passed=0, pass@1=0.0000
[154/154] n=10, passed=0, pass@1=0.0000
{
  "pass_at_1": 0.13051948051948054,
  "pass_at_5": 0.20408163265306123,
  "pass_at_10": 0.23376623376623376,
  "total_problems": 154
}

Results summary saved to /workspace/results/sweeps_antigravity/qwen3-8b-base_lora_enc_dec_r64_5e6_gcb_a128_graphv2_clean_s43_text.json

Compiling candidate-level metrics to CSV: /workspace/results/sweeps_antigravity/qwen3-8b-base_lora_enc_dec_r64_5e6_gcb_a128_graphv2_clean_s43_text_compile_stats.csv ...
Using Dart binary: /usr/bin/dart
Stats CSV workers=64

stats CSV:   0%|          | 0/154 [00:00<?, ?row/s]
stats CSV:   1%|          | 1/154 [00:20<52:47, 20.71s/row]
stats CSV:   2%|▏         | 3/154 [00:21<13:59,  5.56s/row]
stats CSV:   3%|▎         | 4/154 [00:22<10:28,  4.19s/row]
stats CSV:   6%|▌         | 9/154 [00:23<03:11,  1.32s/row]
stats CSV:   6%|▋         | 10/154 [00:24<03:04,  1.28s/row]
stats CSV:   7%|▋         | 11/154 [00:49<14:06,  5.92s/row]
stats CSV:  42%|████▏     | 65/154 [00:56<00:42,  2.08row/s]
stats CSV:  47%|████▋     | 73/154 [01:08<00:52,  1.54row/s]
stats CSV:  55%|█████▍    | 84/154 [01:09<00:36,  1.94row/s]
stats CSV:  77%|███████▋  | 118/154 [02:00<00:37,  1.04s/row]
stats CSV: 100%|██████████| 154/154 [02:00<00:00,  1.27row/s]
Successfully compiled per-problem statistics to: /workspace/results/sweeps_antigravity/qwen3-8b-base_lora_enc_dec_r64_5e6_gcb_a128_graphv2_clean_s43_text_compile_stats.csv

Reusing aligned candidate-level statistics: /workspace/results/sweeps_antigravity/qwen3-8b-base_lora_enc_dec_r64_5e6_gcb_a128_graphv2_clean_s43_text_pass_stats.csv
HF upload complete: raafatabualazm/antigravity-qwen3-8b-artifacts/results/qwen3-8b-base_lora_enc_dec_r64_5e6_gcb_a128_graphv2_clean_s43_text_compile_predictions.json
HF upload complete: raafatabualazm/antigravity-qwen3-8b-artifacts/results/qwen3-8b-base_lora_enc_dec_r64_5e6_gcb_a128_graphv2_clean_s43_text_pass_predictions.json
HF upload complete: raafatabualazm/antigravity-qwen3-8b-artifacts/results/sweeps_antigravity/qwen3-8b-base_lora_enc_dec_r64_5e6_gcb_a128_graphv2_clean_s43_text.json
HF upload complete: raafatabualazm/antigravity-qwen3-8b-artifacts/results/sweeps_antigravity/qwen3-8b-base_lora_enc_dec_r64_5e6_gcb_a128_graphv2_clean_s43_text_compile_stats.csv
HF upload complete: raafatabualazm/antigravity-qwen3-8b-artifacts/results/sweeps_antigravity/qwen3-8b-base_lora_enc_dec_r64_5e6_gcb_a128_graphv2_clean_s43_text_pass_stats.csv

=== x86_repeat_s43_prefix_no_gine (estimate 1.40 h) ===
/venv/main/bin/python /workspace/configs/run_sweeps_antigravity.py --experiment qwen3-8b-base_lora_enc_dec_r16_5e6_gcb --encoder gcb --max_risk high --hardware_profile rtx6000 --force_rerun --decoder_revision b968826d9c46dd6066d109eabc6255188de91218 --encoder_revision 2b0488a7bb0eefc7041f1bb2cad1ab26b0da269d --seed 43 --train_file data/datasets/dart_all_graphv2_train.jsonl --eval_file data/datasets/dart_all_graphv2_validation.jsonl --compile_dataset data/testing/grpo_data_graphv2.jsonl --pass_dataset data/testing/grpo_data_graphv2.jsonl --compile_mode jit_tests --epochs 4 --sft_lr 5e-6 --lora_r 64 --lora_alpha 128 --load_4bit 0 --attn_implementation sdpa --gradient_checkpointing 1 --train_batch_size 4 --grad_accum 16 --qwen_prefix_gate_init 0.2 --qwen_prefix_gate_mode token --qwen_prefix_rms_match 1 --decoder_prompt_max_length 2048 --prompt_fit_assembly 1 --auto_cfg 0 --max_block_instrs 20 --position_scheme roberta --causal_position_ids cumsum --use_reasoning 0 --eval_max_new_tokens 768 --generation_batch_size 10 --num_samples 10 --pass_num_samples 10 --metric_workers 64 --save_strategy no --save_total_limit 1 --gnn_layers 4 --global_attention_ablation full --name_suffix _graphv2_clean_s43_prefix_no_gine --qwen_prefix_tokens 64 --qwen_prefix_dynamic 1 --qwen_prefix_min_tokens 4 --qwen_prefix_tokens_per_log2 4 --prompt_assembly_mode none --prompt_fit_assembly 0 --prompt_clean_asm 0 --dfg_mode edges --edge_ablation full --gnn_ablation identity --add_reverse_edges 1 --block_position_mode sinusoidal --hf_repo raafatabualazm/antigravity-qwen3-8b-artifacts --hf_private 1 --hf_upload_checkpoints 1
CLI overrides applied to all sweeps: epochs=4, lora_r=64, lora_alpha=128

>>> Stage: SFT for qwen3-8b-base_lora_enc_dec_r64_5e6_gcb_a128_graphv2_clean_s43_prefix_no_gine

==================================================
RUNNING EXPERIMENT: qwen3-8b-base_lora_enc_dec_r64_5e6_gcb_a128_graphv2_clean_s43_prefix_no_gine
Decoder: Qwen/Qwen3-8B
Encoder PEFT: lora | Decoder PEFT: lora
LR: 5e-6 | Epochs: 4
OOM Risk (on 6GB VRAM): HIGH
Training Mode: SFT (Supervised Fine-Tuning)
==================================================

Dynamic Batch Size: 4 | Grad Accum: 16 | LoRA R: 64 | Alpha: 128 | Qwen prefix tokens: 64 | Qwen gate init: 0.2 | Qwen gate mode: token | Dynamic prefix: 1 [4, 4/log2] | Prefix RMS match: 1 | Prompt tokens: 2048 | Reasoning: 0 | Attention: sdpa | Grad ckpt: 1
Graph channel: dfg_mode=edges | edge_ablation=full | gnn_ablation=identity | gnn_layers=4 | global_attention=full | reverse_edges=1 | block_positions=sinusoidal | position_scheme=roberta | causal_position_ids=cumsum | grpo_train_graph_glue=1 | auto_cfg=0
Graph channel config: dfg_mode=edges | edge_ablation=full | gnn_ablation=identity | gnn_layers=4 | global_attention=full | position_scheme=roberta | causal_position_ids=cumsum | auto_cfg=0
Loading datasets...
Tokenizing datasets (using unified tensor builder format)...
Tokenized 500/770 examples

Loading weights:   0%|          | 0/197 [00:00<?, ?it/s]
Loading weights: 100%|██████████| 197/197 [00:00<00:00, 47356.60it/s]
Decoder attention implementation: sdpa

Loading weights:   0%|          | 0/399 [00:00<?, ?it/s]
Loading weights: 100%|██████████| 399/399 [00:00<00:00, 7469.07it/s]
Enabled decoder gradient checkpointing.
Enabled Qwen graph glue: 64 learned prefix tokens, dynamic=1, gate_mode=token, gate_init=0.2
Qwen prefix RMS matching ON: target token RMS 0.022050
Applied PEFT LORA (r=64, alpha=128) to LocalBlockEncoder
Enabled local block encoder gradient checkpointing.
Applied PEFT LORA (r=64, alpha=128) to Decoder
Qwen graph prefix gate: 0.200000
Gradient accumulation steps: 16
Starting training...

  0%|          | 0/52 [00:00<?, ?it/s]
  2%|▏         | 1/52 [01:40<1:25:15, 100.30s/it]
  4%|▍         | 2/52 [03:22<1:24:27, 101.36s/it]
  6%|▌         | 3/52 [05:09<1:24:44, 103.77s/it]
  8%|▊         | 4/52 [06:58<1:24:47, 105.98s/it]
 10%|▉         | 5/52 [08:45<1:23:12, 106.22s/it]
 12%|█▏        | 6/52 [10:33<1:21:57, 106.91s/it]
 13%|█▎        | 7/52 [12:32<1:23:17, 111.05s/it]
 15%|█▌        | 8/52 [14:23<1:21:21, 110.94s/it]
 17%|█▋        | 9/52 [16:05<1:17:27, 108.07s/it]
 19%|█▉        | 10/52 [17:47<1:14:27, 106.38s/it]
                                                  
{'loss': '10.69', 'grad_norm': '11.78', 'learning_rate': '4.762e-06', 'epoch': '0.829'}

 19%|█▉        | 10/52 [17:47<1:14:27, 106.38s/it]
 21%|██        | 11/52 [19:41<1:14:08, 108.50s/it]
 23%|██▎       | 12/52 [21:31<1:12:38, 108.97s/it]
 25%|██▌       | 13/52 [21:34<50:02, 76.99s/it]   

  0%|          | 0/21 [00:00<?, ?it/s][A

 10%|▉         | 2/21 [00:03<00:31,  1.66s/it][A

 14%|█▍        | 3/21 [00:05<00:31,  1.77s/it][A

 19%|█▉        | 4/21 [00:07<00:31,  1.85s/it][A

 24%|██▍       | 5/21 [00:09<00:30,  1.88s/it][A

 29%|██▊       | 6/21 [00:10<00:27,  1.81s/it][A

 33%|███▎      | 7/21 [00:12<00:25,  1.79s/it][A

 38%|███▊      | 8/21 [00:14<00:23,  1.81s/it][A

 43%|████▎     | 9/21 [00:16<00:22,  1.89s/it][A

 48%|████▊     | 10/21 [00:18<00:21,  1.92s/it][A

 52%|█████▏    | 11/21 [00:21<00:21,  2.16s/it][A

 57%|█████▋    | 12/21 [00:23<00:20,  2.33s/it][A

 62%|██████▏   | 13/21 [00:25<00:17,  2.22s/it][A

 67%|██████▋   | 14/21 [00:29<00:18,  2.68s/it][A

 71%|███████▏  | 15/21 [00:35<00:21,  3.66s/it][A

 76%|███████▌  | 16/21 [00:41<00:21,  4.23s/it][A

 81%|████████  | 17/21 [00:45<00:17,  4.38s/it][A

 86%|████████▌ | 18/21 [00:48<00:11,  3.86s/it][A

 90%|█████████ | 19/21 [00:50<00:06,  3.19s/it][A

 95%|█████████▌| 20/21 [00:51<00:02,  2.68s/it][A

100%|██████████| 21/21 [00:52<00:00,  2.22s/it][A
                                               

                                               
[A{'eval_loss': '0.6467', 'eval_runtime': '55.49', 'eval_samples_per_second': '1.496', 'eval_steps_per_second': '0.378', 'epoch': '1'}

 25%|██▌       | 13/52 [22:30<50:02, 76.99s/it]

100%|██████████| 21/21 [00:53<00:00,  2.22s/it][A

                                               [A
 27%|██▋       | 14/52 [24:13<1:04:27, 101.77s/it]
 29%|██▉       | 15/52 [25:52<1:02:08, 100.76s/it]
 31%|███       | 16/52 [27:38<1:01:22, 102.30s/it]
 33%|███▎      | 17/52 [29:23<1:00:09, 103.13s/it]
 35%|███▍      | 18/52 [31:15<1:00:00, 105.89s/it]
 37%|███▋      | 19/52 [33:02<58:24, 106.20s/it]  
 38%|███▊      | 20/52 [34:52<57:17, 107.41s/it]
                                                
{'loss': '8.616', 'grad_norm': '6.629', 'learning_rate': '3.704e-06', 'epoch': '1.58'}

 38%|███▊      | 20/52 [34:52<57:17, 107.41s/it]
 40%|████      | 21/52 [36:47<56:35, 109.54s/it]
 42%|████▏     | 22/52 [38:32<54:09, 108.31s/it]
 44%|████▍     | 23/52 [40:21<52:26, 108.51s/it]
 46%|████▌     | 24/52 [42:10<50:43, 108.68s/it]
 48%|████▊     | 25/52 [43:56<48:28, 107.72s/it]
 50%|█████     | 26/52 [43:59<33:07, 76.46s/it] 

  0%|          | 0/21 [00:00<?, ?it/s][A

 10%|▉         | 2/21 [00:03<00:31,  1.64s/it][A

 14%|█▍        | 3/21 [00:05<00:31,  1.76s/it][A

 19%|█▉        | 4/21 [00:07<00:31,  1.83s/it][A

 24%|██▍       | 5/21 [00:09<00:29,  1.87s/it][A

 29%|██▊       | 6/21 [00:10<00:27,  1.80s/it][A

 33%|███▎      | 7/21 [00:12<00:24,  1.78s/it][A

 38%|███▊      | 8/21 [00:14<00:23,  1.80s/it][A

 43%|████▎     | 9/21 [00:16<00:22,  1.89s/it][A

 48%|████▊     | 10/21 [00:18<00:21,  1.92s/it][A

 52%|█████▏    | 11/21 [00:21<00:21,  2.15s/it][A

 57%|█████▋    | 12/21 [00:23<00:20,  2.32s/it][A

 62%|██████▏   | 13/21 [00:25<00:17,  2.21s/it][A

 67%|██████▋   | 14/21 [00:29<00:19,  2.77s/it][A

 71%|███████▏  | 15/21 [00:35<00:22,  3.71s/it][A

 76%|███████▌  | 16/21 [00:41<00:21,  4.27s/it][A

 81%|████████  | 17/21 [00:45<00:17,  4.33s/it][A

 86%|████████▌ | 18/21 [00:48<00:11,  3.82s/it][A

 90%|█████████ | 19/21 [00:50<00:06,  3.17s/it][A

 95%|█████████▌| 20/21 [00:51<00:02,  2.66s/it][A

100%|██████████| 21/21 [00:52<00:00,  2.22s/it][A
                                               

                                               
[A{'eval_loss': '0.6079', 'eval_runtime': '55.39', 'eval_samples_per_second': '1.499', 'eval_steps_per_second': '0.379', 'epoch': '2'}

 50%|█████     | 26/52 [44:54<33:07, 76.46s/it]

100%|██████████| 21/21 [00:53<00:00,  2.22s/it][A

                                               [A
 52%|█████▏    | 27/52 [46:42<42:36, 102.26s/it]
 54%|█████▍    | 28/52 [48:33<41:57, 104.89s/it]
 56%|█████▌    | 29/52 [50:19<40:23, 105.37s/it]
 58%|█████▊    | 30/52 [52:09<39:10, 106.86s/it]
                                                
{'loss': '8.261', 'grad_norm': '7.285', 'learning_rate': '2.187e-06', 'epoch': '2.332'}

 58%|█████▊    | 30/52 [52:09<39:10, 106.86s/it]
 60%|█████▉    | 31/52 [53:54<37:12, 106.31s/it]
 62%|██████▏   | 32/52 [55:42<35:34, 106.73s/it]
 63%|██████▎   | 33/52 [57:31<34:01, 107.46s/it]
 65%|██████▌   | 34/52 [59:15<31:55, 106.42s/it]
 67%|██████▋   | 35/52 [1:00:59<29:54, 105.57s/it]
 69%|██████▉   | 36/52 [1:02:44<28:06, 105.44s/it]
 71%|███████   | 37/52 [1:04:30<26:25, 105.69s/it]
 73%|███████▎  | 38/52 [1:06:19<24:53, 106.70s/it]
 75%|███████▌  | 39/52 [1:06:22<16:22, 75.54s/it] 

  0%|          | 0/21 [00:00<?, ?it/s][A

 10%|▉         | 2/21 [00:03<00:33,  1.79s/it][A

 14%|█▍        | 3/21 [00:05<00:33,  1.84s/it][A

 19%|█▉        | 4/21 [00:07<00:31,  1.88s/it][A

 24%|██▍       | 5/21 [00:09<00:30,  1.89s/it][A

 29%|██▊       | 6/21 [00:11<00:27,  1.82s/it][A

 33%|███▎      | 7/21 [00:12<00:25,  1.79s/it][A

 38%|███▊      | 8/21 [00:14<00:23,  1.81s/it][A

 43%|████▎     | 9/21 [00:16<00:22,  1.89s/it][A

 48%|████▊     | 10/21 [00:18<00:21,  1.93s/it][A

 52%|█████▏    | 11/21 [00:21<00:21,  2.16s/it][A

 57%|█████▋    | 12/21 [00:24<00:20,  2.33s/it][A

 62%|██████▏   | 13/21 [00:26<00:17,  2.22s/it][A

 67%|██████▋   | 14/21 [00:29<00:18,  2.67s/it][A

 71%|███████▏  | 15/21 [00:35<00:21,  3.65s/it][A

 76%|███████▌  | 16/21 [00:41<00:21,  4.23s/it][A

 81%|████████  | 17/21 [00:45<00:17,  4.31s/it][A

 86%|████████▌ | 18/21 [00:48<00:11,  3.81s/it][A

 90%|█████████ | 19/21 [00:50<00:06,  3.15s/it][A

 95%|█████████▌| 20/21 [00:51<00:02,  2.65s/it][A

100%|██████████| 21/21 [00:52<00:00,  2.21s/it][A
                                                 

                                               
[A{'eval_loss': '0.5935', 'eval_runtime': '55.37', 'eval_samples_per_second': '1.499', 'eval_steps_per_second': '0.379', 'epoch': '3'}

 75%|███████▌  | 39/52 [1:07:18<16:22, 75.54s/it]

100%|██████████| 21/21 [00:53<00:00,  2.21s/it][A

                                               [A
 77%|███████▋  | 40/52 [1:09:01<20:06, 100.54s/it]
                                                  
{'loss': '8.135', 'grad_norm': '6.223', 'learning_rate': '7.886e-07', 'epoch': '3.083'}

 77%|███████▋  | 40/52 [1:09:01<20:06, 100.54s/it]
 79%|███████▉  | 41/52 [1:10:48<18:47, 102.48s/it]
 81%|████████  | 42/52 [1:12:28<16:56, 101.61s/it]
 83%|████████▎ | 43/52 [1:14:19<15:41, 104.62s/it]
 85%|████████▍ | 44/52 [1:16:07<14:05, 105.71s/it]
 87%|████████▋ | 45/52 [1:17:51<12:16, 105.14s/it]
 88%|████████▊ | 46/52 [1:19:36<10:30, 105.13s/it]
 90%|█████████ | 47/52 [1:21:22<08:46, 105.26s/it]
 92%|█████████▏| 48/52 [1:23:09<07:03, 105.87s/it]
 94%|█████████▍| 49/52 [1:24:57<05:18, 106.28s/it]
 96%|█████████▌| 50/52 [1:26:50<03:36, 108.48s/it]
                                                  
{'loss': '8.866', 'grad_norm': '5.585', 'learning_rate': '4.428e-08', 'epoch': '3.912'}

 96%|█████████▌| 50/52 [1:26:50<03:36, 108.48s/it]
 98%|█████████▊| 51/52 [1:28:43<01:49, 109.81s/it]
100%|██████████| 52/52 [1:28:46<00:00, 77.76s/it] 

  0%|          | 0/21 [00:00<?, ?it/s][A

 10%|▉         | 2/21 [00:03<00:31,  1.64s/it][A

 14%|█▍        | 3/21 [00:05<00:31,  1.75s/it][A

 19%|█▉        | 4/21 [00:07<00:31,  1.83s/it][A

 24%|██▍       | 5/21 [00:09<00:29,  1.86s/it][A

 29%|██▊       | 6/21 [00:10<00:26,  1.79s/it][A

 33%|███▎      | 7/21 [00:12<00:24,  1.77s/it][A

 38%|███▊      | 8/21 [00:14<00:23,  1.80s/it][A

 43%|████▎     | 9/21 [00:16<00:22,  1.88s/it][A

 48%|████▊     | 10/21 [00:18<00:21,  1.91s/it][A

 52%|█████▏    | 11/21 [00:21<00:21,  2.15s/it][A

 57%|█████▋    | 12/21 [00:23<00:20,  2.31s/it][A

 62%|██████▏   | 13/21 [00:25<00:17,  2.21s/it][A

 67%|██████▋   | 14/21 [00:29<00:18,  2.65s/it][A

 71%|███████▏  | 15/21 [00:35<00:21,  3.61s/it][A

 76%|███████▌  | 16/21 [00:40<00:20,  4.19s/it][A

 81%|████████  | 17/21 [00:45<00:17,  4.26s/it][A

 86%|████████▌ | 18/21 [00:47<00:11,  3.77s/it][A

 90%|█████████ | 19/21 [00:49<00:06,  3.13s/it][A

 95%|█████████▌| 20/21 [00:50<00:02,  2.64s/it][A

100%|██████████| 21/21 [00:52<00:00,  2.19s/it][A
                                                 

                                               
[A{'eval_loss': '0.591', 'eval_runtime': '54.78', 'eval_samples_per_second': '1.515', 'eval_steps_per_second': '0.383', 'epoch': '4'}

100%|██████████| 52/52 [1:29:41<00:00, 77.76s/it]

100%|██████████| 21/21 [00:52<00:00,  2.19s/it][A

                                               [A
                                                 
{'train_runtime': '5381', 'train_samples_per_second': '0.572', 'train_steps_per_second': '0.01', 'train_loss': '8.748', 'epoch': '4'}

100%|██████████| 52/52 [1:29:41<00:00, 77.76s/it]
100%|██████████| 52/52 [1:29:41<00:00, 103.49s/it]
Saving model to artifacts/qwen3-8b-base_lora_enc_dec_r64_5e6_gcb_a128_graphv2_clean_s43_prefix_no_gine...
AntigravitySeq2SeqTrainer: Saving model state dict to artifacts/qwen3-8b-base_lora_enc_dec_r64_5e6_gcb_a128_graphv2_clean_s43_prefix_no_gine
HF upload complete: raafatabualazm/antigravity-qwen3-8b-artifacts/artifacts/qwen3-8b-base_lora_enc_dec_r64_5e6_gcb_a128_graphv2_clean_s43_prefix_no_gine

Running multi-sample inference for legacy compile/CodeBLEU tasks...

Loading weights:   0%|          | 0/197 [00:00<?, ?it/s]
Loading weights: 100%|██████████| 197/197 [00:00<00:00, 48944.31it/s]
Decoder attention implementation: sdpa

Loading weights:   0%|          | 0/399 [00:00<?, ?it/s]
Loading weights: 100%|██████████| 399/399 [00:00<00:00, 6959.00it/s]
Enabled decoder gradient checkpointing.
Enabled Qwen graph glue: 64 learned prefix tokens, dynamic=1, gate_mode=token, gate_init=0.2
Qwen prefix RMS matching ON: target token RMS 0.022050
Applied PEFT LORA (r=64, alpha=128) to LocalBlockEncoder
Enabled local block encoder gradient checkpointing.
Applied PEFT LORA (r=64, alpha=128) to Decoder
loaded checkpoint: /workspace/artifacts/qwen3-8b-base_lora_enc_dec_r64_5e6_gcb_a128_graphv2_clean_s43_prefix_no_gine/pytorch_model.bin
Loaded parameters with strict=False. Missing keys: 602, Unexpected keys: 0
Qwen graph prefix gate: 0.200004
Inference mode: decoder gradient checkpointing OFF; KV cache ON

generate:   0%|          | 0/154 [00:00<?, ?row/s]
                                                  
[1/154] generated 10 candidates

generate:   0%|          | 0/154 [00:09<?, ?row/s]
generate:   1%|          | 1/154 [00:09<24:14,  9.51s/row]
                                                          
[2/154] generated 10 candidates

generate:   1%|          | 1/154 [00:23<24:14,  9.51s/row]
generate:   1%|▏         | 2/154 [00:23<30:21, 11.99s/row]
                                                          
[3/154] generated 10 candidates

generate:   1%|▏         | 2/154 [00:30<30:21, 11.99s/row]
generate:   2%|▏         | 3/154 [00:30<24:48,  9.86s/row]
                                                          
[4/154] generated 10 candidates

generate:   2%|▏         | 3/154 [00:37<24:48,  9.86s/row]
generate:   3%|▎         | 4/154 [00:37<21:47,  8.71s/row]
                                                          
[5/154] generated 10 candidates

generate:   3%|▎         | 4/154 [00:46<21:47,  8.71s/row]
generate:   3%|▎         | 5/154 [00:46<22:11,  8.93s/row]
                                                          
[6/154] generated 10 candidates

generate:   3%|▎         | 5/154 [00:54<22:11,  8.93s/row]
generate:   4%|▍         | 6/154 [00:54<21:17,  8.63s/row]
                                                          
[7/154] generated 10 candidates

generate:   4%|▍         | 6/154 [01:45<21:17,  8.63s/row]
generate:   5%|▍         | 7/154 [01:45<54:47, 22.36s/row]
                                                          
[8/154] generated 10 candidates

generate:   5%|▍         | 7/154 [01:51<54:47, 22.36s/row]
generate:   5%|▌         | 8/154 [01:51<41:42, 17.14s/row]
                                                          
[9/154] generated 10 candidates

generate:   5%|▌         | 8/154 [01:57<41:42, 17.14s/row]
generate:   6%|▌         | 9/154 [01:57<33:10, 13.72s/row]
                                                          
[10/154] generated 10 candidates

generate:   6%|▌         | 9/154 [02:06<33:10, 13.72s/row]
generate:   6%|▋         | 10/154 [02:06<28:59, 12.08s/row]
                                                           
[11/154] generated 10 candidates

generate:   6%|▋         | 10/154 [02:34<28:59, 12.08s/row]
generate:   7%|▋         | 11/154 [02:34<40:55, 17.17s/row]
                                                           
[12/154] generated 10 candidates

generate:   7%|▋         | 11/154 [02:45<40:55, 17.17s/row]
generate:   8%|▊         | 12/154 [02:45<35:58, 15.20s/row]
                                                           
[13/154] generated 10 candidates

generate:   8%|▊         | 12/154 [02:53<35:58, 15.20s/row]
generate:   8%|▊         | 13/154 [02:53<30:33, 13.00s/row]
                                                           
[14/154] generated 10 candidates

generate:   8%|▊         | 13/154 [02:59<30:33, 13.00s/row]
generate:   9%|▉         | 14/154 [02:59<25:06, 10.76s/row]
                                                           
[15/154] generated 10 candidates

generate:   9%|▉         | 14/154 [03:06<25:06, 10.76s/row]
generate:  10%|▉         | 15/154 [03:06<22:35,  9.75s/row]
                                                           
[16/154] generated 10 candidates

generate:  10%|▉         | 15/154 [03:19<22:35,  9.75s/row]
generate:  10%|█         | 16/154 [03:19<24:42, 10.75s/row]
                                                           
[17/154] generated 10 candidates

generate:  10%|█         | 16/154 [03:29<24:42, 10.75s/row]
generate:  11%|█         | 17/154 [03:29<24:19, 10.65s/row]
                                                           
[18/154] generated 10 candidates

generate:  11%|█         | 17/154 [04:20<24:19, 10.65s/row]
generate:  12%|█▏        | 18/154 [04:20<51:15, 22.61s/row]
                                                           
[19/154] generated 10 candidates

generate:  12%|█▏        | 18/154 [04:30<51:15, 22.61s/row]
generate:  12%|█▏        | 19/154 [04:30<42:23, 18.84s/row]
                                                           
[20/154] generated 10 candidates

generate:  12%|█▏        | 19/154 [04:45<42:23, 18.84s/row]
generate:  13%|█▎        | 20/154 [04:45<39:14, 17.57s/row]
                                                           
[21/154] generated 10 candidates

generate:  13%|█▎        | 20/154 [05:09<39:14, 17.57s/row]
generate:  14%|█▎        | 21/154 [05:09<43:45, 19.74s/row]
                                                           
[22/154] generated 10 candidates

generate:  14%|█▎        | 21/154 [05:18<43:45, 19.74s/row]
generate:  14%|█▍        | 22/154 [05:18<36:24, 16.55s/row]
                                                           
[23/154] generated 10 candidates

generate:  14%|█▍        | 22/154 [05:24<36:24, 16.55s/row]
generate:  15%|█▍        | 23/154 [05:24<29:10, 13.36s/row]
                                                           
[24/154] generated 10 candidates

generate:  15%|█▍        | 23/154 [05:34<29:10, 13.36s/row]
generate:  16%|█▌        | 24/154 [05:34<26:32, 12.25s/row]
                                                           
[25/154] generated 10 candidates

generate:  16%|█▌        | 24/154 [05:45<26:32, 12.25s/row]
generate:  16%|█▌        | 25/154 [05:45<25:11, 11.72s/row]
                                                           
[26/154] generated 10 candidates

generate:  16%|█▌        | 25/154 [06:01<25:11, 11.72s/row]
generate:  17%|█▋        | 26/154 [06:01<27:44, 13.01s/row]
                                                           
[27/154] generated 10 candidates

generate:  17%|█▋        | 26/154 [06:07<27:44, 13.01s/row]
generate:  18%|█▊        | 27/154 [06:07<23:13, 10.97s/row]
                                                           
[28/154] generated 10 candidates

generate:  18%|█▊        | 27/154 [06:13<23:13, 10.97s/row]
generate:  18%|█▊        | 28/154 [06:13<19:56,  9.49s/row]
                                                           
[29/154] generated 10 candidates

generate:  18%|█▊        | 28/154 [06:19<19:56,  9.49s/row]
generate:  19%|█▉        | 29/154 [06:19<17:43,  8.51s/row]
                                                           
[30/154] generated 10 candidates

generate:  19%|█▉        | 29/154 [06:27<17:43,  8.51s/row]
generate:  19%|█▉        | 30/154 [06:27<17:27,  8.45s/row]
                                                           
[31/154] generated 10 candidates

generate:  19%|█▉        | 30/154 [06:44<17:27,  8.45s/row]
generate:  20%|██        | 31/154 [06:44<22:37, 11.04s/row]
                                                           
[32/154] generated 10 candidates

generate:  20%|██        | 31/154 [06:54<22:37, 11.04s/row]
generate:  21%|██        | 32/154 [06:54<21:33, 10.61s/row]
                                                           
[33/154] generated 10 candidates

generate:  21%|██        | 32/154 [07:01<21:33, 10.61s/row]
generate:  21%|██▏       | 33/154 [07:01<19:18,  9.58s/row]
                                                           
[34/154] generated 10 candidates

generate:  21%|██▏       | 33/154 [07:13<19:18,  9.58s/row]
generate:  22%|██▏       | 34/154 [07:13<20:14, 10.12s/row]
                                                           
[35/154] generated 10 candidates

generate:  22%|██▏       | 34/154 [07:24<20:14, 10.12s/row]
generate:  23%|██▎       | 35/154 [07:24<21:02, 10.61s/row]
                                                           
[36/154] generated 10 candidates

generate:  23%|██▎       | 35/154 [07:40<21:02, 10.61s/row]
generate:  23%|██▎       | 36/154 [07:40<23:39, 12.03s/row]
                                                           
[37/154] generated 10 candidates

generate:  23%|██▎       | 36/154 [07:57<23:39, 12.03s/row]
generate:  24%|██▍       | 37/154 [07:57<26:31, 13.60s/row]
                                                           
[38/154] generated 10 candidates

generate:  24%|██▍       | 37/154 [08:22<26:31, 13.60s/row]
generate:  25%|██▍       | 38/154 [08:22<32:51, 17.00s/row]
                                                           
[39/154] generated 10 candidates

generate:  25%|██▍       | 38/154 [08:29<32:51, 17.00s/row]
generate:  25%|██▌       | 39/154 [08:29<27:08, 14.16s/row]
                                                           
[40/154] generated 10 candidates

generate:  25%|██▌       | 39/154 [08:40<27:08, 14.16s/row]
generate:  26%|██▌       | 40/154 [08:40<24:41, 13.00s/row]
                                                           
[41/154] generated 10 candidates

generate:  26%|██▌       | 40/154 [08:52<24:41, 13.00s/row]
generate:  27%|██▋       | 41/154 [08:52<24:04, 12.78s/row]
                                                           
[42/154] generated 10 candidates

generate:  27%|██▋       | 41/154 [08:56<24:04, 12.78s/row]
generate:  27%|██▋       | 42/154 [08:56<18:56, 10.14s/row]
                                                           
[43/154] generated 10 candidates

generate:  27%|██▋       | 42/154 [09:04<18:56, 10.14s/row]
generate:  28%|██▊       | 43/154 [09:04<17:41,  9.56s/row]
                                                           
[44/154] generated 10 candidates

generate:  28%|██▊       | 43/154 [09:14<17:41,  9.56s/row]
generate:  29%|██▊       | 44/154 [09:14<17:56,  9.78s/row]
                                                           
[45/154] generated 10 candidates

generate:  29%|██▊       | 44/154 [09:25<17:56,  9.78s/row]
generate:  29%|██▉       | 45/154 [09:25<18:13, 10.03s/row]
                                                           
[46/154] generated 10 candidates

generate:  29%|██▉       | 45/154 [09:36<18:13, 10.03s/row]
generate:  30%|██▉       | 46/154 [09:36<18:31, 10.29s/row]
                                                           
[47/154] generated 10 candidates

generate:  30%|██▉       | 46/154 [09:41<18:31, 10.29s/row]
generate:  31%|███       | 47/154 [09:41<15:37,  8.76s/row]
                                                           
[48/154] generated 10 candidates

generate:  31%|███       | 47/154 [09:49<15:37,  8.76s/row]
generate:  31%|███       | 48/154 [09:49<15:00,  8.49s/row]
                                                           
[49/154] generated 10 candidates

generate:  31%|███       | 48/154 [09:52<15:00,  8.49s/row]
generate:  32%|███▏      | 49/154 [09:52<12:08,  6.94s/row]
                                                           
[50/154] generated 10 candidates

generate:  32%|███▏      | 49/154 [10:20<12:08,  6.94s/row]
generate:  32%|███▏      | 50/154 [10:20<22:55, 13.23s/row]
                                                           
[51/154] generated 10 candidates

generate:  32%|███▏      | 50/154 [10:28<22:55, 13.23s/row]
generate:  33%|███▎      | 51/154 [10:28<19:43, 11.49s/row]
                                                           
[52/154] generated 10 candidates

generate:  33%|███▎      | 51/154 [10:42<19:43, 11.49s/row]
generate:  34%|███▍      | 52/154 [10:42<21:10, 12.46s/row]
                                                           
[53/154] generated 10 candidates

generate:  34%|███▍      | 52/154 [10:56<21:10, 12.46s/row]
generate:  34%|███▍      | 53/154 [10:56<21:28, 12.76s/row]
                                                           
[54/154] generated 10 candidates

generate:  34%|███▍      | 53/154 [11:04<21:28, 12.76s/row]
generate:  35%|███▌      | 54/154 [11:04<18:54, 11.34s/row]
                                                           
[55/154] generated 10 candidates

generate:  35%|███▌      | 54/154 [11:16<18:54, 11.34s/row]
generate:  36%|███▌      | 55/154 [11:16<19:04, 11.56s/row]
                                                           
[56/154] generated 10 candidates

generate:  36%|███▌      | 55/154 [11:22<19:04, 11.56s/row]
generate:  36%|███▋      | 56/154 [11:22<16:07,  9.87s/row]
                                                           
[57/154] generated 10 candidates

generate:  36%|███▋      | 56/154 [11:41<16:07,  9.87s/row]
generate:  37%|███▋      | 57/154 [11:41<20:31, 12.69s/row]
                                                           
[58/154] generated 10 candidates

generate:  37%|███▋      | 57/154 [11:59<20:31, 12.69s/row]
generate:  38%|███▊      | 58/154 [11:59<22:36, 14.13s/row]
                                                           
[59/154] generated 10 candidates

generate:  38%|███▊      | 58/154 [12:07<22:36, 14.13s/row]
generate:  38%|███▊      | 59/154 [12:07<19:50, 12.53s/row]
                                                           
[60/154] generated 10 candidates

generate:  38%|███▊      | 59/154 [12:15<19:50, 12.53s/row]
generate:  39%|███▉      | 60/154 [12:15<17:14, 11.01s/row]
                                                           
[61/154] generated 10 candidates

generate:  39%|███▉      | 60/154 [12:28<17:14, 11.01s/row]
generate:  40%|███▉      | 61/154 [12:28<18:15, 11.78s/row]
                                                           
[62/154] generated 10 candidates

generate:  40%|███▉      | 61/154 [12:37<18:15, 11.78s/row]
generate:  40%|████      | 62/154 [12:37<16:37, 10.84s/row]
                                                           
[63/154] generated 10 candidates

generate:  40%|████      | 62/154 [13:01<16:37, 10.84s/row]
generate:  41%|████      | 63/154 [13:01<22:22, 14.75s/row]
                                                           
[64/154] generated 10 candidates

generate:  41%|████      | 63/154 [13:13<22:22, 14.75s/row]
generate:  42%|████▏     | 64/154 [13:13<20:44, 13.83s/row]
                                                           
[65/154] generated 10 candidates

generate:  42%|████▏     | 64/154 [13:22<20:44, 13.83s/row]
generate:  42%|████▏     | 65/154 [13:22<18:39, 12.58s/row]
                                                           
[66/154] generated 10 candidates

generate:  42%|████▏     | 65/154 [13:39<18:39, 12.58s/row]
generate:  43%|████▎     | 66/154 [13:39<20:10, 13.76s/row]
                                                           
[67/154] generated 10 candidates

generate:  43%|████▎     | 66/154 [13:54<20:10, 13.76s/row]
generate:  44%|████▎     | 67/154 [13:54<20:20, 14.03s/row]
                                                           
[68/154] generated 10 candidates

generate:  44%|████▎     | 67/154 [14:10<20:20, 14.03s/row]
generate:  44%|████▍     | 68/154 [14:10<21:15, 14.83s/row]
                                                           
[69/154] generated 10 candidates

generate:  44%|████▍     | 68/154 [14:31<21:15, 14.83s/row]
generate:  45%|████▍     | 69/154 [14:31<23:43, 16.75s/row]
                                                           
[70/154] generated 10 candidates

generate:  45%|████▍     | 69/154 [14:41<23:43, 16.75s/row]
generate:  45%|████▌     | 70/154 [14:41<20:14, 14.45s/row]
                                                           
[71/154] generated 10 candidates

generate:  45%|████▌     | 70/154 [14:56<20:14, 14.45s/row]
generate:  46%|████▌     | 71/154 [14:56<20:25, 14.77s/row]
                                                           
[72/154] generated 10 candidates

generate:  46%|████▌     | 71/154 [15:08<20:25, 14.77s/row]
generate:  47%|████▋     | 72/154 [15:08<18:54, 13.83s/row]
                                                           
[73/154] generated 10 candidates

generate:  47%|████▋     | 72/154 [15:15<18:54, 13.83s/row]
generate:  47%|████▋     | 73/154 [15:15<16:02, 11.89s/row]
                                                           
[74/154] generated 10 candidates

generate:  47%|████▋     | 73/154 [15:37<16:02, 11.89s/row]
generate:  48%|████▊     | 74/154 [15:37<20:03, 15.04s/row]
                                                           
[75/154] generated 10 candidates

generate:  48%|████▊     | 74/154 [15:58<20:03, 15.04s/row]
generate:  49%|████▊     | 75/154 [15:58<21:52, 16.61s/row]
                                                           
[76/154] generated 10 candidates

generate:  49%|████▊     | 75/154 [16:13<21:52, 16.61s/row]
generate:  49%|████▉     | 76/154 [16:13<20:56, 16.10s/row]
                                                           
[77/154] generated 10 candidates

generate:  49%|████▉     | 76/154 [16:39<20:56, 16.10s/row]
generate:  50%|█████     | 77/154 [16:39<24:26, 19.05s/row]
                                                           
[78/154] generated 10 candidates

generate:  50%|█████     | 77/154 [16:48<24:26, 19.05s/row]
generate:  51%|█████     | 78/154 [16:48<20:28, 16.16s/row]
                                                           
[79/154] generated 10 candidates

generate:  51%|█████     | 78/154 [17:04<20:28, 16.16s/row]
generate:  51%|█████▏    | 79/154 [17:04<20:01, 16.02s/row]
                                                           
[80/154] generated 10 candidates

generate:  51%|█████▏    | 79/154 [17:36<20:01, 16.02s/row]
generate:  52%|█████▏    | 80/154 [17:36<25:50, 20.95s/row]
                                                           
[81/154] generated 10 candidates

generate:  52%|█████▏    | 80/154 [17:44<25:50, 20.95s/row]
generate:  53%|█████▎    | 81/154 [17:44<20:50, 17.13s/row]
                                                           
[82/154] generated 10 candidates

generate:  53%|█████▎    | 81/154 [18:16<20:50, 17.13s/row]
generate:  53%|█████▎    | 82/154 [18:16<25:45, 21.47s/row]
                                                           
[83/154] generated 10 candidates

generate:  53%|█████▎    | 82/154 [18:23<25:45, 21.47s/row]
generate:  54%|█████▍    | 83/154 [18:23<20:27, 17.29s/row]
                                                           
[84/154] generated 10 candidates

generate:  54%|█████▍    | 83/154 [18:39<20:27, 17.29s/row]
generate:  55%|█████▍    | 84/154 [18:39<19:33, 16.76s/row]
                                                           
[85/154] generated 10 candidates

generate:  55%|█████▍    | 84/154 [18:54<19:33, 16.76s/row]
generate:  55%|█████▌    | 85/154 [18:54<18:49, 16.37s/row]
                                                           
[86/154] generated 10 candidates

generate:  55%|█████▌    | 85/154 [19:07<18:49, 16.37s/row]
generate:  56%|█████▌    | 86/154 [19:07<17:10, 15.16s/row]
                                                           
[87/154] generated 10 candidates

generate:  56%|█████▌    | 86/154 [19:39<17:10, 15.16s/row]
generate:  56%|█████▋    | 87/154 [19:39<22:41, 20.32s/row]
                                                           
[88/154] generated 10 candidates

generate:  56%|█████▋    | 87/154 [19:58<22:41, 20.32s/row]
generate:  57%|█████▋    | 88/154 [19:58<21:58, 19.98s/row]
                                                           
[89/154] generated 10 candidates

generate:  57%|█████▋    | 88/154 [20:49<21:58, 19.98s/row]
generate:  58%|█████▊    | 89/154 [20:49<31:35, 29.16s/row]
                                                           
[90/154] generated 10 candidates

generate:  58%|█████▊    | 89/154 [21:13<31:35, 29.16s/row]
generate:  58%|█████▊    | 90/154 [21:13<29:27, 27.61s/row]
                                                           
[91/154] generated 10 candidates

generate:  58%|█████▊    | 90/154 [21:31<29:27, 27.61s/row]
generate:  59%|█████▉    | 91/154 [21:31<25:56, 24.71s/row]
                                                           
[92/154] generated 10 candidates

generate:  59%|█████▉    | 91/154 [21:36<25:56, 24.71s/row]
generate:  60%|█████▉    | 92/154 [21:36<19:31, 18.90s/row]
                                                           
[93/154] generated 10 candidates

generate:  60%|█████▉    | 92/154 [21:40<19:31, 18.90s/row]
generate:  60%|██████    | 93/154 [21:40<14:29, 14.25s/row]
                                                           
[94/154] generated 10 candidates

generate:  60%|██████    | 93/154 [21:46<14:29, 14.25s/row]
generate:  61%|██████    | 94/154 [21:46<11:57, 11.95s/row]
                                                           
[95/154] generated 10 candidates

generate:  61%|██████    | 94/154 [22:18<11:57, 11.95s/row]
generate:  62%|██████▏   | 95/154 [22:18<17:38, 17.94s/row]
                                                           
[96/154] generated 10 candidates

generate:  62%|██████▏   | 95/154 [22:29<17:38, 17.94s/row]
generate:  62%|██████▏   | 96/154 [22:29<15:14, 15.77s/row]
                                                           
[97/154] generated 10 candidates

generate:  62%|██████▏   | 96/154 [22:42<15:14, 15.77s/row]
generate:  63%|██████▎   | 97/154 [22:42<14:18, 15.06s/row]
                                                           
[98/154] generated 10 candidates

generate:  63%|██████▎   | 97/154 [22:52<14:18, 15.06s/row]
generate:  64%|██████▎   | 98/154 [22:52<12:38, 13.54s/row]
                                                           
[99/154] generated 10 candidates

generate:  64%|██████▎   | 98/154 [23:02<12:38, 13.54s/row]
generate:  64%|██████▍   | 99/154 [23:02<11:16, 12.30s/row]
                                                           
[100/154] generated 10 candidates

generate:  64%|██████▍   | 99/154 [23:18<11:16, 12.30s/row]
generate:  65%|██████▍   | 100/154 [23:18<12:11, 13.55s/row]
                                                            
[101/154] generated 10 candidates

generate:  65%|██████▍   | 100/154 [23:42<12:11, 13.55s/row]
generate:  66%|██████▌   | 101/154 [23:42<14:48, 16.76s/row]
                                                            
[102/154] generated 10 candidates

generate:  66%|██████▌   | 101/154 [23:58<14:48, 16.76s/row]
generate:  66%|██████▌   | 102/154 [23:58<14:17, 16.49s/row]
                                                            
[103/154] generated 10 candidates

generate:  66%|██████▌   | 102/154 [24:05<14:17, 16.49s/row]
generate:  67%|██████▋   | 103/154 [24:05<11:30, 13.53s/row]
                                                            
[104/154] generated 10 candidates

generate:  67%|██████▋   | 103/154 [24:21<11:30, 13.53s/row]
generate:  68%|██████▊   | 104/154 [24:21<11:51, 14.22s/row]
                                                            
[105/154] generated 10 candidates

generate:  68%|██████▊   | 104/154 [24:34<11:51, 14.22s/row]
generate:  68%|██████▊   | 105/154 [24:34<11:23, 13.94s/row]
                                                            
[106/154] generated 10 candidates

generate:  68%|██████▊   | 105/154 [24:47<11:23, 13.94s/row]
generate:  69%|██████▉   | 106/154 [24:47<11:02, 13.79s/row]
                                                            
[107/154] generated 10 candidates

generate:  69%|██████▉   | 106/154 [25:04<11:02, 13.79s/row]
generate:  69%|██████▉   | 107/154 [25:04<11:29, 14.67s/row]
                                                            
[108/154] generated 10 candidates

generate:  69%|██████▉   | 107/154 [25:11<11:29, 14.67s/row]
generate:  70%|███████   | 108/154 [25:11<09:24, 12.26s/row]
                                                            
[109/154] generated 10 candidates

generate:  70%|███████   | 108/154 [25:24<09:24, 12.26s/row]
generate:  71%|███████   | 109/154 [25:24<09:23, 12.53s/row]
                                                            
[110/154] generated 10 candidates

generate:  71%|███████   | 109/154 [25:54<09:23, 12.53s/row]
generate:  71%|███████▏  | 110/154 [25:54<13:03, 17.80s/row]
                                                            
[111/154] generated 10 candidates

generate:  71%|███████▏  | 110/154 [26:13<13:03, 17.80s/row]
generate:  72%|███████▏  | 111/154 [26:13<12:57, 18.08s/row]
                                                            
[112/154] generated 10 candidates

generate:  72%|███████▏  | 111/154 [26:24<12:57, 18.08s/row]
generate:  73%|███████▎  | 112/154 [26:24<11:17, 16.13s/row]
                                                            
[113/154] generated 10 candidates

generate:  73%|███████▎  | 112/154 [26:45<11:17, 16.13s/row]
generate:  73%|███████▎  | 113/154 [26:45<11:55, 17.45s/row]
                                                            
[114/154] generated 10 candidates

generate:  73%|███████▎  | 113/154 [27:01<11:55, 17.45s/row]
generate:  74%|███████▍  | 114/154 [27:01<11:21, 17.04s/row]
                                                            
[115/154] generated 10 candidates

generate:  74%|███████▍  | 114/154 [27:29<11:21, 17.04s/row]
generate:  75%|███████▍  | 115/154 [27:29<13:07, 20.20s/row]
                                                            
[116/154] generated 10 candidates

generate:  75%|███████▍  | 115/154 [27:36<13:07, 20.20s/row]
generate:  75%|███████▌  | 116/154 [27:36<10:18, 16.29s/row]
                                                            
[117/154] generated 10 candidates

generate:  75%|███████▌  | 116/154 [27:54<10:18, 16.29s/row]
generate:  76%|███████▌  | 117/154 [27:54<10:21, 16.80s/row]
                                                            
[118/154] generated 10 candidates

generate:  76%|███████▌  | 117/154 [28:04<10:21, 16.80s/row]
generate:  77%|███████▋  | 118/154 [28:04<08:55, 14.87s/row]
                                                            
[119/154] generated 10 candidates

generate:  77%|███████▋  | 118/154 [28:35<08:55, 14.87s/row]
generate:  77%|███████▋  | 119/154 [28:35<11:33, 19.81s/row]
                                                            
[120/154] generated 10 candidates

generate:  77%|███████▋  | 119/154 [28:43<11:33, 19.81s/row]
generate:  78%|███████▊  | 120/154 [28:43<09:11, 16.23s/row]
                                                            
[121/154] generated 10 candidates

generate:  78%|███████▊  | 120/154 [28:56<09:11, 16.23s/row]
generate:  79%|███████▊  | 121/154 [28:56<08:17, 15.09s/row]
                                                            
[122/154] generated 10 candidates

generate:  79%|███████▊  | 121/154 [29:10<08:17, 15.09s/row]
generate:  79%|███████▉  | 122/154 [29:10<07:55, 14.86s/row]
                                                            
[123/154] generated 10 candidates

generate:  79%|███████▉  | 122/154 [29:43<07:55, 14.86s/row]
generate:  80%|███████▉  | 123/154 [29:43<10:25, 20.19s/row]
                                                            
[124/154] generated 10 candidates

generate:  80%|███████▉  | 123/154 [29:53<10:25, 20.19s/row]
generate:  81%|████████  | 124/154 [29:53<08:34, 17.15s/row]
                                                            
[125/154] generated 10 candidates

generate:  81%|████████  | 124/154 [29:58<08:34, 17.15s/row]
generate:  81%|████████  | 125/154 [29:58<06:38, 13.75s/row]
                                                            
[126/154] generated 10 candidates

generate:  81%|████████  | 125/154 [30:12<06:38, 13.75s/row]
generate:  82%|████████▏ | 126/154 [30:12<06:26, 13.82s/row]
                                                            
[127/154] generated 10 candidates

generate:  82%|████████▏ | 126/154 [30:19<06:26, 13.82s/row]
generate:  82%|████████▏ | 127/154 [30:19<05:14, 11.64s/row]
                                                            
[128/154] generated 10 candidates

generate:  82%|████████▏ | 127/154 [30:29<05:14, 11.64s/row]
generate:  83%|████████▎ | 128/154 [30:29<04:47, 11.06s/row]
                                                            
[129/154] generated 10 candidates

generate:  83%|████████▎ | 128/154 [30:51<04:47, 11.06s/row]
generate:  84%|████████▍ | 129/154 [30:51<06:01, 14.44s/row]
                                                            
[130/154] generated 10 candidates

generate:  84%|████████▍ | 129/154 [31:09<06:01, 14.44s/row]
generate:  84%|████████▍ | 130/154 [31:09<06:14, 15.58s/row]
                                                            
[131/154] generated 10 candidates

generate:  84%|████████▍ | 130/154 [31:18<06:14, 15.58s/row]
generate:  85%|████████▌ | 131/154 [31:18<05:08, 13.42s/row]
                                                            
[132/154] generated 10 candidates

generate:  85%|████████▌ | 131/154 [31:32<05:08, 13.42s/row]
generate:  86%|████████▌ | 132/154 [31:32<04:58, 13.58s/row]
                                                            
[133/154] generated 10 candidates

generate:  86%|████████▌ | 132/154 [31:56<04:58, 13.58s/row]
generate:  86%|████████▋ | 133/154 [31:56<05:52, 16.77s/row]
                                                            
[134/154] generated 10 candidates

generate:  86%|████████▋ | 133/154 [32:46<05:52, 16.77s/row]
generate:  87%|████████▋ | 134/154 [32:46<08:58, 26.92s/row]
                                                            
[135/154] generated 10 candidates

generate:  87%|████████▋ | 134/154 [32:53<08:58, 26.92s/row]
generate:  88%|████████▊ | 135/154 [32:53<06:34, 20.78s/row]
                                                            
[136/154] generated 10 candidates

generate:  88%|████████▊ | 135/154 [33:14<06:34, 20.78s/row]
generate:  88%|████████▊ | 136/154 [33:14<06:15, 20.85s/row]
                                                            
[137/154] generated 10 candidates

generate:  88%|████████▊ | 136/154 [34:05<06:15, 20.85s/row]
generate:  89%|████████▉ | 137/154 [34:05<08:26, 29.78s/row]
                                                            
[138/154] generated 10 candidates

generate:  89%|████████▉ | 137/154 [34:16<08:26, 29.78s/row]
generate:  90%|████████▉ | 138/154 [34:16<06:28, 24.26s/row]
                                                            
[139/154] generated 10 candidates

generate:  90%|████████▉ | 138/154 [34:24<06:28, 24.26s/row]
generate:  90%|█████████ | 139/154 [34:24<04:53, 19.54s/row]
                                                            
[140/154] generated 10 candidates

generate:  90%|█████████ | 139/154 [35:09<04:53, 19.54s/row]
generate:  91%|█████████ | 140/154 [35:09<06:17, 26.98s/row]
                                                            
[141/154] generated 10 candidates

generate:  91%|█████████ | 140/154 [35:19<06:17, 26.98s/row]
generate:  92%|█████████▏| 141/154 [35:19<04:43, 21.84s/row]
                                                            
[142/154] generated 10 candidates

generate:  92%|█████████▏| 141/154 [35:31<04:43, 21.84s/row]
generate:  92%|█████████▏| 142/154 [35:31<03:46, 18.88s/row]
                                                            
[143/154] generated 10 candidates

generate:  92%|█████████▏| 142/154 [35:41<03:46, 18.88s/row]
generate:  93%|█████████▎| 143/154 [35:41<03:00, 16.37s/row]
                                                            
[144/154] generated 10 candidates

generate:  93%|█████████▎| 143/154 [35:53<03:00, 16.37s/row]
generate:  94%|█████████▎| 144/154 [35:53<02:31, 15.12s/row]
                                                            
[145/154] generated 10 candidates

generate:  94%|█████████▎| 144/154 [36:14<02:31, 15.12s/row]
generate:  94%|█████████▍| 145/154 [36:14<02:30, 16.68s/row]
                                                            
[146/154] generated 10 candidates

generate:  94%|█████████▍| 145/154 [36:30<02:30, 16.68s/row]
generate:  95%|█████████▍| 146/154 [36:30<02:12, 16.55s/row]
                                                            
[147/154] generated 10 candidates

generate:  95%|█████████▍| 146/154 [36:37<02:12, 16.55s/row]
generate:  95%|█████████▌| 147/154 [36:37<01:36, 13.73s/row]
                                                            
[148/154] generated 10 candidates

generate:  95%|█████████▌| 147/154 [37:11<01:36, 13.73s/row]
generate:  96%|█████████▌| 148/154 [37:11<01:58, 19.71s/row]
                                                            
[149/154] generated 10 candidates

generate:  96%|█████████▌| 148/154 [37:27<01:58, 19.71s/row]
generate:  97%|█████████▋| 149/154 [37:27<01:33, 18.65s/row]
                                                            
[150/154] generated 10 candidates

generate:  97%|█████████▋| 149/154 [37:37<01:33, 18.65s/row]
generate:  97%|█████████▋| 150/154 [37:37<01:04, 16.14s/row]
                                                            
[151/154] generated 10 candidates

generate:  97%|█████████▋| 150/154 [37:52<01:04, 16.14s/row]
generate:  98%|█████████▊| 151/154 [37:52<00:47, 15.76s/row]
                                                            
[152/154] generated 10 candidates

generate:  98%|█████████▊| 151/154 [38:08<00:47, 15.76s/row]
generate:  99%|█████████▊| 152/154 [38:08<00:31, 15.92s/row]
                                                            
[153/154] generated 10 candidates

generate:  99%|█████████▊| 152/154 [38:59<00:31, 15.92s/row]
generate:  99%|█████████▉| 153/154 [38:59<00:26, 26.32s/row]
                                                            
[154/154] generated 10 candidates

generate:  99%|█████████▉| 153/154 [39:06<00:26, 26.32s/row]
generate: 100%|██████████| 154/154 [39:06<00:00, 20.63s/row]
generate: 100%|██████████| 154/154 [39:06<00:00, 15.24s/row]
wrote /workspace/results/qwen3-8b-base_lora_enc_dec_r64_5e6_gcb_a128_graphv2_clean_s43_prefix_no_gine_compile_predictions.json
wrote /workspace/results/qwen3-8b-base_lora_enc_dec_r64_5e6_gcb_a128_graphv2_clean_s43_prefix_no_gine_compile_predictions.json.provenance.json

Compile and pass evaluation settings match; reusing the same candidate pool.

Calculating metrics...
CodeBLEU Results:
{
  "count": 154,
  "samples_with_success": 154,
  "mean_codebleu": 0.6788540500699155,
  "min_codebleu": 0.49938847748795123,
  "max_codebleu": 0.8335242186219486
}

Compiled-only CodeBLEU Results:
{
  "count": 154,
  "samples_with_success": 132,
  "mean_codebleu": 0.6659919105390966,
  "min_codebleu": 0.3329367268825252,
  "max_codebleu": 0.8131362311518275
}

Using Dart binary: /usr/bin/dart | workers=64

compile@k:   0%|          | 0/154 [00:00<?, ?row/s]
compile@k:   1%|          | 1/154 [00:21<53:35, 21.02s/row]
compile@k:   3%|▎         | 5/154 [00:22<08:20,  3.36s/row]
compile@k:  12%|█▏        | 18/154 [00:44<04:37,  2.04s/row]
compile@k:  52%|█████▏    | 80/154 [00:48<00:27,  2.69row/s]
compile@k:  52%|█████▏    | 80/154 [01:00<00:27,  2.69row/s]
compile@k:  84%|████████▍ | 129/154 [01:28<00:14,  1.69row/s]
compile@k: 100%|██████████| 154/154 [01:28<00:00,  1.74row/s]
Compile@k Results:
[1/154] n=10, compiling=1, compile@1=0.1000
[2/154] n=10, compiling=10, compile@1=1.0000
[3/154] n=10, compiling=9, compile@1=0.9000
[4/154] n=10, compiling=10, compile@1=1.0000
[5/154] n=10, compiling=0, compile@1=0.0000
[6/154] n=10, compiling=8, compile@1=0.8000
[7/154] n=10, compiling=10, compile@1=1.0000
[8/154] n=10, compiling=10, compile@1=1.0000
[9/154] n=10, compiling=10, compile@1=1.0000
[10/154] n=10, compiling=5, compile@1=0.5000
[11/154] n=10, compiling=10, compile@1=1.0000
[12/154] n=10, compiling=3, compile@1=0.3000
[13/154] n=10, compiling=10, compile@1=1.0000
[14/154] n=10, compiling=10, compile@1=1.0000
[15/154] n=10, compiling=10, compile@1=1.0000
[16/154] n=10, compiling=10, compile@1=1.0000
[17/154] n=10, compiling=10, compile@1=1.0000
[18/154] n=10, compiling=7, compile@1=0.7000
[19/154] n=10, compiling=10, compile@1=1.0000
[20/154] n=10, compiling=9, compile@1=0.9000
[21/154] n=10, compiling=1, compile@1=0.1000
[22/154] n=10, compiling=5, compile@1=0.5000
[23/154] n=10, compiling=9, compile@1=0.9000
[24/154] n=10, compiling=5, compile@1=0.5000
[25/154] n=10, compiling=10, compile@1=1.0000
[26/154] n=10, compiling=7, compile@1=0.7000
[27/154] n=10, compiling=10, compile@1=1.0000
[28/154] n=10, compiling=10, compile@1=1.0000
[29/154] n=10, compiling=10, compile@1=1.0000
[30/154] n=10, compiling=10, compile@1=1.0000
[31/154] n=10, compiling=9, compile@1=0.9000
[32/154] n=10, compiling=10, compile@1=1.0000
[33/154] n=10, compiling=8, compile@1=0.8000
[34/154] n=10, compiling=10, compile@1=1.0000
[35/154] n=10, compiling=10, compile@1=1.0000
[36/154] n=10, compiling=9, compile@1=0.9000
[37/154] n=10, compiling=9, compile@1=0.9000
[38/154] n=10, compiling=9, compile@1=0.9000
[39/154] n=10, compiling=10, compile@1=1.0000
[40/154] n=10, compiling=10, compile@1=1.0000
[41/154] n=10, compiling=8, compile@1=0.8000
[42/154] n=10, compiling=10, compile@1=1.0000
[43/154] n=10, compiling=10, compile@1=1.0000
[44/154] n=10, compiling=1, compile@1=0.1000
[45/154] n=10, compiling=10, compile@1=1.0000
[46/154] n=10, compiling=7, compile@1=0.7000
[47/154] n=10, compiling=10, compile@1=1.0000
[48/154] n=10, compiling=10, compile@1=1.0000
[49/154] n=10, compiling=10, compile@1=1.0000
[50/154] n=10, compiling=9, compile@1=0.9000
[51/154] n=10, compiling=10, compile@1=1.0000
[52/154] n=10, compiling=9, compile@1=0.9000
[53/154] n=10, compiling=10, compile@1=1.0000
[54/154] n=10, compiling=10, compile@1=1.0000
[55/154] n=10, compiling=8, compile@1=0.8000
[56/154] n=10, compiling=10, compile@1=1.0000
[57/154] n=10, compiling=10, compile@1=1.0000
[58/154] n=10, compiling=10, compile@1=1.0000
[59/154] n=10, compiling=10, compile@1=1.0000
[60/154] n=10, compiling=10, compile@1=1.0000
[61/154] n=10, compiling=6, compile@1=0.6000
[62/154] n=10, compiling=4, compile@1=0.4000
[63/154] n=10, compiling=4, compile@1=0.4000
[64/154] n=10, compiling=9, compile@1=0.9000
[65/154] n=10, compiling=10, compile@1=1.0000
[66/154] n=10, compiling=10, compile@1=1.0000
[67/154] n=10, compiling=10, compile@1=1.0000
[68/154] n=10, compiling=5, compile@1=0.5000
[69/154] n=10, compiling=4, compile@1=0.4000
[70/154] n=10, compiling=6, compile@1=0.6000
[71/154] n=10, compiling=8, compile@1=0.8000
[72/154] n=10, compiling=5, compile@1=0.5000
[73/154] n=10, compiling=5, compile@1=0.5000
[74/154] n=10, compiling=2, compile@1=0.2000
[75/154] n=10, compiling=10, compile@1=1.0000
[76/154] n=10, compiling=10, compile@1=1.0000
[77/154] n=10, compiling=10, compile@1=1.0000
[78/154] n=10, compiling=10, compile@1=1.0000
[79/154] n=10, compiling=8, compile@1=0.8000
[80/154] n=10, compiling=9, compile@1=0.9000
[81/154] n=10, compiling=10, compile@1=1.0000
[82/154] n=10, compiling=7, compile@1=0.7000
[83/154] n=10, compiling=10, compile@1=1.0000
[84/154] n=10, compiling=10, compile@1=1.0000
[85/154] n=10, compiling=4, compile@1=0.4000
[86/154] n=10, compiling=2, compile@1=0.2000
[87/154] n=10, compiling=8, compile@1=0.8000
[88/154] n=10, compiling=9, compile@1=0.9000
[89/154] n=10, compiling=4, compile@1=0.4000
[90/154] n=10, compiling=8, compile@1=0.8000
[91/154] n=10, compiling=4, compile@1=0.4000
[92/154] n=10, compiling=10, compile@1=1.0000
[93/154] n=10, compiling=10, compile@1=1.0000
[94/154] n=10, compiling=5, compile@1=0.5000
[95/154] n=10, compiling=8, compile@1=0.8000
[96/154] n=10, compiling=8, compile@1=0.8000
[97/154] n=10, compiling=6, compile@1=0.6000
[98/154] n=10, compiling=7, compile@1=0.7000
[99/154] n=10, compiling=10, compile@1=1.0000
[100/154] n=10, compiling=9, compile@1=0.9000
[101/154] n=10, compiling=8, compile@1=0.8000
[102/154] n=10, compiling=8, compile@1=0.8000
[103/154] n=10, compiling=10, compile@1=1.0000
[104/154] n=10, compiling=9, compile@1=0.9000
[105/154] n=10, compiling=4, compile@1=0.4000
[106/154] n=10, compiling=5, compile@1=0.5000
[107/154] n=10, compiling=7, compile@1=0.7000
[108/154] n=10, compiling=10, compile@1=1.0000
[109/154] n=10, compiling=2, compile@1=0.2000
[110/154] n=10, compiling=3, compile@1=0.3000
[111/154] n=10, compiling=10, compile@1=1.0000
[112/154] n=10, compiling=5, compile@1=0.5000
[113/154] n=10, compiling=6, compile@1=0.6000
[114/154] n=10, compiling=8, compile@1=0.8000
[115/154] n=10, compiling=9, compile@1=0.9000
[116/154] n=10, compiling=0, compile@1=0.0000
[117/154] n=10, compiling=10, compile@1=1.0000
[118/154] n=10, compiling=10, compile@1=1.0000
[119/154] n=10, compiling=9, compile@1=0.9000
[120/154] n=10, compiling=9, compile@1=0.9000
[121/154] n=10, compiling=0, compile@1=0.0000
[122/154] n=10, compiling=9, compile@1=0.9000
[123/154] n=10, compiling=1, compile@1=0.1000
[124/154] n=10, compiling=9, compile@1=0.9000
[125/154] n=10, compiling=10, compile@1=1.0000
[126/154] n=10, compiling=10, compile@1=1.0000
[127/154] n=10, compiling=2, compile@1=0.2000
[128/154] n=10, compiling=8, compile@1=0.8000
[129/154] n=10, compiling=9, compile@1=0.9000
[130/154] n=10, compiling=4, compile@1=0.4000
[131/154] n=10, compiling=10, compile@1=1.0000
[132/154] n=10, compiling=6, compile@1=0.6000
[133/154] n=10, compiling=9, compile@1=0.9000
[134/154] n=10, compiling=5, compile@1=0.5000
[135/154] n=10, compiling=8, compile@1=0.8000
[136/154] n=10, compiling=6, compile@1=0.6000
[137/154] n=10, compiling=4, compile@1=0.4000
[138/154] n=10, compiling=8, compile@1=0.8000
[139/154] n=10, compiling=9, compile@1=0.9000
[140/154] n=10, compiling=5, compile@1=0.5000
[141/154] n=10, compiling=10, compile@1=1.0000
[142/154] n=10, compiling=10, compile@1=1.0000
[143/154] n=10, compiling=2, compile@1=0.2000
[144/154] n=10, compiling=10, compile@1=1.0000
[145/154] n=10, compiling=0, compile@1=0.0000
[146/154] n=10, compiling=9, compile@1=0.9000
[147/154] n=10, compiling=10, compile@1=1.0000
[148/154] n=10, compiling=8, compile@1=0.8000
[149/154] n=10, compiling=4, compile@1=0.4000
[150/154] n=10, compiling=9, compile@1=0.9000
[151/154] n=10, compiling=5, compile@1=0.5000
[152/154] n=10, compiling=8, compile@1=0.8000
[153/154] n=10, compiling=0, compile@1=0.0000
[154/154] n=10, compiling=10, compile@1=1.0000
{
  "compile_at_1": 0.7649350649350652,
  "compile_at_5": 0.944392908678623,
  "total_problems": 154
}

Using Dart binary: /usr/bin/dart | workers=64

pass@k:   0%|          | 0/154 [00:00<?, ?row/s]
pass@k:   1%|          | 1/154 [00:25<1:05:43, 25.77s/row]
pass@k:   5%|▌         | 8/154 [00:27<06:06,  2.51s/row]  
pass@k:  12%|█▏        | 18/154 [00:52<05:42,  2.52s/row]
pass@k:  43%|████▎     | 66/154 [00:52<00:41,  2.11row/s]
pass@k:  52%|█████▏    | 80/154 [01:00<00:36,  2.03row/s]
pass@k:  52%|█████▏    | 80/154 [01:20<00:36,  2.03row/s]
pass@k:  84%|████████▍ | 129/154 [01:51<00:20,  1.25row/s]
pass@k: 100%|██████████| 154/154 [01:51<00:00,  1.38row/s]
Pass@k Results:
[1/154] n=10, passed=0, pass@1=0.0000
[2/154] n=10, passed=1, pass@1=0.1000
[3/154] n=10, passed=0, pass@1=0.0000
[4/154] n=10, passed=7, pass@1=0.7000
[5/154] n=10, passed=0, pass@1=0.0000
[6/154] n=10, passed=7, pass@1=0.7000
[7/154] n=10, passed=0, pass@1=0.0000
[8/154] n=10, passed=9, pass@1=0.9000
[9/154] n=10, passed=0, pass@1=0.0000
[10/154] n=10, passed=4, pass@1=0.4000
[11/154] n=10, passed=0, pass@1=0.0000
[12/154] n=10, passed=1, pass@1=0.1000
[13/154] n=10, passed=9, pass@1=0.9000
[14/154] n=10, passed=10, pass@1=1.0000
[15/154] n=10, passed=9, pass@1=0.9000
[16/154] n=10, passed=0, pass@1=0.0000
[17/154] n=10, passed=0, pass@1=0.0000
[18/154] n=10, passed=0, pass@1=0.0000
[19/154] n=10, passed=7, pass@1=0.7000
[20/154] n=10, passed=0, pass@1=0.0000
[21/154] n=10, passed=0, pass@1=0.0000
[22/154] n=10, passed=5, pass@1=0.5000
[23/154] n=10, passed=9, pass@1=0.9000
[24/154] n=10, passed=5, pass@1=0.5000
[25/154] n=10, passed=0, pass@1=0.0000
[26/154] n=10, passed=3, pass@1=0.3000
[27/154] n=10, passed=8, pass@1=0.8000
[28/154] n=10, passed=10, pass@1=1.0000
[29/154] n=10, passed=10, pass@1=1.0000
[30/154] n=10, passed=10, pass@1=1.0000
[31/154] n=10, passed=0, pass@1=0.0000
[32/154] n=10, passed=0, pass@1=0.0000
[33/154] n=10, passed=8, pass@1=0.8000
[34/154] n=10, passed=0, pass@1=0.0000
[35/154] n=10, passed=0, pass@1=0.0000
[36/154] n=10, passed=0, pass@1=0.0000
[37/154] n=10, passed=6, pass@1=0.6000
[38/154] n=10, passed=0, pass@1=0.0000
[39/154] n=10, passed=6, pass@1=0.6000
[40/154] n=10, passed=10, pass@1=1.0000
[41/154] n=10, passed=7, pass@1=0.7000
[42/154] n=10, passed=10, pass@1=1.0000
[43/154] n=10, passed=0, pass@1=0.0000
[44/154] n=10, passed=0, pass@1=0.0000
[45/154] n=10, passed=10, pass@1=1.0000
[46/154] n=10, passed=1, pass@1=0.1000
[47/154] n=10, passed=10, pass@1=1.0000
[48/154] n=10, passed=8, pass@1=0.8000
[49/154] n=10, passed=10, pass@1=1.0000
[50/154] n=10, passed=0, pass@1=0.0000
[51/154] n=10, passed=7, pass@1=0.7000
[52/154] n=10, passed=0, pass@1=0.0000
[53/154] n=10, passed=8, pass@1=0.8000
[54/154] n=10, passed=0, pass@1=0.0000
[55/154] n=10, passed=8, pass@1=0.8000
[56/154] n=10, passed=10, pass@1=1.0000
[57/154] n=10, passed=6, pass@1=0.6000
[58/154] n=10, passed=0, pass@1=0.0000
[59/154] n=10, passed=0, pass@1=0.0000
[60/154] n=10, passed=0, pass@1=0.0000
[61/154] n=10, passed=0, pass@1=0.0000
[62/154] n=10, passed=0, pass@1=0.0000
[63/154] n=10, passed=0, pass@1=0.0000
[64/154] n=10, passed=0, pass@1=0.0000
[65/154] n=10, passed=0, pass@1=0.0000
[66/154] n=10, passed=0, pass@1=0.0000
[67/154] n=10, passed=0, pass@1=0.0000
[68/154] n=10, passed=0, pass@1=0.0000
[69/154] n=10, passed=0, pass@1=0.0000
[70/154] n=10, passed=0, pass@1=0.0000
[71/154] n=10, passed=0, pass@1=0.0000
[72/154] n=10, passed=1, pass@1=0.1000
[73/154] n=10, passed=0, pass@1=0.0000
[74/154] n=10, passed=0, pass@1=0.0000
[75/154] n=10, passed=0, pass@1=0.0000
[76/154] n=10, passed=0, pass@1=0.0000
[77/154] n=10, passed=0, pass@1=0.0000
[78/154] n=10, passed=10, pass@1=1.0000
[79/154] n=10, passed=0, pass@1=0.0000
[80/154] n=10, passed=0, pass@1=0.0000
[81/154] n=10, passed=0, pass@1=0.0000
[82/154] n=10, passed=0, pass@1=0.0000
[83/154] n=10, passed=0, pass@1=0.0000
[84/154] n=10, passed=0, pass@1=0.0000
[85/154] n=10, passed=0, pass@1=0.0000
[86/154] n=10, passed=0, pass@1=0.0000
[87/154] n=10, passed=0, pass@1=0.0000
[88/154] n=10, passed=0, pass@1=0.0000
[89/154] n=10, passed=0, pass@1=0.0000
[90/154] n=10, passed=0, pass@1=0.0000
[91/154] n=10, passed=0, pass@1=0.0000
[92/154] n=10, passed=0, pass@1=0.0000
[93/154] n=10, passed=0, pass@1=0.0000
[94/154] n=10, passed=0, pass@1=0.0000
[95/154] n=10, passed=1, pass@1=0.1000
[96/154] n=10, passed=0, pass@1=0.0000
[97/154] n=10, passed=0, pass@1=0.0000
[98/154] n=10, passed=0, pass@1=0.0000
[99/154] n=10, passed=0, pass@1=0.0000
[100/154] n=10, passed=0, pass@1=0.0000
[101/154] n=10, passed=0, pass@1=0.0000
[102/154] n=10, passed=0, pass@1=0.0000
[103/154] n=10, passed=0, pass@1=0.0000
[104/154] n=10, passed=0, pass@1=0.0000
[105/154] n=10, passed=0, pass@1=0.0000
[106/154] n=10, passed=0, pass@1=0.0000
[107/154] n=10, passed=0, pass@1=0.0000
[108/154] n=10, passed=0, pass@1=0.0000
[109/154] n=10, passed=1, pass@1=0.1000
[110/154] n=10, passed=0, pass@1=0.0000
[111/154] n=10, passed=0, pass@1=0.0000
[112/154] n=10, passed=0, pass@1=0.0000
[113/154] n=10, passed=0, pass@1=0.0000
[114/154] n=10, passed=0, pass@1=0.0000
[115/154] n=10, passed=0, pass@1=0.0000
[116/154] n=10, passed=0, pass@1=0.0000
[117/154] n=10, passed=0, pass@1=0.0000
[118/154] n=10, passed=0, pass@1=0.0000
[119/154] n=10, passed=0, pass@1=0.0000
[120/154] n=10, passed=0, pass@1=0.0000
[121/154] n=10, passed=0, pass@1=0.0000
[122/154] n=10, passed=0, pass@1=0.0000
[123/154] n=10, passed=0, pass@1=0.0000
[124/154] n=10, passed=0, pass@1=0.0000
[125/154] n=10, passed=0, pass@1=0.0000
[126/154] n=10, passed=0, pass@1=0.0000
[127/154] n=10, passed=0, pass@1=0.0000
[128/154] n=10, passed=0, pass@1=0.0000
[129/154] n=10, passed=0, pass@1=0.0000
[130/154] n=10, passed=0, pass@1=0.0000
[131/154] n=10, passed=0, pass@1=0.0000
[132/154] n=10, passed=0, pass@1=0.0000
[133/154] n=10, passed=0, pass@1=0.0000
[134/154] n=10, passed=0, pass@1=0.0000
[135/154] n=10, passed=0, pass@1=0.0000
[136/154] n=10, passed=0, pass@1=0.0000
[137/154] n=10, passed=0, pass@1=0.0000
[138/154] n=10, passed=0, pass@1=0.0000
[139/154] n=10, passed=0, pass@1=0.0000
[140/154] n=10, passed=0, pass@1=0.0000
[141/154] n=10, passed=0, pass@1=0.0000
[142/154] n=10, passed=0, pass@1=0.0000
[143/154] n=10, passed=0, pass@1=0.0000
[144/154] n=10, passed=0, pass@1=0.0000
[145/154] n=10, passed=0, pass@1=0.0000
[146/154] n=10, passed=0, pass@1=0.0000
[147/154] n=10, passed=0, pass@1=0.0000
[148/154] n=10, passed=0, pass@1=0.0000
[149/154] n=10, passed=3, pass@1=0.3000
[150/154] n=10, passed=0, pass@1=0.0000
[151/154] n=10, passed=0, pass@1=0.0000
[152/154] n=10, passed=0, pass@1=0.0000
[153/154] n=10, passed=0, pass@1=0.0000
[154/154] n=10, passed=0, pass@1=0.0000
{
  "pass_at_1": 0.17207792207792214,
  "pass_at_5": 0.23247783962069674,
  "pass_at_10": 0.2532467532467532,
  "total_problems": 154
}

Results summary saved to /workspace/results/sweeps_antigravity/qwen3-8b-base_lora_enc_dec_r64_5e6_gcb_a128_graphv2_clean_s43_prefix_no_gine.json

Compiling candidate-level metrics to CSV: /workspace/results/sweeps_antigravity/qwen3-8b-base_lora_enc_dec_r64_5e6_gcb_a128_graphv2_clean_s43_prefix_no_gine_compile_stats.csv ...
Using Dart binary: /usr/bin/dart
Stats CSV workers=64

stats CSV:   0%|          | 0/154 [00:00<?, ?row/s]
stats CSV:   1%|          | 1/154 [00:23<59:09, 23.20s/row]
stats CSV:   1%|▏         | 2/154 [00:25<27:19, 10.78s/row]
stats CSV:   3%|▎         | 5/154 [00:25<07:53,  3.18s/row]
stats CSV:   7%|▋         | 11/154 [00:25<02:30,  1.06s/row]
stats CSV:  11%|█         | 17/154 [00:26<01:26,  1.59row/s]
stats CSV:  11%|█         | 17/154 [00:40<01:26,  1.59row/s]
stats CSV:  12%|█▏        | 18/154 [00:48<06:16,  2.77s/row]
stats CSV:  42%|████▏     | 65/154 [00:49<00:32,  2.72row/s]
stats CSV:  44%|████▍     | 68/154 [00:49<00:29,  2.89row/s]
stats CSV:  46%|████▌     | 71/154 [00:52<00:33,  2.47row/s]
stats CSV:  52%|█████▏    | 80/154 [01:00<00:40,  1.83row/s]
stats CSV:  52%|█████▏    | 80/154 [01:20<00:40,  1.83row/s]
stats CSV:  84%|████████▍ | 129/154 [01:51<00:22,  1.11row/s]
stats CSV: 100%|██████████| 154/154 [01:51<00:00,  1.38row/s]
Successfully compiled per-problem statistics to: /workspace/results/sweeps_antigravity/qwen3-8b-base_lora_enc_dec_r64_5e6_gcb_a128_graphv2_clean_s43_prefix_no_gine_compile_stats.csv

Reusing aligned candidate-level statistics: /workspace/results/sweeps_antigravity/qwen3-8b-base_lora_enc_dec_r64_5e6_gcb_a128_graphv2_clean_s43_prefix_no_gine_pass_stats.csv
HF upload complete: raafatabualazm/antigravity-qwen3-8b-artifacts/results/qwen3-8b-base_lora_enc_dec_r64_5e6_gcb_a128_graphv2_clean_s43_prefix_no_gine_compile_predictions.json
HF upload complete: raafatabualazm/antigravity-qwen3-8b-artifacts/results/qwen3-8b-base_lora_enc_dec_r64_5e6_gcb_a128_graphv2_clean_s43_prefix_no_gine_pass_predictions.json
HF upload complete: raafatabualazm/antigravity-qwen3-8b-artifacts/results/sweeps_antigravity/qwen3-8b-base_lora_enc_dec_r64_5e6_gcb_a128_graphv2_clean_s43_prefix_no_gine.json
HF upload complete: raafatabualazm/antigravity-qwen3-8b-artifacts/results/sweeps_antigravity/qwen3-8b-base_lora_enc_dec_r64_5e6_gcb_a128_graphv2_clean_s43_prefix_no_gine_compile_stats.csv
HF upload complete: raafatabualazm/antigravity-qwen3-8b-artifacts/results/sweeps_antigravity/qwen3-8b-base_lora_enc_dec_r64_5e6_gcb_a128_graphv2_clean_s43_prefix_no_gine_pass_stats.csv

=== x86_repeat_s44_signature_only (estimate 1.10 h) ===
/venv/main/bin/python /workspace/configs/run_sweeps_antigravity.py --experiment qwen3-8b-base_lora_enc_dec_r16_5e6_gcb --encoder gcb --max_risk high --hardware_profile rtx6000 --force_rerun --decoder_revision b968826d9c46dd6066d109eabc6255188de91218 --encoder_revision 2b0488a7bb0eefc7041f1bb2cad1ab26b0da269d --seed 44 --train_file data/datasets/dart_all_graphv2_train.jsonl --eval_file data/datasets/dart_all_graphv2_validation.jsonl --compile_dataset data/testing/grpo_data_graphv2.jsonl --pass_dataset data/testing/grpo_data_graphv2.jsonl --compile_mode jit_tests --epochs 4 --sft_lr 5e-6 --lora_r 64 --lora_alpha 128 --load_4bit 0 --attn_implementation sdpa --gradient_checkpointing 1 --train_batch_size 4 --grad_accum 16 --qwen_prefix_gate_init 0.2 --qwen_prefix_gate_mode token --qwen_prefix_rms_match 1 --decoder_prompt_max_length 2048 --prompt_fit_assembly 1 --auto_cfg 0 --max_block_instrs 20 --position_scheme roberta --causal_position_ids cumsum --use_reasoning 0 --eval_max_new_tokens 768 --generation_batch_size 10 --num_samples 10 --pass_num_samples 10 --metric_workers 64 --save_strategy no --save_total_limit 1 --gnn_layers 4 --global_attention_ablation full --name_suffix _graphv2_clean_s44_signature_only --qwen_prefix_tokens 0 --qwen_prefix_dynamic 0 --qwen_prefix_min_tokens 4 --qwen_prefix_tokens_per_log2 4 --prompt_assembly_mode none --prompt_fit_assembly 0 --prompt_clean_asm 0 --dfg_mode off --edge_ablation none --gnn_ablation identity --add_reverse_edges 1 --block_position_mode sinusoidal --skip_training --hf_repo raafatabualazm/antigravity-qwen3-8b-artifacts --hf_private 1 --hf_upload_checkpoints 1
CLI overrides applied to all sweeps: epochs=4, lora_r=64, lora_alpha=128

>>> Stage: SFT for qwen3-8b-base_lora_enc_dec_r64_5e6_gcb_a128_graphv2_clean_s44_signature_only

==================================================
RUNNING EXPERIMENT: qwen3-8b-base_lora_enc_dec_r64_5e6_gcb_a128_graphv2_clean_s44_signature_only
Decoder: Qwen/Qwen3-8B
Encoder PEFT: lora | Decoder PEFT: lora
LR: 5e-6 | Epochs: 4
OOM Risk (on 6GB VRAM): HIGH
Training Mode: SFT (Supervised Fine-Tuning)
==================================================

Dynamic Batch Size: 4 | Grad Accum: 16 | LoRA R: 64 | Alpha: 128 | Qwen prefix tokens: 0 | Qwen gate init: 0.2 | Qwen gate mode: token | Dynamic prefix: 0 [4, 4/log2] | Prefix RMS match: 1 | Prompt tokens: 2048 | Reasoning: 0 | Attention: sdpa | Grad ckpt: 1
Graph channel: dfg_mode=off | edge_ablation=none | gnn_ablation=identity | gnn_layers=4 | global_attention=full | reverse_edges=1 | block_positions=sinusoidal | position_scheme=roberta | causal_position_ids=cumsum | grpo_train_graph_glue=1 | auto_cfg=0
Skipping training; evaluating existing checkpoint: /workspace/artifacts/qwen3-8b-base_lora_enc_dec_r64_5e6_gcb_a128_graphv2_clean_s44_signature_only/pytorch_model.bin
No checkpoint found at /workspace/artifacts/qwen3-8b-base_lora_enc_dec_r64_5e6_gcb_a128_graphv2_clean_s44_signature_only/pytorch_model.bin; evaluating the base decoder/encoder without PEFT adapters.

Running multi-sample inference for legacy compile/CodeBLEU tasks...

Loading weights:   0%|          | 0/197 [00:00<?, ?it/s]
Loading weights: 100%|██████████| 197/197 [00:00<00:00, 49542.98it/s]
Decoder attention implementation: sdpa

Loading weights:   0%|          | 0/399 [00:00<?, ?it/s]
Loading weights: 100%|██████████| 399/399 [00:00<00:00, 7807.49it/s]
Enabled decoder gradient checkpointing.
Qwen graph prefix DISABLED (GRAPH_QWEN_PREFIX_TOKENS=0): text-only decoder; graph encoder compute skipped.
Inference mode: decoder gradient checkpointing OFF; KV cache ON

generate:   0%|          | 0/154 [00:00<?, ?row/s]
                                                  
[1/154] generated 10 candidates

generate:   0%|          | 0/154 [00:41<?, ?row/s]
generate:   1%|          | 1/154 [00:41<1:45:55, 41.54s/row]
                                                            
[2/154] generated 10 candidates

generate:   1%|          | 1/154 [01:24<1:45:55, 41.54s/row]
generate:   1%|▏         | 2/154 [01:24<1:47:01, 42.25s/row]
                                                            
[3/154] generated 10 candidates

generate:   1%|▏         | 2/154 [02:02<1:47:01, 42.25s/row]
generate:   2%|▏         | 3/154 [02:02<1:42:11, 40.61s/row]
                                                            
[4/154] generated 10 candidates

generate:   2%|▏         | 3/154 [02:47<1:42:11, 40.61s/row]
generate:   3%|▎         | 4/154 [02:47<1:44:57, 41.98s/row]
                                                            
[5/154] generated 10 candidates

generate:   3%|▎         | 4/154 [03:31<1:44:57, 41.98s/row]
generate:   3%|▎         | 5/154 [03:31<1:46:08, 42.74s/row]
                                                            
[6/154] generated 10 candidates

generate:   3%|▎         | 5/154 [03:57<1:46:08, 42.74s/row]
generate:   4%|▍         | 6/154 [03:57<1:31:20, 37.03s/row]
                                                            
[7/154] generated 10 candidates

generate:   4%|▍         | 6/154 [04:41<1:31:20, 37.03s/row]
generate:   5%|▍         | 7/154 [04:41<1:36:21, 39.33s/row]
                                                            
[8/154] generated 10 candidates

generate:   5%|▍         | 7/154 [05:23<1:36:21, 39.33s/row]
generate:   5%|▌         | 8/154 [05:23<1:38:22, 40.43s/row]
                                                            
[9/154] generated 10 candidates

generate:   5%|▌         | 8/154 [06:07<1:38:22, 40.43s/row]
generate:   6%|▌         | 9/154 [06:07<1:40:26, 41.56s/row]
                                                            
[10/154] generated 10 candidates

generate:   6%|▌         | 9/154 [06:51<1:40:26, 41.56s/row]
generate:   6%|▋         | 10/154 [06:51<1:41:34, 42.32s/row]
                                                             
[11/154] generated 10 candidates

generate:   6%|▋         | 10/154 [07:36<1:41:34, 42.32s/row]
generate:   7%|▋         | 11/154 [07:36<1:42:06, 42.84s/row]
                                                             
[12/154] generated 10 candidates

generate:   7%|▋         | 11/154 [08:20<1:42:06, 42.84s/row]
generate:   8%|▊         | 12/154 [08:20<1:42:14, 43.20s/row]
                                                             
[13/154] generated 10 candidates

generate:   8%|▊         | 12/154 [09:02<1:42:14, 43.20s/row]
generate:   8%|▊         | 13/154 [09:02<1:41:12, 43.06s/row]
                                                             
[14/154] generated 10 candidates

generate:   8%|▊         | 13/154 [09:46<1:41:12, 43.06s/row]
generate:   9%|▉         | 14/154 [09:46<1:41:10, 43.36s/row]
                                                             
[15/154] generated 10 candidates

generate:   9%|▉         | 14/154 [10:30<1:41:10, 43.36s/row]
generate:  10%|▉         | 15/154 [10:30<1:40:55, 43.56s/row]
                                                             
[16/154] generated 10 candidates

generate:  10%|▉         | 15/154 [11:14<1:40:55, 43.56s/row]
generate:  10%|█         | 16/154 [11:14<1:40:31, 43.70s/row]
                                                             
[17/154] generated 10 candidates

generate:  10%|█         | 16/154 [11:58<1:40:31, 43.70s/row]
generate:  11%|█         | 17/154 [11:58<1:40:02, 43.81s/row]
                                                             
[18/154] generated 10 candidates

generate:  11%|█         | 17/154 [12:42<1:40:02, 43.81s/row]
generate:  12%|█▏        | 18/154 [12:42<1:39:27, 43.88s/row]
                                                             
[19/154] generated 10 candidates

generate:  12%|█▏        | 18/154 [13:27<1:39:27, 43.88s/row]
generate:  12%|█▏        | 19/154 [13:27<1:38:50, 43.93s/row]
                                                             
[20/154] generated 10 candidates

generate:  12%|█▏        | 19/154 [14:11<1:38:50, 43.93s/row]
generate:  13%|█▎        | 20/154 [14:11<1:38:11, 43.97s/row]
                                                             
[21/154] generated 10 candidates

generate:  13%|█▎        | 20/154 [14:55<1:38:11, 43.97s/row]
generate:  14%|█▎        | 21/154 [14:55<1:37:31, 44.00s/row]
                                                             
[22/154] generated 10 candidates

generate:  14%|█▎        | 21/154 [15:39<1:37:31, 44.00s/row]
generate:  14%|█▍        | 22/154 [15:39<1:36:51, 44.03s/row]
                                                             
[23/154] generated 10 candidates

generate:  14%|█▍        | 22/154 [16:21<1:36:51, 44.03s/row]
generate:  15%|█▍        | 23/154 [16:21<1:35:12, 43.61s/row]
                                                             
[24/154] generated 10 candidates

generate:  15%|█▍        | 23/154 [17:05<1:35:12, 43.61s/row]
generate:  16%|█▌        | 24/154 [17:05<1:34:45, 43.74s/row]
                                                             
[25/154] generated 10 candidates

generate:  16%|█▌        | 24/154 [17:35<1:34:45, 43.74s/row]
generate:  16%|█▌        | 25/154 [17:35<1:25:10, 39.62s/row]
                                                             
[26/154] generated 10 candidates

generate:  16%|█▌        | 25/154 [17:47<1:25:10, 39.62s/row]
generate:  17%|█▋        | 26/154 [17:47<1:06:26, 31.15s/row]
                                                             
[27/154] generated 10 candidates

generate:  17%|█▋        | 26/154 [17:53<1:06:26, 31.15s/row]
generate:  18%|█▊        | 27/154 [17:53<50:12, 23.72s/row]  
                                                           
[28/154] generated 10 candidates

generate:  18%|█▊        | 27/154 [18:34<50:12, 23.72s/row]
generate:  18%|█▊        | 28/154 [18:34<1:00:48, 28.96s/row]
                                                             
[29/154] generated 10 candidates

generate:  18%|█▊        | 28/154 [19:12<1:00:48, 28.96s/row]
generate:  19%|█▉        | 29/154 [19:12<1:05:32, 31.46s/row]
                                                             
[30/154] generated 10 candidates

generate:  19%|█▉        | 29/154 [19:56<1:05:32, 31.46s/row]
generate:  19%|█▉        | 30/154 [19:56<1:12:47, 35.22s/row]
                                                             
[31/154] generated 10 candidates

generate:  19%|█▉        | 30/154 [20:40<1:12:47, 35.22s/row]
generate:  20%|██        | 31/154 [20:40<1:17:36, 37.86s/row]
                                                             
[32/154] generated 10 candidates

generate:  20%|██        | 31/154 [21:24<1:17:36, 37.86s/row]
generate:  21%|██        | 32/154 [21:24<1:20:44, 39.71s/row]
                                                             
[33/154] generated 10 candidates

generate:  21%|██        | 32/154 [22:08<1:20:44, 39.71s/row]
generate:  21%|██▏       | 33/154 [22:08<1:22:41, 41.01s/row]
                                                             
[34/154] generated 10 candidates

generate:  21%|██▏       | 33/154 [22:52<1:22:41, 41.01s/row]
generate:  22%|██▏       | 34/154 [22:52<1:23:49, 41.91s/row]
                                                             
[35/154] generated 10 candidates

generate:  22%|██▏       | 34/154 [23:36<1:23:49, 41.91s/row]
generate:  23%|██▎       | 35/154 [23:36<1:24:24, 42.56s/row]
                                                             
[36/154] generated 10 candidates

generate:  23%|██▎       | 35/154 [24:20<1:24:24, 42.56s/row]
generate:  23%|██▎       | 36/154 [24:20<1:24:35, 43.01s/row]
                                                             
[37/154] generated 10 candidates

generate:  23%|██▎       | 36/154 [25:04<1:24:35, 43.01s/row]
generate:  24%|██▍       | 37/154 [25:04<1:24:29, 43.33s/row]
                                                             
[38/154] generated 10 candidates

generate:  24%|██▍       | 37/154 [25:48<1:24:29, 43.33s/row]
generate:  25%|██▍       | 38/154 [25:48<1:24:10, 43.54s/row]
                                                             
[39/154] generated 10 candidates

generate:  25%|██▍       | 38/154 [26:31<1:24:10, 43.54s/row]
generate:  25%|██▌       | 39/154 [26:31<1:23:14, 43.43s/row]
                                                             
[40/154] generated 10 candidates

generate:  25%|██▌       | 39/154 [27:15<1:23:14, 43.43s/row]
generate:  26%|██▌       | 40/154 [27:15<1:22:51, 43.61s/row]
                                                             
[41/154] generated 10 candidates

generate:  26%|██▌       | 40/154 [27:59<1:22:51, 43.61s/row]
generate:  27%|██▋       | 41/154 [27:59<1:22:23, 43.74s/row]
                                                             
[42/154] generated 10 candidates

generate:  27%|██▋       | 41/154 [28:26<1:22:23, 43.74s/row]
generate:  27%|██▋       | 42/154 [28:26<1:12:00, 38.57s/row]
                                                             
[43/154] generated 10 candidates

generate:  27%|██▋       | 42/154 [29:10<1:12:00, 38.57s/row]
generate:  28%|██▊       | 43/154 [29:10<1:14:24, 40.22s/row]
                                                             
[44/154] generated 10 candidates

generate:  28%|██▊       | 43/154 [29:54<1:14:24, 40.22s/row]
generate:  29%|██▊       | 44/154 [29:54<1:15:51, 41.38s/row]
                                                             
[45/154] generated 10 candidates

generate:  29%|██▊       | 44/154 [30:38<1:15:51, 41.38s/row]
generate:  29%|██▉       | 45/154 [30:38<1:16:37, 42.18s/row]
                                                             
[46/154] generated 10 candidates

generate:  29%|██▉       | 45/154 [31:22<1:16:37, 42.18s/row]
generate:  30%|██▉       | 46/154 [31:22<1:16:56, 42.75s/row]
                                                             
[47/154] generated 10 candidates

generate:  30%|██▉       | 46/154 [32:06<1:16:56, 42.75s/row]
generate:  31%|███       | 47/154 [32:06<1:16:55, 43.14s/row]
                                                             
[48/154] generated 10 candidates

generate:  31%|███       | 47/154 [32:50<1:16:55, 43.14s/row]
generate:  31%|███       | 48/154 [32:50<1:16:41, 43.41s/row]
                                                             
[49/154] generated 10 candidates

generate:  31%|███       | 48/154 [33:09<1:16:41, 43.41s/row]
generate:  32%|███▏      | 49/154 [33:09<1:02:55, 35.96s/row]
                                                             
[50/154] generated 10 candidates

generate:  32%|███▏      | 49/154 [33:53<1:02:55, 35.96s/row]
generate:  32%|███▏      | 50/154 [33:53<1:06:32, 38.39s/row]
                                                             
[51/154] generated 10 candidates

generate:  32%|███▏      | 50/154 [34:28<1:06:32, 38.39s/row]
generate:  33%|███▎      | 51/154 [34:28<1:04:14, 37.42s/row]
                                                             
[52/154] generated 10 candidates

generate:  33%|███▎      | 51/154 [35:12<1:04:14, 37.42s/row]
generate:  34%|███▍      | 52/154 [35:12<1:07:00, 39.41s/row]
                                                             
[53/154] generated 10 candidates

generate:  34%|███▍      | 52/154 [35:56<1:07:00, 39.41s/row]
generate:  34%|███▍      | 53/154 [35:56<1:08:41, 40.80s/row]
                                                             
[54/154] generated 10 candidates

generate:  34%|███▍      | 53/154 [36:40<1:08:41, 40.80s/row]
generate:  35%|███▌      | 54/154 [36:40<1:09:37, 41.77s/row]
                                                             
[55/154] generated 10 candidates

generate:  35%|███▌      | 54/154 [37:24<1:09:37, 41.77s/row]
generate:  36%|███▌      | 55/154 [37:24<1:10:03, 42.45s/row]
                                                             
[56/154] generated 10 candidates

generate:  36%|███▌      | 55/154 [38:08<1:10:03, 42.45s/row]
generate:  36%|███▋      | 56/154 [38:08<1:10:05, 42.92s/row]
                                                             
[57/154] generated 10 candidates

generate:  36%|███▋      | 56/154 [38:52<1:10:05, 42.92s/row]
generate:  37%|███▋      | 57/154 [38:52<1:09:53, 43.23s/row]
                                                             
[58/154] generated 10 candidates

generate:  37%|███▋      | 57/154 [39:36<1:09:53, 43.23s/row]
generate:  38%|███▊      | 58/154 [39:36<1:09:31, 43.46s/row]
                                                             
[59/154] generated 10 candidates

generate:  38%|███▊      | 58/154 [40:20<1:09:31, 43.46s/row]
generate:  38%|███▊      | 59/154 [40:20<1:09:03, 43.61s/row]
                                                             
[60/154] generated 10 candidates

generate:  38%|███▊      | 59/154 [41:04<1:09:03, 43.61s/row]
generate:  39%|███▉      | 60/154 [41:04<1:08:30, 43.73s/row]
                                                             
[61/154] generated 10 candidates

generate:  39%|███▉      | 60/154 [41:48<1:08:30, 43.73s/row]
generate:  40%|███▉      | 61/154 [41:48<1:07:55, 43.82s/row]
                                                             
[62/154] generated 10 candidates

generate:  40%|███▉      | 61/154 [42:32<1:07:55, 43.82s/row]
generate:  40%|████      | 62/154 [42:32<1:07:18, 43.89s/row]
                                                             
[63/154] generated 10 candidates

generate:  40%|████      | 62/154 [43:16<1:07:18, 43.89s/row]
generate:  41%|████      | 63/154 [43:16<1:06:39, 43.95s/row]
                                                             
[64/154] generated 10 candidates

generate:  41%|████      | 63/154 [44:00<1:06:39, 43.95s/row]
generate:  42%|████▏     | 64/154 [44:00<1:05:57, 43.97s/row]
                                                             
[65/154] generated 10 candidates

generate:  42%|████▏     | 64/154 [44:44<1:05:57, 43.97s/row]
generate:  42%|████▏     | 65/154 [44:44<1:05:15, 44.00s/row]
                                                             
[66/154] generated 10 candidates

generate:  42%|████▏     | 65/154 [45:28<1:05:15, 44.00s/row]
generate:  43%|████▎     | 66/154 [45:28<1:04:32, 44.00s/row]
                                                             
[67/154] generated 10 candidates

generate:  43%|████▎     | 66/154 [45:53<1:04:32, 44.00s/row]
generate:  44%|████▎     | 67/154 [45:53<55:27, 38.24s/row]  
                                                           
[68/154] generated 10 candidates

generate:  44%|████▎     | 67/154 [46:37<55:27, 38.24s/row]
generate:  44%|████▍     | 68/154 [46:37<57:19, 39.99s/row]
                                                           
[69/154] generated 10 candidates

generate:  44%|████▍     | 68/154 [47:21<57:19, 39.99s/row]
generate:  45%|████▍     | 69/154 [47:21<58:23, 41.22s/row]
                                                           
[70/154] generated 10 candidates

generate:  45%|████▍     | 69/154 [48:05<58:23, 41.22s/row]
generate:  45%|████▌     | 70/154 [48:05<58:54, 42.07s/row]
                                                           
[71/154] generated 10 candidates

generate:  45%|████▌     | 70/154 [48:49<58:54, 42.07s/row]
generate:  46%|████▌     | 71/154 [48:49<59:02, 42.68s/row]
                                                           
[72/154] generated 10 candidates

generate:  46%|████▌     | 71/154 [49:34<59:02, 42.68s/row]
generate:  47%|████▋     | 72/154 [49:34<58:54, 43.10s/row]
                                                           
[73/154] generated 10 candidates

generate:  47%|████▋     | 72/154 [50:18<58:54, 43.10s/row]
generate:  47%|████▋     | 73/154 [50:18<58:34, 43.39s/row]
                                                           
[74/154] generated 10 candidates

generate:  47%|████▋     | 73/154 [51:02<58:34, 43.39s/row]
generate:  48%|████▊     | 74/154 [51:02<58:07, 43.59s/row]
                                                           
[75/154] generated 10 candidates

generate:  48%|████▊     | 74/154 [51:37<58:07, 43.59s/row]
generate:  49%|████▊     | 75/154 [51:37<54:09, 41.14s/row]
                                                           
[76/154] generated 10 candidates

generate:  49%|████▊     | 75/154 [52:21<54:09, 41.14s/row]
generate:  49%|████▉     | 76/154 [52:21<54:38, 42.03s/row]
                                                           
[77/154] generated 10 candidates

generate:  49%|████▉     | 76/154 [53:05<54:38, 42.03s/row]
generate:  50%|█████     | 77/154 [53:05<54:43, 42.65s/row]
                                                           
[78/154] generated 10 candidates

generate:  50%|█████     | 77/154 [53:49<54:43, 42.65s/row]
generate:  51%|█████     | 78/154 [53:49<54:33, 43.07s/row]
                                                           
[79/154] generated 10 candidates

generate:  51%|█████     | 78/154 [54:33<54:33, 43.07s/row]
generate:  51%|█████▏    | 79/154 [54:33<54:13, 43.38s/row]
                                                           
[80/154] generated 10 candidates

generate:  51%|█████▏    | 79/154 [55:17<54:13, 43.38s/row]
generate:  52%|█████▏    | 80/154 [55:17<53:45, 43.58s/row]
                                                           
[81/154] generated 10 candidates

generate:  52%|█████▏    | 80/154 [56:02<53:45, 43.58s/row]
generate:  53%|█████▎    | 81/154 [56:02<53:11, 43.72s/row]
                                                           
[82/154] generated 10 candidates

generate:  53%|█████▎    | 81/154 [56:46<53:11, 43.72s/row]
generate:  53%|█████▎    | 82/154 [56:46<52:35, 43.83s/row]
                                                           
[83/154] generated 10 candidates

generate:  53%|█████▎    | 82/154 [57:30<52:35, 43.83s/row]
generate:  54%|█████▍    | 83/154 [57:30<51:57, 43.90s/row]
                                                           
[84/154] generated 10 candidates

generate:  54%|█████▍    | 83/154 [58:14<51:57, 43.90s/row]
generate:  55%|█████▍    | 84/154 [58:14<51:16, 43.95s/row]
                                                           
[85/154] generated 10 candidates

generate:  55%|█████▍    | 84/154 [58:58<51:16, 43.95s/row]
generate:  55%|█████▌    | 85/154 [58:58<50:33, 43.97s/row]
                                                           
[86/154] generated 10 candidates

generate:  55%|█████▌    | 85/154 [59:19<50:33, 43.97s/row]
generate:  56%|█████▌    | 86/154 [59:19<42:08, 37.19s/row]
                                                           
[87/154] generated 10 candidates

generate:  56%|█████▌    | 86/154 [1:00:03<42:08, 37.19s/row]
generate:  56%|█████▋    | 87/154 [1:00:03<43:50, 39.26s/row]
                                                             
[88/154] generated 10 candidates

generate:  56%|█████▋    | 87/154 [1:00:47<43:50, 39.26s/row]
generate:  57%|█████▋    | 88/154 [1:00:47<44:46, 40.71s/row]
                                                             
[89/154] generated 10 candidates

generate:  57%|█████▋    | 88/154 [1:01:31<44:46, 40.71s/row]
generate:  58%|█████▊    | 89/154 [1:01:31<45:12, 41.73s/row]
                                                             
[90/154] generated 10 candidates

generate:  58%|█████▊    | 89/154 [1:02:11<45:12, 41.73s/row]
generate:  58%|█████▊    | 90/154 [1:02:11<43:56, 41.19s/row]
                                                             
[91/154] generated 10 candidates

generate:  58%|█████▊    | 90/154 [1:02:56<43:56, 41.19s/row]
generate:  59%|█████▉    | 91/154 [1:02:56<44:11, 42.09s/row]
                                                             
[92/154] generated 10 candidates

generate:  59%|█████▉    | 91/154 [1:03:40<44:11, 42.09s/row]
generate:  60%|█████▉    | 92/154 [1:03:40<44:08, 42.71s/row]
                                                             
[93/154] generated 10 candidates

generate:  60%|█████▉    | 92/154 [1:04:24<44:08, 42.71s/row]
generate:  60%|██████    | 93/154 [1:04:24<43:51, 43.13s/row]
                                                             
[94/154] generated 10 candidates

generate:  60%|██████    | 93/154 [1:05:08<43:51, 43.13s/row]
generate:  61%|██████    | 94/154 [1:05:08<43:25, 43.43s/row]
                                                             
[95/154] generated 10 candidates

generate:  61%|██████    | 94/154 [1:05:52<43:25, 43.43s/row]
generate:  62%|██████▏   | 95/154 [1:05:52<42:53, 43.62s/row]
                                                             
[96/154] generated 10 candidates

generate:  62%|██████▏   | 95/154 [1:06:36<42:53, 43.62s/row]
generate:  62%|██████▏   | 96/154 [1:06:36<42:18, 43.77s/row]
                                                             
[97/154] generated 10 candidates

generate:  62%|██████▏   | 96/154 [1:07:20<42:18, 43.77s/row]
generate:  63%|██████▎   | 97/154 [1:07:20<41:40, 43.87s/row]
                                                             
[98/154] generated 10 candidates

generate:  63%|██████▎   | 97/154 [1:08:04<41:40, 43.87s/row]
generate:  64%|██████▎   | 98/154 [1:08:04<41:00, 43.93s/row]
                                                             
[99/154] generated 10 candidates

generate:  64%|██████▎   | 98/154 [1:08:48<41:00, 43.93s/row]
generate:  64%|██████▍   | 99/154 [1:08:48<40:19, 43.98s/row]
                                                             
[100/154] generated 10 candidates

generate:  64%|██████▍   | 99/154 [1:09:33<40:19, 43.98s/row]
generate:  65%|██████▍   | 100/154 [1:09:33<39:37, 44.02s/row]
                                                              
[101/154] generated 10 candidates

generate:  65%|██████▍   | 100/154 [1:10:17<39:37, 44.02s/row]
generate:  66%|██████▌   | 101/154 [1:10:17<38:55, 44.06s/row]
                                                              
[102/154] generated 10 candidates

generate:  66%|██████▌   | 101/154 [1:11:01<38:55, 44.06s/row]
generate:  66%|██████▌   | 102/154 [1:11:01<38:11, 44.06s/row]
                                                              
[103/154] generated 10 candidates

generate:  66%|██████▌   | 102/154 [1:11:45<38:11, 44.06s/row]
generate:  67%|██████▋   | 103/154 [1:11:45<37:26, 44.05s/row]
                                                              
[104/154] generated 10 candidates

generate:  67%|██████▋   | 103/154 [1:12:29<37:26, 44.05s/row]
generate:  68%|██████▊   | 104/154 [1:12:29<36:42, 44.05s/row]
                                                              
[105/154] generated 10 candidates

generate:  68%|██████▊   | 104/154 [1:12:36<36:42, 44.05s/row]
generate:  68%|██████▊   | 105/154 [1:12:36<26:57, 33.01s/row]
                                                              
[106/154] generated 10 candidates

generate:  68%|██████▊   | 105/154 [1:13:20<26:57, 33.01s/row]
generate:  69%|██████▉   | 106/154 [1:13:20<29:03, 36.32s/row]
                                                              
[107/154] generated 10 candidates

generate:  69%|██████▉   | 106/154 [1:14:04<29:03, 36.32s/row]
generate:  69%|██████▉   | 107/154 [1:14:04<30:16, 38.64s/row]
                                                              
[108/154] generated 10 candidates

generate:  69%|██████▉   | 107/154 [1:14:48<30:16, 38.64s/row]
generate:  70%|███████   | 108/154 [1:14:48<30:52, 40.26s/row]
                                                              
[109/154] generated 10 candidates

generate:  70%|███████   | 108/154 [1:15:32<30:52, 40.26s/row]
generate:  71%|███████   | 109/154 [1:15:32<31:02, 41.39s/row]
                                                              
[110/154] generated 10 candidates

generate:  71%|███████   | 109/154 [1:16:16<31:02, 41.39s/row]
generate:  71%|███████▏  | 110/154 [1:16:16<30:56, 42.19s/row]
                                                              
[111/154] generated 10 candidates

generate:  71%|███████▏  | 110/154 [1:17:00<30:56, 42.19s/row]
generate:  72%|███████▏  | 111/154 [1:17:00<30:37, 42.74s/row]
                                                              
[112/154] generated 10 candidates

generate:  72%|███████▏  | 111/154 [1:17:44<30:37, 42.74s/row]
generate:  73%|███████▎  | 112/154 [1:17:44<30:12, 43.15s/row]
                                                              
[113/154] generated 10 candidates

generate:  73%|███████▎  | 112/154 [1:18:28<30:12, 43.15s/row]
generate:  73%|███████▎  | 113/154 [1:18:28<29:40, 43.43s/row]
                                                              
[114/154] generated 10 candidates

generate:  73%|███████▎  | 113/154 [1:19:13<29:40, 43.43s/row]
generate:  74%|███████▍  | 114/154 [1:19:13<29:04, 43.61s/row]
                                                              
[115/154] generated 10 candidates

generate:  74%|███████▍  | 114/154 [1:19:57<29:04, 43.61s/row]
generate:  75%|███████▍  | 115/154 [1:19:57<28:26, 43.75s/row]
                                                              
[116/154] generated 10 candidates

generate:  75%|███████▍  | 115/154 [1:20:41<28:26, 43.75s/row]
generate:  75%|███████▌  | 116/154 [1:20:41<27:46, 43.84s/row]
                                                              
[117/154] generated 10 candidates

generate:  75%|███████▌  | 116/154 [1:21:25<27:46, 43.84s/row]
generate:  76%|███████▌  | 117/154 [1:21:25<27:04, 43.91s/row]
                                                              
[118/154] generated 10 candidates

generate:  76%|███████▌  | 117/154 [1:22:09<27:04, 43.91s/row]
generate:  77%|███████▋  | 118/154 [1:22:09<26:22, 43.96s/row]
                                                              
[119/154] generated 10 candidates

generate:  77%|███████▋  | 118/154 [1:22:53<26:22, 43.96s/row]
generate:  77%|███████▋  | 119/154 [1:22:53<25:39, 43.98s/row]
                                                              
[120/154] generated 10 candidates

generate:  77%|███████▋  | 119/154 [1:23:37<25:39, 43.98s/row]
generate:  78%|███████▊  | 120/154 [1:23:37<24:56, 44.00s/row]
                                                              
[121/154] generated 10 candidates

generate:  78%|███████▊  | 120/154 [1:23:48<24:56, 44.00s/row]
generate:  79%|███████▊  | 121/154 [1:23:48<18:49, 34.22s/row]
                                                              
[122/154] generated 10 candidates

generate:  79%|███████▊  | 121/154 [1:24:32<18:49, 34.22s/row]
generate:  79%|███████▉  | 122/154 [1:24:32<19:49, 37.16s/row]
                                                              
[123/154] generated 10 candidates

generate:  79%|███████▉  | 122/154 [1:25:16<19:49, 37.16s/row]
generate:  80%|███████▉  | 123/154 [1:25:16<20:16, 39.23s/row]
                                                              
[124/154] generated 10 candidates

generate:  80%|███████▉  | 123/154 [1:26:00<20:16, 39.23s/row]
generate:  81%|████████  | 124/154 [1:26:00<20:20, 40.67s/row]
                                                              
[125/154] generated 10 candidates

generate:  81%|████████  | 124/154 [1:26:44<20:20, 40.67s/row]
generate:  81%|████████  | 125/154 [1:26:44<20:08, 41.68s/row]
                                                              
[126/154] generated 10 candidates

generate:  81%|████████  | 125/154 [1:27:27<20:08, 41.68s/row]
generate:  82%|████████▏ | 126/154 [1:27:27<19:37, 42.06s/row]
                                                              
[127/154] generated 10 candidates

generate:  82%|████████▏ | 126/154 [1:28:11<19:37, 42.06s/row]
generate:  82%|████████▏ | 127/154 [1:28:11<19:11, 42.65s/row]
                                                              
[128/154] generated 10 candidates

generate:  82%|████████▏ | 127/154 [1:28:55<19:11, 42.65s/row]
generate:  83%|████████▎ | 128/154 [1:28:55<18:40, 43.08s/row]
                                                              
[129/154] generated 10 candidates

generate:  83%|████████▎ | 128/154 [1:29:39<18:40, 43.08s/row]
generate:  84%|████████▍ | 129/154 [1:29:39<18:04, 43.36s/row]
                                                              
[130/154] generated 10 candidates

generate:  84%|████████▍ | 129/154 [1:30:23<18:04, 43.36s/row]
generate:  84%|████████▍ | 130/154 [1:30:23<17:25, 43.55s/row]
                                                              
[131/154] generated 10 candidates

generate:  84%|████████▍ | 130/154 [1:31:07<17:25, 43.55s/row]
generate:  85%|████████▌ | 131/154 [1:31:07<16:44, 43.69s/row]
                                                              
[132/154] generated 10 candidates

generate:  85%|████████▌ | 131/154 [1:31:51<16:44, 43.69s/row]
generate:  86%|████████▌ | 132/154 [1:31:51<15:59, 43.62s/row]
                                                              
[133/154] generated 10 candidates

generate:  86%|████████▌ | 132/154 [1:32:35<15:59, 43.62s/row]
generate:  86%|████████▋ | 133/154 [1:32:35<15:18, 43.74s/row]
                                                              
[134/154] generated 10 candidates

generate:  86%|████████▋ | 133/154 [1:33:19<15:18, 43.74s/row]
generate:  87%|████████▋ | 134/154 [1:33:19<14:36, 43.82s/row]
                                                              
[135/154] generated 10 candidates

generate:  87%|████████▋ | 134/154 [1:33:58<14:36, 43.82s/row]
generate:  88%|████████▊ | 135/154 [1:33:58<13:22, 42.24s/row]
                                                              
[136/154] generated 10 candidates

generate:  88%|████████▊ | 135/154 [1:34:42<13:22, 42.24s/row]
generate:  88%|████████▊ | 136/154 [1:34:42<12:49, 42.77s/row]
                                                              
[137/154] generated 10 candidates

generate:  88%|████████▊ | 136/154 [1:35:26<12:49, 42.77s/row]
generate:  89%|████████▉ | 137/154 [1:35:26<12:13, 43.14s/row]
                                                              
[138/154] generated 10 candidates

generate:  89%|████████▉ | 137/154 [1:36:10<12:13, 43.14s/row]
generate:  90%|████████▉ | 138/154 [1:36:10<11:34, 43.40s/row]
                                                              
[139/154] generated 10 candidates

generate:  90%|████████▉ | 138/154 [1:36:54<11:34, 43.40s/row]
generate:  90%|█████████ | 139/154 [1:36:54<10:53, 43.59s/row]
                                                              
[140/154] generated 10 candidates

generate:  90%|█████████ | 139/154 [1:37:38<10:53, 43.59s/row]
generate:  91%|█████████ | 140/154 [1:37:38<10:12, 43.72s/row]
                                                              
[141/154] generated 10 candidates

generate:  91%|█████████ | 140/154 [1:38:22<10:12, 43.72s/row]
generate:  92%|█████████▏| 141/154 [1:38:22<09:29, 43.81s/row]
                                                              
[142/154] generated 10 candidates

generate:  92%|█████████▏| 141/154 [1:39:06<09:29, 43.81s/row]
generate:  92%|█████████▏| 142/154 [1:39:06<08:46, 43.88s/row]
                                                              
[143/154] generated 10 candidates

generate:  92%|█████████▏| 142/154 [1:39:50<08:46, 43.88s/row]
generate:  93%|█████████▎| 143/154 [1:39:50<08:03, 43.93s/row]
                                                              
[144/154] generated 10 candidates

generate:  93%|█████████▎| 143/154 [1:40:34<08:03, 43.93s/row]
generate:  94%|█████████▎| 144/154 [1:40:34<07:19, 43.96s/row]
                                                              
[145/154] generated 10 candidates

generate:  94%|█████████▎| 144/154 [1:41:18<07:19, 43.96s/row]
generate:  94%|█████████▍| 145/154 [1:41:18<06:35, 43.99s/row]
                                                              
[146/154] generated 10 candidates

generate:  94%|█████████▍| 145/154 [1:42:02<06:35, 43.99s/row]
generate:  95%|█████████▍| 146/154 [1:42:02<05:52, 44.00s/row]
                                                              
[147/154] generated 10 candidates

generate:  95%|█████████▍| 146/154 [1:42:46<05:52, 44.00s/row]
generate:  95%|█████████▌| 147/154 [1:42:46<05:08, 44.01s/row]
                                                              
[148/154] generated 10 candidates

generate:  95%|█████████▌| 147/154 [1:43:30<05:08, 44.01s/row]
generate:  96%|█████████▌| 148/154 [1:43:30<04:24, 44.01s/row]
                                                              
[149/154] generated 10 candidates

generate:  96%|█████████▌| 148/154 [1:44:14<04:24, 44.01s/row]
generate:  97%|█████████▋| 149/154 [1:44:14<03:40, 44.01s/row]
                                                              
[150/154] generated 10 candidates

generate:  97%|█████████▋| 149/154 [1:44:58<03:40, 44.01s/row]
generate:  97%|█████████▋| 150/154 [1:44:58<02:55, 44.00s/row]
                                                              
[151/154] generated 10 candidates

generate:  97%|█████████▋| 150/154 [1:45:42<02:55, 44.00s/row]
generate:  98%|█████████▊| 151/154 [1:45:42<02:11, 43.99s/row]
                                                              
[152/154] generated 10 candidates

generate:  98%|█████████▊| 151/154 [1:46:26<02:11, 43.99s/row]
generate:  99%|█████████▊| 152/154 [1:46:26<01:28, 44.05s/row]
                                                              
[153/154] generated 10 candidates

generate:  99%|█████████▊| 152/154 [1:47:10<01:28, 44.05s/row]
generate:  99%|█████████▉| 153/154 [1:47:10<00:44, 44.02s/row]
                                                              
[154/154] generated 10 candidates

generate:  99%|█████████▉| 153/154 [1:47:54<00:44, 44.02s/row]
generate: 100%|██████████| 154/154 [1:47:54<00:00, 44.00s/row]
generate: 100%|██████████| 154/154 [1:47:54<00:00, 42.04s/row]
wrote /workspace/results/qwen3-8b-base_lora_enc_dec_r64_5e6_gcb_a128_graphv2_clean_s44_signature_only_compile_predictions.json
wrote /workspace/results/qwen3-8b-base_lora_enc_dec_r64_5e6_gcb_a128_graphv2_clean_s44_signature_only_compile_predictions.json.provenance.json

Compile and pass evaluation settings match; reusing the same candidate pool.

Calculating metrics...
CodeBLEU Results:
{
  "count": 154,
  "samples_with_success": 154,
  "mean_codebleu": 0.6450746469739191,
  "min_codebleu": 0.3798176664185495,
  "max_codebleu": 0.7959005637398169
}

Compiled-only CodeBLEU Results:
{
  "count": 154,
  "samples_with_success": 66,
  "mean_codebleu": 0.6359928136129354,
  "min_codebleu": 0.5051450685767429,
  "max_codebleu": 0.7959005637398169
}

Using Dart binary: /usr/bin/dart | workers=64

compile@k:   0%|          | 0/154 [00:00<?, ?row/s]
compile@k:   1%|          | 1/154 [00:24<1:03:12, 24.79s/row]
compile@k:   1%|▏         | 2/154 [00:28<31:14, 12.33s/row]  
compile@k:   7%|▋         | 11/154 [00:28<03:27,  1.45s/row]
compile@k:   7%|▋         | 11/154 [00:40<03:27,  1.45s/row]
compile@k:  10%|█         | 16/154 [00:49<06:01,  2.62s/row]
compile@k:  53%|█████▎    | 82/154 [00:52<00:24,  2.98row/s]
compile@k:  58%|█████▊    | 90/154 [00:53<00:19,  3.27row/s]
compile@k: 100%|██████████| 154/154 [00:53<00:00,  2.87row/s]
Compile@k Results:
[1/154] n=10, compiling=9, compile@1=0.9000
[2/154] n=10, compiling=6, compile@1=0.6000
[3/154] n=10, compiling=6, compile@1=0.6000
[4/154] n=10, compiling=10, compile@1=1.0000
[5/154] n=10, compiling=0, compile@1=0.0000
[6/154] n=10, compiling=10, compile@1=1.0000
[7/154] n=10, compiling=4, compile@1=0.4000
[8/154] n=10, compiling=5, compile@1=0.5000
[9/154] n=10, compiling=5, compile@1=0.5000
[10/154] n=10, compiling=10, compile@1=1.0000
[11/154] n=10, compiling=6, compile@1=0.6000
[12/154] n=10, compiling=4, compile@1=0.4000
[13/154] n=10, compiling=9, compile@1=0.9000
[14/154] n=10, compiling=10, compile@1=1.0000
[15/154] n=10, compiling=10, compile@1=1.0000
[16/154] n=10, compiling=5, compile@1=0.5000
[17/154] n=10, compiling=10, compile@1=1.0000
[18/154] n=10, compiling=2, compile@1=0.2000
[19/154] n=10, compiling=5, compile@1=0.5000
[20/154] n=10, compiling=2, compile@1=0.2000
[21/154] n=10, compiling=3, compile@1=0.3000
[22/154] n=10, compiling=4, compile@1=0.4000
[23/154] n=10, compiling=9, compile@1=0.9000
[24/154] n=10, compiling=6, compile@1=0.6000
[25/154] n=10, compiling=10, compile@1=1.0000
[26/154] n=10, compiling=5, compile@1=0.5000
[27/154] n=10, compiling=10, compile@1=1.0000
[28/154] n=10, compiling=3, compile@1=0.3000
[29/154] n=10, compiling=10, compile@1=1.0000
[30/154] n=10, compiling=10, compile@1=1.0000
[31/154] n=10, compiling=5, compile@1=0.5000
[32/154] n=10, compiling=9, compile@1=0.9000
[33/154] n=10, compiling=9, compile@1=0.9000
[34/154] n=10, compiling=10, compile@1=1.0000
[35/154] n=10, compiling=9, compile@1=0.9000
[36/154] n=10, compiling=2, compile@1=0.2000
[37/154] n=10, compiling=10, compile@1=1.0000
[38/154] n=10, compiling=0, compile@1=0.0000
[39/154] n=10, compiling=10, compile@1=1.0000
[40/154] n=10, compiling=10, compile@1=1.0000
[41/154] n=10, compiling=1, compile@1=0.1000
[42/154] n=10, compiling=10, compile@1=1.0000
[43/154] n=10, compiling=10, compile@1=1.0000
[44/154] n=10, compiling=2, compile@1=0.2000
[45/154] n=10, compiling=10, compile@1=1.0000
[46/154] n=10, compiling=10, compile@1=1.0000
[47/154] n=10, compiling=10, compile@1=1.0000
[48/154] n=10, compiling=10, compile@1=1.0000
[49/154] n=10, compiling=10, compile@1=1.0000
[50/154] n=10, compiling=9, compile@1=0.9000
[51/154] n=10, compiling=10, compile@1=1.0000
[52/154] n=10, compiling=3, compile@1=0.3000
[53/154] n=10, compiling=10, compile@1=1.0000
[54/154] n=10, compiling=4, compile@1=0.4000
[55/154] n=10, compiling=7, compile@1=0.7000
[56/154] n=10, compiling=9, compile@1=0.9000
[57/154] n=10, compiling=6, compile@1=0.6000
[58/154] n=10, compiling=9, compile@1=0.9000
[59/154] n=10, compiling=5, compile@1=0.5000
[60/154] n=10, compiling=10, compile@1=1.0000
[61/154] n=10, compiling=3, compile@1=0.3000
[62/154] n=10, compiling=1, compile@1=0.1000
[63/154] n=10, compiling=3, compile@1=0.3000
[64/154] n=10, compiling=10, compile@1=1.0000
[65/154] n=10, compiling=6, compile@1=0.6000
[66/154] n=10, compiling=4, compile@1=0.4000
[67/154] n=10, compiling=10, compile@1=1.0000
[68/154] n=10, compiling=5, compile@1=0.5000
[69/154] n=10, compiling=2, compile@1=0.2000
[70/154] n=10, compiling=1, compile@1=0.1000
[71/154] n=10, compiling=10, compile@1=1.0000
[72/154] n=10, compiling=7, compile@1=0.7000
[73/154] n=10, compiling=5, compile@1=0.5000
[74/154] n=10, compiling=1, compile@1=0.1000
[75/154] n=10, compiling=10, compile@1=1.0000
[76/154] n=10, compiling=9, compile@1=0.9000
[77/154] n=10, compiling=8, compile@1=0.8000
[78/154] n=10, compiling=9, compile@1=0.9000
[79/154] n=10, compiling=1, compile@1=0.1000
[80/154] n=10, compiling=0, compile@1=0.0000
[81/154] n=10, compiling=10, compile@1=1.0000
[82/154] n=10, compiling=2, compile@1=0.2000
[83/154] n=10, compiling=1, compile@1=0.1000
[84/154] n=10, compiling=9, compile@1=0.9000
[85/154] n=10, compiling=2, compile@1=0.2000
[86/154] n=10, compiling=0, compile@1=0.0000
[87/154] n=10, compiling=0, compile@1=0.0000
[88/154] n=10, compiling=6, compile@1=0.6000
[89/154] n=10, compiling=1, compile@1=0.1000
[90/154] n=10, compiling=6, compile@1=0.6000
[91/154] n=10, compiling=5, compile@1=0.5000
[92/154] n=10, compiling=10, compile@1=1.0000
[93/154] n=10, compiling=6, compile@1=0.6000
[94/154] n=10, compiling=2, compile@1=0.2000
[95/154] n=10, compiling=3, compile@1=0.3000
[96/154] n=10, compiling=10, compile@1=1.0000
[97/154] n=10, compiling=1, compile@1=0.1000
[98/154] n=10, compiling=7, compile@1=0.7000
[99/154] n=10, compiling=9, compile@1=0.9000
[100/154] n=10, compiling=7, compile@1=0.7000
[101/154] n=10, compiling=4, compile@1=0.4000
[102/154] n=10, compiling=7, compile@1=0.7000
[103/154] n=10, compiling=5, compile@1=0.5000
[104/154] n=10, compiling=8, compile@1=0.8000
[105/154] n=10, compiling=9, compile@1=0.9000
[106/154] n=10, compiling=0, compile@1=0.0000
[107/154] n=10, compiling=1, compile@1=0.1000
[108/154] n=10, compiling=3, compile@1=0.3000
[109/154] n=10, compiling=2, compile@1=0.2000
[110/154] n=10, compiling=2, compile@1=0.2000
[111/154] n=10, compiling=9, compile@1=0.9000
[112/154] n=10, compiling=3, compile@1=0.3000
[113/154] n=10, compiling=10, compile@1=1.0000
[114/154] n=10, compiling=2, compile@1=0.2000
[115/154] n=10, compiling=6, compile@1=0.6000
[116/154] n=10, compiling=0, compile@1=0.0000
[117/154] n=10, compiling=5, compile@1=0.5000
[118/154] n=10, compiling=10, compile@1=1.0000
[119/154] n=10, compiling=9, compile@1=0.9000
[120/154] n=10, compiling=10, compile@1=1.0000
[121/154] n=10, compiling=0, compile@1=0.0000
[122/154] n=10, compiling=5, compile@1=0.5000
[123/154] n=10, compiling=2, compile@1=0.2000
[124/154] n=10, compiling=8, compile@1=0.8000
[125/154] n=10, compiling=10, compile@1=1.0000
[126/154] n=10, compiling=9, compile@1=0.9000
[127/154] n=10, compiling=5, compile@1=0.5000
[128/154] n=10, compiling=10, compile@1=1.0000
[129/154] n=10, compiling=3, compile@1=0.3000
[130/154] n=10, compiling=5, compile@1=0.5000
[131/154] n=10, compiling=9, compile@1=0.9000
[132/154] n=10, compiling=9, compile@1=0.9000
[133/154] n=10, compiling=3, compile@1=0.3000
[134/154] n=10, compiling=2, compile@1=0.2000
[135/154] n=10, compiling=10, compile@1=1.0000
[136/154] n=10, compiling=2, compile@1=0.2000
[137/154] n=10, compiling=0, compile@1=0.0000
[138/154] n=10, compiling=4, compile@1=0.4000
[139/154] n=10, compiling=1, compile@1=0.1000
[140/154] n=10, compiling=2, compile@1=0.2000
[141/154] n=10, compiling=4, compile@1=0.4000
[142/154] n=10, compiling=5, compile@1=0.5000
[143/154] n=10, compiling=0, compile@1=0.0000
[144/154] n=10, compiling=0, compile@1=0.0000
[145/154] n=10, compiling=0, compile@1=0.0000
[146/154] n=10, compiling=1, compile@1=0.1000
[147/154] n=10, compiling=10, compile@1=1.0000
[148/154] n=10, compiling=2, compile@1=0.2000
[149/154] n=10, compiling=7, compile@1=0.7000
[150/154] n=10, compiling=8, compile@1=0.8000
[151/154] n=10, compiling=3, compile@1=0.3000
[152/154] n=10, compiling=3, compile@1=0.3000
[153/154] n=10, compiling=0, compile@1=0.0000
[154/154] n=10, compiling=7, compile@1=0.7000
{
  "compile_at_1": 0.5733766233766237,
  "compile_at_5": 0.8486394557823126,
  "total_problems": 154
}

Using Dart binary: /usr/bin/dart | workers=64

pass@k:   0%|          | 0/154 [00:00<?, ?row/s]
pass@k:   1%|          | 1/154 [00:24<1:03:34, 24.93s/row]
pass@k:   1%|▏         | 2/154 [00:25<27:10, 10.72s/row]  
pass@k:   5%|▍         | 7/154 [00:27<05:41,  2.33s/row]
pass@k:  10%|█         | 16/154 [00:50<05:41,  2.47s/row]
pass@k:  53%|█████▎    | 82/154 [00:59<00:30,  2.35row/s]
pass@k:  58%|█████▊    | 90/154 [00:59<00:24,  2.64row/s]
pass@k: 100%|██████████| 154/154 [00:59<00:00,  2.58row/s]
Pass@k Results:
[1/154] n=10, passed=3, pass@1=0.3000
[2/154] n=10, passed=1, pass@1=0.1000
[3/154] n=10, passed=0, pass@1=0.0000
[4/154] n=10, passed=10, pass@1=1.0000
[5/154] n=10, passed=0, pass@1=0.0000
[6/154] n=10, passed=10, pass@1=1.0000
[7/154] n=10, passed=0, pass@1=0.0000
[8/154] n=10, passed=3, pass@1=0.3000
[9/154] n=10, passed=0, pass@1=0.0000
[10/154] n=10, passed=10, pass@1=1.0000
[11/154] n=10, passed=0, pass@1=0.0000
[12/154] n=10, passed=0, pass@1=0.0000
[13/154] n=10, passed=9, pass@1=0.9000
[14/154] n=10, passed=10, pass@1=1.0000
[15/154] n=10, passed=7, pass@1=0.7000
[16/154] n=10, passed=1, pass@1=0.1000
[17/154] n=10, passed=0, pass@1=0.0000
[18/154] n=10, passed=0, pass@1=0.0000
[19/154] n=10, passed=5, pass@1=0.5000
[20/154] n=10, passed=0, pass@1=0.0000
[21/154] n=10, passed=0, pass@1=0.0000
[22/154] n=10, passed=3, pass@1=0.3000
[23/154] n=10, passed=9, pass@1=0.9000
[24/154] n=10, passed=0, pass@1=0.0000
[25/154] n=10, passed=0, pass@1=0.0000
[26/154] n=10, passed=5, pass@1=0.5000
[27/154] n=10, passed=9, pass@1=0.9000
[28/154] n=10, passed=2, pass@1=0.2000
[29/154] n=10, passed=10, pass@1=1.0000
[30/154] n=10, passed=10, pass@1=1.0000
[31/154] n=10, passed=0, pass@1=0.0000
[32/154] n=10, passed=0, pass@1=0.0000
[33/154] n=10, passed=9, pass@1=0.9000
[34/154] n=10, passed=0, pass@1=0.0000
[35/154] n=10, passed=0, pass@1=0.0000
[36/154] n=10, passed=0, pass@1=0.0000
[37/154] n=10, passed=0, pass@1=0.0000
[38/154] n=10, passed=0, pass@1=0.0000
[39/154] n=10, passed=4, pass@1=0.4000
[40/154] n=10, passed=6, pass@1=0.6000
[41/154] n=10, passed=0, pass@1=0.0000
[42/154] n=10, passed=10, pass@1=1.0000
[43/154] n=10, passed=0, pass@1=0.0000
[44/154] n=10, passed=0, pass@1=0.0000
[45/154] n=10, passed=10, pass@1=1.0000
[46/154] n=10, passed=0, pass@1=0.0000
[47/154] n=10, passed=10, pass@1=1.0000
[48/154] n=10, passed=10, pass@1=1.0000
[49/154] n=10, passed=10, pass@1=1.0000
[50/154] n=10, passed=0, pass@1=0.0000
[51/154] n=10, passed=10, pass@1=1.0000
[52/154] n=10, passed=0, pass@1=0.0000
[53/154] n=10, passed=3, pass@1=0.3000
[54/154] n=10, passed=0, pass@1=0.0000
[55/154] n=10, passed=6, pass@1=0.6000
[56/154] n=10, passed=9, pass@1=0.9000
[57/154] n=10, passed=6, pass@1=0.6000
[58/154] n=10, passed=0, pass@1=0.0000
[59/154] n=10, passed=0, pass@1=0.0000
[60/154] n=10, passed=0, pass@1=0.0000
[61/154] n=10, passed=0, pass@1=0.0000
[62/154] n=10, passed=0, pass@1=0.0000
[63/154] n=10, passed=0, pass@1=0.0000
[64/154] n=10, passed=0, pass@1=0.0000
[65/154] n=10, passed=0, pass@1=0.0000
[66/154] n=10, passed=0, pass@1=0.0000
[67/154] n=10, passed=0, pass@1=0.0000
[68/154] n=10, passed=0, pass@1=0.0000
[69/154] n=10, passed=0, pass@1=0.0000
[70/154] n=10, passed=0, pass@1=0.0000
[71/154] n=10, passed=0, pass@1=0.0000
[72/154] n=10, passed=1, pass@1=0.1000
[73/154] n=10, passed=0, pass@1=0.0000
[74/154] n=10, passed=0, pass@1=0.0000
[75/154] n=10, passed=0, pass@1=0.0000
[76/154] n=10, passed=0, pass@1=0.0000
[77/154] n=10, passed=0, pass@1=0.0000
[78/154] n=10, passed=9, pass@1=0.9000
[79/154] n=10, passed=0, pass@1=0.0000
[80/154] n=10, passed=0, pass@1=0.0000
[81/154] n=10, passed=0, pass@1=0.0000
[82/154] n=10, passed=0, pass@1=0.0000
[83/154] n=10, passed=0, pass@1=0.0000
[84/154] n=10, passed=0, pass@1=0.0000
[85/154] n=10, passed=0, pass@1=0.0000
[86/154] n=10, passed=0, pass@1=0.0000
[87/154] n=10, passed=0, pass@1=0.0000
[88/154] n=10, passed=0, pass@1=0.0000
[89/154] n=10, passed=0, pass@1=0.0000
[90/154] n=10, passed=0, pass@1=0.0000
[91/154] n=10, passed=0, pass@1=0.0000
[92/154] n=10, passed=0, pass@1=0.0000
[93/154] n=10, passed=0, pass@1=0.0000
[94/154] n=10, passed=0, pass@1=0.0000
[95/154] n=10, passed=0, pass@1=0.0000
[96/154] n=10, passed=0, pass@1=0.0000
[97/154] n=10, passed=0, pass@1=0.0000
[98/154] n=10, passed=0, pass@1=0.0000
[99/154] n=10, passed=0, pass@1=0.0000
[100/154] n=10, passed=0, pass@1=0.0000
[101/154] n=10, passed=0, pass@1=0.0000
[102/154] n=10, passed=0, pass@1=0.0000
[103/154] n=10, passed=0, pass@1=0.0000
[104/154] n=10, passed=0, pass@1=0.0000
[105/154] n=10, passed=0, pass@1=0.0000
[106/154] n=10, passed=0, pass@1=0.0000
[107/154] n=10, passed=0, pass@1=0.0000
[108/154] n=10, passed=0, pass@1=0.0000
[109/154] n=10, passed=2, pass@1=0.2000
[110/154] n=10, passed=0, pass@1=0.0000
[111/154] n=10, passed=0, pass@1=0.0000
[112/154] n=10, passed=0, pass@1=0.0000
[113/154] n=10, passed=0, pass@1=0.0000
[114/154] n=10, passed=0, pass@1=0.0000
[115/154] n=10, passed=0, pass@1=0.0000
[116/154] n=10, passed=0, pass@1=0.0000
[117/154] n=10, passed=0, pass@1=0.0000
[118/154] n=10, passed=0, pass@1=0.0000
[119/154] n=10, passed=0, pass@1=0.0000
[120/154] n=10, passed=0, pass@1=0.0000
[121/154] n=10, passed=0, pass@1=0.0000
[122/154] n=10, passed=0, pass@1=0.0000
[123/154] n=10, passed=0, pass@1=0.0000
[124/154] n=10, passed=0, pass@1=0.0000
[125/154] n=10, passed=0, pass@1=0.0000
[126/154] n=10, passed=0, pass@1=0.0000
[127/154] n=10, passed=0, pass@1=0.0000
[128/154] n=10, passed=0, pass@1=0.0000
[129/154] n=10, passed=0, pass@1=0.0000
[130/154] n=10, passed=0, pass@1=0.0000
[131/154] n=10, passed=0, pass@1=0.0000
[132/154] n=10, passed=0, pass@1=0.0000
[133/154] n=10, passed=0, pass@1=0.0000
[134/154] n=10, passed=0, pass@1=0.0000
[135/154] n=10, passed=0, pass@1=0.0000
[136/154] n=10, passed=0, pass@1=0.0000
[137/154] n=10, passed=0, pass@1=0.0000
[138/154] n=10, passed=0, pass@1=0.0000
[139/154] n=10, passed=0, pass@1=0.0000
[140/154] n=10, passed=0, pass@1=0.0000
[141/154] n=10, passed=0, pass@1=0.0000
[142/154] n=10, passed=0, pass@1=0.0000
[143/154] n=10, passed=0, pass@1=0.0000
[144/154] n=10, passed=0, pass@1=0.0000
[145/154] n=10, passed=0, pass@1=0.0000
[146/154] n=10, passed=0, pass@1=0.0000
[147/154] n=10, passed=0, pass@1=0.0000
[148/154] n=10, passed=0, pass@1=0.0000
[149/154] n=10, passed=6, pass@1=0.6000
[150/154] n=10, passed=0, pass@1=0.0000
[151/154] n=10, passed=0, pass@1=0.0000
[152/154] n=10, passed=0, pass@1=0.0000
[153/154] n=10, passed=0, pass@1=0.0000
[154/154] n=10, passed=0, pass@1=0.0000
{
  "pass_at_1": 0.15454545454545457,
  "pass_at_5": 0.21227581941867657,
  "pass_at_10": 0.22727272727272727,
  "total_problems": 154
}

Results summary saved to /workspace/results/sweeps_antigravity/qwen3-8b-base_lora_enc_dec_r64_5e6_gcb_a128_graphv2_clean_s44_signature_only.json

Compiling candidate-level metrics to CSV: /workspace/results/sweeps_antigravity/qwen3-8b-base_lora_enc_dec_r64_5e6_gcb_a128_graphv2_clean_s44_signature_only_compile_stats.csv ...
Using Dart binary: /usr/bin/dart
Stats CSV workers=64

stats CSV:   0%|          | 0/154 [00:00<?, ?row/s]
stats CSV:   1%|          | 1/154 [00:22<56:06, 22.00s/row]
stats CSV:   1%|▏         | 2/154 [00:22<23:49,  9.40s/row]
stats CSV:   3%|▎         | 4/154 [00:24<09:56,  3.98s/row]
stats CSV:   5%|▍         | 7/154 [00:25<04:52,  1.99s/row]
stats CSV:  10%|█         | 16/154 [00:49<05:41,  2.47s/row]
stats CSV:  53%|█████▎    | 82/154 [00:57<00:28,  2.51row/s]
stats CSV:  58%|█████▊    | 90/154 [00:58<00:22,  2.80row/s]
stats CSV: 100%|██████████| 154/154 [00:58<00:00,  2.64row/s]
Successfully compiled per-problem statistics to: /workspace/results/sweeps_antigravity/qwen3-8b-base_lora_enc_dec_r64_5e6_gcb_a128_graphv2_clean_s44_signature_only_compile_stats.csv

Reusing aligned candidate-level statistics: /workspace/results/sweeps_antigravity/qwen3-8b-base_lora_enc_dec_r64_5e6_gcb_a128_graphv2_clean_s44_signature_only_pass_stats.csv
HF upload complete: raafatabualazm/antigravity-qwen3-8b-artifacts/results/qwen3-8b-base_lora_enc_dec_r64_5e6_gcb_a128_graphv2_clean_s44_signature_only_compile_predictions.json
HF upload complete: raafatabualazm/antigravity-qwen3-8b-artifacts/results/qwen3-8b-base_lora_enc_dec_r64_5e6_gcb_a128_graphv2_clean_s44_signature_only_pass_predictions.json
HF upload complete: raafatabualazm/antigravity-qwen3-8b-artifacts/results/sweeps_antigravity/qwen3-8b-base_lora_enc_dec_r64_5e6_gcb_a128_graphv2_clean_s44_signature_only.json
HF upload complete: raafatabualazm/antigravity-qwen3-8b-artifacts/results/sweeps_antigravity/qwen3-8b-base_lora_enc_dec_r64_5e6_gcb_a128_graphv2_clean_s44_signature_only_compile_stats.csv
HF upload complete: raafatabualazm/antigravity-qwen3-8b-artifacts/results/sweeps_antigravity/qwen3-8b-base_lora_enc_dec_r64_5e6_gcb_a128_graphv2_clean_s44_signature_only_pass_stats.csv

=== x86_repeat_s44_text (estimate 1.40 h) ===
/venv/main/bin/python /workspace/configs/run_sweeps_antigravity.py --experiment qwen3-8b-base_lora_enc_dec_r16_5e6_gcb --encoder gcb --max_risk high --hardware_profile rtx6000 --force_rerun --decoder_revision b968826d9c46dd6066d109eabc6255188de91218 --encoder_revision 2b0488a7bb0eefc7041f1bb2cad1ab26b0da269d --seed 44 --train_file data/datasets/dart_all_graphv2_train.jsonl --eval_file data/datasets/dart_all_graphv2_validation.jsonl --compile_dataset data/testing/grpo_data_graphv2.jsonl --pass_dataset data/testing/grpo_data_graphv2.jsonl --compile_mode jit_tests --epochs 4 --sft_lr 5e-6 --lora_r 64 --lora_alpha 128 --load_4bit 0 --attn_implementation sdpa --gradient_checkpointing 1 --train_batch_size 4 --grad_accum 16 --qwen_prefix_gate_init 0.2 --qwen_prefix_gate_mode token --qwen_prefix_rms_match 1 --decoder_prompt_max_length 2048 --prompt_fit_assembly 1 --auto_cfg 0 --max_block_instrs 20 --position_scheme roberta --causal_position_ids cumsum --use_reasoning 0 --eval_max_new_tokens 768 --generation_batch_size 10 --num_samples 10 --pass_num_samples 10 --metric_workers 64 --save_strategy no --save_total_limit 1 --gnn_layers 4 --global_attention_ablation full --name_suffix _graphv2_clean_s44_text --qwen_prefix_tokens 0 --qwen_prefix_dynamic 0 --qwen_prefix_min_tokens 4 --qwen_prefix_tokens_per_log2 4 --prompt_assembly_mode full --prompt_fit_assembly 1 --prompt_clean_asm 1 --dfg_mode off --edge_ablation none --gnn_ablation identity --add_reverse_edges 1 --block_position_mode sinusoidal --hf_repo raafatabualazm/antigravity-qwen3-8b-artifacts --hf_private 1 --hf_upload_checkpoints 1
CLI overrides applied to all sweeps: epochs=4, lora_r=64, lora_alpha=128

>>> Stage: SFT for qwen3-8b-base_lora_enc_dec_r64_5e6_gcb_a128_graphv2_clean_s44_text

==================================================
RUNNING EXPERIMENT: qwen3-8b-base_lora_enc_dec_r64_5e6_gcb_a128_graphv2_clean_s44_text
Decoder: Qwen/Qwen3-8B
Encoder PEFT: lora | Decoder PEFT: lora
LR: 5e-6 | Epochs: 4
OOM Risk (on 6GB VRAM): HIGH
Training Mode: SFT (Supervised Fine-Tuning)
==================================================

Dynamic Batch Size: 4 | Grad Accum: 16 | LoRA R: 64 | Alpha: 128 | Qwen prefix tokens: 0 | Qwen gate init: 0.2 | Qwen gate mode: token | Dynamic prefix: 0 [4, 4/log2] | Prefix RMS match: 1 | Prompt tokens: 2048 | Reasoning: 0 | Attention: sdpa | Grad ckpt: 1
Graph channel: dfg_mode=off | edge_ablation=none | gnn_ablation=identity | gnn_layers=4 | global_attention=full | reverse_edges=1 | block_positions=sinusoidal | position_scheme=roberta | causal_position_ids=cumsum | grpo_train_graph_glue=1 | auto_cfg=0
Graph channel config: dfg_mode=off | edge_ablation=none | gnn_ablation=identity | gnn_layers=4 | global_attention=full | position_scheme=roberta | causal_position_ids=cumsum | auto_cfg=0
Loading datasets...
Tokenizing datasets (using unified tensor builder format)...
Tokenized 500/770 examples

Loading weights:   0%|          | 0/197 [00:00<?, ?it/s]
Loading weights: 100%|██████████| 197/197 [00:00<00:00, 41450.68it/s]
Decoder attention implementation: sdpa

Loading weights:   0%|          | 0/399 [00:00<?, ?it/s]
Loading weights: 100%|██████████| 399/399 [00:00<00:00, 7568.10it/s]
Enabled decoder gradient checkpointing.
Qwen graph prefix DISABLED (GRAPH_QWEN_PREFIX_TOKENS=0): text-only decoder; graph encoder compute skipped.
Applied PEFT LORA (r=64, alpha=128) to LocalBlockEncoder
Enabled local block encoder gradient checkpointing.
Applied PEFT LORA (r=64, alpha=128) to Decoder
Gradient accumulation steps: 16
Starting training...

  0%|          | 0/52 [00:00<?, ?it/s]
  2%|▏         | 1/52 [01:27<1:14:46, 87.97s/it]
  4%|▍         | 2/52 [02:56<1:13:25, 88.10s/it]
  6%|▌         | 3/52 [04:27<1:13:19, 89.78s/it]
  8%|▊         | 4/52 [05:59<1:12:27, 90.57s/it]
 10%|▉         | 5/52 [07:35<1:12:25, 92.45s/it]
 12%|█▏        | 6/52 [09:08<1:10:53, 92.48s/it]
 13%|█▎        | 7/52 [10:42<1:09:50, 93.12s/it]
 15%|█▌        | 8/52 [12:18<1:09:00, 94.10s/it]
 17%|█▋        | 9/52 [13:51<1:07:04, 93.59s/it]
 19%|█▉        | 10/52 [15:24<1:05:31, 93.62s/it]
                                                 
{'loss': '11.14', 'grad_norm': '10.36', 'learning_rate': '4.762e-06', 'epoch': '0.829'}

 19%|█▉        | 10/52 [15:24<1:05:31, 93.62s/it]
 21%|██        | 11/52 [16:58<1:03:55, 93.54s/it]
 23%|██▎       | 12/52 [18:30<1:02:03, 93.09s/it]
 25%|██▌       | 13/52 [18:32<42:42, 65.71s/it]  

  0%|          | 0/21 [00:00<?, ?it/s][A

 10%|▉         | 2/21 [00:02<00:25,  1.32s/it][A

 14%|█▍        | 3/21 [00:04<00:28,  1.60s/it][A

 19%|█▉        | 4/21 [00:06<00:28,  1.68s/it][A

 24%|██▍       | 5/21 [00:08<00:27,  1.69s/it][A

 29%|██▊       | 6/21 [00:09<00:24,  1.65s/it][A

 33%|███▎      | 7/21 [00:11<00:22,  1.63s/it][A

 38%|███▊      | 8/21 [00:13<00:21,  1.67s/it][A

 43%|████▎     | 9/21 [00:14<00:20,  1.72s/it][A

 48%|████▊     | 10/21 [00:16<00:19,  1.76s/it][A

 52%|█████▏    | 11/21 [00:19<00:19,  1.97s/it][A

 57%|█████▋    | 12/21 [00:21<00:18,  2.05s/it][A

 62%|██████▏   | 13/21 [00:23<00:15,  1.98s/it][A

 67%|██████▋   | 14/21 [00:26<00:17,  2.43s/it][A

 71%|███████▏  | 15/21 [00:31<00:18,  3.14s/it][A

 76%|███████▌  | 16/21 [00:36<00:17,  3.56s/it][A

 81%|████████  | 17/21 [00:39<00:14,  3.56s/it][A

 86%|████████▌ | 18/21 [00:41<00:09,  3.14s/it][A

 90%|█████████ | 19/21 [00:43<00:05,  2.65s/it][A

 95%|█████████▌| 20/21 [00:44<00:02,  2.27s/it][A

100%|██████████| 21/21 [00:45<00:00,  1.92s/it][A
                                               

                                               
[A{'eval_loss': '0.7331', 'eval_runtime': '48.35', 'eval_samples_per_second': '1.717', 'eval_steps_per_second': '0.434', 'epoch': '1'}

 25%|██▌       | 13/52 [19:21<42:42, 65.71s/it]

100%|██████████| 21/21 [00:46<00:00,  1.92s/it][A

                                               [A
 27%|██▋       | 14/52 [20:54<56:02, 88.48s/it]
 29%|██▉       | 15/52 [22:28<55:43, 90.36s/it]
 31%|███       | 16/52 [24:01<54:39, 91.11s/it]
 33%|███▎      | 17/52 [25:36<53:44, 92.13s/it]
 35%|███▍      | 18/52 [27:08<52:09, 92.06s/it]
 37%|███▋      | 19/52 [28:40<50:46, 92.32s/it]
 38%|███▊      | 20/52 [30:14<49:30, 92.81s/it]
                                               
{'loss': '9.843', 'grad_norm': '8.585', 'learning_rate': '3.704e-06', 'epoch': '1.58'}

 38%|███▊      | 20/52 [30:14<49:30, 92.81s/it]
 40%|████      | 21/52 [31:46<47:43, 92.37s/it]
 42%|████▏     | 22/52 [33:17<45:56, 91.89s/it]
 44%|████▍     | 23/52 [34:48<44:23, 91.83s/it]
 46%|████▌     | 24/52 [36:21<42:55, 91.98s/it]
 48%|████▊     | 25/52 [37:54<41:38, 92.53s/it]
 50%|█████     | 26/52 [37:57<28:23, 65.52s/it]

  0%|          | 0/21 [00:00<?, ?it/s][A

 10%|▉         | 2/21 [00:02<00:25,  1.32s/it][A

 14%|█▍        | 3/21 [00:04<00:26,  1.48s/it][A

 19%|█▉        | 4/21 [00:06<00:27,  1.61s/it][A

 24%|██▍       | 5/21 [00:07<00:26,  1.65s/it][A

 29%|██▊       | 6/21 [00:09<00:24,  1.62s/it][A

 33%|███▎      | 7/21 [00:11<00:22,  1.61s/it][A

 38%|███▊      | 8/21 [00:12<00:21,  1.66s/it][A

 43%|████▎     | 9/21 [00:14<00:20,  1.71s/it][A

 48%|████▊     | 10/21 [00:16<00:19,  1.76s/it][A

 52%|█████▏    | 11/21 [00:18<00:19,  1.98s/it][A

 57%|█████▋    | 12/21 [00:21<00:18,  2.06s/it][A

 62%|██████▏   | 13/21 [00:23<00:15,  1.99s/it][A

 67%|██████▋   | 14/21 [00:26<00:17,  2.45s/it][A

 71%|███████▏  | 15/21 [00:31<00:19,  3.18s/it][A

 76%|███████▌  | 16/21 [00:36<00:18,  3.61s/it][A

 81%|████████  | 17/21 [00:39<00:14,  3.60s/it][A

 86%|████████▌ | 18/21 [00:41<00:09,  3.17s/it][A

 90%|█████████ | 19/21 [00:43<00:05,  2.67s/it][A

 95%|█████████▌| 20/21 [00:44<00:02,  2.29s/it][A

100%|██████████| 21/21 [00:45<00:00,  1.93s/it][A
                                               

                                               
[A{'eval_loss': '0.6978', 'eval_runtime': '48.39', 'eval_samples_per_second': '1.715', 'eval_steps_per_second': '0.434', 'epoch': '2'}

 50%|█████     | 26/52 [38:45<28:23, 65.52s/it]

100%|██████████| 21/21 [00:46<00:00,  1.93s/it][A

                                               [A
 52%|█████▏    | 27/52 [40:16<36:33, 87.74s/it]
 54%|█████▍    | 28/52 [41:49<35:39, 89.14s/it]
 56%|█████▌    | 29/52 [43:18<34:11, 89.21s/it]
 58%|█████▊    | 30/52 [44:53<33:20, 90.93s/it]
                                               
{'loss': '9.464', 'grad_norm': '6.678', 'learning_rate': '2.187e-06', 'epoch': '2.332'}

 58%|█████▊    | 30/52 [44:53<33:20, 90.93s/it]
 60%|█████▉    | 31/52 [46:26<32:03, 91.58s/it]
 62%|██████▏   | 32/52 [47:57<30:26, 91.35s/it]
 63%|██████▎   | 33/52 [49:29<28:57, 91.44s/it]
 65%|██████▌   | 34/52 [51:01<27:28, 91.57s/it]
 67%|██████▋   | 35/52 [52:33<26:01, 91.83s/it]
 69%|██████▉   | 36/52 [54:06<24:33, 92.11s/it]
 71%|███████   | 37/52 [55:42<23:19, 93.32s/it]
 73%|███████▎  | 38/52 [57:17<21:52, 93.79s/it]
 75%|███████▌  | 39/52 [57:19<14:23, 66.39s/it]

  0%|          | 0/21 [00:00<?, ?it/s][A

 10%|▉         | 2/21 [00:02<00:24,  1.30s/it][A

 14%|█▍        | 3/21 [00:04<00:26,  1.47s/it][A

 19%|█▉        | 4/21 [00:06<00:27,  1.59s/it][A

 24%|██▍       | 5/21 [00:07<00:26,  1.64s/it][A

 29%|██▊       | 6/21 [00:09<00:24,  1.61s/it][A

 33%|███▎      | 7/21 [00:10<00:22,  1.60s/it][A

 38%|███▊      | 8/21 [00:12<00:21,  1.65s/it][A

 43%|████▎     | 9/21 [00:14<00:20,  1.70s/it][A

 48%|████▊     | 10/21 [00:16<00:19,  1.75s/it][A

 52%|█████▏    | 11/21 [00:18<00:19,  1.96s/it][A

 57%|█████▋    | 12/21 [00:21<00:18,  2.04s/it][A

 62%|██████▏   | 13/21 [00:22<00:15,  1.97s/it][A

 67%|██████▋   | 14/21 [00:26<00:16,  2.42s/it][A

 71%|███████▏  | 15/21 [00:31<00:18,  3.12s/it][A

 76%|███████▌  | 16/21 [00:35<00:17,  3.53s/it][A

 81%|████████  | 17/21 [00:39<00:14,  3.52s/it][A

 86%|████████▌ | 18/21 [00:41<00:09,  3.11s/it][A

 90%|█████████ | 19/21 [00:42<00:05,  2.62s/it][A

 95%|█████████▌| 20/21 [00:44<00:02,  2.26s/it][A

100%|██████████| 21/21 [00:45<00:00,  1.91s/it][A
                                               

                                               
[A{'eval_loss': '0.6818', 'eval_runtime': '47.73', 'eval_samples_per_second': '1.739', 'eval_steps_per_second': '0.44', 'epoch': '3'}

 75%|███████▌  | 39/52 [58:07<14:23, 66.39s/it]

100%|██████████| 21/21 [00:45<00:00,  1.91s/it][A

                                               [A
 77%|███████▋  | 40/52 [59:39<17:41, 88.44s/it]
                                               
{'loss': '9.075', 'grad_norm': '6.512', 'learning_rate': '7.886e-07', 'epoch': '3.083'}

 77%|███████▋  | 40/52 [59:39<17:41, 88.44s/it]
 79%|███████▉  | 41/52 [1:01:13<16:30, 90.08s/it]
 81%|████████  | 42/52 [1:02:46<15:09, 90.92s/it]
 83%|████████▎ | 43/52 [1:04:17<13:38, 90.89s/it]
 85%|████████▍ | 44/52 [1:05:49<12:10, 91.31s/it]
 87%|████████▋ | 45/52 [1:07:23<10:44, 92.00s/it]
 88%|████████▊ | 46/52 [1:08:52<09:06, 91.13s/it]
 90%|█████████ | 47/52 [1:10:26<07:39, 91.97s/it]
 92%|█████████▏| 48/52 [1:12:01<06:11, 92.97s/it]
 94%|█████████▍| 49/52 [1:13:37<04:41, 93.73s/it]
 96%|█████████▌| 50/52 [1:15:10<03:07, 93.59s/it]
                                                 
{'loss': '10.09', 'grad_norm': '6.981', 'learning_rate': '4.428e-08', 'epoch': '3.912'}

 96%|█████████▌| 50/52 [1:15:10<03:07, 93.59s/it]
 98%|█████████▊| 51/52 [1:16:39<01:32, 92.41s/it]
100%|██████████| 52/52 [1:16:42<00:00, 65.42s/it]

  0%|          | 0/21 [00:00<?, ?it/s][A

 10%|▉         | 2/21 [00:02<00:24,  1.30s/it][A

 14%|█▍        | 3/21 [00:04<00:26,  1.47s/it][A

 19%|█▉        | 4/21 [00:06<00:27,  1.59s/it][A

 24%|██▍       | 5/21 [00:07<00:26,  1.63s/it][A

 29%|██▊       | 6/21 [00:09<00:24,  1.61s/it][A

 33%|███▎      | 7/21 [00:10<00:22,  1.60s/it][A

 38%|███▊      | 8/21 [00:12<00:21,  1.64s/it][A

 43%|████▎     | 9/21 [00:14<00:20,  1.70s/it][A

 48%|████▊     | 10/21 [00:16<00:19,  1.74s/it][A

 52%|█████▏    | 11/21 [00:18<00:19,  1.95s/it][A

 57%|█████▋    | 12/21 [00:20<00:18,  2.03s/it][A

 62%|██████▏   | 13/21 [00:22<00:15,  1.97s/it][A

 67%|██████▋   | 14/21 [00:26<00:16,  2.41s/it][A

 71%|███████▏  | 15/21 [00:30<00:18,  3.11s/it][A

 76%|███████▌  | 16/21 [00:35<00:17,  3.52s/it][A

 81%|████████  | 17/21 [00:39<00:14,  3.62s/it][A

 86%|████████▌ | 18/21 [00:41<00:09,  3.17s/it][A

 90%|█████████ | 19/21 [00:42<00:05,  2.67s/it][A

 95%|█████████▌| 20/21 [00:44<00:02,  2.29s/it][A

100%|██████████| 21/21 [00:45<00:00,  1.93s/it][A
                                                 

                                               
[A{'eval_loss': '0.6791', 'eval_runtime': '47.96', 'eval_samples_per_second': '1.731', 'eval_steps_per_second': '0.438', 'epoch': '4'}

100%|██████████| 52/52 [1:17:30<00:00, 65.42s/it]

100%|██████████| 21/21 [00:45<00:00,  1.93s/it][A

                                               [A
                                                 
{'train_runtime': '4650', 'train_samples_per_second': '0.662', 'train_steps_per_second': '0.011', 'train_loss': '9.75', 'epoch': '4'}

100%|██████████| 52/52 [1:17:30<00:00, 65.42s/it]
100%|██████████| 52/52 [1:17:30<00:00, 89.43s/it]
Saving model to artifacts/qwen3-8b-base_lora_enc_dec_r64_5e6_gcb_a128_graphv2_clean_s44_text...
AntigravitySeq2SeqTrainer: Saving model state dict to artifacts/qwen3-8b-base_lora_enc_dec_r64_5e6_gcb_a128_graphv2_clean_s44_text
HF upload complete: raafatabualazm/antigravity-qwen3-8b-artifacts/artifacts/qwen3-8b-base_lora_enc_dec_r64_5e6_gcb_a128_graphv2_clean_s44_text

Running multi-sample inference for legacy compile/CodeBLEU tasks...

Loading weights:   0%|          | 0/197 [00:00<?, ?it/s]
Loading weights: 100%|██████████| 197/197 [00:00<00:00, 50885.45it/s]
Decoder attention implementation: sdpa

Loading weights:   0%|          | 0/399 [00:00<?, ?it/s]
Loading weights: 100%|██████████| 399/399 [00:00<00:00, 7339.71it/s]
Enabled decoder gradient checkpointing.
Qwen graph prefix DISABLED (GRAPH_QWEN_PREFIX_TOKENS=0): text-only decoder; graph encoder compute skipped.
Applied PEFT LORA (r=64, alpha=128) to LocalBlockEncoder
Enabled local block encoder gradient checkpointing.
Applied PEFT LORA (r=64, alpha=128) to Decoder
loaded checkpoint: /workspace/artifacts/qwen3-8b-base_lora_enc_dec_r64_5e6_gcb_a128_graphv2_clean_s44_text/pytorch_model.bin
Loaded parameters with strict=False. Missing keys: 602, Unexpected keys: 0
Inference mode: decoder gradient checkpointing OFF; KV cache ON

generate:   0%|          | 0/154 [00:00<?, ?row/s]
                                                  
[1/154] generated 10 candidates

generate:   0%|          | 0/154 [00:27<?, ?row/s]
generate:   1%|          | 1/154 [00:27<1:10:30, 27.65s/row]
                                                            
[2/154] generated 10 candidates

generate:   1%|          | 1/154 [01:17<1:10:30, 27.65s/row]
generate:   1%|▏         | 2/154 [01:17<1:42:48, 40.58s/row]
                                                            
[3/154] generated 10 candidates

generate:   1%|▏         | 2/154 [02:07<1:42:48, 40.58s/row]
generate:   2%|▏         | 3/154 [02:07<1:52:42, 44.79s/row]
                                                            
[4/154] generated 10 candidates

generate:   2%|▏         | 3/154 [02:56<1:52:42, 44.79s/row]
generate:   3%|▎         | 4/154 [02:56<1:56:45, 46.71s/row]
                                                            
[5/154] generated 10 candidates

generate:   3%|▎         | 4/154 [03:46<1:56:45, 46.71s/row]
generate:   3%|▎         | 5/154 [03:46<1:58:34, 47.75s/row]
                                                            
[6/154] generated 10 candidates

generate:   3%|▎         | 5/154 [04:35<1:58:34, 47.75s/row]
generate:   4%|▍         | 6/154 [04:35<1:59:23, 48.40s/row]
                                                            
[7/154] generated 10 candidates

generate:   4%|▍         | 6/154 [05:25<1:59:23, 48.40s/row]
generate:   5%|▍         | 7/154 [05:25<1:59:34, 48.80s/row]
                                                            
[8/154] generated 10 candidates

generate:   5%|▍         | 7/154 [06:15<1:59:34, 48.80s/row]
generate:   5%|▌         | 8/154 [06:15<1:59:22, 49.06s/row]
                                                            
[9/154] generated 10 candidates

generate:   5%|▌         | 8/154 [07:04<1:59:22, 49.06s/row]
generate:   6%|▌         | 9/154 [07:04<1:59:00, 49.25s/row]
                                                            
[10/154] generated 10 candidates

generate:   6%|▌         | 9/154 [07:45<1:59:00, 49.25s/row]
generate:   6%|▋         | 10/154 [07:45<1:51:56, 46.64s/row]
                                                             
[11/154] generated 10 candidates

generate:   6%|▋         | 10/154 [08:08<1:51:56, 46.64s/row]
generate:   7%|▋         | 11/154 [08:08<1:33:56, 39.41s/row]
                                                             
[12/154] generated 10 candidates

generate:   7%|▋         | 11/154 [08:58<1:33:56, 39.41s/row]
generate:   8%|▊         | 12/154 [08:58<1:40:38, 42.52s/row]
                                                             
[13/154] generated 10 candidates

generate:   8%|▊         | 12/154 [09:47<1:40:38, 42.52s/row]
generate:   8%|▊         | 13/154 [09:47<1:44:58, 44.67s/row]
                                                             
[14/154] generated 10 candidates

generate:   8%|▊         | 13/154 [10:37<1:44:58, 44.67s/row]
generate:   9%|▉         | 14/154 [10:37<1:47:44, 46.17s/row]
                                                             
[15/154] generated 10 candidates

generate:   9%|▉         | 14/154 [10:59<1:47:44, 46.17s/row]
generate:  10%|▉         | 15/154 [10:59<1:30:10, 38.92s/row]
                                                             
[16/154] generated 10 candidates

generate:  10%|▉         | 15/154 [11:49<1:30:10, 38.92s/row]
generate:  10%|█         | 16/154 [11:49<1:36:57, 42.15s/row]
                                                             
[17/154] generated 10 candidates

generate:  10%|█         | 16/154 [12:38<1:36:57, 42.15s/row]
generate:  11%|█         | 17/154 [12:38<1:41:21, 44.39s/row]
                                                             
[18/154] generated 10 candidates

generate:  11%|█         | 17/154 [13:28<1:41:21, 44.39s/row]
generate:  12%|█▏        | 18/154 [13:28<1:44:12, 45.97s/row]
                                                             
[19/154] generated 10 candidates

generate:  12%|█▏        | 18/154 [14:18<1:44:12, 45.97s/row]
generate:  12%|█▏        | 19/154 [14:18<1:45:55, 47.08s/row]
                                                             
[20/154] generated 10 candidates

generate:  12%|█▏        | 19/154 [14:35<1:45:55, 47.08s/row]
generate:  13%|█▎        | 20/154 [14:35<1:24:58, 38.05s/row]
                                                             
[21/154] generated 10 candidates

generate:  13%|█▎        | 20/154 [15:24<1:24:58, 38.05s/row]
generate:  14%|█▎        | 21/154 [15:24<1:32:04, 41.54s/row]
                                                             
[22/154] generated 10 candidates

generate:  14%|█▎        | 21/154 [16:03<1:32:04, 41.54s/row]
generate:  14%|█▍        | 22/154 [16:03<1:29:26, 40.65s/row]
                                                             
[23/154] generated 10 candidates

generate:  14%|█▍        | 22/154 [16:09<1:29:26, 40.65s/row]
generate:  15%|█▍        | 23/154 [16:09<1:06:17, 30.36s/row]
                                                             
[24/154] generated 10 candidates

generate:  15%|█▍        | 23/154 [16:59<1:06:17, 30.36s/row]
generate:  16%|█▌        | 24/154 [16:59<1:18:19, 36.15s/row]
                                                             
[25/154] generated 10 candidates

generate:  16%|█▌        | 24/154 [17:38<1:18:19, 36.15s/row]
generate:  16%|█▌        | 25/154 [17:38<1:19:37, 37.04s/row]
                                                             
[26/154] generated 10 candidates

generate:  16%|█▌        | 25/154 [18:01<1:19:37, 37.04s/row]
generate:  17%|█▋        | 26/154 [18:01<1:10:13, 32.92s/row]
                                                             
[27/154] generated 10 candidates

generate:  17%|█▋        | 26/154 [18:10<1:10:13, 32.92s/row]
generate:  18%|█▊        | 27/154 [18:10<53:55, 25.48s/row]  
                                                           
[28/154] generated 10 candidates

generate:  18%|█▊        | 27/154 [18:59<53:55, 25.48s/row]
generate:  18%|█▊        | 28/154 [18:59<1:08:40, 32.70s/row]
                                                             
[29/154] generated 10 candidates

generate:  18%|█▊        | 28/154 [19:08<1:08:40, 32.70s/row]
generate:  19%|█▉        | 29/154 [19:08<53:13, 25.55s/row]  
                                                           
[30/154] generated 10 candidates

generate:  19%|█▉        | 29/154 [19:38<53:13, 25.55s/row]
generate:  19%|█▉        | 30/154 [19:38<55:32, 26.88s/row]
                                                           
[31/154] generated 10 candidates

generate:  19%|█▉        | 30/154 [20:28<55:32, 26.88s/row]
generate:  20%|██        | 31/154 [20:28<1:09:05, 33.70s/row]
                                                             
[32/154] generated 10 candidates

generate:  20%|██        | 31/154 [21:00<1:09:05, 33.70s/row]
generate:  21%|██        | 32/154 [21:00<1:07:41, 33.29s/row]
                                                             
[33/154] generated 10 candidates

generate:  21%|██        | 32/154 [21:35<1:07:41, 33.29s/row]
generate:  21%|██▏       | 33/154 [21:35<1:08:27, 33.95s/row]
                                                             
[34/154] generated 10 candidates

generate:  21%|██▏       | 33/154 [22:25<1:08:27, 33.95s/row]
generate:  22%|██▏       | 34/154 [22:25<1:17:18, 38.66s/row]
                                                             
[35/154] generated 10 candidates

generate:  22%|██▏       | 34/154 [23:15<1:17:18, 38.66s/row]
generate:  23%|██▎       | 35/154 [23:15<1:23:12, 41.96s/row]
                                                             
[36/154] generated 10 candidates

generate:  23%|██▎       | 35/154 [24:04<1:23:12, 41.96s/row]
generate:  23%|██▎       | 36/154 [24:04<1:27:03, 44.27s/row]
                                                             
[37/154] generated 10 candidates

generate:  23%|██▎       | 36/154 [24:54<1:27:03, 44.27s/row]
generate:  24%|██▍       | 37/154 [24:54<1:29:30, 45.90s/row]
                                                             
[38/154] generated 10 candidates

generate:  24%|██▍       | 37/154 [25:40<1:29:30, 45.90s/row]
generate:  25%|██▍       | 38/154 [25:40<1:28:56, 46.00s/row]
                                                             
[39/154] generated 10 candidates

generate:  25%|██▍       | 38/154 [26:30<1:28:56, 46.00s/row]
generate:  25%|██▌       | 39/154 [26:30<1:30:18, 47.11s/row]
                                                             
[40/154] generated 10 candidates

generate:  25%|██▌       | 39/154 [27:20<1:30:18, 47.11s/row]
generate:  26%|██▌       | 40/154 [27:20<1:30:59, 47.89s/row]
                                                             
[41/154] generated 10 candidates

generate:  26%|██▌       | 40/154 [28:09<1:30:59, 47.89s/row]
generate:  27%|██▋       | 41/154 [28:09<1:31:12, 48.43s/row]
                                                             
[42/154] generated 10 candidates

generate:  27%|██▋       | 41/154 [28:39<1:31:12, 48.43s/row]
generate:  27%|██▋       | 42/154 [28:39<1:19:46, 42.74s/row]
                                                             
[43/154] generated 10 candidates

generate:  27%|██▋       | 42/154 [29:29<1:19:46, 42.74s/row]
generate:  28%|██▊       | 43/154 [29:29<1:22:55, 44.82s/row]
                                                             
[44/154] generated 10 candidates

generate:  28%|██▊       | 43/154 [30:16<1:22:55, 44.82s/row]
generate:  29%|██▊       | 44/154 [30:16<1:23:24, 45.50s/row]
                                                             
[45/154] generated 10 candidates

generate:  29%|██▊       | 44/154 [31:05<1:23:24, 45.50s/row]
generate:  29%|██▉       | 45/154 [31:05<1:24:56, 46.76s/row]
                                                             
[46/154] generated 10 candidates

generate:  29%|██▉       | 45/154 [31:55<1:24:56, 46.76s/row]
generate:  30%|██▉       | 46/154 [31:55<1:25:43, 47.63s/row]
                                                             
[47/154] generated 10 candidates

generate:  30%|██▉       | 46/154 [32:13<1:25:43, 47.63s/row]
generate:  31%|███       | 47/154 [32:13<1:08:51, 38.61s/row]
                                                             
[48/154] generated 10 candidates

generate:  31%|███       | 47/154 [33:02<1:08:51, 38.61s/row]
generate:  31%|███       | 48/154 [33:02<1:14:03, 41.92s/row]
                                                             
[49/154] generated 10 candidates

generate:  31%|███       | 48/154 [33:17<1:14:03, 41.92s/row]
generate:  32%|███▏      | 49/154 [33:17<58:51, 33.63s/row]  
                                                           
[50/154] generated 10 candidates

generate:  32%|███▏      | 49/154 [34:06<58:51, 33.63s/row]
generate:  32%|███▏      | 50/154 [34:06<1:06:36, 38.43s/row]
                                                             
[51/154] generated 10 candidates

generate:  32%|███▏      | 50/154 [34:56<1:06:36, 38.43s/row]
generate:  33%|███▎      | 51/154 [34:56<1:11:44, 41.79s/row]
                                                             
[52/154] generated 10 candidates

generate:  33%|███▎      | 51/154 [35:45<1:11:44, 41.79s/row]
generate:  34%|███▍      | 52/154 [35:45<1:15:04, 44.16s/row]
                                                             
[53/154] generated 10 candidates

generate:  34%|███▍      | 52/154 [36:35<1:15:04, 44.16s/row]
generate:  34%|███▍      | 53/154 [36:35<1:17:07, 45.81s/row]
                                                             
[54/154] generated 10 candidates

generate:  34%|███▍      | 53/154 [37:25<1:17:07, 45.81s/row]
generate:  35%|███▌      | 54/154 [37:25<1:18:17, 46.98s/row]
                                                             
[55/154] generated 10 candidates

generate:  35%|███▌      | 54/154 [38:00<1:18:17, 46.98s/row]
generate:  36%|███▌      | 55/154 [38:00<1:11:27, 43.31s/row]
                                                             
[56/154] generated 10 candidates

generate:  36%|███▌      | 55/154 [38:31<1:11:27, 43.31s/row]
generate:  36%|███▋      | 56/154 [38:31<1:04:59, 39.79s/row]
                                                             
[57/154] generated 10 candidates

generate:  36%|███▋      | 56/154 [39:08<1:04:59, 39.79s/row]
generate:  37%|███▋      | 57/154 [39:08<1:02:53, 38.90s/row]
                                                             
[58/154] generated 10 candidates

generate:  37%|███▋      | 57/154 [39:56<1:02:53, 38.90s/row]
generate:  38%|███▊      | 58/154 [39:56<1:06:23, 41.50s/row]
                                                             
[59/154] generated 10 candidates

generate:  38%|███▊      | 58/154 [40:34<1:06:23, 41.50s/row]
generate:  38%|███▊      | 59/154 [40:34<1:04:25, 40.69s/row]
                                                             
[60/154] generated 10 candidates

generate:  38%|███▊      | 59/154 [41:24<1:04:25, 40.69s/row]
generate:  39%|███▉      | 60/154 [41:24<1:07:57, 43.38s/row]
                                                             
[61/154] generated 10 candidates

generate:  39%|███▉      | 60/154 [42:14<1:07:57, 43.38s/row]
generate:  40%|███▉      | 61/154 [42:14<1:10:09, 45.26s/row]
                                                             
[62/154] generated 10 candidates

generate:  40%|███▉      | 61/154 [43:03<1:10:09, 45.26s/row]
generate:  40%|████      | 62/154 [43:03<1:11:25, 46.58s/row]
                                                             
[63/154] generated 10 candidates

generate:  40%|████      | 62/154 [43:53<1:11:25, 46.58s/row]
generate:  41%|████      | 63/154 [43:53<1:12:03, 47.51s/row]
                                                             
[64/154] generated 10 candidates

generate:  41%|████      | 63/154 [44:43<1:12:03, 47.51s/row]
generate:  42%|████▏     | 64/154 [44:43<1:12:13, 48.15s/row]
                                                             
[65/154] generated 10 candidates

generate:  42%|████▏     | 64/154 [45:32<1:12:13, 48.15s/row]
generate:  42%|████▏     | 65/154 [45:32<1:12:06, 48.61s/row]
                                                             
[66/154] generated 10 candidates

generate:  42%|████▏     | 65/154 [46:22<1:12:06, 48.61s/row]
generate:  43%|████▎     | 66/154 [46:22<1:11:45, 48.92s/row]
                                                             
[67/154] generated 10 candidates

generate:  43%|████▎     | 66/154 [47:12<1:11:45, 48.92s/row]
generate:  44%|████▎     | 67/154 [47:12<1:11:16, 49.15s/row]
                                                             
[68/154] generated 10 candidates

generate:  44%|████▎     | 67/154 [48:01<1:11:16, 49.15s/row]
generate:  44%|████▍     | 68/154 [48:01<1:10:40, 49.30s/row]
                                                             
[69/154] generated 10 candidates

generate:  44%|████▍     | 68/154 [48:51<1:10:40, 49.30s/row]
generate:  45%|████▍     | 69/154 [48:51<1:09:59, 49.41s/row]
                                                             
[70/154] generated 10 candidates

generate:  45%|████▍     | 69/154 [49:41<1:09:59, 49.41s/row]
generate:  45%|████▌     | 70/154 [49:41<1:09:16, 49.48s/row]
                                                             
[71/154] generated 10 candidates

generate:  45%|████▌     | 70/154 [50:30<1:09:16, 49.48s/row]
generate:  46%|████▌     | 71/154 [50:30<1:08:31, 49.53s/row]
                                                             
[72/154] generated 10 candidates

generate:  46%|████▌     | 71/154 [51:20<1:08:31, 49.53s/row]
generate:  47%|████▋     | 72/154 [51:20<1:07:43, 49.55s/row]
                                                             
[73/154] generated 10 candidates

generate:  47%|████▋     | 72/154 [52:10<1:07:43, 49.55s/row]
generate:  47%|████▋     | 73/154 [52:10<1:06:55, 49.58s/row]
                                                             
[74/154] generated 10 candidates

generate:  47%|████▋     | 73/154 [52:59<1:06:55, 49.58s/row]
generate:  48%|████▊     | 74/154 [52:59<1:06:07, 49.59s/row]
                                                             
[75/154] generated 10 candidates

generate:  48%|████▊     | 74/154 [53:49<1:06:07, 49.59s/row]
generate:  49%|████▊     | 75/154 [53:49<1:05:16, 49.57s/row]
                                                             
[76/154] generated 10 candidates

generate:  49%|████▊     | 75/154 [54:38<1:05:16, 49.57s/row]
generate:  49%|████▉     | 76/154 [54:38<1:04:28, 49.60s/row]
                                                             
[77/154] generated 10 candidates

generate:  49%|████▉     | 76/154 [55:28<1:04:28, 49.60s/row]
generate:  50%|█████     | 77/154 [55:28<1:03:41, 49.62s/row]
                                                             
[78/154] generated 10 candidates

generate:  50%|█████     | 77/154 [56:18<1:03:41, 49.62s/row]
generate:  51%|█████     | 78/154 [56:18<1:02:52, 49.64s/row]
                                                             
[79/154] generated 10 candidates

generate:  51%|█████     | 78/154 [57:07<1:02:52, 49.64s/row]
generate:  51%|█████▏    | 79/154 [57:07<1:02:03, 49.64s/row]
                                                             
[80/154] generated 10 candidates

generate:  51%|█████▏    | 79/154 [57:36<1:02:03, 49.64s/row]
generate:  52%|█████▏    | 80/154 [57:36<53:29, 43.37s/row]  
                                                           
[81/154] generated 10 candidates

generate:  52%|█████▏    | 80/154 [57:57<53:29, 43.37s/row]
generate:  53%|█████▎    | 81/154 [57:57<44:28, 36.56s/row]
                                                           
[82/154] generated 10 candidates

generate:  53%|█████▎    | 81/154 [58:46<44:28, 36.56s/row]
generate:  53%|█████▎    | 82/154 [58:46<48:33, 40.47s/row]
                                                           
[83/154] generated 10 candidates

generate:  53%|█████▎    | 82/154 [59:36<48:33, 40.47s/row]
generate:  54%|█████▍    | 83/154 [59:36<51:09, 43.23s/row]
                                                           
[84/154] generated 10 candidates

generate:  54%|█████▍    | 83/154 [1:00:26<51:09, 43.23s/row]
generate:  55%|█████▍    | 84/154 [1:00:26<52:41, 45.16s/row]
                                                             
[85/154] generated 10 candidates

generate:  55%|█████▍    | 84/154 [1:01:15<52:41, 45.16s/row]
generate:  55%|█████▌    | 85/154 [1:01:15<53:29, 46.52s/row]
                                                             
[86/154] generated 10 candidates

generate:  55%|█████▌    | 85/154 [1:02:05<53:29, 46.52s/row]
generate:  56%|█████▌    | 86/154 [1:02:05<53:47, 47.46s/row]
                                                             
[87/154] generated 10 candidates

generate:  56%|█████▌    | 86/154 [1:02:55<53:47, 47.46s/row]
generate:  56%|█████▋    | 87/154 [1:02:55<53:43, 48.10s/row]
                                                             
[88/154] generated 10 candidates

generate:  56%|█████▋    | 87/154 [1:03:44<53:43, 48.10s/row]
generate:  57%|█████▋    | 88/154 [1:03:44<53:25, 48.57s/row]
                                                             
[89/154] generated 10 candidates

generate:  57%|█████▋    | 88/154 [1:04:34<53:25, 48.57s/row]
generate:  58%|█████▊    | 89/154 [1:04:34<52:58, 48.90s/row]
                                                             
[90/154] generated 10 candidates

generate:  58%|█████▊    | 89/154 [1:05:24<52:58, 48.90s/row]
generate:  58%|█████▊    | 90/154 [1:05:24<52:24, 49.13s/row]
                                                             
[91/154] generated 10 candidates

generate:  58%|█████▊    | 90/154 [1:06:13<52:24, 49.13s/row]
generate:  59%|█████▉    | 91/154 [1:06:13<51:45, 49.30s/row]
                                                             
[92/154] generated 10 candidates

generate:  59%|█████▉    | 91/154 [1:07:03<51:45, 49.30s/row]
generate:  60%|█████▉    | 92/154 [1:07:03<51:03, 49.41s/row]
                                                             
[93/154] generated 10 candidates

generate:  60%|█████▉    | 92/154 [1:07:53<51:03, 49.41s/row]
generate:  60%|██████    | 93/154 [1:07:53<50:18, 49.49s/row]
                                                             
[94/154] generated 10 candidates

generate:  60%|██████    | 93/154 [1:08:42<50:18, 49.49s/row]
generate:  61%|██████    | 94/154 [1:08:42<49:31, 49.53s/row]
                                                             
[95/154] generated 10 candidates

generate:  61%|██████    | 94/154 [1:09:32<49:31, 49.53s/row]
generate:  62%|██████▏   | 95/154 [1:09:32<48:44, 49.57s/row]
                                                             
[96/154] generated 10 candidates

generate:  62%|██████▏   | 95/154 [1:10:22<48:44, 49.57s/row]
generate:  62%|██████▏   | 96/154 [1:10:22<47:56, 49.60s/row]
                                                             
[97/154] generated 10 candidates

generate:  62%|██████▏   | 96/154 [1:11:11<47:56, 49.60s/row]
generate:  63%|██████▎   | 97/154 [1:11:11<47:09, 49.63s/row]
                                                             
[98/154] generated 10 candidates

generate:  63%|██████▎   | 97/154 [1:12:01<47:09, 49.63s/row]
generate:  64%|██████▎   | 98/154 [1:12:01<46:19, 49.63s/row]
                                                             
[99/154] generated 10 candidates

generate:  64%|██████▎   | 98/154 [1:12:51<46:19, 49.63s/row]
generate:  64%|██████▍   | 99/154 [1:12:51<45:30, 49.64s/row]
                                                             
[100/154] generated 10 candidates

generate:  64%|██████▍   | 99/154 [1:13:40<45:30, 49.64s/row]
generate:  65%|██████▍   | 100/154 [1:13:40<44:41, 49.65s/row]
                                                              
[101/154] generated 10 candidates

generate:  65%|██████▍   | 100/154 [1:13:52<44:41, 49.65s/row]
generate:  66%|██████▌   | 101/154 [1:13:52<33:52, 38.36s/row]
                                                              
[102/154] generated 10 candidates

generate:  66%|██████▌   | 101/154 [1:14:42<33:52, 38.36s/row]
generate:  66%|██████▌   | 102/154 [1:14:42<36:10, 41.74s/row]
                                                              
[103/154] generated 10 candidates

generate:  66%|██████▌   | 102/154 [1:15:32<36:10, 41.74s/row]
generate:  67%|██████▋   | 103/154 [1:15:32<37:29, 44.10s/row]
                                                              
[104/154] generated 10 candidates

generate:  67%|██████▋   | 103/154 [1:16:21<37:29, 44.10s/row]
generate:  68%|██████▊   | 104/154 [1:16:21<38:08, 45.78s/row]
                                                              
[105/154] generated 10 candidates

generate:  68%|██████▊   | 104/154 [1:16:55<38:08, 45.78s/row]
generate:  68%|██████▊   | 105/154 [1:16:55<34:23, 42.11s/row]
                                                              
[106/154] generated 10 candidates

generate:  68%|██████▊   | 105/154 [1:17:27<34:23, 42.11s/row]
generate:  69%|██████▉   | 106/154 [1:17:27<31:15, 39.08s/row]
                                                              
[107/154] generated 10 candidates

generate:  69%|██████▉   | 106/154 [1:18:16<31:15, 39.08s/row]
generate:  69%|██████▉   | 107/154 [1:18:16<33:06, 42.27s/row]
                                                              
[108/154] generated 10 candidates

generate:  69%|██████▉   | 107/154 [1:19:06<33:06, 42.27s/row]
generate:  70%|███████   | 108/154 [1:19:06<34:07, 44.52s/row]
                                                              
[109/154] generated 10 candidates

generate:  70%|███████   | 108/154 [1:19:48<34:07, 44.52s/row]
generate:  71%|███████   | 109/154 [1:19:48<32:40, 43.58s/row]
                                                              
[110/154] generated 10 candidates

generate:  71%|███████   | 109/154 [1:20:37<32:40, 43.58s/row]
generate:  71%|███████▏  | 110/154 [1:20:37<33:17, 45.41s/row]
                                                              
[111/154] generated 10 candidates

generate:  71%|███████▏  | 110/154 [1:20:58<33:17, 45.41s/row]
generate:  72%|███████▏  | 111/154 [1:20:58<27:16, 38.06s/row]
                                                              
[112/154] generated 10 candidates

generate:  72%|███████▏  | 111/154 [1:21:48<27:16, 38.06s/row]
generate:  73%|███████▎  | 112/154 [1:21:48<29:05, 41.55s/row]
                                                              
[113/154] generated 10 candidates

generate:  73%|███████▎  | 112/154 [1:22:38<29:05, 41.55s/row]
generate:  73%|███████▎  | 113/154 [1:22:38<30:03, 43.98s/row]
                                                              
[114/154] generated 10 candidates

generate:  73%|███████▎  | 113/154 [1:23:27<30:03, 43.98s/row]
generate:  74%|███████▍  | 114/154 [1:23:27<30:27, 45.69s/row]
                                                              
[115/154] generated 10 candidates

generate:  74%|███████▍  | 114/154 [1:23:43<30:27, 45.69s/row]
generate:  75%|███████▍  | 115/154 [1:23:43<23:57, 36.85s/row]
                                                              
[116/154] generated 10 candidates

generate:  75%|███████▍  | 115/154 [1:23:50<23:57, 36.85s/row]
generate:  75%|███████▌  | 116/154 [1:23:50<17:39, 27.89s/row]
                                                              
[117/154] generated 10 candidates

generate:  75%|███████▌  | 116/154 [1:24:40<17:39, 27.89s/row]
generate:  76%|███████▌  | 117/154 [1:24:40<21:12, 34.40s/row]
                                                              
[118/154] generated 10 candidates

generate:  76%|███████▌  | 117/154 [1:25:30<21:12, 34.40s/row]
generate:  77%|███████▋  | 118/154 [1:25:30<23:23, 38.98s/row]
                                                              
[119/154] generated 10 candidates

generate:  77%|███████▋  | 118/154 [1:26:19<23:23, 38.98s/row]
generate:  77%|███████▋  | 119/154 [1:26:19<24:36, 42.19s/row]
                                                              
[120/154] generated 10 candidates

generate:  77%|███████▋  | 119/154 [1:27:09<24:36, 42.19s/row]
generate:  78%|███████▊  | 120/154 [1:27:09<25:10, 44.44s/row]
                                                              
[121/154] generated 10 candidates

generate:  78%|███████▊  | 120/154 [1:27:34<25:10, 44.44s/row]
generate:  79%|███████▊  | 121/154 [1:27:34<21:17, 38.73s/row]
                                                              
[122/154] generated 10 candidates

generate:  79%|███████▊  | 121/154 [1:28:24<21:17, 38.73s/row]
generate:  79%|███████▉  | 122/154 [1:28:24<22:24, 42.00s/row]
                                                              
[123/154] generated 10 candidates

generate:  79%|███████▉  | 122/154 [1:29:14<22:24, 42.00s/row]
generate:  80%|███████▉  | 123/154 [1:29:14<22:53, 44.29s/row]
                                                              
[124/154] generated 10 candidates

generate:  80%|███████▉  | 123/154 [1:29:34<22:53, 44.29s/row]
generate:  81%|████████  | 124/154 [1:29:34<18:32, 37.07s/row]
                                                              
[125/154] generated 10 candidates

generate:  81%|████████  | 124/154 [1:30:24<18:32, 37.07s/row]
generate:  81%|████████  | 125/154 [1:30:24<19:44, 40.84s/row]
                                                              
[126/154] generated 10 candidates

generate:  81%|████████  | 125/154 [1:31:13<19:44, 40.84s/row]
generate:  82%|████████▏ | 126/154 [1:31:13<20:17, 43.49s/row]
                                                              
[127/154] generated 10 candidates

generate:  82%|████████▏ | 126/154 [1:32:00<20:17, 43.49s/row]
generate:  82%|████████▏ | 127/154 [1:32:00<19:58, 44.38s/row]
                                                              
[128/154] generated 10 candidates

generate:  82%|████████▏ | 127/154 [1:32:48<19:58, 44.38s/row]
generate:  83%|████████▎ | 128/154 [1:32:48<19:47, 45.66s/row]
                                                              
[129/154] generated 10 candidates

generate:  83%|████████▎ | 128/154 [1:33:38<19:47, 45.66s/row]
generate:  84%|████████▍ | 129/154 [1:33:38<19:31, 46.85s/row]
                                                              
[130/154] generated 10 candidates

generate:  84%|████████▍ | 129/154 [1:34:28<19:31, 46.85s/row]
generate:  84%|████████▍ | 130/154 [1:34:28<19:04, 47.70s/row]
                                                              
[131/154] generated 10 candidates

generate:  84%|████████▍ | 130/154 [1:35:02<19:04, 47.70s/row]
generate:  85%|████████▌ | 131/154 [1:35:02<16:45, 43.70s/row]
                                                              
[132/154] generated 10 candidates

generate:  85%|████████▌ | 131/154 [1:35:50<16:45, 43.70s/row]
generate:  86%|████████▌ | 132/154 [1:35:50<16:31, 45.06s/row]
                                                              
[133/154] generated 10 candidates

generate:  86%|████████▌ | 132/154 [1:36:40<16:31, 45.06s/row]
generate:  86%|████████▋ | 133/154 [1:36:40<16:15, 46.45s/row]
                                                              
[134/154] generated 10 candidates

generate:  86%|████████▋ | 133/154 [1:37:30<16:15, 46.45s/row]
generate:  87%|████████▋ | 134/154 [1:37:30<15:48, 47.42s/row]
                                                              
[135/154] generated 10 candidates

generate:  87%|████████▋ | 134/154 [1:38:19<15:48, 47.42s/row]
generate:  88%|████████▊ | 135/154 [1:38:19<15:14, 48.11s/row]
                                                              
[136/154] generated 10 candidates

generate:  88%|████████▊ | 135/154 [1:39:09<15:14, 48.11s/row]
generate:  88%|████████▊ | 136/154 [1:39:09<14:34, 48.59s/row]
                                                              
[137/154] generated 10 candidates

generate:  88%|████████▊ | 136/154 [1:39:59<14:34, 48.59s/row]
generate:  89%|████████▉ | 137/154 [1:39:59<13:51, 48.92s/row]
                                                              
[138/154] generated 10 candidates

generate:  89%|████████▉ | 137/154 [1:40:49<13:51, 48.92s/row]
generate:  90%|████████▉ | 138/154 [1:40:49<13:06, 49.15s/row]
                                                              
[139/154] generated 10 candidates

generate:  90%|████████▉ | 138/154 [1:41:38<13:06, 49.15s/row]
generate:  90%|█████████ | 139/154 [1:41:38<12:19, 49.31s/row]
                                                              
[140/154] generated 10 candidates

generate:  90%|█████████ | 139/154 [1:42:28<12:19, 49.31s/row]
generate:  91%|█████████ | 140/154 [1:42:28<11:32, 49.43s/row]
                                                              
[141/154] generated 10 candidates

generate:  91%|█████████ | 140/154 [1:43:18<11:32, 49.43s/row]
generate:  92%|█████████▏| 141/154 [1:43:18<10:43, 49.52s/row]
                                                              
[142/154] generated 10 candidates

generate:  92%|█████████▏| 141/154 [1:44:07<10:43, 49.52s/row]
generate:  92%|█████████▏| 142/154 [1:44:07<09:54, 49.58s/row]
                                                              
[143/154] generated 10 candidates

generate:  92%|█████████▏| 142/154 [1:44:26<09:54, 49.58s/row]
generate:  93%|█████████▎| 143/154 [1:44:26<07:22, 40.27s/row]
                                                              
[144/154] generated 10 candidates

generate:  93%|█████████▎| 143/154 [1:45:16<07:22, 40.27s/row]
generate:  94%|█████████▎| 144/154 [1:45:16<07:11, 43.11s/row]
                                                              
[145/154] generated 10 candidates

generate:  94%|█████████▎| 144/154 [1:46:05<07:11, 43.11s/row]
generate:  94%|█████████▍| 145/154 [1:46:05<06:45, 45.08s/row]
                                                              
[146/154] generated 10 candidates

generate:  94%|█████████▍| 145/154 [1:46:55<06:45, 45.08s/row]
generate:  95%|█████████▍| 146/154 [1:46:55<06:11, 46.45s/row]
                                                              
[147/154] generated 10 candidates

generate:  95%|█████████▍| 146/154 [1:47:45<06:11, 46.45s/row]
generate:  95%|█████████▌| 147/154 [1:47:45<05:31, 47.43s/row]
                                                              
[148/154] generated 10 candidates

generate:  95%|█████████▌| 147/154 [1:48:29<05:31, 47.43s/row]
generate:  96%|█████████▌| 148/154 [1:48:29<04:39, 46.55s/row]
                                                              
[149/154] generated 10 candidates

generate:  96%|█████████▌| 148/154 [1:49:19<04:39, 46.55s/row]
generate:  97%|█████████▋| 149/154 [1:49:19<03:57, 47.49s/row]
                                                              
[150/154] generated 10 candidates

generate:  97%|█████████▋| 149/154 [1:50:08<03:57, 47.49s/row]
generate:  97%|█████████▋| 150/154 [1:50:08<03:12, 48.12s/row]
                                                              
[151/154] generated 10 candidates

generate:  97%|█████████▋| 150/154 [1:50:58<03:12, 48.12s/row]
generate:  98%|█████████▊| 151/154 [1:50:58<02:25, 48.59s/row]
                                                              
[152/154] generated 10 candidates

generate:  98%|█████████▊| 151/154 [1:51:48<02:25, 48.59s/row]
generate:  99%|█████████▊| 152/154 [1:51:48<01:37, 48.99s/row]
                                                              
[153/154] generated 10 candidates

generate:  99%|█████████▊| 152/154 [1:52:12<01:37, 48.99s/row]
generate:  99%|█████████▉| 153/154 [1:52:12<00:41, 41.42s/row]
                                                              
[154/154] generated 10 candidates

generate:  99%|█████████▉| 153/154 [1:53:01<00:41, 41.42s/row]
generate: 100%|██████████| 154/154 [1:53:01<00:00, 43.90s/row]
generate: 100%|██████████| 154/154 [1:53:01<00:00, 44.04s/row]
wrote /workspace/results/qwen3-8b-base_lora_enc_dec_r64_5e6_gcb_a128_graphv2_clean_s44_text_compile_predictions.json
wrote /workspace/results/qwen3-8b-base_lora_enc_dec_r64_5e6_gcb_a128_graphv2_clean_s44_text_compile_predictions.json.provenance.json

Compile and pass evaluation settings match; reusing the same candidate pool.

Calculating metrics...
CodeBLEU Results:
{
  "count": 154,
  "samples_with_success": 154,
  "mean_codebleu": 0.6395010729806669,
  "min_codebleu": 0.5035396258044449,
  "max_codebleu": 0.8075572496867339
}

Compiled-only CodeBLEU Results:
{
  "count": 154,
  "samples_with_success": 46,
  "mean_codebleu": 0.6063385813101969,
  "min_codebleu": 0.37961662838880794,
  "max_codebleu": 0.7474622268079647
}

Using Dart binary: /usr/bin/dart | workers=64

compile@k:   0%|          | 0/154 [00:00<?, ?row/s]
compile@k:   1%|          | 1/154 [00:19<49:30, 19.42s/row]
compile@k:   1%|▏         | 2/154 [00:38<48:51, 19.29s/row]
compile@k:   6%|▌         | 9/154 [00:39<07:03,  2.92s/row]
compile@k:   6%|▋         | 10/154 [00:41<06:36,  2.75s/row]
compile@k:  23%|██▎       | 36/154 [00:58<01:56,  1.01row/s]
compile@k:  41%|████      | 63/154 [01:03<00:49,  1.84row/s]
compile@k:  42%|████▏     | 65/154 [01:10<01:02,  1.42row/s]
compile@k:  43%|████▎     | 66/154 [01:12<01:07,  1.31row/s]
compile@k:  76%|███████▌  | 117/154 [01:14<00:08,  4.55row/s]
compile@k:  76%|███████▌  | 117/154 [01:30<00:08,  4.55row/s]
compile@k:  77%|███████▋  | 118/154 [02:15<00:52,  1.45s/row]
compile@k: 100%|██████████| 154/154 [02:15<00:00,  1.14row/s]
Compile@k Results:
[1/154] n=10, compiling=2, compile@1=0.2000
[2/154] n=10, compiling=10, compile@1=1.0000
[3/154] n=10, compiling=3, compile@1=0.3000
[4/154] n=10, compiling=1, compile@1=0.1000
[5/154] n=10, compiling=0, compile@1=0.0000
[6/154] n=10, compiling=10, compile@1=1.0000
[7/154] n=10, compiling=10, compile@1=1.0000
[8/154] n=10, compiling=8, compile@1=0.8000
[9/154] n=10, compiling=6, compile@1=0.6000
[10/154] n=10, compiling=4, compile@1=0.4000
[11/154] n=10, compiling=8, compile@1=0.8000
[12/154] n=10, compiling=7, compile@1=0.7000
[13/154] n=10, compiling=10, compile@1=1.0000
[14/154] n=10, compiling=4, compile@1=0.4000
[15/154] n=10, compiling=10, compile@1=1.0000
[16/154] n=10, compiling=5, compile@1=0.5000
[17/154] n=10, compiling=9, compile@1=0.9000
[18/154] n=10, compiling=7, compile@1=0.7000
[19/154] n=10, compiling=10, compile@1=1.0000
[20/154] n=10, compiling=9, compile@1=0.9000
[21/154] n=10, compiling=5, compile@1=0.5000
[22/154] n=10, compiling=1, compile@1=0.1000
[23/154] n=10, compiling=10, compile@1=1.0000
[24/154] n=10, compiling=10, compile@1=1.0000
[25/154] n=10, compiling=10, compile@1=1.0000
[26/154] n=10, compiling=3, compile@1=0.3000
[27/154] n=10, compiling=8, compile@1=0.8000
[28/154] n=10, compiling=8, compile@1=0.8000
[29/154] n=10, compiling=10, compile@1=1.0000
[30/154] n=10, compiling=10, compile@1=1.0000
[31/154] n=10, compiling=10, compile@1=1.0000
[32/154] n=10, compiling=9, compile@1=0.9000
[33/154] n=10, compiling=0, compile@1=0.0000
[34/154] n=10, compiling=10, compile@1=1.0000
[35/154] n=10, compiling=6, compile@1=0.6000
[36/154] n=10, compiling=10, compile@1=1.0000
[37/154] n=10, compiling=10, compile@1=1.0000
[38/154] n=10, compiling=3, compile@1=0.3000
[39/154] n=10, compiling=6, compile@1=0.6000
[40/154] n=10, compiling=10, compile@1=1.0000
[41/154] n=10, compiling=10, compile@1=1.0000
[42/154] n=10, compiling=8, compile@1=0.8000
[43/154] n=10, compiling=4, compile@1=0.4000
[44/154] n=10, compiling=0, compile@1=0.0000
[45/154] n=10, compiling=8, compile@1=0.8000
[46/154] n=10, compiling=6, compile@1=0.6000
[47/154] n=10, compiling=8, compile@1=0.8000
[48/154] n=10, compiling=6, compile@1=0.6000
[49/154] n=10, compiling=6, compile@1=0.6000
[50/154] n=10, compiling=8, compile@1=0.8000
[51/154] n=10, compiling=7, compile@1=0.7000
[52/154] n=10, compiling=5, compile@1=0.5000
[53/154] n=10, compiling=10, compile@1=1.0000
[54/154] n=10, compiling=7, compile@1=0.7000
[55/154] n=10, compiling=10, compile@1=1.0000
[56/154] n=10, compiling=9, compile@1=0.9000
[57/154] n=10, compiling=8, compile@1=0.8000
[58/154] n=10, compiling=10, compile@1=1.0000
[59/154] n=10, compiling=8, compile@1=0.8000
[60/154] n=10, compiling=7, compile@1=0.7000
[61/154] n=10, compiling=4, compile@1=0.4000
[62/154] n=10, compiling=1, compile@1=0.1000
[63/154] n=10, compiling=6, compile@1=0.6000
[64/154] n=10, compiling=3, compile@1=0.3000
[65/154] n=10, compiling=6, compile@1=0.6000
[66/154] n=10, compiling=9, compile@1=0.9000
[67/154] n=10, compiling=10, compile@1=1.0000
[68/154] n=10, compiling=0, compile@1=0.0000
[69/154] n=10, compiling=5, compile@1=0.5000
[70/154] n=10, compiling=2, compile@1=0.2000
[71/154] n=10, compiling=7, compile@1=0.7000
[72/154] n=10, compiling=5, compile@1=0.5000
[73/154] n=10, compiling=7, compile@1=0.7000
[74/154] n=10, compiling=0, compile@1=0.0000
[75/154] n=10, compiling=7, compile@1=0.7000
[76/154] n=10, compiling=8, compile@1=0.8000
[77/154] n=10, compiling=10, compile@1=1.0000
[78/154] n=10, compiling=10, compile@1=1.0000
[79/154] n=10, compiling=7, compile@1=0.7000
[80/154] n=10, compiling=6, compile@1=0.6000
[81/154] n=10, compiling=10, compile@1=1.0000
[82/154] n=10, compiling=6, compile@1=0.6000
[83/154] n=10, compiling=8, compile@1=0.8000
[84/154] n=10, compiling=8, compile@1=0.8000
[85/154] n=10, compiling=2, compile@1=0.2000
[86/154] n=10, compiling=5, compile@1=0.5000
[87/154] n=10, compiling=8, compile@1=0.8000
[88/154] n=10, compiling=0, compile@1=0.0000
[89/154] n=10, compiling=5, compile@1=0.5000
[90/154] n=10, compiling=5, compile@1=0.5000
[91/154] n=10, compiling=2, compile@1=0.2000
[92/154] n=10, compiling=7, compile@1=0.7000
[93/154] n=10, compiling=3, compile@1=0.3000
[94/154] n=10, compiling=1, compile@1=0.1000
[95/154] n=10, compiling=5, compile@1=0.5000
[96/154] n=10, compiling=1, compile@1=0.1000
[97/154] n=10, compiling=3, compile@1=0.3000
[98/154] n=10, compiling=2, compile@1=0.2000
[99/154] n=10, compiling=9, compile@1=0.9000
[100/154] n=10, compiling=3, compile@1=0.3000
[101/154] n=10, compiling=10, compile@1=1.0000
[102/154] n=10, compiling=10, compile@1=1.0000
[103/154] n=10, compiling=9, compile@1=0.9000
[104/154] n=10, compiling=3, compile@1=0.3000
[105/154] n=10, compiling=9, compile@1=0.9000
[106/154] n=10, compiling=1, compile@1=0.1000
[107/154] n=10, compiling=7, compile@1=0.7000
[108/154] n=10, compiling=8, compile@1=0.8000
[109/154] n=10, compiling=2, compile@1=0.2000
[110/154] n=10, compiling=7, compile@1=0.7000
[111/154] n=10, compiling=10, compile@1=1.0000
[112/154] n=10, compiling=7, compile@1=0.7000
[113/154] n=10, compiling=6, compile@1=0.6000
[114/154] n=10, compiling=7, compile@1=0.7000
[115/154] n=10, compiling=10, compile@1=1.0000
[116/154] n=10, compiling=0, compile@1=0.0000
[117/154] n=10, compiling=2, compile@1=0.2000
[118/154] n=10, compiling=8, compile@1=0.8000
[119/154] n=10, compiling=9, compile@1=0.9000
[120/154] n=10, compiling=9, compile@1=0.9000
[121/154] n=10, compiling=0, compile@1=0.0000
[122/154] n=10, compiling=6, compile@1=0.6000
[123/154] n=10, compiling=2, compile@1=0.2000
[124/154] n=10, compiling=10, compile@1=1.0000
[125/154] n=10, compiling=9, compile@1=0.9000
[126/154] n=10, compiling=5, compile@1=0.5000
[127/154] n=10, compiling=10, compile@1=1.0000
[128/154] n=10, compiling=8, compile@1=0.8000
[129/154] n=10, compiling=8, compile@1=0.8000
[130/154] n=10, compiling=4, compile@1=0.4000
[131/154] n=10, compiling=4, compile@1=0.4000
[132/154] n=10, compiling=8, compile@1=0.8000
[133/154] n=10, compiling=2, compile@1=0.2000
[134/154] n=10, compiling=8, compile@1=0.8000
[135/154] n=10, compiling=9, compile@1=0.9000
[136/154] n=10, compiling=3, compile@1=0.3000
[137/154] n=10, compiling=7, compile@1=0.7000
[138/154] n=10, compiling=10, compile@1=1.0000
[139/154] n=10, compiling=0, compile@1=0.0000
[140/154] n=10, compiling=8, compile@1=0.8000
[141/154] n=10, compiling=10, compile@1=1.0000
[142/154] n=10, compiling=8, compile@1=0.8000
[143/154] n=10, compiling=1, compile@1=0.1000
[144/154] n=10, compiling=3, compile@1=0.3000
[145/154] n=10, compiling=0, compile@1=0.0000
[146/154] n=10, compiling=9, compile@1=0.9000
[147/154] n=10, compiling=4, compile@1=0.4000
[148/154] n=10, compiling=9, compile@1=0.9000
[149/154] n=10, compiling=3, compile@1=0.3000
[150/154] n=10, compiling=10, compile@1=1.0000
[151/154] n=10, compiling=6, compile@1=0.6000
[152/154] n=10, compiling=5, compile@1=0.5000
[153/154] n=10, compiling=0, compile@1=0.0000
[154/154] n=10, compiling=5, compile@1=0.5000
{
  "compile_at_1": 0.6240259740259743,
  "compile_at_5": 0.8855132962275819,
  "total_problems": 154
}

Using Dart binary: /usr/bin/dart | workers=64

pass@k:   0%|          | 0/154 [00:00<?, ?row/s]
pass@k:   1%|          | 1/154 [00:28<1:13:12, 28.71s/row]
pass@k:   1%|▏         | 2/154 [00:34<39:08, 15.45s/row]  
pass@k:   2%|▏         | 3/154 [00:35<21:37,  8.59s/row]
pass@k:   3%|▎         | 4/154 [00:42<20:29,  8.20s/row]
pass@k:  23%|██▎       | 36/154 [01:03<02:02,  1.03s/row]
pass@k:  41%|████      | 63/154 [01:10<00:57,  1.59row/s]
pass@k:  42%|████▏     | 65/154 [01:24<01:25,  1.04row/s]
pass@k:  43%|████▎     | 66/154 [01:32<01:46,  1.21s/row]
pass@k:  77%|███████▋  | 118/154 [02:17<00:34,  1.04row/s]
pass@k: 100%|██████████| 154/154 [02:17<00:00,  1.12row/s]
Pass@k Results:
[1/154] n=10, passed=2, pass@1=0.2000
[2/154] n=10, passed=0, pass@1=0.0000
[3/154] n=10, passed=0, pass@1=0.0000
[4/154] n=10, passed=1, pass@1=0.1000
[5/154] n=10, passed=0, pass@1=0.0000
[6/154] n=10, passed=10, pass@1=1.0000
[7/154] n=10, passed=0, pass@1=0.0000
[8/154] n=10, passed=7, pass@1=0.7000
[9/154] n=10, passed=0, pass@1=0.0000
[10/154] n=10, passed=4, pass@1=0.4000
[11/154] n=10, passed=0, pass@1=0.0000
[12/154] n=10, passed=0, pass@1=0.0000
[13/154] n=10, passed=8, pass@1=0.8000
[14/154] n=10, passed=3, pass@1=0.3000
[15/154] n=10, passed=6, pass@1=0.6000
[16/154] n=10, passed=0, pass@1=0.0000
[17/154] n=10, passed=0, pass@1=0.0000
[18/154] n=10, passed=0, pass@1=0.0000
[19/154] n=10, passed=9, pass@1=0.9000
[20/154] n=10, passed=0, pass@1=0.0000
[21/154] n=10, passed=0, pass@1=0.0000
[22/154] n=10, passed=1, pass@1=0.1000
[23/154] n=10, passed=10, pass@1=1.0000
[24/154] n=10, passed=3, pass@1=0.3000
[25/154] n=10, passed=0, pass@1=0.0000
[26/154] n=10, passed=3, pass@1=0.3000
[27/154] n=10, passed=7, pass@1=0.7000
[28/154] n=10, passed=8, pass@1=0.8000
[29/154] n=10, passed=7, pass@1=0.7000
[30/154] n=10, passed=9, pass@1=0.9000
[31/154] n=10, passed=0, pass@1=0.0000
[32/154] n=10, passed=1, pass@1=0.1000
[33/154] n=10, passed=0, pass@1=0.0000
[34/154] n=10, passed=0, pass@1=0.0000
[35/154] n=10, passed=0, pass@1=0.0000
[36/154] n=10, passed=1, pass@1=0.1000
[37/154] n=10, passed=1, pass@1=0.1000
[38/154] n=10, passed=0, pass@1=0.0000
[39/154] n=10, passed=2, pass@1=0.2000
[40/154] n=10, passed=8, pass@1=0.8000
[41/154] n=10, passed=5, pass@1=0.5000
[42/154] n=10, passed=8, pass@1=0.8000
[43/154] n=10, passed=0, pass@1=0.0000
[44/154] n=10, passed=0, pass@1=0.0000
[45/154] n=10, passed=6, pass@1=0.6000
[46/154] n=10, passed=0, pass@1=0.0000
[47/154] n=10, passed=8, pass@1=0.8000
[48/154] n=10, passed=3, pass@1=0.3000
[49/154] n=10, passed=3, pass@1=0.3000
[50/154] n=10, passed=0, pass@1=0.0000
[51/154] n=10, passed=4, pass@1=0.4000
[52/154] n=10, passed=0, pass@1=0.0000
[53/154] n=10, passed=3, pass@1=0.3000
[54/154] n=10, passed=0, pass@1=0.0000
[55/154] n=10, passed=8, pass@1=0.8000
[56/154] n=10, passed=9, pass@1=0.9000
[57/154] n=10, passed=8, pass@1=0.8000
[58/154] n=10, passed=0, pass@1=0.0000
[59/154] n=10, passed=0, pass@1=0.0000
[60/154] n=10, passed=0, pass@1=0.0000
[61/154] n=10, passed=0, pass@1=0.0000
[62/154] n=10, passed=0, pass@1=0.0000
[63/154] n=10, passed=0, pass@1=0.0000
[64/154] n=10, passed=0, pass@1=0.0000
[65/154] n=10, passed=0, pass@1=0.0000
[66/154] n=10, passed=0, pass@1=0.0000
[67/154] n=10, passed=0, pass@1=0.0000
[68/154] n=10, passed=0, pass@1=0.0000
[69/154] n=10, passed=0, pass@1=0.0000
[70/154] n=10, passed=0, pass@1=0.0000
[71/154] n=10, passed=0, pass@1=0.0000
[72/154] n=10, passed=0, pass@1=0.0000
[73/154] n=10, passed=0, pass@1=0.0000
[74/154] n=10, passed=0, pass@1=0.0000
[75/154] n=10, passed=0, pass@1=0.0000
[76/154] n=10, passed=0, pass@1=0.0000
[77/154] n=10, passed=0, pass@1=0.0000
[78/154] n=10, passed=10, pass@1=1.0000
[79/154] n=10, passed=0, pass@1=0.0000
[80/154] n=10, passed=0, pass@1=0.0000
[81/154] n=10, passed=0, pass@1=0.0000
[82/154] n=10, passed=0, pass@1=0.0000
[83/154] n=10, passed=0, pass@1=0.0000
[84/154] n=10, passed=0, pass@1=0.0000
[85/154] n=10, passed=0, pass@1=0.0000
[86/154] n=10, passed=0, pass@1=0.0000
[87/154] n=10, passed=0, pass@1=0.0000
[88/154] n=10, passed=0, pass@1=0.0000
[89/154] n=10, passed=0, pass@1=0.0000
[90/154] n=10, passed=0, pass@1=0.0000
[91/154] n=10, passed=0, pass@1=0.0000
[92/154] n=10, passed=0, pass@1=0.0000
[93/154] n=10, passed=0, pass@1=0.0000
[94/154] n=10, passed=0, pass@1=0.0000
[95/154] n=10, passed=0, pass@1=0.0000
[96/154] n=10, passed=0, pass@1=0.0000
[97/154] n=10, passed=0, pass@1=0.0000
[98/154] n=10, passed=0, pass@1=0.0000
[99/154] n=10, passed=0, pass@1=0.0000
[100/154] n=10, passed=0, pass@1=0.0000
[101/154] n=10, passed=0, pass@1=0.0000
[102/154] n=10, passed=0, pass@1=0.0000
[103/154] n=10, passed=0, pass@1=0.0000
[104/154] n=10, passed=0, pass@1=0.0000
[105/154] n=10, passed=0, pass@1=0.0000
[106/154] n=10, passed=0, pass@1=0.0000
[107/154] n=10, passed=0, pass@1=0.0000
[108/154] n=10, passed=0, pass@1=0.0000
[109/154] n=10, passed=0, pass@1=0.0000
[110/154] n=10, passed=0, pass@1=0.0000
[111/154] n=10, passed=0, pass@1=0.0000
[112/154] n=10, passed=0, pass@1=0.0000
[113/154] n=10, passed=0, pass@1=0.0000
[114/154] n=10, passed=0, pass@1=0.0000
[115/154] n=10, passed=0, pass@1=0.0000
[116/154] n=10, passed=0, pass@1=0.0000
[117/154] n=10, passed=0, pass@1=0.0000
[118/154] n=10, passed=0, pass@1=0.0000
[119/154] n=10, passed=0, pass@1=0.0000
[120/154] n=10, passed=0, pass@1=0.0000
[121/154] n=10, passed=0, pass@1=0.0000
[122/154] n=10, passed=0, pass@1=0.0000
[123/154] n=10, passed=0, pass@1=0.0000
[124/154] n=10, passed=0, pass@1=0.0000
[125/154] n=10, passed=0, pass@1=0.0000
[126/154] n=10, passed=0, pass@1=0.0000
[127/154] n=10, passed=0, pass@1=0.0000
[128/154] n=10, passed=0, pass@1=0.0000
[129/154] n=10, passed=0, pass@1=0.0000
[130/154] n=10, passed=0, pass@1=0.0000
[131/154] n=10, passed=0, pass@1=0.0000
[132/154] n=10, passed=0, pass@1=0.0000
[133/154] n=10, passed=0, pass@1=0.0000
[134/154] n=10, passed=0, pass@1=0.0000
[135/154] n=10, passed=0, pass@1=0.0000
[136/154] n=10, passed=0, pass@1=0.0000
[137/154] n=10, passed=0, pass@1=0.0000
[138/154] n=10, passed=0, pass@1=0.0000
[139/154] n=10, passed=0, pass@1=0.0000
[140/154] n=10, passed=0, pass@1=0.0000
[141/154] n=10, passed=0, pass@1=0.0000
[142/154] n=10, passed=0, pass@1=0.0000
[143/154] n=10, passed=0, pass@1=0.0000
[144/154] n=10, passed=0, pass@1=0.0000
[145/154] n=10, passed=0, pass@1=0.0000
[146/154] n=10, passed=0, pass@1=0.0000
[147/154] n=10, passed=0, pass@1=0.0000
[148/154] n=10, passed=0, pass@1=0.0000
[149/154] n=10, passed=3, pass@1=0.3000
[150/154] n=10, passed=0, pass@1=0.0000
[151/154] n=10, passed=0, pass@1=0.0000
[152/154] n=10, passed=0, pass@1=0.0000
[153/154] n=10, passed=0, pass@1=0.0000
[154/154] n=10, passed=0, pass@1=0.0000
{
  "pass_at_1": 0.12272727272727274,
  "pass_at_5": 0.20403009688723978,
  "pass_at_10": 0.22727272727272727,
  "total_problems": 154
}

Results summary saved to /workspace/results/sweeps_antigravity/qwen3-8b-base_lora_enc_dec_r64_5e6_gcb_a128_graphv2_clean_s44_text.json

Compiling candidate-level metrics to CSV: /workspace/results/sweeps_antigravity/qwen3-8b-base_lora_enc_dec_r64_5e6_gcb_a128_graphv2_clean_s44_text_compile_stats.csv ...
Using Dart binary: /usr/bin/dart
Stats CSV workers=64

stats CSV:   0%|          | 0/154 [00:00<?, ?row/s]
stats CSV:   1%|          | 1/154 [00:32<1:23:24, 32.71s/row]
stats CSV:   3%|▎         | 4/154 [00:39<19:59,  7.99s/row]  
stats CSV:   6%|▋         | 10/154 [00:41<06:18,  2.63s/row]
stats CSV:  23%|██▎       | 36/154 [01:02<02:17,  1.17s/row]
stats CSV:  42%|████▏     | 65/154 [01:23<01:21,  1.10row/s]
stats CSV:  43%|████▎     | 66/154 [01:28<01:30,  1.03s/row]
stats CSV:  77%|███████▋  | 118/154 [02:17<00:34,  1.03row/s]
stats CSV: 100%|██████████| 154/154 [02:17<00:00,  1.12row/s]
Successfully compiled per-problem statistics to: /workspace/results/sweeps_antigravity/qwen3-8b-base_lora_enc_dec_r64_5e6_gcb_a128_graphv2_clean_s44_text_compile_stats.csv

Reusing aligned candidate-level statistics: /workspace/results/sweeps_antigravity/qwen3-8b-base_lora_enc_dec_r64_5e6_gcb_a128_graphv2_clean_s44_text_pass_stats.csv
HF upload complete: raafatabualazm/antigravity-qwen3-8b-artifacts/results/qwen3-8b-base_lora_enc_dec_r64_5e6_gcb_a128_graphv2_clean_s44_text_compile_predictions.json
HF upload complete: raafatabualazm/antigravity-qwen3-8b-artifacts/results/qwen3-8b-base_lora_enc_dec_r64_5e6_gcb_a128_graphv2_clean_s44_text_pass_predictions.json
HF upload complete: raafatabualazm/antigravity-qwen3-8b-artifacts/results/sweeps_antigravity/qwen3-8b-base_lora_enc_dec_r64_5e6_gcb_a128_graphv2_clean_s44_text.json
HF upload complete: raafatabualazm/antigravity-qwen3-8b-artifacts/results/sweeps_antigravity/qwen3-8b-base_lora_enc_dec_r64_5e6_gcb_a128_graphv2_clean_s44_text_compile_stats.csv
HF upload complete: raafatabualazm/antigravity-qwen3-8b-artifacts/results/sweeps_antigravity/qwen3-8b-base_lora_enc_dec_r64_5e6_gcb_a128_graphv2_clean_s44_text_pass_stats.csv

=== x86_repeat_s44_prefix_no_gine (estimate 1.40 h) ===
/venv/main/bin/python /workspace/configs/run_sweeps_antigravity.py --experiment qwen3-8b-base_lora_enc_dec_r16_5e6_gcb --encoder gcb --max_risk high --hardware_profile rtx6000 --force_rerun --decoder_revision b968826d9c46dd6066d109eabc6255188de91218 --encoder_revision 2b0488a7bb0eefc7041f1bb2cad1ab26b0da269d --seed 44 --train_file data/datasets/dart_all_graphv2_train.jsonl --eval_file data/datasets/dart_all_graphv2_validation.jsonl --compile_dataset data/testing/grpo_data_graphv2.jsonl --pass_dataset data/testing/grpo_data_graphv2.jsonl --compile_mode jit_tests --epochs 4 --sft_lr 5e-6 --lora_r 64 --lora_alpha 128 --load_4bit 0 --attn_implementation sdpa --gradient_checkpointing 1 --train_batch_size 4 --grad_accum 16 --qwen_prefix_gate_init 0.2 --qwen_prefix_gate_mode token --qwen_prefix_rms_match 1 --decoder_prompt_max_length 2048 --prompt_fit_assembly 1 --auto_cfg 0 --max_block_instrs 20 --position_scheme roberta --causal_position_ids cumsum --use_reasoning 0 --eval_max_new_tokens 768 --generation_batch_size 10 --num_samples 10 --pass_num_samples 10 --metric_workers 64 --save_strategy no --save_total_limit 1 --gnn_layers 4 --global_attention_ablation full --name_suffix _graphv2_clean_s44_prefix_no_gine --qwen_prefix_tokens 64 --qwen_prefix_dynamic 1 --qwen_prefix_min_tokens 4 --qwen_prefix_tokens_per_log2 4 --prompt_assembly_mode none --prompt_fit_assembly 0 --prompt_clean_asm 0 --dfg_mode edges --edge_ablation full --gnn_ablation identity --add_reverse_edges 1 --block_position_mode sinusoidal --hf_repo raafatabualazm/antigravity-qwen3-8b-artifacts --hf_private 1 --hf_upload_checkpoints 1
CLI overrides applied to all sweeps: epochs=4, lora_r=64, lora_alpha=128

>>> Stage: SFT for qwen3-8b-base_lora_enc_dec_r64_5e6_gcb_a128_graphv2_clean_s44_prefix_no_gine

==================================================
RUNNING EXPERIMENT: qwen3-8b-base_lora_enc_dec_r64_5e6_gcb_a128_graphv2_clean_s44_prefix_no_gine
Decoder: Qwen/Qwen3-8B
Encoder PEFT: lora | Decoder PEFT: lora
LR: 5e-6 | Epochs: 4
OOM Risk (on 6GB VRAM): HIGH
Training Mode: SFT (Supervised Fine-Tuning)
==================================================

Dynamic Batch Size: 4 | Grad Accum: 16 | LoRA R: 64 | Alpha: 128 | Qwen prefix tokens: 64 | Qwen gate init: 0.2 | Qwen gate mode: token | Dynamic prefix: 1 [4, 4/log2] | Prefix RMS match: 1 | Prompt tokens: 2048 | Reasoning: 0 | Attention: sdpa | Grad ckpt: 1
Graph channel: dfg_mode=edges | edge_ablation=full | gnn_ablation=identity | gnn_layers=4 | global_attention=full | reverse_edges=1 | block_positions=sinusoidal | position_scheme=roberta | causal_position_ids=cumsum | grpo_train_graph_glue=1 | auto_cfg=0
Graph channel config: dfg_mode=edges | edge_ablation=full | gnn_ablation=identity | gnn_layers=4 | global_attention=full | position_scheme=roberta | causal_position_ids=cumsum | auto_cfg=0
Loading datasets...
Tokenizing datasets (using unified tensor builder format)...
Tokenized 500/770 examples

Loading weights:   0%|          | 0/197 [00:00<?, ?it/s]
Loading weights: 100%|██████████| 197/197 [00:00<00:00, 42706.11it/s]
Decoder attention implementation: sdpa

Loading weights:   0%|          | 0/399 [00:00<?, ?it/s]
Loading weights: 100%|██████████| 399/399 [00:00<00:00, 7217.99it/s]
Enabled decoder gradient checkpointing.
Enabled Qwen graph glue: 64 learned prefix tokens, dynamic=1, gate_mode=token, gate_init=0.2
Qwen prefix RMS matching ON: target token RMS 0.022050
Applied PEFT LORA (r=64, alpha=128) to LocalBlockEncoder
Enabled local block encoder gradient checkpointing.
Applied PEFT LORA (r=64, alpha=128) to Decoder
Qwen graph prefix gate: 0.200000
Gradient accumulation steps: 16
Starting training...

  0%|          | 0/52 [00:00<?, ?it/s]
  2%|▏         | 1/52 [01:38<1:24:05, 98.93s/it]
  4%|▍         | 2/52 [03:16<1:21:45, 98.11s/it]
  6%|▌         | 3/52 [05:01<1:22:42, 101.28s/it]
  8%|▊         | 4/52 [06:45<1:21:57, 102.44s/it]
 10%|▉         | 5/52 [08:37<1:22:47, 105.69s/it]
 12%|█▏        | 6/52 [10:23<1:21:13, 105.95s/it]
 13%|█▎        | 7/52 [12:12<1:20:14, 106.98s/it]
 15%|█▌        | 8/52 [14:07<1:20:14, 109.41s/it]
 17%|█▋        | 9/52 [15:52<1:17:23, 107.98s/it]
 19%|█▉        | 10/52 [17:40<1:15:39, 108.09s/it]
                                                  
{'loss': '10.72', 'grad_norm': '13.5', 'learning_rate': '4.762e-06', 'epoch': '0.829'}

 19%|█▉        | 10/52 [17:40<1:15:39, 108.09s/it]
 21%|██        | 11/52 [19:29<1:14:01, 108.34s/it]
 23%|██▎       | 12/52 [21:14<1:11:30, 107.25s/it]
 25%|██▌       | 13/52 [21:17<49:17, 75.82s/it]   

  0%|          | 0/21 [00:00<?, ?it/s][A

 10%|▉         | 2/21 [00:03<00:30,  1.61s/it][A

 14%|█▍        | 3/21 [00:05<00:31,  1.73s/it][A

 19%|█▉        | 4/21 [00:07<00:30,  1.80s/it][A

 24%|██▍       | 5/21 [00:08<00:29,  1.84s/it][A

 29%|██▊       | 6/21 [00:10<00:26,  1.78s/it][A

 33%|███▎      | 7/21 [00:12<00:24,  1.75s/it][A

 38%|███▊      | 8/21 [00:14<00:23,  1.78s/it][A

 43%|████▎     | 9/21 [00:16<00:22,  1.86s/it][A

 48%|████▊     | 10/21 [00:18<00:20,  1.89s/it][A

 52%|█████▏    | 11/21 [00:20<00:21,  2.12s/it][A

 57%|█████▋    | 12/21 [00:23<00:20,  2.27s/it][A

 62%|██████▏   | 13/21 [00:25<00:17,  2.17s/it][A

 67%|██████▋   | 14/21 [00:28<00:18,  2.60s/it][A

 71%|███████▏  | 15/21 [00:34<00:21,  3.53s/it][A

 76%|███████▌  | 16/21 [00:39<00:20,  4.08s/it][A

 81%|████████  | 17/21 [00:44<00:16,  4.25s/it][A

 86%|████████▌ | 18/21 [00:47<00:11,  3.74s/it][A

 90%|█████████ | 19/21 [00:48<00:06,  3.10s/it][A

 95%|█████████▌| 20/21 [00:50<00:02,  2.62s/it][A

100%|██████████| 21/21 [00:51<00:00,  2.18s/it][A
                                               

                                               
[A{'eval_loss': '0.6359', 'eval_runtime': '54.07', 'eval_samples_per_second': '1.535', 'eval_steps_per_second': '0.388', 'epoch': '1'}

 25%|██▌       | 13/52 [22:11<49:17, 75.82s/it]

100%|██████████| 21/21 [00:51<00:00,  2.18s/it][A

                                               [A
 27%|██▋       | 14/52 [23:58<1:04:12, 101.39s/it]
 29%|██▉       | 15/52 [25:48<1:04:11, 104.09s/it]
 31%|███       | 16/52 [27:34<1:02:49, 104.71s/it]
 33%|███▎      | 17/52 [29:24<1:02:01, 106.33s/it]
 35%|███▍      | 18/52 [31:10<1:00:05, 106.05s/it]
 37%|███▋      | 19/52 [32:57<58:31, 106.41s/it]  
 38%|███▊      | 20/52 [34:46<57:14, 107.33s/it]
                                                
{'loss': '8.664', 'grad_norm': '6.268', 'learning_rate': '3.704e-06', 'epoch': '1.58'}

 38%|███▊      | 20/52 [34:46<57:14, 107.33s/it]
 40%|████      | 21/52 [36:30<54:53, 106.26s/it]
 42%|████▏     | 22/52 [38:14<52:41, 105.40s/it]
 44%|████▍     | 23/52 [39:59<50:55, 105.38s/it]
 46%|████▌     | 24/52 [41:45<49:16, 105.58s/it]
 48%|████▊     | 25/52 [43:34<48:00, 106.69s/it]
 50%|█████     | 26/52 [43:37<32:43, 75.53s/it] 

  0%|          | 0/21 [00:00<?, ?it/s][A

 10%|▉         | 2/21 [00:03<00:30,  1.63s/it][A

 14%|█▍        | 3/21 [00:05<00:31,  1.74s/it][A

 19%|█▉        | 4/21 [00:07<00:30,  1.82s/it][A

 24%|██▍       | 5/21 [00:09<00:29,  1.86s/it][A

 29%|██▊       | 6/21 [00:10<00:26,  1.79s/it][A

 33%|███▎      | 7/21 [00:12<00:24,  1.77s/it][A

 38%|███▊      | 8/21 [00:14<00:23,  1.79s/it][A

 43%|████▎     | 9/21 [00:16<00:22,  1.87s/it][A

 48%|████▊     | 10/21 [00:18<00:20,  1.90s/it][A

 52%|█████▏    | 11/21 [00:20<00:21,  2.14s/it][A

 57%|█████▋    | 12/21 [00:23<00:20,  2.30s/it][A

 62%|██████▏   | 13/21 [00:25<00:17,  2.20s/it][A

 67%|██████▋   | 14/21 [00:29<00:19,  2.73s/it][A

 71%|███████▏  | 15/21 [00:35<00:21,  3.65s/it][A

 76%|███████▌  | 16/21 [00:40<00:21,  4.20s/it][A

 81%|████████  | 17/21 [00:45<00:17,  4.26s/it][A

 86%|████████▌ | 18/21 [00:47<00:11,  3.76s/it][A

 90%|█████████ | 19/21 [00:49<00:06,  3.12s/it][A

 95%|█████████▌| 20/21 [00:50<00:02,  2.63s/it][A

100%|██████████| 21/21 [00:52<00:00,  2.19s/it][A
                                               

                                               
[A{'eval_loss': '0.602', 'eval_runtime': '54.76', 'eval_samples_per_second': '1.516', 'eval_steps_per_second': '0.383', 'epoch': '2'}

 50%|█████     | 26/52 [44:32<32:43, 75.53s/it]

100%|██████████| 21/21 [00:52<00:00,  2.19s/it][A

                                               [A
 52%|█████▏    | 27/52 [46:15<41:45, 100.23s/it]
 54%|█████▍    | 28/52 [48:01<40:51, 102.13s/it]
 56%|█████▌    | 29/52 [49:42<38:54, 101.51s/it]
 58%|█████▊    | 30/52 [51:32<38:12, 104.22s/it]
                                                
{'loss': '8.212', 'grad_norm': '5.129', 'learning_rate': '2.187e-06', 'epoch': '2.332'}

 58%|█████▊    | 30/52 [51:32<38:12, 104.22s/it]
 60%|█████▉    | 31/52 [53:20<36:53, 105.42s/it]
 62%|██████▏   | 32/52 [55:04<34:59, 104.99s/it]
 63%|██████▎   | 33/52 [56:49<33:15, 105.04s/it]
 65%|██████▌   | 34/52 [58:34<31:29, 104.96s/it]
 67%|██████▋   | 35/52 [1:00:22<29:56, 105.69s/it]
 69%|██████▉   | 36/52 [1:02:08<28:16, 106.04s/it]
 71%|███████   | 37/52 [1:04:02<27:03, 108.24s/it]
 73%|███████▎  | 38/52 [1:05:55<25:35, 109.65s/it]
 75%|███████▌  | 39/52 [1:05:58<16:48, 77.61s/it] 

  0%|          | 0/21 [00:00<?, ?it/s][A

 10%|▉         | 2/21 [00:03<00:30,  1.61s/it][A

 14%|█▍        | 3/21 [00:05<00:31,  1.72s/it][A

 19%|█▉        | 4/21 [00:07<00:30,  1.80s/it][A

 24%|██▍       | 5/21 [00:08<00:29,  1.84s/it][A

 29%|██▊       | 6/21 [00:10<00:26,  1.78s/it][A

 33%|███▎      | 7/21 [00:12<00:24,  1.75s/it][A

 38%|███▊      | 8/21 [00:14<00:23,  1.78s/it][A

 43%|████▎     | 9/21 [00:16<00:22,  1.86s/it][A

 48%|████▊     | 10/21 [00:18<00:20,  1.89s/it][A

 52%|█████▏    | 11/21 [00:20<00:21,  2.12s/it][A

 57%|█████▋    | 12/21 [00:23<00:20,  2.28s/it][A

 62%|██████▏   | 13/21 [00:25<00:17,  2.17s/it][A

 67%|██████▋   | 14/21 [00:28<00:18,  2.61s/it][A

 71%|███████▏  | 15/21 [00:34<00:21,  3.54s/it][A

 76%|███████▌  | 16/21 [00:40<00:20,  4.10s/it][A

 81%|████████  | 17/21 [00:44<00:16,  4.17s/it][A

 86%|████████▌ | 18/21 [00:46<00:11,  3.69s/it][A

 90%|█████████ | 19/21 [00:48<00:06,  3.06s/it][A

 95%|█████████▌| 20/21 [00:50<00:02,  2.59s/it][A

100%|██████████| 21/21 [00:51<00:00,  2.16s/it][A
                                                 

                                               
[A{'eval_loss': '0.5873', 'eval_runtime': '53.82', 'eval_samples_per_second': '1.542', 'eval_steps_per_second': '0.39', 'epoch': '3'}

 75%|███████▌  | 39/52 [1:06:51<16:48, 77.61s/it]

100%|██████████| 21/21 [00:51<00:00,  2.16s/it][A

                                               [A
 77%|███████▋  | 40/52 [1:08:37<20:25, 102.13s/it]
                                                  
{'loss': '7.927', 'grad_norm': '4.843', 'learning_rate': '7.886e-07', 'epoch': '3.083'}

 77%|███████▋  | 40/52 [1:08:37<20:25, 102.13s/it]
 79%|███████▉  | 41/52 [1:10:27<19:08, 104.45s/it]
 81%|████████  | 42/52 [1:12:15<17:34, 105.46s/it]
 83%|████████▎ | 43/52 [1:13:56<15:38, 104.25s/it]
 85%|████████▍ | 44/52 [1:15:44<14:02, 105.33s/it]
 87%|████████▋ | 45/52 [1:17:32<12:22, 106.11s/it]
 88%|████████▊ | 46/52 [1:19:12<10:26, 104.37s/it]
 90%|█████████ | 47/52 [1:21:01<08:47, 105.58s/it]
 92%|█████████▏| 48/52 [1:22:53<07:10, 107.73s/it]
 94%|█████████▍| 49/52 [1:24:46<05:27, 109.30s/it]
 96%|█████████▌| 50/52 [1:26:34<03:37, 108.94s/it]
                                                  
{'loss': '8.769', 'grad_norm': '4.469', 'learning_rate': '4.428e-08', 'epoch': '3.912'}

 96%|█████████▌| 50/52 [1:26:34<03:37, 108.94s/it]
 98%|█████████▊| 51/52 [1:28:16<01:46, 106.61s/it]
100%|██████████| 52/52 [1:28:18<00:00, 75.42s/it] 

  0%|          | 0/21 [00:00<?, ?it/s][A

 10%|▉         | 2/21 [00:03<00:31,  1.64s/it][A

 14%|█▍        | 3/21 [00:05<00:31,  1.75s/it][A

 19%|█▉        | 4/21 [00:07<00:30,  1.82s/it][A

 24%|██▍       | 5/21 [00:09<00:29,  1.86s/it][A

 29%|██▊       | 6/21 [00:10<00:26,  1.79s/it][A

 33%|███▎      | 7/21 [00:12<00:24,  1.76s/it][A

 38%|███▊      | 8/21 [00:14<00:23,  1.79s/it][A

 43%|████▎     | 9/21 [00:16<00:22,  1.87s/it][A

 48%|████▊     | 10/21 [00:18<00:20,  1.90s/it][A

 52%|█████▏    | 11/21 [00:20<00:21,  2.13s/it][A

 57%|█████▋    | 12/21 [00:23<00:20,  2.30s/it][A

 62%|██████▏   | 13/21 [00:25<00:17,  2.19s/it][A

 67%|██████▋   | 14/21 [00:29<00:18,  2.64s/it][A

 71%|███████▏  | 15/21 [00:34<00:21,  3.58s/it][A

 76%|███████▌  | 16/21 [00:40<00:20,  4.15s/it][A

 81%|████████  | 17/21 [00:44<00:16,  4.23s/it][A

 86%|████████▌ | 18/21 [00:47<00:11,  3.74s/it][A

 90%|█████████ | 19/21 [00:49<00:06,  3.10s/it][A

 95%|█████████▌| 20/21 [00:50<00:02,  2.62s/it][A

100%|██████████| 21/21 [00:51<00:00,  2.18s/it][A
                                                 

                                               
[A{'eval_loss': '0.5849', 'eval_runtime': '54.43', 'eval_samples_per_second': '1.525', 'eval_steps_per_second': '0.386', 'epoch': '4'}

100%|██████████| 52/52 [1:29:13<00:00, 75.42s/it]

100%|██████████| 21/21 [00:52<00:00,  2.18s/it][A

                                               [A
                                                 
{'train_runtime': '5353', 'train_samples_per_second': '0.575', 'train_steps_per_second': '0.01', 'train_loss': '8.695', 'epoch': '4'}

100%|██████████| 52/52 [1:29:13<00:00, 75.42s/it]
100%|██████████| 52/52 [1:29:13<00:00, 102.94s/it]
Saving model to artifacts/qwen3-8b-base_lora_enc_dec_r64_5e6_gcb_a128_graphv2_clean_s44_prefix_no_gine...
AntigravitySeq2SeqTrainer: Saving model state dict to artifacts/qwen3-8b-base_lora_enc_dec_r64_5e6_gcb_a128_graphv2_clean_s44_prefix_no_gine
HF upload failed for /workspace/artifacts/qwen3-8b-base_lora_enc_dec_r64_5e6_gcb_a128_graphv2_clean_s44_prefix_no_gine: Network error: Request error: HTTP status client error (401 Unauthorized), domain: https://cas-server.xethub.hf.co/v1/xorbs/default/04d81ee445e6ae757a7a710635de05b8292f5d127a452079b424ffdfc09bcb68

Running multi-sample inference for legacy compile/CodeBLEU tasks...

Loading weights:   0%|          | 0/197 [00:00<?, ?it/s]
Loading weights: 100%|██████████| 197/197 [00:00<00:00, 50047.12it/s]
Decoder attention implementation: sdpa

Loading weights:   0%|          | 0/399 [00:00<?, ?it/s]
Loading weights: 100%|██████████| 399/399 [00:00<00:00, 7665.27it/s]
Enabled decoder gradient checkpointing.
Enabled Qwen graph glue: 64 learned prefix tokens, dynamic=1, gate_mode=token, gate_init=0.2
Qwen prefix RMS matching ON: target token RMS 0.022050
Applied PEFT LORA (r=64, alpha=128) to LocalBlockEncoder
Enabled local block encoder gradient checkpointing.
Applied PEFT LORA (r=64, alpha=128) to Decoder
loaded checkpoint: /workspace/artifacts/qwen3-8b-base_lora_enc_dec_r64_5e6_gcb_a128_graphv2_clean_s44_prefix_no_gine/pytorch_model.bin
Loaded parameters with strict=False. Missing keys: 602, Unexpected keys: 0
Qwen graph prefix gate: 0.200008
Inference mode: decoder gradient checkpointing OFF; KV cache ON

generate:   0%|          | 0/154 [00:00<?, ?row/s]
                                                  
[1/154] generated 10 candidates

generate:   0%|          | 0/154 [00:09<?, ?row/s]
generate:   1%|          | 1/154 [00:09<24:28,  9.60s/row]
                                                          
[2/154] generated 10 candidates

generate:   1%|          | 1/154 [00:34<24:28,  9.60s/row]
generate:   1%|▏         | 2/154 [00:34<46:58, 18.54s/row]
                                                          
[3/154] generated 10 candidates

generate:   1%|▏         | 2/154 [00:38<46:58, 18.54s/row]
generate:   2%|▏         | 3/154 [00:38<30:33, 12.14s/row]
                                                          
[4/154] generated 10 candidates

generate:   2%|▏         | 3/154 [00:44<30:33, 12.14s/row]
generate:   3%|▎         | 4/154 [00:44<24:08,  9.66s/row]
                                                          
[5/154] generated 10 candidates

generate:   3%|▎         | 4/154 [00:53<24:08,  9.66s/row]
generate:   3%|▎         | 5/154 [00:53<23:15,  9.37s/row]
                                                          
[6/154] generated 10 candidates

generate:   3%|▎         | 5/154 [01:00<23:15,  9.37s/row]
generate:   4%|▍         | 6/154 [01:00<21:11,  8.59s/row]
                                                          
[7/154] generated 10 candidates

generate:   4%|▍         | 6/154 [01:26<21:11,  8.59s/row]
generate:   5%|▍         | 7/154 [01:26<34:45, 14.19s/row]
                                                          
[8/154] generated 10 candidates

generate:   5%|▍         | 7/154 [01:33<34:45, 14.19s/row]
generate:   5%|▌         | 8/154 [01:33<28:54, 11.88s/row]
                                                          
[9/154] generated 10 candidates

generate:   5%|▌         | 8/154 [01:44<28:54, 11.88s/row]
generate:   6%|▌         | 9/154 [01:44<28:27, 11.78s/row]
                                                          
[10/154] generated 10 candidates

generate:   6%|▌         | 9/154 [01:55<28:27, 11.78s/row]
generate:   6%|▋         | 10/154 [01:55<27:11, 11.33s/row]
                                                           
[11/154] generated 10 candidates

generate:   6%|▋         | 10/154 [02:15<27:11, 11.33s/row]
generate:   7%|▋         | 11/154 [02:15<33:44, 14.16s/row]
                                                           
[12/154] generated 10 candidates

generate:   7%|▋         | 11/154 [02:30<33:44, 14.16s/row]
generate:   8%|▊         | 12/154 [02:30<33:46, 14.27s/row]
                                                           
[13/154] generated 10 candidates

generate:   8%|▊         | 12/154 [02:39<33:46, 14.27s/row]
generate:   8%|▊         | 13/154 [02:39<29:41, 12.63s/row]
                                                           
[14/154] generated 10 candidates

generate:   8%|▊         | 13/154 [02:46<29:41, 12.63s/row]
generate:   9%|▉         | 14/154 [02:46<25:58, 11.13s/row]
                                                           
[15/154] generated 10 candidates

generate:   9%|▉         | 14/154 [02:54<25:58, 11.13s/row]
generate:  10%|▉         | 15/154 [02:54<23:03,  9.96s/row]
                                                           
[16/154] generated 10 candidates

generate:  10%|▉         | 15/154 [03:21<23:03,  9.96s/row]
generate:  10%|█         | 16/154 [03:21<35:04, 15.25s/row]
                                                           
[17/154] generated 10 candidates

generate:  10%|█         | 16/154 [03:30<35:04, 15.25s/row]
generate:  11%|█         | 17/154 [03:30<30:27, 13.34s/row]
                                                           
[18/154] generated 10 candidates

generate:  11%|█         | 17/154 [04:02<30:27, 13.34s/row]
generate:  12%|█▏        | 18/154 [04:02<43:13, 19.07s/row]
                                                           
[19/154] generated 10 candidates

generate:  12%|█▏        | 18/154 [04:16<43:13, 19.07s/row]
generate:  12%|█▏        | 19/154 [04:16<39:00, 17.33s/row]
                                                           
[20/154] generated 10 candidates

generate:  12%|█▏        | 19/154 [04:29<39:00, 17.33s/row]
generate:  13%|█▎        | 20/154 [04:29<36:14, 16.23s/row]
                                                           
[21/154] generated 10 candidates

generate:  13%|█▎        | 20/154 [04:58<36:14, 16.23s/row]
generate:  14%|█▎        | 21/154 [04:58<44:06, 19.90s/row]
                                                           
[22/154] generated 10 candidates

generate:  14%|█▎        | 21/154 [05:08<44:06, 19.90s/row]
generate:  14%|█▍        | 22/154 [05:08<37:11, 16.91s/row]
                                                           
[23/154] generated 10 candidates

generate:  14%|█▍        | 22/154 [05:14<37:11, 16.91s/row]
generate:  15%|█▍        | 23/154 [05:14<30:10, 13.82s/row]
                                                           
[24/154] generated 10 candidates

generate:  15%|█▍        | 23/154 [05:27<30:10, 13.82s/row]
generate:  16%|█▌        | 24/154 [05:27<29:17, 13.52s/row]
                                                           
[25/154] generated 10 candidates

generate:  16%|█▌        | 24/154 [05:37<29:17, 13.52s/row]
generate:  16%|█▌        | 25/154 [05:37<26:42, 12.42s/row]
                                                           
[26/154] generated 10 candidates

generate:  16%|█▌        | 25/154 [05:46<26:42, 12.42s/row]
generate:  17%|█▋        | 26/154 [05:46<24:32, 11.50s/row]
                                                           
[27/154] generated 10 candidates

generate:  17%|█▋        | 26/154 [05:53<24:32, 11.50s/row]
generate:  18%|█▊        | 27/154 [05:53<21:03,  9.95s/row]
                                                           
[28/154] generated 10 candidates

generate:  18%|█▊        | 27/154 [06:00<21:03,  9.95s/row]
generate:  18%|█▊        | 28/154 [06:00<19:16,  9.18s/row]
                                                           
[29/154] generated 10 candidates

generate:  18%|█▊        | 28/154 [06:08<19:16,  9.18s/row]
generate:  19%|█▉        | 29/154 [06:08<18:16,  8.77s/row]
                                                           
[30/154] generated 10 candidates

generate:  19%|█▉        | 29/154 [06:17<18:16,  8.77s/row]
generate:  19%|█▉        | 30/154 [06:17<18:18,  8.86s/row]
                                                           
[31/154] generated 10 candidates

generate:  19%|█▉        | 30/154 [06:34<18:18,  8.86s/row]
generate:  20%|██        | 31/154 [06:34<23:16, 11.35s/row]
                                                           
[32/154] generated 10 candidates

generate:  20%|██        | 31/154 [06:41<23:16, 11.35s/row]
generate:  21%|██        | 32/154 [06:41<20:20, 10.00s/row]
                                                           
[33/154] generated 10 candidates

generate:  21%|██        | 32/154 [06:48<20:20, 10.00s/row]
generate:  21%|██▏       | 33/154 [06:48<18:35,  9.22s/row]
                                                           
[34/154] generated 10 candidates

generate:  21%|██▏       | 33/154 [07:00<18:35,  9.22s/row]
generate:  22%|██▏       | 34/154 [07:00<19:56,  9.97s/row]
                                                           
[35/154] generated 10 candidates

generate:  22%|██▏       | 34/154 [07:12<19:56,  9.97s/row]
generate:  23%|██▎       | 35/154 [07:12<20:47, 10.49s/row]
                                                           
[36/154] generated 10 candidates

generate:  23%|██▎       | 35/154 [07:32<20:47, 10.49s/row]
generate:  23%|██▎       | 36/154 [07:32<26:20, 13.39s/row]
                                                           
[37/154] generated 10 candidates

generate:  23%|██▎       | 36/154 [07:48<26:20, 13.39s/row]
generate:  24%|██▍       | 37/154 [07:48<27:24, 14.06s/row]
                                                           
[38/154] generated 10 candidates

generate:  24%|██▍       | 37/154 [08:22<27:24, 14.06s/row]
generate:  25%|██▍       | 38/154 [08:22<38:40, 20.01s/row]
                                                           
[39/154] generated 10 candidates

generate:  25%|██▍       | 38/154 [08:31<38:40, 20.01s/row]
generate:  25%|██▌       | 39/154 [08:31<32:08, 16.77s/row]
                                                           
[40/154] generated 10 candidates

generate:  25%|██▌       | 39/154 [08:40<32:08, 16.77s/row]
generate:  26%|██▌       | 40/154 [08:40<27:25, 14.44s/row]
                                                           
[41/154] generated 10 candidates

generate:  26%|██▌       | 40/154 [08:53<27:25, 14.44s/row]
generate:  27%|██▋       | 41/154 [08:53<26:42, 14.18s/row]
                                                           
[42/154] generated 10 candidates

generate:  27%|██▋       | 41/154 [08:57<26:42, 14.18s/row]
generate:  27%|██▋       | 42/154 [08:57<20:45, 11.12s/row]
                                                           
[43/154] generated 10 candidates

generate:  27%|██▋       | 42/154 [09:06<20:45, 11.12s/row]
generate:  28%|██▊       | 43/154 [09:06<19:01, 10.28s/row]
                                                           
[44/154] generated 10 candidates

generate:  28%|██▊       | 43/154 [09:17<19:01, 10.28s/row]
generate:  29%|██▊       | 44/154 [09:17<19:26, 10.60s/row]
                                                           
[45/154] generated 10 candidates

generate:  29%|██▊       | 44/154 [09:44<19:26, 10.60s/row]
generate:  29%|██▉       | 45/154 [09:44<28:07, 15.48s/row]
                                                           
[46/154] generated 10 candidates

generate:  29%|██▉       | 45/154 [09:59<28:07, 15.48s/row]
generate:  30%|██▉       | 46/154 [09:59<27:55, 15.52s/row]
                                                           
[47/154] generated 10 candidates

generate:  30%|██▉       | 46/154 [10:05<27:55, 15.52s/row]
generate:  31%|███       | 47/154 [10:05<22:34, 12.66s/row]
                                                           
[48/154] generated 10 candidates

generate:  31%|███       | 47/154 [10:15<22:34, 12.66s/row]
generate:  31%|███       | 48/154 [10:15<20:39, 11.69s/row]
                                                           
[49/154] generated 10 candidates

generate:  31%|███       | 48/154 [10:20<20:39, 11.69s/row]
generate:  32%|███▏      | 49/154 [10:20<17:08,  9.80s/row]
                                                           
[50/154] generated 10 candidates

generate:  32%|███▏      | 49/154 [11:11<17:08,  9.80s/row]
generate:  32%|███▏      | 50/154 [11:11<38:05, 21.98s/row]
                                                           
[51/154] generated 10 candidates

generate:  32%|███▏      | 50/154 [11:18<38:05, 21.98s/row]
generate:  33%|███▎      | 51/154 [11:18<30:03, 17.51s/row]
                                                           
[52/154] generated 10 candidates

generate:  33%|███▎      | 51/154 [11:34<30:03, 17.51s/row]
generate:  34%|███▍      | 52/154 [11:34<28:53, 16.99s/row]
                                                           
[53/154] generated 10 candidates

generate:  34%|███▍      | 52/154 [11:47<28:53, 16.99s/row]
generate:  34%|███▍      | 53/154 [11:47<27:00, 16.04s/row]
                                                           
[54/154] generated 10 candidates

generate:  34%|███▍      | 53/154 [11:56<27:00, 16.04s/row]
generate:  35%|███▌      | 54/154 [11:56<22:49, 13.69s/row]
                                                           
[55/154] generated 10 candidates

generate:  35%|███▌      | 54/154 [12:10<22:49, 13.69s/row]
generate:  36%|███▌      | 55/154 [12:10<22:56, 13.91s/row]
                                                           
[56/154] generated 10 candidates

generate:  36%|███▌      | 55/154 [12:16<22:56, 13.91s/row]
generate:  36%|███▋      | 56/154 [12:16<18:49, 11.53s/row]
                                                           
[57/154] generated 10 candidates

generate:  36%|███▋      | 56/154 [12:31<18:49, 11.53s/row]
generate:  37%|███▋      | 57/154 [12:31<20:14, 12.52s/row]
                                                           
[58/154] generated 10 candidates

generate:  37%|███▋      | 57/154 [12:50<20:14, 12.52s/row]
generate:  38%|███▊      | 58/154 [12:50<23:21, 14.59s/row]
                                                           
[59/154] generated 10 candidates

generate:  38%|███▊      | 58/154 [13:00<23:21, 14.59s/row]
generate:  38%|███▊      | 59/154 [13:00<20:42, 13.08s/row]
                                                           
[60/154] generated 10 candidates

generate:  38%|███▊      | 59/154 [13:07<20:42, 13.08s/row]
generate:  39%|███▉      | 60/154 [13:07<17:32, 11.20s/row]
                                                           
[61/154] generated 10 candidates

generate:  39%|███▉      | 60/154 [13:21<17:32, 11.20s/row]
generate:  40%|███▉      | 61/154 [13:21<19:04, 12.31s/row]
                                                           
[62/154] generated 10 candidates

generate:  40%|███▉      | 61/154 [13:28<19:04, 12.31s/row]
generate:  40%|████      | 62/154 [13:28<16:19, 10.65s/row]
                                                           
[63/154] generated 10 candidates

generate:  40%|████      | 62/154 [13:50<16:19, 10.65s/row]
generate:  41%|████      | 63/154 [13:50<21:23, 14.11s/row]
                                                           
[64/154] generated 10 candidates

generate:  41%|████      | 63/154 [14:03<21:23, 14.11s/row]
generate:  42%|████▏     | 64/154 [14:03<20:19, 13.55s/row]
                                                           
[65/154] generated 10 candidates

generate:  42%|████▏     | 64/154 [14:26<20:19, 13.55s/row]
generate:  42%|████▏     | 65/154 [14:26<24:15, 16.36s/row]
                                                           
[66/154] generated 10 candidates

generate:  42%|████▏     | 65/154 [14:46<24:15, 16.36s/row]
generate:  43%|████▎     | 66/154 [14:46<25:47, 17.59s/row]
                                                           
[67/154] generated 10 candidates

generate:  43%|████▎     | 66/154 [15:01<25:47, 17.59s/row]
generate:  44%|████▎     | 67/154 [15:01<24:26, 16.86s/row]
                                                           
[68/154] generated 10 candidates

generate:  44%|████▎     | 67/154 [15:52<24:26, 16.86s/row]
generate:  44%|████▍     | 68/154 [15:52<38:40, 26.99s/row]
                                                           
[69/154] generated 10 candidates

generate:  44%|████▍     | 68/154 [16:35<38:40, 26.99s/row]
generate:  45%|████▍     | 69/154 [16:35<44:58, 31.75s/row]
                                                           
[70/154] generated 10 candidates

generate:  45%|████▍     | 69/154 [16:57<44:58, 31.75s/row]
generate:  45%|████▌     | 70/154 [16:57<40:29, 28.93s/row]
                                                           
[71/154] generated 10 candidates

generate:  45%|████▌     | 70/154 [17:13<40:29, 28.93s/row]
generate:  46%|████▌     | 71/154 [17:13<34:34, 24.99s/row]
                                                           
[72/154] generated 10 candidates

generate:  46%|████▌     | 71/154 [17:33<34:34, 24.99s/row]
generate:  47%|████▋     | 72/154 [17:33<32:08, 23.52s/row]
                                                           
[73/154] generated 10 candidates

generate:  47%|████▋     | 72/154 [17:43<32:08, 23.52s/row]
generate:  47%|████▋     | 73/154 [17:43<26:11, 19.41s/row]
                                                           
[74/154] generated 10 candidates

generate:  47%|████▋     | 73/154 [18:14<26:11, 19.41s/row]
generate:  48%|████▊     | 74/154 [18:14<30:38, 22.98s/row]
                                                           
[75/154] generated 10 candidates

generate:  48%|████▊     | 74/154 [18:23<30:38, 22.98s/row]
generate:  49%|████▊     | 75/154 [18:23<24:54, 18.91s/row]
                                                           
[76/154] generated 10 candidates

generate:  49%|████▊     | 75/154 [18:36<24:54, 18.91s/row]
generate:  49%|████▉     | 76/154 [18:36<22:08, 17.03s/row]
                                                           
[77/154] generated 10 candidates

generate:  49%|████▉     | 76/154 [19:18<22:08, 17.03s/row]
generate:  50%|█████     | 77/154 [19:18<31:26, 24.50s/row]
                                                           
[78/154] generated 10 candidates

generate:  50%|█████     | 77/154 [19:30<31:26, 24.50s/row]
generate:  51%|█████     | 78/154 [19:30<26:25, 20.87s/row]
                                                           
[79/154] generated 10 candidates

generate:  51%|█████     | 78/154 [19:52<26:25, 20.87s/row]
generate:  51%|█████▏    | 79/154 [19:52<26:15, 21.00s/row]
                                                           
[80/154] generated 10 candidates

generate:  51%|█████▏    | 79/154 [20:11<26:15, 21.00s/row]
generate:  52%|█████▏    | 80/154 [20:11<25:08, 20.38s/row]
                                                           
[81/154] generated 10 candidates

generate:  52%|█████▏    | 80/154 [20:17<25:08, 20.38s/row]
generate:  53%|█████▎    | 81/154 [20:17<19:46, 16.26s/row]
                                                           
[82/154] generated 10 candidates

generate:  53%|█████▎    | 81/154 [20:45<19:46, 16.26s/row]
generate:  53%|█████▎    | 82/154 [20:45<23:29, 19.57s/row]
                                                           
[83/154] generated 10 candidates

generate:  53%|█████▎    | 82/154 [20:52<23:29, 19.57s/row]
generate:  54%|█████▍    | 83/154 [20:52<18:45, 15.85s/row]
                                                           
[84/154] generated 10 candidates

generate:  54%|█████▍    | 83/154 [21:05<18:45, 15.85s/row]
generate:  55%|█████▍    | 84/154 [21:05<17:25, 14.94s/row]
                                                           
[85/154] generated 10 candidates

generate:  55%|█████▍    | 84/154 [21:23<17:25, 14.94s/row]
generate:  55%|█████▌    | 85/154 [21:23<18:26, 16.04s/row]
                                                           
[86/154] generated 10 candidates

generate:  55%|█████▌    | 85/154 [21:36<18:26, 16.04s/row]
generate:  56%|█████▌    | 86/154 [21:36<17:10, 15.15s/row]
                                                           
[87/154] generated 10 candidates

generate:  56%|█████▌    | 86/154 [21:57<17:10, 15.15s/row]
generate:  56%|█████▋    | 87/154 [21:57<18:51, 16.88s/row]
                                                           
[88/154] generated 10 candidates

generate:  56%|█████▋    | 87/154 [22:45<18:51, 16.88s/row]
generate:  57%|█████▋    | 88/154 [22:45<28:49, 26.20s/row]
                                                           
[89/154] generated 10 candidates

generate:  57%|█████▋    | 88/154 [23:36<28:49, 26.20s/row]
generate:  58%|█████▊    | 89/154 [23:36<36:18, 33.51s/row]
                                                           
[90/154] generated 10 candidates

generate:  58%|█████▊    | 89/154 [24:03<36:18, 33.51s/row]
generate:  58%|█████▊    | 90/154 [24:03<33:47, 31.67s/row]
                                                           
[91/154] generated 10 candidates

generate:  58%|█████▊    | 90/154 [24:54<33:47, 31.67s/row]
generate:  59%|█████▉    | 91/154 [24:54<39:14, 37.38s/row]
                                                           
[92/154] generated 10 candidates

generate:  59%|█████▉    | 91/154 [25:04<39:14, 37.38s/row]
generate:  60%|█████▉    | 92/154 [25:04<30:14, 29.27s/row]
                                                           
[93/154] generated 10 candidates

generate:  60%|█████▉    | 92/154 [25:13<30:14, 29.27s/row]
generate:  60%|██████    | 93/154 [25:13<23:25, 23.05s/row]
                                                           
[94/154] generated 10 candidates

generate:  60%|██████    | 93/154 [25:19<23:25, 23.05s/row]
generate:  61%|██████    | 94/154 [25:19<18:10, 18.18s/row]
                                                           
[95/154] generated 10 candidates

generate:  61%|██████    | 94/154 [26:05<18:10, 18.18s/row]
generate:  62%|██████▏   | 95/154 [26:05<25:56, 26.38s/row]
                                                           
[96/154] generated 10 candidates

generate:  62%|██████▏   | 95/154 [26:20<25:56, 26.38s/row]
generate:  62%|██████▏   | 96/154 [26:20<22:09, 22.92s/row]
                                                           
[97/154] generated 10 candidates

generate:  62%|██████▏   | 96/154 [27:06<22:09, 22.92s/row]
generate:  63%|██████▎   | 97/154 [27:06<28:19, 29.81s/row]
                                                           
[98/154] generated 10 candidates

generate:  63%|██████▎   | 97/154 [27:17<28:19, 29.81s/row]
generate:  64%|██████▎   | 98/154 [27:17<22:35, 24.20s/row]
                                                           
[99/154] generated 10 candidates

generate:  64%|██████▎   | 98/154 [27:27<22:35, 24.20s/row]
generate:  64%|██████▍   | 99/154 [27:27<18:16, 19.94s/row]
                                                           
[100/154] generated 10 candidates

generate:  64%|██████▍   | 99/154 [27:39<18:16, 19.94s/row]
generate:  65%|██████▍   | 100/154 [27:39<15:50, 17.61s/row]
                                                            
[101/154] generated 10 candidates

generate:  65%|██████▍   | 100/154 [27:56<15:50, 17.61s/row]
generate:  66%|██████▌   | 101/154 [27:56<15:26, 17.48s/row]
                                                            
[102/154] generated 10 candidates

generate:  66%|██████▌   | 101/154 [28:22<15:26, 17.48s/row]
generate:  66%|██████▌   | 102/154 [28:22<17:24, 20.08s/row]
                                                            
[103/154] generated 10 candidates

generate:  66%|██████▌   | 102/154 [28:35<17:24, 20.08s/row]
generate:  67%|██████▋   | 103/154 [28:35<15:06, 17.77s/row]
                                                            
[104/154] generated 10 candidates

generate:  67%|██████▋   | 103/154 [29:06<15:06, 17.77s/row]
generate:  68%|██████▊   | 104/154 [29:06<18:08, 21.78s/row]
                                                            
[105/154] generated 10 candidates

generate:  68%|██████▊   | 104/154 [29:22<18:08, 21.78s/row]
generate:  68%|██████▊   | 105/154 [29:22<16:28, 20.17s/row]
                                                            
[106/154] generated 10 candidates

generate:  68%|██████▊   | 105/154 [29:35<16:28, 20.17s/row]
generate:  69%|██████▉   | 106/154 [29:35<14:25, 18.02s/row]
                                                            
[107/154] generated 10 candidates

generate:  69%|██████▉   | 106/154 [30:05<14:25, 18.02s/row]
generate:  69%|██████▉   | 107/154 [30:05<16:46, 21.42s/row]
                                                            
[108/154] generated 10 candidates

generate:  69%|██████▉   | 107/154 [30:18<16:46, 21.42s/row]
generate:  70%|███████   | 108/154 [30:18<14:38, 19.09s/row]
                                                            
[109/154] generated 10 candidates

generate:  70%|███████   | 108/154 [31:02<14:38, 19.09s/row]
generate:  71%|███████   | 109/154 [31:02<19:49, 26.42s/row]
                                                            
[110/154] generated 10 candidates

generate:  71%|███████   | 109/154 [31:40<19:49, 26.42s/row]
generate:  71%|███████▏  | 110/154 [31:40<21:56, 29.93s/row]
                                                            
[111/154] generated 10 candidates

generate:  71%|███████▏  | 110/154 [31:53<21:56, 29.93s/row]
generate:  72%|███████▏  | 111/154 [31:53<17:51, 24.92s/row]
                                                            
[112/154] generated 10 candidates

generate:  72%|███████▏  | 111/154 [32:10<17:51, 24.92s/row]
generate:  73%|███████▎  | 112/154 [32:10<15:50, 22.63s/row]
                                                            
[113/154] generated 10 candidates

generate:  73%|███████▎  | 112/154 [32:25<15:50, 22.63s/row]
generate:  73%|███████▎  | 113/154 [32:25<13:45, 20.14s/row]
                                                            
[114/154] generated 10 candidates

generate:  73%|███████▎  | 113/154 [32:49<13:45, 20.14s/row]
generate:  74%|███████▍  | 114/154 [32:49<14:09, 21.24s/row]
                                                            
[115/154] generated 10 candidates

generate:  74%|███████▍  | 114/154 [33:10<14:09, 21.24s/row]
generate:  75%|███████▍  | 115/154 [33:10<13:56, 21.44s/row]
                                                            
[116/154] generated 10 candidates

generate:  75%|███████▍  | 115/154 [33:18<13:56, 21.44s/row]
generate:  75%|███████▌  | 116/154 [33:18<10:51, 17.15s/row]
                                                            
[117/154] generated 10 candidates

generate:  75%|███████▌  | 116/154 [33:30<10:51, 17.15s/row]
generate:  76%|███████▌  | 117/154 [33:30<09:46, 15.86s/row]
                                                            
[118/154] generated 10 candidates

generate:  76%|███████▌  | 117/154 [33:46<09:46, 15.86s/row]
generate:  77%|███████▋  | 118/154 [33:46<09:31, 15.89s/row]
                                                            
[119/154] generated 10 candidates

generate:  77%|███████▋  | 118/154 [34:19<09:31, 15.89s/row]
generate:  77%|███████▋  | 119/154 [34:19<12:15, 21.02s/row]
                                                            
[120/154] generated 10 candidates

generate:  77%|███████▋  | 119/154 [34:27<12:15, 21.02s/row]
generate:  78%|███████▊  | 120/154 [34:27<09:38, 17.01s/row]
                                                            
[121/154] generated 10 candidates

generate:  78%|███████▊  | 120/154 [34:38<09:38, 17.01s/row]
generate:  79%|███████▊  | 121/154 [34:38<08:21, 15.21s/row]
                                                            
[122/154] generated 10 candidates

generate:  79%|███████▊  | 121/154 [34:48<08:21, 15.21s/row]
generate:  79%|███████▉  | 122/154 [34:48<07:17, 13.67s/row]
                                                            
[123/154] generated 10 candidates

generate:  79%|███████▉  | 122/154 [35:32<07:17, 13.67s/row]
generate:  80%|███████▉  | 123/154 [35:32<11:45, 22.77s/row]
                                                            
[124/154] generated 10 candidates

generate:  80%|███████▉  | 123/154 [35:48<11:45, 22.77s/row]
generate:  81%|████████  | 124/154 [35:48<10:24, 20.81s/row]
                                                            
[125/154] generated 10 candidates

generate:  81%|████████  | 124/154 [35:54<10:24, 20.81s/row]
generate:  81%|████████  | 125/154 [35:54<07:54, 16.35s/row]
                                                            
[126/154] generated 10 candidates

generate:  81%|████████  | 125/154 [36:12<07:54, 16.35s/row]
generate:  82%|████████▏ | 126/154 [36:12<07:47, 16.70s/row]
                                                            
[127/154] generated 10 candidates

generate:  82%|████████▏ | 126/154 [36:20<07:47, 16.70s/row]
generate:  82%|████████▏ | 127/154 [36:20<06:23, 14.20s/row]
                                                            
[128/154] generated 10 candidates

generate:  82%|████████▏ | 127/154 [36:28<06:23, 14.20s/row]
generate:  83%|████████▎ | 128/154 [36:28<05:23, 12.43s/row]
                                                            
[129/154] generated 10 candidates

generate:  83%|████████▎ | 128/154 [37:19<05:23, 12.43s/row]
generate:  84%|████████▍ | 129/154 [37:19<09:56, 23.86s/row]
                                                            
[130/154] generated 10 candidates

generate:  84%|████████▍ | 129/154 [37:37<09:56, 23.86s/row]
generate:  84%|████████▍ | 130/154 [37:37<08:52, 22.19s/row]
                                                            
[131/154] generated 10 candidates

generate:  84%|████████▍ | 130/154 [37:49<08:52, 22.19s/row]
generate:  85%|████████▌ | 131/154 [37:49<07:20, 19.15s/row]
                                                            
[132/154] generated 10 candidates

generate:  85%|████████▌ | 131/154 [38:10<07:20, 19.15s/row]
generate:  86%|████████▌ | 132/154 [38:10<07:11, 19.61s/row]
                                                            
[133/154] generated 10 candidates

generate:  86%|████████▌ | 132/154 [38:27<07:11, 19.61s/row]
generate:  86%|████████▋ | 133/154 [38:27<06:37, 18.93s/row]
                                                            
[134/154] generated 10 candidates

generate:  86%|████████▋ | 133/154 [38:44<06:37, 18.93s/row]
generate:  87%|████████▋ | 134/154 [38:44<06:02, 18.13s/row]
                                                            
[135/154] generated 10 candidates

generate:  87%|████████▋ | 134/154 [38:55<06:02, 18.13s/row]
generate:  88%|████████▊ | 135/154 [38:55<05:06, 16.14s/row]
                                                            
[136/154] generated 10 candidates

generate:  88%|████████▊ | 135/154 [39:06<05:06, 16.14s/row]
generate:  88%|████████▊ | 136/154 [39:06<04:21, 14.52s/row]
                                                            
[137/154] generated 10 candidates

generate:  88%|████████▊ | 136/154 [39:56<04:21, 14.52s/row]
generate:  89%|████████▉ | 137/154 [39:56<07:10, 25.32s/row]
                                                            
[138/154] generated 10 candidates

generate:  89%|████████▉ | 137/154 [40:27<07:10, 25.32s/row]
generate:  90%|████████▉ | 138/154 [40:27<07:11, 26.95s/row]
                                                            
[139/154] generated 10 candidates

generate:  90%|████████▉ | 138/154 [40:38<07:11, 26.95s/row]
generate:  90%|█████████ | 139/154 [40:38<05:30, 22.02s/row]
                                                            
[140/154] generated 10 candidates

generate:  90%|█████████ | 139/154 [40:53<05:30, 22.02s/row]
generate:  91%|█████████ | 140/154 [40:53<04:41, 20.14s/row]
                                                            
[141/154] generated 10 candidates

generate:  91%|█████████ | 140/154 [41:06<04:41, 20.14s/row]
generate:  92%|█████████▏| 141/154 [41:06<03:52, 17.88s/row]
                                                            
[142/154] generated 10 candidates

generate:  92%|█████████▏| 141/154 [41:57<03:52, 17.88s/row]
generate:  92%|█████████▏| 142/154 [41:57<05:32, 27.69s/row]
                                                            
[143/154] generated 10 candidates

generate:  92%|█████████▏| 142/154 [42:13<05:32, 27.69s/row]
generate:  93%|█████████▎| 143/154 [42:13<04:28, 24.38s/row]
                                                            
[144/154] generated 10 candidates

generate:  93%|█████████▎| 143/154 [42:36<04:28, 24.38s/row]
generate:  94%|█████████▎| 144/154 [42:36<04:00, 24.01s/row]
                                                            
[145/154] generated 10 candidates

generate:  94%|█████████▎| 144/154 [43:12<04:00, 24.01s/row]
generate:  94%|█████████▍| 145/154 [43:12<04:06, 27.37s/row]
                                                            
[146/154] generated 10 candidates

generate:  94%|█████████▍| 145/154 [43:41<04:06, 27.37s/row]
generate:  95%|█████████▍| 146/154 [43:41<03:43, 27.90s/row]
                                                            
[147/154] generated 10 candidates

generate:  95%|█████████▍| 146/154 [43:51<03:43, 27.90s/row]
generate:  95%|█████████▌| 147/154 [43:51<02:37, 22.54s/row]
                                                            
[148/154] generated 10 candidates

generate:  95%|█████████▌| 147/154 [44:06<02:37, 22.54s/row]
generate:  96%|█████████▌| 148/154 [44:06<02:01, 20.24s/row]
                                                            
[149/154] generated 10 candidates

generate:  96%|█████████▌| 148/154 [44:21<02:01, 20.24s/row]
generate:  97%|█████████▋| 149/154 [44:21<01:33, 18.71s/row]
                                                            
[150/154] generated 10 candidates

generate:  97%|█████████▋| 149/154 [44:39<01:33, 18.71s/row]
generate:  97%|█████████▋| 150/154 [44:39<01:14, 18.56s/row]
                                                            
[151/154] generated 10 candidates

generate:  97%|█████████▋| 150/154 [44:53<01:14, 18.56s/row]
generate:  98%|█████████▊| 151/154 [44:53<00:51, 17.15s/row]
                                                            
[152/154] generated 10 candidates

generate:  98%|█████████▊| 151/154 [45:12<00:51, 17.15s/row]
generate:  99%|█████████▊| 152/154 [45:12<00:35, 17.74s/row]
                                                            
[153/154] generated 10 candidates

generate:  99%|█████████▊| 152/154 [45:33<00:35, 17.74s/row]
generate:  99%|█████████▉| 153/154 [45:33<00:18, 18.87s/row]
                                                            
[154/154] generated 10 candidates

generate:  99%|█████████▉| 153/154 [45:41<00:18, 18.87s/row]
generate: 100%|██████████| 154/154 [45:41<00:00, 15.54s/row]
generate: 100%|██████████| 154/154 [45:41<00:00, 17.80s/row]
wrote /workspace/results/qwen3-8b-base_lora_enc_dec_r64_5e6_gcb_a128_graphv2_clean_s44_prefix_no_gine_compile_predictions.json
wrote /workspace/results/qwen3-8b-base_lora_enc_dec_r64_5e6_gcb_a128_graphv2_clean_s44_prefix_no_gine_compile_predictions.json.provenance.json

Compile and pass evaluation settings match; reusing the same candidate pool.

Calculating metrics...
CodeBLEU Results:
{
  "count": 154,
  "samples_with_success": 154,
  "mean_codebleu": 0.6721892503690082,
  "min_codebleu": 0.4885677616198687,
  "max_codebleu": 0.807853099063355
}

Compiled-only CodeBLEU Results:
{
  "count": 154,
  "samples_with_success": 97,
  "mean_codebleu": 0.675609393442702,
  "min_codebleu": 0.4670124569249828,
  "max_codebleu": 0.807853099063355
}

Using Dart binary: /usr/bin/dart | workers=64

compile@k:   0%|          | 0/154 [00:00<?, ?row/s]
compile@k:   1%|          | 1/154 [00:30<1:18:21, 30.73s/row]
compile@k:  11%|█         | 17/154 [00:32<03:14,  1.42s/row] 
compile@k:  30%|██▉       | 46/154 [01:18<02:43,  1.52s/row]
compile@k:  68%|██████▊   | 104/154 [01:22<00:27,  1.80row/s]
compile@k:  86%|████████▌ | 132/154 [01:23<00:08,  2.57row/s]
compile@k: 100%|██████████| 154/154 [01:23<00:00,  1.84row/s]
Compile@k Results:
[1/154] n=10, compiling=1, compile@1=0.1000
[2/154] n=10, compiling=8, compile@1=0.8000
[3/154] n=10, compiling=8, compile@1=0.8000
[4/154] n=10, compiling=10, compile@1=1.0000
[5/154] n=10, compiling=0, compile@1=0.0000
[6/154] n=10, compiling=10, compile@1=1.0000
[7/154] n=10, compiling=9, compile@1=0.9000
[8/154] n=10, compiling=10, compile@1=1.0000
[9/154] n=10, compiling=9, compile@1=0.9000
[10/154] n=10, compiling=3, compile@1=0.3000
[11/154] n=10, compiling=9, compile@1=0.9000
[12/154] n=10, compiling=6, compile@1=0.6000
[13/154] n=10, compiling=10, compile@1=1.0000
[14/154] n=10, compiling=8, compile@1=0.8000
[15/154] n=10, compiling=10, compile@1=1.0000
[16/154] n=10, compiling=9, compile@1=0.9000
[17/154] n=10, compiling=8, compile@1=0.8000
[18/154] n=10, compiling=7, compile@1=0.7000
[19/154] n=10, compiling=10, compile@1=1.0000
[20/154] n=10, compiling=8, compile@1=0.8000
[21/154] n=10, compiling=2, compile@1=0.2000
[22/154] n=10, compiling=1, compile@1=0.1000
[23/154] n=10, compiling=9, compile@1=0.9000
[24/154] n=10, compiling=10, compile@1=1.0000
[25/154] n=10, compiling=10, compile@1=1.0000
[26/154] n=10, compiling=5, compile@1=0.5000
[27/154] n=10, compiling=10, compile@1=1.0000
[28/154] n=10, compiling=10, compile@1=1.0000
[29/154] n=10, compiling=8, compile@1=0.8000
[30/154] n=10, compiling=10, compile@1=1.0000
[31/154] n=10, compiling=9, compile@1=0.9000
[32/154] n=10, compiling=10, compile@1=1.0000
[33/154] n=10, compiling=8, compile@1=0.8000
[34/154] n=10, compiling=10, compile@1=1.0000
[35/154] n=10, compiling=10, compile@1=1.0000
[36/154] n=10, compiling=9, compile@1=0.9000
[37/154] n=10, compiling=10, compile@1=1.0000
[38/154] n=10, compiling=7, compile@1=0.7000
[39/154] n=10, compiling=10, compile@1=1.0000
[40/154] n=10, compiling=10, compile@1=1.0000
[41/154] n=10, compiling=7, compile@1=0.7000
[42/154] n=10, compiling=10, compile@1=1.0000
[43/154] n=10, compiling=10, compile@1=1.0000
[44/154] n=10, compiling=5, compile@1=0.5000
[45/154] n=10, compiling=8, compile@1=0.8000
[46/154] n=10, compiling=9, compile@1=0.9000
[47/154] n=10, compiling=10, compile@1=1.0000
[48/154] n=10, compiling=9, compile@1=0.9000
[49/154] n=10, compiling=10, compile@1=1.0000
[50/154] n=10, compiling=7, compile@1=0.7000
[51/154] n=10, compiling=9, compile@1=0.9000
[52/154] n=10, compiling=7, compile@1=0.7000
[53/154] n=10, compiling=10, compile@1=1.0000
[54/154] n=10, compiling=9, compile@1=0.9000
[55/154] n=10, compiling=10, compile@1=1.0000
[56/154] n=10, compiling=10, compile@1=1.0000
[57/154] n=10, compiling=7, compile@1=0.7000
[58/154] n=10, compiling=8, compile@1=0.8000
[59/154] n=10, compiling=9, compile@1=0.9000
[60/154] n=10, compiling=10, compile@1=1.0000
[61/154] n=10, compiling=6, compile@1=0.6000
[62/154] n=10, compiling=4, compile@1=0.4000
[63/154] n=10, compiling=6, compile@1=0.6000
[64/154] n=10, compiling=10, compile@1=1.0000
[65/154] n=10, compiling=8, compile@1=0.8000
[66/154] n=10, compiling=9, compile@1=0.9000
[67/154] n=10, compiling=10, compile@1=1.0000
[68/154] n=10, compiling=6, compile@1=0.6000
[69/154] n=10, compiling=6, compile@1=0.6000
[70/154] n=10, compiling=5, compile@1=0.5000
[71/154] n=10, compiling=8, compile@1=0.8000
[72/154] n=10, compiling=8, compile@1=0.8000
[73/154] n=10, compiling=7, compile@1=0.7000
[74/154] n=10, compiling=5, compile@1=0.5000
[75/154] n=10, compiling=9, compile@1=0.9000
[76/154] n=10, compiling=10, compile@1=1.0000
[77/154] n=10, compiling=10, compile@1=1.0000
[78/154] n=10, compiling=10, compile@1=1.0000
[79/154] n=10, compiling=8, compile@1=0.8000
[80/154] n=10, compiling=7, compile@1=0.7000
[81/154] n=10, compiling=10, compile@1=1.0000
[82/154] n=10, compiling=5, compile@1=0.5000
[83/154] n=10, compiling=5, compile@1=0.5000
[84/154] n=10, compiling=10, compile@1=1.0000
[85/154] n=10, compiling=5, compile@1=0.5000
[86/154] n=10, compiling=9, compile@1=0.9000
[87/154] n=10, compiling=6, compile@1=0.6000
[88/154] n=10, compiling=10, compile@1=1.0000
[89/154] n=10, compiling=6, compile@1=0.6000
[90/154] n=10, compiling=6, compile@1=0.6000
[91/154] n=10, compiling=4, compile@1=0.4000
[92/154] n=10, compiling=10, compile@1=1.0000
[93/154] n=10, compiling=9, compile@1=0.9000
[94/154] n=10, compiling=4, compile@1=0.4000
[95/154] n=10, compiling=7, compile@1=0.7000
[96/154] n=10, compiling=9, compile@1=0.9000
[97/154] n=10, compiling=5, compile@1=0.5000
[98/154] n=10, compiling=5, compile@1=0.5000
[99/154] n=10, compiling=9, compile@1=0.9000
[100/154] n=10, compiling=10, compile@1=1.0000
[101/154] n=10, compiling=9, compile@1=0.9000
[102/154] n=10, compiling=6, compile@1=0.6000
[103/154] n=10, compiling=10, compile@1=1.0000
[104/154] n=10, compiling=8, compile@1=0.8000
[105/154] n=10, compiling=5, compile@1=0.5000
[106/154] n=10, compiling=3, compile@1=0.3000
[107/154] n=10, compiling=10, compile@1=1.0000
[108/154] n=10, compiling=8, compile@1=0.8000
[109/154] n=10, compiling=4, compile@1=0.4000
[110/154] n=10, compiling=6, compile@1=0.6000
[111/154] n=10, compiling=10, compile@1=1.0000
[112/154] n=10, compiling=7, compile@1=0.7000
[113/154] n=10, compiling=9, compile@1=0.9000
[114/154] n=10, compiling=10, compile@1=1.0000
[115/154] n=10, compiling=7, compile@1=0.7000
[116/154] n=10, compiling=0, compile@1=0.0000
[117/154] n=10, compiling=10, compile@1=1.0000
[118/154] n=10, compiling=8, compile@1=0.8000
[119/154] n=10, compiling=8, compile@1=0.8000
[120/154] n=10, compiling=10, compile@1=1.0000
[121/154] n=10, compiling=0, compile@1=0.0000
[122/154] n=10, compiling=9, compile@1=0.9000
[123/154] n=10, compiling=1, compile@1=0.1000
[124/154] n=10, compiling=7, compile@1=0.7000
[125/154] n=10, compiling=10, compile@1=1.0000
[126/154] n=10, compiling=9, compile@1=0.9000
[127/154] n=10, compiling=7, compile@1=0.7000
[128/154] n=10, compiling=7, compile@1=0.7000
[129/154] n=10, compiling=8, compile@1=0.8000
[130/154] n=10, compiling=7, compile@1=0.7000
[131/154] n=10, compiling=10, compile@1=1.0000
[132/154] n=10, compiling=8, compile@1=0.8000
[133/154] n=10, compiling=9, compile@1=0.9000
[134/154] n=10, compiling=7, compile@1=0.7000
[135/154] n=10, compiling=9, compile@1=0.9000
[136/154] n=10, compiling=6, compile@1=0.6000
[137/154] n=10, compiling=3, compile@1=0.3000
[138/154] n=10, compiling=9, compile@1=0.9000
[139/154] n=10, compiling=10, compile@1=1.0000
[140/154] n=10, compiling=8, compile@1=0.8000
[141/154] n=10, compiling=9, compile@1=0.9000
[142/154] n=10, compiling=6, compile@1=0.6000
[143/154] n=10, compiling=7, compile@1=0.7000
[144/154] n=10, compiling=9, compile@1=0.9000
[145/154] n=10, compiling=0, compile@1=0.0000
[146/154] n=10, compiling=7, compile@1=0.7000
[147/154] n=10, compiling=10, compile@1=1.0000
[148/154] n=10, compiling=6, compile@1=0.6000
[149/154] n=10, compiling=3, compile@1=0.3000
[150/154] n=10, compiling=9, compile@1=0.9000
[151/154] n=10, compiling=6, compile@1=0.6000
[152/154] n=10, compiling=6, compile@1=0.6000
[153/154] n=10, compiling=0, compile@1=0.0000
[154/154] n=10, compiling=10, compile@1=1.0000
{
  "compile_at_1": 0.7603896103896105,
  "compile_at_5": 0.9533085961657389,
  "total_problems": 154
}

Using Dart binary: /usr/bin/dart | workers=64

pass@k:   0%|          | 0/154 [00:00<?, ?row/s]
pass@k:   1%|          | 1/154 [00:23<1:00:51, 23.87s/row]
pass@k:   3%|▎         | 5/154 [00:24<09:10,  3.69s/row]  
pass@k:  30%|██▉       | 46/154 [01:15<02:32,  1.41s/row]
pass@k:  86%|████████▌ | 132/154 [01:17<00:08,  2.50row/s]
pass@k: 100%|██████████| 154/154 [01:17<00:00,  1.98row/s]
Pass@k Results:
[1/154] n=10, passed=0, pass@1=0.0000
[2/154] n=10, passed=2, pass@1=0.2000
[3/154] n=10, passed=0, pass@1=0.0000
[4/154] n=10, passed=10, pass@1=1.0000
[5/154] n=10, passed=0, pass@1=0.0000
[6/154] n=10, passed=10, pass@1=1.0000
[7/154] n=10, passed=0, pass@1=0.0000
[8/154] n=10, passed=9, pass@1=0.9000
[9/154] n=10, passed=0, pass@1=0.0000
[10/154] n=10, passed=2, pass@1=0.2000
[11/154] n=10, passed=0, pass@1=0.0000
[12/154] n=10, passed=0, pass@1=0.0000
[13/154] n=10, passed=10, pass@1=1.0000
[14/154] n=10, passed=7, pass@1=0.7000
[15/154] n=10, passed=9, pass@1=0.9000
[16/154] n=10, passed=0, pass@1=0.0000
[17/154] n=10, passed=1, pass@1=0.1000
[18/154] n=10, passed=0, pass@1=0.0000
[19/154] n=10, passed=8, pass@1=0.8000
[20/154] n=10, passed=0, pass@1=0.0000
[21/154] n=10, passed=0, pass@1=0.0000
[22/154] n=10, passed=1, pass@1=0.1000
[23/154] n=10, passed=8, pass@1=0.8000
[24/154] n=10, passed=1, pass@1=0.1000
[25/154] n=10, passed=0, pass@1=0.0000
[26/154] n=10, passed=3, pass@1=0.3000
[27/154] n=10, passed=5, pass@1=0.5000
[28/154] n=10, passed=8, pass@1=0.8000
[29/154] n=10, passed=6, pass@1=0.6000
[30/154] n=10, passed=8, pass@1=0.8000
[31/154] n=10, passed=0, pass@1=0.0000
[32/154] n=10, passed=1, pass@1=0.1000
[33/154] n=10, passed=8, pass@1=0.8000
[34/154] n=10, passed=0, pass@1=0.0000
[35/154] n=10, passed=0, pass@1=0.0000
[36/154] n=10, passed=0, pass@1=0.0000
[37/154] n=10, passed=4, pass@1=0.4000
[38/154] n=10, passed=0, pass@1=0.0000
[39/154] n=10, passed=4, pass@1=0.4000
[40/154] n=10, passed=9, pass@1=0.9000
[41/154] n=10, passed=5, pass@1=0.5000
[42/154] n=10, passed=10, pass@1=1.0000
[43/154] n=10, passed=0, pass@1=0.0000
[44/154] n=10, passed=1, pass@1=0.1000
[45/154] n=10, passed=6, pass@1=0.6000
[46/154] n=10, passed=0, pass@1=0.0000
[47/154] n=10, passed=9, pass@1=0.9000
[48/154] n=10, passed=6, pass@1=0.6000
[49/154] n=10, passed=10, pass@1=1.0000
[50/154] n=10, passed=0, pass@1=0.0000
[51/154] n=10, passed=7, pass@1=0.7000
[52/154] n=10, passed=0, pass@1=0.0000
[53/154] n=10, passed=4, pass@1=0.4000
[54/154] n=10, passed=0, pass@1=0.0000
[55/154] n=10, passed=9, pass@1=0.9000
[56/154] n=10, passed=10, pass@1=1.0000
[57/154] n=10, passed=7, pass@1=0.7000
[58/154] n=10, passed=0, pass@1=0.0000
[59/154] n=10, passed=0, pass@1=0.0000
[60/154] n=10, passed=0, pass@1=0.0000
[61/154] n=10, passed=0, pass@1=0.0000
[62/154] n=10, passed=0, pass@1=0.0000
[63/154] n=10, passed=0, pass@1=0.0000
[64/154] n=10, passed=0, pass@1=0.0000
[65/154] n=10, passed=0, pass@1=0.0000
[66/154] n=10, passed=0, pass@1=0.0000
[67/154] n=10, passed=0, pass@1=0.0000
[68/154] n=10, passed=0, pass@1=0.0000
[69/154] n=10, passed=0, pass@1=0.0000
[70/154] n=10, passed=0, pass@1=0.0000
[71/154] n=10, passed=0, pass@1=0.0000
[72/154] n=10, passed=2, pass@1=0.2000
[73/154] n=10, passed=0, pass@1=0.0000
[74/154] n=10, passed=0, pass@1=0.0000
[75/154] n=10, passed=0, pass@1=0.0000
[76/154] n=10, passed=0, pass@1=0.0000
[77/154] n=10, passed=0, pass@1=0.0000
[78/154] n=10, passed=8, pass@1=0.8000
[79/154] n=10, passed=0, pass@1=0.0000
[80/154] n=10, passed=0, pass@1=0.0000
[81/154] n=10, passed=0, pass@1=0.0000
[82/154] n=10, passed=0, pass@1=0.0000
[83/154] n=10, passed=0, pass@1=0.0000
[84/154] n=10, passed=0, pass@1=0.0000
[85/154] n=10, passed=0, pass@1=0.0000
[86/154] n=10, passed=0, pass@1=0.0000
[87/154] n=10, passed=0, pass@1=0.0000
[88/154] n=10, passed=0, pass@1=0.0000
[89/154] n=10, passed=0, pass@1=0.0000
[90/154] n=10, passed=0, pass@1=0.0000
[91/154] n=10, passed=0, pass@1=0.0000
[92/154] n=10, passed=0, pass@1=0.0000
[93/154] n=10, passed=0, pass@1=0.0000
[94/154] n=10, passed=0, pass@1=0.0000
[95/154] n=10, passed=1, pass@1=0.1000
[96/154] n=10, passed=0, pass@1=0.0000
[97/154] n=10, passed=0, pass@1=0.0000
[98/154] n=10, passed=0, pass@1=0.0000
[99/154] n=10, passed=0, pass@1=0.0000
[100/154] n=10, passed=0, pass@1=0.0000
[101/154] n=10, passed=0, pass@1=0.0000
[102/154] n=10, passed=0, pass@1=0.0000
[103/154] n=10, passed=0, pass@1=0.0000
[104/154] n=10, passed=0, pass@1=0.0000
[105/154] n=10, passed=0, pass@1=0.0000
[106/154] n=10, passed=0, pass@1=0.0000
[107/154] n=10, passed=0, pass@1=0.0000
[108/154] n=10, passed=0, pass@1=0.0000
[109/154] n=10, passed=0, pass@1=0.0000
[110/154] n=10, passed=0, pass@1=0.0000
[111/154] n=10, passed=0, pass@1=0.0000
[112/154] n=10, passed=0, pass@1=0.0000
[113/154] n=10, passed=0, pass@1=0.0000
[114/154] n=10, passed=0, pass@1=0.0000
[115/154] n=10, passed=0, pass@1=0.0000
[116/154] n=10, passed=0, pass@1=0.0000
[117/154] n=10, passed=0, pass@1=0.0000
[118/154] n=10, passed=0, pass@1=0.0000
[119/154] n=10, passed=0, pass@1=0.0000
[120/154] n=10, passed=0, pass@1=0.0000
[121/154] n=10, passed=0, pass@1=0.0000
[122/154] n=10, passed=0, pass@1=0.0000
[123/154] n=10, passed=0, pass@1=0.0000
[124/154] n=10, passed=0, pass@1=0.0000
[125/154] n=10, passed=0, pass@1=0.0000
[126/154] n=10, passed=0, pass@1=0.0000
[127/154] n=10, passed=0, pass@1=0.0000
[128/154] n=10, passed=0, pass@1=0.0000
[129/154] n=10, passed=0, pass@1=0.0000
[130/154] n=10, passed=0, pass@1=0.0000
[131/154] n=10, passed=0, pass@1=0.0000
[132/154] n=10, passed=0, pass@1=0.0000
[133/154] n=10, passed=0, pass@1=0.0000
[134/154] n=10, passed=0, pass@1=0.0000
[135/154] n=10, passed=0, pass@1=0.0000
[136/154] n=10, passed=0, pass@1=0.0000
[137/154] n=10, passed=0, pass@1=0.0000
[138/154] n=10, passed=0, pass@1=0.0000
[139/154] n=10, passed=0, pass@1=0.0000
[140/154] n=10, passed=0, pass@1=0.0000
[141/154] n=10, passed=0, pass@1=0.0000
[142/154] n=10, passed=0, pass@1=0.0000
[143/154] n=10, passed=0, pass@1=0.0000
[144/154] n=10, passed=0, pass@1=0.0000
[145/154] n=10, passed=0, pass@1=0.0000
[146/154] n=10, passed=0, pass@1=0.0000
[147/154] n=10, passed=0, pass@1=0.0000
[148/154] n=10, passed=0, pass@1=0.0000
[149/154] n=10, passed=3, pass@1=0.3000
[150/154] n=10, passed=1, pass@1=0.1000
[151/154] n=10, passed=0, pass@1=0.0000
[152/154] n=10, passed=0, pass@1=0.0000
[153/154] n=10, passed=0, pass@1=0.0000
[154/154] n=10, passed=0, pass@1=0.0000
{
  "pass_at_1": 0.1512987012987013,
  "pass_at_5": 0.23108637394351678,
  "pass_at_10": 0.2597402597402597,
  "total_problems": 154
}

Results summary saved to /workspace/results/sweeps_antigravity/qwen3-8b-base_lora_enc_dec_r64_5e6_gcb_a128_graphv2_clean_s44_prefix_no_gine.json

Compiling candidate-level metrics to CSV: /workspace/results/sweeps_antigravity/qwen3-8b-base_lora_enc_dec_r64_5e6_gcb_a128_graphv2_clean_s44_prefix_no_gine_compile_stats.csv ...
Using Dart binary: /usr/bin/dart
Stats CSV workers=64

stats CSV:   0%|          | 0/154 [00:00<?, ?row/s]
stats CSV:   1%|          | 1/154 [00:18<46:51, 18.38s/row]
stats CSV:   1%|▏         | 2/154 [00:20<22:30,  8.88s/row]
stats CSV:  14%|█▍        | 22/154 [00:21<01:11,  1.85row/s]
stats CSV:  16%|█▌        | 24/154 [00:21<01:03,  2.05row/s]
stats CSV:  16%|█▌        | 24/154 [00:40<01:03,  2.05row/s]
stats CSV:  30%|██▉       | 46/154 [01:12<02:59,  1.67s/row]
stats CSV:  86%|████████▌ | 132/154 [01:14<00:08,  2.62row/s]
stats CSV: 100%|██████████| 154/154 [01:14<00:00,  2.06row/s]
Successfully compiled per-problem statistics to: /workspace/results/sweeps_antigravity/qwen3-8b-base_lora_enc_dec_r64_5e6_gcb_a128_graphv2_clean_s44_prefix_no_gine_compile_stats.csv

Reusing aligned candidate-level statistics: /workspace/results/sweeps_antigravity/qwen3-8b-base_lora_enc_dec_r64_5e6_gcb_a128_graphv2_clean_s44_prefix_no_gine_pass_stats.csv
HF upload complete: raafatabualazm/antigravity-qwen3-8b-artifacts/results/qwen3-8b-base_lora_enc_dec_r64_5e6_gcb_a128_graphv2_clean_s44_prefix_no_gine_compile_predictions.json
HF upload complete: raafatabualazm/antigravity-qwen3-8b-artifacts/results/qwen3-8b-base_lora_enc_dec_r64_5e6_gcb_a128_graphv2_clean_s44_prefix_no_gine_pass_predictions.json
HF upload complete: raafatabualazm/antigravity-qwen3-8b-artifacts/results/sweeps_antigravity/qwen3-8b-base_lora_enc_dec_r64_5e6_gcb_a128_graphv2_clean_s44_prefix_no_gine.json
HF upload complete: raafatabualazm/antigravity-qwen3-8b-artifacts/results/sweeps_antigravity/qwen3-8b-base_lora_enc_dec_r64_5e6_gcb_a128_graphv2_clean_s44_prefix_no_gine_compile_stats.csv
HF upload complete: raafatabualazm/antigravity-qwen3-8b-artifacts/results/sweeps_antigravity/qwen3-8b-base_lora_enc_dec_r64_5e6_gcb_a128_graphv2_clean_s44_prefix_no_gine_pass_stats.csv

=== x86_causal_prefix_no_gine_gate_zero (estimate 0.80 h) ===
/venv/main/bin/python /workspace/configs/run_sweeps_antigravity.py --experiment qwen3-8b-base_lora_enc_dec_r16_5e6_gcb --encoder gcb --max_risk high --hardware_profile rtx6000 --force_rerun --decoder_revision b968826d9c46dd6066d109eabc6255188de91218 --encoder_revision 2b0488a7bb0eefc7041f1bb2cad1ab26b0da269d --seed 42 --train_file data/datasets/dart_all_graphv2_train.jsonl --eval_file data/datasets/dart_all_graphv2_validation.jsonl --compile_dataset data/testing/grpo_data_graphv2.jsonl --pass_dataset data/testing/grpo_data_graphv2.jsonl --compile_mode jit_tests --epochs 4 --sft_lr 5e-6 --lora_r 64 --lora_alpha 128 --load_4bit 0 --attn_implementation sdpa --gradient_checkpointing 1 --train_batch_size 4 --grad_accum 16 --qwen_prefix_gate_init 0.2 --qwen_prefix_gate_mode token --qwen_prefix_rms_match 1 --decoder_prompt_max_length 2048 --prompt_fit_assembly 1 --auto_cfg 0 --max_block_instrs 20 --position_scheme roberta --causal_position_ids cumsum --use_reasoning 0 --eval_max_new_tokens 768 --generation_batch_size 10 --num_samples 10 --pass_num_samples 10 --metric_workers 64 --save_strategy no --save_total_limit 1 --gnn_layers 4 --global_attention_ablation full --name_suffix _graphv2_clean_s42_prefix_no_gine_eval_gate_zero --skip_training --sft_checkpoint /workspace/artifacts/qwen3-8b-base_lora_enc_dec_r64_5e6_gcb_a128_graphv2_clean_s42_prefix_no_gine/pytorch_model.bin --qwen_prefix_tokens 64 --qwen_prefix_dynamic 1 --qwen_prefix_min_tokens 4 --qwen_prefix_tokens_per_log2 4 --prompt_assembly_mode none --prompt_fit_assembly 0 --prompt_clean_asm 0 --dfg_mode edges --edge_ablation full --gnn_ablation identity --add_reverse_edges 1 --block_position_mode sinusoidal --qwen_prefix_gate_override 0.0 --hf_repo raafatabualazm/antigravity-qwen3-8b-artifacts --hf_private 1 --hf_upload_checkpoints 1
CLI overrides applied to all sweeps: epochs=4, lora_r=64, lora_alpha=128

>>> Stage: SFT for qwen3-8b-base_lora_enc_dec_r64_5e6_gcb_a128_graphv2_clean_s42_prefix_no_gine_eval_gate_zero

==================================================
RUNNING EXPERIMENT: qwen3-8b-base_lora_enc_dec_r64_5e6_gcb_a128_graphv2_clean_s42_prefix_no_gine_eval_gate_zero
Decoder: Qwen/Qwen3-8B
Encoder PEFT: lora | Decoder PEFT: lora
LR: 5e-6 | Epochs: 4
OOM Risk (on 6GB VRAM): HIGH
Training Mode: SFT (Supervised Fine-Tuning)
==================================================

Dynamic Batch Size: 4 | Grad Accum: 16 | LoRA R: 64 | Alpha: 128 | Qwen prefix tokens: 64 | Qwen gate init: 0.2 | Qwen gate mode: token | Dynamic prefix: 1 [4, 4/log2] | Prefix RMS match: 1 | Prompt tokens: 2048 | Reasoning: 0 | Attention: sdpa | Grad ckpt: 1
Graph channel: dfg_mode=edges | edge_ablation=full | gnn_ablation=identity | gnn_layers=4 | global_attention=full | reverse_edges=1 | block_positions=sinusoidal | position_scheme=roberta | causal_position_ids=cumsum | grpo_train_graph_glue=1 | auto_cfg=0
SFT stage: Continuing from checkpoint: /workspace/artifacts/qwen3-8b-base_lora_enc_dec_r64_5e6_gcb_a128_graphv2_clean_s42_prefix_no_gine/pytorch_model.bin
Skipping training; evaluating existing checkpoint: /workspace/artifacts/qwen3-8b-base_lora_enc_dec_r64_5e6_gcb_a128_graphv2_clean_s42_prefix_no_gine/pytorch_model.bin

Running multi-sample inference for legacy compile/CodeBLEU tasks...

Loading weights:   0%|          | 0/197 [00:00<?, ?it/s]
Loading weights: 100%|██████████| 197/197 [00:00<00:00, 48084.14it/s]
Decoder attention implementation: sdpa

Loading weights:   0%|          | 0/399 [00:00<?, ?it/s]
Loading weights: 100%|██████████| 399/399 [00:00<00:00, 7426.71it/s]
Enabled decoder gradient checkpointing.
Enabled Qwen graph glue: 64 learned prefix tokens, dynamic=1, gate_mode=token, gate_init=0.2
Qwen prefix RMS matching ON: target token RMS 0.022050
Applied PEFT LORA (r=64, alpha=128) to LocalBlockEncoder
Enabled local block encoder gradient checkpointing.
Applied PEFT LORA (r=64, alpha=128) to Decoder
loaded checkpoint: /workspace/artifacts/qwen3-8b-base_lora_enc_dec_r64_5e6_gcb_a128_graphv2_clean_s42_prefix_no_gine/pytorch_model.bin
Loaded parameters with strict=False. Missing keys: 602, Unexpected keys: 0
Qwen graph prefix gate override: 0.200004 -> 0.000100
Inference mode: decoder gradient checkpointing OFF; KV cache ON

generate:   0%|          | 0/154 [00:00<?, ?row/s]
                                                  
[1/154] generated 10 candidates

generate:   0%|          | 0/154 [00:49<?, ?row/s]
generate:   1%|          | 1/154 [00:49<2:05:19, 49.14s/row]
                                                            
[2/154] generated 10 candidates

generate:   1%|          | 1/154 [01:37<2:05:19, 49.14s/row]
generate:   1%|▏         | 2/154 [01:37<2:02:40, 48.43s/row]
                                                            
[3/154] generated 10 candidates

generate:   1%|▏         | 2/154 [02:22<2:02:40, 48.43s/row]
generate:   2%|▏         | 3/154 [02:22<1:58:38, 47.14s/row]
                                                            
[4/154] generated 10 candidates

generate:   2%|▏         | 3/154 [03:13<1:58:38, 47.14s/row]
generate:   3%|▎         | 4/154 [03:13<2:01:18, 48.52s/row]
                                                            
[5/154] generated 10 candidates

generate:   3%|▎         | 4/154 [04:02<2:01:18, 48.52s/row]
generate:   3%|▎         | 5/154 [04:02<2:01:27, 48.91s/row]
                                                            
[6/154] generated 10 candidates

generate:   3%|▎         | 5/154 [04:10<2:01:27, 48.91s/row]
generate:   4%|▍         | 6/154 [04:10<1:26:22, 35.02s/row]
                                                            
[7/154] generated 10 candidates

generate:   4%|▍         | 6/154 [05:01<1:26:22, 35.02s/row]
generate:   5%|▍         | 7/154 [05:01<1:38:07, 40.05s/row]
                                                            
[8/154] generated 10 candidates

generate:   5%|▍         | 7/154 [05:34<1:38:07, 40.05s/row]
generate:   5%|▌         | 8/154 [05:34<1:32:08, 37.86s/row]
                                                            
[9/154] generated 10 candidates

generate:   5%|▌         | 8/154 [06:23<1:32:08, 37.86s/row]
generate:   6%|▌         | 9/154 [06:23<1:40:11, 41.46s/row]
                                                            
[10/154] generated 10 candidates

generate:   6%|▌         | 9/154 [06:57<1:40:11, 41.46s/row]
generate:   6%|▋         | 10/154 [06:57<1:33:37, 39.01s/row]
                                                             
[11/154] generated 10 candidates

generate:   6%|▋         | 10/154 [07:48<1:33:37, 39.01s/row]
generate:   7%|▋         | 11/154 [07:48<1:41:28, 42.58s/row]
                                                             
[12/154] generated 10 candidates

generate:   7%|▋         | 11/154 [08:38<1:41:28, 42.58s/row]
generate:   8%|▊         | 12/154 [08:38<1:46:33, 45.02s/row]
                                                             
[13/154] generated 10 candidates

generate:   8%|▊         | 12/154 [09:29<1:46:33, 45.02s/row]
generate:   8%|▊         | 13/154 [09:29<1:49:45, 46.70s/row]
                                                             
[14/154] generated 10 candidates

generate:   8%|▊         | 13/154 [09:34<1:49:45, 46.70s/row]
generate:   9%|▉         | 14/154 [09:34<1:19:57, 34.26s/row]
                                                             
[15/154] generated 10 candidates

generate:   9%|▉         | 14/154 [10:25<1:19:57, 34.26s/row]
generate:  10%|▉         | 15/154 [10:25<1:30:54, 39.24s/row]
                                                             
[16/154] generated 10 candidates

generate:  10%|▉         | 15/154 [11:16<1:30:54, 39.24s/row]
generate:  10%|█         | 16/154 [11:16<1:38:06, 42.66s/row]
                                                             
[17/154] generated 10 candidates

generate:  10%|█         | 16/154 [12:06<1:38:06, 42.66s/row]
generate:  11%|█         | 17/154 [12:06<1:42:49, 45.03s/row]
                                                             
[18/154] generated 10 candidates

generate:  11%|█         | 17/154 [12:57<1:42:49, 45.03s/row]
generate:  12%|█▏        | 18/154 [12:57<1:45:47, 46.67s/row]
                                                             
[19/154] generated 10 candidates

generate:  12%|█▏        | 18/154 [13:47<1:45:47, 46.67s/row]
generate:  12%|█▏        | 19/154 [13:47<1:47:40, 47.86s/row]
                                                             
[20/154] generated 10 candidates

generate:  12%|█▏        | 19/154 [14:38<1:47:40, 47.86s/row]
generate:  13%|█▎        | 20/154 [14:38<1:48:41, 48.66s/row]
                                                             
[21/154] generated 10 candidates

generate:  13%|█▎        | 20/154 [15:29<1:48:41, 48.66s/row]
generate:  14%|█▎        | 21/154 [15:29<1:49:21, 49.33s/row]
                                                             
[22/154] generated 10 candidates

generate:  14%|█▎        | 21/154 [16:18<1:49:21, 49.33s/row]
generate:  14%|█▍        | 22/154 [16:18<1:48:40, 49.40s/row]
                                                             
[23/154] generated 10 candidates

generate:  14%|█▍        | 22/154 [16:25<1:48:40, 49.40s/row]
generate:  15%|█▍        | 23/154 [16:25<1:20:01, 36.65s/row]
                                                             
[24/154] generated 10 candidates

generate:  15%|█▍        | 23/154 [17:16<1:20:01, 36.65s/row]
generate:  16%|█▌        | 24/154 [17:16<1:28:30, 40.85s/row]
                                                             
[25/154] generated 10 candidates

generate:  16%|█▌        | 24/154 [17:31<1:28:30, 40.85s/row]
generate:  16%|█▌        | 25/154 [17:31<1:11:25, 33.22s/row]
                                                             
[26/154] generated 10 candidates

generate:  16%|█▌        | 25/154 [18:22<1:11:25, 33.22s/row]
generate:  17%|█▋        | 26/154 [18:22<1:21:54, 38.40s/row]
                                                             
[27/154] generated 10 candidates

generate:  17%|█▋        | 26/154 [19:12<1:21:54, 38.40s/row]
generate:  18%|█▊        | 27/154 [19:12<1:28:55, 42.01s/row]
                                                             
[28/154] generated 10 candidates

generate:  18%|█▊        | 27/154 [19:51<1:28:55, 42.01s/row]
generate:  18%|█▊        | 28/154 [19:51<1:26:24, 41.15s/row]
                                                             
[29/154] generated 10 candidates

generate:  18%|█▊        | 28/154 [20:26<1:26:24, 41.15s/row]
generate:  19%|█▉        | 29/154 [20:26<1:21:36, 39.17s/row]
                                                             
[30/154] generated 10 candidates

generate:  19%|█▉        | 29/154 [21:05<1:21:36, 39.17s/row]
generate:  19%|█▉        | 30/154 [21:05<1:21:02, 39.22s/row]
                                                             
[31/154] generated 10 candidates

generate:  19%|█▉        | 30/154 [21:56<1:21:02, 39.22s/row]
generate:  20%|██        | 31/154 [21:56<1:27:24, 42.64s/row]
                                                             
[32/154] generated 10 candidates

generate:  20%|██        | 31/154 [22:26<1:27:24, 42.64s/row]
generate:  21%|██        | 32/154 [22:26<1:19:10, 38.94s/row]
                                                             
[33/154] generated 10 candidates

generate:  21%|██        | 32/154 [23:17<1:19:10, 38.94s/row]
generate:  21%|██▏       | 33/154 [23:17<1:25:32, 42.42s/row]
                                                             
[34/154] generated 10 candidates

generate:  21%|██▏       | 33/154 [24:07<1:25:32, 42.42s/row]
generate:  22%|██▏       | 34/154 [24:07<1:29:49, 44.91s/row]
                                                             
[35/154] generated 10 candidates

generate:  22%|██▏       | 34/154 [24:58<1:29:49, 44.91s/row]
generate:  23%|██▎       | 35/154 [24:58<1:32:36, 46.70s/row]
                                                             
[36/154] generated 10 candidates

generate:  23%|██▎       | 35/154 [25:47<1:32:36, 46.70s/row]
generate:  23%|██▎       | 36/154 [25:47<1:33:01, 47.30s/row]
                                                             
[37/154] generated 10 candidates

generate:  23%|██▎       | 36/154 [26:38<1:33:01, 47.30s/row]
generate:  24%|██▍       | 37/154 [26:38<1:34:13, 48.32s/row]
                                                             
[38/154] generated 10 candidates

generate:  24%|██▍       | 37/154 [27:28<1:34:13, 48.32s/row]
generate:  25%|██▍       | 38/154 [27:28<1:34:40, 48.97s/row]
                                                             
[39/154] generated 10 candidates

generate:  25%|██▍       | 38/154 [28:13<1:34:40, 48.97s/row]
generate:  25%|██▌       | 39/154 [28:13<1:31:17, 47.63s/row]
                                                             
[40/154] generated 10 candidates

generate:  25%|██▌       | 39/154 [29:03<1:31:17, 47.63s/row]
generate:  26%|██▌       | 40/154 [29:03<1:32:11, 48.52s/row]
                                                             
[41/154] generated 10 candidates

generate:  26%|██▌       | 40/154 [29:54<1:32:11, 48.52s/row]
generate:  27%|██▋       | 41/154 [29:54<1:32:37, 49.18s/row]
                                                             
[42/154] generated 10 candidates

generate:  27%|██▋       | 41/154 [30:24<1:32:37, 49.18s/row]
generate:  27%|██▋       | 42/154 [30:24<1:20:58, 43.38s/row]
                                                             
[43/154] generated 10 candidates

generate:  27%|██▋       | 42/154 [31:15<1:20:58, 43.38s/row]
generate:  28%|██▊       | 43/154 [31:15<1:24:23, 45.62s/row]
                                                             
[44/154] generated 10 candidates

generate:  28%|██▊       | 43/154 [32:02<1:24:23, 45.62s/row]
generate:  29%|██▊       | 44/154 [32:02<1:24:28, 46.08s/row]
                                                             
[45/154] generated 10 candidates

generate:  29%|██▊       | 44/154 [32:52<1:24:28, 46.08s/row]
generate:  29%|██▉       | 45/154 [32:52<1:26:08, 47.41s/row]
                                                             
[46/154] generated 10 candidates

generate:  29%|██▉       | 45/154 [33:27<1:26:08, 47.41s/row]
generate:  30%|██▉       | 46/154 [33:27<1:18:20, 43.52s/row]
                                                             
[47/154] generated 10 candidates

generate:  30%|██▉       | 46/154 [34:07<1:18:20, 43.52s/row]
generate:  31%|███       | 47/154 [34:07<1:15:55, 42.58s/row]
                                                             
[48/154] generated 10 candidates

generate:  31%|███       | 47/154 [34:58<1:15:55, 42.58s/row]
generate:  31%|███       | 48/154 [34:58<1:19:27, 44.98s/row]
                                                             
[49/154] generated 10 candidates

generate:  31%|███       | 48/154 [35:48<1:19:27, 44.98s/row]
generate:  32%|███▏      | 49/154 [35:48<1:21:36, 46.63s/row]
                                                             
[50/154] generated 10 candidates

generate:  32%|███▏      | 49/154 [36:39<1:21:36, 46.63s/row]
generate:  32%|███▏      | 50/154 [36:39<1:22:50, 47.79s/row]
                                                             
[51/154] generated 10 candidates

generate:  32%|███▏      | 50/154 [37:22<1:22:50, 47.79s/row]
generate:  33%|███▎      | 51/154 [37:22<1:19:28, 46.30s/row]
                                                             
[52/154] generated 10 candidates

generate:  33%|███▎      | 51/154 [37:42<1:19:28, 46.30s/row]
generate:  34%|███▍      | 52/154 [37:42<1:05:29, 38.52s/row]
                                                             
[53/154] generated 10 candidates

generate:  34%|███▍      | 52/154 [38:33<1:05:29, 38.52s/row]
generate:  34%|███▍      | 53/154 [38:33<1:10:57, 42.16s/row]
                                                             
[54/154] generated 10 candidates

generate:  34%|███▍      | 53/154 [39:23<1:10:57, 42.16s/row]
generate:  35%|███▌      | 54/154 [39:23<1:14:16, 44.56s/row]
                                                             
[55/154] generated 10 candidates

generate:  35%|███▌      | 54/154 [40:14<1:14:16, 44.56s/row]
generate:  36%|███▌      | 55/154 [40:14<1:16:37, 46.44s/row]
                                                             
[56/154] generated 10 candidates

generate:  36%|███▌      | 55/154 [40:51<1:16:37, 46.44s/row]
generate:  36%|███▋      | 56/154 [40:51<1:11:23, 43.71s/row]
                                                             
[57/154] generated 10 candidates

generate:  36%|███▋      | 56/154 [41:42<1:11:23, 43.71s/row]
generate:  37%|███▋      | 57/154 [41:42<1:13:59, 45.77s/row]
                                                             
[58/154] generated 10 candidates

generate:  37%|███▋      | 57/154 [42:32<1:13:59, 45.77s/row]
generate:  38%|███▊      | 58/154 [42:32<1:15:31, 47.21s/row]
                                                             
[59/154] generated 10 candidates

generate:  38%|███▊      | 58/154 [43:23<1:15:31, 47.21s/row]
generate:  38%|███▊      | 59/154 [43:23<1:16:21, 48.23s/row]
                                                             
[60/154] generated 10 candidates

generate:  38%|███▊      | 59/154 [44:13<1:16:21, 48.23s/row]
generate:  39%|███▉      | 60/154 [44:13<1:16:39, 48.93s/row]
                                                             
[61/154] generated 10 candidates

generate:  39%|███▉      | 60/154 [45:04<1:16:39, 48.93s/row]
generate:  40%|███▉      | 61/154 [45:04<1:16:35, 49.42s/row]
                                                             
[62/154] generated 10 candidates

generate:  40%|███▉      | 61/154 [45:54<1:16:35, 49.42s/row]
generate:  40%|████      | 62/154 [45:54<1:16:18, 49.77s/row]
                                                             
[63/154] generated 10 candidates

generate:  40%|████      | 62/154 [46:45<1:16:18, 49.77s/row]
generate:  41%|████      | 63/154 [46:45<1:15:53, 50.04s/row]
                                                             
[64/154] generated 10 candidates

generate:  41%|████      | 63/154 [47:34<1:15:53, 50.04s/row]
generate:  42%|████▏     | 64/154 [47:34<1:14:35, 49.72s/row]
                                                             
[65/154] generated 10 candidates

generate:  42%|████▏     | 64/154 [48:25<1:14:35, 49.72s/row]
generate:  42%|████▏     | 65/154 [48:25<1:14:12, 50.03s/row]
                                                             
[66/154] generated 10 candidates

generate:  42%|████▏     | 65/154 [49:15<1:14:12, 50.03s/row]
generate:  43%|████▎     | 66/154 [49:15<1:13:38, 50.21s/row]
                                                             
[67/154] generated 10 candidates

generate:  43%|████▎     | 66/154 [49:41<1:13:38, 50.21s/row]
generate:  44%|████▎     | 67/154 [49:41<1:02:01, 42.78s/row]
                                                             
[68/154] generated 10 candidates

generate:  44%|████▎     | 67/154 [50:32<1:02:01, 42.78s/row]
generate:  44%|████▍     | 68/154 [50:32<1:04:41, 45.13s/row]
                                                             
[69/154] generated 10 candidates

generate:  44%|████▍     | 68/154 [51:22<1:04:41, 45.13s/row]
generate:  45%|████▍     | 69/154 [51:22<1:06:15, 46.77s/row]
                                                             
[70/154] generated 10 candidates

generate:  45%|████▍     | 69/154 [52:13<1:06:15, 46.77s/row]
generate:  45%|████▌     | 70/154 [52:13<1:07:03, 47.90s/row]
                                                             
[71/154] generated 10 candidates

generate:  45%|████▌     | 70/154 [53:04<1:07:03, 47.90s/row]
generate:  46%|████▌     | 71/154 [53:04<1:07:33, 48.84s/row]
                                                             
[72/154] generated 10 candidates

generate:  46%|████▌     | 71/154 [53:54<1:07:33, 48.84s/row]
generate:  47%|████▋     | 72/154 [53:54<1:07:26, 49.35s/row]
                                                             
[73/154] generated 10 candidates

generate:  47%|████▋     | 72/154 [54:45<1:07:26, 49.35s/row]
generate:  47%|████▋     | 73/154 [54:45<1:07:10, 49.76s/row]
                                                             
[74/154] generated 10 candidates

generate:  47%|████▋     | 73/154 [55:35<1:07:10, 49.76s/row]
generate:  48%|████▊     | 74/154 [55:35<1:06:40, 50.00s/row]
                                                             
[75/154] generated 10 candidates

generate:  48%|████▊     | 74/154 [55:58<1:06:40, 50.00s/row]
generate:  49%|████▊     | 75/154 [55:58<54:52, 41.68s/row]  
                                                           
[76/154] generated 10 candidates

generate:  49%|████▊     | 75/154 [56:48<54:52, 41.68s/row]
generate:  49%|████▉     | 76/154 [56:48<57:39, 44.36s/row]
                                                           
[77/154] generated 10 candidates

generate:  49%|████▉     | 76/154 [57:39<57:39, 44.36s/row]
generate:  50%|█████     | 77/154 [57:39<59:29, 46.35s/row]
                                                           
[78/154] generated 10 candidates

generate:  50%|█████     | 77/154 [58:13<59:29, 46.35s/row]
generate:  51%|█████     | 78/154 [58:13<53:58, 42.62s/row]
                                                           
[79/154] generated 10 candidates

generate:  51%|█████     | 78/154 [59:04<53:58, 42.62s/row]
generate:  51%|█████▏    | 79/154 [59:04<56:21, 45.08s/row]
                                                           
[80/154] generated 10 candidates

generate:  51%|█████▏    | 79/154 [59:55<56:21, 45.08s/row]
generate:  52%|█████▏    | 80/154 [59:55<57:35, 46.70s/row]
                                                           
[81/154] generated 10 candidates

generate:  52%|█████▏    | 80/154 [1:00:27<57:35, 46.70s/row]
generate:  53%|█████▎    | 81/154 [1:00:27<51:37, 42.44s/row]
                                                             
[82/154] generated 10 candidates

generate:  53%|█████▎    | 81/154 [1:01:18<51:37, 42.44s/row]
generate:  53%|█████▎    | 82/154 [1:01:18<53:49, 44.85s/row]
                                                             
[83/154] generated 10 candidates

generate:  53%|█████▎    | 82/154 [1:01:42<53:49, 44.85s/row]
generate:  54%|█████▍    | 83/154 [1:01:42<45:41, 38.61s/row]
                                                             
[84/154] generated 10 candidates

generate:  54%|█████▍    | 83/154 [1:02:26<45:41, 38.61s/row]
generate:  55%|█████▍    | 84/154 [1:02:26<46:54, 40.21s/row]
                                                             
[85/154] generated 10 candidates

generate:  55%|█████▍    | 84/154 [1:03:16<46:54, 40.21s/row]
generate:  55%|█████▌    | 85/154 [1:03:16<49:48, 43.32s/row]
                                                             
[86/154] generated 10 candidates

generate:  55%|█████▌    | 85/154 [1:03:29<49:48, 43.32s/row]
generate:  56%|█████▌    | 86/154 [1:03:29<38:52, 34.31s/row]
                                                             
[87/154] generated 10 candidates

generate:  56%|█████▌    | 86/154 [1:04:20<38:52, 34.31s/row]
generate:  56%|█████▋    | 87/154 [1:04:20<43:43, 39.16s/row]
                                                             
[88/154] generated 10 candidates

generate:  56%|█████▋    | 87/154 [1:05:11<43:43, 39.16s/row]
generate:  57%|█████▋    | 88/154 [1:05:11<46:51, 42.60s/row]
                                                             
[89/154] generated 10 candidates

generate:  57%|█████▋    | 88/154 [1:06:01<46:51, 42.60s/row]
generate:  58%|█████▊    | 89/154 [1:06:01<48:46, 45.02s/row]
                                                             
[90/154] generated 10 candidates

generate:  58%|█████▊    | 89/154 [1:06:52<48:46, 45.02s/row]
generate:  58%|█████▊    | 90/154 [1:06:52<49:54, 46.79s/row]
                                                             
[91/154] generated 10 candidates

generate:  58%|█████▊    | 90/154 [1:07:43<49:54, 46.79s/row]
generate:  59%|█████▉    | 91/154 [1:07:43<50:22, 47.98s/row]
                                                             
[92/154] generated 10 candidates

generate:  59%|█████▉    | 91/154 [1:08:29<50:22, 47.98s/row]
generate:  60%|█████▉    | 92/154 [1:08:29<48:55, 47.35s/row]
                                                             
[93/154] generated 10 candidates

generate:  60%|█████▉    | 92/154 [1:09:03<48:55, 47.35s/row]
generate:  60%|██████    | 93/154 [1:09:03<44:10, 43.46s/row]
                                                             
[94/154] generated 10 candidates

generate:  60%|██████    | 93/154 [1:09:54<44:10, 43.46s/row]
generate:  61%|██████    | 94/154 [1:09:54<45:35, 45.59s/row]
                                                             
[95/154] generated 10 candidates

generate:  61%|██████    | 94/154 [1:10:44<45:35, 45.59s/row]
generate:  62%|██████▏   | 95/154 [1:10:44<46:22, 47.16s/row]
                                                             
[96/154] generated 10 candidates

generate:  62%|██████▏   | 95/154 [1:11:34<46:22, 47.16s/row]
generate:  62%|██████▏   | 96/154 [1:11:34<46:20, 47.93s/row]
                                                             
[97/154] generated 10 candidates

generate:  62%|██████▏   | 96/154 [1:12:25<46:20, 47.93s/row]
generate:  63%|██████▎   | 97/154 [1:12:25<46:18, 48.74s/row]
                                                             
[98/154] generated 10 candidates

generate:  63%|██████▎   | 97/154 [1:13:15<46:18, 48.74s/row]
generate:  64%|██████▎   | 98/154 [1:13:15<45:59, 49.29s/row]
                                                             
[99/154] generated 10 candidates

generate:  64%|██████▎   | 98/154 [1:13:37<45:59, 49.29s/row]
generate:  64%|██████▍   | 99/154 [1:13:37<37:38, 41.05s/row]
                                                             
[100/154] generated 10 candidates

generate:  64%|██████▍   | 99/154 [1:14:28<37:38, 41.05s/row]
generate:  65%|██████▍   | 100/154 [1:14:28<39:32, 43.94s/row]
                                                              
[101/154] generated 10 candidates

generate:  65%|██████▍   | 100/154 [1:15:19<39:32, 43.94s/row]
generate:  66%|██████▌   | 101/154 [1:15:19<40:36, 45.97s/row]
                                                              
[102/154] generated 10 candidates

generate:  66%|██████▌   | 101/154 [1:16:09<40:36, 45.97s/row]
generate:  66%|██████▌   | 102/154 [1:16:09<41:04, 47.40s/row]
                                                              
[103/154] generated 10 candidates

generate:  66%|██████▌   | 102/154 [1:17:00<41:04, 47.40s/row]
generate:  67%|██████▋   | 103/154 [1:17:00<41:04, 48.33s/row]
                                                              
[104/154] generated 10 candidates

generate:  67%|██████▋   | 103/154 [1:17:51<41:04, 48.33s/row]
generate:  68%|██████▊   | 104/154 [1:17:51<40:52, 49.04s/row]
                                                              
[105/154] generated 10 candidates

generate:  68%|██████▊   | 104/154 [1:18:02<40:52, 49.04s/row]
generate:  68%|██████▊   | 105/154 [1:18:02<30:44, 37.64s/row]
                                                              
[106/154] generated 10 candidates

generate:  68%|██████▊   | 105/154 [1:18:53<30:44, 37.64s/row]
generate:  69%|██████▉   | 106/154 [1:18:53<33:22, 41.71s/row]
                                                              
[107/154] generated 10 candidates

generate:  69%|██████▉   | 106/154 [1:19:43<33:22, 41.71s/row]
generate:  69%|██████▉   | 107/154 [1:19:43<34:44, 44.36s/row]
                                                              
[108/154] generated 10 candidates

generate:  69%|██████▉   | 107/154 [1:20:34<34:44, 44.36s/row]
generate:  70%|███████   | 108/154 [1:20:34<35:30, 46.32s/row]
                                                              
[109/154] generated 10 candidates

generate:  70%|███████   | 108/154 [1:21:25<35:30, 46.32s/row]
generate:  71%|███████   | 109/154 [1:21:25<35:43, 47.62s/row]
                                                              
[110/154] generated 10 candidates

generate:  71%|███████   | 109/154 [1:22:16<35:43, 47.62s/row]
generate:  71%|███████▏  | 110/154 [1:22:16<35:35, 48.52s/row]
                                                              
[111/154] generated 10 candidates

generate:  71%|███████▏  | 110/154 [1:23:06<35:35, 48.52s/row]
generate:  72%|███████▏  | 111/154 [1:23:06<35:11, 49.12s/row]
                                                              
[112/154] generated 10 candidates

generate:  72%|███████▏  | 111/154 [1:23:30<35:11, 49.12s/row]
generate:  73%|███████▎  | 112/154 [1:23:30<29:10, 41.68s/row]
                                                              
[113/154] generated 10 candidates

generate:  73%|███████▎  | 112/154 [1:23:51<29:10, 41.68s/row]
generate:  73%|███████▎  | 113/154 [1:23:51<24:15, 35.49s/row]
                                                              
[114/154] generated 10 candidates

generate:  73%|███████▎  | 113/154 [1:24:42<24:15, 35.49s/row]
generate:  74%|███████▍  | 114/154 [1:24:42<26:42, 40.05s/row]
                                                              
[115/154] generated 10 candidates

generate:  74%|███████▍  | 114/154 [1:25:33<26:42, 40.05s/row]
generate:  75%|███████▍  | 115/154 [1:25:33<28:04, 43.18s/row]
                                                              
[116/154] generated 10 candidates

generate:  75%|███████▍  | 115/154 [1:26:23<28:04, 43.18s/row]
generate:  75%|███████▌  | 116/154 [1:26:23<28:44, 45.37s/row]
                                                              
[117/154] generated 10 candidates

generate:  75%|███████▌  | 116/154 [1:27:14<28:44, 45.37s/row]
generate:  76%|███████▌  | 117/154 [1:27:14<28:56, 46.93s/row]
                                                              
[118/154] generated 10 candidates

generate:  76%|███████▌  | 117/154 [1:28:00<28:56, 46.93s/row]
generate:  77%|███████▋  | 118/154 [1:28:00<28:00, 46.69s/row]
                                                              
[119/154] generated 10 candidates

generate:  77%|███████▋  | 118/154 [1:28:50<28:00, 46.69s/row]
generate:  77%|███████▋  | 119/154 [1:28:50<27:56, 47.89s/row]
                                                              
[120/154] generated 10 candidates

generate:  77%|███████▋  | 119/154 [1:29:41<27:56, 47.89s/row]
generate:  78%|███████▊  | 120/154 [1:29:41<27:38, 48.79s/row]
                                                              
[121/154] generated 10 candidates

generate:  78%|███████▊  | 120/154 [1:29:54<27:38, 48.79s/row]
generate:  79%|███████▊  | 121/154 [1:29:54<20:49, 37.86s/row]
                                                              
[122/154] generated 10 candidates

generate:  79%|███████▊  | 121/154 [1:30:44<20:49, 37.86s/row]
generate:  79%|███████▉  | 122/154 [1:30:44<22:13, 41.68s/row]
                                                              
[123/154] generated 10 candidates

generate:  79%|███████▉  | 122/154 [1:31:35<22:13, 41.68s/row]
generate:  80%|███████▉  | 123/154 [1:31:35<23:00, 44.52s/row]
                                                              
[124/154] generated 10 candidates

generate:  80%|███████▉  | 123/154 [1:32:26<23:00, 44.52s/row]
generate:  81%|████████  | 124/154 [1:32:26<23:11, 46.40s/row]
                                                              
[125/154] generated 10 candidates

generate:  81%|████████  | 124/154 [1:33:13<23:11, 46.40s/row]
generate:  81%|████████  | 125/154 [1:33:13<22:30, 46.59s/row]
                                                              
[126/154] generated 10 candidates

generate:  81%|████████  | 125/154 [1:33:59<22:30, 46.59s/row]
generate:  82%|████████▏ | 126/154 [1:33:59<21:33, 46.19s/row]
                                                              
[127/154] generated 10 candidates

generate:  82%|████████▏ | 126/154 [1:34:37<21:33, 46.19s/row]
generate:  82%|████████▏ | 127/154 [1:34:37<19:45, 43.92s/row]
                                                              
[128/154] generated 10 candidates

generate:  82%|████████▏ | 127/154 [1:35:28<19:45, 43.92s/row]
generate:  83%|████████▎ | 128/154 [1:35:28<19:54, 45.92s/row]
                                                              
[129/154] generated 10 candidates

generate:  83%|████████▎ | 128/154 [1:36:18<19:54, 45.92s/row]
generate:  84%|████████▍ | 129/154 [1:36:18<19:43, 47.33s/row]
                                                              
[130/154] generated 10 candidates

generate:  84%|████████▍ | 129/154 [1:37:09<19:43, 47.33s/row]
generate:  84%|████████▍ | 130/154 [1:37:09<19:19, 48.29s/row]
                                                              
[131/154] generated 10 candidates

generate:  84%|████████▍ | 130/154 [1:37:59<19:19, 48.29s/row]
generate:  85%|████████▌ | 131/154 [1:37:59<18:46, 48.96s/row]
                                                              
[132/154] generated 10 candidates

generate:  85%|████████▌ | 131/154 [1:38:35<18:46, 48.96s/row]
generate:  86%|████████▌ | 132/154 [1:38:35<16:29, 44.97s/row]
                                                              
[133/154] generated 10 candidates

generate:  86%|████████▌ | 132/154 [1:39:26<16:29, 44.97s/row]
generate:  86%|████████▋ | 133/154 [1:39:26<16:20, 46.68s/row]
                                                              
[134/154] generated 10 candidates

generate:  86%|████████▋ | 133/154 [1:40:16<16:20, 46.68s/row]
generate:  87%|████████▋ | 134/154 [1:40:16<15:57, 47.87s/row]
                                                              
[135/154] generated 10 candidates

generate:  87%|████████▋ | 134/154 [1:40:57<15:57, 47.87s/row]
generate:  88%|████████▊ | 135/154 [1:40:57<14:27, 45.65s/row]
                                                              
[136/154] generated 10 candidates

generate:  88%|████████▊ | 135/154 [1:41:48<14:27, 45.65s/row]
generate:  88%|████████▊ | 136/154 [1:41:48<14:09, 47.17s/row]
                                                              
[137/154] generated 10 candidates

generate:  88%|████████▊ | 136/154 [1:42:38<14:09, 47.17s/row]
generate:  89%|████████▉ | 137/154 [1:42:38<13:39, 48.21s/row]
                                                              
[138/154] generated 10 candidates

generate:  89%|████████▉ | 137/154 [1:43:18<13:39, 48.21s/row]
generate:  90%|████████▉ | 138/154 [1:43:18<12:12, 45.79s/row]
                                                              
[139/154] generated 10 candidates

generate:  90%|████████▉ | 138/154 [1:44:05<12:12, 45.79s/row]
generate:  90%|█████████ | 139/154 [1:44:05<11:31, 46.08s/row]
                                                              
[140/154] generated 10 candidates

generate:  90%|█████████ | 139/154 [1:44:56<11:31, 46.08s/row]
generate:  91%|█████████ | 140/154 [1:44:56<11:05, 47.52s/row]
                                                              
[141/154] generated 10 candidates

generate:  91%|█████████ | 140/154 [1:45:47<11:05, 47.52s/row]
generate:  92%|█████████▏| 141/154 [1:45:47<10:30, 48.46s/row]
                                                              
[142/154] generated 10 candidates

generate:  92%|█████████▏| 141/154 [1:46:37<10:30, 48.46s/row]
generate:  92%|█████████▏| 142/154 [1:46:37<09:49, 49.12s/row]
                                                              
[143/154] generated 10 candidates

generate:  92%|█████████▏| 142/154 [1:46:59<09:49, 49.12s/row]
generate:  93%|█████████▎| 143/154 [1:46:59<07:28, 40.81s/row]
                                                              
[144/154] generated 10 candidates

generate:  93%|█████████▎| 143/154 [1:47:46<07:28, 40.81s/row]
generate:  94%|█████████▎| 144/154 [1:47:46<07:06, 42.63s/row]
                                                              
[145/154] generated 10 candidates

generate:  94%|█████████▎| 144/154 [1:48:37<07:06, 42.63s/row]
generate:  94%|█████████▍| 145/154 [1:48:37<06:46, 45.11s/row]
                                                              
[146/154] generated 10 candidates

generate:  94%|█████████▍| 145/154 [1:49:27<06:46, 45.11s/row]
generate:  95%|█████████▍| 146/154 [1:49:27<06:14, 46.75s/row]
                                                              
[147/154] generated 10 candidates

generate:  95%|█████████▍| 146/154 [1:49:49<06:14, 46.75s/row]
generate:  95%|█████████▌| 147/154 [1:49:49<04:34, 39.23s/row]
                                                              
[148/154] generated 10 candidates

generate:  95%|█████████▌| 147/154 [1:50:24<04:34, 39.23s/row]
generate:  96%|█████████▌| 148/154 [1:50:24<03:49, 38.17s/row]
                                                              
[149/154] generated 10 candidates

generate:  96%|█████████▌| 148/154 [1:51:15<03:49, 38.17s/row]
generate:  97%|█████████▋| 149/154 [1:51:15<03:29, 41.93s/row]
                                                              
[150/154] generated 10 candidates

generate:  97%|█████████▋| 149/154 [1:52:03<03:29, 41.93s/row]
generate:  97%|█████████▋| 150/154 [1:52:03<02:55, 43.82s/row]
                                                              
[151/154] generated 10 candidates

generate:  97%|█████████▋| 150/154 [1:52:50<02:55, 43.82s/row]
generate:  98%|█████████▊| 151/154 [1:52:50<02:13, 44.66s/row]
                                                              
[152/154] generated 10 candidates

generate:  98%|█████████▊| 151/154 [1:53:32<02:13, 44.66s/row]
generate:  99%|█████████▊| 152/154 [1:53:32<01:27, 43.99s/row]
                                                              
[153/154] generated 10 candidates

generate:  99%|█████████▊| 152/154 [1:54:23<01:27, 43.99s/row]
generate:  99%|█████████▉| 153/154 [1:54:23<00:45, 45.99s/row]
                                                              
[154/154] generated 10 candidates

generate:  99%|█████████▉| 153/154 [1:55:14<00:45, 45.99s/row]
generate: 100%|██████████| 154/154 [1:55:14<00:00, 47.39s/row]
generate: 100%|██████████| 154/154 [1:55:14<00:00, 44.90s/row]
wrote /workspace/results/qwen3-8b-base_lora_enc_dec_r64_5e6_gcb_a128_graphv2_clean_s42_prefix_no_gine_eval_gate_zero_compile_predictions.json
wrote /workspace/results/qwen3-8b-base_lora_enc_dec_r64_5e6_gcb_a128_graphv2_clean_s42_prefix_no_gine_eval_gate_zero_compile_predictions.json.provenance.json

Compile and pass evaluation settings match; reusing the same candidate pool.

Calculating metrics...
CodeBLEU Results:
{
  "count": 154,
  "samples_with_success": 154,
  "mean_codebleu": 0.6562094828205235,
  "min_codebleu": 0.48896121188746905,
  "max_codebleu": 0.8059661760515886
}

Compiled-only CodeBLEU Results:
{
  "count": 154,
  "samples_with_success": 89,
  "mean_codebleu": 0.6468137840189615,
  "min_codebleu": 0.31890577194208247,
  "max_codebleu": 0.8059661760515886
}

Using Dart binary: /usr/bin/dart | workers=64

compile@k:   0%|          | 0/154 [00:00<?, ?row/s]
compile@k:   1%|          | 1/154 [00:24<1:02:00, 24.32s/row]
compile@k:  10%|█         | 16/154 [00:25<02:40,  1.17s/row] 
compile@k:  20%|██        | 31/154 [00:26<01:02,  1.97row/s]
compile@k:  41%|████      | 63/154 [00:26<00:17,  5.10row/s]
compile@k:  44%|████▎     | 67/154 [00:31<00:25,  3.37row/s]
compile@k:  45%|████▌     | 70/154 [00:32<00:25,  3.24row/s]
compile@k:  49%|████▉     | 76/154 [00:32<00:19,  4.06row/s]
compile@k:  52%|█████▏    | 80/154 [00:36<00:26,  2.75row/s]
compile@k:  53%|█████▎    | 82/154 [00:41<00:42,  1.68row/s]
compile@k:  56%|█████▌    | 86/154 [00:42<00:34,  1.97row/s]
compile@k:  62%|██████▏   | 96/154 [00:42<00:16,  3.58row/s]
compile@k:  65%|██████▍   | 100/154 [00:44<00:19,  2.84row/s]
compile@k:  67%|██████▋   | 103/154 [00:45<00:17,  2.92row/s]
compile@k:  69%|██████▉   | 107/154 [00:46<00:13,  3.45row/s]
compile@k:  69%|██████▉   | 107/154 [00:59<00:13,  3.45row/s]
compile@k:  77%|███████▋  | 118/154 [01:00<00:28,  1.24row/s]
compile@k:  84%|████████▍ | 129/154 [01:06<00:17,  1.44row/s]
compile@k:  91%|█████████ | 140/154 [01:15<00:10,  1.35row/s]
compile@k: 100%|██████████| 154/154 [01:15<00:00,  2.03row/s]
Compile@k Results:
[1/154] n=10, compiling=7, compile@1=0.7000
[2/154] n=10, compiling=9, compile@1=0.9000
[3/154] n=10, compiling=8, compile@1=0.8000
[4/154] n=10, compiling=10, compile@1=1.0000
[5/154] n=10, compiling=0, compile@1=0.0000
[6/154] n=10, compiling=10, compile@1=1.0000
[7/154] n=10, compiling=3, compile@1=0.3000
[8/154] n=10, compiling=10, compile@1=1.0000
[9/154] n=10, compiling=8, compile@1=0.8000
[10/154] n=10, compiling=2, compile@1=0.2000
[11/154] n=10, compiling=10, compile@1=1.0000
[12/154] n=10, compiling=6, compile@1=0.6000
[13/154] n=10, compiling=9, compile@1=0.9000
[14/154] n=10, compiling=10, compile@1=1.0000
[15/154] n=10, compiling=10, compile@1=1.0000
[16/154] n=10, compiling=7, compile@1=0.7000
[17/154] n=10, compiling=9, compile@1=0.9000
[18/154] n=10, compiling=5, compile@1=0.5000
[19/154] n=10, compiling=9, compile@1=0.9000
[20/154] n=10, compiling=5, compile@1=0.5000
[21/154] n=10, compiling=4, compile@1=0.4000
[22/154] n=10, compiling=9, compile@1=0.9000
[23/154] n=10, compiling=10, compile@1=1.0000
[24/154] n=10, compiling=9, compile@1=0.9000
[25/154] n=10, compiling=9, compile@1=0.9000
[26/154] n=10, compiling=6, compile@1=0.6000
[27/154] n=10, compiling=9, compile@1=0.9000
[28/154] n=10, compiling=8, compile@1=0.8000
[29/154] n=10, compiling=10, compile@1=1.0000
[30/154] n=10, compiling=10, compile@1=1.0000
[31/154] n=10, compiling=9, compile@1=0.9000
[32/154] n=10, compiling=9, compile@1=0.9000
[33/154] n=10, compiling=3, compile@1=0.3000
[34/154] n=10, compiling=10, compile@1=1.0000
[35/154] n=10, compiling=10, compile@1=1.0000
[36/154] n=10, compiling=8, compile@1=0.8000
[37/154] n=10, compiling=10, compile@1=1.0000
[38/154] n=10, compiling=4, compile@1=0.4000
[39/154] n=10, compiling=10, compile@1=1.0000
[40/154] n=10, compiling=10, compile@1=1.0000
[41/154] n=10, compiling=4, compile@1=0.4000
[42/154] n=10, compiling=8, compile@1=0.8000
[43/154] n=10, compiling=10, compile@1=1.0000
[44/154] n=10, compiling=0, compile@1=0.0000
[45/154] n=10, compiling=10, compile@1=1.0000
[46/154] n=10, compiling=9, compile@1=0.9000
[47/154] n=10, compiling=8, compile@1=0.8000
[48/154] n=10, compiling=10, compile@1=1.0000
[49/154] n=10, compiling=9, compile@1=0.9000
[50/154] n=10, compiling=6, compile@1=0.6000
[51/154] n=10, compiling=10, compile@1=1.0000
[52/154] n=10, compiling=8, compile@1=0.8000
[53/154] n=10, compiling=10, compile@1=1.0000
[54/154] n=10, compiling=9, compile@1=0.9000
[55/154] n=10, compiling=7, compile@1=0.7000
[56/154] n=10, compiling=9, compile@1=0.9000
[57/154] n=10, compiling=8, compile@1=0.8000
[58/154] n=10, compiling=10, compile@1=1.0000
[59/154] n=10, compiling=9, compile@1=0.9000
[60/154] n=10, compiling=10, compile@1=1.0000
[61/154] n=10, compiling=2, compile@1=0.2000
[62/154] n=10, compiling=0, compile@1=0.0000
[63/154] n=10, compiling=3, compile@1=0.3000
[64/154] n=10, compiling=10, compile@1=1.0000
[65/154] n=10, compiling=5, compile@1=0.5000
[66/154] n=10, compiling=7, compile@1=0.7000
[67/154] n=10, compiling=10, compile@1=1.0000
[68/154] n=10, compiling=8, compile@1=0.8000
[69/154] n=10, compiling=2, compile@1=0.2000
[70/154] n=10, compiling=7, compile@1=0.7000
[71/154] n=10, compiling=10, compile@1=1.0000
[72/154] n=10, compiling=6, compile@1=0.6000
[73/154] n=10, compiling=5, compile@1=0.5000
[74/154] n=10, compiling=2, compile@1=0.2000
[75/154] n=10, compiling=9, compile@1=0.9000
[76/154] n=10, compiling=6, compile@1=0.6000
[77/154] n=10, compiling=10, compile@1=1.0000
[78/154] n=10, compiling=10, compile@1=1.0000
[79/154] n=10, compiling=7, compile@1=0.7000
[80/154] n=10, compiling=6, compile@1=0.6000
[81/154] n=10, compiling=9, compile@1=0.9000
[82/154] n=10, compiling=1, compile@1=0.1000
[83/154] n=10, compiling=2, compile@1=0.2000
[84/154] n=10, compiling=10, compile@1=1.0000
[85/154] n=10, compiling=5, compile@1=0.5000
[86/154] n=10, compiling=0, compile@1=0.0000
[87/154] n=10, compiling=7, compile@1=0.7000
[88/154] n=10, compiling=7, compile@1=0.7000
[89/154] n=10, compiling=8, compile@1=0.8000
[90/154] n=10, compiling=9, compile@1=0.9000
[91/154] n=10, compiling=5, compile@1=0.5000
[92/154] n=10, compiling=10, compile@1=1.0000
[93/154] n=10, compiling=4, compile@1=0.4000
[94/154] n=10, compiling=2, compile@1=0.2000
[95/154] n=10, compiling=7, compile@1=0.7000
[96/154] n=10, compiling=9, compile@1=0.9000
[97/154] n=10, compiling=3, compile@1=0.3000
[98/154] n=10, compiling=9, compile@1=0.9000
[99/154] n=10, compiling=10, compile@1=1.0000
[100/154] n=10, compiling=6, compile@1=0.6000
[101/154] n=10, compiling=3, compile@1=0.3000
[102/154] n=10, compiling=7, compile@1=0.7000
[103/154] n=10, compiling=5, compile@1=0.5000
[104/154] n=10, compiling=10, compile@1=1.0000
[105/154] n=10, compiling=9, compile@1=0.9000
[106/154] n=10, compiling=0, compile@1=0.0000
[107/154] n=10, compiling=4, compile@1=0.4000
[108/154] n=10, compiling=4, compile@1=0.4000
[109/154] n=10, compiling=7, compile@1=0.7000
[110/154] n=10, compiling=3, compile@1=0.3000
[111/154] n=10, compiling=8, compile@1=0.8000
[112/154] n=10, compiling=8, compile@1=0.8000
[113/154] n=10, compiling=8, compile@1=0.8000
[114/154] n=10, compiling=8, compile@1=0.8000
[115/154] n=10, compiling=6, compile@1=0.6000
[116/154] n=10, compiling=0, compile@1=0.0000
[117/154] n=10, compiling=7, compile@1=0.7000
[118/154] n=10, compiling=10, compile@1=1.0000
[119/154] n=10, compiling=10, compile@1=1.0000
[120/154] n=10, compiling=9, compile@1=0.9000
[121/154] n=10, compiling=0, compile@1=0.0000
[122/154] n=10, compiling=8, compile@1=0.8000
[123/154] n=10, compiling=1, compile@1=0.1000
[124/154] n=10, compiling=10, compile@1=1.0000
[125/154] n=10, compiling=10, compile@1=1.0000
[126/154] n=10, compiling=10, compile@1=1.0000
[127/154] n=10, compiling=1, compile@1=0.1000
[128/154] n=10, compiling=10, compile@1=1.0000
[129/154] n=10, compiling=8, compile@1=0.8000
[130/154] n=10, compiling=5, compile@1=0.5000
[131/154] n=10, compiling=10, compile@1=1.0000
[132/154] n=10, compiling=9, compile@1=0.9000
[133/154] n=10, compiling=7, compile@1=0.7000
[134/154] n=10, compiling=6, compile@1=0.6000
[135/154] n=10, compiling=10, compile@1=1.0000
[136/154] n=10, compiling=4, compile@1=0.4000
[137/154] n=10, compiling=5, compile@1=0.5000
[138/154] n=10, compiling=7, compile@1=0.7000
[139/154] n=10, compiling=9, compile@1=0.9000
[140/154] n=10, compiling=9, compile@1=0.9000
[141/154] n=10, compiling=7, compile@1=0.7000
[142/154] n=10, compiling=9, compile@1=0.9000
[143/154] n=10, compiling=1, compile@1=0.1000
[144/154] n=10, compiling=9, compile@1=0.9000
[145/154] n=10, compiling=0, compile@1=0.0000
[146/154] n=10, compiling=8, compile@1=0.8000
[147/154] n=10, compiling=7, compile@1=0.7000
[148/154] n=10, compiling=4, compile@1=0.4000
[149/154] n=10, compiling=7, compile@1=0.7000
[150/154] n=10, compiling=9, compile@1=0.9000
[151/154] n=10, compiling=9, compile@1=0.9000
[152/154] n=10, compiling=10, compile@1=1.0000
[153/154] n=10, compiling=0, compile@1=0.0000
[154/154] n=10, compiling=7, compile@1=0.7000
{
  "compile_at_1": 0.7000000000000004,
  "compile_at_5": 0.9151978973407545,
  "total_problems": 154
}

Using Dart binary: /usr/bin/dart | workers=64

pass@k:   0%|          | 0/154 [00:00<?, ?row/s]
pass@k:   1%|          | 1/154 [00:17<45:09, 17.71s/row]
pass@k:   1%|▏         | 2/154 [00:19<21:11,  8.37s/row]
pass@k:   2%|▏         | 3/154 [00:20<12:39,  5.03s/row]
pass@k:   5%|▍         | 7/154 [00:24<05:19,  2.17s/row]
pass@k:  27%|██▋       | 41/154 [00:25<00:26,  4.29row/s]
pass@k:  42%|████▏     | 65/154 [00:38<00:33,  2.63row/s]
pass@k:  43%|████▎     | 66/154 [00:44<00:46,  1.89row/s]
pass@k:  46%|████▌     | 71/154 [00:44<00:37,  2.24row/s]
pass@k:  52%|█████▏    | 80/154 [00:45<00:26,  2.81row/s]
pass@k:  54%|█████▍    | 83/154 [00:48<00:30,  2.32row/s]
pass@k:  77%|███████▋  | 118/154 [00:59<00:12,  2.83row/s]
pass@k:  84%|████████▍ | 129/154 [01:19<00:17,  1.45row/s]
pass@k:  91%|█████████ | 140/154 [01:21<00:08,  1.74row/s]
pass@k: 100%|██████████| 154/154 [01:21<00:00,  1.88row/s]
Pass@k Results:
[1/154] n=10, passed=0, pass@1=0.0000
[2/154] n=10, passed=0, pass@1=0.0000
[3/154] n=10, passed=0, pass@1=0.0000
[4/154] n=10, passed=10, pass@1=1.0000
[5/154] n=10, passed=0, pass@1=0.0000
[6/154] n=10, passed=10, pass@1=1.0000
[7/154] n=10, passed=0, pass@1=0.0000
[8/154] n=10, passed=10, pass@1=1.0000
[9/154] n=10, passed=0, pass@1=0.0000
[10/154] n=10, passed=2, pass@1=0.2000
[11/154] n=10, passed=0, pass@1=0.0000
[12/154] n=10, passed=0, pass@1=0.0000
[13/154] n=10, passed=8, pass@1=0.8000
[14/154] n=10, passed=10, pass@1=1.0000
[15/154] n=10, passed=9, pass@1=0.9000
[16/154] n=10, passed=0, pass@1=0.0000
[17/154] n=10, passed=0, pass@1=0.0000
[18/154] n=10, passed=0, pass@1=0.0000
[19/154] n=10, passed=9, pass@1=0.9000
[20/154] n=10, passed=0, pass@1=0.0000
[21/154] n=10, passed=0, pass@1=0.0000
[22/154] n=10, passed=4, pass@1=0.4000
[23/154] n=10, passed=9, pass@1=0.9000
[24/154] n=10, passed=0, pass@1=0.0000
[25/154] n=10, passed=0, pass@1=0.0000
[26/154] n=10, passed=4, pass@1=0.4000
[27/154] n=10, passed=6, pass@1=0.6000
[28/154] n=10, passed=8, pass@1=0.8000
[29/154] n=10, passed=10, pass@1=1.0000
[30/154] n=10, passed=10, pass@1=1.0000
[31/154] n=10, passed=0, pass@1=0.0000
[32/154] n=10, passed=0, pass@1=0.0000
[33/154] n=10, passed=3, pass@1=0.3000
[34/154] n=10, passed=0, pass@1=0.0000
[35/154] n=10, passed=0, pass@1=0.0000
[36/154] n=10, passed=0, pass@1=0.0000
[37/154] n=10, passed=3, pass@1=0.3000
[38/154] n=10, passed=0, pass@1=0.0000
[39/154] n=10, passed=10, pass@1=1.0000
[40/154] n=10, passed=4, pass@1=0.4000
[41/154] n=10, passed=3, pass@1=0.3000
[42/154] n=10, passed=8, pass@1=0.8000
[43/154] n=10, passed=0, pass@1=0.0000
[44/154] n=10, passed=0, pass@1=0.0000
[45/154] n=10, passed=10, pass@1=1.0000
[46/154] n=10, passed=0, pass@1=0.0000
[47/154] n=10, passed=7, pass@1=0.7000
[48/154] n=10, passed=10, pass@1=1.0000
[49/154] n=10, passed=9, pass@1=0.9000
[50/154] n=10, passed=0, pass@1=0.0000
[51/154] n=10, passed=9, pass@1=0.9000
[52/154] n=10, passed=0, pass@1=0.0000
[53/154] n=10, passed=6, pass@1=0.6000
[54/154] n=10, passed=0, pass@1=0.0000
[55/154] n=10, passed=5, pass@1=0.5000
[56/154] n=10, passed=9, pass@1=0.9000
[57/154] n=10, passed=8, pass@1=0.8000
[58/154] n=10, passed=0, pass@1=0.0000
[59/154] n=10, passed=0, pass@1=0.0000
[60/154] n=10, passed=0, pass@1=0.0000
[61/154] n=10, passed=0, pass@1=0.0000
[62/154] n=10, passed=0, pass@1=0.0000
[63/154] n=10, passed=0, pass@1=0.0000
[64/154] n=10, passed=0, pass@1=0.0000
[65/154] n=10, passed=0, pass@1=0.0000
[66/154] n=10, passed=0, pass@1=0.0000
[67/154] n=10, passed=0, pass@1=0.0000
[68/154] n=10, passed=0, pass@1=0.0000
[69/154] n=10, passed=0, pass@1=0.0000
[70/154] n=10, passed=0, pass@1=0.0000
[71/154] n=10, passed=0, pass@1=0.0000
[72/154] n=10, passed=0, pass@1=0.0000
[73/154] n=10, passed=0, pass@1=0.0000
[74/154] n=10, passed=0, pass@1=0.0000
[75/154] n=10, passed=0, pass@1=0.0000
[76/154] n=10, passed=0, pass@1=0.0000
[77/154] n=10, passed=0, pass@1=0.0000
[78/154] n=10, passed=10, pass@1=1.0000
[79/154] n=10, passed=0, pass@1=0.0000
[80/154] n=10, passed=0, pass@1=0.0000
[81/154] n=10, passed=0, pass@1=0.0000
[82/154] n=10, passed=0, pass@1=0.0000
[83/154] n=10, passed=0, pass@1=0.0000
[84/154] n=10, passed=0, pass@1=0.0000
[85/154] n=10, passed=0, pass@1=0.0000
[86/154] n=10, passed=0, pass@1=0.0000
[87/154] n=10, passed=0, pass@1=0.0000
[88/154] n=10, passed=0, pass@1=0.0000
[89/154] n=10, passed=0, pass@1=0.0000
[90/154] n=10, passed=0, pass@1=0.0000
[91/154] n=10, passed=0, pass@1=0.0000
[92/154] n=10, passed=0, pass@1=0.0000
[93/154] n=10, passed=0, pass@1=0.0000
[94/154] n=10, passed=0, pass@1=0.0000
[95/154] n=10, passed=4, pass@1=0.4000
[96/154] n=10, passed=0, pass@1=0.0000
[97/154] n=10, passed=0, pass@1=0.0000
[98/154] n=10, passed=0, pass@1=0.0000
[99/154] n=10, passed=0, pass@1=0.0000
[100/154] n=10, passed=0, pass@1=0.0000
[101/154] n=10, passed=0, pass@1=0.0000
[102/154] n=10, passed=0, pass@1=0.0000
[103/154] n=10, passed=0, pass@1=0.0000
[104/154] n=10, passed=0, pass@1=0.0000
[105/154] n=10, passed=0, pass@1=0.0000
[106/154] n=10, passed=0, pass@1=0.0000
[107/154] n=10, passed=0, pass@1=0.0000
[108/154] n=10, passed=0, pass@1=0.0000
[109/154] n=10, passed=0, pass@1=0.0000
[110/154] n=10, passed=0, pass@1=0.0000
[111/154] n=10, passed=0, pass@1=0.0000
[112/154] n=10, passed=0, pass@1=0.0000
[113/154] n=10, passed=0, pass@1=0.0000
[114/154] n=10, passed=0, pass@1=0.0000
[115/154] n=10, passed=0, pass@1=0.0000
[116/154] n=10, passed=0, pass@1=0.0000
[117/154] n=10, passed=0, pass@1=0.0000
[118/154] n=10, passed=0, pass@1=0.0000
[119/154] n=10, passed=0, pass@1=0.0000
[120/154] n=10, passed=0, pass@1=0.0000
[121/154] n=10, passed=0, pass@1=0.0000
[122/154] n=10, passed=0, pass@1=0.0000
[123/154] n=10, passed=0, pass@1=0.0000
[124/154] n=10, passed=0, pass@1=0.0000
[125/154] n=10, passed=0, pass@1=0.0000
[126/154] n=10, passed=0, pass@1=0.0000
[127/154] n=10, passed=0, pass@1=0.0000
[128/154] n=10, passed=0, pass@1=0.0000
[129/154] n=10, passed=0, pass@1=0.0000
[130/154] n=10, passed=0, pass@1=0.0000
[131/154] n=10, passed=0, pass@1=0.0000
[132/154] n=10, passed=0, pass@1=0.0000
[133/154] n=10, passed=0, pass@1=0.0000
[134/154] n=10, passed=0, pass@1=0.0000
[135/154] n=10, passed=0, pass@1=0.0000
[136/154] n=10, passed=0, pass@1=0.0000
[137/154] n=10, passed=0, pass@1=0.0000
[138/154] n=10, passed=0, pass@1=0.0000
[139/154] n=10, passed=0, pass@1=0.0000
[140/154] n=10, passed=0, pass@1=0.0000
[141/154] n=10, passed=0, pass@1=0.0000
[142/154] n=10, passed=0, pass@1=0.0000
[143/154] n=10, passed=0, pass@1=0.0000
[144/154] n=10, passed=0, pass@1=0.0000
[145/154] n=10, passed=0, pass@1=0.0000
[146/154] n=10, passed=0, pass@1=0.0000
[147/154] n=10, passed=0, pass@1=0.0000
[148/154] n=10, passed=0, pass@1=0.0000
[149/154] n=10, passed=7, pass@1=0.7000
[150/154] n=10, passed=0, pass@1=0.0000
[151/154] n=10, passed=0, pass@1=0.0000
[152/154] n=10, passed=0, pass@1=0.0000
[153/154] n=10, passed=0, pass@1=0.0000
[154/154] n=10, passed=0, pass@1=0.0000
{
  "pass_at_1": 0.15844155844155847,
  "pass_at_5": 0.21057513914656772,
  "pass_at_10": 0.21428571428571427,
  "total_problems": 154
}

Results summary saved to /workspace/results/sweeps_antigravity/qwen3-8b-base_lora_enc_dec_r64_5e6_gcb_a128_graphv2_clean_s42_prefix_no_gine_eval_gate_zero.json

Compiling candidate-level metrics to CSV: /workspace/results/sweeps_antigravity/qwen3-8b-base_lora_enc_dec_r64_5e6_gcb_a128_graphv2_clean_s42_prefix_no_gine_eval_gate_zero_compile_stats.csv ...
Using Dart binary: /usr/bin/dart
Stats CSV workers=64

stats CSV:   0%|          | 0/154 [00:00<?, ?row/s]
stats CSV:   1%|          | 1/154 [00:21<55:35, 21.80s/row]
stats CSV:   1%|▏         | 2/154 [00:23<24:40,  9.74s/row]
stats CSV:   5%|▍         | 7/154 [00:26<06:03,  2.48s/row]
stats CSV:  27%|██▋       | 41/154 [00:31<00:46,  2.44row/s]
stats CSV:  42%|████▏     | 65/154 [00:43<00:40,  2.21row/s]
stats CSV:  43%|████▎     | 66/154 [00:45<00:42,  2.08row/s]
stats CSV:  44%|████▎     | 67/154 [00:46<00:44,  1.94row/s]
stats CSV:  44%|████▍     | 68/154 [00:46<00:42,  2.02row/s]
stats CSV:  45%|████▍     | 69/154 [00:47<00:40,  2.08row/s]
stats CSV:  45%|████▌     | 70/154 [00:48<00:50,  1.67row/s]
stats CSV:  48%|████▊     | 74/154 [00:50<00:40,  1.95row/s]
stats CSV:  53%|█████▎    | 82/154 [00:50<00:21,  3.40row/s]
stats CSV:  66%|██████▌   | 101/154 [00:52<00:08,  6.51row/s]
stats CSV:  77%|███████▋  | 118/154 [01:05<00:15,  2.26row/s]
stats CSV:  84%|████████▍ | 129/154 [01:24<00:20,  1.23row/s]
stats CSV:  91%|█████████ | 140/154 [01:27<00:09,  1.53row/s]
stats CSV: 100%|██████████| 154/154 [01:27<00:00,  1.76row/s]
Successfully compiled per-problem statistics to: /workspace/results/sweeps_antigravity/qwen3-8b-base_lora_enc_dec_r64_5e6_gcb_a128_graphv2_clean_s42_prefix_no_gine_eval_gate_zero_compile_stats.csv

Reusing aligned candidate-level statistics: /workspace/results/sweeps_antigravity/qwen3-8b-base_lora_enc_dec_r64_5e6_gcb_a128_graphv2_clean_s42_prefix_no_gine_eval_gate_zero_pass_stats.csv
HF upload complete: raafatabualazm/antigravity-qwen3-8b-artifacts/results/qwen3-8b-base_lora_enc_dec_r64_5e6_gcb_a128_graphv2_clean_s42_prefix_no_gine_eval_gate_zero_compile_predictions.json
HF upload complete: raafatabualazm/antigravity-qwen3-8b-artifacts/results/qwen3-8b-base_lora_enc_dec_r64_5e6_gcb_a128_graphv2_clean_s42_prefix_no_gine_eval_gate_zero_pass_predictions.json
HF upload complete: raafatabualazm/antigravity-qwen3-8b-artifacts/results/sweeps_antigravity/qwen3-8b-base_lora_enc_dec_r64_5e6_gcb_a128_graphv2_clean_s42_prefix_no_gine_eval_gate_zero.json
HF upload complete: raafatabualazm/antigravity-qwen3-8b-artifacts/results/sweeps_antigravity/qwen3-8b-base_lora_enc_dec_r64_5e6_gcb_a128_graphv2_clean_s42_prefix_no_gine_eval_gate_zero_compile_stats.csv
HF upload complete: raafatabualazm/antigravity-qwen3-8b-artifacts/results/sweeps_antigravity/qwen3-8b-base_lora_enc_dec_r64_5e6_gcb_a128_graphv2_clean_s42_prefix_no_gine_eval_gate_zero_pass_stats.csv

=== x86_causal_prefix_no_gine_prefix_permuted (estimate 0.80 h) ===
/venv/main/bin/python /workspace/configs/run_sweeps_antigravity.py --experiment qwen3-8b-base_lora_enc_dec_r16_5e6_gcb --encoder gcb --max_risk high --hardware_profile rtx6000 --force_rerun --decoder_revision b968826d9c46dd6066d109eabc6255188de91218 --encoder_revision 2b0488a7bb0eefc7041f1bb2cad1ab26b0da269d --seed 42 --train_file data/datasets/dart_all_graphv2_train.jsonl --eval_file data/datasets/dart_all_graphv2_validation.jsonl --compile_dataset data/testing/grpo_data_graphv2.jsonl --pass_dataset data/testing/grpo_data_graphv2.jsonl --compile_mode jit_tests --epochs 4 --sft_lr 5e-6 --lora_r 64 --lora_alpha 128 --load_4bit 0 --attn_implementation sdpa --gradient_checkpointing 1 --train_batch_size 4 --grad_accum 16 --qwen_prefix_gate_init 0.2 --qwen_prefix_gate_mode token --qwen_prefix_rms_match 1 --decoder_prompt_max_length 2048 --prompt_fit_assembly 1 --auto_cfg 0 --max_block_instrs 20 --position_scheme roberta --causal_position_ids cumsum --use_reasoning 0 --eval_max_new_tokens 768 --generation_batch_size 10 --num_samples 10 --pass_num_samples 10 --metric_workers 64 --save_strategy no --save_total_limit 1 --gnn_layers 4 --global_attention_ablation full --name_suffix _graphv2_clean_s42_prefix_no_gine_eval_prefix_permuted --skip_training --sft_checkpoint /workspace/artifacts/qwen3-8b-base_lora_enc_dec_r64_5e6_gcb_a128_graphv2_clean_s42_prefix_no_gine/pytorch_model.bin --qwen_prefix_tokens 64 --qwen_prefix_dynamic 1 --qwen_prefix_min_tokens 4 --qwen_prefix_tokens_per_log2 4 --prompt_assembly_mode none --prompt_fit_assembly 0 --prompt_clean_asm 0 --dfg_mode edges --edge_ablation full --gnn_ablation identity --add_reverse_edges 1 --block_position_mode sinusoidal --eval_graph_input_ablation cyclic_shift --eval_graph_ablation_seed 20260713 --hf_repo raafatabualazm/antigravity-qwen3-8b-artifacts --hf_private 1 --hf_upload_checkpoints 1
CLI overrides applied to all sweeps: epochs=4, lora_r=64, lora_alpha=128

>>> Stage: SFT for qwen3-8b-base_lora_enc_dec_r64_5e6_gcb_a128_graphv2_clean_s42_prefix_no_gine_eval_prefix_permuted

==================================================
RUNNING EXPERIMENT: qwen3-8b-base_lora_enc_dec_r64_5e6_gcb_a128_graphv2_clean_s42_prefix_no_gine_eval_prefix_permuted
Decoder: Qwen/Qwen3-8B
Encoder PEFT: lora | Decoder PEFT: lora
LR: 5e-6 | Epochs: 4
OOM Risk (on 6GB VRAM): HIGH
Training Mode: SFT (Supervised Fine-Tuning)
==================================================

Dynamic Batch Size: 4 | Grad Accum: 16 | LoRA R: 64 | Alpha: 128 | Qwen prefix tokens: 64 | Qwen gate init: 0.2 | Qwen gate mode: token | Dynamic prefix: 1 [4, 4/log2] | Prefix RMS match: 1 | Prompt tokens: 2048 | Reasoning: 0 | Attention: sdpa | Grad ckpt: 1
Graph channel: dfg_mode=edges | edge_ablation=full | gnn_ablation=identity | gnn_layers=4 | global_attention=full | reverse_edges=1 | block_positions=sinusoidal | position_scheme=roberta | causal_position_ids=cumsum | grpo_train_graph_glue=1 | auto_cfg=0
SFT stage: Continuing from checkpoint: /workspace/artifacts/qwen3-8b-base_lora_enc_dec_r64_5e6_gcb_a128_graphv2_clean_s42_prefix_no_gine/pytorch_model.bin
Skipping training; evaluating existing checkpoint: /workspace/artifacts/qwen3-8b-base_lora_enc_dec_r64_5e6_gcb_a128_graphv2_clean_s42_prefix_no_gine/pytorch_model.bin

Running multi-sample inference for legacy compile/CodeBLEU tasks...

Loading weights:   0%|          | 0/197 [00:00<?, ?it/s]
Loading weights: 100%|██████████| 197/197 [00:00<00:00, 49282.95it/s]
Decoder attention implementation: sdpa

Loading weights:   0%|          | 0/399 [00:00<?, ?it/s]
Loading weights: 100%|██████████| 399/399 [00:00<00:00, 8310.96it/s]
Enabled decoder gradient checkpointing.
Enabled Qwen graph glue: 64 learned prefix tokens, dynamic=1, gate_mode=token, gate_init=0.2
Qwen prefix RMS matching ON: target token RMS 0.022050
Applied PEFT LORA (r=64, alpha=128) to LocalBlockEncoder
Enabled local block encoder gradient checkpointing.
Applied PEFT LORA (r=64, alpha=128) to Decoder
loaded checkpoint: /workspace/artifacts/qwen3-8b-base_lora_enc_dec_r64_5e6_gcb_a128_graphv2_clean_s42_prefix_no_gine/pytorch_model.bin
Loaded parameters with strict=False. Missing keys: 602, Unexpected keys: 0
Qwen graph prefix gate: 0.200004
Inference mode: decoder gradient checkpointing OFF; KV cache ON
Graph input ablation: cyclic_shift (seed=20260713, mapping_sha256=89e846f1a60521542074eba296bd626836f75e264013e6c98eae70dcc5d20dc9)

generate:   0%|          | 0/154 [00:00<?, ?row/s]
                                                  
[1/154] generated 10 candidates

generate:   0%|          | 0/154 [00:09<?, ?row/s]
generate:   1%|          | 1/154 [00:09<24:47,  9.72s/row]
                                                          
[2/154] generated 10 candidates

generate:   1%|          | 1/154 [00:32<24:47,  9.72s/row]
generate:   1%|▏         | 2/154 [00:32<44:45, 17.67s/row]
                                                          
[3/154] generated 10 candidates

generate:   1%|▏         | 2/154 [00:43<44:45, 17.67s/row]
generate:   2%|▏         | 3/154 [00:43<36:05, 14.34s/row]
                                                          
[4/154] generated 10 candidates

generate:   2%|▏         | 3/154 [00:54<36:05, 14.34s/row]
generate:   3%|▎         | 4/154 [00:54<32:52, 13.15s/row]
                                                          
[5/154] generated 10 candidates

generate:   3%|▎         | 4/154 [01:03<32:52, 13.15s/row]
generate:   3%|▎         | 5/154 [01:03<28:56, 11.66s/row]
                                                          
[6/154] generated 10 candidates

generate:   3%|▎         | 5/154 [01:10<28:56, 11.66s/row]
generate:   4%|▍         | 6/154 [01:10<25:00, 10.14s/row]
                                                          
[7/154] generated 10 candidates

generate:   4%|▍         | 6/154 [01:22<25:00, 10.14s/row]
generate:   5%|▍         | 7/154 [01:22<26:13, 10.71s/row]
                                                          
[8/154] generated 10 candidates

generate:   5%|▍         | 7/154 [01:28<26:13, 10.71s/row]
generate:   5%|▌         | 8/154 [01:28<22:25,  9.22s/row]
                                                          
[9/154] generated 10 candidates

generate:   5%|▌         | 8/154 [01:36<22:25,  9.22s/row]
generate:   6%|▌         | 9/154 [01:36<21:24,  8.86s/row]
                                                          
[10/154] generated 10 candidates

generate:   6%|▌         | 9/154 [01:44<21:24,  8.86s/row]
generate:   6%|▋         | 10/154 [01:44<20:31,  8.55s/row]
                                                           
[11/154] generated 10 candidates

generate:   6%|▋         | 10/154 [01:52<20:31,  8.55s/row]
generate:   7%|▋         | 11/154 [01:52<19:57,  8.37s/row]
                                                           
[12/154] generated 10 candidates

generate:   7%|▋         | 11/154 [02:03<19:57,  8.37s/row]
generate:   8%|▊         | 12/154 [02:03<21:29,  9.08s/row]
                                                           
[13/154] generated 10 candidates

generate:   8%|▊         | 12/154 [02:11<21:29,  9.08s/row]
generate:   8%|▊         | 13/154 [02:11<20:29,  8.72s/row]
                                                           
[14/154] generated 10 candidates

generate:   8%|▊         | 13/154 [02:16<20:29,  8.72s/row]
generate:   9%|▉         | 14/154 [02:16<18:01,  7.73s/row]
                                                           
[15/154] generated 10 candidates

generate:   9%|▉         | 14/154 [02:27<18:01,  7.73s/row]
generate:  10%|▉         | 15/154 [02:27<20:02,  8.65s/row]
                                                           
[16/154] generated 10 candidates

generate:  10%|▉         | 15/154 [02:48<20:02,  8.65s/row]
generate:  10%|█         | 16/154 [02:48<28:38, 12.45s/row]
                                                           
[17/154] generated 10 candidates

generate:  10%|█         | 16/154 [02:59<28:38, 12.45s/row]
generate:  11%|█         | 17/154 [02:59<27:21, 11.98s/row]
                                                           
[18/154] generated 10 candidates

generate:  11%|█         | 17/154 [03:50<27:21, 11.98s/row]
generate:  12%|█▏        | 18/154 [03:50<53:27, 23.59s/row]
                                                           
[19/154] generated 10 candidates

generate:  12%|█▏        | 18/154 [04:02<53:27, 23.59s/row]
generate:  12%|█▏        | 19/154 [04:02<45:26, 20.20s/row]
                                                           
[20/154] generated 10 candidates

generate:  12%|█▏        | 19/154 [04:17<45:26, 20.20s/row]
generate:  13%|█▎        | 20/154 [04:17<41:18, 18.50s/row]
                                                           
[21/154] generated 10 candidates

generate:  13%|█▎        | 20/154 [04:39<41:18, 18.50s/row]
generate:  14%|█▎        | 21/154 [04:39<43:32, 19.64s/row]
                                                           
[22/154] generated 10 candidates

generate:  14%|█▎        | 21/154 [04:48<43:32, 19.64s/row]
generate:  14%|█▍        | 22/154 [04:48<36:18, 16.51s/row]
                                                           
[23/154] generated 10 candidates

generate:  14%|█▍        | 22/154 [04:55<36:18, 16.51s/row]
generate:  15%|█▍        | 23/154 [04:55<29:34, 13.55s/row]
                                                           
[24/154] generated 10 candidates

generate:  15%|█▍        | 23/154 [05:04<29:34, 13.55s/row]
generate:  16%|█▌        | 24/154 [05:04<26:34, 12.27s/row]
                                                           
[25/154] generated 10 candidates

generate:  16%|█▌        | 24/154 [05:14<26:34, 12.27s/row]
generate:  16%|█▌        | 25/154 [05:14<24:39, 11.47s/row]
                                                           
[26/154] generated 10 candidates

generate:  16%|█▌        | 25/154 [05:21<24:39, 11.47s/row]
generate:  17%|█▋        | 26/154 [05:21<21:56, 10.28s/row]
                                                           
[27/154] generated 10 candidates

generate:  17%|█▋        | 26/154 [05:27<21:56, 10.28s/row]
generate:  18%|█▊        | 27/154 [05:27<19:09,  9.05s/row]
                                                           
[28/154] generated 10 candidates

generate:  18%|█▊        | 27/154 [05:33<19:09,  9.05s/row]
generate:  18%|█▊        | 28/154 [05:33<16:46,  7.99s/row]
                                                           
[29/154] generated 10 candidates

generate:  18%|█▊        | 28/154 [05:38<16:46,  7.99s/row]
generate:  19%|█▉        | 29/154 [05:38<14:55,  7.16s/row]
                                                           
[30/154] generated 10 candidates

generate:  19%|█▉        | 29/154 [05:47<14:55,  7.16s/row]
generate:  19%|█▉        | 30/154 [05:47<16:08,  7.81s/row]
                                                           
[31/154] generated 10 candidates

generate:  19%|█▉        | 30/154 [06:04<16:08,  7.81s/row]
generate:  20%|██        | 31/154 [06:04<21:13, 10.35s/row]
                                                           
[32/154] generated 10 candidates

generate:  20%|██        | 31/154 [06:13<21:13, 10.35s/row]
generate:  21%|██        | 32/154 [06:13<20:29, 10.08s/row]
                                                           
[33/154] generated 10 candidates

generate:  21%|██        | 32/154 [06:20<20:29, 10.08s/row]
generate:  21%|██▏       | 33/154 [06:20<18:32,  9.20s/row]
                                                           
[34/154] generated 10 candidates

generate:  21%|██▏       | 33/154 [06:31<18:32,  9.20s/row]
generate:  22%|██▏       | 34/154 [06:31<19:14,  9.62s/row]
                                                           
[35/154] generated 10 candidates

generate:  22%|██▏       | 34/154 [06:43<19:14,  9.62s/row]
generate:  23%|██▎       | 35/154 [06:43<20:32, 10.36s/row]
                                                           
[36/154] generated 10 candidates

generate:  23%|██▎       | 35/154 [07:03<20:32, 10.36s/row]
generate:  23%|██▎       | 36/154 [07:03<26:11, 13.32s/row]
                                                           
[37/154] generated 10 candidates

generate:  23%|██▎       | 36/154 [07:16<26:11, 13.32s/row]
generate:  24%|██▍       | 37/154 [07:16<25:27, 13.06s/row]
                                                           
[38/154] generated 10 candidates

generate:  24%|██▍       | 37/154 [07:32<25:27, 13.06s/row]
generate:  25%|██▍       | 38/154 [07:32<26:58, 13.96s/row]
                                                           
[39/154] generated 10 candidates

generate:  25%|██▍       | 38/154 [07:44<26:58, 13.96s/row]
generate:  25%|██▌       | 39/154 [07:44<26:05, 13.62s/row]
                                                           
[40/154] generated 10 candidates

generate:  25%|██▌       | 39/154 [07:56<26:05, 13.62s/row]
generate:  26%|██▌       | 40/154 [07:56<24:46, 13.04s/row]
                                                           
[41/154] generated 10 candidates

generate:  26%|██▌       | 40/154 [08:13<24:46, 13.04s/row]
generate:  27%|██▋       | 41/154 [08:13<26:53, 14.28s/row]
                                                           
[42/154] generated 10 candidates

generate:  27%|██▋       | 41/154 [08:18<26:53, 14.28s/row]
generate:  27%|██▋       | 42/154 [08:18<21:07, 11.32s/row]
                                                           
[43/154] generated 10 candidates

generate:  27%|██▋       | 42/154 [08:26<21:07, 11.32s/row]
generate:  28%|██▊       | 43/154 [08:26<19:08, 10.35s/row]
                                                           
[44/154] generated 10 candidates

generate:  28%|██▊       | 43/154 [08:38<19:08, 10.35s/row]
generate:  29%|██▊       | 44/154 [08:38<19:52, 10.84s/row]
                                                           
[45/154] generated 10 candidates

generate:  29%|██▊       | 44/154 [08:53<19:52, 10.84s/row]
generate:  29%|██▉       | 45/154 [08:53<21:50, 12.02s/row]
                                                           
[46/154] generated 10 candidates

generate:  29%|██▉       | 45/154 [09:10<21:50, 12.02s/row]
generate:  30%|██▉       | 46/154 [09:10<24:41, 13.72s/row]
                                                           
[47/154] generated 10 candidates

generate:  30%|██▉       | 46/154 [09:17<24:41, 13.72s/row]
generate:  31%|███       | 47/154 [09:17<20:37, 11.57s/row]
                                                           
[48/154] generated 10 candidates

generate:  31%|███       | 47/154 [09:33<20:37, 11.57s/row]
generate:  31%|███       | 48/154 [09:33<22:59, 13.01s/row]
                                                           
[49/154] generated 10 candidates

generate:  31%|███       | 48/154 [09:37<22:59, 13.01s/row]
generate:  32%|███▏      | 49/154 [09:37<18:02, 10.31s/row]
                                                           
[50/154] generated 10 candidates

generate:  32%|███▏      | 49/154 [10:08<18:02, 10.31s/row]
generate:  32%|███▏      | 50/154 [10:08<28:36, 16.50s/row]
                                                           
[51/154] generated 10 candidates

generate:  32%|███▏      | 50/154 [10:25<28:36, 16.50s/row]
generate:  33%|███▎      | 51/154 [10:25<28:38, 16.68s/row]
                                                           
[52/154] generated 10 candidates

generate:  33%|███▎      | 51/154 [10:36<28:38, 16.68s/row]
generate:  34%|███▍      | 52/154 [10:36<25:10, 14.81s/row]
                                                           
[53/154] generated 10 candidates

generate:  34%|███▍      | 52/154 [10:49<25:10, 14.81s/row]
generate:  34%|███▍      | 53/154 [10:49<24:23, 14.49s/row]
                                                           
[54/154] generated 10 candidates

generate:  34%|███▍      | 53/154 [11:02<24:23, 14.49s/row]
generate:  35%|███▌      | 54/154 [11:02<22:58, 13.78s/row]
                                                           
[55/154] generated 10 candidates

generate:  35%|███▌      | 54/154 [11:14<22:58, 13.78s/row]
generate:  36%|███▌      | 55/154 [11:14<22:11, 13.44s/row]
                                                           
[56/154] generated 10 candidates

generate:  36%|███▌      | 55/154 [11:20<22:11, 13.44s/row]
generate:  36%|███▋      | 56/154 [11:20<18:16, 11.19s/row]
                                                           
[57/154] generated 10 candidates

generate:  36%|███▋      | 56/154 [11:34<18:16, 11.19s/row]
generate:  37%|███▋      | 57/154 [11:34<19:15, 11.91s/row]
                                                           
[58/154] generated 10 candidates

generate:  37%|███▋      | 57/154 [11:51<19:15, 11.91s/row]
generate:  38%|███▊      | 58/154 [11:51<21:31, 13.46s/row]
                                                           
[59/154] generated 10 candidates

generate:  38%|███▊      | 58/154 [12:00<21:31, 13.46s/row]
generate:  38%|███▊      | 59/154 [12:00<19:05, 12.06s/row]
                                                           
[60/154] generated 10 candidates

generate:  38%|███▊      | 59/154 [12:07<19:05, 12.06s/row]
generate:  39%|███▉      | 60/154 [12:07<16:28, 10.52s/row]
                                                           
[61/154] generated 10 candidates

generate:  39%|███▉      | 60/154 [12:26<16:28, 10.52s/row]
generate:  40%|███▉      | 61/154 [12:26<20:13, 13.05s/row]
                                                           
[62/154] generated 10 candidates

generate:  40%|███▉      | 61/154 [12:32<20:13, 13.05s/row]
generate:  40%|████      | 62/154 [12:32<17:11, 11.21s/row]
                                                           
[63/154] generated 10 candidates

generate:  40%|████      | 62/154 [13:06<17:11, 11.21s/row]
generate:  41%|████      | 63/154 [13:06<26:58, 17.79s/row]
                                                           
[64/154] generated 10 candidates

generate:  41%|████      | 63/154 [13:18<26:58, 17.79s/row]
generate:  42%|████▏     | 64/154 [13:18<24:24, 16.27s/row]
                                                           
[65/154] generated 10 candidates

generate:  42%|████▏     | 64/154 [13:31<24:24, 16.27s/row]
generate:  42%|████▏     | 65/154 [13:31<22:20, 15.07s/row]
                                                           
[66/154] generated 10 candidates

generate:  42%|████▏     | 65/154 [13:48<22:20, 15.07s/row]
generate:  43%|████▎     | 66/154 [13:48<22:56, 15.64s/row]
                                                           
[67/154] generated 10 candidates

generate:  43%|████▎     | 66/154 [14:00<22:56, 15.64s/row]
generate:  44%|████▎     | 67/154 [14:00<21:11, 14.62s/row]
                                                           
[68/154] generated 10 candidates

generate:  44%|████▎     | 67/154 [14:26<21:11, 14.62s/row]
generate:  44%|████▍     | 68/154 [14:26<25:51, 18.04s/row]
                                                           
[69/154] generated 10 candidates

generate:  44%|████▍     | 68/154 [14:59<25:51, 18.04s/row]
generate:  45%|████▍     | 69/154 [14:59<32:00, 22.60s/row]
                                                           
[70/154] generated 10 candidates

generate:  45%|████▍     | 69/154 [15:10<32:00, 22.60s/row]
generate:  45%|████▌     | 70/154 [15:10<26:36, 19.00s/row]
                                                           
[71/154] generated 10 candidates

generate:  45%|████▌     | 70/154 [15:25<26:36, 19.00s/row]
generate:  46%|████▌     | 71/154 [15:25<24:53, 18.00s/row]
                                                           
[72/154] generated 10 candidates

generate:  46%|████▌     | 71/154 [15:40<24:53, 18.00s/row]
generate:  47%|████▋     | 72/154 [15:40<23:20, 17.08s/row]
                                                           
[73/154] generated 10 candidates

generate:  47%|████▋     | 72/154 [15:48<23:20, 17.08s/row]
generate:  47%|████▋     | 73/154 [15:48<19:22, 14.35s/row]
                                                           
[74/154] generated 10 candidates

generate:  47%|████▋     | 73/154 [16:13<19:22, 14.35s/row]
generate:  48%|████▊     | 74/154 [16:13<23:12, 17.41s/row]
                                                           
[75/154] generated 10 candidates

generate:  48%|████▊     | 74/154 [16:21<23:12, 17.41s/row]
generate:  49%|████▊     | 75/154 [16:21<19:23, 14.72s/row]
                                                           
[76/154] generated 10 candidates

generate:  49%|████▊     | 75/154 [16:34<19:23, 14.72s/row]
generate:  49%|████▉     | 76/154 [16:34<18:21, 14.12s/row]
                                                           
[77/154] generated 10 candidates

generate:  49%|████▉     | 76/154 [17:01<18:21, 14.12s/row]
generate:  50%|█████     | 77/154 [17:01<23:08, 18.04s/row]
                                                           
[78/154] generated 10 candidates

generate:  50%|█████     | 77/154 [17:08<23:08, 18.04s/row]
generate:  51%|█████     | 78/154 [17:08<18:45, 14.80s/row]
                                                           
[79/154] generated 10 candidates

generate:  51%|█████     | 78/154 [17:21<18:45, 14.80s/row]
generate:  51%|█████▏    | 79/154 [17:21<17:37, 14.10s/row]
                                                           
[80/154] generated 10 candidates

generate:  51%|█████▏    | 79/154 [17:46<17:37, 14.10s/row]
generate:  52%|█████▏    | 80/154 [17:46<21:18, 17.28s/row]
                                                           
[81/154] generated 10 candidates

generate:  52%|█████▏    | 80/154 [17:51<21:18, 17.28s/row]
generate:  53%|█████▎    | 81/154 [17:51<16:38, 13.68s/row]
                                                           
[82/154] generated 10 candidates

generate:  53%|█████▎    | 81/154 [18:09<16:38, 13.68s/row]
generate:  53%|█████▎    | 82/154 [18:09<18:12, 15.17s/row]
                                                           
[83/154] generated 10 candidates

generate:  53%|█████▎    | 82/154 [18:18<18:12, 15.17s/row]
generate:  54%|█████▍    | 83/154 [18:18<15:35, 13.17s/row]
                                                           
[84/154] generated 10 candidates

generate:  54%|█████▍    | 83/154 [18:36<15:35, 13.17s/row]
generate:  55%|█████▍    | 84/154 [18:36<17:04, 14.64s/row]
                                                           
[85/154] generated 10 candidates

generate:  55%|█████▍    | 84/154 [18:59<17:04, 14.64s/row]
generate:  55%|█████▌    | 85/154 [18:59<19:33, 17.01s/row]
                                                           
[86/154] generated 10 candidates

generate:  55%|█████▌    | 85/154 [19:15<19:33, 17.01s/row]
generate:  56%|█████▌    | 86/154 [19:15<19:11, 16.93s/row]
                                                           
[87/154] generated 10 candidates

generate:  56%|█████▌    | 86/154 [19:33<19:11, 16.93s/row]
generate:  56%|█████▋    | 87/154 [19:33<19:07, 17.13s/row]
                                                           
[88/154] generated 10 candidates

generate:  56%|█████▋    | 87/154 [19:42<19:07, 17.13s/row]
generate:  57%|█████▋    | 88/154 [19:42<16:12, 14.73s/row]
                                                           
[89/154] generated 10 candidates

generate:  57%|█████▋    | 88/154 [20:19<16:12, 14.73s/row]
generate:  58%|█████▊    | 89/154 [20:19<23:03, 21.28s/row]
                                                           
[90/154] generated 10 candidates

generate:  58%|█████▊    | 89/154 [20:33<23:03, 21.28s/row]
generate:  58%|█████▊    | 90/154 [20:33<20:31, 19.25s/row]
                                                           
[91/154] generated 10 candidates

generate:  58%|█████▊    | 90/154 [21:11<20:31, 19.25s/row]
generate:  59%|█████▉    | 91/154 [21:11<26:04, 24.84s/row]
                                                           
[92/154] generated 10 candidates

generate:  59%|█████▉    | 91/154 [21:19<26:04, 24.84s/row]
generate:  60%|█████▉    | 92/154 [21:19<20:25, 19.76s/row]
                                                           
[93/154] generated 10 candidates

generate:  60%|█████▉    | 92/154 [21:23<20:25, 19.76s/row]
generate:  60%|██████    | 93/154 [21:23<15:11, 14.94s/row]
                                                           
[94/154] generated 10 candidates

generate:  60%|██████    | 93/154 [21:30<15:11, 14.94s/row]
generate:  61%|██████    | 94/154 [21:30<12:45, 12.75s/row]
                                                           
[95/154] generated 10 candidates

generate:  61%|██████    | 94/154 [21:47<12:45, 12.75s/row]
generate:  62%|██████▏   | 95/154 [21:47<13:48, 14.04s/row]
                                                           
[96/154] generated 10 candidates

generate:  62%|██████▏   | 95/154 [22:03<13:48, 14.04s/row]
generate:  62%|██████▏   | 96/154 [22:03<13:54, 14.40s/row]
                                                           
[97/154] generated 10 candidates

generate:  62%|██████▏   | 96/154 [22:19<13:54, 14.40s/row]
generate:  63%|██████▎   | 97/154 [22:19<14:09, 14.90s/row]
                                                           
[98/154] generated 10 candidates

generate:  63%|██████▎   | 97/154 [22:32<14:09, 14.90s/row]
generate:  64%|██████▎   | 98/154 [22:32<13:30, 14.48s/row]
                                                           
[99/154] generated 10 candidates

generate:  64%|██████▎   | 98/154 [22:44<13:30, 14.48s/row]
generate:  64%|██████▍   | 99/154 [22:44<12:37, 13.78s/row]
                                                           
[100/154] generated 10 candidates

generate:  64%|██████▍   | 99/154 [22:58<12:37, 13.78s/row]
generate:  65%|██████▍   | 100/154 [22:58<12:26, 13.83s/row]
                                                            
[101/154] generated 10 candidates

generate:  65%|██████▍   | 100/154 [23:49<12:26, 13.83s/row]
generate:  66%|██████▌   | 101/154 [23:49<22:00, 24.91s/row]
                                                            
[102/154] generated 10 candidates

generate:  66%|██████▌   | 101/154 [24:26<22:00, 24.91s/row]
generate:  66%|██████▌   | 102/154 [24:26<24:39, 28.45s/row]
                                                            
[103/154] generated 10 candidates

generate:  66%|██████▌   | 102/154 [24:36<24:39, 28.45s/row]
generate:  67%|██████▋   | 103/154 [24:36<19:30, 22.95s/row]
                                                            
[104/154] generated 10 candidates

generate:  67%|██████▋   | 103/154 [24:57<19:30, 22.95s/row]
generate:  68%|██████▊   | 104/154 [24:57<18:34, 22.30s/row]
                                                            
[105/154] generated 10 candidates

generate:  68%|██████▊   | 104/154 [25:13<18:34, 22.30s/row]
generate:  68%|██████▊   | 105/154 [25:13<16:42, 20.46s/row]
                                                            
[106/154] generated 10 candidates

generate:  68%|██████▊   | 105/154 [25:26<16:42, 20.46s/row]
generate:  69%|██████▉   | 106/154 [25:26<14:38, 18.30s/row]
                                                            
[107/154] generated 10 candidates

generate:  69%|██████▉   | 106/154 [25:40<14:38, 18.30s/row]
generate:  69%|██████▉   | 107/154 [25:40<13:19, 17.02s/row]
                                                            
[108/154] generated 10 candidates

generate:  69%|██████▉   | 107/154 [25:54<13:19, 17.02s/row]
generate:  70%|███████   | 108/154 [25:54<12:22, 16.15s/row]
                                                            
[109/154] generated 10 candidates

generate:  70%|███████   | 108/154 [26:07<12:22, 16.15s/row]
generate:  71%|███████   | 109/154 [26:07<11:20, 15.13s/row]
                                                            
[110/154] generated 10 candidates

generate:  71%|███████   | 109/154 [26:42<11:20, 15.13s/row]
generate:  71%|███████▏  | 110/154 [26:42<15:27, 21.08s/row]
                                                            
[111/154] generated 10 candidates

generate:  71%|███████▏  | 110/154 [26:56<15:27, 21.08s/row]
generate:  72%|███████▏  | 111/154 [26:56<13:40, 19.08s/row]
                                                            
[112/154] generated 10 candidates

generate:  72%|███████▏  | 111/154 [27:11<13:40, 19.08s/row]
generate:  73%|███████▎  | 112/154 [27:11<12:24, 17.73s/row]
                                                            
[113/154] generated 10 candidates

generate:  73%|███████▎  | 112/154 [27:25<12:24, 17.73s/row]
generate:  73%|███████▎  | 113/154 [27:25<11:17, 16.53s/row]
                                                            
[114/154] generated 10 candidates

generate:  73%|███████▎  | 113/154 [27:51<11:17, 16.53s/row]
generate:  74%|███████▍  | 114/154 [27:51<13:01, 19.54s/row]
                                                            
[115/154] generated 10 candidates

generate:  74%|███████▍  | 114/154 [28:34<13:01, 19.54s/row]
generate:  75%|███████▍  | 115/154 [28:34<17:12, 26.48s/row]
                                                            
[116/154] generated 10 candidates

generate:  75%|███████▍  | 115/154 [28:41<17:12, 26.48s/row]
generate:  75%|███████▌  | 116/154 [28:41<13:10, 20.79s/row]
                                                            
[117/154] generated 10 candidates

generate:  75%|███████▌  | 116/154 [28:54<13:10, 20.79s/row]
generate:  76%|███████▌  | 117/154 [28:54<11:22, 18.44s/row]
                                                            
[118/154] generated 10 candidates

generate:  76%|███████▌  | 117/154 [29:07<11:22, 18.44s/row]
generate:  77%|███████▋  | 118/154 [29:07<10:01, 16.72s/row]
                                                            
[119/154] generated 10 candidates

generate:  77%|███████▋  | 118/154 [29:38<10:01, 16.72s/row]
generate:  77%|███████▋  | 119/154 [29:38<12:13, 20.97s/row]
                                                            
[120/154] generated 10 candidates

generate:  77%|███████▋  | 119/154 [29:48<12:13, 20.97s/row]
generate:  78%|███████▊  | 120/154 [29:48<10:00, 17.66s/row]
                                                            
[121/154] generated 10 candidates

generate:  78%|███████▊  | 120/154 [30:04<10:00, 17.66s/row]
generate:  79%|███████▊  | 121/154 [30:04<09:28, 17.22s/row]
                                                            
[122/154] generated 10 candidates

generate:  79%|███████▊  | 121/154 [30:16<09:28, 17.22s/row]
generate:  79%|███████▉  | 122/154 [30:16<08:25, 15.79s/row]
                                                            
[123/154] generated 10 candidates

generate:  79%|███████▉  | 122/154 [30:52<08:25, 15.79s/row]
generate:  80%|███████▉  | 123/154 [30:52<11:15, 21.78s/row]
                                                            
[124/154] generated 10 candidates

generate:  80%|███████▉  | 123/154 [31:05<11:15, 21.78s/row]
generate:  81%|████████  | 124/154 [31:05<09:30, 19.00s/row]
                                                            
[125/154] generated 10 candidates

generate:  81%|████████  | 124/154 [31:11<09:30, 19.00s/row]
generate:  81%|████████  | 125/154 [31:11<07:21, 15.23s/row]
                                                            
[126/154] generated 10 candidates

generate:  81%|████████  | 125/154 [31:33<07:21, 15.23s/row]
generate:  82%|████████▏ | 126/154 [31:33<07:58, 17.09s/row]
                                                            
[127/154] generated 10 candidates

generate:  82%|████████▏ | 126/154 [31:39<07:58, 17.09s/row]
generate:  82%|████████▏ | 127/154 [31:39<06:18, 14.03s/row]
                                                            
[128/154] generated 10 candidates

generate:  82%|████████▏ | 127/154 [31:50<06:18, 14.03s/row]
generate:  83%|████████▎ | 128/154 [31:50<05:37, 12.97s/row]
                                                            
[129/154] generated 10 candidates

generate:  83%|████████▎ | 128/154 [32:14<05:37, 12.97s/row]
generate:  84%|████████▍ | 129/154 [32:14<06:48, 16.33s/row]
                                                            
[130/154] generated 10 candidates

generate:  84%|████████▍ | 129/154 [32:41<06:48, 16.33s/row]
generate:  84%|████████▍ | 130/154 [32:41<07:48, 19.51s/row]
                                                            
[131/154] generated 10 candidates

generate:  84%|████████▍ | 130/154 [32:50<07:48, 19.51s/row]
generate:  85%|████████▌ | 131/154 [32:50<06:16, 16.36s/row]
                                                            
[132/154] generated 10 candidates

generate:  85%|████████▌ | 131/154 [33:16<06:16, 16.36s/row]
generate:  86%|████████▌ | 132/154 [33:16<07:01, 19.15s/row]
                                                            
[133/154] generated 10 candidates

generate:  86%|████████▌ | 132/154 [33:37<07:01, 19.15s/row]
generate:  86%|████████▋ | 133/154 [33:37<06:55, 19.77s/row]
                                                            
[134/154] generated 10 candidates

generate:  86%|████████▋ | 133/154 [33:54<06:55, 19.77s/row]
generate:  87%|████████▋ | 134/154 [33:54<06:20, 19.00s/row]
                                                            
[135/154] generated 10 candidates

generate:  87%|████████▋ | 134/154 [34:01<06:20, 19.00s/row]
generate:  88%|████████▊ | 135/154 [34:01<04:49, 15.25s/row]
                                                            
[136/154] generated 10 candidates

generate:  88%|████████▊ | 135/154 [34:15<04:49, 15.25s/row]
generate:  88%|████████▊ | 136/154 [34:15<04:30, 15.04s/row]
                                                            
[137/154] generated 10 candidates

generate:  88%|████████▊ | 136/154 [34:52<04:30, 15.04s/row]
generate:  89%|████████▉ | 137/154 [34:52<06:08, 21.68s/row]
                                                            
[138/154] generated 10 candidates

generate:  89%|████████▉ | 137/154 [35:06<06:08, 21.68s/row]
generate:  90%|████████▉ | 138/154 [35:06<05:07, 19.22s/row]
                                                            
[139/154] generated 10 candidates

generate:  90%|████████▉ | 138/154 [35:15<05:07, 19.22s/row]
generate:  90%|█████████ | 139/154 [35:15<04:03, 16.21s/row]
                                                            
[140/154] generated 10 candidates

generate:  90%|█████████ | 139/154 [35:28<04:03, 16.21s/row]
generate:  91%|█████████ | 140/154 [35:28<03:34, 15.29s/row]
                                                            
[141/154] generated 10 candidates

generate:  91%|█████████ | 140/154 [35:41<03:34, 15.29s/row]
generate:  92%|█████████▏| 141/154 [35:41<03:10, 14.69s/row]
                                                            
[142/154] generated 10 candidates

generate:  92%|█████████▏| 141/154 [35:58<03:10, 14.69s/row]
generate:  92%|█████████▏| 142/154 [35:58<03:03, 15.31s/row]
                                                            
[143/154] generated 10 candidates

generate:  92%|█████████▏| 142/154 [36:12<03:03, 15.31s/row]
generate:  93%|█████████▎| 143/154 [36:12<02:42, 14.81s/row]
                                                            
[144/154] generated 10 candidates

generate:  93%|█████████▎| 143/154 [36:26<02:42, 14.81s/row]
generate:  94%|█████████▎| 144/154 [36:26<02:24, 14.50s/row]
                                                            
[145/154] generated 10 candidates

generate:  94%|█████████▎| 144/154 [37:07<02:24, 14.50s/row]
generate:  94%|█████████▍| 145/154 [37:07<03:23, 22.63s/row]
                                                            
[146/154] generated 10 candidates

generate:  94%|█████████▍| 145/154 [37:23<03:23, 22.63s/row]
generate:  95%|█████████▍| 146/154 [37:23<02:44, 20.59s/row]
                                                            
[147/154] generated 10 candidates

generate:  95%|█████████▍| 146/154 [37:33<02:44, 20.59s/row]
generate:  95%|█████████▌| 147/154 [37:33<02:00, 17.26s/row]
                                                            
[148/154] generated 10 candidates

generate:  95%|█████████▌| 147/154 [37:48<02:00, 17.26s/row]
generate:  96%|█████████▌| 148/154 [37:48<01:40, 16.75s/row]
                                                            
[149/154] generated 10 candidates

generate:  96%|█████████▌| 148/154 [38:03<01:40, 16.75s/row]
generate:  97%|█████████▋| 149/154 [38:03<01:21, 16.29s/row]
                                                            
[150/154] generated 10 candidates

generate:  97%|█████████▋| 149/154 [38:17<01:21, 16.29s/row]
generate:  97%|█████████▋| 150/154 [38:17<01:01, 15.39s/row]
                                                            
[151/154] generated 10 candidates

generate:  97%|█████████▋| 150/154 [38:28<01:01, 15.39s/row]
generate:  98%|█████████▊| 151/154 [38:28<00:42, 14.14s/row]
                                                            
[152/154] generated 10 candidates

generate:  98%|█████████▊| 151/154 [38:41<00:42, 14.14s/row]
generate:  99%|█████████▊| 152/154 [38:41<00:27, 13.71s/row]
                                                            
[153/154] generated 10 candidates

generate:  99%|█████████▊| 152/154 [39:10<00:27, 13.71s/row]
generate:  99%|█████████▉| 153/154 [39:10<00:18, 18.56s/row]
                                                            
[154/154] generated 10 candidates

generate:  99%|█████████▉| 153/154 [39:19<00:18, 18.56s/row]
generate: 100%|██████████| 154/154 [39:19<00:00, 15.55s/row]
generate: 100%|██████████| 154/154 [39:19<00:00, 15.32s/row]
wrote /workspace/results/qwen3-8b-base_lora_enc_dec_r64_5e6_gcb_a128_graphv2_clean_s42_prefix_no_gine_eval_prefix_permuted_compile_predictions.json
wrote /workspace/results/qwen3-8b-base_lora_enc_dec_r64_5e6_gcb_a128_graphv2_clean_s42_prefix_no_gine_eval_prefix_permuted_compile_predictions.json.provenance.json

Compile and pass evaluation settings match; reusing the same candidate pool.

Calculating metrics...
CodeBLEU Results:
{
  "count": 154,
  "samples_with_success": 154,
  "mean_codebleu": 0.6782356694122679,
  "min_codebleu": 0.5068442823311247,
  "max_codebleu": 0.8131362311518275
}

Compiled-only CodeBLEU Results:
{
  "count": 154,
  "samples_with_success": 115,
  "mean_codebleu": 0.6748466312042993,
  "min_codebleu": 0.46834327137508014,
  "max_codebleu": 0.8131362311518275
}

Using Dart binary: /usr/bin/dart | workers=64

compile@k:   0%|          | 0/154 [00:00<?, ?row/s]
compile@k:   1%|          | 1/154 [00:25<1:05:16, 25.60s/row]
compile@k:   1%|▏         | 2/154 [00:26<27:20, 10.79s/row]  
compile@k:   3%|▎         | 4/154 [00:27<11:27,  4.58s/row]
compile@k:   6%|▌         | 9/154 [00:28<03:35,  1.49s/row]
compile@k:  12%|█▏        | 19/154 [00:28<01:10,  1.92row/s]
compile@k:  23%|██▎       | 35/154 [00:29<00:26,  4.51row/s]
compile@k:  25%|██▍       | 38/154 [00:29<00:23,  5.01row/s]
compile@k:  36%|███▌      | 55/154 [00:35<00:28,  3.41row/s]
compile@k:  44%|████▍     | 68/154 [00:36<00:17,  5.00row/s]
compile@k:  45%|████▌     | 70/154 [00:46<00:46,  1.79row/s]
compile@k:  46%|████▌     | 71/154 [00:46<00:45,  1.84row/s]
compile@k:  47%|████▋     | 73/154 [00:49<00:53,  1.51row/s]
compile@k:  49%|████▊     | 75/154 [00:51<00:54,  1.44row/s]
compile@k:  51%|█████     | 78/154 [00:52<00:49,  1.55row/s]
compile@k:  51%|█████▏    | 79/154 [00:53<00:51,  1.46row/s]
compile@k:  52%|█████▏    | 80/154 [00:59<01:40,  1.35s/row]
compile@k:  66%|██████▌   | 101/154 [01:06<00:28,  1.88row/s]
compile@k:  84%|████████▍ | 129/154 [01:13<00:09,  2.65row/s]
compile@k: 100%|██████████| 154/154 [01:13<00:00,  2.08row/s]
Compile@k Results:
[1/154] n=10, compiling=1, compile@1=0.1000
[2/154] n=10, compiling=8, compile@1=0.8000
[3/154] n=10, compiling=6, compile@1=0.6000
[4/154] n=10, compiling=10, compile@1=1.0000
[5/154] n=10, compiling=0, compile@1=0.0000
[6/154] n=10, compiling=7, compile@1=0.7000
[7/154] n=10, compiling=8, compile@1=0.8000
[8/154] n=10, compiling=10, compile@1=1.0000
[9/154] n=10, compiling=10, compile@1=1.0000
[10/154] n=10, compiling=6, compile@1=0.6000
[11/154] n=10, compiling=10, compile@1=1.0000
[12/154] n=10, compiling=5, compile@1=0.5000
[13/154] n=10, compiling=10, compile@1=1.0000
[14/154] n=10, compiling=10, compile@1=1.0000
[15/154] n=10, compiling=10, compile@1=1.0000
[16/154] n=10, compiling=8, compile@1=0.8000
[17/154] n=10, compiling=10, compile@1=1.0000
[18/154] n=10, compiling=8, compile@1=0.8000
[19/154] n=10, compiling=10, compile@1=1.0000
[20/154] n=10, compiling=9, compile@1=0.9000
[21/154] n=10, compiling=4, compile@1=0.4000
[22/154] n=10, compiling=1, compile@1=0.1000
[23/154] n=10, compiling=7, compile@1=0.7000
[24/154] n=10, compiling=9, compile@1=0.9000
[25/154] n=10, compiling=10, compile@1=1.0000
[26/154] n=10, compiling=7, compile@1=0.7000
[27/154] n=10, compiling=10, compile@1=1.0000
[28/154] n=10, compiling=10, compile@1=1.0000
[29/154] n=10, compiling=9, compile@1=0.9000
[30/154] n=10, compiling=10, compile@1=1.0000
[31/154] n=10, compiling=9, compile@1=0.9000
[32/154] n=10, compiling=10, compile@1=1.0000
[33/154] n=10, compiling=10, compile@1=1.0000
[34/154] n=10, compiling=10, compile@1=1.0000
[35/154] n=10, compiling=10, compile@1=1.0000
[36/154] n=10, compiling=8, compile@1=0.8000
[37/154] n=10, compiling=10, compile@1=1.0000
[38/154] n=10, compiling=8, compile@1=0.8000
[39/154] n=10, compiling=10, compile@1=1.0000
[40/154] n=10, compiling=10, compile@1=1.0000
[41/154] n=10, compiling=9, compile@1=0.9000
[42/154] n=10, compiling=10, compile@1=1.0000
[43/154] n=10, compiling=10, compile@1=1.0000
[44/154] n=10, compiling=3, compile@1=0.3000
[45/154] n=10, compiling=10, compile@1=1.0000
[46/154] n=10, compiling=8, compile@1=0.8000
[47/154] n=10, compiling=10, compile@1=1.0000
[48/154] n=10, compiling=9, compile@1=0.9000
[49/154] n=10, compiling=10, compile@1=1.0000
[50/154] n=10, compiling=8, compile@1=0.8000
[51/154] n=10, compiling=10, compile@1=1.0000
[52/154] n=10, compiling=10, compile@1=1.0000
[53/154] n=10, compiling=8, compile@1=0.8000
[54/154] n=10, compiling=9, compile@1=0.9000
[55/154] n=10, compiling=10, compile@1=1.0000
[56/154] n=10, compiling=10, compile@1=1.0000
[57/154] n=10, compiling=10, compile@1=1.0000
[58/154] n=10, compiling=8, compile@1=0.8000
[59/154] n=10, compiling=10, compile@1=1.0000
[60/154] n=10, compiling=10, compile@1=1.0000
[61/154] n=10, compiling=6, compile@1=0.6000
[62/154] n=10, compiling=9, compile@1=0.9000
[63/154] n=10, compiling=9, compile@1=0.9000
[64/154] n=10, compiling=10, compile@1=1.0000
[65/154] n=10, compiling=10, compile@1=1.0000
[66/154] n=10, compiling=9, compile@1=0.9000
[67/154] n=10, compiling=10, compile@1=1.0000
[68/154] n=10, compiling=10, compile@1=1.0000
[69/154] n=10, compiling=4, compile@1=0.4000
[70/154] n=10, compiling=8, compile@1=0.8000
[71/154] n=10, compiling=9, compile@1=0.9000
[72/154] n=10, compiling=7, compile@1=0.7000
[73/154] n=10, compiling=9, compile@1=0.9000
[74/154] n=10, compiling=4, compile@1=0.4000
[75/154] n=10, compiling=10, compile@1=1.0000
[76/154] n=10, compiling=10, compile@1=1.0000
[77/154] n=10, compiling=10, compile@1=1.0000
[78/154] n=10, compiling=10, compile@1=1.0000
[79/154] n=10, compiling=8, compile@1=0.8000
[80/154] n=10, compiling=8, compile@1=0.8000
[81/154] n=10, compiling=10, compile@1=1.0000
[82/154] n=10, compiling=9, compile@1=0.9000
[83/154] n=10, compiling=3, compile@1=0.3000
[84/154] n=10, compiling=10, compile@1=1.0000
[85/154] n=10, compiling=7, compile@1=0.7000
[86/154] n=10, compiling=6, compile@1=0.6000
[87/154] n=10, compiling=10, compile@1=1.0000
[88/154] n=10, compiling=9, compile@1=0.9000
[89/154] n=10, compiling=5, compile@1=0.5000
[90/154] n=10, compiling=9, compile@1=0.9000
[91/154] n=10, compiling=6, compile@1=0.6000
[92/154] n=10, compiling=10, compile@1=1.0000
[93/154] n=10, compiling=10, compile@1=1.0000
[94/154] n=10, compiling=5, compile@1=0.5000
[95/154] n=10, compiling=9, compile@1=0.9000
[96/154] n=10, compiling=9, compile@1=0.9000
[97/154] n=10, compiling=8, compile@1=0.8000
[98/154] n=10, compiling=10, compile@1=1.0000
[99/154] n=10, compiling=10, compile@1=1.0000
[100/154] n=10, compiling=9, compile@1=0.9000
[101/154] n=10, compiling=9, compile@1=0.9000
[102/154] n=10, compiling=8, compile@1=0.8000
[103/154] n=10, compiling=10, compile@1=1.0000
[104/154] n=10, compiling=9, compile@1=0.9000
[105/154] n=10, compiling=6, compile@1=0.6000
[106/154] n=10, compiling=7, compile@1=0.7000
[107/154] n=10, compiling=10, compile@1=1.0000
[108/154] n=10, compiling=8, compile@1=0.8000
[109/154] n=10, compiling=5, compile@1=0.5000
[110/154] n=10, compiling=6, compile@1=0.6000
[111/154] n=10, compiling=10, compile@1=1.0000
[112/154] n=10, compiling=8, compile@1=0.8000
[113/154] n=10, compiling=9, compile@1=0.9000
[114/154] n=10, compiling=9, compile@1=0.9000
[115/154] n=10, compiling=7, compile@1=0.7000
[116/154] n=10, compiling=0, compile@1=0.0000
[117/154] n=10, compiling=10, compile@1=1.0000
[118/154] n=10, compiling=10, compile@1=1.0000
[119/154] n=10, compiling=7, compile@1=0.7000
[120/154] n=10, compiling=9, compile@1=0.9000
[121/154] n=10, compiling=0, compile@1=0.0000
[122/154] n=10, compiling=10, compile@1=1.0000
[123/154] n=10, compiling=1, compile@1=0.1000
[124/154] n=10, compiling=10, compile@1=1.0000
[125/154] n=10, compiling=10, compile@1=1.0000
[126/154] n=10, compiling=10, compile@1=1.0000
[127/154] n=10, compiling=8, compile@1=0.8000
[128/154] n=10, compiling=8, compile@1=0.8000
[129/154] n=10, compiling=8, compile@1=0.8000
[130/154] n=10, compiling=4, compile@1=0.4000
[131/154] n=10, compiling=10, compile@1=1.0000
[132/154] n=10, compiling=5, compile@1=0.5000
[133/154] n=10, compiling=9, compile@1=0.9000
[134/154] n=10, compiling=5, compile@1=0.5000
[135/154] n=10, compiling=9, compile@1=0.9000
[136/154] n=10, compiling=7, compile@1=0.7000
[137/154] n=10, compiling=8, compile@1=0.8000
[138/154] n=10, compiling=9, compile@1=0.9000
[139/154] n=10, compiling=10, compile@1=1.0000
[140/154] n=10, compiling=8, compile@1=0.8000
[141/154] n=10, compiling=9, compile@1=0.9000
[142/154] n=10, compiling=8, compile@1=0.8000
[143/154] n=10, compiling=6, compile@1=0.6000
[144/154] n=10, compiling=10, compile@1=1.0000
[145/154] n=10, compiling=0, compile@1=0.0000
[146/154] n=10, compiling=9, compile@1=0.9000
[147/154] n=10, compiling=9, compile@1=0.9000
[148/154] n=10, compiling=6, compile@1=0.6000
[149/154] n=10, compiling=6, compile@1=0.6000
[150/154] n=10, compiling=10, compile@1=1.0000
[151/154] n=10, compiling=8, compile@1=0.8000
[152/154] n=10, compiling=9, compile@1=0.9000
[153/154] n=10, compiling=0, compile@1=0.0000
[154/154] n=10, compiling=10, compile@1=1.0000
{
  "compile_at_1": 0.8116883116883118,
  "compile_at_5": 0.9559369202226345,
  "total_problems": 154
}

Using Dart binary: /usr/bin/dart | workers=64

pass@k:   0%|          | 0/154 [00:00<?, ?row/s]
pass@k:   1%|          | 1/154 [00:23<1:00:16, 23.64s/row]
pass@k:   1%|▏         | 2/154 [00:27<30:08, 11.90s/row]  
pass@k:   4%|▍         | 6/154 [00:28<07:21,  2.98s/row]
pass@k:  12%|█▏        | 19/154 [00:28<01:30,  1.50row/s]
pass@k:  16%|█▌        | 25/154 [00:32<01:23,  1.55row/s]
pass@k:  16%|█▌        | 25/154 [00:50<01:23,  1.55row/s]
pass@k:  42%|████▏     | 65/154 [00:52<00:46,  1.91row/s]
pass@k:  45%|████▌     | 70/154 [00:52<00:39,  2.13row/s]
pass@k:  47%|████▋     | 72/154 [00:52<00:37,  2.21row/s]
pass@k:  49%|████▊     | 75/154 [00:54<00:35,  2.21row/s]
pass@k:  49%|████▉     | 76/154 [00:54<00:36,  2.15row/s]
pass@k:  52%|█████▏    | 80/154 [01:02<01:02,  1.19row/s]
pass@k:  66%|██████▌   | 101/154 [01:10<00:28,  1.88row/s]
pass@k:  84%|████████▍ | 129/154 [01:29<00:15,  1.65row/s]
pass@k: 100%|██████████| 154/154 [01:29<00:00,  1.73row/s]
Pass@k Results:
[1/154] n=10, passed=0, pass@1=0.0000
[2/154] n=10, passed=2, pass@1=0.2000
[3/154] n=10, passed=0, pass@1=0.0000
[4/154] n=10, passed=5, pass@1=0.5000
[5/154] n=10, passed=0, pass@1=0.0000
[6/154] n=10, passed=6, pass@1=0.6000
[7/154] n=10, passed=0, pass@1=0.0000
[8/154] n=10, passed=10, pass@1=1.0000
[9/154] n=10, passed=0, pass@1=0.0000
[10/154] n=10, passed=5, pass@1=0.5000
[11/154] n=10, passed=0, pass@1=0.0000
[12/154] n=10, passed=2, pass@1=0.2000
[13/154] n=10, passed=10, pass@1=1.0000
[14/154] n=10, passed=10, pass@1=1.0000
[15/154] n=10, passed=9, pass@1=0.9000
[16/154] n=10, passed=0, pass@1=0.0000
[17/154] n=10, passed=0, pass@1=0.0000
[18/154] n=10, passed=0, pass@1=0.0000
[19/154] n=10, passed=9, pass@1=0.9000
[20/154] n=10, passed=0, pass@1=0.0000
[21/154] n=10, passed=0, pass@1=0.0000
[22/154] n=10, passed=1, pass@1=0.1000
[23/154] n=10, passed=6, pass@1=0.6000
[24/154] n=10, passed=3, pass@1=0.3000
[25/154] n=10, passed=0, pass@1=0.0000
[26/154] n=10, passed=5, pass@1=0.5000
[27/154] n=10, passed=8, pass@1=0.8000
[28/154] n=10, passed=10, pass@1=1.0000
[29/154] n=10, passed=9, pass@1=0.9000
[30/154] n=10, passed=9, pass@1=0.9000
[31/154] n=10, passed=0, pass@1=0.0000
[32/154] n=10, passed=0, pass@1=0.0000
[33/154] n=10, passed=10, pass@1=1.0000
[34/154] n=10, passed=0, pass@1=0.0000
[35/154] n=10, passed=0, pass@1=0.0000
[36/154] n=10, passed=0, pass@1=0.0000
[37/154] n=10, passed=6, pass@1=0.6000
[38/154] n=10, passed=0, pass@1=0.0000
[39/154] n=10, passed=4, pass@1=0.4000
[40/154] n=10, passed=10, pass@1=1.0000
[41/154] n=10, passed=9, pass@1=0.9000
[42/154] n=10, passed=10, pass@1=1.0000
[43/154] n=10, passed=0, pass@1=0.0000
[44/154] n=10, passed=0, pass@1=0.0000
[45/154] n=10, passed=9, pass@1=0.9000
[46/154] n=10, passed=0, pass@1=0.0000
[47/154] n=10, passed=10, pass@1=1.0000
[48/154] n=10, passed=3, pass@1=0.3000
[49/154] n=10, passed=10, pass@1=1.0000
[50/154] n=10, passed=0, pass@1=0.0000
[51/154] n=10, passed=8, pass@1=0.8000
[52/154] n=10, passed=0, pass@1=0.0000
[53/154] n=10, passed=6, pass@1=0.6000
[54/154] n=10, passed=0, pass@1=0.0000
[55/154] n=10, passed=10, pass@1=1.0000
[56/154] n=10, passed=10, pass@1=1.0000
[57/154] n=10, passed=9, pass@1=0.9000
[58/154] n=10, passed=0, pass@1=0.0000
[59/154] n=10, passed=0, pass@1=0.0000
[60/154] n=10, passed=0, pass@1=0.0000
[61/154] n=10, passed=0, pass@1=0.0000
[62/154] n=10, passed=0, pass@1=0.0000
[63/154] n=10, passed=0, pass@1=0.0000
[64/154] n=10, passed=0, pass@1=0.0000
[65/154] n=10, passed=0, pass@1=0.0000
[66/154] n=10, passed=1, pass@1=0.1000
[67/154] n=10, passed=0, pass@1=0.0000
[68/154] n=10, passed=0, pass@1=0.0000
[69/154] n=10, passed=0, pass@1=0.0000
[70/154] n=10, passed=0, pass@1=0.0000
[71/154] n=10, passed=0, pass@1=0.0000
[72/154] n=10, passed=0, pass@1=0.0000
[73/154] n=10, passed=0, pass@1=0.0000
[74/154] n=10, passed=0, pass@1=0.0000
[75/154] n=10, passed=0, pass@1=0.0000
[76/154] n=10, passed=0, pass@1=0.0000
[77/154] n=10, passed=0, pass@1=0.0000
[78/154] n=10, passed=9, pass@1=0.9000
[79/154] n=10, passed=0, pass@1=0.0000
[80/154] n=10, passed=0, pass@1=0.0000
[81/154] n=10, passed=0, pass@1=0.0000
[82/154] n=10, passed=0, pass@1=0.0000
[83/154] n=10, passed=0, pass@1=0.0000
[84/154] n=10, passed=0, pass@1=0.0000
[85/154] n=10, passed=0, pass@1=0.0000
[86/154] n=10, passed=0, pass@1=0.0000
[87/154] n=10, passed=0, pass@1=0.0000
[88/154] n=10, passed=0, pass@1=0.0000
[89/154] n=10, passed=0, pass@1=0.0000
[90/154] n=10, passed=0, pass@1=0.0000
[91/154] n=10, passed=0, pass@1=0.0000
[92/154] n=10, passed=0, pass@1=0.0000
[93/154] n=10, passed=0, pass@1=0.0000
[94/154] n=10, passed=0, pass@1=0.0000
[95/154] n=10, passed=3, pass@1=0.3000
[96/154] n=10, passed=0, pass@1=0.0000
[97/154] n=10, passed=0, pass@1=0.0000
[98/154] n=10, passed=0, pass@1=0.0000
[99/154] n=10, passed=0, pass@1=0.0000
[100/154] n=10, passed=0, pass@1=0.0000
[101/154] n=10, passed=0, pass@1=0.0000
[102/154] n=10, passed=0, pass@1=0.0000
[103/154] n=10, passed=0, pass@1=0.0000
[104/154] n=10, passed=0, pass@1=0.0000
[105/154] n=10, passed=0, pass@1=0.0000
[106/154] n=10, passed=0, pass@1=0.0000
[107/154] n=10, passed=0, pass@1=0.0000
[108/154] n=10, passed=0, pass@1=0.0000
[109/154] n=10, passed=2, pass@1=0.2000
[110/154] n=10, passed=0, pass@1=0.0000
[111/154] n=10, passed=0, pass@1=0.0000
[112/154] n=10, passed=0, pass@1=0.0000
[113/154] n=10, passed=0, pass@1=0.0000
[114/154] n=10, passed=0, pass@1=0.0000
[115/154] n=10, passed=0, pass@1=0.0000
[116/154] n=10, passed=0, pass@1=0.0000
[117/154] n=10, passed=0, pass@1=0.0000
[118/154] n=10, passed=0, pass@1=0.0000
[119/154] n=10, passed=0, pass@1=0.0000
[120/154] n=10, passed=0, pass@1=0.0000
[121/154] n=10, passed=0, pass@1=0.0000
[122/154] n=10, passed=0, pass@1=0.0000
[123/154] n=10, passed=0, pass@1=0.0000
[124/154] n=10, passed=0, pass@1=0.0000
[125/154] n=10, passed=0, pass@1=0.0000
[126/154] n=10, passed=0, pass@1=0.0000
[127/154] n=10, passed=0, pass@1=0.0000
[128/154] n=10, passed=0, pass@1=0.0000
[129/154] n=10, passed=0, pass@1=0.0000
[130/154] n=10, passed=0, pass@1=0.0000
[131/154] n=10, passed=0, pass@1=0.0000
[132/154] n=10, passed=0, pass@1=0.0000
[133/154] n=10, passed=0, pass@1=0.0000
[134/154] n=10, passed=0, pass@1=0.0000
[135/154] n=10, passed=0, pass@1=0.0000
[136/154] n=10, passed=0, pass@1=0.0000
[137/154] n=10, passed=0, pass@1=0.0000
[138/154] n=10, passed=0, pass@1=0.0000
[139/154] n=10, passed=0, pass@1=0.0000
[140/154] n=10, passed=0, pass@1=0.0000
[141/154] n=10, passed=0, pass@1=0.0000
[142/154] n=10, passed=0, pass@1=0.0000
[143/154] n=10, passed=0, pass@1=0.0000
[144/154] n=10, passed=0, pass@1=0.0000
[145/154] n=10, passed=0, pass@1=0.0000
[146/154] n=10, passed=0, pass@1=0.0000
[147/154] n=10, passed=0, pass@1=0.0000
[148/154] n=10, passed=0, pass@1=0.0000
[149/154] n=10, passed=6, pass@1=0.6000
[150/154] n=10, passed=0, pass@1=0.0000
[151/154] n=10, passed=0, pass@1=0.0000
[152/154] n=10, passed=0, pass@1=0.0000
[153/154] n=10, passed=0, pass@1=0.0000
[154/154] n=10, passed=0, pass@1=0.0000
{
  "pass_at_1": 0.17142857142857146,
  "pass_at_5": 0.23407544836116262,
  "pass_at_10": 0.24675324675324675,
  "total_problems": 154
}

Results summary saved to /workspace/results/sweeps_antigravity/qwen3-8b-base_lora_enc_dec_r64_5e6_gcb_a128_graphv2_clean_s42_prefix_no_gine_eval_prefix_permuted.json

Compiling candidate-level metrics to CSV: /workspace/results/sweeps_antigravity/qwen3-8b-base_lora_enc_dec_r64_5e6_gcb_a128_graphv2_clean_s42_prefix_no_gine_eval_prefix_permuted_compile_stats.csv ...
Using Dart binary: /usr/bin/dart
Stats CSV workers=64

stats CSV:   0%|          | 0/154 [00:00<?, ?row/s]
stats CSV:   1%|          | 1/154 [00:18<47:25, 18.60s/row]
stats CSV:   2%|▏         | 3/154 [00:21<15:05,  6.00s/row]
stats CSV:   3%|▎         | 5/154 [00:21<07:18,  2.94s/row]
stats CSV:   8%|▊         | 13/154 [00:21<01:46,  1.32row/s]
stats CSV:  12%|█▏        | 18/154 [00:22<01:07,  2.02row/s]
stats CSV:  14%|█▎        | 21/154 [00:23<01:04,  2.05row/s]
stats CSV:  25%|██▌       | 39/154 [00:24<00:19,  5.97row/s]
stats CSV:  29%|██▉       | 45/154 [00:24<00:15,  7.17row/s]
stats CSV:  40%|████      | 62/154 [00:24<00:06, 13.21row/s]
stats CSV:  40%|████      | 62/154 [00:40<00:06, 13.21row/s]
stats CSV:  42%|████▏     | 65/154 [00:41<01:02,  1.43row/s]
stats CSV:  43%|████▎     | 66/154 [00:45<01:15,  1.17row/s]
stats CSV:  45%|████▌     | 70/154 [00:46<01:02,  1.35row/s]
stats CSV:  48%|████▊     | 74/154 [00:47<00:47,  1.70row/s]
stats CSV:  49%|████▉     | 76/154 [00:48<00:44,  1.74row/s]
stats CSV:  52%|█████▏    | 80/154 [00:57<01:18,  1.06s/row]
stats CSV:  66%|██████▌   | 101/154 [01:05<00:31,  1.70row/s]
stats CSV:  84%|████████▍ | 129/154 [01:22<00:14,  1.67row/s]
stats CSV: 100%|██████████| 154/154 [01:22<00:00,  1.88row/s]
Successfully compiled per-problem statistics to: /workspace/results/sweeps_antigravity/qwen3-8b-base_lora_enc_dec_r64_5e6_gcb_a128_graphv2_clean_s42_prefix_no_gine_eval_prefix_permuted_compile_stats.csv

Reusing aligned candidate-level statistics: /workspace/results/sweeps_antigravity/qwen3-8b-base_lora_enc_dec_r64_5e6_gcb_a128_graphv2_clean_s42_prefix_no_gine_eval_prefix_permuted_pass_stats.csv
HF upload complete: raafatabualazm/antigravity-qwen3-8b-artifacts/results/qwen3-8b-base_lora_enc_dec_r64_5e6_gcb_a128_graphv2_clean_s42_prefix_no_gine_eval_prefix_permuted_compile_predictions.json
HF upload complete: raafatabualazm/antigravity-qwen3-8b-artifacts/results/qwen3-8b-base_lora_enc_dec_r64_5e6_gcb_a128_graphv2_clean_s42_prefix_no_gine_eval_prefix_permuted_pass_predictions.json
HF upload complete: raafatabualazm/antigravity-qwen3-8b-artifacts/results/sweeps_antigravity/qwen3-8b-base_lora_enc_dec_r64_5e6_gcb_a128_graphv2_clean_s42_prefix_no_gine_eval_prefix_permuted.json
HF upload complete: raafatabualazm/antigravity-qwen3-8b-artifacts/results/sweeps_antigravity/qwen3-8b-base_lora_enc_dec_r64_5e6_gcb_a128_graphv2_clean_s42_prefix_no_gine_eval_prefix_permuted_compile_stats.csv
HF upload complete: raafatabualazm/antigravity-qwen3-8b-artifacts/results/sweeps_antigravity/qwen3-8b-base_lora_enc_dec_r64_5e6_gcb_a128_graphv2_clean_s42_prefix_no_gine_eval_prefix_permuted_pass_stats.csv

=== x86_causal_prefix_no_gine_block_order_shuffled (estimate 0.80 h) ===
/venv/main/bin/python /workspace/configs/run_sweeps_antigravity.py --experiment qwen3-8b-base_lora_enc_dec_r16_5e6_gcb --encoder gcb --max_risk high --hardware_profile rtx6000 --force_rerun --decoder_revision b968826d9c46dd6066d109eabc6255188de91218 --encoder_revision 2b0488a7bb0eefc7041f1bb2cad1ab26b0da269d --seed 42 --train_file data/datasets/dart_all_graphv2_train.jsonl --eval_file data/datasets/dart_all_graphv2_validation.jsonl --compile_dataset data/testing/grpo_data_graphv2.jsonl --pass_dataset data/testing/grpo_data_graphv2.jsonl --compile_mode jit_tests --epochs 4 --sft_lr 5e-6 --lora_r 64 --lora_alpha 128 --load_4bit 0 --attn_implementation sdpa --gradient_checkpointing 1 --train_batch_size 4 --grad_accum 16 --qwen_prefix_gate_init 0.2 --qwen_prefix_gate_mode token --qwen_prefix_rms_match 1 --decoder_prompt_max_length 2048 --prompt_fit_assembly 1 --auto_cfg 0 --max_block_instrs 20 --position_scheme roberta --causal_position_ids cumsum --use_reasoning 0 --eval_max_new_tokens 768 --generation_batch_size 10 --num_samples 10 --pass_num_samples 10 --metric_workers 64 --save_strategy no --save_total_limit 1 --gnn_layers 4 --global_attention_ablation full --name_suffix _graphv2_clean_s42_prefix_no_gine_eval_block_order_shuffled --skip_training --sft_checkpoint /workspace/artifacts/qwen3-8b-base_lora_enc_dec_r64_5e6_gcb_a128_graphv2_clean_s42_prefix_no_gine/pytorch_model.bin --qwen_prefix_tokens 64 --qwen_prefix_dynamic 1 --qwen_prefix_min_tokens 4 --qwen_prefix_tokens_per_log2 4 --prompt_assembly_mode none --prompt_fit_assembly 0 --prompt_clean_asm 0 --dfg_mode edges --edge_ablation full --gnn_ablation identity --add_reverse_edges 1 --block_position_mode sinusoidal --eval_graph_input_ablation shuffle_blocks --eval_graph_ablation_seed 20260713 --hf_repo raafatabualazm/antigravity-qwen3-8b-artifacts --hf_private 1 --hf_upload_checkpoints 1
CLI overrides applied to all sweeps: epochs=4, lora_r=64, lora_alpha=128

>>> Stage: SFT for qwen3-8b-base_lora_enc_dec_r64_5e6_gcb_a128_graphv2_clean_s42_prefix_no_gine_eval_block_order_shuffled

==================================================
RUNNING EXPERIMENT: qwen3-8b-base_lora_enc_dec_r64_5e6_gcb_a128_graphv2_clean_s42_prefix_no_gine_eval_block_order_shuffled
Decoder: Qwen/Qwen3-8B
Encoder PEFT: lora | Decoder PEFT: lora
LR: 5e-6 | Epochs: 4
OOM Risk (on 6GB VRAM): HIGH
Training Mode: SFT (Supervised Fine-Tuning)
==================================================

Dynamic Batch Size: 4 | Grad Accum: 16 | LoRA R: 64 | Alpha: 128 | Qwen prefix tokens: 64 | Qwen gate init: 0.2 | Qwen gate mode: token | Dynamic prefix: 1 [4, 4/log2] | Prefix RMS match: 1 | Prompt tokens: 2048 | Reasoning: 0 | Attention: sdpa | Grad ckpt: 1
Graph channel: dfg_mode=edges | edge_ablation=full | gnn_ablation=identity | gnn_layers=4 | global_attention=full | reverse_edges=1 | block_positions=sinusoidal | position_scheme=roberta | causal_position_ids=cumsum | grpo_train_graph_glue=1 | auto_cfg=0
SFT stage: Continuing from checkpoint: /workspace/artifacts/qwen3-8b-base_lora_enc_dec_r64_5e6_gcb_a128_graphv2_clean_s42_prefix_no_gine/pytorch_model.bin
Skipping training; evaluating existing checkpoint: /workspace/artifacts/qwen3-8b-base_lora_enc_dec_r64_5e6_gcb_a128_graphv2_clean_s42_prefix_no_gine/pytorch_model.bin

Running multi-sample inference for legacy compile/CodeBLEU tasks...

Loading weights:   0%|          | 0/197 [00:00<?, ?it/s]
Loading weights: 100%|██████████| 197/197 [00:00<00:00, 49665.08it/s]
Decoder attention implementation: sdpa

Loading weights:   0%|          | 0/399 [00:00<?, ?it/s]
Loading weights: 100%|██████████| 399/399 [00:00<00:00, 7414.11it/s]
Enabled decoder gradient checkpointing.
Enabled Qwen graph glue: 64 learned prefix tokens, dynamic=1, gate_mode=token, gate_init=0.2
Qwen prefix RMS matching ON: target token RMS 0.022050
Applied PEFT LORA (r=64, alpha=128) to LocalBlockEncoder
Enabled local block encoder gradient checkpointing.
Applied PEFT LORA (r=64, alpha=128) to Decoder
loaded checkpoint: /workspace/artifacts/qwen3-8b-base_lora_enc_dec_r64_5e6_gcb_a128_graphv2_clean_s42_prefix_no_gine/pytorch_model.bin
Loaded parameters with strict=False. Missing keys: 602, Unexpected keys: 0
Qwen graph prefix gate: 0.200004
Inference mode: decoder gradient checkpointing OFF; KV cache ON
Graph input ablation: shuffle_blocks (seed=20260713, mapping_sha256=638f2a92403d07730796d7646ab52ba48146fc703e0441a82169e09789a041a9)

generate:   0%|          | 0/154 [00:00<?, ?row/s]
                                                  
[1/154] generated 10 candidates

generate:   0%|          | 0/154 [00:09<?, ?row/s]
generate:   1%|          | 1/154 [00:09<24:34,  9.64s/row]
                                                          
[2/154] generated 10 candidates

generate:   1%|          | 1/154 [00:30<24:34,  9.64s/row]
generate:   1%|▏         | 2/154 [00:30<41:03, 16.21s/row]
                                                          
[3/154] generated 10 candidates

generate:   1%|▏         | 2/154 [00:36<41:03, 16.21s/row]
generate:   2%|▏         | 3/154 [00:36<28:46, 11.43s/row]
                                                          
[4/154] generated 10 candidates

generate:   2%|▏         | 3/154 [00:42<28:46, 11.43s/row]
generate:   3%|▎         | 4/154 [00:42<23:19,  9.33s/row]
                                                          
[5/154] generated 10 candidates

generate:   3%|▎         | 4/154 [00:51<23:19,  9.33s/row]
generate:   3%|▎         | 5/154 [00:51<22:37,  9.11s/row]
                                                          
[6/154] generated 10 candidates

generate:   3%|▎         | 5/154 [00:57<22:37,  9.11s/row]
generate:   4%|▍         | 6/154 [00:57<20:40,  8.38s/row]
                                                          
[7/154] generated 10 candidates

generate:   4%|▍         | 6/154 [01:17<20:40,  8.38s/row]
generate:   5%|▍         | 7/154 [01:17<29:38, 12.10s/row]
                                                          
[8/154] generated 10 candidates

generate:   5%|▍         | 7/154 [01:23<29:38, 12.10s/row]
generate:   5%|▌         | 8/154 [01:23<24:14,  9.96s/row]
                                                          
[9/154] generated 10 candidates

generate:   5%|▌         | 8/154 [01:31<24:14,  9.96s/row]
generate:   6%|▌         | 9/154 [01:31<23:02,  9.53s/row]
                                                          
[10/154] generated 10 candidates

generate:   6%|▌         | 9/154 [01:40<23:02,  9.53s/row]
generate:   6%|▋         | 10/154 [01:40<21:58,  9.15s/row]
                                                           
[11/154] generated 10 candidates

generate:   6%|▋         | 10/154 [01:58<21:58,  9.15s/row]
generate:   7%|▋         | 11/154 [01:58<28:58, 12.16s/row]
                                                           
[12/154] generated 10 candidates

generate:   7%|▋         | 11/154 [02:10<28:58, 12.16s/row]
generate:   8%|▊         | 12/154 [02:10<28:08, 11.89s/row]
                                                           
[13/154] generated 10 candidates

generate:   8%|▊         | 12/154 [02:17<28:08, 11.89s/row]
generate:   8%|▊         | 13/154 [02:17<24:51, 10.58s/row]
                                                           
[14/154] generated 10 candidates

generate:   8%|▊         | 13/154 [02:24<24:51, 10.58s/row]
generate:   9%|▉         | 14/154 [02:24<21:51,  9.37s/row]
                                                           
[15/154] generated 10 candidates

generate:   9%|▉         | 14/154 [02:36<21:51,  9.37s/row]
generate:  10%|▉         | 15/154 [02:36<23:27, 10.12s/row]
                                                           
[16/154] generated 10 candidates

generate:  10%|▉         | 15/154 [03:03<23:27, 10.12s/row]
generate:  10%|█         | 16/154 [03:03<35:12, 15.31s/row]
                                                           
[17/154] generated 10 candidates

generate:  10%|█         | 16/154 [03:12<35:12, 15.31s/row]
generate:  11%|█         | 17/154 [03:12<30:44, 13.46s/row]
                                                           
[18/154] generated 10 candidates

generate:  11%|█         | 17/154 [04:03<30:44, 13.46s/row]
generate:  12%|█▏        | 18/154 [04:03<55:47, 24.62s/row]
                                                           
[19/154] generated 10 candidates

generate:  12%|█▏        | 18/154 [04:14<55:47, 24.62s/row]
generate:  12%|█▏        | 19/154 [04:14<46:00, 20.45s/row]
                                                           
[20/154] generated 10 candidates

generate:  12%|█▏        | 19/154 [04:30<46:00, 20.45s/row]
generate:  13%|█▎        | 20/154 [04:30<42:49, 19.18s/row]
                                                           
[21/154] generated 10 candidates

generate:  13%|█▎        | 20/154 [04:49<42:49, 19.18s/row]
generate:  14%|█▎        | 21/154 [04:49<42:38, 19.24s/row]
                                                           
[22/154] generated 10 candidates

generate:  14%|█▎        | 21/154 [04:59<42:38, 19.24s/row]
generate:  14%|█▍        | 22/154 [04:59<36:13, 16.47s/row]
                                                           
[23/154] generated 10 candidates

generate:  14%|█▍        | 22/154 [05:05<36:13, 16.47s/row]
generate:  15%|█▍        | 23/154 [05:05<28:49, 13.20s/row]
                                                           
[24/154] generated 10 candidates

generate:  15%|█▍        | 23/154 [05:16<28:49, 13.20s/row]
generate:  16%|█▌        | 24/154 [05:16<27:11, 12.55s/row]
                                                           
[25/154] generated 10 candidates

generate:  16%|█▌        | 24/154 [05:25<27:11, 12.55s/row]
generate:  16%|█▌        | 25/154 [05:25<24:53, 11.58s/row]
                                                           
[26/154] generated 10 candidates

generate:  16%|█▌        | 25/154 [05:33<24:53, 11.58s/row]
generate:  17%|█▋        | 26/154 [05:33<22:36, 10.60s/row]
                                                           
[27/154] generated 10 candidates

generate:  17%|█▋        | 26/154 [05:39<22:36, 10.60s/row]
generate:  18%|█▊        | 27/154 [05:39<19:13,  9.08s/row]
                                                           
[28/154] generated 10 candidates

generate:  18%|█▊        | 27/154 [05:44<19:13,  9.08s/row]
generate:  18%|█▊        | 28/154 [05:44<16:45,  7.98s/row]
                                                           
[29/154] generated 10 candidates

generate:  18%|█▊        | 28/154 [05:52<16:45,  7.98s/row]
generate:  19%|█▉        | 29/154 [05:52<16:19,  7.83s/row]
                                                           
[30/154] generated 10 candidates

generate:  19%|█▉        | 29/154 [06:01<16:19,  7.83s/row]
generate:  19%|█▉        | 30/154 [06:01<17:01,  8.24s/row]
                                                           
[31/154] generated 10 candidates

generate:  19%|█▉        | 30/154 [06:18<17:01,  8.24s/row]
generate:  20%|██        | 31/154 [06:18<22:28, 10.96s/row]
                                                           
[32/154] generated 10 candidates

generate:  20%|██        | 31/154 [06:29<22:28, 10.96s/row]
generate:  21%|██        | 32/154 [06:29<21:57, 10.80s/row]
                                                           
[33/154] generated 10 candidates

generate:  21%|██        | 32/154 [06:36<21:57, 10.80s/row]
generate:  21%|██▏       | 33/154 [06:36<19:37,  9.73s/row]
                                                           
[34/154] generated 10 candidates

generate:  21%|██▏       | 33/154 [06:47<19:37,  9.73s/row]
generate:  22%|██▏       | 34/154 [06:47<20:10, 10.09s/row]
                                                           
[35/154] generated 10 candidates

generate:  22%|██▏       | 34/154 [06:59<20:10, 10.09s/row]
generate:  23%|██▎       | 35/154 [06:59<21:27, 10.82s/row]
                                                           
[36/154] generated 10 candidates

generate:  23%|██▎       | 35/154 [07:25<21:27, 10.82s/row]
generate:  23%|██▎       | 36/154 [07:25<30:00, 15.25s/row]
                                                           
[37/154] generated 10 candidates

generate:  23%|██▎       | 36/154 [07:39<30:00, 15.25s/row]
generate:  24%|██▍       | 37/154 [07:39<28:44, 14.74s/row]
                                                           
[38/154] generated 10 candidates

generate:  24%|██▍       | 37/154 [08:28<28:44, 14.74s/row]
generate:  25%|██▍       | 38/154 [08:28<48:44, 25.21s/row]
                                                           
[39/154] generated 10 candidates

generate:  25%|██▍       | 38/154 [08:38<48:44, 25.21s/row]
generate:  25%|██▌       | 39/154 [08:38<39:25, 20.57s/row]
                                                           
[40/154] generated 10 candidates

generate:  25%|██▌       | 39/154 [08:47<39:25, 20.57s/row]
generate:  26%|██▌       | 40/154 [08:47<32:19, 17.01s/row]
                                                           
[41/154] generated 10 candidates

generate:  26%|██▌       | 40/154 [09:01<32:19, 17.01s/row]
generate:  27%|██▋       | 41/154 [09:01<30:36, 16.25s/row]
                                                           
[42/154] generated 10 candidates

generate:  27%|██▋       | 41/154 [09:05<30:36, 16.25s/row]
generate:  27%|██▋       | 42/154 [09:05<23:28, 12.57s/row]
                                                           
[43/154] generated 10 candidates

generate:  27%|██▋       | 42/154 [09:15<23:28, 12.57s/row]
generate:  28%|██▊       | 43/154 [09:15<21:45, 11.76s/row]
                                                           
[44/154] generated 10 candidates

generate:  28%|██▊       | 43/154 [09:27<21:45, 11.76s/row]
generate:  29%|██▊       | 44/154 [09:27<21:25, 11.68s/row]
                                                           
[45/154] generated 10 candidates

generate:  29%|██▊       | 44/154 [09:42<21:25, 11.68s/row]
generate:  29%|██▉       | 45/154 [09:42<23:09, 12.75s/row]
                                                           
[46/154] generated 10 candidates

generate:  29%|██▉       | 45/154 [09:53<23:09, 12.75s/row]
generate:  30%|██▉       | 46/154 [09:53<22:08, 12.30s/row]
                                                           
[47/154] generated 10 candidates

generate:  30%|██▉       | 46/154 [09:58<22:08, 12.30s/row]
generate:  31%|███       | 47/154 [09:58<18:07, 10.17s/row]
                                                           
[48/154] generated 10 candidates

generate:  31%|███       | 47/154 [10:07<18:07, 10.17s/row]
generate:  31%|███       | 48/154 [10:07<16:59,  9.62s/row]
                                                           
[49/154] generated 10 candidates

generate:  31%|███       | 48/154 [10:10<16:59,  9.62s/row]
generate:  32%|███▏      | 49/154 [10:10<13:42,  7.84s/row]
                                                           
[50/154] generated 10 candidates

generate:  32%|███▏      | 49/154 [10:37<13:42,  7.84s/row]
generate:  32%|███▏      | 50/154 [10:37<23:22, 13.48s/row]
                                                           
[51/154] generated 10 candidates

generate:  32%|███▏      | 50/154 [10:44<23:22, 13.48s/row]
generate:  33%|███▎      | 51/154 [10:44<19:53, 11.59s/row]
                                                           
[52/154] generated 10 candidates

generate:  33%|███▎      | 51/154 [10:59<19:53, 11.59s/row]
generate:  34%|███▍      | 52/154 [10:59<21:28, 12.64s/row]
                                                           
[53/154] generated 10 candidates

generate:  34%|███▍      | 52/154 [11:12<21:28, 12.64s/row]
generate:  34%|███▍      | 53/154 [11:12<21:12, 12.60s/row]
                                                           
[54/154] generated 10 candidates

generate:  34%|███▍      | 53/154 [11:27<21:12, 12.60s/row]
generate:  35%|███▌      | 54/154 [11:27<22:09, 13.30s/row]
                                                           
[55/154] generated 10 candidates

generate:  35%|███▌      | 54/154 [11:39<22:09, 13.30s/row]
generate:  36%|███▌      | 55/154 [11:39<21:43, 13.16s/row]
                                                           
[56/154] generated 10 candidates

generate:  36%|███▌      | 55/154 [11:45<21:43, 13.16s/row]
generate:  36%|███▋      | 56/154 [11:45<17:57, 10.99s/row]
                                                           
[57/154] generated 10 candidates

generate:  36%|███▋      | 56/154 [11:56<17:57, 10.99s/row]
generate:  37%|███▋      | 57/154 [11:56<17:44, 10.98s/row]
                                                           
[58/154] generated 10 candidates

generate:  37%|███▋      | 57/154 [12:15<17:44, 10.98s/row]
generate:  38%|███▊      | 58/154 [12:15<21:07, 13.21s/row]
                                                           
[59/154] generated 10 candidates

generate:  38%|███▊      | 58/154 [12:23<21:07, 13.21s/row]
generate:  38%|███▊      | 59/154 [12:23<18:38, 11.77s/row]
                                                           
[60/154] generated 10 candidates

generate:  38%|███▊      | 59/154 [12:31<18:38, 11.77s/row]
generate:  39%|███▉      | 60/154 [12:31<16:23, 10.46s/row]
                                                           
[61/154] generated 10 candidates

generate:  39%|███▉      | 60/154 [12:47<16:23, 10.46s/row]
generate:  40%|███▉      | 61/154 [12:47<18:55, 12.21s/row]
                                                           
[62/154] generated 10 candidates

generate:  40%|███▉      | 61/154 [12:56<18:55, 12.21s/row]
generate:  40%|████      | 62/154 [12:56<17:06, 11.16s/row]
                                                           
[63/154] generated 10 candidates

generate:  40%|████      | 62/154 [13:29<17:06, 11.16s/row]
generate:  41%|████      | 63/154 [13:29<26:54, 17.74s/row]
                                                           
[64/154] generated 10 candidates

generate:  41%|████      | 63/154 [13:42<26:54, 17.74s/row]
generate:  42%|████▏     | 64/154 [13:42<24:38, 16.42s/row]
                                                           
[65/154] generated 10 candidates

generate:  42%|████▏     | 64/154 [13:52<24:38, 16.42s/row]
generate:  42%|████▏     | 65/154 [13:52<21:38, 14.59s/row]
                                                           
[66/154] generated 10 candidates

generate:  42%|████▏     | 65/154 [14:21<21:38, 14.59s/row]
generate:  43%|████▎     | 66/154 [14:21<27:45, 18.93s/row]
                                                           
[67/154] generated 10 candidates

generate:  43%|████▎     | 66/154 [14:33<27:45, 18.93s/row]
generate:  44%|████▎     | 67/154 [14:33<24:21, 16.79s/row]
                                                           
[68/154] generated 10 candidates

generate:  44%|████▎     | 67/154 [14:49<24:21, 16.79s/row]
generate:  44%|████▍     | 68/154 [14:49<23:38, 16.49s/row]
                                                           
[69/154] generated 10 candidates

generate:  44%|████▍     | 68/154 [15:13<23:38, 16.49s/row]
generate:  45%|████▍     | 69/154 [15:13<26:37, 18.80s/row]
                                                           
[70/154] generated 10 candidates

generate:  45%|████▍     | 69/154 [15:24<26:37, 18.80s/row]
generate:  45%|████▌     | 70/154 [15:24<22:53, 16.35s/row]
                                                           
[71/154] generated 10 candidates

generate:  45%|████▌     | 70/154 [15:40<22:53, 16.35s/row]
generate:  46%|████▌     | 71/154 [15:40<22:37, 16.36s/row]
                                                           
[72/154] generated 10 candidates

generate:  46%|████▌     | 71/154 [15:51<22:37, 16.36s/row]
generate:  47%|████▋     | 72/154 [15:51<20:11, 14.78s/row]
                                                           
[73/154] generated 10 candidates

generate:  47%|████▋     | 72/154 [16:00<20:11, 14.78s/row]
generate:  47%|████▋     | 73/154 [16:00<17:35, 13.03s/row]
                                                           
[74/154] generated 10 candidates

generate:  47%|████▋     | 73/154 [16:20<17:35, 13.03s/row]
generate:  48%|████▊     | 74/154 [16:20<20:06, 15.08s/row]
                                                           
[75/154] generated 10 candidates

generate:  48%|████▊     | 74/154 [16:29<20:06, 15.08s/row]
generate:  49%|████▊     | 75/154 [16:29<17:22, 13.19s/row]
                                                           
[76/154] generated 10 candidates

generate:  49%|████▊     | 75/154 [16:44<17:22, 13.19s/row]
generate:  49%|████▉     | 76/154 [16:44<17:56, 13.81s/row]
                                                           
[77/154] generated 10 candidates

generate:  49%|████▉     | 76/154 [17:13<17:56, 13.81s/row]
generate:  50%|█████     | 77/154 [17:13<23:26, 18.27s/row]
                                                           
[78/154] generated 10 candidates

generate:  50%|█████     | 77/154 [17:23<23:26, 18.27s/row]
generate:  51%|█████     | 78/154 [17:23<20:11, 15.94s/row]
                                                           
[79/154] generated 10 candidates

generate:  51%|█████     | 78/154 [17:37<20:11, 15.94s/row]
generate:  51%|█████▏    | 79/154 [17:37<18:54, 15.13s/row]
                                                           
[80/154] generated 10 candidates

generate:  51%|█████▏    | 79/154 [17:50<18:54, 15.13s/row]
generate:  52%|█████▏    | 80/154 [17:50<18:06, 14.68s/row]
                                                           
[81/154] generated 10 candidates

generate:  52%|█████▏    | 80/154 [17:57<18:06, 14.68s/row]
generate:  53%|█████▎    | 81/154 [17:57<15:05, 12.41s/row]
                                                           
[82/154] generated 10 candidates

generate:  53%|█████▎    | 81/154 [18:16<15:05, 12.41s/row]
generate:  53%|█████▎    | 82/154 [18:16<17:09, 14.29s/row]
                                                           
[83/154] generated 10 candidates

generate:  53%|█████▎    | 82/154 [18:23<17:09, 14.29s/row]
generate:  54%|█████▍    | 83/154 [18:23<14:27, 12.22s/row]
                                                           
[84/154] generated 10 candidates

generate:  54%|█████▍    | 83/154 [18:44<14:27, 12.22s/row]
generate:  55%|█████▍    | 84/154 [18:44<17:14, 14.78s/row]
                                                           
[85/154] generated 10 candidates

generate:  55%|█████▍    | 84/154 [19:03<17:14, 14.78s/row]
generate:  55%|█████▌    | 85/154 [19:03<18:22, 15.98s/row]
                                                           
[86/154] generated 10 candidates

generate:  55%|█████▌    | 85/154 [19:23<18:22, 15.98s/row]
generate:  56%|█████▌    | 86/154 [19:23<19:35, 17.29s/row]
                                                           
[87/154] generated 10 candidates

generate:  56%|█████▌    | 86/154 [19:37<19:35, 17.29s/row]
generate:  56%|█████▋    | 87/154 [19:37<18:11, 16.29s/row]
                                                           
[88/154] generated 10 candidates

generate:  56%|█████▋    | 87/154 [19:47<18:11, 16.29s/row]
generate:  57%|█████▋    | 88/154 [19:47<15:55, 14.47s/row]
                                                           
[89/154] generated 10 candidates

generate:  57%|█████▋    | 88/154 [20:38<15:55, 14.47s/row]
generate:  58%|█████▊    | 89/154 [20:38<27:26, 25.33s/row]
                                                           
[90/154] generated 10 candidates

generate:  58%|█████▊    | 89/154 [21:00<27:26, 25.33s/row]
generate:  58%|█████▊    | 90/154 [21:00<25:49, 24.21s/row]
                                                           
[91/154] generated 10 candidates

generate:  58%|█████▊    | 90/154 [21:22<25:49, 24.21s/row]
generate:  59%|█████▉    | 91/154 [21:22<24:57, 23.76s/row]
                                                           
[92/154] generated 10 candidates

generate:  59%|█████▉    | 91/154 [21:33<24:57, 23.76s/row]
generate:  60%|█████▉    | 92/154 [21:33<20:32, 19.88s/row]
                                                           
[93/154] generated 10 candidates

generate:  60%|█████▉    | 92/154 [21:37<20:32, 19.88s/row]
generate:  60%|██████    | 93/154 [21:37<15:26, 15.18s/row]
                                                           
[94/154] generated 10 candidates

generate:  60%|██████    | 93/154 [21:44<15:26, 15.18s/row]
generate:  61%|██████    | 94/154 [21:44<12:35, 12.59s/row]
                                                           
[95/154] generated 10 candidates

generate:  61%|██████    | 94/154 [22:05<12:35, 12.59s/row]
generate:  62%|██████▏   | 95/154 [22:05<14:48, 15.07s/row]
                                                           
[96/154] generated 10 candidates

generate:  62%|██████▏   | 95/154 [22:18<14:48, 15.07s/row]
generate:  62%|██████▏   | 96/154 [22:18<14:05, 14.58s/row]
                                                           
[97/154] generated 10 candidates

generate:  62%|██████▏   | 96/154 [22:31<14:05, 14.58s/row]
generate:  63%|██████▎   | 97/154 [22:31<13:17, 13.99s/row]
                                                           
[98/154] generated 10 candidates

generate:  63%|██████▎   | 97/154 [22:44<13:17, 13.99s/row]
generate:  64%|██████▎   | 98/154 [22:44<12:48, 13.73s/row]
                                                           
[99/154] generated 10 candidates

generate:  64%|██████▎   | 98/154 [22:54<12:48, 13.73s/row]
generate:  64%|██████▍   | 99/154 [22:54<11:31, 12.58s/row]
                                                           
[100/154] generated 10 candidates

generate:  64%|██████▍   | 99/154 [23:07<11:31, 12.58s/row]
generate:  65%|██████▍   | 100/154 [23:07<11:31, 12.80s/row]
                                                            
[101/154] generated 10 candidates

generate:  65%|██████▍   | 100/154 [23:24<11:31, 12.80s/row]
generate:  66%|██████▌   | 101/154 [23:24<12:26, 14.08s/row]
                                                            
[102/154] generated 10 candidates

generate:  66%|██████▌   | 101/154 [24:03<12:26, 14.08s/row]
generate:  66%|██████▌   | 102/154 [24:03<18:30, 21.36s/row]
                                                            
[103/154] generated 10 candidates

generate:  66%|██████▌   | 102/154 [24:14<18:30, 21.36s/row]
generate:  67%|██████▋   | 103/154 [24:14<15:31, 18.26s/row]
                                                            
[104/154] generated 10 candidates

generate:  67%|██████▋   | 103/154 [24:34<15:31, 18.26s/row]
generate:  68%|██████▊   | 104/154 [24:34<15:47, 18.95s/row]
                                                            
[105/154] generated 10 candidates

generate:  68%|██████▊   | 104/154 [24:50<15:47, 18.95s/row]
generate:  68%|██████▊   | 105/154 [24:50<14:37, 17.90s/row]
                                                            
[106/154] generated 10 candidates

generate:  68%|██████▊   | 105/154 [25:03<14:37, 17.90s/row]
generate:  69%|██████▉   | 106/154 [25:03<13:06, 16.39s/row]
                                                            
[107/154] generated 10 candidates

generate:  69%|██████▉   | 106/154 [25:23<13:06, 16.39s/row]
generate:  69%|██████▉   | 107/154 [25:23<13:53, 17.73s/row]
                                                            
[108/154] generated 10 candidates

generate:  69%|██████▉   | 107/154 [25:38<13:53, 17.73s/row]
generate:  70%|███████   | 108/154 [25:38<12:56, 16.87s/row]
                                                            
[109/154] generated 10 candidates

generate:  70%|███████   | 108/154 [25:56<12:56, 16.87s/row]
generate:  71%|███████   | 109/154 [25:56<12:47, 17.05s/row]
                                                            
[110/154] generated 10 candidates

generate:  71%|███████   | 109/154 [26:35<12:47, 17.05s/row]
generate:  71%|███████▏  | 110/154 [26:35<17:25, 23.76s/row]
                                                            
[111/154] generated 10 candidates

generate:  71%|███████▏  | 110/154 [26:48<17:25, 23.76s/row]
generate:  72%|███████▏  | 111/154 [26:48<14:41, 20.50s/row]
                                                            
[112/154] generated 10 candidates

generate:  72%|███████▏  | 111/154 [27:01<14:41, 20.50s/row]
generate:  73%|███████▎  | 112/154 [27:01<12:44, 18.21s/row]
                                                            
[113/154] generated 10 candidates

generate:  73%|███████▎  | 112/154 [27:14<12:44, 18.21s/row]
generate:  73%|███████▎  | 113/154 [27:14<11:19, 16.58s/row]
                                                            
[114/154] generated 10 candidates

generate:  73%|███████▎  | 113/154 [27:35<11:19, 16.58s/row]
generate:  74%|███████▍  | 114/154 [27:35<11:57, 17.94s/row]
                                                            
[115/154] generated 10 candidates

generate:  74%|███████▍  | 114/154 [27:50<11:57, 17.94s/row]
generate:  75%|███████▍  | 115/154 [27:50<11:05, 17.06s/row]
                                                            
[116/154] generated 10 candidates

generate:  75%|███████▍  | 115/154 [27:57<11:05, 17.06s/row]
generate:  75%|███████▌  | 116/154 [27:57<09:01, 14.25s/row]
                                                            
[117/154] generated 10 candidates

generate:  75%|███████▌  | 116/154 [28:06<09:01, 14.25s/row]
generate:  76%|███████▌  | 117/154 [28:06<07:44, 12.56s/row]
                                                            
[118/154] generated 10 candidates

generate:  76%|███████▌  | 117/154 [28:17<07:44, 12.56s/row]
generate:  77%|███████▋  | 118/154 [28:17<07:18, 12.17s/row]
                                                            
[119/154] generated 10 candidates

generate:  77%|███████▋  | 118/154 [29:08<07:18, 12.17s/row]
generate:  77%|███████▋  | 119/154 [29:08<13:51, 23.75s/row]
                                                            
[120/154] generated 10 candidates

generate:  77%|███████▋  | 119/154 [29:17<13:51, 23.75s/row]
generate:  78%|███████▊  | 120/154 [29:17<10:52, 19.20s/row]
                                                            
[121/154] generated 10 candidates

generate:  78%|███████▊  | 120/154 [29:32<10:52, 19.20s/row]
generate:  79%|███████▊  | 121/154 [29:32<09:50, 17.91s/row]
                                                            
[122/154] generated 10 candidates

generate:  79%|███████▊  | 121/154 [29:42<09:50, 17.91s/row]
generate:  79%|███████▉  | 122/154 [29:42<08:20, 15.64s/row]
                                                            
[123/154] generated 10 candidates

generate:  79%|███████▉  | 122/154 [30:33<08:20, 15.64s/row]
generate:  80%|███████▉  | 123/154 [30:33<13:35, 26.31s/row]
                                                            
[124/154] generated 10 candidates

generate:  80%|███████▉  | 123/154 [30:50<13:35, 26.31s/row]
generate:  81%|████████  | 124/154 [30:50<11:46, 23.54s/row]
                                                            
[125/154] generated 10 candidates

generate:  81%|████████  | 124/154 [30:56<11:46, 23.54s/row]
generate:  81%|████████  | 125/154 [30:56<08:49, 18.25s/row]
                                                            
[126/154] generated 10 candidates

generate:  81%|████████  | 125/154 [31:23<08:49, 18.25s/row]
generate:  82%|████████▏ | 126/154 [31:23<09:46, 20.94s/row]
                                                            
[127/154] generated 10 candidates

generate:  82%|████████▏ | 126/154 [31:30<09:46, 20.94s/row]
generate:  82%|████████▏ | 127/154 [31:30<07:33, 16.80s/row]
                                                            
[128/154] generated 10 candidates

generate:  82%|████████▏ | 127/154 [31:38<07:33, 16.80s/row]
generate:  83%|████████▎ | 128/154 [31:38<06:07, 14.12s/row]
                                                            
[129/154] generated 10 candidates

generate:  83%|████████▎ | 128/154 [31:54<06:07, 14.12s/row]
generate:  84%|████████▍ | 129/154 [31:54<06:01, 14.47s/row]
                                                            
[130/154] generated 10 candidates

generate:  84%|████████▍ | 129/154 [32:10<06:01, 14.47s/row]
generate:  84%|████████▍ | 130/154 [32:10<06:01, 15.04s/row]
                                                            
[131/154] generated 10 candidates

generate:  84%|████████▍ | 130/154 [32:22<06:01, 15.04s/row]
generate:  85%|████████▌ | 131/154 [32:22<05:27, 14.23s/row]
                                                            
[132/154] generated 10 candidates

generate:  85%|████████▌ | 131/154 [32:48<05:27, 14.23s/row]
generate:  86%|████████▌ | 132/154 [32:48<06:27, 17.60s/row]
                                                            
[133/154] generated 10 candidates

generate:  86%|████████▌ | 132/154 [33:07<06:27, 17.60s/row]
generate:  86%|████████▋ | 133/154 [33:07<06:16, 17.95s/row]
                                                            
[134/154] generated 10 candidates

generate:  86%|████████▋ | 133/154 [33:34<06:16, 17.95s/row]
generate:  87%|████████▋ | 134/154 [33:34<06:54, 20.71s/row]
                                                            
[135/154] generated 10 candidates

generate:  87%|████████▋ | 134/154 [33:41<06:54, 20.71s/row]
generate:  88%|████████▊ | 135/154 [33:41<05:14, 16.58s/row]
                                                            
[136/154] generated 10 candidates

generate:  88%|████████▊ | 135/154 [33:52<05:14, 16.58s/row]
generate:  88%|████████▊ | 136/154 [33:52<04:30, 15.03s/row]
                                                            
[137/154] generated 10 candidates

generate:  88%|████████▊ | 136/154 [34:43<04:30, 15.03s/row]
generate:  89%|████████▉ | 137/154 [34:43<07:17, 25.71s/row]
                                                            
[138/154] generated 10 candidates

generate:  89%|████████▉ | 137/154 [35:02<07:17, 25.71s/row]
generate:  90%|████████▉ | 138/154 [35:02<06:19, 23.69s/row]
                                                            
[139/154] generated 10 candidates

generate:  90%|████████▉ | 138/154 [35:17<06:19, 23.69s/row]
generate:  90%|█████████ | 139/154 [35:17<05:18, 21.25s/row]
                                                            
[140/154] generated 10 candidates

generate:  90%|█████████ | 139/154 [35:32<05:18, 21.25s/row]
generate:  91%|█████████ | 140/154 [35:32<04:30, 19.33s/row]
                                                            
[141/154] generated 10 candidates

generate:  91%|█████████ | 140/154 [35:45<04:30, 19.33s/row]
generate:  92%|█████████▏| 141/154 [35:45<03:46, 17.46s/row]
                                                            
[142/154] generated 10 candidates

generate:  92%|█████████▏| 141/154 [36:00<03:46, 17.46s/row]
generate:  92%|█████████▏| 142/154 [36:00<03:21, 16.78s/row]
                                                            
[143/154] generated 10 candidates

generate:  92%|█████████▏| 142/154 [36:09<03:21, 16.78s/row]
generate:  93%|█████████▎| 143/154 [36:09<02:37, 14.34s/row]
                                                            
[144/154] generated 10 candidates

generate:  93%|█████████▎| 143/154 [36:30<02:37, 14.34s/row]
generate:  94%|█████████▎| 144/154 [36:30<02:43, 16.40s/row]
                                                            
[145/154] generated 10 candidates

generate:  94%|█████████▎| 144/154 [37:08<02:43, 16.40s/row]
generate:  94%|█████████▍| 145/154 [37:08<03:23, 22.67s/row]
                                                            
[146/154] generated 10 candidates

generate:  94%|█████████▍| 145/154 [37:24<03:23, 22.67s/row]
generate:  95%|█████████▍| 146/154 [37:24<02:45, 20.69s/row]
                                                            
[147/154] generated 10 candidates

generate:  95%|█████████▍| 146/154 [37:32<02:45, 20.69s/row]
generate:  95%|█████████▌| 147/154 [37:32<02:00, 17.15s/row]
                                                            
[148/154] generated 10 candidates

generate:  95%|█████████▌| 147/154 [37:48<02:00, 17.15s/row]
generate:  96%|█████████▌| 148/154 [37:48<01:40, 16.78s/row]
                                                            
[149/154] generated 10 candidates

generate:  96%|█████████▌| 148/154 [38:05<01:40, 16.78s/row]
generate:  97%|█████████▋| 149/154 [38:05<01:23, 16.75s/row]
                                                            
[150/154] generated 10 candidates

generate:  97%|█████████▋| 149/154 [38:17<01:23, 16.75s/row]
generate:  97%|█████████▋| 150/154 [38:17<01:01, 15.32s/row]
                                                            
[151/154] generated 10 candidates

generate:  97%|█████████▋| 150/154 [38:29<01:01, 15.32s/row]
generate:  98%|█████████▊| 151/154 [38:29<00:42, 14.23s/row]
                                                            
[152/154] generated 10 candidates

generate:  98%|█████████▊| 151/154 [38:49<00:42, 14.23s/row]
generate:  99%|█████████▊| 152/154 [38:49<00:31, 15.89s/row]
                                                            
[153/154] generated 10 candidates

generate:  99%|█████████▊| 152/154 [39:23<00:31, 15.89s/row]
generate:  99%|█████████▉| 153/154 [39:23<00:21, 21.56s/row]
                                                            
[154/154] generated 10 candidates

generate:  99%|█████████▉| 153/154 [39:31<00:21, 21.56s/row]
generate: 100%|██████████| 154/154 [39:31<00:00, 17.48s/row]
generate: 100%|██████████| 154/154 [39:31<00:00, 15.40s/row]
wrote /workspace/results/qwen3-8b-base_lora_enc_dec_r64_5e6_gcb_a128_graphv2_clean_s42_prefix_no_gine_eval_block_order_shuffled_compile_predictions.json
wrote /workspace/results/qwen3-8b-base_lora_enc_dec_r64_5e6_gcb_a128_graphv2_clean_s42_prefix_no_gine_eval_block_order_shuffled_compile_predictions.json.provenance.json

Compile and pass evaluation settings match; reusing the same candidate pool.

Calculating metrics...
CodeBLEU Results:
{
  "count": 154,
  "samples_with_success": 154,
  "mean_codebleu": 0.6790336766592233,
  "min_codebleu": 0.4942778308413963,
  "max_codebleu": 0.8314361184290932
}

Compiled-only CodeBLEU Results:
{
  "count": 154,
  "samples_with_success": 108,
  "mean_codebleu": 0.6780943763461438,
  "min_codebleu": 0.4942778308413963,
  "max_codebleu": 0.81715858751969
}

Using Dart binary: /usr/bin/dart | workers=64

compile@k:   0%|          | 0/154 [00:00<?, ?row/s]
compile@k:   1%|          | 1/154 [00:21<54:34, 21.40s/row]
compile@k:   1%|▏         | 2/154 [00:22<24:25,  9.64s/row]
compile@k:   3%|▎         | 5/154 [00:25<08:06,  3.27s/row]
compile@k:   6%|▌         | 9/154 [00:25<03:24,  1.41s/row]
compile@k:  10%|█         | 16/154 [00:25<01:26,  1.59row/s]
compile@k:  12%|█▏        | 18/154 [00:26<01:16,  1.77row/s]
compile@k:  21%|██        | 32/154 [00:27<00:28,  4.27row/s]
compile@k:  21%|██        | 32/154 [00:40<00:28,  4.27row/s]
compile@k:  23%|██▎       | 36/154 [00:51<02:55,  1.48s/row]
compile@k:  43%|████▎     | 66/154 [00:57<00:51,  1.70row/s]
compile@k:  47%|████▋     | 73/154 [01:21<01:31,  1.13s/row]
compile@k:  89%|████████▉ | 137/154 [01:23<00:05,  2.89row/s]
compile@k: 100%|██████████| 154/154 [01:23<00:00,  1.84row/s]
Compile@k Results:
[1/154] n=10, compiling=1, compile@1=0.1000
[2/154] n=10, compiling=8, compile@1=0.8000
[3/154] n=10, compiling=4, compile@1=0.4000
[4/154] n=10, compiling=10, compile@1=1.0000
[5/154] n=10, compiling=0, compile@1=0.0000
[6/154] n=10, compiling=6, compile@1=0.6000
[7/154] n=10, compiling=9, compile@1=0.9000
[8/154] n=10, compiling=10, compile@1=1.0000
[9/154] n=10, compiling=10, compile@1=1.0000
[10/154] n=10, compiling=6, compile@1=0.6000
[11/154] n=10, compiling=10, compile@1=1.0000
[12/154] n=10, compiling=4, compile@1=0.4000
[13/154] n=10, compiling=10, compile@1=1.0000
[14/154] n=10, compiling=9, compile@1=0.9000
[15/154] n=10, compiling=10, compile@1=1.0000
[16/154] n=10, compiling=7, compile@1=0.7000
[17/154] n=10, compiling=8, compile@1=0.8000
[18/154] n=10, compiling=5, compile@1=0.5000
[19/154] n=10, compiling=10, compile@1=1.0000
[20/154] n=10, compiling=9, compile@1=0.9000
[21/154] n=10, compiling=6, compile@1=0.6000
[22/154] n=10, compiling=2, compile@1=0.2000
[23/154] n=10, compiling=8, compile@1=0.8000
[24/154] n=10, compiling=8, compile@1=0.8000
[25/154] n=10, compiling=10, compile@1=1.0000
[26/154] n=10, compiling=4, compile@1=0.4000
[27/154] n=10, compiling=10, compile@1=1.0000
[28/154] n=10, compiling=10, compile@1=1.0000
[29/154] n=10, compiling=10, compile@1=1.0000
[30/154] n=10, compiling=10, compile@1=1.0000
[31/154] n=10, compiling=9, compile@1=0.9000
[32/154] n=10, compiling=10, compile@1=1.0000
[33/154] n=10, compiling=6, compile@1=0.6000
[34/154] n=10, compiling=10, compile@1=1.0000
[35/154] n=10, compiling=10, compile@1=1.0000
[36/154] n=10, compiling=8, compile@1=0.8000
[37/154] n=10, compiling=10, compile@1=1.0000
[38/154] n=10, compiling=10, compile@1=1.0000
[39/154] n=10, compiling=10, compile@1=1.0000
[40/154] n=10, compiling=10, compile@1=1.0000
[41/154] n=10, compiling=7, compile@1=0.7000
[42/154] n=10, compiling=10, compile@1=1.0000
[43/154] n=10, compiling=9, compile@1=0.9000
[44/154] n=10, compiling=2, compile@1=0.2000
[45/154] n=10, compiling=9, compile@1=0.9000
[46/154] n=10, compiling=9, compile@1=0.9000
[47/154] n=10, compiling=10, compile@1=1.0000
[48/154] n=10, compiling=10, compile@1=1.0000
[49/154] n=10, compiling=10, compile@1=1.0000
[50/154] n=10, compiling=8, compile@1=0.8000
[51/154] n=10, compiling=10, compile@1=1.0000
[52/154] n=10, compiling=10, compile@1=1.0000
[53/154] n=10, compiling=9, compile@1=0.9000
[54/154] n=10, compiling=9, compile@1=0.9000
[55/154] n=10, compiling=9, compile@1=0.9000
[56/154] n=10, compiling=10, compile@1=1.0000
[57/154] n=10, compiling=9, compile@1=0.9000
[58/154] n=10, compiling=7, compile@1=0.7000
[59/154] n=10, compiling=10, compile@1=1.0000
[60/154] n=10, compiling=10, compile@1=1.0000
[61/154] n=10, compiling=6, compile@1=0.6000
[62/154] n=10, compiling=7, compile@1=0.7000
[63/154] n=10, compiling=7, compile@1=0.7000
[64/154] n=10, compiling=10, compile@1=1.0000
[65/154] n=10, compiling=10, compile@1=1.0000
[66/154] n=10, compiling=10, compile@1=1.0000
[67/154] n=10, compiling=10, compile@1=1.0000
[68/154] n=10, compiling=8, compile@1=0.8000
[69/154] n=10, compiling=5, compile@1=0.5000
[70/154] n=10, compiling=8, compile@1=0.8000
[71/154] n=10, compiling=6, compile@1=0.6000
[72/154] n=10, compiling=7, compile@1=0.7000
[73/154] n=10, compiling=8, compile@1=0.8000
[74/154] n=10, compiling=5, compile@1=0.5000
[75/154] n=10, compiling=9, compile@1=0.9000
[76/154] n=10, compiling=9, compile@1=0.9000
[77/154] n=10, compiling=10, compile@1=1.0000
[78/154] n=10, compiling=10, compile@1=1.0000
[79/154] n=10, compiling=8, compile@1=0.8000
[80/154] n=10, compiling=7, compile@1=0.7000
[81/154] n=10, compiling=9, compile@1=0.9000
[82/154] n=10, compiling=6, compile@1=0.6000
[83/154] n=10, compiling=0, compile@1=0.0000
[84/154] n=10, compiling=9, compile@1=0.9000
[85/154] n=10, compiling=6, compile@1=0.6000
[86/154] n=10, compiling=6, compile@1=0.6000
[87/154] n=10, compiling=8, compile@1=0.8000
[88/154] n=10, compiling=9, compile@1=0.9000
[89/154] n=10, compiling=5, compile@1=0.5000
[90/154] n=10, compiling=8, compile@1=0.8000
[91/154] n=10, compiling=7, compile@1=0.7000
[92/154] n=10, compiling=10, compile@1=1.0000
[93/154] n=10, compiling=10, compile@1=1.0000
[94/154] n=10, compiling=5, compile@1=0.5000
[95/154] n=10, compiling=8, compile@1=0.8000
[96/154] n=10, compiling=10, compile@1=1.0000
[97/154] n=10, compiling=7, compile@1=0.7000
[98/154] n=10, compiling=8, compile@1=0.8000
[99/154] n=10, compiling=10, compile@1=1.0000
[100/154] n=10, compiling=10, compile@1=1.0000
[101/154] n=10, compiling=8, compile@1=0.8000
[102/154] n=10, compiling=9, compile@1=0.9000
[103/154] n=10, compiling=9, compile@1=0.9000
[104/154] n=10, compiling=10, compile@1=1.0000
[105/154] n=10, compiling=6, compile@1=0.6000
[106/154] n=10, compiling=4, compile@1=0.4000
[107/154] n=10, compiling=10, compile@1=1.0000
[108/154] n=10, compiling=7, compile@1=0.7000
[109/154] n=10, compiling=8, compile@1=0.8000
[110/154] n=10, compiling=3, compile@1=0.3000
[111/154] n=10, compiling=10, compile@1=1.0000
[112/154] n=10, compiling=8, compile@1=0.8000
[113/154] n=10, compiling=6, compile@1=0.6000
[114/154] n=10, compiling=9, compile@1=0.9000
[115/154] n=10, compiling=8, compile@1=0.8000
[116/154] n=10, compiling=0, compile@1=0.0000
[117/154] n=10, compiling=9, compile@1=0.9000
[118/154] n=10, compiling=10, compile@1=1.0000
[119/154] n=10, compiling=8, compile@1=0.8000
[120/154] n=10, compiling=9, compile@1=0.9000
[121/154] n=10, compiling=0, compile@1=0.0000
[122/154] n=10, compiling=10, compile@1=1.0000
[123/154] n=10, compiling=1, compile@1=0.1000
[124/154] n=10, compiling=7, compile@1=0.7000
[125/154] n=10, compiling=10, compile@1=1.0000
[126/154] n=10, compiling=9, compile@1=0.9000
[127/154] n=10, compiling=7, compile@1=0.7000
[128/154] n=10, compiling=9, compile@1=0.9000
[129/154] n=10, compiling=9, compile@1=0.9000
[130/154] n=10, compiling=9, compile@1=0.9000
[131/154] n=10, compiling=8, compile@1=0.8000
[132/154] n=10, compiling=8, compile@1=0.8000
[133/154] n=10, compiling=9, compile@1=0.9000
[134/154] n=10, compiling=8, compile@1=0.8000
[135/154] n=10, compiling=9, compile@1=0.9000
[136/154] n=10, compiling=3, compile@1=0.3000
[137/154] n=10, compiling=6, compile@1=0.6000
[138/154] n=10, compiling=9, compile@1=0.9000
[139/154] n=10, compiling=10, compile@1=1.0000
[140/154] n=10, compiling=8, compile@1=0.8000
[141/154] n=10, compiling=10, compile@1=1.0000
[142/154] n=10, compiling=5, compile@1=0.5000
[143/154] n=10, compiling=2, compile@1=0.2000
[144/154] n=10, compiling=8, compile@1=0.8000
[145/154] n=10, compiling=0, compile@1=0.0000
[146/154] n=10, compiling=7, compile@1=0.7000
[147/154] n=10, compiling=10, compile@1=1.0000
[148/154] n=10, compiling=9, compile@1=0.9000
[149/154] n=10, compiling=4, compile@1=0.4000
[150/154] n=10, compiling=8, compile@1=0.8000
[151/154] n=10, compiling=4, compile@1=0.4000
[152/154] n=10, compiling=7, compile@1=0.7000
[153/154] n=10, compiling=0, compile@1=0.0000
[154/154] n=10, compiling=10, compile@1=1.0000
{
  "compile_at_1": 0.7720779220779223,
  "compile_at_5": 0.9480519480519483,
  "total_problems": 154
}

Using Dart binary: /usr/bin/dart | workers=64

pass@k:   0%|          | 0/154 [00:00<?, ?row/s]
pass@k:   1%|          | 1/154 [00:23<1:00:11, 23.61s/row]
pass@k:   1%|▏         | 2/154 [00:24<25:30, 10.07s/row]  
pass@k:   2%|▏         | 3/154 [00:26<16:32,  6.58s/row]
pass@k:  23%|██▎       | 36/154 [00:53<02:06,  1.07s/row]
pass@k:  30%|██▉       | 46/154 [00:53<01:22,  1.31row/s]
pass@k:  30%|██▉       | 46/154 [01:10<01:22,  1.31row/s]
pass@k:  43%|████▎     | 66/154 [01:12<01:14,  1.19row/s]
pass@k:  47%|████▋     | 73/154 [01:26<01:25,  1.05s/row]
pass@k:  89%|████████▉ | 137/154 [01:29<00:05,  2.91row/s]
pass@k: 100%|██████████| 154/154 [01:29<00:00,  1.72row/s]
Pass@k Results:
[1/154] n=10, passed=0, pass@1=0.0000
[2/154] n=10, passed=3, pass@1=0.3000
[3/154] n=10, passed=0, pass@1=0.0000
[4/154] n=10, passed=10, pass@1=1.0000
[5/154] n=10, passed=0, pass@1=0.0000
[6/154] n=10, passed=6, pass@1=0.6000
[7/154] n=10, passed=0, pass@1=0.0000
[8/154] n=10, passed=10, pass@1=1.0000
[9/154] n=10, passed=0, pass@1=0.0000
[10/154] n=10, passed=5, pass@1=0.5000
[11/154] n=10, passed=0, pass@1=0.0000
[12/154] n=10, passed=0, pass@1=0.0000
[13/154] n=10, passed=10, pass@1=1.0000
[14/154] n=10, passed=9, pass@1=0.9000
[15/154] n=10, passed=9, pass@1=0.9000
[16/154] n=10, passed=0, pass@1=0.0000
[17/154] n=10, passed=0, pass@1=0.0000
[18/154] n=10, passed=0, pass@1=0.0000
[19/154] n=10, passed=8, pass@1=0.8000
[20/154] n=10, passed=0, pass@1=0.0000
[21/154] n=10, passed=0, pass@1=0.0000
[22/154] n=10, passed=2, pass@1=0.2000
[23/154] n=10, passed=8, pass@1=0.8000
[24/154] n=10, passed=0, pass@1=0.0000
[25/154] n=10, passed=0, pass@1=0.0000
[26/154] n=10, passed=2, pass@1=0.2000
[27/154] n=10, passed=10, pass@1=1.0000
[28/154] n=10, passed=10, pass@1=1.0000
[29/154] n=10, passed=10, pass@1=1.0000
[30/154] n=10, passed=10, pass@1=1.0000
[31/154] n=10, passed=0, pass@1=0.0000
[32/154] n=10, passed=0, pass@1=0.0000
[33/154] n=10, passed=6, pass@1=0.6000
[34/154] n=10, passed=0, pass@1=0.0000
[35/154] n=10, passed=0, pass@1=0.0000
[36/154] n=10, passed=0, pass@1=0.0000
[37/154] n=10, passed=7, pass@1=0.7000
[38/154] n=10, passed=0, pass@1=0.0000
[39/154] n=10, passed=4, pass@1=0.4000
[40/154] n=10, passed=10, pass@1=1.0000
[41/154] n=10, passed=5, pass@1=0.5000
[42/154] n=10, passed=10, pass@1=1.0000
[43/154] n=10, passed=0, pass@1=0.0000
[44/154] n=10, passed=0, pass@1=0.0000
[45/154] n=10, passed=8, pass@1=0.8000
[46/154] n=10, passed=0, pass@1=0.0000
[47/154] n=10, passed=8, pass@1=0.8000
[48/154] n=10, passed=4, pass@1=0.4000
[49/154] n=10, passed=10, pass@1=1.0000
[50/154] n=10, passed=0, pass@1=0.0000
[51/154] n=10, passed=5, pass@1=0.5000
[52/154] n=10, passed=0, pass@1=0.0000
[53/154] n=10, passed=6, pass@1=0.6000
[54/154] n=10, passed=1, pass@1=0.1000
[55/154] n=10, passed=6, pass@1=0.6000
[56/154] n=10, passed=10, pass@1=1.0000
[57/154] n=10, passed=9, pass@1=0.9000
[58/154] n=10, passed=0, pass@1=0.0000
[59/154] n=10, passed=0, pass@1=0.0000
[60/154] n=10, passed=0, pass@1=0.0000
[61/154] n=10, passed=0, pass@1=0.0000
[62/154] n=10, passed=0, pass@1=0.0000
[63/154] n=10, passed=0, pass@1=0.0000
[64/154] n=10, passed=0, pass@1=0.0000
[65/154] n=10, passed=0, pass@1=0.0000
[66/154] n=10, passed=1, pass@1=0.1000
[67/154] n=10, passed=0, pass@1=0.0000
[68/154] n=10, passed=0, pass@1=0.0000
[69/154] n=10, passed=0, pass@1=0.0000
[70/154] n=10, passed=0, pass@1=0.0000
[71/154] n=10, passed=0, pass@1=0.0000
[72/154] n=10, passed=0, pass@1=0.0000
[73/154] n=10, passed=0, pass@1=0.0000
[74/154] n=10, passed=0, pass@1=0.0000
[75/154] n=10, passed=0, pass@1=0.0000
[76/154] n=10, passed=0, pass@1=0.0000
[77/154] n=10, passed=0, pass@1=0.0000
[78/154] n=10, passed=8, pass@1=0.8000
[79/154] n=10, passed=0, pass@1=0.0000
[80/154] n=10, passed=0, pass@1=0.0000
[81/154] n=10, passed=0, pass@1=0.0000
[82/154] n=10, passed=0, pass@1=0.0000
[83/154] n=10, passed=0, pass@1=0.0000
[84/154] n=10, passed=0, pass@1=0.0000
[85/154] n=10, passed=1, pass@1=0.1000
[86/154] n=10, passed=0, pass@1=0.0000
[87/154] n=10, passed=0, pass@1=0.0000
[88/154] n=10, passed=0, pass@1=0.0000
[89/154] n=10, passed=0, pass@1=0.0000
[90/154] n=10, passed=0, pass@1=0.0000
[91/154] n=10, passed=0, pass@1=0.0000
[92/154] n=10, passed=0, pass@1=0.0000
[93/154] n=10, passed=0, pass@1=0.0000
[94/154] n=10, passed=0, pass@1=0.0000
[95/154] n=10, passed=3, pass@1=0.3000
[96/154] n=10, passed=0, pass@1=0.0000
[97/154] n=10, passed=0, pass@1=0.0000
[98/154] n=10, passed=0, pass@1=0.0000
[99/154] n=10, passed=0, pass@1=0.0000
[100/154] n=10, passed=0, pass@1=0.0000
[101/154] n=10, passed=0, pass@1=0.0000
[102/154] n=10, passed=0, pass@1=0.0000
[103/154] n=10, passed=0, pass@1=0.0000
[104/154] n=10, passed=0, pass@1=0.0000
[105/154] n=10, passed=0, pass@1=0.0000
[106/154] n=10, passed=0, pass@1=0.0000
[107/154] n=10, passed=0, pass@1=0.0000
[108/154] n=10, passed=0, pass@1=0.0000
[109/154] n=10, passed=1, pass@1=0.1000
[110/154] n=10, passed=0, pass@1=0.0000
[111/154] n=10, passed=0, pass@1=0.0000
[112/154] n=10, passed=0, pass@1=0.0000
[113/154] n=10, passed=0, pass@1=0.0000
[114/154] n=10, passed=0, pass@1=0.0000
[115/154] n=10, passed=0, pass@1=0.0000
[116/154] n=10, passed=0, pass@1=0.0000
[117/154] n=10, passed=0, pass@1=0.0000
[118/154] n=10, passed=0, pass@1=0.0000
[119/154] n=10, passed=1, pass@1=0.1000
[120/154] n=10, passed=0, pass@1=0.0000
[121/154] n=10, passed=0, pass@1=0.0000
[122/154] n=10, passed=0, pass@1=0.0000
[123/154] n=10, passed=0, pass@1=0.0000
[124/154] n=10, passed=0, pass@1=0.0000
[125/154] n=10, passed=0, pass@1=0.0000
[126/154] n=10, passed=0, pass@1=0.0000
[127/154] n=10, passed=0, pass@1=0.0000
[128/154] n=10, passed=0, pass@1=0.0000
[129/154] n=10, passed=0, pass@1=0.0000
[130/154] n=10, passed=0, pass@1=0.0000
[131/154] n=10, passed=0, pass@1=0.0000
[132/154] n=10, passed=0, pass@1=0.0000
[133/154] n=10, passed=0, pass@1=0.0000
[134/154] n=10, passed=0, pass@1=0.0000
[135/154] n=10, passed=0, pass@1=0.0000
[136/154] n=10, passed=0, pass@1=0.0000
[137/154] n=10, passed=0, pass@1=0.0000
[138/154] n=10, passed=0, pass@1=0.0000
[139/154] n=10, passed=0, pass@1=0.0000
[140/154] n=10, passed=0, pass@1=0.0000
[141/154] n=10, passed=0, pass@1=0.0000
[142/154] n=10, passed=0, pass@1=0.0000
[143/154] n=10, passed=0, pass@1=0.0000
[144/154] n=10, passed=0, pass@1=0.0000
[145/154] n=10, passed=0, pass@1=0.0000
[146/154] n=10, passed=0, pass@1=0.0000
[147/154] n=10, passed=0, pass@1=0.0000
[148/154] n=10, passed=0, pass@1=0.0000
[149/154] n=10, passed=3, pass@1=0.3000
[150/154] n=10, passed=0, pass@1=0.0000
[151/154] n=10, passed=0, pass@1=0.0000
[152/154] n=10, passed=0, pass@1=0.0000
[153/154] n=10, passed=0, pass@1=0.0000
[154/154] n=10, passed=0, pass@1=0.0000
{
  "pass_at_1": 0.16168831168831174,
  "pass_at_5": 0.23211708925994637,
  "pass_at_10": 0.2532467532467532,
  "total_problems": 154
}

Results summary saved to /workspace/results/sweeps_antigravity/qwen3-8b-base_lora_enc_dec_r64_5e6_gcb_a128_graphv2_clean_s42_prefix_no_gine_eval_block_order_shuffled.json

Compiling candidate-level metrics to CSV: /workspace/results/sweeps_antigravity/qwen3-8b-base_lora_enc_dec_r64_5e6_gcb_a128_graphv2_clean_s42_prefix_no_gine_eval_block_order_shuffled_compile_stats.csv ...
Using Dart binary: /usr/bin/dart
Stats CSV workers=64

stats CSV:   0%|          | 0/154 [00:00<?, ?row/s]
stats CSV:   1%|          | 1/154 [00:23<59:12, 23.22s/row]
stats CSV:   4%|▍         | 6/154 [00:25<08:06,  3.29s/row]
stats CSV:  13%|█▎        | 20/154 [00:26<01:40,  1.33row/s]
stats CSV:  13%|█▎        | 20/154 [00:40<01:40,  1.33row/s]
stats CSV:  23%|██▎       | 36/154 [00:51<02:25,  1.23s/row]
stats CSV:  43%|████▎     | 66/154 [01:13<01:21,  1.08row/s]
stats CSV:  47%|████▋     | 73/154 [01:25<01:26,  1.07s/row]
stats CSV:  89%|████████▉ | 137/154 [01:26<00:05,  2.88row/s]
stats CSV: 100%|██████████| 154/154 [01:26<00:00,  1.77row/s]
Successfully compiled per-problem statistics to: /workspace/results/sweeps_antigravity/qwen3-8b-base_lora_enc_dec_r64_5e6_gcb_a128_graphv2_clean_s42_prefix_no_gine_eval_block_order_shuffled_compile_stats.csv

Reusing aligned candidate-level statistics: /workspace/results/sweeps_antigravity/qwen3-8b-base_lora_enc_dec_r64_5e6_gcb_a128_graphv2_clean_s42_prefix_no_gine_eval_block_order_shuffled_pass_stats.csv
HF upload complete: raafatabualazm/antigravity-qwen3-8b-artifacts/results/qwen3-8b-base_lora_enc_dec_r64_5e6_gcb_a128_graphv2_clean_s42_prefix_no_gine_eval_block_order_shuffled_compile_predictions.json
HF upload complete: raafatabualazm/antigravity-qwen3-8b-artifacts/results/qwen3-8b-base_lora_enc_dec_r64_5e6_gcb_a128_graphv2_clean_s42_prefix_no_gine_eval_block_order_shuffled_pass_predictions.json
HF upload complete: raafatabualazm/antigravity-qwen3-8b-artifacts/results/sweeps_antigravity/qwen3-8b-base_lora_enc_dec_r64_5e6_gcb_a128_graphv2_clean_s42_prefix_no_gine_eval_block_order_shuffled.json
HF upload complete: raafatabualazm/antigravity-qwen3-8b-artifacts/results/sweeps_antigravity/qwen3-8b-base_lora_enc_dec_r64_5e6_gcb_a128_graphv2_clean_s42_prefix_no_gine_eval_block_order_shuffled_compile_stats.csv
HF upload complete: raafatabualazm/antigravity-qwen3-8b-artifacts/results/sweeps_antigravity/qwen3-8b-base_lora_enc_dec_r64_5e6_gcb_a128_graphv2_clean_s42_prefix_no_gine_eval_block_order_shuffled_pass_stats.csv

=== x86_causal_prefix_no_edges_gate_zero (estimate 0.80 h) ===
/venv/main/bin/python /workspace/configs/run_sweeps_antigravity.py --experiment qwen3-8b-base_lora_enc_dec_r16_5e6_gcb --encoder gcb --max_risk high --hardware_profile rtx6000 --force_rerun --decoder_revision b968826d9c46dd6066d109eabc6255188de91218 --encoder_revision 2b0488a7bb0eefc7041f1bb2cad1ab26b0da269d --seed 42 --train_file data/datasets/dart_all_graphv2_train.jsonl --eval_file data/datasets/dart_all_graphv2_validation.jsonl --compile_dataset data/testing/grpo_data_graphv2.jsonl --pass_dataset data/testing/grpo_data_graphv2.jsonl --compile_mode jit_tests --epochs 4 --sft_lr 5e-6 --lora_r 64 --lora_alpha 128 --load_4bit 0 --attn_implementation sdpa --gradient_checkpointing 1 --train_batch_size 4 --grad_accum 16 --qwen_prefix_gate_init 0.2 --qwen_prefix_gate_mode token --qwen_prefix_rms_match 1 --decoder_prompt_max_length 2048 --prompt_fit_assembly 1 --auto_cfg 0 --max_block_instrs 20 --position_scheme roberta --causal_position_ids cumsum --use_reasoning 0 --eval_max_new_tokens 768 --generation_batch_size 10 --num_samples 10 --pass_num_samples 10 --metric_workers 64 --save_strategy no --save_total_limit 1 --gnn_layers 4 --global_attention_ablation full --name_suffix _graphv2_clean_s42_prefix_no_edges_eval_gate_zero --skip_training --sft_checkpoint /workspace/artifacts/qwen3-8b-base_lora_enc_dec_r64_5e6_gcb_a128_graphv2_clean_s42_prefix_no_edges/pytorch_model.bin --qwen_prefix_tokens 64 --qwen_prefix_dynamic 1 --qwen_prefix_min_tokens 4 --qwen_prefix_tokens_per_log2 4 --prompt_assembly_mode none --prompt_fit_assembly 0 --prompt_clean_asm 0 --dfg_mode edges --edge_ablation none --gnn_ablation full --add_reverse_edges 1 --block_position_mode sinusoidal --qwen_prefix_gate_override 0.0 --hf_repo raafatabualazm/antigravity-qwen3-8b-artifacts --hf_private 1 --hf_upload_checkpoints 1
CLI overrides applied to all sweeps: epochs=4, lora_r=64, lora_alpha=128

>>> Stage: SFT for qwen3-8b-base_lora_enc_dec_r64_5e6_gcb_a128_graphv2_clean_s42_prefix_no_edges_eval_gate_zero

==================================================
RUNNING EXPERIMENT: qwen3-8b-base_lora_enc_dec_r64_5e6_gcb_a128_graphv2_clean_s42_prefix_no_edges_eval_gate_zero
Decoder: Qwen/Qwen3-8B
Encoder PEFT: lora | Decoder PEFT: lora
LR: 5e-6 | Epochs: 4
OOM Risk (on 6GB VRAM): HIGH
Training Mode: SFT (Supervised Fine-Tuning)
==================================================

Dynamic Batch Size: 4 | Grad Accum: 16 | LoRA R: 64 | Alpha: 128 | Qwen prefix tokens: 64 | Qwen gate init: 0.2 | Qwen gate mode: token | Dynamic prefix: 1 [4, 4/log2] | Prefix RMS match: 1 | Prompt tokens: 2048 | Reasoning: 0 | Attention: sdpa | Grad ckpt: 1
Graph channel: dfg_mode=edges | edge_ablation=none | gnn_ablation=full | gnn_layers=4 | global_attention=full | reverse_edges=1 | block_positions=sinusoidal | position_scheme=roberta | causal_position_ids=cumsum | grpo_train_graph_glue=1 | auto_cfg=0
SFT stage: Continuing from checkpoint: /workspace/artifacts/qwen3-8b-base_lora_enc_dec_r64_5e6_gcb_a128_graphv2_clean_s42_prefix_no_edges/pytorch_model.bin
Skipping training; evaluating existing checkpoint: /workspace/artifacts/qwen3-8b-base_lora_enc_dec_r64_5e6_gcb_a128_graphv2_clean_s42_prefix_no_edges/pytorch_model.bin

Running multi-sample inference for legacy compile/CodeBLEU tasks...

Loading weights:   0%|          | 0/197 [00:00<?, ?it/s]
Loading weights: 100%|██████████| 197/197 [00:00<00:00, 42180.71it/s]
Decoder attention implementation: sdpa

Loading weights:   0%|          | 0/399 [00:00<?, ?it/s]
Loading weights: 100%|██████████| 399/399 [00:00<00:00, 8232.38it/s]
Enabled decoder gradient checkpointing.
Enabled Qwen graph glue: 64 learned prefix tokens, dynamic=1, gate_mode=token, gate_init=0.2
Qwen prefix RMS matching ON: target token RMS 0.022050
Applied PEFT LORA (r=64, alpha=128) to LocalBlockEncoder
Enabled local block encoder gradient checkpointing.
Applied PEFT LORA (r=64, alpha=128) to Decoder
loaded checkpoint: /workspace/artifacts/qwen3-8b-base_lora_enc_dec_r64_5e6_gcb_a128_graphv2_clean_s42_prefix_no_edges/pytorch_model.bin
Loaded parameters with strict=False. Missing keys: 602, Unexpected keys: 0
Qwen graph prefix gate override: 0.200002 -> 0.000100
Inference mode: decoder gradient checkpointing OFF; KV cache ON

generate:   0%|          | 0/154 [00:00<?, ?row/s]
                                                  
[1/154] generated 10 candidates

generate:   0%|          | 0/154 [00:48<?, ?row/s]
generate:   1%|          | 1/154 [00:48<2:04:25, 48.79s/row]
                                                            
[2/154] generated 10 candidates

generate:   1%|          | 1/154 [01:38<2:04:25, 48.79s/row]
generate:   1%|▏         | 2/154 [01:38<2:05:06, 49.39s/row]
                                                            
[3/154] generated 10 candidates

generate:   1%|▏         | 2/154 [02:29<2:05:06, 49.39s/row]
generate:   2%|▏         | 3/154 [02:29<2:05:45, 49.97s/row]
                                                            
[4/154] generated 10 candidates

generate:   2%|▏         | 3/154 [03:20<2:05:45, 49.97s/row]
generate:   3%|▎         | 4/154 [03:20<2:05:44, 50.30s/row]
                                                            
[5/154] generated 10 candidates

generate:   3%|▎         | 4/154 [04:10<2:05:44, 50.30s/row]
generate:   3%|▎         | 5/154 [04:10<2:05:16, 50.44s/row]
                                                            
[6/154] generated 10 candidates

generate:   3%|▎         | 5/154 [04:17<2:05:16, 50.44s/row]
generate:   4%|▍         | 6/154 [04:17<1:27:43, 35.56s/row]
                                                            
[7/154] generated 10 candidates

generate:   4%|▍         | 6/154 [05:07<1:27:43, 35.56s/row]
generate:   5%|▍         | 7/154 [05:07<1:39:07, 40.46s/row]
                                                            
[8/154] generated 10 candidates

generate:   5%|▍         | 7/154 [05:36<1:39:07, 40.46s/row]
generate:   5%|▌         | 8/154 [05:36<1:29:08, 36.63s/row]
                                                            
[9/154] generated 10 candidates

generate:   5%|▌         | 8/154 [05:45<1:29:08, 36.63s/row]
generate:   6%|▌         | 9/154 [05:45<1:07:44, 28.03s/row]
                                                            
[10/154] generated 10 candidates

generate:   6%|▌         | 9/154 [05:53<1:07:44, 28.03s/row]
generate:   6%|▋         | 10/154 [05:53<52:34, 21.91s/row] 
                                                           
[11/154] generated 10 candidates

generate:   6%|▋         | 10/154 [06:44<52:34, 21.91s/row]
generate:   7%|▋         | 11/154 [06:44<1:13:08, 30.69s/row]
                                                             
[12/154] generated 10 candidates

generate:   7%|▋         | 11/154 [07:34<1:13:08, 30.69s/row]
generate:   8%|▊         | 12/154 [07:34<1:27:00, 36.76s/row]
                                                             
[13/154] generated 10 candidates

generate:   8%|▊         | 12/154 [08:20<1:27:00, 36.76s/row]
generate:   8%|▊         | 13/154 [08:20<1:32:58, 39.56s/row]
                                                             
[14/154] generated 10 candidates

generate:   8%|▊         | 13/154 [09:10<1:32:58, 39.56s/row]
generate:   9%|▉         | 14/154 [09:10<1:39:38, 42.70s/row]
                                                             
[15/154] generated 10 candidates

generate:   9%|▉         | 14/154 [09:28<1:39:38, 42.70s/row]
generate:  10%|▉         | 15/154 [09:28<1:21:35, 35.22s/row]
                                                             
[16/154] generated 10 candidates

generate:  10%|▉         | 15/154 [10:19<1:21:35, 35.22s/row]
generate:  10%|█         | 16/154 [10:19<1:31:37, 39.84s/row]
                                                             
[17/154] generated 10 candidates

generate:  10%|█         | 16/154 [11:09<1:31:37, 39.84s/row]
generate:  11%|█         | 17/154 [11:09<1:38:18, 43.06s/row]
                                                             
[18/154] generated 10 candidates

generate:  11%|█         | 17/154 [12:00<1:38:18, 43.06s/row]
generate:  12%|█▏        | 18/154 [12:00<1:42:41, 45.31s/row]
                                                             
[19/154] generated 10 candidates

generate:  12%|█▏        | 18/154 [12:51<1:42:41, 45.31s/row]
generate:  12%|█▏        | 19/154 [12:51<1:45:33, 46.91s/row]
                                                             
[20/154] generated 10 candidates

generate:  12%|█▏        | 19/154 [13:41<1:45:33, 46.91s/row]
generate:  13%|█▎        | 20/154 [13:41<1:47:13, 48.01s/row]
                                                             
[21/154] generated 10 candidates

generate:  13%|█▎        | 20/154 [14:32<1:47:13, 48.01s/row]
generate:  14%|█▎        | 21/154 [14:32<1:48:21, 48.88s/row]
                                                             
[22/154] generated 10 candidates

generate:  14%|█▎        | 21/154 [14:51<1:48:21, 48.88s/row]
generate:  14%|█▍        | 22/154 [14:51<1:27:46, 39.89s/row]
                                                             
[23/154] generated 10 candidates

generate:  14%|█▍        | 22/154 [14:57<1:27:46, 39.89s/row]
generate:  15%|█▍        | 23/154 [14:57<1:05:09, 29.84s/row]
                                                             
[24/154] generated 10 candidates

generate:  15%|█▍        | 23/154 [15:48<1:05:09, 29.84s/row]
generate:  16%|█▌        | 24/154 [15:48<1:18:13, 36.11s/row]
                                                             
[25/154] generated 10 candidates

generate:  16%|█▌        | 24/154 [16:06<1:18:13, 36.11s/row]
generate:  16%|█▌        | 25/154 [16:06<1:06:02, 30.72s/row]
                                                             
[26/154] generated 10 candidates

generate:  16%|█▌        | 25/154 [16:35<1:06:02, 30.72s/row]
generate:  17%|█▋        | 26/154 [16:35<1:03:58, 29.99s/row]
                                                             
[27/154] generated 10 candidates

generate:  17%|█▋        | 26/154 [16:41<1:03:58, 29.99s/row]
generate:  18%|█▊        | 27/154 [16:41<48:45, 23.03s/row]  
                                                           
[28/154] generated 10 candidates

generate:  18%|█▊        | 27/154 [16:49<48:45, 23.03s/row]
generate:  18%|█▊        | 28/154 [16:49<38:24, 18.29s/row]
                                                           
[29/154] generated 10 candidates

generate:  18%|█▊        | 28/154 [16:58<38:24, 18.29s/row]
generate:  19%|█▉        | 29/154 [16:58<32:28, 15.58s/row]
                                                           
[30/154] generated 10 candidates

generate:  19%|█▉        | 29/154 [17:49<32:28, 15.58s/row]
generate:  19%|█▉        | 30/154 [17:49<53:58, 26.12s/row]
                                                           
[31/154] generated 10 candidates

generate:  19%|█▉        | 30/154 [18:39<53:58, 26.12s/row]
generate:  20%|██        | 31/154 [18:39<1:08:38, 33.49s/row]
                                                             
[32/154] generated 10 candidates

generate:  20%|██        | 31/154 [19:00<1:08:38, 33.49s/row]
generate:  21%|██        | 32/154 [19:00<1:00:34, 29.79s/row]
                                                             
[33/154] generated 10 candidates

generate:  21%|██        | 32/154 [19:45<1:00:34, 29.79s/row]
generate:  21%|██▏       | 33/154 [19:45<1:09:18, 34.37s/row]
                                                             
[34/154] generated 10 candidates

generate:  21%|██▏       | 33/154 [20:36<1:09:18, 34.37s/row]
generate:  22%|██▏       | 34/154 [20:36<1:18:36, 39.30s/row]
                                                             
[35/154] generated 10 candidates

generate:  22%|██▏       | 34/154 [21:27<1:18:36, 39.30s/row]
generate:  23%|██▎       | 35/154 [21:27<1:24:53, 42.80s/row]
                                                             
[36/154] generated 10 candidates

generate:  23%|██▎       | 35/154 [22:18<1:24:53, 42.80s/row]
generate:  23%|██▎       | 36/154 [22:18<1:29:00, 45.26s/row]
                                                             
[37/154] generated 10 candidates

generate:  23%|██▎       | 36/154 [23:09<1:29:00, 45.26s/row]
generate:  24%|██▍       | 37/154 [23:09<1:31:31, 46.93s/row]
                                                             
[38/154] generated 10 candidates

generate:  24%|██▍       | 37/154 [24:00<1:31:31, 46.93s/row]
generate:  25%|██▍       | 38/154 [24:00<1:32:51, 48.03s/row]
                                                             
[39/154] generated 10 candidates

generate:  25%|██▍       | 38/154 [24:06<1:32:51, 48.03s/row]
generate:  25%|██▌       | 39/154 [24:06<1:07:57, 35.45s/row]
                                                             
[40/154] generated 10 candidates

generate:  25%|██▌       | 39/154 [24:57<1:07:57, 35.45s/row]
generate:  26%|██▌       | 40/154 [24:57<1:16:04, 40.04s/row]
                                                             
[41/154] generated 10 candidates

generate:  26%|██▌       | 40/154 [25:47<1:16:04, 40.04s/row]
generate:  27%|██▋       | 41/154 [25:47<1:21:31, 43.29s/row]
                                                             
[42/154] generated 10 candidates

generate:  27%|██▋       | 41/154 [26:16<1:21:31, 43.29s/row]
generate:  27%|██▋       | 42/154 [26:16<1:12:38, 38.92s/row]
                                                             
[43/154] generated 10 candidates

generate:  27%|██▋       | 42/154 [27:07<1:12:38, 38.92s/row]
generate:  28%|██▊       | 43/154 [27:07<1:18:39, 42.52s/row]
                                                             
[44/154] generated 10 candidates

generate:  28%|██▊       | 43/154 [27:45<1:18:39, 42.52s/row]
generate:  29%|██▊       | 44/154 [27:45<1:15:40, 41.27s/row]
                                                             
[45/154] generated 10 candidates

generate:  29%|██▊       | 44/154 [28:36<1:15:40, 41.27s/row]
generate:  29%|██▉       | 45/154 [28:36<1:20:04, 44.08s/row]
                                                             
[46/154] generated 10 candidates

generate:  29%|██▉       | 45/154 [29:27<1:20:04, 44.08s/row]
generate:  30%|██▉       | 46/154 [29:27<1:22:55, 46.07s/row]
                                                             
[47/154] generated 10 candidates

generate:  30%|██▉       | 46/154 [29:36<1:22:55, 46.07s/row]
generate:  31%|███       | 47/154 [29:36<1:02:13, 34.89s/row]
                                                             
[48/154] generated 10 candidates

generate:  31%|███       | 47/154 [30:26<1:02:13, 34.89s/row]
generate:  31%|███       | 48/154 [30:26<1:09:59, 39.62s/row]
                                                             
[49/154] generated 10 candidates

generate:  31%|███       | 48/154 [30:58<1:09:59, 39.62s/row]
generate:  32%|███▏      | 49/154 [30:58<1:05:21, 37.35s/row]
                                                             
[50/154] generated 10 candidates

generate:  32%|███▏      | 49/154 [31:49<1:05:21, 37.35s/row]
generate:  32%|███▏      | 50/154 [31:49<1:11:36, 41.31s/row]
                                                             
[51/154] generated 10 candidates

generate:  32%|███▏      | 50/154 [32:31<1:11:36, 41.31s/row]
generate:  33%|███▎      | 51/154 [32:31<1:11:09, 41.45s/row]
                                                             
[52/154] generated 10 candidates

generate:  33%|███▎      | 51/154 [33:21<1:11:09, 41.45s/row]
generate:  34%|███▍      | 52/154 [33:21<1:15:09, 44.21s/row]
                                                             
[53/154] generated 10 candidates

generate:  34%|███▍      | 52/154 [34:12<1:15:09, 44.21s/row]
generate:  34%|███▍      | 53/154 [34:12<1:17:43, 46.17s/row]
                                                             
[54/154] generated 10 candidates

generate:  34%|███▍      | 53/154 [35:03<1:17:43, 46.17s/row]
generate:  35%|███▌      | 54/154 [35:03<1:19:13, 47.53s/row]
                                                             
[55/154] generated 10 candidates

generate:  35%|███▌      | 54/154 [35:54<1:19:13, 47.53s/row]
generate:  36%|███▌      | 55/154 [35:54<1:20:06, 48.55s/row]
                                                             
[56/154] generated 10 candidates

generate:  36%|███▌      | 55/154 [36:44<1:20:06, 48.55s/row]
generate:  36%|███▋      | 56/154 [36:44<1:20:18, 49.17s/row]
                                                             
[57/154] generated 10 candidates

generate:  36%|███▋      | 56/154 [37:35<1:20:18, 49.17s/row]
generate:  37%|███▋      | 57/154 [37:35<1:20:13, 49.62s/row]
                                                             
[58/154] generated 10 candidates

generate:  37%|███▋      | 57/154 [38:25<1:20:13, 49.62s/row]
generate:  38%|███▊      | 58/154 [38:25<1:19:24, 49.63s/row]
                                                             
[59/154] generated 10 candidates

generate:  38%|███▊      | 58/154 [39:15<1:19:24, 49.63s/row]
generate:  38%|███▊      | 59/154 [39:15<1:19:07, 49.97s/row]
                                                             
[60/154] generated 10 candidates

generate:  38%|███▊      | 59/154 [40:06<1:19:07, 49.97s/row]
generate:  39%|███▉      | 60/154 [40:06<1:18:38, 50.19s/row]
                                                             
[61/154] generated 10 candidates

generate:  39%|███▉      | 60/154 [40:57<1:18:38, 50.19s/row]
generate:  40%|███▉      | 61/154 [40:57<1:18:00, 50.33s/row]
                                                             
[62/154] generated 10 candidates

generate:  40%|███▉      | 61/154 [41:47<1:18:00, 50.33s/row]
generate:  40%|████      | 62/154 [41:47<1:17:21, 50.45s/row]
                                                             
[63/154] generated 10 candidates

generate:  40%|████      | 62/154 [42:38<1:17:21, 50.45s/row]
generate:  41%|████      | 63/154 [42:38<1:16:39, 50.54s/row]
                                                             
[64/154] generated 10 candidates

generate:  41%|████      | 63/154 [42:46<1:16:39, 50.54s/row]
generate:  42%|████▏     | 64/154 [42:46<56:30, 37.67s/row]  
                                                           
[65/154] generated 10 candidates

generate:  42%|████▏     | 64/154 [43:37<56:30, 37.67s/row]
generate:  42%|████▏     | 65/154 [43:37<1:01:44, 41.62s/row]
                                                             
[66/154] generated 10 candidates

generate:  42%|████▏     | 65/154 [44:27<1:01:44, 41.62s/row]
generate:  43%|████▎     | 66/154 [44:27<1:05:03, 44.36s/row]
                                                             
[67/154] generated 10 candidates

generate:  43%|████▎     | 66/154 [45:18<1:05:03, 44.36s/row]
generate:  44%|████▎     | 67/154 [45:18<1:07:02, 46.23s/row]
                                                             
[68/154] generated 10 candidates

generate:  44%|████▎     | 67/154 [46:09<1:07:02, 46.23s/row]
generate:  44%|████▍     | 68/154 [46:09<1:08:13, 47.60s/row]
                                                             
[69/154] generated 10 candidates

generate:  44%|████▍     | 68/154 [47:00<1:08:13, 47.60s/row]
generate:  45%|████▍     | 69/154 [47:00<1:08:45, 48.54s/row]
                                                             
[70/154] generated 10 candidates

generate:  45%|████▍     | 69/154 [47:50<1:08:45, 48.54s/row]
generate:  45%|████▌     | 70/154 [47:50<1:08:51, 49.19s/row]
                                                             
[71/154] generated 10 candidates

generate:  45%|████▌     | 70/154 [48:41<1:08:51, 49.19s/row]
generate:  46%|████▌     | 71/154 [48:41<1:08:52, 49.78s/row]
                                                             
[72/154] generated 10 candidates

generate:  46%|████▌     | 71/154 [49:32<1:08:52, 49.78s/row]
generate:  47%|████▋     | 72/154 [49:32<1:08:24, 50.06s/row]
                                                             
[73/154] generated 10 candidates

generate:  47%|████▋     | 72/154 [50:23<1:08:24, 50.06s/row]
generate:  47%|████▋     | 73/154 [50:23<1:07:53, 50.29s/row]
                                                             
[74/154] generated 10 candidates

generate:  47%|████▋     | 73/154 [51:14<1:07:53, 50.29s/row]
generate:  48%|████▊     | 74/154 [51:14<1:07:11, 50.40s/row]
                                                             
[75/154] generated 10 candidates

generate:  48%|████▊     | 74/154 [51:21<1:07:11, 50.40s/row]
generate:  49%|████▊     | 75/154 [51:21<49:33, 37.64s/row]  
                                                           
[76/154] generated 10 candidates

generate:  49%|████▊     | 75/154 [52:12<49:33, 37.64s/row]
generate:  49%|████▉     | 76/154 [52:12<54:01, 41.55s/row]
                                                           
[77/154] generated 10 candidates

generate:  49%|████▉     | 76/154 [52:41<54:01, 41.55s/row]
generate:  50%|█████     | 77/154 [52:41<48:16, 37.62s/row]
                                                           
[78/154] generated 10 candidates

generate:  50%|█████     | 77/154 [53:31<48:16, 37.62s/row]
generate:  51%|█████     | 78/154 [53:31<52:36, 41.53s/row]
                                                           
[79/154] generated 10 candidates

generate:  51%|█████     | 78/154 [54:22<52:36, 41.53s/row]
generate:  51%|█████▏    | 79/154 [54:22<55:25, 44.35s/row]
                                                           
[80/154] generated 10 candidates

generate:  51%|█████▏    | 79/154 [55:13<55:25, 44.35s/row]
generate:  52%|█████▏    | 80/154 [55:13<56:59, 46.21s/row]
                                                           
[81/154] generated 10 candidates

generate:  52%|█████▏    | 80/154 [55:18<56:59, 46.21s/row]
generate:  53%|█████▎    | 81/154 [55:18<41:12, 33.87s/row]
                                                           
[82/154] generated 10 candidates

generate:  53%|█████▎    | 81/154 [56:05<41:12, 33.87s/row]
generate:  53%|█████▎    | 82/154 [56:05<45:22, 37.81s/row]
                                                           
[83/154] generated 10 candidates

generate:  53%|█████▎    | 82/154 [56:12<45:22, 37.81s/row]
generate:  54%|█████▍    | 83/154 [56:12<33:45, 28.53s/row]
                                                           
[84/154] generated 10 candidates

generate:  54%|█████▍    | 83/154 [56:50<33:45, 28.53s/row]
generate:  55%|█████▍    | 84/154 [56:50<36:32, 31.32s/row]
                                                           
[85/154] generated 10 candidates

generate:  55%|█████▍    | 84/154 [57:40<36:32, 31.32s/row]
generate:  55%|█████▌    | 85/154 [57:40<42:41, 37.13s/row]
                                                           
[86/154] generated 10 candidates

generate:  55%|█████▌    | 85/154 [58:06<42:41, 37.13s/row]
generate:  56%|█████▌    | 86/154 [58:06<38:17, 33.78s/row]
                                                           
[87/154] generated 10 candidates

generate:  56%|█████▌    | 86/154 [58:57<38:17, 33.78s/row]
generate:  56%|█████▋    | 87/154 [58:57<43:20, 38.82s/row]
                                                           
[88/154] generated 10 candidates

generate:  56%|█████▋    | 87/154 [59:47<43:20, 38.82s/row]
generate:  57%|█████▋    | 88/154 [59:47<46:36, 42.37s/row]
                                                           
[89/154] generated 10 candidates

generate:  57%|█████▋    | 88/154 [1:00:38<46:36, 42.37s/row]
generate:  58%|█████▊    | 89/154 [1:00:38<48:37, 44.89s/row]
                                                             
[90/154] generated 10 candidates

generate:  58%|█████▊    | 89/154 [1:01:29<48:37, 44.89s/row]
generate:  58%|█████▊    | 90/154 [1:01:29<49:50, 46.72s/row]
                                                             
[91/154] generated 10 candidates

generate:  58%|█████▊    | 90/154 [1:02:20<49:50, 46.72s/row]
generate:  59%|█████▉    | 91/154 [1:02:20<50:21, 47.96s/row]
                                                             
[92/154] generated 10 candidates

generate:  59%|█████▉    | 91/154 [1:02:40<50:21, 47.96s/row]
generate:  60%|█████▉    | 92/154 [1:02:40<40:56, 39.62s/row]
                                                             
[93/154] generated 10 candidates

generate:  60%|█████▉    | 92/154 [1:02:54<40:56, 39.62s/row]
generate:  60%|██████    | 93/154 [1:02:54<32:25, 31.89s/row]
                                                             
[94/154] generated 10 candidates

generate:  60%|██████    | 93/154 [1:03:44<32:25, 31.89s/row]
generate:  61%|██████    | 94/154 [1:03:44<37:22, 37.37s/row]
                                                             
[95/154] generated 10 candidates

generate:  61%|██████    | 94/154 [1:04:35<37:22, 37.37s/row]
generate:  62%|██████▏   | 95/154 [1:04:35<40:44, 41.43s/row]
                                                             
[96/154] generated 10 candidates

generate:  62%|██████▏   | 95/154 [1:05:26<40:44, 41.43s/row]
generate:  62%|██████▏   | 96/154 [1:05:26<42:43, 44.20s/row]
                                                             
[97/154] generated 10 candidates

generate:  62%|██████▏   | 96/154 [1:06:16<42:43, 44.20s/row]
generate:  63%|██████▎   | 97/154 [1:06:16<43:50, 46.15s/row]
                                                             
[98/154] generated 10 candidates

generate:  63%|██████▎   | 97/154 [1:07:07<43:50, 46.15s/row]
generate:  64%|██████▎   | 98/154 [1:07:07<44:20, 47.51s/row]
                                                             
[99/154] generated 10 candidates

generate:  64%|██████▎   | 98/154 [1:07:18<44:20, 47.51s/row]
generate:  64%|██████▍   | 99/154 [1:07:18<33:23, 36.42s/row]
                                                             
[100/154] generated 10 candidates

generate:  64%|██████▍   | 99/154 [1:08:08<33:23, 36.42s/row]
generate:  65%|██████▍   | 100/154 [1:08:08<36:39, 40.73s/row]
                                                              
[101/154] generated 10 candidates

generate:  65%|██████▍   | 100/154 [1:08:59<36:39, 40.73s/row]
generate:  66%|██████▌   | 101/154 [1:08:59<38:39, 43.76s/row]
                                                              
[102/154] generated 10 candidates

generate:  66%|██████▌   | 101/154 [1:09:38<38:39, 43.76s/row]
generate:  66%|██████▌   | 102/154 [1:09:38<36:32, 42.16s/row]
                                                              
[103/154] generated 10 candidates

generate:  66%|██████▌   | 102/154 [1:10:28<36:32, 42.16s/row]
generate:  67%|██████▋   | 103/154 [1:10:28<37:58, 44.67s/row]
                                                              
[104/154] generated 10 candidates

generate:  67%|██████▋   | 103/154 [1:11:19<37:58, 44.67s/row]
generate:  68%|██████▊   | 104/154 [1:11:19<38:44, 46.49s/row]
                                                              
[105/154] generated 10 candidates

generate:  68%|██████▊   | 104/154 [1:11:54<38:44, 46.49s/row]
generate:  68%|██████▊   | 105/154 [1:11:54<35:16, 43.19s/row]
                                                              
[106/154] generated 10 candidates

generate:  68%|██████▊   | 105/154 [1:12:46<35:16, 43.19s/row]
generate:  69%|██████▉   | 106/154 [1:12:46<36:28, 45.60s/row]
                                                              
[107/154] generated 10 candidates

generate:  69%|██████▉   | 106/154 [1:13:36<36:28, 45.60s/row]
generate:  69%|██████▉   | 107/154 [1:13:36<36:52, 47.08s/row]
                                                              
[108/154] generated 10 candidates

generate:  69%|██████▉   | 107/154 [1:14:11<36:52, 47.08s/row]
generate:  70%|███████   | 108/154 [1:14:11<33:11, 43.29s/row]
                                                              
[109/154] generated 10 candidates

generate:  70%|███████   | 108/154 [1:14:22<33:11, 43.29s/row]
generate:  71%|███████   | 109/154 [1:14:22<25:14, 33.67s/row]
                                                              
[110/154] generated 10 candidates

generate:  71%|███████   | 109/154 [1:15:13<25:14, 33.67s/row]
generate:  71%|███████▏  | 110/154 [1:15:13<28:25, 38.77s/row]
                                                              
[111/154] generated 10 candidates

generate:  71%|███████▏  | 110/154 [1:16:03<28:25, 38.77s/row]
generate:  72%|███████▏  | 111/154 [1:16:03<30:18, 42.29s/row]
                                                              
[112/154] generated 10 candidates

generate:  72%|███████▏  | 111/154 [1:16:54<30:18, 42.29s/row]
generate:  73%|███████▎  | 112/154 [1:16:54<31:24, 44.86s/row]
                                                              
[113/154] generated 10 candidates

generate:  73%|███████▎  | 112/154 [1:17:33<31:24, 44.86s/row]
generate:  73%|███████▎  | 113/154 [1:17:33<29:31, 43.22s/row]
                                                              
[114/154] generated 10 candidates

generate:  73%|███████▎  | 113/154 [1:18:24<29:31, 43.22s/row]
generate:  74%|███████▍  | 114/154 [1:18:24<30:19, 45.49s/row]
                                                              
[115/154] generated 10 candidates

generate:  74%|███████▍  | 114/154 [1:19:15<30:19, 45.49s/row]
generate:  75%|███████▍  | 115/154 [1:19:15<30:33, 47.01s/row]
                                                              
[116/154] generated 10 candidates

generate:  75%|███████▍  | 115/154 [1:20:05<30:33, 47.01s/row]
generate:  75%|███████▌  | 116/154 [1:20:05<30:26, 48.08s/row]
                                                              
[117/154] generated 10 candidates

generate:  75%|███████▌  | 116/154 [1:20:56<30:26, 48.08s/row]
generate:  76%|███████▌  | 117/154 [1:20:56<30:06, 48.84s/row]
                                                              
[118/154] generated 10 candidates

generate:  76%|███████▌  | 117/154 [1:21:28<30:06, 48.84s/row]
generate:  77%|███████▋  | 118/154 [1:21:28<26:16, 43.79s/row]
                                                              
[119/154] generated 10 candidates

generate:  77%|███████▋  | 118/154 [1:22:19<26:16, 43.79s/row]
generate:  77%|███████▋  | 119/154 [1:22:19<26:46, 45.89s/row]
                                                              
[120/154] generated 10 candidates

generate:  77%|███████▋  | 119/154 [1:23:10<26:46, 45.89s/row]
generate:  78%|███████▊  | 120/154 [1:23:10<26:51, 47.41s/row]
                                                              
[121/154] generated 10 candidates

generate:  78%|███████▊  | 120/154 [1:24:01<26:51, 47.41s/row]
generate:  79%|███████▊  | 121/154 [1:24:01<26:39, 48.46s/row]
                                                              
[122/154] generated 10 candidates

generate:  79%|███████▊  | 121/154 [1:24:51<26:39, 48.46s/row]
generate:  79%|███████▉  | 122/154 [1:24:51<26:12, 49.13s/row]
                                                              
[123/154] generated 10 candidates

generate:  79%|███████▉  | 122/154 [1:25:42<26:12, 49.13s/row]
generate:  80%|███████▉  | 123/154 [1:25:42<25:42, 49.76s/row]
                                                              
[124/154] generated 10 candidates

generate:  80%|███████▉  | 123/154 [1:26:33<25:42, 49.76s/row]
generate:  81%|████████  | 124/154 [1:26:33<25:03, 50.10s/row]
                                                              
[125/154] generated 10 candidates

generate:  81%|████████  | 124/154 [1:27:24<25:03, 50.10s/row]
generate:  81%|████████  | 125/154 [1:27:24<24:18, 50.29s/row]
                                                              
[126/154] generated 10 candidates

generate:  81%|████████  | 125/154 [1:28:15<24:18, 50.29s/row]
generate:  82%|████████▏ | 126/154 [1:28:15<23:32, 50.44s/row]
                                                              
[127/154] generated 10 candidates

generate:  82%|████████▏ | 126/154 [1:28:23<23:32, 50.44s/row]
generate:  82%|████████▏ | 127/154 [1:28:23<16:59, 37.75s/row]
                                                              
[128/154] generated 10 candidates

generate:  82%|████████▏ | 127/154 [1:29:14<16:59, 37.75s/row]
generate:  83%|████████▎ | 128/154 [1:29:14<18:02, 41.62s/row]
                                                              
[129/154] generated 10 candidates

generate:  83%|████████▎ | 128/154 [1:30:04<18:02, 41.62s/row]
generate:  84%|████████▍ | 129/154 [1:30:04<18:28, 44.35s/row]
                                                              
[130/154] generated 10 candidates

generate:  84%|████████▍ | 129/154 [1:30:55<18:28, 44.35s/row]
generate:  84%|████████▍ | 130/154 [1:30:55<18:29, 46.24s/row]
                                                              
[131/154] generated 10 candidates

generate:  84%|████████▍ | 130/154 [1:31:46<18:29, 46.24s/row]
generate:  85%|████████▌ | 131/154 [1:31:46<18:13, 47.56s/row]
                                                              
[132/154] generated 10 candidates

generate:  85%|████████▌ | 131/154 [1:32:36<18:13, 47.56s/row]
generate:  86%|████████▌ | 132/154 [1:32:36<17:46, 48.48s/row]
                                                              
[133/154] generated 10 candidates

generate:  86%|████████▌ | 132/154 [1:33:27<17:46, 48.48s/row]
generate:  86%|████████▋ | 133/154 [1:33:27<17:12, 49.15s/row]
                                                              
[134/154] generated 10 candidates

generate:  86%|████████▋ | 133/154 [1:34:18<17:12, 49.15s/row]
generate:  87%|████████▋ | 134/154 [1:34:18<16:32, 49.64s/row]
                                                              
[135/154] generated 10 candidates

generate:  87%|████████▋ | 134/154 [1:34:24<16:32, 49.64s/row]
generate:  88%|████████▊ | 135/154 [1:34:24<11:37, 36.72s/row]
                                                              
[136/154] generated 10 candidates

generate:  88%|████████▊ | 135/154 [1:35:15<11:37, 36.72s/row]
generate:  88%|████████▊ | 136/154 [1:35:15<12:17, 40.95s/row]
                                                              
[137/154] generated 10 candidates

generate:  88%|████████▊ | 136/154 [1:36:06<12:17, 40.95s/row]
generate:  89%|████████▉ | 137/154 [1:36:06<12:25, 43.88s/row]
                                                              
[138/154] generated 10 candidates

generate:  89%|████████▉ | 137/154 [1:36:19<12:25, 43.88s/row]
generate:  90%|████████▉ | 138/154 [1:36:19<09:16, 34.80s/row]
                                                              
[139/154] generated 10 candidates

generate:  90%|████████▉ | 138/154 [1:36:38<09:16, 34.80s/row]
generate:  90%|█████████ | 139/154 [1:36:38<07:28, 29.89s/row]
                                                              
[140/154] generated 10 candidates

generate:  90%|█████████ | 139/154 [1:37:29<07:28, 29.89s/row]
generate:  91%|█████████ | 140/154 [1:37:29<08:26, 36.21s/row]
                                                              
[141/154] generated 10 candidates

generate:  91%|█████████ | 140/154 [1:38:20<08:26, 36.21s/row]
generate:  92%|█████████▏| 141/154 [1:38:20<08:47, 40.55s/row]
                                                              
[142/154] generated 10 candidates

generate:  92%|█████████▏| 141/154 [1:39:10<08:47, 40.55s/row]
generate:  92%|█████████▏| 142/154 [1:39:10<08:43, 43.61s/row]
                                                              
[143/154] generated 10 candidates

generate:  92%|█████████▏| 142/154 [1:40:01<08:43, 43.61s/row]
generate:  93%|█████████▎| 143/154 [1:40:01<08:22, 45.69s/row]
                                                              
[144/154] generated 10 candidates

generate:  93%|█████████▎| 143/154 [1:40:11<08:22, 45.69s/row]
generate:  94%|█████████▎| 144/154 [1:40:11<05:50, 35.04s/row]
                                                              
[145/154] generated 10 candidates

generate:  94%|█████████▎| 144/154 [1:41:02<05:50, 35.04s/row]
generate:  94%|█████████▍| 145/154 [1:41:02<05:58, 39.83s/row]
                                                              
[146/154] generated 10 candidates

generate:  94%|█████████▍| 145/154 [1:41:53<05:58, 39.83s/row]
generate:  95%|█████████▍| 146/154 [1:41:53<05:44, 43.09s/row]
                                                              
[147/154] generated 10 candidates

generate:  95%|█████████▍| 146/154 [1:42:41<05:44, 43.09s/row]
generate:  95%|█████████▌| 147/154 [1:42:41<05:12, 44.59s/row]
                                                              
[148/154] generated 10 candidates

generate:  95%|█████████▌| 147/154 [1:43:32<05:12, 44.59s/row]
generate:  96%|█████████▌| 148/154 [1:43:32<04:38, 46.49s/row]
                                                              
[149/154] generated 10 candidates

generate:  96%|█████████▌| 148/154 [1:44:23<04:38, 46.49s/row]
generate:  97%|█████████▋| 149/154 [1:44:23<03:58, 47.80s/row]
                                                              
[150/154] generated 10 candidates

generate:  97%|█████████▋| 149/154 [1:45:13<03:58, 47.80s/row]
generate:  97%|█████████▋| 150/154 [1:45:13<03:14, 48.63s/row]
                                                              
[151/154] generated 10 candidates

generate:  97%|█████████▋| 150/154 [1:46:04<03:14, 48.63s/row]
generate:  98%|█████████▊| 151/154 [1:46:04<02:27, 49.23s/row]
                                                              
[152/154] generated 10 candidates

generate:  98%|█████████▊| 151/154 [1:46:58<02:27, 49.23s/row]
generate:  99%|█████████▊| 152/154 [1:46:58<01:41, 50.77s/row]
                                                              
[153/154] generated 10 candidates

generate:  99%|█████████▊| 152/154 [1:47:49<01:41, 50.77s/row]
generate:  99%|█████████▉| 153/154 [1:47:49<00:50, 50.76s/row]
                                                              
[154/154] generated 10 candidates

generate:  99%|█████████▉| 153/154 [1:48:40<00:50, 50.76s/row]
generate: 100%|██████████| 154/154 [1:48:40<00:00, 50.76s/row]
generate: 100%|██████████| 154/154 [1:48:40<00:00, 42.34s/row]
wrote /workspace/results/qwen3-8b-base_lora_enc_dec_r64_5e6_gcb_a128_graphv2_clean_s42_prefix_no_edges_eval_gate_zero_compile_predictions.json
wrote /workspace/results/qwen3-8b-base_lora_enc_dec_r64_5e6_gcb_a128_graphv2_clean_s42_prefix_no_edges_eval_gate_zero_compile_predictions.json.provenance.json

Compile and pass evaluation settings match; reusing the same candidate pool.

Calculating metrics...
CodeBLEU Results:
{
  "count": 154,
  "samples_with_success": 154,
  "mean_codebleu": 0.6618604673114766,
  "min_codebleu": 0.49621523976770654,
  "max_codebleu": 0.8059661760515886
}

Compiled-only CodeBLEU Results:
{
  "count": 154,
  "samples_with_success": 105,
  "mean_codebleu": 0.6503239681684081,
  "min_codebleu": 0.4878935826467313,
  "max_codebleu": 0.8059661760515886
}

Using Dart binary: /usr/bin/dart | workers=64

compile@k:   0%|          | 0/154 [00:00<?, ?row/s]
compile@k:   1%|          | 1/154 [00:20<53:02, 20.80s/row]
compile@k:   1%|▏         | 2/154 [00:24<26:51, 10.60s/row]
compile@k:   5%|▍         | 7/154 [00:28<06:32,  2.67s/row]
compile@k:  43%|████▎     | 66/154 [00:30<00:18,  4.63row/s]
compile@k:  45%|████▍     | 69/154 [00:32<00:21,  4.01row/s]
compile@k:  48%|████▊     | 74/154 [00:35<00:23,  3.45row/s]
compile@k:  50%|█████     | 77/154 [00:36<00:22,  3.44row/s]
compile@k:  51%|█████▏    | 79/154 [00:37<00:23,  3.25row/s]
compile@k:  52%|█████▏    | 80/154 [00:40<00:37,  1.99row/s]
compile@k:  53%|█████▎    | 82/154 [00:42<00:39,  1.81row/s]
compile@k:  55%|█████▌    | 85/154 [00:43<00:37,  1.85row/s]
compile@k:  58%|█████▊    | 89/154 [00:44<00:27,  2.37row/s]
compile@k:  63%|██████▎   | 97/154 [01:14<01:51,  1.96s/row]
compile@k: 100%|██████████| 154/154 [01:14<00:00,  2.08row/s]
Compile@k Results:
[1/154] n=10, compiling=5, compile@1=0.5000
[2/154] n=10, compiling=6, compile@1=0.6000
[3/154] n=10, compiling=3, compile@1=0.3000
[4/154] n=10, compiling=10, compile@1=1.0000
[5/154] n=10, compiling=0, compile@1=0.0000
[6/154] n=10, compiling=10, compile@1=1.0000
[7/154] n=10, compiling=4, compile@1=0.4000
[8/154] n=10, compiling=9, compile@1=0.9000
[9/154] n=10, compiling=10, compile@1=1.0000
[10/154] n=10, compiling=2, compile@1=0.2000
[11/154] n=10, compiling=2, compile@1=0.2000
[12/154] n=10, compiling=5, compile@1=0.5000
[13/154] n=10, compiling=9, compile@1=0.9000
[14/154] n=10, compiling=10, compile@1=1.0000
[15/154] n=10, compiling=10, compile@1=1.0000
[16/154] n=10, compiling=1, compile@1=0.1000
[17/154] n=10, compiling=3, compile@1=0.3000
[18/154] n=10, compiling=1, compile@1=0.1000
[19/154] n=10, compiling=8, compile@1=0.8000
[20/154] n=10, compiling=2, compile@1=0.2000
[21/154] n=10, compiling=4, compile@1=0.4000
[22/154] n=10, compiling=7, compile@1=0.7000
[23/154] n=10, compiling=10, compile@1=1.0000
[24/154] n=10, compiling=9, compile@1=0.9000
[25/154] n=10, compiling=10, compile@1=1.0000
[26/154] n=10, compiling=0, compile@1=0.0000
[27/154] n=10, compiling=10, compile@1=1.0000
[28/154] n=10, compiling=10, compile@1=1.0000
[29/154] n=10, compiling=10, compile@1=1.0000
[30/154] n=10, compiling=10, compile@1=1.0000
[31/154] n=10, compiling=8, compile@1=0.8000
[32/154] n=10, compiling=10, compile@1=1.0000
[33/154] n=10, compiling=7, compile@1=0.7000
[34/154] n=10, compiling=8, compile@1=0.8000
[35/154] n=10, compiling=10, compile@1=1.0000
[36/154] n=10, compiling=6, compile@1=0.6000
[37/154] n=10, compiling=10, compile@1=1.0000
[38/154] n=10, compiling=5, compile@1=0.5000
[39/154] n=10, compiling=10, compile@1=1.0000
[40/154] n=10, compiling=10, compile@1=1.0000
[41/154] n=10, compiling=4, compile@1=0.4000
[42/154] n=10, compiling=8, compile@1=0.8000
[43/154] n=10, compiling=8, compile@1=0.8000
[44/154] n=10, compiling=1, compile@1=0.1000
[45/154] n=10, compiling=10, compile@1=1.0000
[46/154] n=10, compiling=7, compile@1=0.7000
[47/154] n=10, compiling=4, compile@1=0.4000
[48/154] n=10, compiling=10, compile@1=1.0000
[49/154] n=10, compiling=7, compile@1=0.7000
[50/154] n=10, compiling=7, compile@1=0.7000
[51/154] n=10, compiling=9, compile@1=0.9000
[52/154] n=10, compiling=9, compile@1=0.9000
[53/154] n=10, compiling=10, compile@1=1.0000
[54/154] n=10, compiling=9, compile@1=0.9000
[55/154] n=10, compiling=8, compile@1=0.8000
[56/154] n=10, compiling=6, compile@1=0.6000
[57/154] n=10, compiling=8, compile@1=0.8000
[58/154] n=10, compiling=10, compile@1=1.0000
[59/154] n=10, compiling=3, compile@1=0.3000
[60/154] n=10, compiling=8, compile@1=0.8000
[61/154] n=10, compiling=4, compile@1=0.4000
[62/154] n=10, compiling=2, compile@1=0.2000
[63/154] n=10, compiling=2, compile@1=0.2000
[64/154] n=10, compiling=10, compile@1=1.0000
[65/154] n=10, compiling=0, compile@1=0.0000
[66/154] n=10, compiling=3, compile@1=0.3000
[67/154] n=10, compiling=8, compile@1=0.8000
[68/154] n=10, compiling=6, compile@1=0.6000
[69/154] n=10, compiling=4, compile@1=0.4000
[70/154] n=10, compiling=6, compile@1=0.6000
[71/154] n=10, compiling=9, compile@1=0.9000
[72/154] n=10, compiling=5, compile@1=0.5000
[73/154] n=10, compiling=3, compile@1=0.3000
[74/154] n=10, compiling=0, compile@1=0.0000
[75/154] n=10, compiling=10, compile@1=1.0000
[76/154] n=10, compiling=9, compile@1=0.9000
[77/154] n=10, compiling=9, compile@1=0.9000
[78/154] n=10, compiling=10, compile@1=1.0000
[79/154] n=10, compiling=3, compile@1=0.3000
[80/154] n=10, compiling=0, compile@1=0.0000
[81/154] n=10, compiling=10, compile@1=1.0000
[82/154] n=10, compiling=1, compile@1=0.1000
[83/154] n=10, compiling=0, compile@1=0.0000
[84/154] n=10, compiling=9, compile@1=0.9000
[85/154] n=10, compiling=0, compile@1=0.0000
[86/154] n=10, compiling=2, compile@1=0.2000
[87/154] n=10, compiling=0, compile@1=0.0000
[88/154] n=10, compiling=8, compile@1=0.8000
[89/154] n=10, compiling=2, compile@1=0.2000
[90/154] n=10, compiling=6, compile@1=0.6000
[91/154] n=10, compiling=6, compile@1=0.6000
[92/154] n=10, compiling=10, compile@1=1.0000
[93/154] n=10, compiling=9, compile@1=0.9000
[94/154] n=10, compiling=0, compile@1=0.0000
[95/154] n=10, compiling=7, compile@1=0.7000
[96/154] n=10, compiling=4, compile@1=0.4000
[97/154] n=10, compiling=4, compile@1=0.4000
[98/154] n=10, compiling=7, compile@1=0.7000
[99/154] n=10, compiling=10, compile@1=1.0000
[100/154] n=10, compiling=9, compile@1=0.9000
[101/154] n=10, compiling=2, compile@1=0.2000
[102/154] n=10, compiling=10, compile@1=1.0000
[103/154] n=10, compiling=6, compile@1=0.6000
[104/154] n=10, compiling=8, compile@1=0.8000
[105/154] n=10, compiling=3, compile@1=0.3000
[106/154] n=10, compiling=1, compile@1=0.1000
[107/154] n=10, compiling=4, compile@1=0.4000
[108/154] n=10, compiling=7, compile@1=0.7000
[109/154] n=10, compiling=5, compile@1=0.5000
[110/154] n=10, compiling=4, compile@1=0.4000
[111/154] n=10, compiling=8, compile@1=0.8000
[112/154] n=10, compiling=2, compile@1=0.2000
[113/154] n=10, compiling=6, compile@1=0.6000
[114/154] n=10, compiling=10, compile@1=1.0000
[115/154] n=10, compiling=4, compile@1=0.4000
[116/154] n=10, compiling=0, compile@1=0.0000
[117/154] n=10, compiling=3, compile@1=0.3000
[118/154] n=10, compiling=7, compile@1=0.7000
[119/154] n=10, compiling=8, compile@1=0.8000
[120/154] n=10, compiling=10, compile@1=1.0000
[121/154] n=10, compiling=0, compile@1=0.0000
[122/154] n=10, compiling=8, compile@1=0.8000
[123/154] n=10, compiling=0, compile@1=0.0000
[124/154] n=10, compiling=9, compile@1=0.9000
[125/154] n=10, compiling=2, compile@1=0.2000
[126/154] n=10, compiling=10, compile@1=1.0000
[127/154] n=10, compiling=0, compile@1=0.0000
[128/154] n=10, compiling=10, compile@1=1.0000
[129/154] n=10, compiling=9, compile@1=0.9000
[130/154] n=10, compiling=2, compile@1=0.2000
[131/154] n=10, compiling=6, compile@1=0.6000
[132/154] n=10, compiling=3, compile@1=0.3000
[133/154] n=10, compiling=7, compile@1=0.7000
[134/154] n=10, compiling=1, compile@1=0.1000
[135/154] n=10, compiling=10, compile@1=1.0000
[136/154] n=10, compiling=1, compile@1=0.1000
[137/154] n=10, compiling=3, compile@1=0.3000
[138/154] n=10, compiling=10, compile@1=1.0000
[139/154] n=10, compiling=9, compile@1=0.9000
[140/154] n=10, compiling=4, compile@1=0.4000
[141/154] n=10, compiling=9, compile@1=0.9000
[142/154] n=10, compiling=4, compile@1=0.4000
[143/154] n=10, compiling=2, compile@1=0.2000
[144/154] n=10, compiling=10, compile@1=1.0000
[145/154] n=10, compiling=0, compile@1=0.0000
[146/154] n=10, compiling=5, compile@1=0.5000
[147/154] n=10, compiling=9, compile@1=0.9000
[148/154] n=10, compiling=8, compile@1=0.8000
[149/154] n=10, compiling=5, compile@1=0.5000
[150/154] n=10, compiling=8, compile@1=0.8000
[151/154] n=10, compiling=4, compile@1=0.4000
[152/154] n=10, compiling=8, compile@1=0.8000
[153/154] n=10, compiling=0, compile@1=0.0000
[154/154] n=10, compiling=3, compile@1=0.3000
{
  "compile_at_1": 0.5935064935064935,
  "compile_at_5": 0.8542568542568544,
  "total_problems": 154
}

Using Dart binary: /usr/bin/dart | workers=64

pass@k:   0%|          | 0/154 [00:00<?, ?row/s]
pass@k:   1%|          | 1/154 [00:19<50:15, 19.71s/row]
pass@k:   1%|▏         | 2/154 [00:23<26:13, 10.35s/row]
pass@k:   2%|▏         | 3/154 [00:24<15:45,  6.26s/row]
pass@k:   5%|▍         | 7/154 [00:26<04:57,  2.02s/row]
pass@k:  42%|████▏     | 65/154 [00:42<00:33,  2.63row/s]
pass@k:  43%|████▎     | 66/154 [00:46<00:41,  2.13row/s]
pass@k:  51%|█████▏    | 79/154 [00:47<00:26,  2.83row/s]
pass@k:  56%|█████▋    | 87/154 [00:47<00:19,  3.44row/s]
pass@k:  56%|█████▋    | 87/154 [01:00<00:19,  3.44row/s]
pass@k:  63%|██████▎   | 97/154 [01:14<00:52,  1.08row/s]
pass@k: 100%|██████████| 154/154 [01:14<00:00,  2.07row/s]
Pass@k Results:
[1/154] n=10, passed=0, pass@1=0.0000
[2/154] n=10, passed=0, pass@1=0.0000
[3/154] n=10, passed=0, pass@1=0.0000
[4/154] n=10, passed=10, pass@1=1.0000
[5/154] n=10, passed=0, pass@1=0.0000
[6/154] n=10, passed=10, pass@1=1.0000
[7/154] n=10, passed=0, pass@1=0.0000
[8/154] n=10, passed=9, pass@1=0.9000
[9/154] n=10, passed=0, pass@1=0.0000
[10/154] n=10, passed=2, pass@1=0.2000
[11/154] n=10, passed=0, pass@1=0.0000
[12/154] n=10, passed=0, pass@1=0.0000
[13/154] n=10, passed=9, pass@1=0.9000
[14/154] n=10, passed=10, pass@1=1.0000
[15/154] n=10, passed=10, pass@1=1.0000
[16/154] n=10, passed=0, pass@1=0.0000
[17/154] n=10, passed=0, pass@1=0.0000
[18/154] n=10, passed=0, pass@1=0.0000
[19/154] n=10, passed=8, pass@1=0.8000
[20/154] n=10, passed=0, pass@1=0.0000
[21/154] n=10, passed=0, pass@1=0.0000
[22/154] n=10, passed=3, pass@1=0.3000
[23/154] n=10, passed=10, pass@1=1.0000
[24/154] n=10, passed=0, pass@1=0.0000
[25/154] n=10, passed=0, pass@1=0.0000
[26/154] n=10, passed=0, pass@1=0.0000
[27/154] n=10, passed=10, pass@1=1.0000
[28/154] n=10, passed=10, pass@1=1.0000
[29/154] n=10, passed=10, pass@1=1.0000
[30/154] n=10, passed=10, pass@1=1.0000
[31/154] n=10, passed=0, pass@1=0.0000
[32/154] n=10, passed=0, pass@1=0.0000
[33/154] n=10, passed=7, pass@1=0.7000
[34/154] n=10, passed=0, pass@1=0.0000
[35/154] n=10, passed=0, pass@1=0.0000
[36/154] n=10, passed=2, pass@1=0.2000
[37/154] n=10, passed=2, pass@1=0.2000
[38/154] n=10, passed=0, pass@1=0.0000
[39/154] n=10, passed=10, pass@1=1.0000
[40/154] n=10, passed=9, pass@1=0.9000
[41/154] n=10, passed=2, pass@1=0.2000
[42/154] n=10, passed=8, pass@1=0.8000
[43/154] n=10, passed=0, pass@1=0.0000
[44/154] n=10, passed=1, pass@1=0.1000
[45/154] n=10, passed=10, pass@1=1.0000
[46/154] n=10, passed=0, pass@1=0.0000
[47/154] n=10, passed=3, pass@1=0.3000
[48/154] n=10, passed=10, pass@1=1.0000
[49/154] n=10, passed=7, pass@1=0.7000
[50/154] n=10, passed=0, pass@1=0.0000
[51/154] n=10, passed=9, pass@1=0.9000
[52/154] n=10, passed=0, pass@1=0.0000
[53/154] n=10, passed=1, pass@1=0.1000
[54/154] n=10, passed=0, pass@1=0.0000
[55/154] n=10, passed=3, pass@1=0.3000
[56/154] n=10, passed=6, pass@1=0.6000
[57/154] n=10, passed=8, pass@1=0.8000
[58/154] n=10, passed=0, pass@1=0.0000
[59/154] n=10, passed=0, pass@1=0.0000
[60/154] n=10, passed=0, pass@1=0.0000
[61/154] n=10, passed=0, pass@1=0.0000
[62/154] n=10, passed=0, pass@1=0.0000
[63/154] n=10, passed=0, pass@1=0.0000
[64/154] n=10, passed=0, pass@1=0.0000
[65/154] n=10, passed=0, pass@1=0.0000
[66/154] n=10, passed=0, pass@1=0.0000
[67/154] n=10, passed=0, pass@1=0.0000
[68/154] n=10, passed=1, pass@1=0.1000
[69/154] n=10, passed=0, pass@1=0.0000
[70/154] n=10, passed=0, pass@1=0.0000
[71/154] n=10, passed=0, pass@1=0.0000
[72/154] n=10, passed=1, pass@1=0.1000
[73/154] n=10, passed=0, pass@1=0.0000
[74/154] n=10, passed=0, pass@1=0.0000
[75/154] n=10, passed=0, pass@1=0.0000
[76/154] n=10, passed=0, pass@1=0.0000
[77/154] n=10, passed=0, pass@1=0.0000
[78/154] n=10, passed=10, pass@1=1.0000
[79/154] n=10, passed=0, pass@1=0.0000
[80/154] n=10, passed=0, pass@1=0.0000
[81/154] n=10, passed=0, pass@1=0.0000
[82/154] n=10, passed=0, pass@1=0.0000
[83/154] n=10, passed=0, pass@1=0.0000
[84/154] n=10, passed=0, pass@1=0.0000
[85/154] n=10, passed=0, pass@1=0.0000
[86/154] n=10, passed=0, pass@1=0.0000
[87/154] n=10, passed=0, pass@1=0.0000
[88/154] n=10, passed=0, pass@1=0.0000
[89/154] n=10, passed=0, pass@1=0.0000
[90/154] n=10, passed=0, pass@1=0.0000
[91/154] n=10, passed=0, pass@1=0.0000
[92/154] n=10, passed=0, pass@1=0.0000
[93/154] n=10, passed=0, pass@1=0.0000
[94/154] n=10, passed=0, pass@1=0.0000
[95/154] n=10, passed=1, pass@1=0.1000
[96/154] n=10, passed=0, pass@1=0.0000
[97/154] n=10, passed=0, pass@1=0.0000
[98/154] n=10, passed=0, pass@1=0.0000
[99/154] n=10, passed=0, pass@1=0.0000
[100/154] n=10, passed=0, pass@1=0.0000
[101/154] n=10, passed=0, pass@1=0.0000
[102/154] n=10, passed=0, pass@1=0.0000
[103/154] n=10, passed=0, pass@1=0.0000
[104/154] n=10, passed=0, pass@1=0.0000
[105/154] n=10, passed=0, pass@1=0.0000
[106/154] n=10, passed=0, pass@1=0.0000
[107/154] n=10, passed=0, pass@1=0.0000
[108/154] n=10, passed=0, pass@1=0.0000
[109/154] n=10, passed=0, pass@1=0.0000
[110/154] n=10, passed=0, pass@1=0.0000
[111/154] n=10, passed=0, pass@1=0.0000
[112/154] n=10, passed=0, pass@1=0.0000
[113/154] n=10, passed=0, pass@1=0.0000
[114/154] n=10, passed=0, pass@1=0.0000
[115/154] n=10, passed=0, pass@1=0.0000
[116/154] n=10, passed=0, pass@1=0.0000
[117/154] n=10, passed=0, pass@1=0.0000
[118/154] n=10, passed=0, pass@1=0.0000
[119/154] n=10, passed=0, pass@1=0.0000
[120/154] n=10, passed=0, pass@1=0.0000
[121/154] n=10, passed=0, pass@1=0.0000
[122/154] n=10, passed=0, pass@1=0.0000
[123/154] n=10, passed=0, pass@1=0.0000
[124/154] n=10, passed=0, pass@1=0.0000
[125/154] n=10, passed=0, pass@1=0.0000
[126/154] n=10, passed=0, pass@1=0.0000
[127/154] n=10, passed=0, pass@1=0.0000
[128/154] n=10, passed=0, pass@1=0.0000
[129/154] n=10, passed=0, pass@1=0.0000
[130/154] n=10, passed=0, pass@1=0.0000
[131/154] n=10, passed=0, pass@1=0.0000
[132/154] n=10, passed=0, pass@1=0.0000
[133/154] n=10, passed=0, pass@1=0.0000
[134/154] n=10, passed=0, pass@1=0.0000
[135/154] n=10, passed=0, pass@1=0.0000
[136/154] n=10, passed=0, pass@1=0.0000
[137/154] n=10, passed=0, pass@1=0.0000
[138/154] n=10, passed=0, pass@1=0.0000
[139/154] n=10, passed=0, pass@1=0.0000
[140/154] n=10, passed=0, pass@1=0.0000
[141/154] n=10, passed=0, pass@1=0.0000
[142/154] n=10, passed=0, pass@1=0.0000
[143/154] n=10, passed=0, pass@1=0.0000
[144/154] n=10, passed=0, pass@1=0.0000
[145/154] n=10, passed=0, pass@1=0.0000
[146/154] n=10, passed=0, pass@1=0.0000
[147/154] n=10, passed=0, pass@1=0.0000
[148/154] n=10, passed=0, pass@1=0.0000
[149/154] n=10, passed=5, pass@1=0.5000
[150/154] n=10, passed=0, pass@1=0.0000
[151/154] n=10, passed=0, pass@1=0.0000
[152/154] n=10, passed=0, pass@1=0.0000
[153/154] n=10, passed=0, pass@1=0.0000
[154/154] n=10, passed=0, pass@1=0.0000
{
  "pass_at_1": 0.15389610389610395,
  "pass_at_5": 0.21011131725417442,
  "pass_at_10": 0.23376623376623376,
  "total_problems": 154
}

Results summary saved to /workspace/results/sweeps_antigravity/qwen3-8b-base_lora_enc_dec_r64_5e6_gcb_a128_graphv2_clean_s42_prefix_no_edges_eval_gate_zero.json

Compiling candidate-level metrics to CSV: /workspace/results/sweeps_antigravity/qwen3-8b-base_lora_enc_dec_r64_5e6_gcb_a128_graphv2_clean_s42_prefix_no_edges_eval_gate_zero_compile_stats.csv ...
Using Dart binary: /usr/bin/dart
Stats CSV workers=64

stats CSV:   0%|          | 0/154 [00:00<?, ?row/s]
stats CSV:   1%|          | 1/154 [00:20<51:43, 20.28s/row]
stats CSV:   1%|▏         | 2/154 [00:21<23:39,  9.34s/row]
stats CSV:   2%|▏         | 3/154 [00:23<14:07,  5.61s/row]
stats CSV:   5%|▍         | 7/154 [00:25<04:39,  1.90s/row]
stats CSV:  12%|█▏        | 18/154 [00:26<01:16,  1.77row/s]
stats CSV:  42%|████▏     | 65/154 [00:40<00:30,  2.89row/s]
stats CSV:  43%|████▎     | 66/154 [00:41<00:31,  2.77row/s]
stats CSV:  45%|████▍     | 69/154 [00:41<00:29,  2.92row/s]
stats CSV:  45%|████▌     | 70/154 [00:41<00:28,  2.92row/s]
stats CSV:  52%|█████▏    | 80/154 [00:42<00:18,  3.95row/s]
stats CSV:  55%|█████▌    | 85/154 [00:43<00:14,  4.90row/s]
stats CSV:  62%|██████▏   | 96/154 [00:43<00:07,  7.72row/s]
stats CSV:  62%|██████▏   | 96/154 [01:00<00:07,  7.72row/s]
stats CSV:  63%|██████▎   | 97/154 [01:11<01:26,  1.52s/row]
stats CSV: 100%|██████████| 154/154 [01:11<00:00,  2.16row/s]
Successfully compiled per-problem statistics to: /workspace/results/sweeps_antigravity/qwen3-8b-base_lora_enc_dec_r64_5e6_gcb_a128_graphv2_clean_s42_prefix_no_edges_eval_gate_zero_compile_stats.csv

Reusing aligned candidate-level statistics: /workspace/results/sweeps_antigravity/qwen3-8b-base_lora_enc_dec_r64_5e6_gcb_a128_graphv2_clean_s42_prefix_no_edges_eval_gate_zero_pass_stats.csv
HF upload complete: raafatabualazm/antigravity-qwen3-8b-artifacts/results/qwen3-8b-base_lora_enc_dec_r64_5e6_gcb_a128_graphv2_clean_s42_prefix_no_edges_eval_gate_zero_compile_predictions.json
HF upload complete: raafatabualazm/antigravity-qwen3-8b-artifacts/results/qwen3-8b-base_lora_enc_dec_r64_5e6_gcb_a128_graphv2_clean_s42_prefix_no_edges_eval_gate_zero_pass_predictions.json
HF upload complete: raafatabualazm/antigravity-qwen3-8b-artifacts/results/sweeps_antigravity/qwen3-8b-base_lora_enc_dec_r64_5e6_gcb_a128_graphv2_clean_s42_prefix_no_edges_eval_gate_zero.json
HF upload complete: raafatabualazm/antigravity-qwen3-8b-artifacts/results/sweeps_antigravity/qwen3-8b-base_lora_enc_dec_r64_5e6_gcb_a128_graphv2_clean_s42_prefix_no_edges_eval_gate_zero_compile_stats.csv
HF upload complete: raafatabualazm/antigravity-qwen3-8b-artifacts/results/sweeps_antigravity/qwen3-8b-base_lora_enc_dec_r64_5e6_gcb_a128_graphv2_clean_s42_prefix_no_edges_eval_gate_zero_pass_stats.csv

=== x86_causal_prefix_no_edges_prefix_permuted (estimate 0.80 h) ===
/venv/main/bin/python /workspace/configs/run_sweeps_antigravity.py --experiment qwen3-8b-base_lora_enc_dec_r16_5e6_gcb --encoder gcb --max_risk high --hardware_profile rtx6000 --force_rerun --decoder_revision b968826d9c46dd6066d109eabc6255188de91218 --encoder_revision 2b0488a7bb0eefc7041f1bb2cad1ab26b0da269d --seed 42 --train_file data/datasets/dart_all_graphv2_train.jsonl --eval_file data/datasets/dart_all_graphv2_validation.jsonl --compile_dataset data/testing/grpo_data_graphv2.jsonl --pass_dataset data/testing/grpo_data_graphv2.jsonl --compile_mode jit_tests --epochs 4 --sft_lr 5e-6 --lora_r 64 --lora_alpha 128 --load_4bit 0 --attn_implementation sdpa --gradient_checkpointing 1 --train_batch_size 4 --grad_accum 16 --qwen_prefix_gate_init 0.2 --qwen_prefix_gate_mode token --qwen_prefix_rms_match 1 --decoder_prompt_max_length 2048 --prompt_fit_assembly 1 --auto_cfg 0 --max_block_instrs 20 --position_scheme roberta --causal_position_ids cumsum --use_reasoning 0 --eval_max_new_tokens 768 --generation_batch_size 10 --num_samples 10 --pass_num_samples 10 --metric_workers 64 --save_strategy no --save_total_limit 1 --gnn_layers 4 --global_attention_ablation full --name_suffix _graphv2_clean_s42_prefix_no_edges_eval_prefix_permuted --skip_training --sft_checkpoint /workspace/artifacts/qwen3-8b-base_lora_enc_dec_r64_5e6_gcb_a128_graphv2_clean_s42_prefix_no_edges/pytorch_model.bin --qwen_prefix_tokens 64 --qwen_prefix_dynamic 1 --qwen_prefix_min_tokens 4 --qwen_prefix_tokens_per_log2 4 --prompt_assembly_mode none --prompt_fit_assembly 0 --prompt_clean_asm 0 --dfg_mode edges --edge_ablation none --gnn_ablation full --add_reverse_edges 1 --block_position_mode sinusoidal --eval_graph_input_ablation cyclic_shift --eval_graph_ablation_seed 20260713 --hf_repo raafatabualazm/antigravity-qwen3-8b-artifacts --hf_private 1 --hf_upload_checkpoints 1
Budget stop before x86_causal_prefix_no_edges_prefix_permuted: elapsed=20.53 h, next=0.80 h, budget=20.00 h
