row_index,task_id,instructions,operands,blocks,control_edges,dataflow_edges,current_graph_chars,current_graph_cl100k_proxy_tokens,compact_positions_flat,compact_positions_pooled,flat_reduction_vs_proxy,pooled_reduction_vs_proxy
395,sigless_f17b4d628f1b,3570,6021,705,991,6604,652512,194632,10297,4276,18.902,45.517
369,sigless_1bba4dc0b268,2862,4951,505,740,2064,339932,105284,8319,3368,12.656,31.26
378,sigless_36c354c2e279,2458,4281,396,583,1010,244207,77967,7136,2855,10.926,27.309
261,sigless_452c11877e17,2089,3578,386,539,1449,249338,77596,6054,2476,12.817,31.339
363,sigless_f221251b6b7f,2065,3633,398,586,1119,238037,74028,6097,2464,12.142,30.044
339,sigless_a7bf17dd7855,1879,3256,355,527,493,188170,59653,5491,2235,10.864,26.69
63,sigless_e81ac4c1ff2c,1854,3228,311,451,598,178427,57248,5394,2166,10.613,26.43
400,sigless_e4c9064bfc27,1891,3339,300,454,446,172140,55551,5531,2192,10.044,25.343
374,sigless_57ebb9eb364c,1844,3286,274,396,435,157857,51398,5405,2119,9.509,24.256
347,sigless_ec367ca40900,1341,2348,273,392,603,149454,47324,3963,1615,11.941,29.303
375,sigless_1b08e4b5b590,740,1235,239,353,1420,162863,47017,2215,980,21.227,47.977
377,sigless_b78f065b5f17,1362,2344,254,367,584,146150,45869,3961,1617,11.58,28.367
602,sigless_7a419ff2ac73,1315,2315,275,399,488,144049,44894,3906,1591,11.494,28.217
364,sigless_7f1aeee4e097,1322,2315,248,358,538,139491,44053,3886,1571,11.336,28.041
149,sigless_a0f853c85702,1169,2053,281,416,546,144717,43900,3504,1451,12.529,30.255
398,sigless_e9699c095415,1631,2944,188,266,445,128580,43510,4764,1820,9.133,23.907
333,sigless_765377c5baac,1091,1899,245,352,731,138964,42257,3236,1337,13.058,31.606
346,sigless_f09d9557f98c,1265,2233,224,317,543,129955,41376,3723,1490,11.114,27.769
58,sigless_e18cfe2df675,1220,2147,224,328,509,128100,40269,3592,1445,11.211,27.868
59,sigless_96d9c81edafe,1308,2305,212,312,422,124391,39930,3826,1521,10.436,26.252
263,sigless_2f67f22e192a,1402,2531,192,280,278,115313,38571,4126,1595,9.348,24.182
604,sigless_277ef06ee879,980,1475,235,344,678,125850,37293,2691,1216,13.858,30.669
362,sigless_b2452397d7d0,1135,1984,199,281,513,116880,37048,3319,1335,11.162,27.751
376,sigless_fad549403ea6,1189,2101,152,200,726,113978,36879,3443,1342,10.711,27.481
389,sigless_f3a6984bc886,1403,2430,174,230,446,111282,36871,4008,1578,9.199,23.366
397,sigless_112a67159d52,1328,2376,174,258,250,106964,36469,3879,1503,9.402,24.264
172,sigless_e8b5f7e7d1a6,999,1733,201,291,448,111127,34785,2934,1201,11.856,28.963
385,sigless_262495f5da02,1220,2194,177,260,248,103715,34770,3592,1398,9.68,24.871
381,sigless_4c1aaefe00e2,1231,2175,178,255,352,105892,34598,3585,1410,9.651,24.538
1313,sigless_a8cd32e7feda,1267,2295,178,254,301,104225,34438,3741,1446,9.206,23.816
443,sigless_d428f6be87aa,1036,1834,179,257,480,106806,33997,3050,1216,11.147,27.958
2114,sigless_f914e7f69cb1,1061,1877,195,278,389,107253,33730,3134,1257,10.763,26.834
2028,sigless_35bf468535bf,809,1186,227,333,608,115253,33674,2223,1037,15.148,32.473
2166,sigless_3d7df12e28e0,743,1098,223,324,613,113049,33433,2065,967,16.19,34.574
351,sigless_509ad5d6523e,1008,1768,178,253,435,102888,33140,2955,1187,11.215,27.919
399,sigless_f9772127b371,1236,2191,163,237,228,98780,33089,3591,1400,9.214,23.635
292,sigless_26315cbfcfbf,985,1730,185,272,410,104559,32895,2901,1171,11.339,28.091
366,sigless_adbfb45a1f8c,970,1714,184,266,400,102267,32065,2869,1155,11.176,27.762
2175,sigless_75e668b01b85,931,1644,180,258,426,101329,31990,2756,1112,11.607,28.768
402,sigless_8c5cd5096002,1041,1800,163,224,373,96951,31856,3005,1205,10.601,26.437
865,sigless_d258ba20ace2,977,1674,203,288,325,102461,31769,2855,1181,11.127,26.9
360,sigless_8e46ffdc0539,1057,1709,185,263,427,100804,31761,2952,1243,10.759,25.552
1271,sigless_d9b785124cea,982,1702,194,283,275,100194,31546,2879,1177,10.957,26.802
370,sigless_0c578dee7813,1051,1845,167,243,326,97230,31500,3064,1219,10.281,25.841
1098,sigless_a674270be65d,898,1593,175,250,468,100523,31342,2667,1074,11.752,29.182
264,sigless_1cbe3362270a,1169,2098,149,214,215,92455,31172,3417,1319,9.123,23.633
434,sigless_f82cbe0b39af,893,1442,184,275,469,101288,31076,2520,1078,12.332,28.827
391,sigless_e087cd483fa1,1126,1968,155,226,257,92946,30898,3250,1282,9.507,24.101
173,sigless_c8721da111a6,1021,1789,159,224,374,94717,30870,2970,1181,10.394,26.139
331,sigless_4901067c13b9,1000,1767,172,250,347,96173,30682,2940,1173,10.436,26.157
345,sigless_974f6c51acc7,875,1522,177,259,405,97693,30389,2575,1053,11.802,28.859
332,sigless_cc35f0aee394,1082,1920,130,181,439,91890,30349,3133,1213,9.687,25.02
2069,sigless_1d373a9f5ebf,936,1645,179,258,294,93893,29742,2761,1116,10.772,26.651
2208,sigless_dcb9ce819729,967,1686,180,264,252,93619,29713,2834,1148,10.484,25.882
253,sigless_532459aca3ac,807,1411,156,222,470,92315,28967,2375,964,12.197,30.049
356,sigless_c2b17d7018c8,966,1689,157,217,291,88461,28888,2813,1124,10.269,25.701
348,sigless_17d7ab3013f6,924,1641,162,228,306,89320,28815,2728,1087,10.563,26.509
361,sigless_4afddde485ae,939,1617,178,247,315,90638,28775,2735,1118,10.521,25.738
1406,sigless_efa0a6152712,817,1438,190,276,284,93019,28682,2446,1008,11.726,28.454
965,sigless_32ab828bc1f1,828,1430,162,236,415,91445,28479,2421,991,11.763,28.738
401,sigless_34a9876149cb,1066,1882,130,181,235,83425,28306,3079,1197,9.193,23.647
2210,sigless_b332ffb8adba,547,757,167,249,696,95551,27709,1472,715,18.824,38.754
607,sigless_5710e0c06fe3,825,1457,167,243,292,87133,27446,2450,993,11.202,27.639
1176,sigless_5b736efe012c,849,1455,169,243,376,88749,27405,2474,1019,11.077,26.894
441,sigless_c57d81318f9c,787,1371,166,239,298,86966,27295,2325,954,11.74,28.611
1550,sigless_0b19a9a5c674,803,1392,170,248,294,87244,27176,2366,974,11.486,27.901
912,sigless_d5506ef24e4e,668,1039,190,276,393,91391,27153,1898,859,14.306,31.61
1009,sigless_86f64ad8f93b,863,1538,164,235,250,85153,27098,2566,1028,10.56,26.36
343,sigless_6e41970b141e,745,1275,173,251,310,88058,27088,2194,919,12.346,29.476
37,sigless_3e39a97c7cf8,898,1580,155,232,205,83848,26961,2634,1054,10.236,25.58
1454,sigless_761f28484d46,899,1577,154,218,261,83514,26913,2631,1054,10.229,25.534
1989,sigless_5c34cedadff3,647,975,184,269,445,91178,26732,1807,832,14.794,32.13
294,sigless_aee9cdf2dfce,845,1467,149,214,276,82822,26626,2462,995,10.815,26.76
352,sigless_53b68025a4c4,863,1505,146,213,248,81184,26242,2515,1010,10.434,25.982
337,sigless_1f5b2a0a5a8e,1023,1831,122,167,166,76298,26067,2977,1146,8.756,22.746
1951,sigless_1984f52c75fc,889,1583,131,186,322,80148,26030,2604,1021,9.996,25.495
1413,sigless_cec340d14e20,796,1380,164,238,236,82995,25992,2341,961,11.103,27.047
61,sigless_452856447bcf,794,1386,150,215,290,81940,25960,2331,945,11.137,27.471
687,sigless_737244781e06,721,1251,153,223,354,83384,25846,2126,875,12.157,29.538
2067,sigless_61ecbe80369a,757,1333,158,228,282,81455,25538,2249,916,11.355,27.88
2031,sigless_3aa5ad95c544,873,1528,143,210,189,77780,25345,2545,1017,9.959,24.921
608,sigless_5007e0787104,796,1381,152,226,230,79568,25308,2330,949,10.862,26.668
430,sigless_b51cb0fef9eb,906,1596,142,197,159,76373,25255,2645,1049,9.548,24.075
732,sigless_e8f305def787,673,1140,152,225,367,82122,25242,1966,826,12.839,30.559
2206,sigless_19f099f43134,812,1442,141,199,277,78343,25211,2396,954,10.522,26.427
674,sigless_824ec5ce79b0,593,941,168,242,437,85077,25176,1703,762,14.783,33.039
2127,sigless_0551cfc95251,663,1109,155,219,380,81647,25037,1928,819,12.986,30.57
1723,sigless_a8f165178aba,676,1139,150,216,393,80923,24972,1966,827,12.702,30.196
1217,sigless_1fd051e0f5ac,887,1577,132,182,220,75056,24698,2597,1020,9.51,24.214
1300,sigless_af679416bcea,728,1281,138,199,344,78302,24687,2148,867,11.493,28.474
1152,sigless_aa5d923c77ee,808,1410,140,200,243,76131,24586,2359,949,10.422,25.907
2130,sigless_ea890014e562,858,1522,141,201,204,75773,24534,2522,1000,9.728,24.534
46,sigless_bfde11b99b84,835,1483,125,180,291,74961,24519,2444,961,10.032,25.514
2147,sigless_48da30789c32,699,1171,151,218,335,79538,24502,2022,851,12.118,28.792
1074,sigless_543866b934d4,785,1383,142,201,250,76371,24304,2311,928,10.517,26.19
35,sigless_71459bc947d1,692,1207,129,188,365,76816,24270,2029,822,11.962,29.526
53,sigless_1ff6e83b3a8f,844,1492,139,201,187,74815,24258,2476,984,9.797,24.652
393,sigless_aea7dbe52ffd,788,1342,153,221,103,74891,24239,2284,942,10.613,25.731
338,sigless_e5fa5974ba3e,758,1331,135,189,295,75598,24220,2225,894,10.885,27.092
1783,sigless_35dd474101de,716,1260,140,201,289,76395,24126,2117,857,11.396,28.152
1091,sigless_878a7fe6acf6,813,1451,133,186,236,73752,23984,2398,947,10.002,25.326
1992,sigless_a94ab907a9e6,698,1213,130,182,380,75732,23779,2042,829,11.645,28.684
1939,sigless_b2c4d026b5ba,745,1323,141,199,261,74868,23759,2210,887,10.751,26.786
344,sigless_5085a14c9ee0,747,1319,132,187,290,74240,23743,2199,880,10.797,26.981
1340,sigless_999136a41d22,615,1031,142,206,395,77461,23536,1789,758,13.156,31.05
2157,sigless_0ce335c1f55f,762,1320,134,197,271,73671,23431,2217,897,10.569,26.122
1376,sigless_f8e93c6852a8,690,1200,137,198,322,75186,23275,2028,828,11.477,28.11
335,sigless_172bb23be947,865,1533,121,178,147,69910,23255,2520,987,9.228,23.561
613,sigless_c49790b21f46,672,1172,140,209,312,74898,23059,1985,813,11.617,28.363
1076,sigless_0ee53913499c,661,1153,135,191,299,73109,23027,1950,797,11.809,28.892
164,sigless_46c3cfe42052,755,1333,125,177,278,71334,22972,2214,881,10.376,26.075
282,sigless_6ad70e03dabe,716,1252,129,190,217,71323,22969,2098,846,10.948,27.15
390,sigless_81ec67fa4418,872,1512,114,171,160,68117,22963,2499,987,9.189,23.265
121,sigless_af300e5a0f21,527,915,148,226,337,75748,22826,1591,676,14.347,33.766
13,sigless_025c93b21838,702,1249,129,185,254,71285,22804,2081,832,10.958,27.409
611,sigless_45de28aa3233,755,1346,135,194,209,71189,22697,2237,891,10.146,25.474
88,sigless_3ca0f71dc039,674,1194,126,181,286,70614,22558,1995,801,11.307,28.162
2099,sigless_2109d615c49b,617,1030,141,206,280,72291,22418,1789,759,12.531,29.536
2052,sigless_1ec5d3189199,664,1198,140,199,225,70718,22362,2003,805,11.164,27.779
355,sigless_1ed317b810c5,702,1244,138,195,280,70820,22178,2085,841,10.637,26.371
341,sigless_bf42b7800acf,622,1074,139,205,238,70642,22116,1836,762,12.046,29.024
250,sigless_c27bc56f860a,691,1221,124,181,277,68926,22013,2037,816,10.807,26.977
2185,sigless_ebc735224b10,767,1353,122,179,189,67773,21949,2243,890,9.786,24.662
429,sigless_00820a343174,636,1112,132,191,248,69715,21931,1881,769,11.659,28.519
444,sigless_e56f17a1c99c,704,1244,112,155,298,68039,21895,2061,817,10.623,26.799
1819,sigless_39b2bb878943,652,1130,138,205,187,69170,21809,1921,791,11.353,27.571
1072,sigless_d2002cb06243,761,1366,112,154,221,65465,21594,2240,874,9.64,24.707
388,sigless_b435d75e158e,932,1637,83,107,158,60942,21563,2653,1016,8.128,21.223
2170,sigless_7968d9b30560,718,1268,123,180,194,66528,21495,2110,842,10.187,25.529
2012,sigless_7d5338918fe2,685,1203,137,198,164,67535,21467,2026,823,10.596,26.084
257,sigless_8afd189c361d,772,1348,106,147,211,64239,21399,2227,879,9.609,24.345
1110,sigless_cc45685be3db,661,1113,135,186,218,67435,21123,1910,797,11.059,26.503
1897,sigless_853fa1e3f650,676,1201,121,178,207,65425,21036,1999,798,10.523,26.361
2182,sigless_76c13a325358,590,1020,131,187,269,68097,21011,1742,722,12.061,29.101
372,sigless_d07ef976e1a5,693,1188,118,169,207,64661,20987,2000,812,10.493,25.846
1296,sigless_fa6550b96029,511,776,148,217,323,71249,20983,1436,660,14.612,31.792
780,sigless_87959dac9b18,532,907,132,193,277,67884,20926,1572,665,13.312,31.468
1370,sigless_6ca3db557f4a,681,1208,114,158,242,64461,20844,2004,796,10.401,26.186
959,sigless_5fe7bc45ffb6,492,832,130,190,341,68458,20725,1455,623,14.244,33.266
1049,sigless_d17d50df7f1f,613,1072,129,187,223,66309,20712,1815,743,11.412,27.876
392,sigless_a8d6765acc3c,652,1093,122,165,162,62969,20605,1868,775,11.031,26.587
406,sigless_d544567b9189,655,1141,119,175,158,63332,20575,1916,775,10.739,26.548
1052,sigless_cbded82a5e40,599,1054,127,182,235,65620,20514,1781,727,11.518,28.217
1844,sigless_6059c2556f0a,640,1118,123,181,214,64226,20429,1882,764,10.855,26.74
1901,sigless_75b95252c164,622,1097,118,169,231,63699,20390,1838,741,11.094,27.517
1299,sigless_eaf36c4da84c,676,1201,117,165,202,63163,20370,1995,794,10.211,25.655
2093,sigless_bf3de39765c8,667,1177,116,168,198,62771,20232,1961,784,10.317,25.806
649,sigless_fd5da24b466c,640,1136,120,175,211,63248,20209,1897,761,10.653,26.556
60,sigless_b13153c083c9,657,1162,106,146,252,61969,20010,1926,764,10.389,26.191
458,sigless_520115265a7e,455,762,144,204,207,65232,19958,1362,600,14.653,33.263
1264,sigless_8062cd680b98,603,1061,120,171,226,62995,19940,1785,724,11.171,27.541
2023,sigless_509c3f3df91b,668,1154,115,164,226,62479,19928,1938,784,10.283,25.418
1180,sigless_6b3b43708995,648,1158,114,160,218,61911,19882,1921,763,10.35,26.058
2033,sigless_24de26abf5c9,542,915,126,182,231,64136,19860,1584,669,12.538,29.686
1482,sigless_4f1f06f120a6,532,942,136,193,212,64613,19719,1611,669,12.24,29.475
1549,sigless_c8035a89d24a,605,1063,122,171,219,62899,19686,1791,728,10.992,27.041
1086,sigless_affd6967e62e,582,1010,125,183,162,62167,19612,1718,708,11.416,27.701
2025,sigless_81b655211f70,658,1153,111,157,208,61132,19566,1923,770,10.175,25.41
747,sigless_40021a378acd,622,1086,114,160,207,60966,19443,1823,737,10.665,26.381
1900,sigless_4389d86f1a06,439,596,135,199,392,67679,19424,1171,575,16.588,33.781
256,sigless_5d8aa0e83d87,668,1176,102,146,207,59614,19416,1947,771,9.972,25.183
258,sigless_29c5b309e476,605,1040,113,161,184,59945,19365,1759,719,11.009,26.933
760,sigless_dd3f0def030d,606,1056,118,167,204,61212,19261,1781,725,10.815,26.567
981,sigless_b9d8a8a5ae2e,556,952,121,179,218,61960,19224,1630,678,11.794,28.354
1286,sigless_b9647184c783,633,1106,97,145,260,59049,19146,1837,731,10.422,26.192
659,sigless_da776d634e7f,594,1057,113,162,224,60477,19124,1765,708,10.835,27.011
676,sigless_b06a7032c94d,559,955,117,178,239,61554,19060,1632,677,11.679,28.154
438,sigless_6dbe6d7760e1,634,1103,109,157,175,58882,19013,1847,744,10.294,25.555
1817,sigless_a63618b7280a,658,1175,107,151,166,58043,19003,1941,766,9.79,24.808
1120,sigless_5e09beb70d6b,536,915,121,179,222,61384,18998,1573,658,12.078,28.872
1097,sigless_53d416d828df,688,1238,99,138,177,57139,18977,2026,788,9.367,24.082
2203,sigless_a44286e7f2d8,551,962,115,166,238,60447,18976,1629,667,11.649,28.45
1981,sigless_cad792729acb,547,953,120,179,184,60896,18954,1621,668,11.693,28.374
1440,sigless_03598b765ca9,792,1413,98,134,129,56666,18924,2304,891,8.214,21.239
1126,sigless_4cb006480238,615,1063,105,140,239,58425,18740,1784,721,10.504,25.992
295,sigless_a8bd8bf0a72f,672,1181,94,137,155,55954,18733,1948,767,9.617,24.424
153,sigless_994ed9c36e27,503,864,111,162,234,59454,18693,1479,615,12.639,30.395
1195,sigless_f4350b2e3372,631,1080,110,161,140,58025,18647,1822,742,10.234,25.131
2120,sigless_422f6a20ef05,458,686,128,187,331,63156,18608,1273,587,14.617,31.7
702,sigless_a56cfc171fc7,610,1089,97,137,248,57176,18486,1797,708,10.287,26.11
1215,sigless_1eb90e924856,571,995,113,167,157,57967,18453,1680,685,10.984,26.939
1955,sigless_54895a555e71,569,989,111,161,183,58175,18440,1670,681,11.042,27.078
239,sigless_d935bac81005,441,756,110,157,317,59549,18339,1308,552,14.021,33.223
259,sigless_72481ce96772,849,1533,69,86,101,50635,18304,2452,919,7.465,19.917
2200,sigless_a5fb603692a1,579,1026,105,150,218,57459,18259,1711,685,10.672,26.655
777,sigless_856dbc8090dd,583,1006,114,165,168,57909,18255,1704,698,10.713,26.153
1734,sigless_ab3f243db140,552,963,113,161,174,56866,18090,1629,666,11.105,27.162
169,sigless_1f843af8f1f4,622,1103,95,133,186,55174,18087,1821,718,9.932,25.191
426,sigless_637826cd2d83,439,738,103,147,368,59640,18071,1281,543,14.107,33.28
2104,sigless_3a4011ccdb44,560,972,105,154,187,56283,18020,1638,666,11.001,27.057
293,sigless_2db028b42b6f,597,1060,91,125,235,54651,17944,1749,689,10.26,26.044
1777,sigless_68a36e57f2f6,584,1029,101,143,190,55425,17940,1715,686,10.461,26.152
2148,sigless_840e554be8f4,495,860,104,149,269,57121,17928,1460,600,12.279,29.88
1261,sigless_1a4d8e08efe7,600,1067,99,138,176,54565,17859,1767,700,10.107,25.513
288,sigless_48d4ceda49f8,608,1056,101,145,162,55156,17858,1766,710,10.112,25.152
1279,sigless_954a8a9a968f,569,1002,104,149,225,56555,17815,1676,674,10.629,26.432
685,sigless_8107272c2ce1,492,838,111,163,221,57114,17782,1442,604,12.331,29.44
1010,sigless_c72748183c0e,466,755,112,161,253,57713,17752,1334,579,13.307,30.66
2140,sigless_6bffbc25b0eb,486,827,113,168,218,57483,17682,1427,600,12.391,29.47
415,sigless_89b6fc9e15d6,497,864,108,162,203,56154,17663,1470,606,12.016,29.147
445,sigless_e7d0961e6696,613,1071,95,140,124,53262,17620,1780,709,9.899,24.852
386,sigless_4d0cb2ab25ea,650,1152,79,117,141,50821,17562,1882,730,9.332,24.058
17,sigless_17f6949935a5,543,964,100,144,198,54481,17542,1608,644,10.909,27.239
2057,sigless_ad9b0b297158,523,884,112,163,164,55686,17480,1520,636,11.5,27.484
2102,sigless_ef71ae50a5fb,568,988,98,143,165,53464,17428,1655,667,10.531,26.129
2111,sigless_98f5e6ed8de4,474,818,112,160,196,55896,17379,1405,587,12.369,29.606
1578,sigless_7665842201ad,506,841,113,154,212,56086,17360,1461,620,11.882,28.0
2155,sigless_d1da23840973,536,941,105,155,158,54461,17331,1583,642,10.948,26.995
1364,sigless_9988351a0951,549,971,95,135,201,53418,17312,1616,645,10.713,26.84
1139,sigless_cb1e3b31978d,520,895,109,155,161,54485,17307,1525,630,11.349,27.471
953,sigless_a98bf56871d5,516,878,109,156,207,55360,17293,1504,626,11.498,27.625
2129,sigless_7a80499c7147,468,785,113,161,203,55899,17282,1367,582,12.642,29.694
240,sigless_b15f809a72fb,437,759,105,155,243,55495,17271,1302,543,13.265,31.807
6,sigless_fd7f702e4e20,523,918,101,144,201,54128,17249,1543,625,11.179,27.598
2209,sigless_6d76d005caa9,604,1068,93,130,154,52197,17110,1766,698,9.689,24.513
2021,sigless_cad359731735,572,990,97,129,182,52802,17098,1660,670,10.3,25.519
2146,sigless_25ca98f83a91,389,584,123,179,261,57690,17070,1097,513,15.561,33.275
816,sigless_4e46284c792c,485,813,109,158,186,54279,16983,1408,595,12.062,28.543
42,sigless_d490f1ee7cca,446,766,110,162,194,54787,16968,1323,557,12.825,30.463
291,sigless_9f6d5e0e0176,560,971,95,134,168,52062,16949,1627,656,10.417,25.837
1303,sigless_37a89d6ec41a,585,1029,99,143,129,51950,16947,1714,685,9.887,24.74
1615,sigless_85e6280b92e7,561,1001,97,135,174,52181,16940,1660,659,10.205,25.706
758,sigless_081a63a5fd25,404,604,113,160,294,56473,16894,1122,518,15.057,32.614
960,sigless_e2ab3969687a,350,511,114,166,354,57890,16724,976,465,17.135,35.966
835,sigless_a22f6a855416,489,861,100,135,251,53424,16689,1451,590,11.502,28.286
243,sigless_7d1d5cb29bd9,517,901,96,136,181,51433,16676,1515,614,11.007,27.16
1162,sigless_ce9170946843,522,886,101,145,200,52930,16667,1510,624,11.038,26.71
2143,sigless_0318583ec671,472,823,98,139,244,53185,16667,1394,571,11.956,29.189
365,sigless_b84f6a3cd500,576,1003,93,131,152,51180,16643,1673,670,9.948,24.84
215,sigless_a376b13312bb,494,891,101,151,212,52952,16633,1487,596,11.186,27.908
1227,sigless_1b2e684a68fd,508,888,95,135,212,52463,16570,1492,604,11.106,27.434
2019,sigless_f0a4c6ceeee1,402,605,100,145,360,55347,16540,1108,503,14.928,32.883
1145,sigless_a9dcf8597831,407,621,114,167,254,55051,16517,1143,522,14.451,31.642
1966,sigless_6ba8dc9d0d72,517,898,103,145,169,52210,16476,1519,621,10.847,26.531
98,sigless_d5c9da42dcc3,674,1181,75,95,188,48535,16468,1931,750,8.528,21.957
427,sigless_677744062f33,527,922,84,116,247,51029,16407,1534,612,10.696,26.809
132,sigless_d5e001efad78,485,855,95,137,187,50943,16298,1436,581,11.35,28.052
1272,sigless_81a20ae47888,447,772,106,150,184,52622,16277,1326,554,12.275,29.381
2029,sigless_cfd57db15ad7,454,794,101,148,192,52069,16272,1350,556,12.053,29.266
129,sigless_81b37bb80e50,516,906,91,129,191,50633,16260,1514,608,10.74,26.743
775,sigless_9b86bec43b73,446,761,97,147,232,52321,16241,1305,544,12.445,29.855
1636,sigless_32a0ebbb1ce3,481,798,102,146,175,51721,16228,1382,584,11.742,27.788
447,sigless_1b576b000f13,534,942,94,130,140,49364,16177,1571,629,10.297,25.719
2001,sigless_9fc068de82b7,488,857,99,140,173,51147,16174,1445,588,11.193,27.507
1962,sigless_e72423a63208,447,737,107,155,178,52405,16151,1292,555,12.501,29.101
85,sigless_1923297c7d50,609,1091,75,117,95,47221,16149,1776,685,9.093,23.575
358,sigless_3518a36dafdb,537,938,88,120,141,48223,16133,1564,626,10.315,25.772
1717,sigless_946e0a8b48ee,501,871,100,148,137,50387,16126,1473,602,10.948,26.787
368,sigless_27e8acf70e89,607,1055,76,101,199,48110,16117,1739,684,9.268,23.563
2161,sigless_f982cae071ae,532,947,87,122,180,49150,16075,1567,620,10.258,25.927
610,sigless_ac7e5f1d9830,433,769,100,142,235,51965,16074,1303,534,12.336,30.101
2061,sigless_85a201bba52a,497,873,92,133,180,50200,16061,1463,590,10.978,27.222
1020,sigless_a218ad5d1243,463,788,106,143,198,51592,16001,1358,570,11.783,28.072
2106,sigless_d63d99e42b1e,391,627,112,160,228,53233,15952,1131,504,14.104,31.651
126,sigless_2cecbd257aff,405,644,109,160,214,52479,15931,1159,515,13.745,30.934
804,sigless_721b6f536099,500,886,90,128,206,49704,15913,1477,591,10.774,26.926
1497,sigless_76dc385f978b,447,778,95,134,224,50586,15900,1321,543,12.036,29.282
276,sigless_a72cb3680f28,489,836,98,139,166,50313,15858,1424,588,11.136,26.969
1035,sigless_fdeed52a4fdd,489,855,86,123,218,49305,15836,1431,576,11.066,27.493
1674,sigless_d231f9caf3c1,409,697,107,168,176,51940,15804,1214,517,13.018,30.569
1908,sigless_8f472697d070,509,896,88,131,166,48899,15779,1494,598,10.562,26.386
1396,sigless_ea3cee24023a,493,866,85,119,203,48651,15732,1445,579,10.887,27.171
1220,sigless_ea24389ac8ad,449,747,103,149,155,50126,15718,1300,553,12.091,28.423
157,sigless_04fce95fb003,496,871,90,129,176,49267,15704,1458,587,10.771,26.753
966,sigless_ae7501aa7a1f,473,818,92,129,206,49944,15679,1384,566,11.329,27.701
1369,sigless_e5698447616d,451,791,98,140,197,50072,15635,1341,550,11.659,28.427
2079,sigless_c794ce262280,560,983,92,130,123,48419,15635,1636,653,9.557,23.943
701,sigless_ab4783479a1e,486,857,93,138,152,48880,15594,1437,580,10.852,26.886
1453,sigless_f16ef468a89d,493,872,88,123,182,48300,15569,1454,582,10.708,26.751
1988,sigless_973aef1237ef,463,810,99,143,153,49397,15539,1373,563,11.318,27.6
287,sigless_6d302a685d9b,532,926,81,112,190,47485,15495,1540,614,10.062,25.236
1287,sigless_dc9975f3da2b,498,833,97,131,174,49180,15483,1429,596,10.835,25.978
2119,sigless_4e53325b91fa,471,801,93,135,175,49038,15480,1366,565,11.332,27.398
1539,sigless_6321989cab9b,484,839,98,136,165,49024,15462,1422,583,10.873,26.521
2075,sigless_2019f1f39205,515,917,89,130,126,47279,15418,1522,605,10.13,25.484
1338,sigless_0175c4ce6880,409,661,102,143,212,50262,15402,1173,512,13.13,30.082
86,sigless_71c583c83a2f,485,823,95,139,123,48125,15394,1404,581,10.964,26.496
2165,sigless_330ac0be7569,432,751,97,139,190,49192,15345,1281,530,11.979,28.953
1737,sigless_bf330d99adb4,477,827,100,139,123,48118,15281,1405,578,10.876,26.438
1924,sigless_e56f6af88490,466,790,88,124,190,48209,15277,1345,555,11.358,27.526
350,sigless_9acafa491865,644,1142,65,85,85,42904,15265,1852,710,8.242,21.5
1206,sigless_be0eb4848387,523,926,84,117,171,47073,15246,1534,608,9.939,25.076
678,sigless_a2926ef31703,429,736,98,141,159,48670,15214,1264,528,12.036,28.814
1213,sigless_d994a475a083,563,992,85,114,128,46184,15184,1641,649,9.253,23.396
1544,sigless_34461005b36a,501,886,81,115,183,46818,15068,1469,583,10.257,25.846
152,sigless_61a11fc0653a,491,854,82,115,194,46906,15049,1428,574,10.539,26.218
1543,sigless_47bcbc22b960,475,814,92,130,147,47015,15016,1382,568,10.865,26.437
1027,sigless_388c314e6431,454,799,87,122,190,47170,14963,1341,542,11.158,27.607
301,sigless_a90978e73c2b,488,855,86,123,137,46337,14932,1430,575,10.442,25.969
2150,sigless_a180f95ee3b6,448,775,94,136,147,47262,14928,1318,543,11.326,27.492
1389,sigless_cc0de96caf05,358,539,101,148,256,50214,14911,999,460,14.926,32.415
1474,sigless_f2b252301242,537,939,87,127,104,45742,14885,1564,625,9.517,23.816
1411,sigless_737020729913,501,890,86,121,138,45980,14870,1478,588,10.061,25.289
380,sigless_37d21415f60e,580,1006,67,92,126,43554,14868,1654,648,8.989,22.944
995,sigless_a1b0acb76e4c,493,854,89,127,124,45932,14843,1437,583,10.329,25.46
1094,sigless_216846b03f8a,410,648,100,142,181,48076,14840,1159,511,12.804,29.041
1996,sigless_5b1d9f69bd54,439,766,92,130,160,46912,14802,1298,532,11.404,27.823
1361,sigless_52c0482fa011,465,809,93,134,128,46721,14801,1368,559,10.819,26.478
1713,sigless_16645e6ac045,491,858,87,131,123,46042,14790,1437,579,10.292,25.544
2195,sigless_aeeab7ebb616,478,835,88,124,124,45820,14767,1402,567,10.533,26.044
2039,sigless_a069da56acfa,355,597,96,142,206,48281,14744,1049,452,14.055,32.619
1991,sigless_f1f7a792e31e,520,915,83,122,118,45084,14715,1519,604,9.687,24.363
696,sigless_838f66be3591,445,776,93,132,150,46658,14707,1315,539,11.184,27.286
353,sigless_987aacfeeca6,478,826,83,115,128,44350,14668,1388,562,10.568,26.1
996,sigless_cd4130196f1f,369,639,89,129,227,47123,14667,1098,459,13.358,31.954
625,sigless_ba96880c32b6,479,832,88,134,120,45783,14664,1400,568,10.474,25.817
875,sigless_2a247e15d60e,505,894,82,121,144,45175,14650,1482,588,9.885,24.915
1771,sigless_dd676587e3c2,433,753,89,129,172,46333,14647,1276,523,11.479,28.006
2191,sigless_0fa66da98a61,380,592,98,145,215,48583,14631,1071,479,13.661,30.545
2112,sigless_f95ee40f56e7,443,769,88,121,183,46117,14602,1301,532,11.224,27.447
739,sigless_e44878b31a21,353,535,104,149,225,49369,14591,993,458,14.694,31.858
1927,sigless_0e44805622bb,471,840,84,117,153,45164,14569,1396,556,10.436,26.203
917,sigless_5c825eae1054,415,692,95,136,168,47047,14546,1203,511,12.091,28.466
130,sigless_adf7885a1cb5,467,821,77,110,172,44682,14518,1366,545,10.628,26.639
174,sigless_1ab9e6b29441,475,821,75,110,168,44416,14486,1372,551,10.558,26.29
1316,sigless_a0c192f9fb04,448,759,93,125,164,45975,14478,1301,542,11.128,26.712
367,sigless_37c22f197b0e,438,754,87,126,161,45773,14473,1280,526,11.307,27.515
1487,sigless_e36d213d6f55,484,848,83,119,136,44687,14453,1416,568,10.207,25.445
2158,sigless_bb624ac8d16c,468,812,90,129,120,44923,14427,1371,559,10.523,25.809
1158,sigless_332a71719331,465,805,83,116,179,45174,14395,1354,549,10.631,26.22
2193,sigless_7069756aad90,463,806,87,123,141,44950,14352,1357,551,10.576,26.047
118,sigless_98cd508f735e,418,723,88,128,153,45433,14315,1230,507,11.638,28.235
1986,sigless_d40f759e326c,408,700,90,131,136,45327,14300,1199,499,11.927,28.657
944,sigless_b134101d0412,456,816,88,125,175,45686,14269,1361,545,10.484,26.182
1499,sigless_4431602e7900,438,759,89,129,139,45078,14260,1287,528,11.08,27.008
1972,sigless_14f880c04611,399,691,91,130,168,45775,14224,1182,491,12.034,28.969
412,sigless_359db3846b93,373,589,98,144,184,46874,14223,1061,472,13.405,30.133
988,sigless_c97232d9a6e7,464,798,89,131,106,44621,14211,1352,554,10.511,25.652
1063,sigless_efb693d864b1,454,798,82,115,152,43935,14206,1335,537,10.641,26.454
1667,sigless_b35c138e42d8,455,783,87,124,133,44641,14124,1326,543,10.652,26.011
1983,sigless_b7ea5ce09860,460,807,82,119,118,43362,14107,1350,543,10.45,25.98
387,sigless_47b94bac6f86,582,1010,62,85,92,40713,14099,1655,645,8.519,21.859
336,sigless_af82a9f5a649,586,1044,60,82,92,40303,14061,1691,647,8.315,21.733
1571,sigless_b0043e150340,446,753,86,121,148,44336,14008,1286,533,10.893,26.281
1404,sigless_3664525e90df,352,558,94,138,196,45786,13966,1005,447,13.897,31.244
2095,sigless_e4dd77a47000,434,759,88,124,124,43850,13966,1282,523,10.894,26.704
2089,sigless_88aae2bb0dda,404,703,84,120,179,44241,13928,1192,489,11.685,28.483
1882,sigless_02d5399592bf,425,744,84,118,156,43485,13923,1254,510,11.103,27.3
1796,sigless_92c2979883a9,367,631,82,117,226,45162,13917,1081,450,12.874,30.927
65,sigless_27ce58cda66f,439,760,79,118,129,43194,13894,1279,519,10.863,26.771
1061,sigless_e8c72d7ff2f0,483,861,92,125,119,43968,13888,1437,576,9.665,24.111
921,sigless_f937052730fe,417,733,86,120,178,44056,13869,1237,504,11.212,27.518
708,sigless_540b304561eb,365,614,90,129,191,45117,13852,1070,456,12.946,30.377
56,sigless_bafbec2fb030,510,898,72,100,112,41656,13850,1481,583,9.352,23.756
1421,sigless_c3a7f8be934b,437,776,83,114,169,43569,13847,1297,521,10.676,26.578
2038,sigless_b3b42cca3e2e,375,644,85,120,183,43928,13837,1105,461,12.522,30.015
1252,sigless_235c9a1f35e3,429,756,82,121,134,43491,13831,1268,512,10.908,27.014
1266,sigless_e4ad87e2dc28,449,794,86,124,123,43471,13822,1330,536,10.392,25.787
640,sigless_db1ecd912d82,325,537,94,137,189,45330,13805,957,420,14.425,32.869
1703,sigless_b915954a8521,471,836,75,102,176,42683,13805,1383,547,9.982,25.238
2176,sigless_c6fed62b2c1d,356,598,95,134,178,45418,13782,1050,452,13.126,30.491
1994,sigless_7a2560c23363,366,632,93,134,165,44566,13757,1092,460,12.598,29.907
1643,sigless_1a75d8cc40e0,431,739,83,122,142,43285,13725,1254,515,10.945,26.65
371,sigless_ca6f94a19f6f,498,861,71,96,119,41134,13667,1431,570,9.551,23.977
772,sigless_e79b5e65141e,393,678,81,118,181,43553,13643,1153,475,11.833,28.722
1448,sigless_13a2ad923021,347,542,92,131,214,45232,13618,982,440,13.868,30.95
1551,sigless_e831d0c798ed,400,689,86,123,127,43320,13614,1176,487,11.577,27.955
726,sigless_2b2572659f3a,354,613,86,127,193,44085,13590,1054,441,12.894,30.816
1290,sigless_db1a352a528f,425,754,73,98,184,41861,13542,1253,499,10.808,27.138
275,sigless_63aead8d7be5,396,699,79,110,182,42576,13502,1175,476,11.491,28.366
1884,sigless_afc2c607fe0a,311,450,82,112,335,45672,13492,844,394,15.986,34.244
1885,sigless_650f86cb4658,450,789,79,113,114,41502,13449,1319,530,10.196,25.375
1528,sigless_03bfa4b5c6bb,438,760,82,123,104,41911,13429,1281,521,10.483,25.775
1469,sigless_a5f75d3edeb2,364,615,84,120,205,43636,13379,1064,449,12.574,29.797
247,sigless_689fa1a18517,411,701,77,108,161,41737,13353,1190,489,11.221,27.307
939,sigless_8e8a431af870,447,779,83,117,99,41418,13343,1310,531,10.185,25.128
1922,sigless_d8ceeee8205e,441,764,80,111,136,41855,13333,1286,522,10.368,25.542
2173,sigless_79c0c2a11d73,404,691,84,121,113,41423,13323,1180,489,11.291,27.245
2040,sigless_462653facfc9,398,690,82,118,139,41660,13243,1171,481,11.309,27.532
2121,sigless_3246dfeb7fff,417,715,84,119,118,41904,13235,1217,502,10.875,26.365
1222,sigless_1481265a5721,314,483,94,138,210,44796,13219,892,409,14.82,32.32
819,sigless_a8ba6bf5b57a,406,701,81,121,123,41745,13209,1189,488,11.109,27.068
1321,sigless_51a58f591c98,396,694,82,118,135,41589,13182,1173,479,11.238,27.52
1319,sigless_3cc19bbfa30f,438,781,76,103,150,41017,13171,1296,515,10.163,25.575
723,sigless_5b0e17aa0970,335,575,88,127,184,42937,13168,999,424,13.181,31.057
1561,sigless_ae03d3ff6cc5,419,718,81,122,97,40995,13158,1219,501,10.794,26.263
1479,sigless_80ddd55c9870,399,689,79,110,136,40992,13150,1168,479,11.259,27.453
2192,sigless_1693a3e3a2e8,422,693,87,122,105,41806,13111,1203,510,10.899,25.708
2171,sigless_5069ef634589,339,584,86,121,166,41840,13048,1010,426,12.919,30.629
635,sigless_8633d51aed95,369,619,82,120,171,41824,13043,1071,452,12.178,28.856
283,sigless_3a0f0bb2a7be,426,735,72,98,159,40415,13025,1234,499,10.555,26.102
382,sigless_76ce20e8f050,500,858,64,88,85,38095,13009,1423,565,9.142,23.025
1366,sigless_432ddd2eace6,386,648,88,124,127,42113,12983,1123,475,11.561,27.333
49,sigless_997b3f344158,417,740,76,106,141,40308,12942,1234,494,10.488,26.198
122,sigless_6f74b303025c,391,675,79,114,135,40759,12930,1146,471,11.283,27.452
725,sigless_94c9c9421304,423,748,75,105,139,40370,12913,1247,499,10.355,25.878
39,sigless_668d1567cb72,530,931,58,78,77,37162,12876,1520,589,8.471,21.861
165,sigless_478f73ff60b2,389,670,69,100,185,40512,12859,1129,459,11.39,28.015
914,sigless_3d92870d72ab,409,702,81,114,127,40695,12852,1193,491,10.773,26.175
1383,sigless_b721d6a533f8,456,815,82,116,156,41206,12850,1354,539,9.49,23.84
745,sigless_6dd015213dfb,425,739,79,119,97,40164,12793,1244,505,10.284,25.333
254,sigless_4ea90d30a415,475,849,64,91,91,37881,12789,1389,540,9.207,23.683
423,sigless_78af4d8993d1,398,703,79,108,175,40808,12773,1181,478,10.815,26.722
237,sigless_d6b3c77004da,395,705,76,112,144,40380,12772,1177,472,10.851,27.059
396,sigless_4643689d0568,464,807,64,86,98,37132,12758,1336,529,9.549,24.117
1704,sigless_a2a13745e3d3,416,724,75,111,107,39354,12758,1216,492,10.492,25.931
2187,sigless_ebc0b53b2cf0,387,657,82,112,113,40206,12729,1127,470,11.295,27.083
803,sigless_6e4d3d79c9ce,348,593,86,121,140,41264,12717,1028,435,12.371,29.234
2000,sigless_ba698ed738e9,376,655,81,117,122,40185,12704,1113,458,11.414,27.738
1037,sigless_a4594aa05a9c,406,710,72,102,138,39340,12686,1189,479,10.669,26.484
1325,sigless_27d49e927192,435,762,73,102,109,38848,12683,1271,509,9.979,24.917
1210,sigless_ea1288f01b81,357,612,78,115,179,40835,12662,1048,436,12.082,29.041
1784,sigless_c02e641d8e95,407,717,72,100,142,39383,12648,1197,480,10.566,26.35
16,sigless_a19a96a4834c,367,636,73,106,160,39598,12628,1077,441,11.725,28.635
2172,sigless_fc9adde7dbfd,370,648,81,118,158,40744,12627,1100,452,11.479,27.936
1622,sigless_eae515fc8749,389,664,83,113,130,40361,12612,1137,473,11.092,26.664
2050,sigless_b713ac8fa47c,405,716,79,114,102,39308,12599,1201,485,10.49,25.977
889,sigless_5f9fc3f15267,433,744,81,107,108,39600,12587,1259,515,9.998,24.441
1904,sigless_d1d6a999b0a8,350,596,82,118,141,40413,12583,1029,433,12.228,29.06
878,sigless_541406b9790b,388,667,79,113,115,39456,12578,1135,468,11.082,26.876
2044,sigless_caabd71fcc51,430,759,71,101,106,38477,12568,1261,502,9.967,25.036
718,sigless_2154c5f49b0d,444,790,70,95,112,38015,12562,1305,515,9.626,24.392
1534,sigless_c8b2cf967455,318,522,88,125,158,41268,12555,929,407,13.515,30.848
922,sigless_f3c0cb67b9c2,319,551,80,117,179,40603,12524,951,400,13.169,31.31
1656,sigless_a404c9677646,361,626,79,114,118,39687,12521,1067,441,11.735,28.392
15,sigless_b3772effd358,378,667,72,101,160,39189,12493,1118,451,11.174,27.701
2003,sigless_3e3c1dbc5086,398,692,79,110,110,39165,12492,1170,478,10.677,26.134
265,sigless_5e85a7023303,502,874,60,83,98,36871,12441,1437,563,8.658,22.098
1038,sigless_1561f962fc9e,411,720,71,101,119,38375,12403,1203,483,10.31,25.679
1866,sigless_f83ac3a99d86,416,722,69,99,121,38015,12369,1208,486,10.239,25.451
783,sigless_0a4608d2a9d7,387,658,79,108,119,39119,12336,1125,467,10.965,26.415
2006,sigless_85b5bd6ca02c,359,627,82,115,123,39612,12336,1069,442,11.54,27.91
1164,sigless_26ecf2c4bd65,337,585,81,118,137,39833,12331,1004,419,12.282,29.43
2020,sigless_77c45375c83f,418,737,70,102,119,38131,12326,1226,489,10.054,25.207
1133,sigless_7aff8a28604f,369,648,75,105,130,38267,12321,1093,445,11.273,27.688
156,sigless_c11f51dca221,392,686,65,93,163,38420,12312,1144,458,10.762,26.882
1268,sigless_adc978f7e65b,318,488,87,127,172,41188,12296,894,406,13.754,30.286
1804,sigless_294c09c37fca,387,680,76,108,122,38823,12284,1144,464,10.738,26.474
14,sigless_9e31dab51a51,387,684,69,97,148,38239,12282,1141,457,10.764,26.875
605,sigless_c6b79d3c53a9,272,421,87,129,194,41449,12279,781,360,15.722,34.108
1005,sigless_3271c74e2301,397,706,74,109,110,38357,12239,1178,472,10.39,25.93
862,sigless_a6499ad89c83,351,621,80,112,128,39075,12219,1053,432,11.604,28.285
2049,sigless_98c52dc2dc1e,402,708,69,95,112,37006,12196,1180,472,10.336,25.839
1183,sigless_c06bd1b6353c,321,550,77,112,164,39473,12180,949,399,12.835,30.526
1284,sigless_065370bba5d5,386,640,76,107,120,38362,12154,1103,463,11.019,26.251
1250,sigless_928b0ceba67d,415,733,69,95,125,37327,12139,1218,485,9.966,25.029
1558,sigless_84fac23a0ac2,351,603,76,106,138,38482,12133,1031,428,11.768,28.348
394,sigless_96cd030d738b,460,797,57,79,101,35584,12127,1315,518,9.222,23.411
1597,sigless_5fe36c70fdb4,333,535,79,113,164,39224,12115,948,413,12.78,29.334
1011,sigless_459ef454900f,393,671,76,105,123,38247,12100,1141,470,10.605,25.745
2085,sigless_f4242b9e4116,347,612,75,106,146,38311,12068,1035,423,11.66,28.53
1835,sigless_483bbf7bb6b1,416,735,70,101,110,37397,12052,1222,487,9.863,24.747
108,sigless_6f6dfde51cb2,405,700,61,87,126,36008,12050,1167,467,10.326,25.803
459,sigless_90c2f0279ced,444,779,61,81,91,35441,12050,1285,506,9.377,23.814
753,sigless_f41c56e5ebca,385,669,70,96,127,37461,12047,1125,456,10.708,26.419
1985,sigless_b53b418c9bf1,320,485,76,108,210,39525,12038,882,397,13.649,30.322
1797,sigless_5c47cc5132ae,396,697,70,101,119,37657,12036,1164,467,10.34,25.773
36,sigless_736e44f5b60e,404,706,67,100,91,36774,12027,1178,472,10.21,25.481
1881,sigless_6c7b600c7555,298,511,83,118,160,39549,11985,893,382,13.421,31.374
155,sigless_a0350ffbcc4b,369,639,70,100,135,37586,11983,1079,440,11.106,27.234
1365,sigless_a63b34e34b37,320,544,81,118,125,38808,11982,946,402,12.666,29.806
729,sigless_a804ddc7a6e3,376,652,70,100,131,37411,11974,1099,447,10.895,26.787
952,sigless_06d86ef1dfb2,337,589,76,108,162,38719,11966,1003,414,11.93,28.903
1185,sigless_a0352130fbb2,378,659,73,96,151,37574,11927,1111,452,10.735,26.387
1345,sigless_1dd3c0084125,299,514,72,102,205,38837,11923,886,372,13.457,32.051
1377,sigless_a39943f30e05,359,632,76,106,128,37795,11921,1068,436,11.162,27.342
1202,sigless_fcd9451ee13a,342,577,75,109,139,38135,11890,995,418,11.95,28.445
2139,sigless_6b3cd9994515,386,679,71,98,116,36840,11874,1137,458,10.443,25.926
1101,sigless_a373cc2baf70,336,579,78,114,155,38707,11871,994,415,11.943,28.605
1407,sigless_76da01dea4af,459,807,61,84,83,35169,11863,1328,521,8.933,22.77
89,sigless_d881e7b7c75f,401,709,67,95,98,36172,11859,1178,469,10.067,25.286
699,sigless_ed4d7dcd5f20,335,574,80,115,102,38253,11849,990,416,11.969,28.483
2043,sigless_288bf7a714e1,390,679,67,100,110,36848,11849,1137,458,10.421,25.871
2117,sigless_47874c2208f5,401,716,66,91,120,36151,11832,1184,468,9.993,25.282
825,sigless_f5ee8f5d4463,363,607,72,104,139,37531,11823,1043,436,11.336,27.117
1381,sigless_465c428aa543,390,690,64,93,119,36026,11791,1145,455,10.298,25.914
864,sigless_ab8e3e51e84c,353,613,77,116,84,36969,11769,1044,431,11.273,27.306
1769,sigless_9abe00ccebbf,385,680,66,92,128,36017,11751,1132,452,10.381,25.998
618,sigless_9f35c41d66d2,451,791,62,87,91,35298,11736,1305,514,8.993,22.833
789,sigless_4b5d0d625c7a,362,636,73,104,128,37197,11729,1072,436,10.941,26.901
2055,sigless_83a4ee31b1f6,294,479,80,113,167,38752,11725,854,375,13.73,31.267
1632,sigless_bc2189b66c38,325,514,79,116,152,38527,11710,919,405,12.742,28.914
646,sigless_24e86989f05d,318,543,80,116,127,38068,11682,942,399,12.401,29.278
761,sigless_8d6b90ee9293,354,605,70,100,112,36416,11673,1030,425,11.333,27.466
433,sigless_bd4cf0d1d7db,371,646,70,100,104,36294,11664,1088,442,10.721,26.389
1115,sigless_30987982104a,377,655,68,92,126,35910,11577,1101,446,10.515,25.957
296,sigless_54dbb247dde0,392,693,62,84,105,34852,11573,1148,455,10.081,25.435
1343,sigless_ca1164247b57,401,701,66,92,107,35553,11557,1169,468,9.886,24.694
2131,sigless_942b823547de,322,553,80,116,99,37304,11551,956,403,12.083,28.663
1172,sigless_adacf3de7932,374,654,70,105,105,36323,11538,1099,445,10.499,25.928
647,sigless_8774c1cef8c5,360,620,71,97,123,36130,11532,1052,432,10.962,26.694
2062,sigless_c9e4990c51f6,371,645,74,107,109,36540,11516,1091,446,10.555,25.821
1627,sigless_f0ac1add9d29,390,687,67,97,99,35645,11499,1145,458,10.043,25.107
1143,sigless_e0aaccb23f50,343,589,75,104,117,36694,11493,1008,419,11.402,27.43
342,sigless_b8c3d7d38830,309,531,70,100,156,36871,11489,911,380,12.611,30.234
274,sigless_d7ff1b561c29,356,614,69,94,135,35982,11473,1040,426,11.032,26.932
1307,sigless_764f39545d30,292,488,75,106,162,37239,11461,856,368,13.389,31.144
203,sigless_4833dbf8eee7,325,566,64,95,150,36016,11428,956,390,11.954,29.303
2090,sigless_c503921bae7a,374,657,65,90,132,35274,11425,1097,440,10.415,25.966
1341,sigless_b14e45dadc02,358,613,69,99,123,35950,11424,1041,428,10.974,26.692
1968,sigless_661c3072afa4,318,496,75,107,160,37398,11417,890,394,12.828,28.977
1251,sigless_f5884d232b82,301,444,79,116,168,38078,11397,825,381,13.815,29.913
1562,sigless_658c2c4687ae,299,489,75,109,161,37192,11388,864,375,13.181,30.368
1238,sigless_97d95beb0952,327,558,68,98,136,35886,11372,954,396,11.92,28.717
1693,sigless_6461b6c0e332,342,597,73,106,111,36068,11341,1013,416,11.195,27.262
1146,sigless_a4ba19fd8844,321,558,70,100,139,36040,11340,950,392,11.937,28.929
422,sigless_07987b152fec,489,898,52,72,60,32226,11297,1440,542,7.845,20.843
1699,sigless_aa68914b47a2,382,661,65,94,89,34685,11297,1109,448,10.187,25.217
2051,sigless_7d5aadae9838,406,716,66,92,95,34960,11287,1189,473,9.493,23.863
1108,sigless_f00a8eba1899,326,549,73,106,99,35856,11286,949,400,11.893,28.215
1709,sigless_a0132d35599e,435,789,56,75,89,33332,11282,1281,492,8.807,22.931
1349,sigless_588a3df34892,292,505,73,105,146,36460,11274,871,366,12.944,30.803
252,sigless_b278cfa1a1bc,447,777,49,59,105,32411,11270,1274,497,8.846,22.676
383,sigless_181c8bd4e619,461,794,50,68,72,32261,11266,1306,512,8.626,22.004
110,sigless_7f5464d20af0,408,735,56,75,76,32787,11265,1200,465,9.387,24.226
1686,sigless_7403cc0ffd52,397,683,64,94,83,34439,11192,1145,462,9.775,24.225
1280,sigless_0bbc4b648b35,394,677,65,91,91,34421,11159,1137,460,9.814,24.259
1949,sigless_1f4ac9e62c3f,327,549,71,97,144,35910,11155,948,399,11.767,27.957
848,sigless_95c9aaf30eb5,286,472,78,110,133,36305,11088,837,365,13.247,30.378
1430,sigless_59690a61e2a4,366,645,63,90,126,34584,11088,1075,430,10.314,25.786
379,sigless_9ad0f4968187,487,850,42,53,98,31464,11076,1380,530,8.026,20.898
2169,sigless_3a8a0cbc5306,366,653,64,90,110,34178,11056,1084,431,10.199,25.652
2064,sigless_77acf8e62e89,366,646,64,92,99,33986,11052,1077,431,10.262,25.643
2132,sigless_ec9f86a778a1,325,559,66,98,140,34910,11031,951,392,11.599,28.14
641,sigless_aa78c1454979,342,592,66,96,113,34609,11017,1001,409,11.006,26.936
1913,sigless_a3d60784ec40,343,604,69,100,126,35219,11002,1017,413,10.818,26.639
1657,sigless_632fe2fdcdd7,329,543,73,96,132,35474,10995,946,403,11.623,27.283
2128,sigless_8a460480c524,286,489,72,99,148,35434,10933,848,359,12.893,30.454
1095,sigless_5628428fcb9e,291,498,67,95,167,35460,10924,857,359,12.747,30.429
606,sigless_397eecf2df92,341,594,67,95,99,33939,10921,1003,409,10.888,26.702
1598,sigless_0aaa883d754b,408,711,61,82,89,33197,10913,1181,470,9.24,23.219
860,sigless_46526231a356,293,502,75,107,117,35519,10910,871,369,12.526,29.566
1876,sigless_ecf748cf12af,278,472,73,105,138,35155,10878,824,352,13.201,30.903
2032,sigless_e83a20b1cd4f,410,729,60,80,93,33017,10876,1200,471,9.063,23.091
2056,sigless_16db32a19d83,265,449,77,110,131,35366,10873,792,343,13.729,31.7
1021,sigless_7b2a343ad877,350,614,64,96,95,33903,10862,1029,415,10.556,26.173
1513,sigless_9fde04bbdde9,302,530,70,100,122,34477,10852,903,373,12.018,29.094
1768,sigless_244cd4a5c9ab,348,615,65,89,129,33962,10835,1029,414,10.53,26.171
733,sigless_1988fac64320,300,511,72,103,102,34760,10834,884,373,12.256,29.046
1455,sigless_00a50a69a375,335,582,67,95,108,34135,10818,985,403,10.983,26.844
1129,sigless_93327e31510f,386,675,64,92,73,33357,10815,1126,451,9.605,23.98
812,sigless_6d5234f371f9,358,622,67,96,92,33951,10803,1048,426,10.308,25.359
690,sigless_54ffee2e4670,399,704,60,82,101,32871,10801,1164,460,9.279,23.48
802,sigless_ee7d70613fbd,375,670,61,86,103,33245,10801,1107,437,9.757,24.716
248,sigless_5358f29cea01,342,574,65,91,113,33770,10795,982,408,10.993,26.458
57,sigless_6087e05a8ced,360,627,56,78,139,33081,10789,1044,417,10.334,25.873
1517,sigless_baf87012e760,299,470,74,107,132,35042,10771,844,374,12.762,28.799
1794,sigless_dc847205a22a,302,515,73,106,106,34794,10754,891,376,12.07,28.601
1533,sigless_8194237df33d,349,619,64,93,117,33823,10728,1033,414,10.385,25.913
2046,sigless_f063735927c7,349,605,65,89,108,33410,10700,1020,415,10.49,25.783
727,sigless_bb8311dd9e91,328,566,67,97,104,33749,10688,962,396,11.11,26.99
1329,sigless_af8ea815d9ac,309,519,68,98,121,34432,10685,897,378,11.912,28.267
1588,sigless_3ddcd7b67860,334,578,64,91,115,33740,10683,977,399,10.934,26.774
1747,sigless_86706387733e,274,457,69,100,160,34896,10675,801,344,13.327,31.032
1976,sigless_e1ba6073c24a,301,519,68,97,125,34084,10663,889,370,11.994,28.819
1458,sigless_0b89cca13ea4,293,477,68,99,147,34660,10653,839,362,12.697,29.428
1721,sigless_cad0445308c6,334,568,63,89,121,33654,10630,966,398,11.004,26.709
1125,sigless_17d5ffff4fef,288,483,70,99,114,33911,10623,842,359,12.616,29.591
64,sigless_e6cba48054ed,412,736,51,78,55,31123,10610,1200,464,8.842,22.866
706,sigless_c64047238b2e,329,558,64,90,115,33290,10588,952,394,11.122,26.873
1392,sigless_4d95c478d570,332,579,64,89,110,33293,10579,976,397,10.839,26.647
884,sigless_67e6fe112861,343,597,62,84,121,32826,10553,1003,406,10.521,25.993
144,sigless_a5809c78e91c,292,508,67,94,132,33710,10538,868,360,12.141,29.272
1249,sigless_11949d469b8a,275,473,69,100,129,34087,10523,818,345,12.864,30.501
216,sigless_d063a38af836,435,749,47,60,147,31412,10517,1232,483,8.537,21.774
2080,sigless_d3bdbd0bb58a,349,604,58,83,109,32184,10499,1012,408,10.375,25.733
1337,sigless_ac279ba1425a,203,337,86,115,144,36023,10482,627,290,16.718,36.145
617,sigless_70b26b4cb9bb,307,534,70,101,97,33482,10470,912,378,11.48,27.698
315,sigless_34ac254a10c0,358,632,58,88,75,31630,10466,1049,417,9.977,25.098
1445,sigless_c18ba89385a7,372,660,61,87,76,31942,10466,1094,434,9.567,24.115
1957,sigless_2f8380969215,247,374,67,94,206,34936,10447,689,315,15.163,33.165
2116,sigless_2cb123ac730d,351,620,60,84,100,31951,10427,1032,412,10.104,25.308
1457,sigless_f70dce70d2e6,363,638,59,85,84,31826,10410,1061,423,9.811,24.61
2010,sigless_58f28b7ca92c,259,410,72,104,149,34591,10396,742,332,14.011,31.313
1293,sigless_19edcdb64f02,327,570,64,89,111,32702,10383,962,392,10.793,26.487
1253,sigless_29617a96ff32,309,532,65,92,99,32742,10370,907,375,11.433,27.653
314,sigless_8603905c4f10,306,514,63,90,105,32366,10350,884,370,11.708,27.973
910,sigless_70bf273eff25,268,455,69,100,124,33711,10350,793,338,13.052,30.621
1690,sigless_b78bd0013bcf,255,432,69,100,133,33470,10320,757,325,13.633,31.754
669,sigless_6cfc70d378dd,328,563,61,88,99,31934,10306,953,390,10.814,26.426
1925,sigless_ad7fe64deac0,282,438,71,102,133,33874,10302,792,354,13.008,29.102
1786,sigless_4708b0b01b11,260,444,68,96,163,33896,10284,773,329,13.304,31.258
1128,sigless_36a3afeeec98,359,632,58,77,99,31459,10283,1050,418,9.793,24.6
1608,sigless_f9f3693c0515,343,610,60,83,100,31715,10277,1014,404,10.135,25.438
1923,sigless_e86a58684cb2,372,668,57,82,97,31299,10276,1098,430,9.359,23.898
1751,sigless_e9c970ad8337,338,576,60,83,109,31691,10262,975,399,10.525,25.719
1323,sigless_15de438ccf60,275,471,67,98,124,33187,10260,814,343,12.604,29.913
2180,sigless_9a6cfc51cfb1,406,722,57,76,53,30427,10242,1186,464,8.636,22.073
691,sigless_3e559f4d0f59,289,482,65,95,123,33002,10217,837,355,12.207,28.78
831,sigless_06234c7e0655,309,533,59,82,126,31928,10216,902,369,11.326,27.686
850,sigless_16361bdfb961,329,577,58,82,111,31700,10201,965,388,10.571,26.291
993,sigless_bb5f7d1fed6b,336,590,61,84,97,31485,10197,988,398,10.321,25.621
241,sigless_c59764b814bb,312,535,63,90,103,32056,10182,911,376,11.177,27.08
1695,sigless_9040b3021247,305,525,61,85,127,32072,10131,892,367,11.358,27.605
1254,sigless_8ce6a6ab7c5d,350,602,57,83,91,31230,10129,1010,408,10.029,24.826
1456,sigless_c3b37d0778cc,308,535,61,86,123,31928,10085,905,370,11.144,27.257
1449,sigless_e1a9514113c3,293,502,64,93,116,32315,10084,860,358,11.726,28.168
1758,sigless_12e5deef1e79,355,622,55,76,100,30834,10083,1033,411,9.761,24.533
1070,sigless_0c3d4094de77,334,561,65,87,96,31772,10082,961,400,10.491,25.205
1418,sigless_450f1e3cb187,281,472,66,95,111,32617,10055,820,348,12.262,28.894
2109,sigless_05bfe2c6d100,293,470,68,94,120,32518,10020,832,362,12.043,27.68
1081,sigless_5ea9d3de6f73,277,455,63,93,134,32247,10018,796,341,12.585,29.378
160,sigless_ceb9dc2356de,239,387,69,95,136,33060,10006,696,309,14.376,32.382
1012,sigless_4cc5205ea1c3,338,589,55,75,103,30648,10004,983,394,10.177,25.391
2199,sigless_cf0dc4200761,323,552,57,77,114,31019,10003,933,381,10.721,26.255
420,sigless_e5c3c9909625,378,680,49,70,64,29366,9972,1108,428,9.0,23.299
1351,sigless_c752867db1a5,334,580,56,79,101,30495,9970,971,391,10.268,25.499
1317,sigless_8f40e6042df6,318,557,60,84,105,31106,9969,936,379,10.651,26.303
736,sigless_f1e4f471b05f,326,573,60,85,103,31271,9961,960,387,10.376,25.739
2137,sigless_b32c0a1bc6b2,276,457,66,93,140,32376,9936,800,343,12.42,28.968
413,sigless_f35b198c6f09,279,484,61,87,128,31552,9914,825,341,12.017,29.073
892,sigless_fcd0d6de18a1,201,336,74,107,153,33748,9906,612,276,16.186,35.891
1581,sigless_407aec9f695f,323,564,57,82,92,30572,9887,945,381,10.462,25.95
304,sigless_907934b05c68,338,586,56,82,84,30281,9871,981,395,10.062,24.99
1058,sigless_8910f8434e4e,296,486,65,84,120,31749,9863,848,362,11.631,27.246
229,sigless_9b9bb406de24,311,534,58,80,95,30402,9814,904,370,10.856,26.524
1754,sigless_33f29c427ad9,328,569,54,76,107,29978,9801,952,383,10.295,25.59
1197,sigless_9d6c88657376,315,533,58,79,120,30499,9780,907,374,10.783,26.15
1203,sigless_0c62ce2fd6a9,292,509,62,85,106,30795,9770,864,355,11.308,27.521
940,sigless_800a63a44bf8,264,452,65,95,114,31669,9758,782,330,12.478,29.57
1390,sigless_735f3061a675,332,585,58,81,80,30086,9754,976,391,9.994,24.946
876,sigless_6b38756cbee9,339,598,56,79,85,29931,9751,994,396,9.81,24.624
408,sigless_e7f784979ca1,294,511,59,83,105,30583,9741,865,354,11.261,27.517
1738,sigless_49c2a62dccf1,282,487,59,86,102,30566,9739,829,342,11.748,28.477
2149,sigless_8230c078962e,342,595,55,76,75,29410,9711,993,398,9.779,24.399
2034,sigless_cb1e1ab1b986,261,429,66,93,120,31632,9706,757,328,12.822,29.591
141,sigless_55242a39e781,443,815,43,58,53,27574,9692,1302,487,7.444,19.901
1292,sigless_813393f0ede5,345,616,51,71,109,29368,9673,1013,397,9.549,24.365
722,sigless_d068b24b49ae,281,491,59,84,103,30085,9649,832,341,11.597,28.296
2015,sigless_232632332b90,322,549,62,86,82,30135,9620,934,385,10.3,24.987
1357,sigless_40a26706917d,189,260,69,100,184,32818,9606,519,259,18.509,37.089
354,sigless_993f7ab38cdd,371,646,48,64,71,28240,9592,1066,420,8.998,22.838
1119,sigless_f2b582d1df68,377,666,50,66,70,28392,9587,1094,428,8.763,22.4
1339,sigless_9ff29e2b3570,250,402,67,91,123,31324,9581,720,318,13.307,30.129
1857,sigless_6b7e2532e6de,320,541,58,78,83,29716,9578,920,379,10.411,25.272
52,sigless_8cb221fbe4ce,361,626,52,71,88,28940,9572,1040,414,9.204,23.121
2194,sigless_dabb909b3720,278,467,63,91,105,30842,9572,809,342,11.832,27.988
1312,sigless_5872901d959d,355,617,52,72,70,28909,9554,1025,408,9.321,23.417
1801,sigless_dd8691823361,360,640,50,68,67,28558,9540,1051,411,9.077,23.212
1090,sigless_f81c8acba2c3,300,521,59,81,112,30075,9498,881,360,10.781,26.383
1556,sigless_8c5d7927d750,336,590,55,80,68,29048,9493,982,392,9.667,24.217
131,sigless_1f00b0ec2559,304,530,58,81,82,29479,9491,893,363,10.628,26.146
505,sigless_2f380f310be1,232,388,65,89,162,31742,9468,686,298,13.802,31.772
958,sigless_ff7d9e36c230,312,536,58,81,77,29447,9464,907,371,10.434,25.509
938,sigless_90b87a48f3be,341,595,53,74,72,28674,9455,990,395,9.551,23.937
38,sigless_eac299d61c41,314,549,55,78,75,29166,9451,919,370,10.284,25.543
1026,sigless_890ba472fbb0,290,489,60,85,103,30093,9431,840,351,11.227,26.869
1281,sigless_4f9cdf141b45,314,559,55,76,105,29326,9424,929,370,10.144,25.47
2153,sigless_c4383a715ff3,313,551,58,84,102,29893,9422,923,372,10.208,25.328
748,sigless_252685088a75,335,591,47,67,102,28354,9416,974,383,9.667,24.585
2005,sigless_53963acbf653,220,372,74,106,98,31679,9414,667,295,14.114,31.912
1224,sigless_a1614da05728,289,493,60,86,89,29696,9412,843,350,11.165,26.891
2183,sigless_cfa8dddf2419,285,493,57,81,101,29402,9410,836,343,11.256,27.434
637,sigless_f7c21b876e64,341,594,54,72,86,28811,9409,990,396,9.504,23.76
1065,sigless_50121c96998c,275,461,63,88,104,30481,9408,800,339,11.76,27.752
1914,sigless_acf1bac39dff,287,492,58,82,113,29916,9402,838,346,11.22,27.173
2022,sigless_7dca9de1e1ff,262,449,60,87,104,30018,9371,772,323,12.139,29.012
1352,sigless_e5824239f216,297,528,57,80,88,29179,9368,883,355,10.609,26.389
898,sigless_731f6c240879,316,554,54,78,88,28888,9346,925,371,10.104,25.191
221,sigless_311a8ed6271c,310,551,39,51,183,28486,9332,901,350,10.357,26.663
235,sigless_16cb5dcb886c,347,602,52,69,68,28026,9332,1002,400,9.313,23.33
627,sigless_c04ed9af1879,327,570,52,72,87,28279,9328,950,380,9.819,24.547
1016,sigless_9588ecf888b2,353,621,50,71,69,28044,9326,1025,404,9.099,23.084
900,sigless_b1b21c4df6f6,241,412,61,86,127,30297,9322,715,303,13.038,30.766
1040,sigless_1b18b649ff39,302,524,57,81,81,29014,9301,884,360,10.521,25.836
657,sigless_ff8780d0432b,300,519,55,79,98,29129,9278,875,356,10.603,26.062
1181,sigless_d755c95628b6,265,454,63,85,94,29788,9278,783,329,11.849,28.201
43,sigless_715c7ec145b2,344,601,47,65,95,27880,9241,993,392,9.306,23.574
901,sigless_dbbc9b4071b8,249,428,56,79,126,29430,9239,734,306,12.587,30.193
786,sigless_f152d910b035,303,520,54,78,92,28861,9222,878,358,10.503,25.76
327,sigless_cdd9c9084d7d,366,648,48,66,74,27718,9212,1063,415,8.666,22.198
1386,sigless_e78be91ca5a1,360,630,50,68,68,27796,9208,1041,411,8.845,22.404
1496,sigless_c6c16b565fb8,283,495,58,82,97,29165,9208,837,342,11.001,26.924
1107,sigless_c689157a47d7,284,486,56,78,99,28891,9183,827,341,11.104,26.93
830,sigless_af2f78147ca0,210,318,68,99,126,30915,9172,597,279,15.363,32.875
799,sigless_79bfe84158a3,268,456,56,80,111,29302,9170,781,325,11.741,28.215
2070,sigless_557348c6591e,281,490,54,76,105,28572,9159,826,336,11.088,27.259
1194,sigless_4ce2c0558a79,310,537,55,74,88,28431,9143,903,366,10.125,24.981
1165,sigless_9443de867663,252,413,60,87,117,29664,9115,726,313,12.555,29.121
1569,sigless_7088255671b1,285,467,56,78,101,28683,9104,809,342,11.253,26.62
1085,sigless_74bb500fd9f7,296,510,58,81,87,28822,9101,865,355,10.521,25.637
882,sigless_d735a77c9442,264,456,58,81,103,28883,9069,779,323,11.642,28.077
1853,sigless_d2d259073fdb,280,480,56,76,91,28298,9065,817,337,11.095,26.899
1099,sigless_1e3657593d79,266,461,59,85,80,28590,9063,787,326,11.516,27.801
1854,sigless_68b87c298670,223,348,62,88,150,30355,9061,634,286,14.292,31.682
1114,sigless_64a085399724,246,394,61,84,135,29689,9058,702,308,12.903,29.409
1105,sigless_ceed4039dca5,313,530,60,77,63,28308,9053,904,374,10.014,24.206
1188,sigless_80f4b2b2d94a,349,635,49,69,65,26960,9040,1034,399,8.743,22.657
1861,sigless_b92855c49992,329,577,55,75,65,27765,9030,962,385,9.387,23.455
1248,sigless_770c685a6555,273,476,57,77,103,28666,9022,807,331,11.18,27.257
439,sigless_165be0615c4a,258,437,59,85,90,28865,9016,755,318,11.942,28.352
1813,sigless_64acaac520b2,285,502,59,84,112,29139,9007,847,345,10.634,26.107
359,sigless_12e1351b5ef2,234,358,59,83,134,29100,8986,652,294,13.782,30.565
1733,sigless_f7c3eeb498ba,237,389,56,81,135,29103,8970,683,294,13.133,30.51
809,sigless_7c8e98088253,270,451,57,78,115,28687,8951,779,328,11.49,27.29
109,sigless_a6a008b7b43f,288,489,52,72,89,27490,8942,830,341,10.773,26.223
1393,sigless_8789556b1885,304,519,52,74,77,27635,8933,876,357,10.197,25.022
766,sigless_a75e5964ecb6,278,487,53,76,88,27571,8930,819,332,10.904,26.898
1522,sigless_bde6c80eb940,271,462,58,84,63,27992,8927,792,330,11.271,27.052
1540,sigless_c62f1111423e,269,473,54,75,111,28128,8926,797,324,11.199,27.549
1975,sigless_fc157a93d029,353,619,45,67,67,26686,8920,1018,399,8.762,22.356
1811,sigless_e8e040c1c0d7,280,489,55,81,100,28236,8906,825,336,10.795,26.506
1529,sigless_567f761e810b,304,523,53,72,70,27389,8900,881,358,10.102,24.86
1893,sigless_eca5b09b13b2,231,386,63,89,90,28987,8895,681,295,13.062,30.153
2096,sigless_67de1f9e5055,289,510,53,73,88,27561,8892,853,343,10.424,25.924
768,sigless_bfae60aff458,272,468,54,78,93,27924,8879,795,327,11.169,27.153
1276,sigless_2ad6ff2f157b,285,493,54,75,81,27560,8879,833,340,10.659,26.115
1378,sigless_7aa3028ed8a9,230,375,57,81,141,29114,8871,663,288,13.38,30.802
874,sigless_37e2ca3dea18,251,434,58,84,121,28883,8867,744,310,11.918,28.603
1232,sigless_cbdbaf09ade0,298,512,53,74,71,27403,8852,864,352,10.245,25.148
69,sigless_f087ebc9516f,277,482,44,60,143,27465,8848,804,322,11.005,27.478
1278,sigless_f57b47cce3c9,239,413,58,82,104,28351,8845,711,298,12.44,29.681
712,sigless_028211648fc5,271,466,55,79,90,28127,8837,793,327,11.144,27.024
255,sigless_c78f604fd997,244,412,55,78,107,28070,8834,712,300,12.407,29.447
662,sigless_07a1b040261d,281,479,56,80,69,27717,8826,817,338,10.803,26.112
1907,sigless_5dd07b42bd8f,240,405,63,87,103,28967,8823,709,304,12.444,29.023
1327,sigless_ed2e199f472f,216,361,58,83,131,29114,8821,636,275,13.869,32.076
428,sigless_18814b32dd1b,306,533,48,64,75,26737,8819,888,355,9.931,24.842
1803,sigless_2a1f91c3c553,310,544,49,68,90,27056,8813,904,360,9.749,24.481
767,sigless_ea36c97b6259,265,451,56,78,89,27726,8810,773,322,11.397,27.36
249,sigless_3eb51ddaba86,447,795,27,29,45,23371,8807,1270,475,6.935,18.541
1289,sigless_ca60dc9c2830,213,352,62,88,117,29284,8807,628,276,14.024,31.909
1117,sigless_4128d40d5043,318,560,51,72,91,27195,8799,930,370,9.461,23.781
1437,sigless_4ff42a81f761,268,455,55,80,86,27782,8789,779,324,11.282,27.127
1358,sigless_4f6b7ccb866f,238,408,56,79,113,28019,8777,703,295,12.485,29.753
1774,sigless_7ed58fb93fe8,234,395,62,89,79,28471,8751,692,297,12.646,29.465
1153,sigless_67337c7dd9ce,309,534,49,68,74,26660,8747,893,359,9.795,24.365
180,sigless_02355bfb0f06,306,531,51,69,62,26768,8746,889,358,9.838,24.43
1472,sigless_a43368a20420,292,511,52,74,81,27224,8738,856,345,10.208,25.328
861,sigless_77f1427cde4d,288,500,50,69,104,27131,8696,839,339,10.365,25.652
2030,sigless_4b089cb999db,305,542,48,67,81,26534,8692,896,354,9.701,24.554
1950,sigless_99288a8d8311,304,525,52,74,65,26848,8670,882,357,9.83,24.286
1484,sigless_612c92b9c5f6,309,533,51,70,80,26852,8660,894,361,9.687,23.989
845,sigless_8a0bed8a5864,303,532,48,69,85,26618,8648,884,352,9.783,24.568
1519,sigless_10dee176dca4,231,391,57,81,104,27954,8639,680,289,12.704,29.893
2018,sigless_838a165125d4,253,438,56,80,94,27386,8637,748,310,11.547,27.861
1505,sigless_a08a60a2c34f,236,403,59,83,108,28061,8627,699,296,12.342,29.145
1672,sigless_d6b6d42aed74,265,443,54,75,106,27581,8623,763,320,11.301,26.947
473,sigless_318ea29c2a18,298,516,47,68,66,25836,8616,862,346,9.995,24.902
782,sigless_565f76319a38,310,536,49,67,54,25898,8616,896,360,9.616,23.933
101,sigless_5c7dbc974cdc,310,541,46,67,82,26277,8599,898,357,9.576,24.087
2126,sigless_fa59a7d9c9c9,275,470,53,73,84,27083,8591,799,329,10.752,26.112
1150,sigless_2f5e24445832,236,383,62,82,90,27876,8583,682,299,12.585,28.706
1719,sigless_cd4741deab08,263,441,56,79,90,27443,8556,761,320,11.243,26.738
1427,sigless_80dd5325194c,254,419,58,76,105,27810,8555,732,313,11.687,27.332
1565,sigless_e989552bfd91,280,479,52,73,86,26909,8555,812,333,10.536,25.691
1653,sigless_c8df1b666f4a,273,470,53,74,73,26824,8553,797,327,10.731,26.156
1432,sigless_b31da4a19239,280,483,50,70,90,26733,8549,814,331,10.502,25.828
1075,sigless_199d307b7dbc,271,480,52,72,90,26777,8542,804,324,10.624,26.364
1302,sigless_f33d2da3c021,263,457,53,75,89,26919,8538,774,317,11.031,26.934
1697,sigless_61eab8ecee80,296,519,50,69,87,26577,8534,866,347,9.855,24.594
1285,sigless_b0c0c83bfc3a,299,511,52,68,65,26011,8510,863,352,9.861,24.176
887,sigless_7542fe6a2fa5,273,462,53,77,71,26688,8497,789,327,10.769,25.985
2159,sigless_0cfc23369d57,302,533,49,65,82,25996,8489,885,352,9.592,24.116
1971,sigless_890c6337d027,302,534,50,72,60,26014,8485,887,353,9.566,24.037
29,sigless_c605b43fb3da,268,472,54,75,98,26755,8483,795,323,10.67,26.263
1654,sigless_9e6d2fa4567f,240,406,54,77,93,26970,8477,701,295,12.093,28.736
919,sigless_8e3ed27a2c7f,340,609,40,51,80,24887,8471,990,381,8.557,22.234
1974,sigless_ca74ce66306b,272,473,52,73,94,26750,8471,798,325,10.615,26.065
242,sigless_ba91090ce32c,253,433,54,78,83,26760,8460,741,308,11.417,27.468
1402,sigless_37deae204ccf,319,566,48,63,71,25545,8459,934,368,9.057,22.986
1335,sigless_267cb138e158,275,489,52,72,98,26592,8447,817,328,10.339,25.753
1221,sigless_f1e6bf31e18b,293,508,48,69,73,25861,8444,850,342,9.934,24.69
1426,sigless_6be8a83c7158,274,471,59,79,84,27365,8443,805,334,10.488,25.278
1346,sigless_6a33bb1a672e,250,427,54,77,79,26876,8442,732,305,11.533,27.679
798,sigless_26a76b71777d,255,433,54,77,86,26931,8435,743,310,11.353,27.21
828,sigless_70da962c825c,274,467,50,70,87,26537,8432,792,325,10.646,25.945
1809,sigless_a14418023e87,274,467,56,78,67,26479,8430,798,331,10.564,25.468
673,sigless_3138d93351cd,248,426,54,75,98,26938,8414,729,303,11.542,27.769
1894,sigless_f3c7d77bace6,195,342,58,82,146,28220,8411,596,254,14.112,33.114
1586,sigless_eae5ce81d21f,276,478,49,66,77,25812,8398,804,326,10.445,25.761
1140,sigless_e5c938d40480,298,518,51,74,55,26054,8394,868,350,9.671,23.983
757,sigless_19d11e73e95f,302,526,49,68,77,25856,8384,878,352,9.549,23.818
1956,sigless_81370d6cb292,179,293,60,83,129,28061,8367,533,240,15.698,34.862
417,sigless_18652c4a9084,233,397,52,73,96,26343,8356,683,286,12.234,29.217
1050,sigless_4c7e01a433ab,238,403,55,78,79,26767,8356,697,294,11.989,28.422
1920,sigless_dac0bc4a8dbd,264,446,54,76,86,26517,8346,765,319,10.91,26.163
357,sigless_0676ce351471,227,382,51,71,104,26160,8332,661,279,12.605,29.864
446,sigless_73b117219888,317,570,38,49,78,24292,8332,926,356,8.998,23.404
2188,sigless_d218a8f6660b,256,442,53,78,73,26110,8332,752,310,11.08,26.877
2204,sigless_192fbb20f4b6,205,344,53,78,125,27175,8312,603,259,13.784,32.093
73,sigless_014bf0a4ca2a,290,504,47,69,60,25301,8309,842,338,9.868,24.583
648,sigless_ae82bf8a7db0,320,568,43,58,69,24765,8307,932,364,8.913,22.821
1069,sigless_f9ae48a939d4,272,471,49,68,73,25706,8285,793,322,10.448,25.73
1760,sigless_a0c4fe9127a8,236,398,52,71,99,26201,8281,687,289,12.054,28.654
1826,sigless_cdef6492a016,202,327,55,79,123,27052,8276,585,258,14.147,32.078
927,sigless_1f1c8d8f3c38,285,504,49,68,69,25401,8264,839,335,9.85,24.669
1468,sigless_09ddb7108e86,254,432,56,78,69,26300,8263,743,311,11.121,26.569
138,sigless_63ed178e201c,295,519,45,61,86,25244,8241,860,341,9.583,24.167
1435,sigless_4686488c1971,216,359,54,78,125,27140,8235,630,271,13.071,30.387
1728,sigless_a3a94f87589a,270,467,49,68,74,25603,8212,787,320,10.435,25.663
2205,sigless_12f60ae9521e,239,408,52,74,88,26004,8180,700,292,11.686,28.014
349,sigless_7fb16eb8c461,403,713,26,28,46,21818,8152,1143,430,7.132,18.958
2017,sigless_1519c0410c08,203,333,62,94,69,26974,8148,599,266,13.603,30.632
1111,sigless_a8e53f0d8a5f,275,480,45,63,94,25210,8129,801,321,10.149,25.324
1025,sigless_8ea51a184b55,252,435,53,77,61,25670,8123,741,306,10.962,26.546
316,sigless_a2d8ca5042c6,268,458,47,64,67,24575,8109,774,316,10.477,25.661
1812,sigless_1f7bb8ed8eac,234,404,54,76,85,25976,8105,693,289,11.696,28.045
1595,sigless_a4c7076f4aaf,297,519,48,64,59,24649,8098,865,346,9.362,23.405
1059,sigless_5ff58e590f8e,236,393,53,74,93,25877,8093,683,290,11.849,27.907
1168,sigless_9f9af699de34,257,456,44,61,100,24779,8084,758,302,10.665,26.768
119,sigless_2341d18c9a80,254,444,48,67,80,25031,8079,747,303,10.815,26.663
879,sigless_8eaf4520fd84,270,473,50,72,65,25191,8071,794,321,10.165,25.143
847,sigless_8321f73e8a70,295,508,44,63,68,24535,8057,848,340,9.501,23.697
707,sigless_8cc4767c9e31,234,398,54,73,92,25846,8048,687,289,11.715,27.848
1274,sigless_e6e5363141ad,234,397,55,74,86,25856,8037,687,290,11.699,27.714
1946,sigless_2123a2d9b7fe,241,411,51,73,86,25509,8036,704,293,11.415,27.427
1318,sigless_ceab788163dc,271,453,52,68,64,24905,8023,777,324,10.326,24.762
1998,sigless_03086868b370,186,280,57,74,155,27168,8019,524,244,15.303,32.865
1564,sigless_d7bf2906f3b4,231,392,59,85,66,26441,8014,683,291,11.734,27.54
894,sigless_c436f96f1126,263,463,52,73,67,25126,8011,779,316,10.284,25.351
1196,sigless_6c5c6357dae4,214,363,54,78,110,26246,8002,632,269,12.661,29.747
1147,sigless_8f0c5138ce88,240,423,53,74,88,25623,7976,717,294,11.124,27.129
628,sigless_852ec7e9d3e4,278,489,43,60,82,24295,7944,811,322,9.795,24.671
1071,sigless_38eb59793f4c,211,365,51,73,94,25124,7930,628,263,12.627,30.152
788,sigless_f74d0bfe48c0,226,382,54,77,82,25698,7925,663,281,11.953,28.203
1046,sigless_6ca6f0196a67,274,463,44,61,77,24238,7912,782,319,10.118,24.803
784,sigless_eff214afb779,233,395,50,70,99,25371,7909,679,284,11.648,27.849
1216,sigless_69f557be81a9,302,552,48,66,70,24519,7907,903,351,8.756,22.527
145,sigless_6b02632d1a2d,248,435,52,71,95,25334,7901,736,301,10.735,26.249
1245,sigless_68bd3a92b2d2,284,495,46,62,71,24316,7894,826,331,9.557,23.849
1593,sigless_949e6c11e478,255,445,50,74,64,24891,7891,751,306,10.507,25.788
1710,sigless_dff07db59ffb,249,420,49,71,69,24700,7887,719,299,10.969,26.378
805,sigless_00f47e96a28e,224,385,50,70,91,24873,7874,660,275,11.93,28.633
1122,sigless_511302602195,309,528,48,61,57,24194,7871,886,358,8.884,21.986
1658,sigless_bb828c382a1b,230,397,51,73,80,24977,7847,679,282,11.557,27.826
1,sigless_061736d04c3a,270,466,43,60,62,23565,7846,780,314,10.059,24.987
851,sigless_9b1f40f65dfe,199,332,58,85,80,25936,7846,590,258,13.298,30.411
841,sigless_c17c69a9e46f,212,346,53,75,100,25543,7844,612,266,12.817,29.489
1963,sigless_e5ea1d301889,241,423,47,69,78,24382,7841,712,289,11.013,27.131
832,sigless_051ca28bea88,248,434,50,72,68,24692,7835,733,299,10.689,26.204
262,sigless_09ce81b7f2f1,331,572,33,41,58,22050,7832,937,365,8.359,21.458
414,sigless_164c7fcca78f,248,436,43,59,101,24152,7829,728,292,10.754,26.812
2071,sigless_bdf0a489217a,264,459,45,60,92,24257,7829,769,310,10.181,25.255
1409,sigless_736aa7627d04,211,351,52,71,97,25329,7811,615,264,12.701,29.587
1166,sigless_65ecc2868490,194,280,59,81,111,26422,7810,534,254,14.625,30.748
27,sigless_200cb7d8cb7b,231,392,49,71,71,24463,7789,673,281,11.574,27.719
1662,sigless_295a1f5c7259,284,509,42,62,60,23456,7774,836,327,9.299,23.774
1055,sigless_254a6441f2f8,247,427,46,65,79,24262,7762,721,294,10.766,26.401
1524,sigless_9fcb1335fac1,214,366,54,77,76,25050,7754,635,269,12.211,28.825
688,sigless_72f15d80615f,268,470,45,65,70,23825,7753,784,314,9.889,24.691
1057,sigless_3773367d1427,250,442,46,64,76,23917,7752,739,297,10.49,26.101
931,sigless_22ea8f75397a,223,369,50,70,99,24968,7748,643,274,12.05,28.277
1959,sigless_3a79b50e978f,260,449,46,61,80,24228,7739,756,307,10.237,25.208
1837,sigless_4925f435ada2,250,434,45,62,92,24151,7737,730,296,10.599,26.139
754,sigless_29facc14bbd7,198,327,55,79,77,25030,7723,581,254,13.293,30.406
1199,sigless_344a5e703b23,248,417,48,68,65,24064,7723,714,297,10.817,26.003
1322,sigless_0aa123040ab4,243,413,48,68,66,24151,7717,705,292,10.946,26.428
1243,sigless_e2c8421e02ac,256,437,48,69,61,24156,7711,742,305,10.392,25.282
1732,sigless_ced22ff988f0,254,441,47,65,65,23906,7706,743,302,10.371,25.517
682,sigless_7dc6a50e1180,262,461,45,60,75,23711,7695,769,308,10.007,24.984
1931,sigless_3715faa04936,225,379,53,73,84,24973,7693,658,279,11.691,27.573
741,sigless_03890dcefaec,218,376,49,68,83,24126,7680,644,268,11.925,28.657
1415,sigless_376b704609c9,261,450,44,61,67,23588,7669,756,306,10.144,25.062
1984,sigless_2d693beca98e,249,441,46,65,75,23867,7669,737,296,10.406,25.909
947,sigless_8273030bc1e6,202,302,59,81,96,25847,7668,564,262,13.596,29.267
1178,sigless_db90f7cc3196,264,465,44,64,60,23300,7666,774,309,9.904,24.809
771,sigless_3a3a9c12bb06,309,541,39,51,61,22568,7624,890,349,8.566,21.845
730,sigless_bd944de32ae2,263,463,46,68,53,23606,7613,773,310,9.849,24.558
154,sigless_275a97d955a0,243,416,43,59,79,23568,7611,703,287,10.826,26.519
2084,sigless_e48c4e2c7edc,250,410,48,62,81,23878,7596,709,299,10.714,25.405
311,sigless_b42e24bb8508,218,369,45,62,93,23789,7588,633,264,11.987,28.742
1514,sigless_4e5963a46a73,208,345,50,72,93,24516,7584,604,259,12.556,29.282
1776,sigless_dda92f9b56cf,260,461,47,68,59,23667,7583,769,308,9.861,24.62
127,sigless_c4e5b442baad,237,416,43,62,89,23595,7580,697,281,10.875,26.975
1621,sigless_65080120cd1e,226,377,50,70,68,24196,7574,654,277,11.581,27.343
1864,sigless_ca2751f48b81,220,371,48,66,88,23925,7562,640,269,11.816,28.112
1766,sigless_f488683a4b63,231,401,49,70,67,24004,7541,682,281,11.057,26.836
1843,sigless_ad47025276c6,210,354,50,71,68,24130,7525,615,261,12.236,28.831
128,sigless_c0d41b7f4567,285,499,40,54,64,22576,7522,825,326,9.118,23.074
425,sigless_41b0dda01a6b,232,374,47,68,85,23962,7517,654,280,11.494,26.846
1283,sigless_bcb6f4de3081,247,428,45,63,84,23566,7500,721,293,10.402,25.597
1628,sigless_d1a5de35533a,196,330,51,74,89,24444,7493,578,248,12.964,30.214
1507,sigless_ac1cee02b41c,228,411,48,67,132,24620,7490,688,277,10.887,27.04
1214,sigless_879af9bd78f5,221,376,47,66,82,23592,7488,645,269,11.609,27.836
1707,sigless_4d2d5f34630c,261,444,40,55,82,22964,7482,746,302,10.029,24.775
2167,sigless_a31ee63471ed,212,352,50,68,97,23968,7456,615,263,12.124,28.35
1014,sigless_3b6794cde604,244,430,43,60,82,23076,7454,718,288,10.382,25.882
977,sigless_59e4ab88d090,233,396,46,64,71,23260,7449,676,280,11.019,26.604
1124,sigless_542403ea9aa3,167,238,55,77,130,25359,7442,461,223,16.143,33.372
1304,sigless_6574fbb8906f,202,341,49,68,90,23895,7438,593,252,12.543,29.516
680,sigless_05324e057621,267,459,42,58,56,22641,7421,769,310,9.65,23.939
979,sigless_3e1442eb6167,234,406,44,64,75,23093,7415,685,279,10.825,26.577
774,sigless_bb7d757d445c,227,371,49,66,77,23727,7408,648,277,11.432,26.744
117,sigless_845abf53dda7,288,500,38,54,46,21908,7406,827,327,8.955,22.648
1891,sigless_2cceeb8e07f6,248,427,46,65,62,23163,7406,722,295,10.258,25.105
719,sigless_aa48973e76be,229,399,46,63,84,23315,7397,675,276,10.959,26.801
695,sigless_e4dfd8300608,227,378,49,67,56,23255,7395,655,277,11.29,26.697
1087,sigless_2285fc4955db,195,325,51,71,86,23798,7391,572,247,12.921,29.923
1171,sigless_2bc74dda6db2,215,357,53,71,71,23985,7386,626,269,11.799,27.457
2134,sigless_bf10c4917483,246,431,44,61,54,22653,7385,722,291,10.229,25.378
91,sigless_f8afcb8c1ee2,256,437,45,61,53,22705,7384,739,302,9.992,24.45
1015,sigless_3052030bdd5e,191,318,53,75,77,24137,7376,563,245,13.101,30.106
2101,sigless_d020ba845c7d,175,307,54,76,114,24832,7374,537,230,13.732,32.061
2035,sigless_8e59c9b8b5e6,238,420,43,58,89,22974,7364,702,282,10.49,26.113
1444,sigless_5dcafa4a6026,228,396,47,64,76,23340,7360,672,276,10.952,26.667
1629,sigless_9dcc77211b03,255,445,45,64,54,22720,7355,746,301,9.859,24.435
1267,sigless_3d39925f8eed,275,482,40,55,55,22024,7350,798,316,9.211,23.259
1930,sigless_fbf7927487ed,232,381,49,69,60,23453,7344,663,282,11.077,26.043
1494,sigless_5fe8ad286b25,226,386,47,65,70,23164,7331,660,274,11.108,26.755
903,sigless_82f7067efda2,190,284,56,74,100,24726,7324,531,247,13.793,29.652
956,sigless_9d0f3e499d2c,237,409,44,61,86,23049,7314,691,282,10.585,25.936
671,sigless_dcce2a7081d2,235,410,43,63,67,22750,7308,689,279,10.607,26.194
1778,sigless_00029a7e6212,183,306,48,71,94,23615,7299,538,232,13.567,31.461
663,sigless_7284c778ac0d,232,372,44,63,110,23502,7288,649,277,11.23,26.31
1006,sigless_5191c50b5b8b,215,361,51,71,64,23397,7288,628,267,11.605,27.296
846,sigless_7637e7c8713e,249,430,44,58,80,22865,7283,724,294,10.059,24.772
601,sigless_7e314bd29bc0,269,471,41,57,54,21971,7280,782,311,9.309,23.408
1828,sigless_f0555a0aaad0,251,446,43,62,60,22520,7273,741,295,9.815,24.654
457,sigless_d34ebc7ed34a,205,349,42,59,94,22689,7261,597,248,12.162,29.278
969,sigless_bcd571136f39,301,538,39,51,70,22080,7257,879,341,8.256,21.282
1735,sigless_bcebeb9e6334,235,377,44,61,101,23005,7252,657,280,11.038,25.9
1596,sigless_ccb2a861632d,195,331,49,68,95,23505,7245,576,245,12.578,29.571
93,sigless_7db23ffcde5e,316,555,27,31,67,20382,7244,899,344,8.058,21.058
2058,sigless_379c83cb1f2c,271,476,38,52,61,21563,7216,786,310,9.181,23.277
1618,sigless_143925cf9773,284,488,43,56,45,21807,7173,816,328,8.79,21.869
1359,sigless_d2d65331e5c2,215,360,48,66,63,22945,7165,624,264,11.482,27.14
1798,sigless_5065bde14df2,236,408,42,60,69,22211,7158,687,279,10.419,25.656
1918,sigless_d4f1cb23bd7d,241,412,43,59,65,22351,7157,697,285,10.268,25.112
770,sigless_ff505e642c03,177,298,50,72,86,23524,7155,526,228,13.603,31.382
1155,sigless_f00147033ff9,205,347,47,66,76,22810,7152,600,253,11.92,28.269
1134,sigless_9ca8d1fd5038,229,402,41,55,86,22068,7146,673,271,10.618,26.369
1135,sigless_2fb28a05cd26,221,378,46,67,65,22735,7130,646,268,11.037,26.604
1067,sigless_3c7d4c054d9a,208,351,45,62,87,22558,7121,605,254,11.77,28.035
1270,sigless_0259c702f2a1,235,415,43,61,65,22173,7108,694,279,10.242,25.477
1373,sigless_39105bcd71a9,207,332,49,66,81,22897,7085,589,257,12.029,27.568
822,sigless_f12c016c033a,246,400,42,59,82,22154,7078,689,289,10.273,24.491
1391,sigless_ef1c3c62fcd2,207,356,45,62,86,22537,7076,609,253,11.619,27.968
2007,sigless_f089e97aafbc,246,430,40,53,82,21795,7072,717,287,9.863,24.641
1770,sigless_90a480bcf62a,164,274,46,65,118,23293,7067,485,211,14.571,33.493
1388,sigless_10496c53e031,174,285,54,71,99,23718,7051,514,229,13.718,30.79
405,sigless_2e2c6b473482,262,465,37,53,50,20867,7049,765,300,9.214,23.497
1192,sigless_5ef01b4278b3,277,485,36,48,46,20468,7042,799,314,8.814,22.427
2186,sigless_c543a3f04e8e,225,391,44,58,81,22097,7036,661,270,10.644,26.059
1825,sigless_39bc5ee73822,259,454,39,52,55,21045,7011,753,299,9.311,23.448
260,sigless_1624bba57515,303,544,28,38,37,19593,6990,876,332,7.979,21.054
1681,sigless_062b9dc75cc0,255,444,39,55,47,20981,6980,739,295,9.445,23.661
1018,sigless_72c3a51899c7,218,384,42,59,98,22158,6978,645,261,10.819,26.736
1330,sigless_3bd0072c4aef,212,349,48,65,78,22693,6976,610,261,11.436,26.728
1367,sigless_0c18150794f0,259,454,39,53,47,20821,6963,753,299,9.247,23.288
1943,sigless_b98afa8b8771,249,431,39,53,64,21340,6954,720,289,9.658,24.062
286,sigless_9b1cfd89a614,215,358,44,63,82,22133,6953,618,260,11.251,26.742
742,sigless_e4666e36fe81,237,413,40,53,66,21276,6945,691,278,10.051,24.982
1910,sigless_23937f663130,194,336,47,66,69,22212,6943,578,242,12.012,28.69
620,sigless_b5cb3f9f2d41,219,377,43,60,60,21639,6940,640,263,10.844,26.388
1354,sigless_9170a561ffb4,206,349,47,63,78,22411,6937,603,254,11.504,27.311
2042,sigless_e74e85959ddf,244,427,42,60,47,21371,6937,714,287,9.716,24.171
664,sigless_bd2a15378da9,222,391,43,58,73,21805,6935,657,266,10.556,26.071
222,sigless_a8eea3bbc975,246,425,39,63,25,20788,6926,711,286,9.741,24.217
244,sigless_56b6c511751e,288,491,33,40,53,20153,6926,813,322,8.519,21.509
1545,sigless_d19512840646,247,433,39,54,64,21101,6900,720,287,9.583,24.042
776,sigless_33fc787ad873,202,343,45,64,63,21963,6894,591,248,11.665,27.798
1592,sigless_b566f265e084,236,411,39,56,69,21261,6889,687,276,10.028,24.96
793,sigless_ac9174e7c0f7,202,342,49,68,82,22610,6876,594,252,11.576,27.286
1504,sigless_fd20abcd2c91,236,422,42,59,52,21012,6847,701,279,9.767,24.541
1663,sigless_1b50c532933b,214,364,41,56,83,21623,6846,620,256,11.042,26.742
1282,sigless_f6020faa9f9f,175,293,50,71,66,22563,6831,519,226,13.162,30.226
1937,sigless_4cf82ab8aa02,192,320,47,63,93,22357,6826,560,240,12.189,28.442
1508,sigless_7893233089a4,186,312,50,69,66,22197,6825,549,237,12.432,28.797
1417,sigless_48ec04f44e6e,191,303,46,65,94,22445,6823,541,238,12.612,28.668
137,sigless_d83e1e580730,184,309,48,68,71,22221,6819,542,233,12.581,29.266
462,sigless_e71254a0cf98,211,348,39,58,64,20921,6817,599,251,11.381,27.159
1614,sigless_c19c49833f4f,238,417,40,56,65,21157,6813,696,279,9.789,24.419
284,sigless_0bf7ae03ddfe,178,300,49,67,65,21758,6776,528,228,12.833,29.719
1573,sigless_0c6a5f955e75,210,364,41,58,73,21159,6774,616,252,10.997,26.881
1845,sigless_834c9572e69a,231,403,40,57,56,20817,6770,675,272,10.03,24.89
1148,sigless_f28c5c89cf86,195,330,42,58,93,21689,6764,568,238,11.908,28.42
1680,sigless_3c88665083a9,250,431,42,56,49,20842,6754,724,293,9.329,23.051
2004,sigless_0a12e5411b43,234,408,39,57,55,20810,6754,682,274,9.903,24.65
1486,sigless_c1cca0d0c5c6,227,386,41,57,54,21029,6747,655,269,10.301,25.082
626,sigless_943c0406ecfa,187,323,46,64,84,21779,6743,557,234,12.106,28.816
12,sigless_f3c3922f3bf1,192,329,42,59,75,21164,6738,564,235,11.947,28.672
1301,sigless_3bdfb37d3943,142,229,49,71,108,22859,6734,421,192,15.995,35.073
936,sigless_f3a60f9a2545,183,294,47,63,95,22298,6732,525,231,12.823,29.143
2108,sigless_16aaf614b380,236,406,39,53,47,20444,6728,682,276,9.865,24.377
853,sigless_fd831842a33c,198,337,44,61,81,21534,6719,580,243,11.584,27.65
1240,sigless_bae0bbfd88eb,214,368,41,59,64,20963,6718,624,256,10.766,26.242
1576,sigless_f09040589b70,216,362,44,59,56,21215,6715,623,261,10.778,25.728
653,sigless_0ef3e137e365,231,397,40,57,50,20578,6703,669,272,10.019,24.643
1336,sigless_b2dde365dffd,223,385,43,59,54,20975,6693,652,267,10.265,25.067
1814,sigless_d61f01ff1856,227,394,41,56,54,20808,6689,663,269,10.089,24.866
697,sigless_225ff5e37f29,241,422,39,57,45,20261,6677,703,281,9.498,23.762
1666,sigless_25800dc4acc5,239,418,38,51,61,20292,6673,696,278,9.588,24.004
1481,sigless_e117b29fcd84,241,422,39,57,45,20260,6668,703,281,9.485,23.73
1400,sigless_63631da2d1f2,203,347,40,54,81,21013,6666,591,244,11.279,27.32
982,sigless_8183c505826b,215,363,42,60,57,21070,6662,621,258,10.728,25.822
1941,sigless_7eaac73acfe6,152,227,50,73,96,22718,6657,430,203,15.481,32.793
116,sigless_085572a9ea56,251,443,34,51,32,19605,6656,729,286,9.13,23.273
1999,sigless_427c3c46f65c,249,440,36,48,49,19770,6656,726,286,9.168,23.273
1763,sigless_c9a4461d0eb8,186,325,42,58,89,21305,6652,554,229,12.007,29.048
814,sigless_c49bde778b8f,204,336,45,60,71,21280,6651,586,250,11.35,26.604
1466,sigless_bf15319647bb,203,345,44,60,62,21257,6650,593,248,11.214,26.815
1500,sigless_fc51151e9da6,166,282,47,65,71,21323,6638,496,214,13.383,31.019
1852,sigless_bdb5051ba702,258,452,34,46,44,19414,6634,745,293,8.905,22.642
1780,sigless_5bddac084f3e,241,411,37,50,51,19858,6619,690,279,9.593,23.724
630,sigless_d0ae75394cf7,238,410,34,47,60,19753,6613,683,273,9.682,24.223
941,sigless_36098fb696ff,239,423,36,49,60,19955,6595,699,276,9.435,23.895
2141,sigless_e1bad9f09886,203,353,42,59,63,20628,6592,599,246,11.005,26.797
48,sigless_86b750a18634,245,425,32,42,74,19597,6584,703,278,9.366,23.683
303,sigless_5c8479320aac,319,563,22,26,42,17986,6583,905,342,7.274,19.249
190,sigless_3b76d1562492,256,444,32,44,52,19507,6582,733,289,8.98,22.775
273,sigless_ed2e51023840,212,353,40,57,64,20704,6573,606,253,10.847,25.98
1478,sigless_c1c1609741a5,231,408,37,51,57,19968,6571,677,269,9.706,24.428
184,sigless_f9fe030b4137,238,409,35,48,55,19776,6565,683,274,9.612,23.96
404,sigless_ba89c4c8f327,244,433,34,50,35,19372,6554,712,279,9.205,23.491
971,sigless_9a6b9c994e19,224,373,42,55,50,20499,6548,640,267,10.231,24.524
806,sigless_c654c026ae17,231,405,40,58,43,20261,6547,677,272,9.671,24.07
1031,sigless_7637fe73bbeb,217,377,37,50,69,20159,6543,632,255,10.353,25.659
1161,sigless_909163dfaedf,199,345,41,56,70,20531,6543,586,241,11.166,27.149
2110,sigless_e4b4f97ba66f,199,337,45,63,57,20990,6532,582,245,11.223,26.661
1917,sigless_16f4b13e040d,240,418,35,50,56,19584,6529,694,276,9.408,23.656
2076,sigless_05fdf0633843,173,273,44,60,85,21046,6529,491,218,13.297,29.95
1806,sigless_eab2c199b773,216,374,41,55,56,20337,6527,632,258,10.328,25.298
1761,sigless_90bde4357ab2,247,436,36,50,41,19463,6525,720,284,9.062,22.975
2083,sigless_9091d33eacf5,178,287,44,63,79,21237,6521,510,223,12.786,29.242
1889,sigless_0cd0d06cffe2,201,345,40,57,56,20295,6516,587,242,11.101,26.926
1167,sigless_3aa721f415c9,292,514,32,38,50,19075,6515,839,325,7.765,20.046
1205,sigless_16b9d860b264,252,434,37,46,62,19902,6515,724,290,8.999,22.466
1775,sigless_61eee8f6fcee,188,325,41,58,78,20667,6501,555,230,11.714,28.265
1829,sigless_a6b2d9360035,184,319,39,54,99,20731,6494,543,224,11.959,28.991
1079,sigless_bde9f43aeb8e,248,445,39,52,69,20169,6489,733,288,8.853,22.531
1425,sigless_d608fc698ae8,179,301,43,59,75,20807,6488,524,223,12.382,29.094
1112,sigless_a944a8a7f573,204,359,39,54,75,20139,6473,603,244,10.735,26.529
1033,sigless_e4836b3cc890,185,316,44,59,73,20780,6453,546,230,11.819,28.057
452,sigless_b885d1ba1001,221,369,39,52,43,19694,6452,630,261,10.241,24.72
1347,sigless_1e1c9ccd8382,232,408,36,49,72,19804,6448,677,269,9.524,23.97
686,sigless_ea7f83372c50,172,264,44,63,95,21207,6446,481,217,13.401,29.705
1767,sigless_6ea748306ca1,220,383,38,51,68,19978,6446,642,259,10.04,24.888
1019,sigless_66f0c3982031,208,359,38,50,75,20107,6445,606,247,10.635,26.093
827,sigless_a0f6463b194e,146,236,43,66,96,21347,6436,426,190,15.108,33.874
751,sigless_6d83ced1ddc9,174,269,46,60,92,21339,6425,490,221,13.112,29.072
642,sigless_bff3b049ffef,180,289,45,61,72,20728,6424,515,226,12.474,28.425
1958,sigless_d1ff80a58217,201,348,40,56,58,19979,6395,590,242,10.839,26.426
1475,sigless_843a4c783d68,192,340,41,58,63,20168,6376,574,234,11.108,27.248
1953,sigless_c0ee71b99722,213,364,40,54,51,20039,6376,618,254,10.317,25.102
1824,sigless_c5b0fac01604,190,327,40,56,71,20200,6375,558,231,11.425,27.597
1637,sigless_eadba030569c,241,414,35,51,58,19534,6362,691,277,9.207,22.968
2145,sigless_7d627d871752,198,343,39,53,82,20083,6356,581,238,10.94,26.706
1191,sigless_44b5b8de7031,189,323,41,56,66,19966,6335,554,231,11.435,27.424
1645,sigless_481b18472ebe,197,349,38,52,79,19935,6326,585,236,10.814,26.805
639,sigless_db328298f8c7,229,401,38,53,58,19681,6324,669,268,9.453,23.597
1467,sigless_98d5d1deed73,167,277,41,59,98,20674,6315,486,209,12.994,30.215
2088,sigless_b71757c06bc5,174,283,46,64,66,20455,6303,504,221,12.506,28.52
999,sigless_4e0a56fb56e6,210,368,37,52,61,19356,6294,616,248,10.218,25.379
948,sigless_37e338b85da4,185,306,41,61,70,20299,6287,533,227,11.795,27.696
1103,sigless_68cb01dfc7bb,213,365,36,49,69,19503,6287,615,250,10.223,25.148
403,sigless_409490976dbd,201,348,38,52,63,19565,6283,588,240,10.685,26.179
1911,sigless_fde9338419bb,201,351,39,53,82,19972,6282,592,241,10.611,26.066
2081,sigless_d3b2c8c75c41,187,322,38,55,69,19744,6263,548,226,11.429,27.712
340,sigless_8207389c7f96,174,298,41,59,65,19966,6260,514,216,12.179,28.981
666,sigless_4fcc82d235ae,162,276,44,65,81,20774,6247,483,207,12.934,30.179
245,sigless_56e87559a495,196,336,37,54,67,19603,6235,570,234,10.939,26.645
102,sigless_73628d1f6734,320,582,26,31,43,17782,6231,929,347,6.707,17.957
857,sigless_290ec232dd7c,205,353,38,55,48,19382,6229,597,244,10.434,25.529
2036,sigless_2c1c4052e1a7,221,398,32,43,70,18668,6229,652,254,9.554,24.524
1362,sigless_4d1810912b68,202,354,39,53,60,19510,6228,596,242,10.45,25.736
186,sigless_0cb6bf3a9ca0,206,342,39,52,43,19194,6226,588,246,10.588,25.309
2066,sigless_897c175fe34d,167,284,41,57,83,20177,6214,493,209,12.604,29.732
299,sigless_ff39541c5569,209,348,39,52,44,19319,6212,597,249,10.405,24.948
68,sigless_c581a903fbc2,207,344,39,52,44,19261,6211,591,247,10.509,25.146
306,sigless_14b6d535cc1d,204,339,39,52,42,19081,6208,583,244,10.648,25.443
74,sigless_7e997d06e5bd,207,344,39,52,43,19230,6202,591,247,10.494,25.109
1696,sigless_5a81bb01e5b7,188,323,38,54,63,19353,6202,550,227,11.276,27.322
1109,sigless_d335447f3d3b,201,349,41,55,55,19312,6199,592,243,10.471,25.51
1379,sigless_e4be1ee8ee36,233,415,36,50,53,19021,6198,685,270,9.048,22.956
1863,sigless_1977e1d5d104,245,429,30,40,66,18353,6181,705,276,8.767,22.395
1934,sigless_e9edc1b9d456,188,316,38,53,68,19452,6179,543,227,11.379,27.22
1633,sigless_42a1f04378b2,238,422,35,50,39,18488,6175,696,274,8.872,22.536
326,sigless_1699627ab40d,261,445,29,42,30,18001,6173,736,291,8.387,21.213
843,sigless_63a2947d5d69,156,246,43,58,99,20643,6172,446,200,13.839,30.86
720,sigless_96546ea01643,198,343,38,55,50,19250,6167,580,237,10.633,26.021
1385,sigless_9f0f07c924d3,117,195,43,60,109,20627,6165,356,161,17.317,38.292
650,sigless_6207e6302ea8,179,287,40,58,85,20032,6153,507,220,12.136,27.968
2059,sigless_b005a86c5903,215,371,36,52,48,18953,6142,623,252,9.859,24.373
1655,sigless_9cd134168f2a,182,316,39,56,69,19519,6134,538,222,11.401,27.631
1036,sigless_c28303589b76,154,241,46,62,77,20342,6126,442,201,13.86,30.478
2197,sigless_a209b2a5252a,200,340,38,53,56,19245,6120,579,239,10.57,25.607
603,sigless_82b5b4eb7dbf,181,310,41,56,58,19454,6119,533,223,11.48,27.439
797,sigless_690b5b46fa1c,209,373,40,51,44,18826,6113,623,250,9.812,24.452
1793,sigless_40ffe3504975,191,327,43,62,48,19656,6094,562,235,10.843,25.932
1068,sigless_c25fea17b550,210,365,37,52,50,18897,6091,613,248,9.936,24.56
177,sigless_bb039d862ff0,202,335,39,52,44,19098,6078,577,242,10.534,25.116
18,sigless_bfd0fa167fc5,175,303,39,54,65,19187,6076,518,215,11.73,28.26
998,sigless_f714c35fac58,158,238,43,61,88,20322,6071,440,202,13.798,30.054
2142,sigless_4c483a37edd9,184,312,39,55,49,19129,6064,536,224,11.313,27.071
1424,sigless_ce359d26e1b6,184,311,38,52,63,18976,6056,534,223,11.341,27.157
246,sigless_1750d19fd681,230,403,33,45,34,17977,6054,667,264,9.076,22.932
1132,sigless_46fa6dbba93e,196,334,37,51,62,18937,6050,568,234,10.651,25.855
481,sigless_0d974e766dcc,300,516,21,23,36,16763,6049,838,322,7.218,18.786
418,sigless_06465e5ad9dc,185,313,39,52,62,19095,6044,538,225,11.234,26.862
1849,sigless_2f1564fd2a46,180,305,41,58,64,19500,6040,527,222,11.461,27.207
1842,sigless_e3b7af399229,214,364,33,45,68,18433,6031,612,248,9.855,24.319
1315,sigless_56fd96ee2ff6,233,414,34,47,48,18231,6017,682,268,8.823,22.451
1823,sigless_bb0dad11ee03,214,363,38,49,51,18664,6017,616,253,9.768,23.783
1677,sigless_e92ad9874cc2,180,295,39,55,59,19054,5996,515,220,11.643,27.255
1743,sigless_2c2cf472d235,215,372,35,47,55,18446,5994,623,251,9.621,23.88
983,sigless_ebd602118867,175,290,42,58,68,19449,5989,508,218,11.789,27.472
55,sigless_106097bc0fa1,185,303,38,52,72,19069,5975,527,224,11.338,26.674
1408,sigless_ff88740d3e0a,153,261,41,56,68,19106,5973,456,195,13.099,30.631
1753,sigless_b21fb045b669,208,360,34,48,53,18276,5967,603,243,9.896,24.556
762,sigless_de4b6e64cf9b,187,323,38,51,61,18749,5965,549,226,10.865,26.394
2065,sigless_5f6bfcb825ce,196,339,38,52,45,18407,5943,574,235,10.354,25.289
790,sigless_a080c700ad3b,254,446,29,38,38,17383,5942,730,284,8.14,20.923
689,sigless_3ab26101ff63,205,360,33,44,57,17859,5941,599,239,9.918,24.858
1765,sigless_fd2a13dba135,207,357,37,51,52,18447,5935,602,245,9.859,24.224
1064,sigless_4a246c3285ac,195,336,35,46,75,18531,5929,567,231,10.457,25.667
1169,sigless_04fe0abfa30b,183,309,38,53,56,18661,5922,531,222,11.153,26.676
1831,sigless_30bb765f383a,175,294,35,50,79,18796,5913,505,211,11.709,28.024
735,sigless_ff6183e13a95,200,348,40,54,57,18862,5912,589,241,10.037,24.531
1002,sigless_5e31e535fb10,218,385,34,48,47,18129,5908,638,253,9.26,23.352
1873,sigless_10d0bbe56b6e,188,327,36,50,64,18537,5899,552,225,10.687,26.218
325,sigless_0760e69c581d,244,418,30,42,21,17102,5896,693,275,8.508,21.44
84,sigless_9c4cdb42a938,222,388,30,39,41,17232,5881,641,253,9.175,23.245
1706,sigless_4cd3735945ef,200,344,34,49,53,18122,5870,579,235,10.138,24.979
1568,sigless_54b8d33cb85e,204,358,33,44,63,17908,5842,596,238,9.802,24.546
1190,sigless_93162e2ef769,180,302,39,53,61,18676,5841,522,220,11.19,26.55
450,sigless_a5256a11b11e,280,492,20,23,35,15867,5825,793,301,7.346,19.352
1258,sigless_f7705be5acc9,196,348,34,47,67,18110,5825,579,231,10.06,25.216
2164,sigless_41fa6d8715eb,168,292,37,52,67,18498,5824,498,206,11.695,28.272
844,sigless_dc0a942599f9,194,323,35,49,51,18084,5808,553,230,10.503,25.252
1510,sigless_8a2c8a922a68,173,301,38,55,51,18371,5808,513,212,11.322,27.396
1118,sigless_6b7c99340d51,220,383,32,41,61,17634,5805,636,253,9.127,22.945
1887,sigless_e9a8258d5cf4,194,333,34,46,58,17895,5805,562,229,10.329,25.349
1944,sigless_d4328de32368,205,352,33,46,51,17811,5804,591,239,9.821,24.285
1867,sigless_3e8f568e0c91,143,203,43,61,90,19691,5801,390,187,14.874,31.021
1641,sigless_34ff244a96af,201,348,34,49,47,17815,5798,584,236,9.928,24.568
1773,sigless_c64e2cbb19a8,207,345,36,46,43,17971,5797,589,244,9.842,23.758
1741,sigless_f5fe346d9a35,202,352,34,47,49,17712,5788,589,237,9.827,24.422
1836,sigless_a87e2136d0c6,208,357,35,47,49,17808,5786,601,244,9.627,23.713
1554,sigless_209ce932bb60,204,354,33,44,56,17600,5777,592,238,9.758,24.273
1259,sigless_9a92fa9691ee,179,306,39,55,54,18435,5772,525,219,10.994,26.356
1141,sigless_01688eb04678,209,367,33,46,42,17501,5765,610,243,9.451,23.724
2196,sigless_16e10df556ef,180,315,39,53,71,18560,5762,535,220,10.77,26.191
1056,sigless_729b3487592b,207,358,33,43,52,17459,5759,599,241,9.614,23.896
1225,sigless_3749d7489c7c,166,277,36,50,71,18344,5758,480,203,11.996,28.365
440,sigless_cd5d9fa4e585,174,286,38,51,65,18397,5757,499,213,11.537,27.028
1054,sigless_57f066ca292b,154,218,45,61,81,19610,5757,418,200,13.773,28.785
1892,sigless_1eae8c49db66,193,332,34,47,61,17995,5751,560,228,10.27,25.224
2201,sigless_aca3a29acba5,151,239,40,57,78,18922,5747,431,192,13.334,29.932
1501,sigless_298bba1a9323,186,312,36,52,43,17906,5740,535,223,10.729,25.74
852,sigless_cb63b0b71548,214,377,32,45,48,17508,5736,624,247,9.192,23.223
1297,sigless_6b2aa1ebbddb,190,329,31,44,63,17453,5735,551,222,10.408,25.833
320,sigless_c8cd12a4878a,255,446,22,26,54,16102,5723,724,278,7.905,20.586
1832,sigless_cf905c941b33,188,320,37,49,55,17934,5720,546,226,10.476,25.31
1830,sigless_bdf9e7753934,179,307,36,46,69,17940,5717,523,216,10.931,26.468
1314,sigless_541b25454164,185,317,37,51,45,17795,5713,540,223,10.58,25.619
1906,sigless_19cce34f874f,174,301,37,50,54,17826,5701,513,212,11.113,26.892
1749,sigless_18d527564a8f,186,312,38,50,47,17938,5697,537,225,10.609,25.32
955,sigless_a41dc6712994,127,187,47,67,69,19589,5692,362,175,15.724,32.526
1970,sigless_82663e62aa73,177,297,37,50,52,17925,5674,512,215,11.082,26.391
133,sigless_fd4042290ad8,163,282,37,51,63,18095,5670,483,201,11.739,28.209
170,sigless_20847e928c04,236,422,26,34,31,16333,5664,685,263,8.269,21.536
218,sigless_dc7f9a27fcc8,223,388,30,44,23,16834,5662,642,254,8.819,22.291
2014,sigless_ab267dcfcb70,216,377,31,40,45,16955,5660,625,248,9.056,22.823
824,sigless_a90e51b2affa,172,286,37,52,46,17799,5657,496,210,11.405,26.938
1808,sigless_132223c52b77,188,322,35,46,54,17668,5653,546,224,10.353,25.237
1461,sigless_56ad9ca1cec6,205,356,32,43,46,16998,5642,594,238,9.498,23.706
801,sigless_7cd5630c7413,224,392,28,37,46,16641,5641,645,253,8.746,22.296
1136,sigless_8827198af603,191,330,36,49,42,17513,5637,558,228,10.102,24.724
1815,sigless_b31c682b1ebf,190,332,32,45,58,17355,5636,555,223,10.155,25.274
285,sigless_81cfd70df0fb,208,363,30,38,40,16689,5634,602,239,9.359,23.573
962,sigless_372125604061,153,248,36,52,86,18415,5634,438,190,12.863,29.653
750,sigless_0fc37d2ec919,190,324,34,47,49,17543,5632,549,225,10.259,25.031
322,sigless_f96f9d5824bf,264,467,21,25,28,15533,5629,753,286,7.475,19.682
151,sigless_edb8d6d82d4d,226,381,28,40,35,16649,5623,636,255,8.841,22.051
1438,sigless_3333168fc1f9,127,186,40,57,95,18966,5612,354,168,15.853,33.405
800,sigless_a19f6af19ed5,225,394,30,40,42,16824,5611,650,256,8.632,21.918
136,sigless_ab5126bfa871,142,238,39,53,76,18392,5610,420,182,13.357,30.824
1138,sigless_b04a0ddeade1,205,359,31,43,45,17038,5610,596,237,9.413,23.671
1570,sigless_6e865a282c09,212,372,33,47,45,17268,5607,618,246,9.073,22.793
856,sigless_809d366ff6f0,200,344,32,41,56,17054,5605,577,233,9.714,24.056
1619,sigless_2b5922da1112,161,278,37,51,65,17912,5599,477,199,11.738,28.136
1945,sigless_d9259c3c6e64,162,282,38,52,66,17988,5596,483,201,11.586,27.841
1982,sigless_461831e0d7db,184,321,31,43,65,17240,5589,537,216,10.408,25.875
1234,sigless_49b37259eb8e,173,297,38,51,82,18177,5587,509,212,10.976,26.354
2151,sigless_65ef63aac0d3,119,198,42,61,86,19090,5579,360,162,15.497,34.438
1201,sigless_f53d28dda027,207,366,31,43,45,16869,5578,605,239,9.22,23.339
1880,sigless_15b04034a59c,206,356,34,44,42,17025,5564,597,241,9.32,23.087
970,sigless_feeebf637e95,179,312,36,51,41,17331,5563,528,216,10.536,25.755
918,sigless_6e0bd70568be,151,260,37,53,66,17780,5562,449,189,12.388,29.429
234,sigless_fc85f3ba4f9a,187,323,33,49,38,17114,5554,544,221,10.21,25.131
1649,sigless_ac1a3f90780a,187,330,32,45,54,17039,5541,550,220,10.075,25.186
1041,sigless_3578826f8c4c,193,335,33,44,47,16954,5534,562,227,9.847,24.379
1580,sigless_842997336ec6,209,358,33,39,51,16920,5528,601,243,9.198,22.749
817,sigless_b97ec4460458,179,311,33,46,61,17269,5526,524,213,10.546,25.944
328,sigless_3583392ac147,234,406,27,37,35,16252,5503,668,262,8.238,21.004
638,sigless_7f399efa2389,244,430,25,32,32,15657,5494,700,270,7.849,20.348
1212,sigless_f9991a98a4f9,158,271,38,53,52,17551,5494,468,197,11.739,27.888
838,sigless_32cbc94d1c33,195,343,31,42,55,16755,5493,570,227,9.637,24.198
1878,sigless_e8f38b9c25e7,148,248,38,52,64,17831,5491,435,187,12.623,29.364
1624,sigless_2714a082e217,204,362,32,44,54,16929,5490,599,237,9.165,23.165
22,sigless_8db8c1a0b4c8,216,383,26,34,38,15752,5483,626,243,8.759,22.564
1368,sigless_6ef711342e0d,135,219,41,56,65,18031,5481,396,177,13.841,30.966
764,sigless_10a2dda57446,193,339,32,46,38,16615,5476,565,226,9.692,24.23
1257,sigless_5202f99206f4,181,312,34,45,50,16940,5466,528,216,10.352,25.306
1159,sigless_d3a4262da07b,166,277,37,50,48,17601,5463,481,204,11.358,26.779
885,sigless_e784c3a84f5c,187,319,31,42,47,16657,5459,538,219,10.147,24.927
2097,sigless_a5a4f9d01d65,184,320,33,43,53,16894,5455,538,218,10.139,25.023
908,sigless_bda2c9fb514c,170,285,34,48,58,17299,5453,490,205,11.129,26.6
277,sigless_f619f86531c6,228,408,24,32,33,15598,5444,661,253,8.236,21.518
975,sigless_b03bf3bb9c5b,192,336,30,46,47,16666,5441,559,223,9.733,24.399
1567,sigless_30cd57d07a8b,136,213,37,53,83,17933,5436,387,174,14.047,31.241
1530,sigless_d498aace83e8,177,305,37,54,26,16941,5435,520,215,10.452,25.279
1979,sigless_66993dcacde0,176,307,34,49,46,16988,5432,518,211,10.486,25.744
236,sigless_e64a49e06b0f,195,335,32,42,42,16548,5430,563,228,9.645,23.816
95,sigless_47394a146108,195,317,35,43,26,16587,5421,548,231,9.892,23.468
1679,sigless_3256c48c303a,190,330,31,42,47,16408,5420,552,222,9.819,24.414
1104,sigless_c4f8a1d2a501,167,291,34,46,63,17165,5413,493,202,10.98,26.797
888,sigless_cb8b7f216fae,188,330,31,41,66,16688,5400,550,220,9.818,24.545
756,sigless_5a41046b670d,174,296,34,47,51,16934,5395,505,209,10.683,25.813
1993,sigless_ab44624f23c7,161,272,37,52,39,17192,5390,471,199,11.444,27.085
19,sigless_bbb48f871d84,158,265,35,48,52,17035,5387,459,194,11.736,27.768
219,sigless_459decc7079c,216,367,26,37,29,15648,5369,610,243,8.802,22.095
1940,sigless_a9ba8fd30136,184,325,34,46,36,16475,5353,544,219,9.84,24.443
785,sigless_93282e33b0cb,122,198,40,60,60,17951,5351,361,163,14.823,32.828
1688,sigless_3fc954b04793,149,245,36,50,67,17189,5350,431,186,12.413,28.763
1967,sigless_e03350a2c23d,198,344,30,41,40,16041,5349,573,229,9.335,23.358
2105,sigless_6dc5ffbd5c63,187,325,31,45,38,16227,5348,544,219,9.831,24.42
616,sigless_5043cbca8e30,168,282,35,49,44,16908,5347,486,204,11.002,26.211
820,sigless_20825bbef465,177,293,37,47,51,16907,5342,508,215,10.516,24.847
968,sigless_274ed84d9e19,133,229,36,50,77,17238,5330,399,170,13.358,31.353
171,sigless_43a8f5093484,214,376,27,36,41,15742,5327,618,242,8.62,22.012
2125,sigless_5048df068f10,136,205,37,54,80,17737,5325,379,174,14.05,30.603
1311,sigless_be338ce17515,148,250,39,54,49,17387,5321,438,188,12.148,28.303
211,sigless_22521759a0d7,243,427,20,22,41,14951,5319,691,264,7.698,20.148
1926,sigless_54117927bfc4,203,349,30,40,38,16097,5311,583,234,9.11,22.697
935,sigless_35f4f0ac8f50,171,293,34,47,48,16732,5308,499,206,10.637,25.767
1163,sigless_222ade458902,150,249,35,49,59,16995,5307,435,186,12.2,28.532
811,sigless_28be1b99f998,173,299,34,45,49,16510,5300,507,208,10.454,25.481
1929,sigless_f19a1cde385c,177,291,32,45,48,16583,5290,501,210,10.559,25.19
432,sigless_15d4ae2f8443,206,359,26,34,46,15491,5289,592,233,8.934,22.7
1827,sigless_7865e1f554ea,171,293,35,49,45,16826,5288,500,207,10.576,25.546
1422,sigless_ee1129b4ae1a,157,255,35,49,58,16963,5284,448,193,11.795,27.378
705,sigless_f65e0d707580,159,271,35,46,61,16880,5283,466,195,11.337,27.092
660,sigless_c6c0e58fb84c,152,251,40,52,48,17327,5282,444,193,11.896,27.368
1401,sigless_bde09b4fe716,125,209,38,52,71,17357,5275,373,164,14.142,32.165
717,sigless_087b986d85c0,207,359,29,37,35,15904,5269,596,237,8.841,22.232
1521,sigless_6dfdaa80a5a8,173,300,32,45,50,16326,5268,506,206,10.411,25.573
1450,sigless_7e986e1787e9,156,264,35,48,37,16514,5263,456,192,11.542,27.411
829,sigless_13a7dd8b9754,165,279,33,43,55,16443,5252,478,199,10.987,26.392
990,sigless_499ab3dbed90,183,316,30,40,55,16223,5246,530,214,9.898,24.514
961,sigless_5d2136f6a2be,170,297,33,44,50,16336,5240,501,204,10.459,25.686
1374,sigless_a99888b4928f,203,354,29,38,33,15663,5238,587,233,8.923,22.481
724,sigless_6188f7cf59a7,176,299,33,43,46,16355,5235,509,210,10.285,24.929
1858,sigless_1d1f38ae7b67,191,324,31,40,35,15726,5235,547,223,9.57,23.475
421,sigless_52e96517f527,215,380,24,30,33,14924,5223,620,240,8.424,21.762
1902,sigless_c166d0b52338,172,297,32,44,41,16003,5220,502,205,10.398,25.463
1198,sigless_47e49aa64ea2,180,308,30,41,37,15877,5209,519,211,10.037,24.687
1030,sigless_0a90c0418a4f,204,363,29,40,43,15661,5208,597,234,8.724,22.256
1745,sigless_14bcaf210a9e,171,295,30,39,59,16108,5203,497,202,10.469,25.757
1612,sigless_d67b16af9672,178,309,33,46,43,16319,5201,521,212,9.983,24.533
744,sigless_5540ab714120,206,359,26,34,37,15147,5196,592,233,8.777,22.3
1557,sigless_e06ff95ae407,201,354,29,39,35,15595,5196,585,231,8.882,22.494
1883,sigless_911e30440884,167,281,32,46,43,16261,5195,481,200,10.8,25.975
1042,sigless_6ff0c53c4f49,176,306,29,39,53,15770,5194,512,206,10.145,25.214
1184,sigless_013d51913266,183,316,29,41,52,15928,5192,529,213,9.815,24.376
1818,sigless_ccee7dc4b33d,164,283,34,48,42,16331,5189,482,199,10.766,26.075
4,sigless_10d9b76c0dde,209,372,25,37,23,15060,5187,607,235,8.545,22.072
2184,sigless_2702567b685b,198,347,29,41,34,15611,5186,575,228,9.019,22.746
1476,sigless_a876077e86b4,128,197,36,50,77,17090,5185,362,165,14.323,31.424
1241,sigless_f02d857ebcf1,156,265,34,46,53,16520,5182,456,191,11.364,27.131
424,sigless_ea406018c864,129,196,34,47,88,17130,5178,360,164,14.383,31.573
1611,sigless_f0f9ae5b061d,177,300,31,43,50,16170,5175,509,209,10.167,24.761
1579,sigless_1738d828c452,144,217,34,49,70,16778,5173,396,179,13.063,28.899
807,sigless_a1c2066f0eb8,160,278,31,42,62,16109,5148,470,192,10.953,26.812
1001,sigless_675d26c571a9,168,290,32,44,50,16066,5148,491,201,10.485,25.612
200,sigless_54c0d3ca981f,159,262,31,46,48,16140,5145,453,191,11.358,26.937
1512,sigless_5249960ce9fb,160,275,32,43,65,16289,5138,468,193,10.979,26.622
623,sigless_bd92f6caf6a1,145,233,37,50,58,16725,5129,416,183,12.329,28.027
1740,sigless_f049cbdfccb8,151,255,33,45,54,16127,5128,440,185,11.655,27.719
849,sigless_f8b503ca2a6e,178,314,30,43,37,15598,5121,523,209,9.792,24.502
1516,sigless_5a513654f328,186,327,30,42,45,15785,5121,544,217,9.414,23.599
1256,sigless_81299d9a7119,164,286,34,46,33,15735,5112,485,199,10.54,25.688
2053,sigless_fd9eb464405c,172,295,31,42,44,15796,5112,499,204,10.244,25.059
906,sigless_6f42d827832d,133,212,35,50,73,16844,5109,381,169,13.409,30.231
1932,sigless_6eb97f7722d4,176,292,33,42,38,15856,5109,502,210,10.177,24.329
765,sigless_5f0732a851d6,160,274,33,45,43,16000,5096,468,194,10.889,26.268
100,sigless_32c65c037f11,257,447,18,22,17,13817,5091,723,276,7.041,18.446
826,sigless_544bd683a981,173,293,31,44,38,15654,5091,498,205,10.223,24.834
836,sigless_822d0f620f78,124,195,39,52,67,17006,5087,359,164,14.17,31.018
1495,sigless_b744b284ec93,165,280,33,44,49,16036,5085,479,199,10.616,25.553
815,sigless_924bf0459d7f,130,211,35,46,74,16697,5082,377,166,13.48,30.614
419,sigless_94ca04b10b25,216,384,22,27,30,14372,5075,623,239,8.146,21.234
1160,sigless_e4c04619ac60,168,292,32,44,45,15811,5074,493,201,10.292,25.244
2047,sigless_6d8c4ba351c5,153,257,34,47,67,16448,5073,445,188,11.4,26.984
1606,sigless_2a2506fe6e54,183,316,30,41,44,15589,5064,530,214,9.555,23.664
763,sigless_3cfd5b8ccf52,166,283,30,41,61,15824,5045,480,197,10.51,25.609
317,sigless_1b3267e7dd3f,208,364,24,33,28,14487,5044,597,233,8.449,21.648
1503,sigless_1f61e3fb66d0,123,190,35,50,76,16711,5040,349,159,14.441,31.698
1397,sigless_b6b6f07b0ff9,126,192,33,46,78,16308,5032,352,160,14.295,31.45
1552,sigless_788de340e1f0,139,219,35,49,59,16375,5032,394,175,12.772,28.754
1623,sigless_68ff94b07210,180,305,31,41,39,15488,5028,517,212,9.725,23.717
2133,sigless_ac84614ef349,161,275,32,44,46,15769,5008,469,194,10.678,25.814
823,sigless_cb59ce61f351,151,253,36,48,38,16047,5007,441,188,11.354,26.633
1244,sigless_e958b53a2ef2,130,209,36,49,60,16287,5004,376,167,13.309,29.964
2041,sigless_58b3964be7ff,168,289,32,44,42,15658,5003,490,201,10.21,24.891
792,sigless_7eb76cb48195,144,246,33,44,61,15978,4992,424,178,11.774,28.045
2178,sigless_f139c80b6731,168,294,34,45,42,15869,4990,497,203,10.04,24.581
2037,sigless_da005ad69cdb,149,246,33,48,54,16025,4988,429,183,11.627,27.257
1841,sigless_b422f07d1341,88,143,38,55,82,17109,4985,270,127,18.463,39.252
1537,sigless_857807765dcc,170,293,29,40,48,15293,4979,493,200,10.099,24.895
1795,sigless_d8a2b302b452,109,172,38,56,67,16837,4979,320,148,15.559,33.642
1093,sigless_8d0cf57a5b8f,166,288,29,43,45,15268,4976,484,196,10.281,25.388
1613,sigless_d6a577acccac,154,261,33,45,44,15749,4972,449,188,11.073,26.447
11,sigless_879ec6aad5ee,146,236,31,43,63,15804,4964,414,178,11.99,27.888
1660,sigless_c9ae64937e34,147,254,31,44,58,15740,4961,433,179,11.457,27.715
1589,sigless_51de9c248228,120,206,36,49,86,16828,4957,363,157,13.656,31.573
24,sigless_926705983961,189,332,25,31,33,14313,4950,547,215,9.049,23.023
1566,sigless_03902106df36,152,262,34,48,45,15880,4950,449,187,11.024,26.471
1305,sigless_094558489992,156,271,31,42,49,15488,4949,459,188,10.782,26.324
1903,sigless_8e1049d01b61,178,312,29,40,42,15178,4944,520,208,9.508,23.769
1574,sigless_a24574f2a414,172,304,29,38,57,15279,4943,506,202,9.769,24.47
683,sigless_bdb84057030a,190,330,28,39,31,14872,4941,549,219,9.0,22.562
1912,sigless_7b900dcd8165,164,279,31,43,41,15415,4933,475,196,10.385,25.168
148,sigless_8bfecffb16b4,167,270,31,43,67,15780,4923,469,199,10.497,24.739
1439,sigless_3f8cd1073058,166,280,30,43,37,15260,4920,477,197,10.314,24.975
1535,sigless_5573d9b29949,165,284,29,38,60,15352,4920,479,195,10.271,25.231
1935,sigless_8c9317753e4a,138,225,35,47,48,15838,4919,399,174,12.328,28.27
1310,sigless_f9e266ef9d1b,198,353,25,32,53,14704,4914,577,224,8.516,21.938
1465,sigless_66571e00a72e,172,299,30,39,42,15029,4904,502,203,9.769,24.158
1488,sigless_1ff709cca1fb,157,262,29,40,58,15354,4904,449,187,10.922,26.225
279,sigless_76a58165ee49,194,342,24,30,32,14213,4900,561,219,8.734,22.374
1553,sigless_9dff560cf485,173,297,30,40,36,15019,4900,501,204,9.78,24.02
1277,sigless_fa602a669319,192,339,26,35,40,14569,4874,558,219,8.735,22.256
704,sigless_b87f4cae4ada,176,306,29,41,37,14951,4873,512,206,9.518,23.655
614,sigless_e363d29f3912,149,255,33,45,41,15401,4872,438,183,11.123,26.623
83,sigless_6275effff129,145,244,30,43,46,15181,4868,420,176,11.59,27.659
1969,sigless_8299a25e8f8d,153,258,31,41,52,15203,4868,443,185,10.989,26.314
313,sigless_33a109360df0,143,240,29,42,50,15141,4857,413,173,11.76,28.075
1725,sigless_89bf8b70d5c3,182,313,26,34,54,14771,4857,522,209,9.305,23.239
1661,sigless_5fa6189c27e2,169,292,29,39,46,15063,4853,491,199,9.884,24.387
1915,sigless_4b8ae6c364f9,160,273,31,44,38,15171,4838,465,192,10.404,25.198
146,sigless_4dd10ea5ec52,123,204,31,44,69,15569,4835,359,155,13.468,31.194
872,sigless_b3f1f6302d8f,149,255,31,42,55,15356,4831,436,181,11.08,26.691
2002,sigless_c3c3dace837a,172,300,27,35,46,14631,4827,500,200,9.654,24.135
1964,sigless_7fa93e50f39f,169,295,29,38,58,15021,4821,494,199,9.759,24.226
1410,sigless_0a21b1e07fe1,162,282,29,39,43,14730,4813,474,192,10.154,25.068
1078,sigless_da6cca059038,175,300,27,37,33,14507,4805,503,203,9.553,23.67
1306,sigless_e6853588926e,147,248,31,44,40,15112,4802,427,179,11.246,26.827
1493,sigless_ed22a4fc6ffe,138,236,32,47,48,15285,4802,407,171,11.799,28.082
1360,sigless_bdc3fe7a76fa,114,188,34,46,72,15974,4799,337,149,14.24,32.208
1131,sigless_2372aebbb538,126,206,32,45,64,15624,4793,365,159,13.132,30.145
1631,sigless_5ae15bd5c009,160,268,32,40,40,15021,4793,461,193,10.397,24.834
877,sigless_8dcc4e3745f9,173,298,27,36,46,14656,4791,499,201,9.601,23.836
7,sigless_ea1302dcd9a4,186,326,24,36,24,14104,4789,537,211,8.918,22.697
495,sigless_b400d652b067,141,237,32,44,48,15248,4784,411,174,11.64,27.494
1489,sigless_6fcf524a06e1,163,281,29,41,43,14886,4783,474,193,10.091,24.782
1792,sigless_24e61cb866eb,158,270,30,40,44,14765,4780,459,189,10.414,25.291
1644,sigless_a85b5ba792cf,148,254,32,44,47,15216,4778,435,181,10.984,26.398
1701,sigless_bc6250a45aaa,156,266,31,42,42,15029,4778,454,188,10.524,25.415
2123,sigless_1927f708f601,178,306,28,35,39,14368,4776,513,207,9.31,23.072
1868,sigless_7a4464860259,141,234,33,47,38,15296,4774,409,175,11.672,27.28
1594,sigless_75ebf1d3f72e,176,309,28,36,37,14463,4767,514,205,9.274,23.254
105,sigless_62a0336b3763,154,258,29,41,38,14640,4766,442,184,10.783,25.902
636,sigless_29c0300b3024,175,298,28,35,34,14447,4766,502,204,9.494,23.363
978,sigless_d446aa3002be,161,277,29,40,43,14820,4757,468,191,10.165,24.906
2198,sigless_4f28fef57301,163,290,29,40,45,14731,4752,483,193,9.839,24.622
204,sigless_d5dbeee30dd7,199,353,21,29,28,13591,4749,574,221,8.274,21.489
1665,sigless_9ed9155a78b1,192,338,24,32,38,13981,4749,555,217,8.557,21.885
1874,sigless_e5b673ececc2,165,283,27,36,58,14729,4749,476,193,9.977,24.606
1756,sigless_512c37b17567,159,277,30,41,44,14816,4745,467,190,10.161,24.974
1436,sigless_b31a63e0778a,116,200,30,43,74,15361,4742,347,147,13.666,32.259
99,sigless_0a07056204e8,211,360,21,28,22,13447,4737,593,233,7.988,20.33
1308,sigless_d83f819cda4a,151,259,30,41,50,14933,4737,441,182,10.741,26.027
1447,sigless_3af6f6ae5576,176,294,28,37,45,14571,4736,499,205,9.491,23.102
168,sigless_04294683dccb,138,224,31,42,59,15219,4729,394,170,12.003,27.818
916,sigless_2710fcb10572,156,267,31,44,31,14717,4722,455,188,10.378,25.117
139,sigless_5b084bc217a7,176,294,26,33,33,14045,4719,497,203,9.495,23.246
238,sigless_c45cfc4290f2,153,258,29,39,39,14590,4718,441,183,10.698,25.781
1231,sigless_c18317cdc24d,142,243,31,43,44,14853,4718,417,174,11.314,27.115
1634,sigless_256b13a91498,151,262,29,39,48,14698,4718,443,181,10.65,26.066
280,sigless_b33d2de9af80,185,309,26,32,34,14122,4715,521,212,9.05,22.241
1702,sigless_5df5e3704dc8,171,295,28,36,41,14275,4713,495,200,9.521,23.565
667,sigless_e813ba19b995,151,264,31,42,53,15055,4710,447,183,10.537,25.738
72,sigless_d904dfa4a770,221,392,18,22,26,13021,4708,632,240,7.449,19.617
1073,sigless_edbe9275807e,157,272,27,35,44,14293,4705,457,185,10.295,25.432
463,sigless_ba140024cadf,189,326,23,31,25,13511,4702,539,213,8.724,22.075
451,sigless_fba6296cd5fa,163,280,27,38,30,14275,4701,471,191,9.981,24.613
1648,sigless_ed7256f89583,122,182,37,48,68,15958,4700,342,160,13.743,29.375
1028,sigless_3d7b12a8c80c,148,249,30,42,36,14737,4699,428,179,10.979,26.251
1151,sigless_21f8633750c2,118,182,33,47,59,15333,4693,334,152,14.051,30.875
183,sigless_89f17c985506,238,420,14,14,22,12311,4692,673,253,6.972,18.545
896,sigless_97dcfe9fe4f5,157,272,30,42,36,14673,4689,460,188,10.193,24.941
1772,sigless_e89690e10b9e,141,242,29,41,54,14784,4681,413,171,11.334,27.374
670,sigless_1451b43b5687,179,303,27,34,30,13956,4673,510,207,9.163,22.575
873,sigless_2ab4f8ec4867,151,262,27,38,51,14466,4672,441,179,10.594,26.101
1348,sigless_f939906b6264,133,217,33,44,67,15372,4669,384,167,12.159,27.958
950,sigless_cefec9f42b63,84,136,35,49,83,16055,4668,256,120,18.234,38.9
1116,sigless_fb1b1896379a,145,250,31,44,39,14801,4666,427,177,10.927,26.362
470,sigless_335d5ceec1af,138,220,31,40,51,14628,4662,390,170,11.954,27.424
2177,sigless_ea5aed26d55f,155,264,30,42,35,14555,4660,450,186,10.356,25.054
694,sigless_107bd3b1be91,156,269,29,41,35,14346,4659,455,186,10.24,25.048
923,sigless_bcaaa62ab040,153,268,29,40,43,14519,4659,451,183,10.33,25.459
1483,sigless_e44569e2bb33,166,280,28,37,46,14425,4655,475,195,9.8,23.872
1200,sigless_b36d359a3908,119,193,34,46,49,15249,4652,347,154,13.406,30.208
897,sigless_54c0916b4d43,138,240,29,41,55,14622,4647,408,168,11.39,27.661
1607,sigless_581d3f725aba,168,290,27,36,41,14169,4643,486,196,9.553,23.689
1816,sigless_a247e5f7ba82,157,281,28,36,54,14326,4641,467,186,9.938,24.952
1577,sigless_f6be37e7f4d2,150,254,29,38,47,14391,4639,434,180,10.689,25.772
147,sigless_df68c8f73970,142,223,29,39,66,14934,4637,395,172,11.739,26.959
1211,sigless_2e3cad641e0e,132,222,30,41,53,14594,4635,385,163,12.039,28.436
140,sigless_29b121682ef4,180,316,23,29,31,13454,4634,520,204,8.912,22.716
737,sigless_0606f6ab3fc9,159,268,28,38,37,14249,4630,456,188,10.154,24.628
943,sigless_7b75eb3c24d3,157,274,29,41,33,14326,4629,461,187,10.041,24.754
1748,sigless_09eaaf842766,154,264,30,39,35,14525,4627,449,185,10.305,25.011
329,sigless_0dc17d9531b9,133,222,30,42,46,14724,4625,386,164,11.982,28.201
987,sigless_c15e5860f3e3,164,287,26,38,41,14031,4622,478,191,9.669,24.199
934,sigless_ffb62c1d43f8,179,314,25,34,36,13813,4615,519,205,8.892,22.512
1718,sigless_c533ec05295f,162,277,26,35,41,13946,4613,466,189,9.899,24.407
1511,sigless_52260deec95d,122,180,32,46,65,15283,4612,335,155,13.767,29.755
1236,sigless_034d12711495,131,220,32,45,43,14766,4606,384,164,11.995,28.085
1973,sigless_c5fe1b2b12ae,103,157,33,46,78,15417,4590,294,137,15.612,33.504
2174,sigless_117c280adc2b,139,234,30,42,32,14156,4588,404,170,11.356,26.988
1609,sigless_682c5301dfb2,123,211,33,45,50,14875,4584,368,157,12.457,29.197
188,sigless_ed9917e10d10,192,328,24,31,18,13357,4579,545,217,8.402,21.101
312,sigless_ab72994d99c0,192,341,20,26,27,12956,4579,554,213,8.265,21.498
45,sigless_8773153d592b,179,315,22,29,35,13243,4578,517,202,8.855,22.663
992,sigless_840847bedc74,126,199,32,45,54,14905,4566,358,159,12.754,28.717
267,sigless_c18b49d9ac27,176,310,23,35,25,13497,4562,510,200,8.945,22.81
1782,sigless_604312285628,127,198,31,41,71,14972,4562,357,159,12.779,28.692
1420,sigless_9fd7ba0b6a14,118,180,34,46,58,15150,4556,333,153,13.682,29.778
1711,sigless_c19da1bf8ba9,123,205,31,41,53,14559,4544,360,155,12.622,29.316
1157,sigless_b8c495a54b8d,113,168,32,44,82,15306,4541,314,146,14.462,31.103
1260,sigless_340a13c771ac,128,215,32,45,50,14830,4533,376,161,12.056,28.155
268,sigless_edd7ed243c48,212,373,19,24,26,12836,4529,605,232,7.486,19.522
62,sigless_77083497f4ca,196,354,18,22,28,12606,4527,569,215,7.956,21.056
631,sigless_c25abcd9a325,134,232,28,38,58,14222,4520,395,163,11.443,27.73
1433,sigless_25aaddbffecb,151,258,29,38,35,14171,4520,439,181,10.296,24.972
1186,sigless_f5be1db1b2d3,137,236,29,39,47,14146,4519,403,167,11.213,27.06
1470,sigless_46362f9b28ab,143,245,27,37,51,14086,4518,416,171,10.861,26.421
411,sigless_b0a7da6a0031,125,210,30,42,50,14505,4516,366,156,12.339,28.949
1689,sigless_477efaa63dcd,149,258,28,40,33,13883,4516,436,178,10.358,25.371
1233,sigless_4fd2c2dce87b,110,181,32,45,63,14952,4515,324,143,13.935,31.573
33,sigless_6803a8f121bc,135,207,31,43,63,14783,4506,374,167,12.048,26.982
1865,sigless_fe5d5e599027,151,258,30,39,47,14374,4497,440,182,10.22,24.709
1523,sigless_0abb67cfe7c6,135,230,30,40,51,14360,4495,396,166,11.351,27.078
759,sigless_f46441c34948,150,256,26,35,44,13781,4481,433,177,10.349,25.316
1490,sigless_0026465806c5,156,268,27,38,36,13866,4480,452,184,9.912,24.348
1620,sigless_4398c6e43900,139,236,29,40,45,14135,4477,405,169,11.054,26.491
112,sigless_7b5341499e11,146,249,27,40,29,13588,4476,423,174,10.582,25.724
1237,sigless_0d23ec54c1ec,105,151,35,45,71,15272,4474,292,141,15.322,31.73
980,sigless_db9ec1da30c5,177,309,25,37,24,13415,4471,512,203,8.732,22.025
655,sigless_1f21dd7f4660,132,227,28,40,48,14109,4466,388,161,11.51,27.739
1121,sigless_7eac1299b4f2,163,280,25,35,38,13588,4466,469,189,9.522,23.63
1582,sigless_1e251ce71395,150,253,28,38,41,13963,4464,432,179,10.333,24.939
1541,sigless_f51cc296f78e,115,194,29,43,61,14399,4458,339,145,13.15,30.745
1363,sigless_64755b013416,137,224,31,40,44,14215,4449,393,169,11.321,26.325
818,sigless_7d311535d8c7,144,249,29,40,37,13912,4447,423,174,10.513,25.557
1403,sigless_85a267e95106,172,301,25,34,36,13503,4446,499,198,8.91,22.455
1223,sigless_35088d24eba1,128,220,30,43,43,14065,4443,379,159,11.723,27.943
1626,sigless_2142f365337d,153,259,28,38,37,13908,4441,441,182,10.07,24.401
1610,sigless_9313e4e9cd9b,102,149,33,45,64,14767,4431,285,136,15.547,32.581
749,sigless_604fc9c7847c,133,222,31,42,43,14284,4430,387,165,11.447,26.848
942,sigless_295c3b28ab2c,107,183,32,45,69,14853,4429,323,140,13.712,31.636
738,sigless_2bb7268a4c7c,160,279,26,36,36,13645,4423,466,187,9.491,23.652
1288,sigless_05a50bce6c73,138,243,29,41,49,14029,4410,411,168,10.73,26.25
1459,sigless_27aae58a6ebd,186,329,21,27,37,12804,4406,537,208,8.205,21.183
609,sigless_732a7dce1806,170,295,23,31,26,12899,4398,489,194,8.994,22.67
1032,sigless_08b4932c76ef,167,292,24,32,31,13035,4398,484,192,9.087,22.906
1840,sigless_b8882547725b,163,281,26,33,32,13373,4392,471,190,9.325,23.116
78,sigless_585c4d792fa7,178,296,23,32,23,13056,4389,498,202,8.813,21.728
1546,sigless_7da06c701a11,166,289,27,39,25,13511,4375,483,194,9.058,22.552
2077,sigless_14b4b0c8e73b,141,241,26,35,48,13549,4375,409,168,10.697,26.042
1209,sigless_0695f7991b9b,159,275,26,35,33,13300,4370,461,186,9.479,23.495
1785,sigless_3dfef6dee448,143,244,26,34,35,13297,4367,414,170,10.548,25.688
665,sigless_eec91ad630a3,146,248,27,35,50,13733,4365,422,174,10.344,25.086
1730,sigless_374e9dbb1380,88,142,35,50,50,14636,4361,266,124,16.395,35.169
963,sigless_ca26472b8fbe,147,245,24,32,55,13422,4359,417,172,10.453,25.343
1678,sigless_fc41f71e4a69,163,280,24,31,39,13161,4359,468,188,9.314,23.186
1895,sigless_776bbbd98f1d,134,228,29,41,40,13810,4357,392,164,11.115,26.567
731,sigless_0b453c085c65,142,243,26,36,46,13516,4349,412,169,10.556,25.734
1664,sigless_bbbcf84d0e08,183,325,21,26,40,12651,4348,530,205,8.204,21.21
1834,sigless_3334acd40805,142,240,28,39,33,13504,4348,411,171,10.579,25.427
8,sigless_49cc43525b6c,128,217,29,40,44,13893,4346,375,158,11.589,27.506
808,sigless_38d9d69d539c,113,181,33,44,60,14633,4345,328,147,13.247,29.558
933,sigless_3dc377c078c5,146,253,26,36,42,13425,4341,426,173,10.19,25.092
1000,sigless_399d3d67edf9,155,264,26,35,34,13268,4339,446,182,9.729,23.841
1802,sigless_b1a4463fa322,179,308,24,30,33,13042,4339,512,204,8.475,21.27
2144,sigless_9887d7c81f2b,186,321,24,29,25,12814,4334,532,211,8.147,20.54
833,sigless_225e7bab061d,124,195,29,41,59,14135,4332,349,154,12.413,28.13
1387,sigless_1e956b404b93,133,217,28,39,50,13809,4328,379,162,11.42,26.716
1822,sigless_2eff638e1d17,126,210,30,42,34,13836,4322,367,157,11.777,27.529
123,sigless_2e526981de9c,126,213,29,40,44,13812,4318,369,156,11.702,27.679
307,sigless_4b50e8ec567a,137,225,26,36,38,13418,4315,389,164,11.093,26.311
1324,sigless_e4238d659135,156,271,23,32,39,12847,4313,451,180,9.563,23.961
1100,sigless_86d3999b819b,139,239,27,38,40,13457,4305,406,167,10.603,25.778
1113,sigless_2e52f7ff3934,151,263,28,36,40,13482,4301,443,180,9.709,23.894
10,sigless_af590f28bf51,116,193,30,42,46,13935,4300,340,147,12.647,29.252
217,sigless_179318026249,224,390,15,16,18,11540,4300,630,240,6.825,17.917
1960,sigless_7613c1af10b7,126,215,30,40,44,13744,4295,372,157,11.546,27.357
474,sigless_e56a39382973,139,239,28,37,44,13458,4294,407,168,10.55,25.56
1820,sigless_978e6e0fc30a,159,283,26,35,33,13095,4291,469,186,9.149,23.07
1833,sigless_be5ae150746e,143,244,27,38,29,13254,4290,415,171,10.337,25.088
711,sigless_0cbebecf7ac8,137,236,26,35,46,13314,4282,400,164,10.705,26.11
1149,sigless_40c47a765b04,130,223,29,39,48,13692,4282,383,160,11.18,26.762
271,sigless_993ba73baa27,125,212,29,41,43,13730,4281,367,155,11.665,27.619
891,sigless_ab2df995e566,143,247,27,36,37,13314,4273,418,171,10.222,24.988
1691,sigless_9d2c3e832681,146,251,26,35,42,13282,4271,424,173,10.073,24.688
1742,sigless_9d959dfa0c13,133,231,26,38,46,13401,4271,391,160,10.923,26.694
973,sigless_1209c38c04a4,158,274,25,34,35,13090,4266,458,184,9.314,23.185
1044,sigless_8da606e3075e,136,232,26,36,42,13207,4266,395,163,10.8,26.172
2016,sigless_c6b6462d4767,122,197,29,40,48,13751,4265,349,152,12.221,28.059
1646,sigless_325295da91cf,127,199,28,40,46,13639,4256,355,156,11.989,27.282
2060,sigless_950a461eb480,93,140,32,45,66,14446,4254,266,126,15.992,33.762
1460,sigless_35bd6e60af40,139,236,27,36,40,13308,4249,403,167,10.543,25.443
75,sigless_5761828e1d48,130,213,26,36,39,13205,4245,370,157,11.473,27.038
1599,sigless_9fb84135ed20,128,205,28,40,40,13418,4237,362,157,11.704,26.987
196,sigless_a95675800736,160,278,22,29,31,12510,4236,461,183,9.189,23.148
1173,sigless_bec3d20db018,157,278,25,33,38,12817,4235,461,183,9.187,23.142
867,sigless_e82e29132a38,126,213,28,39,40,13403,4232,368,155,11.5,27.303
31,sigless_ade00826fd57,100,157,31,44,48,13918,4229,289,132,14.633,32.038
924,sigless_f80271b50fdf,140,240,26,38,37,13161,4228,407,167,10.388,25.317
1572,sigless_07dd80fcc8e7,174,302,22,29,25,12393,4228,499,197,8.473,21.462
96,sigless_ea63fb8c0797,184,328,18,25,20,11903,4226,531,203,7.959,20.818
416,sigless_dfc03b6791ce,113,187,29,40,45,13546,4217,330,143,12.779,29.49
957,sigless_696808df1978,139,239,27,38,30,12979,4217,406,167,10.387,25.251
1350,sigless_cb01fbe87bc4,144,241,28,36,38,13253,4216,414,173,10.184,24.37
1531,sigless_e2e1bd8444c2,142,243,26,36,32,12846,4215,412,169,10.231,24.941
1948,sigless_72883f187054,94,143,32,45,62,14256,4207,270,127,15.581,33.126
668,sigless_f1a8dac275a9,93,136,33,45,64,14336,4205,263,127,15.989,33.11
692,sigless_24572241d287,133,229,29,41,31,13345,4197,392,163,10.707,25.748
300,sigless_3c89c552fd60,168,290,20,25,29,12061,4183,479,189,8.733,22.132
909,sigless_4cf6a2bc0974,119,193,30,40,41,13442,4182,343,150,12.192,27.88
135,sigless_7ceba7eab1b6,178,319,18,24,24,11863,4180,516,197,8.101,21.218
1047,sigless_fbfcf8fb856b,134,226,26,34,46,12966,4173,387,161,10.783,25.919
1353,sigless_cc092971b507,112,179,30,42,44,13512,4161,322,143,12.922,29.098
1443,sigless_02daf7a48b82,141,242,26,37,45,13084,4159,410,168,10.144,24.756
1538,sigless_d0e3d86c264d,137,227,26,37,30,12952,4157,391,164,10.632,25.348
1762,sigless_23c09a2df20b,129,215,28,39,32,13125,4155,373,158,11.139,26.297
752,sigless_a72f93fa1ad3,130,225,27,37,40,13082,4151,383,158,10.838,26.272
1492,sigless_808d6c1c9b6a,124,210,27,36,45,13235,4146,362,152,11.453,27.276
1898,sigless_57027513bb38,129,220,26,35,44,12952,4145,376,156,11.024,26.571
1328,sigless_f60ae09084ad,107,154,32,44,60,14143,4142,294,140,14.088,29.586
1017,sigless_a6082e178c44,119,202,27,37,46,13044,4140,349,147,11.862,28.163
1650,sigless_121875db1e91,133,223,27,38,31,12960,4134,384,161,10.766,25.677
972,sigless_fa302886fd8c,150,259,24,33,36,12711,4133,434,175,9.523,23.617
1952,sigless_4fe8295c8da1,148,249,27,36,23,12799,4128,425,176,9.713,23.455
2138,sigless_4067fec7cb67,141,243,25,34,34,12606,4127,410,167,10.066,24.713
1013,sigless_365bd727170b,156,274,23,31,31,12398,4125,454,180,9.086,22.917
1298,sigless_53699360ee35,136,231,25,34,33,12558,4121,393,162,10.486,25.438
974,sigless_c60167bc8ff6,119,189,28,40,44,13255,4115,337,148,12.211,27.804
1705,sigless_e734b1af48b3,138,237,24,31,42,12579,4113,400,163,10.283,25.233
1555,sigless_cbfe7a20b129,119,205,25,35,50,12882,4111,350,145,11.746,28.352
813,sigless_b03a8afc1094,98,147,34,45,50,13998,4110,280,133,14.679,30.902
893,sigless_b0c29e95da1b,103,153,31,42,56,13759,4107,288,135,14.26,30.422
290,sigless_46f144c68c36,145,245,25,34,31,12723,4104,416,171,9.865,24.0
778,sigless_ce22430ff5d6,147,246,26,34,35,12738,4104,420,174,9.771,23.586
899,sigless_ed327194c61b,126,214,27,36,42,12974,4102,368,154,11.147,26.636
281,sigless_c108d5749043,146,245,25,33,31,12595,4089,417,172,9.806,23.773
2113,sigless_2506f74a7a44,135,230,26,35,36,12732,4078,392,162,10.403,25.173
2024,sigless_771620b826b2,130,221,26,34,37,12645,4074,378,157,10.778,25.949
1045,sigless_275bc66fb430,150,255,23,31,31,12342,4069,429,174,9.485,23.385
1682,sigless_d76e84a7e42c,149,259,24,33,36,12515,4067,433,174,9.393,23.374
2078,sigless_f5e50d25f5af,114,195,26,36,54,12972,4061,336,141,12.086,28.801
1990,sigless_c2b3687c14d6,138,240,25,35,37,12496,4057,404,164,10.042,24.738
1463,sigless_4f6d18d2a3d3,117,196,28,40,39,13079,4048,342,146,11.836,27.726
1547,sigless_091d86acd191,120,198,30,40,29,12972,4035,349,151,11.562,26.722
1851,sigless_2b716e05b902,151,263,24,33,30,12357,4034,439,176,9.189,22.92
1694,sigless_05ec5238cb97,131,225,25,35,34,12395,4027,382,157,10.542,25.65
1899,sigless_02d51070f00e,146,250,26,34,22,12388,4023,423,173,9.511,23.254
2045,sigless_611992bedab3,133,224,26,34,45,12751,4023,384,160,10.477,25.144
915,sigless_2b31a5afb2e9,135,228,25,34,32,12481,4012,389,161,10.314,24.919
930,sigless_e4cf1f4f4c27,155,267,22,28,37,12081,4009,445,178,9.009,22.522
2063,sigless_8e3156c706b9,137,239,24,31,40,12358,4007,401,162,9.993,24.735
220,sigless_c8f1ce340f76,183,320,18,21,33,11576,4004,522,202,7.67,19.822
1218,sigless_b739b7a4394b,133,232,26,35,33,12500,3995,392,160,10.191,24.969
166,sigless_a28537742896,137,232,23,31,34,12203,3994,393,161,10.163,24.807
507,sigless_f5275c4f7410,149,261,22,29,34,11975,3989,433,172,9.212,23.192
410,sigless_0ffa80913a37,117,198,25,36,39,12393,3987,341,143,11.692,27.881
880,sigless_58a99d8b4546,122,206,25,35,44,12633,3985,354,148,11.257,26.926
1995,sigless_930c86673471,141,241,25,34,26,12257,3978,408,167,9.75,23.82
1419,sigless_f415bf91c07c,125,204,26,36,33,12586,3976,356,152,11.169,26.158
1326,sigless_adb5a826e894,108,182,27,38,43,12741,3973,318,136,12.494,29.213
197,sigless_492415a8178c,124,209,24,34,42,12520,3967,358,149,11.081,26.624
1029,sigless_793d53edeafd,145,252,22,31,28,11892,3967,420,168,9.445,23.613
2156,sigless_f0349277603d,123,202,24,33,48,12521,3956,350,148,11.303,26.73
1536,sigless_bf9beed200bd,83,121,28,40,67,13231,3955,233,112,16.974,35.312
309,sigless_ce43724c502b,165,283,17,23,23,11132,3953,466,183,8.483,21.601
1635,sigless_12033b8bbd5d,139,238,24,31,40,12249,3949,402,164,9.823,24.079
1066,sigless_e2be18d1a621,121,199,26,36,29,12237,3938,347,148,11.349,26.608
1127,sigless_c236670fd617,82,117,31,42,64,13560,3937,231,114,17.043,34.535
684,sigless_c2b0abd70ce7,155,271,20,28,28,11517,3935,447,176,8.803,22.358
779,sigless_01c1441fdd06,144,248,22,28,38,11962,3935,415,167,9.482,23.563
1262,sigless_ef8421170b28,134,226,24,33,33,12194,3935,385,159,10.221,24.748
1651,sigless_d59fd5c25caf,143,245,22,29,40,11884,3930,411,166,9.562,23.675
643,sigless_b1602226f095,137,233,23,31,25,12008,3927,394,161,9.967,24.391
619,sigless_b4ccbe68e85e,115,194,26,35,42,12415,3924,336,142,11.679,27.634
949,sigless_2584bb820e6c,151,261,22,28,26,11549,3919,435,174,9.009,22.523
1600,sigless_217ef71865c3,117,201,27,36,40,12623,3912,346,145,11.306,26.979
178,sigless_fbc1d0f01aff,110,184,26,36,35,12264,3903,321,137,12.159,28.489
871,sigless_e29643fbaf7a,134,232,24,33,35,12104,3898,391,159,9.969,24.516
1526,sigless_ef3eaa7f5028,127,211,24,33,42,12243,3894,363,152,10.727,25.618
2082,sigless_0db69fa53646,140,243,22,29,38,11880,3889,406,163,9.579,23.859
1625,sigless_96b4faa7f424,93,157,27,39,52,12688,3883,278,121,13.968,32.091
967,sigless_93e20ea84488,130,226,23,32,38,11961,3879,380,154,10.208,25.188
1452,sigless_f676fc25c581,180,318,19,24,27,11316,3877,518,200,7.485,19.385
1847,sigless_99382783f270,138,238,23,30,36,11843,3877,400,162,9.693,23.932
2162,sigless_5f1b9246ea63,125,210,25,33,39,12183,3876,361,151,10.737,25.669
2087,sigless_015efde6bbcf,146,248,23,32,23,11799,3874,418,170,9.268,22.788
1273,sigless_b1270b141694,130,223,23,31,44,11991,3866,377,154,10.255,25.104
1877,sigless_36239102198c,140,243,23,33,27,11834,3866,407,164,9.499,23.573
634,sigless_0ca175829da9,175,301,18,21,26,11096,3864,495,194,7.806,19.918
1275,sigless_f005dc6b2b5f,144,247,23,32,24,11777,3861,415,168,9.304,22.982
298,sigless_a348fccf3353,153,258,19,26,24,11340,3860,431,173,8.956,22.312
9,sigless_60cec58e9dea,113,190,25,36,39,12244,3857,329,139,11.723,27.748
334,sigless_4d0cd0a428ea,200,362,12,12,18,10192,3854,575,213,6.703,18.094
1083,sigless_e32e4ca976a1,127,218,22,31,37,11664,3845,368,150,10.448,25.633
1886,sigless_d89cd16b8a88,135,231,23,31,33,11861,3845,390,159,9.859,24.182
2124,sigless_b9c52a2496a5,145,255,21,28,40,11637,3838,422,167,9.095,22.982
1683,sigless_6540e4a7aede,161,284,19,25,22,11052,3834,465,181,8.245,21.182
929,sigless_4258ee4998de,128,221,24,33,35,11930,3831,374,153,10.243,25.039
1004,sigless_dc4c176cdc50,109,182,24,33,52,12255,3831,316,134,12.123,28.59
1269,sigless_596085856e22,133,224,23,32,28,11714,3827,381,157,10.045,24.376
1639,sigless_b41496af33c7,113,192,27,36,39,12301,3821,333,141,11.474,27.099
645,sigless_65d64fc73d3e,116,190,25,33,41,12045,3806,332,142,11.464,26.803
1617,sigless_a8ef2fa5fcc5,95,155,29,39,45,12583,3804,280,125,13.586,30.432
1716,sigless_b357adc606c8,132,226,23,30,32,11634,3800,382,156,9.948,24.359
870,sigless_2f2e13406ec9,139,240,23,30,32,11624,3799,403,163,9.427,23.307
1096,sigless_dfea8dc82122,132,224,23,31,33,11693,3797,380,156,9.992,24.34
435,sigless_ad63952eb61b,123,208,24,33,34,11925,3796,356,148,10.663,25.649
1228,sigless_d7c3b9f2399d,123,210,24,31,30,11576,3774,358,148,10.542,25.5
1207,sigless_b92b086f848f,125,204,25,36,31,11922,3771,355,151,10.623,24.974
54,sigless_8bf7f40ca356,134,230,20,27,34,11283,3770,385,155,9.792,24.323
679,sigless_7b43e10e2d4d,123,208,23,31,39,11740,3770,355,147,10.62,25.646
159,sigless_1c485c927aee,183,333,12,13,16,9978,3752,529,196,7.093,19.143
1144,sigless_9dce8b79afb7,128,218,24,32,35,11783,3751,371,153,10.111,24.516
51,sigless_a1d0c1d2e293,124,210,24,33,31,11668,3748,359,149,10.44,25.154
1668,sigless_fbde2742a233,105,167,26,36,45,12107,3745,299,132,12.525,28.371
1630,sigless_ef859ff0ffc4,108,182,25,34,34,11714,3739,316,134,11.832,27.903
461,sigless_ec039702977f,176,311,13,16,21,10137,3735,501,190,7.455,19.658
2168,sigless_877a173b0a13,125,217,22,30,40,11550,3711,365,148,10.167,25.074
1938,sigless_0d92ca469196,105,176,25,35,40,11957,3707,307,131,12.075,28.298
1525,sigless_dc2e38d4137a,101,167,28,38,30,12048,3703,297,130,12.468,28.485
1875,sigless_7bcd7c647f19,133,227,21,27,40,11268,3701,382,155,9.688,23.877
1575,sigless_dfd38d464b34,76,109,29,40,59,12693,3698,215,106,17.2,34.887
1652,sigless_7964c00b2567,98,160,28,39,30,12037,3695,287,127,12.875,29.094
1788,sigless_873edf1beb77,136,235,22,30,26,11229,3691,394,159,9.368,23.214
902,sigless_21c50a05c1a4,106,180,23,31,49,11737,3690,310,130,11.903,28.385
858,sigless_eb850f94a7ae,141,246,20,26,29,10937,3687,408,162,9.037,22.759
1659,sigless_7d4e529893c8,106,180,23,31,49,11694,3682,310,130,11.877,28.323
2207,sigless_7ce0645c7c59,139,239,21,27,25,10885,3681,400,161,9.203,22.863
1616,sigless_e26294bc2c2d,118,195,23,31,39,11582,3667,337,142,10.881,25.824
1987,sigless_5887c98023cf,133,231,20,27,37,11025,3660,385,154,9.506,23.766
23,sigless_49896e053003,134,229,20,25,28,10835,3659,384,155,9.529,23.606
1684,sigless_6dbf14b60080,132,224,23,29,28,11133,3655,380,156,9.618,23.429
840,sigless_be093ad7983f,116,194,25,34,29,11568,3652,336,142,10.869,25.718
2011,sigless_5762cc9e273e,112,191,23,31,40,11431,3646,327,136,11.15,26.809
1961,sigless_b5fab9a7fa6a,116,197,24,31,34,11321,3621,338,141,10.713,25.681
1204,sigless_06b73a986228,121,201,23,31,29,11241,3617,346,145,10.454,24.945
1714,sigless_95a8117f8451,155,267,22,27,14,10775,3609,445,178,8.11,20.275
1294,sigless_0b0199b6cf36,140,241,21,27,28,10950,3606,403,162,8.948,22.259
1548,sigless_bf0a356ed0ee,120,193,25,34,31,11478,3604,339,146,10.631,24.685
1669,sigless_785b38ff1492,151,264,19,24,24,10565,3601,435,171,8.278,21.058
2048,sigless_76ef24c85011,107,183,24,34,34,11404,3599,315,132,11.425,27.265
1888,sigless_16bcaf41b72c,105,181,24,34,43,11556,3597,311,130,11.566,27.669
1333,sigless_17ec8d961625,103,175,24,32,30,11365,3592,303,128,11.855,28.062
1744,sigless_264498dbbd46,127,220,22,29,31,11028,3590,370,150,9.703,23.933
794,sigless_8650d8564ac7,111,191,24,33,45,11565,3589,327,136,10.976,26.39
1790,sigless_2fecde6c9029,96,162,26,36,37,11568,3585,285,123,12.579,29.146
773,sigless_4ff8bd844523,117,196,24,32,32,11341,3584,338,142,10.604,25.239
1022,sigless_78f759d71cd8,111,191,23,31,40,11291,3578,326,135,10.975,26.504
125,sigless_192b20a07f88,87,142,25,34,46,11688,3575,255,113,14.02,31.637
561,sigless_2562eb1b2c02,62,100,30,44,42,12332,3566,193,93,18.477,38.344
1896,sigless_5576eacf8857,123,209,21,28,31,10747,3564,354,145,10.068,24.579
323,sigless_8f6e8257a22f,179,296,17,15,6,9846,3558,493,197,7.217,18.061
1722,sigless_842d8bd3822e,124,214,22,29,31,10946,3554,361,147,9.845,24.177
1869,sigless_2b17ddcf6c38,119,205,25,33,31,11321,3553,350,145,10.151,24.503
330,sigless_c2ea7131482c,116,197,22,31,27,10985,3551,336,139,10.568,25.547
1921,sigless_3136af6273f5,123,215,21,29,27,10738,3533,360,145,9.814,24.366
1263,sigless_9f39fb843bf3,146,251,18,26,18,10324,3531,416,165,8.488,21.4
791,sigless_cb5a96661187,130,218,21,28,28,10832,3530,370,152,9.541,23.224
1247,sigless_ae3f6b074a1d,134,229,20,26,26,10593,3529,384,155,9.19,22.768
1942,sigless_0aacd006f897,122,211,21,28,30,10720,3520,355,144,9.915,24.444
1859,sigless_e45852ef8453,86,140,27,37,40,11636,3518,254,114,13.85,30.86
859,sigless_13439b7dbb3a,132,228,20,25,35,10697,3517,381,153,9.231,22.987
1023,sigless_d047d7c5417a,117,200,23,32,28,11001,3511,341,141,10.296,24.901
734,sigless_170ea73047ad,111,188,23,31,37,11042,3504,323,135,10.848,25.956
2027,sigless_c1a31fa4592f,122,210,20,27,32,10632,3503,353,143,9.924,24.497
991,sigless_1c2de2da855e,71,101,28,39,53,12025,3502,201,100,17.423,35.02
1242,sigless_5709313db58d,123,210,21,27,27,10621,3501,355,145,9.862,24.145
1154,sigless_00fca81586fc,109,168,29,36,34,11652,3499,307,139,11.397,25.173
1342,sigless_4523c169c47b,71,101,28,39,53,12025,3498,201,100,17.403,34.98
1509,sigless_a437d3358d7f,129,219,20,27,24,10520,3494,369,150,9.469,23.293
532,sigless_515d8cc9bdf6,71,101,28,39,53,12025,3484,201,100,17.333,34.84
658,sigless_c6efd0c3a123,108,177,24,32,32,11011,3484,310,133,11.239,26.195
1965,sigless_0c28ea18fc09,119,206,21,28,29,10706,3473,347,141,10.009,24.631
1434,sigless_af88065cd8fc,126,214,21,27,29,10622,3468,362,148,9.58,23.432
436,sigless_15ca1575f7d1,123,212,20,27,27,10488,3466,356,144,9.736,24.069
1498,sigless_9774f6fe77cf,102,168,23,31,32,11025,3466,294,126,11.789,27.508
951,sigless_3b739e655234,135,227,19,25,24,10424,3464,382,155,9.068,22.348
1416,sigless_462e769671a2,109,189,21,28,45,10856,3456,320,131,10.8,26.382
2100,sigless_aad2118e9750,169,298,17,19,20,9959,3452,485,187,7.118,18.46
134,sigless_b470fb89200e,93,151,24,32,39,11099,3448,269,118,12.818,29.22
232,sigless_449274263de4,177,304,11,11,17,9280,3440,493,189,6.978,18.201
1451,sigless_8e061c7e8ea8,98,165,23,31,41,10945,3440,287,122,11.986,28.197
1954,sigless_8d4e0fe00b08,105,172,24,31,29,11013,3440,302,130,11.391,26.462
1088,sigless_4a3c2de2a07d,115,194,22,30,32,10806,3437,332,138,10.352,24.906
1947,sigless_8b39e27c170e,110,188,22,29,37,10828,3426,321,133,10.673,25.759
569,sigless_6620c6d3f56d,76,105,27,36,52,11585,3421,209,104,16.368,32.894
1605,sigless_546300f37df8,117,203,22,28,28,10468,3419,343,140,9.968,24.421
1977,sigless_bebb52019d4d,86,137,26,34,35,11076,3411,250,113,13.644,30.186
1584,sigless_349b49ac2473,109,180,24,31,36,10995,3403,314,134,10.838,25.396
1170,sigless_c293d02703cd,104,174,22,30,39,10828,3398,301,127,11.289,26.756
1779,sigless_3a9f318e1513,121,213,20,27,30,10274,3389,355,142,9.546,23.866
162,sigless_255a0b7d8178,109,183,23,31,29,10762,3387,316,133,10.718,25.466
869,sigless_9fef6df6e672,118,199,20,26,29,10392,3370,338,139,9.97,24.245
1647,sigless_28400c365daa,133,231,18,25,20,9977,3367,383,152,8.791,22.151
672,sigless_6cb3d2f3a1c6,104,179,23,31,32,10643,3365,307,128,10.961,26.289
703,sigless_7ad00c6e25b8,109,188,20,28,32,10372,3365,318,130,10.582,25.885
1727,sigless_0976288ffcc3,135,233,18,23,30,10044,3361,387,154,8.685,21.825
842,sigless_704208010f34,85,141,26,35,35,11032,3358,253,112,13.273,29.982
1692,sigless_c7fd8134d058,109,184,21,28,38,10534,3355,315,131,10.651,25.611
1156,sigless_79e66414f19b,104,174,23,32,25,10539,3348,302,128,11.086,26.156
621,sigless_7d60c9ef2f67,118,201,21,27,23,10068,3347,341,140,9.815,23.907
82,sigless_5e6e101afac5,106,174,21,27,29,10401,3344,302,128,11.073,26.125
612,sigless_7c18a676e23c,112,191,21,29,27,10195,3326,325,134,10.234,24.821
715,sigless_cc73707101e6,125,208,19,25,24,10106,3320,353,145,9.405,22.897
976,sigless_f72a68734ad0,106,177,22,29,29,10521,3317,306,129,10.84,25.713
1177,sigless_da17de4fe313,109,186,22,31,27,10417,3311,318,132,10.412,25.083
1462,sigless_4912d9758095,119,203,19,26,33,10118,3311,342,139,9.681,23.82
926,sigless_d705d736995d,105,178,22,31,27,10382,3306,306,128,10.804,25.828
40,sigless_7295efea90ce,164,299,10,10,15,8663,3283,474,175,6.926,18.76
886,sigless_4ffc0d48b2fc,148,261,14,18,17,9299,3278,424,163,7.731,20.11
1687,sigless_b7f39d4f4b7a,95,160,22,30,37,10461,3277,278,118,11.788,27.771
1602,sigless_2166e215da8f,118,203,18,25,26,9834,3275,340,137,9.632,23.905
1752,sigless_4c0426f323f0,121,204,20,26,26,10052,3272,346,142,9.457,23.042
904,sigless_af21df606631,112,191,20,27,30,10080,3270,324,133,10.093,24.586
163,sigless_ae7bb728b3b9,118,202,19,26,25,9962,3264,340,138,9.6,23.652
661,sigless_bd986d86cebb,135,232,17,20,19,9538,3252,385,153,8.447,21.255
677,sigless_e3b27b13f8ae,132,225,17,21,25,9546,3252,375,150,8.672,21.68
1331,sigless_aba88447920b,94,152,23,31,38,10563,3248,270,118,12.03,27.525
1670,sigless_377f0aa82b94,115,199,20,27,21,9857,3243,335,136,9.681,23.846
559,sigless_a014dde59f95,56,93,27,39,39,11141,3240,177,84,18.305,38.571
1265,sigless_d2214425fc35,115,199,19,25,21,9719,3237,334,135,9.692,23.978
1395,sigless_e8049778a1eb,71,113,25,37,44,11011,3227,210,97,15.367,33.268
1879,sigless_3b79442b6ed4,123,207,20,25,26,9942,3225,351,144,9.188,22.396
1757,sigless_fa4972c4e52e,119,201,19,25,23,9877,3224,340,139,9.482,23.194
985,sigless_d4aa83b9e134,89,143,25,32,25,10402,3221,258,115,12.484,28.009
431,sigless_41536e079793,161,293,10,10,14,8468,3220,465,172,6.925,18.721
1485,sigless_0a7b1fba4992,119,202,20,25,27,9822,3205,342,140,9.371,22.893
161,sigless_67ac3dcfca6c,125,213,16,21,22,9297,3204,355,142,9.025,22.563
1320,sigless_67751684f6fc,100,166,22,28,35,10285,3204,289,123,11.087,26.049
1724,sigless_54b6e3f94edf,106,182,20,27,34,10035,3199,309,127,10.353,25.189
1591,sigless_f12cc1905252,59,93,28,38,35,10989,3198,181,88,17.669,36.341
675,sigless_6ebc10a812a1,139,240,18,21,20,9453,3188,398,158,8.01,20.177
1062,sigless_2607923a35c2,63,90,25,35,48,10773,3177,179,89,17.749,35.697
1919,sigless_af11f474c9ef,123,211,18,22,28,9513,3177,353,142,9.0,22.373
2189,sigless_95a5f2ef9de4,153,265,16,17,17,9118,3172,435,170,7.292,18.659
2135,sigless_45bc2078bc2e,107,181,19,26,23,9593,3162,308,127,10.266,24.898
1394,sigless_560165a1604f,138,248,20,25,25,9712,3148,407,159,7.735,19.799
1746,sigless_5a999462cbea,108,183,21,30,25,9892,3142,313,130,10.038,24.169
500,sigless_31af3ee45617,95,159,21,30,24,9862,3140,276,117,11.377,26.838
1473,sigless_6f078e25625f,105,184,20,27,32,9832,3126,310,126,10.084,24.81
2136,sigless_c004cde4f585,124,216,17,23,17,9208,3125,358,142,8.729,22.007
1805,sigless_f2e0af62e1d4,94,155,20,27,37,9933,3121,270,115,11.559,27.139
1860,sigless_87b6c01e9e70,94,158,21,28,33,9876,3119,274,116,11.383,26.888
2094,sigless_843e7f29588f,88,149,21,28,42,10119,3119,259,110,12.042,28.355
1673,sigless_7eab3a26eb78,140,253,17,22,26,9222,3111,411,158,7.569,19.69
1398,sigless_b4e8a674757d,125,214,17,22,19,9261,3110,357,143,8.711,21.748
2098,sigless_e37ecae8c0ae,112,194,19,26,19,9431,3109,326,132,9.537,23.553
1441,sigless_6505cceddd08,110,187,20,27,19,9584,3108,318,131,9.774,23.725
1909,sigless_c59468d324c7,92,150,22,30,32,10035,3103,265,115,11.709,26.983
1106,sigless_823cb6ece12c,120,203,17,22,22,9241,3102,341,138,9.097,22.478
1848,sigless_391449f564cd,89,151,21,28,36,9842,3094,262,111,11.809,27.874
716,sigless_942a38e9b63b,96,161,22,31,21,9864,3089,280,119,11.032,25.958
1428,sigless_66397ac8d150,111,188,19,26,23,9480,3086,319,131,9.674,23.557
1235,sigless_84ed7e48c1f7,114,199,17,22,35,9333,3083,331,132,9.314,23.356
651,sigless_a71896d7f8e1,100,170,20,30,30,9749,3073,291,121,10.56,25.397
409,sigless_ae53329ac629,85,141,21,28,32,9712,3069,248,107,12.375,28.682
1590,sigless_3a418d57d78d,97,165,20,26,34,9595,3068,283,118,10.841,26.0
167,sigless_6b1dd0c6b6fc,118,201,16,20,25,9105,3065,336,135,9.122,22.704
504,sigless_73a943a35079,106,183,19,26,22,9374,3065,309,126,9.919,24.325
1089,sigless_be7c79632490,104,177,20,26,30,9587,3063,302,125,10.142,24.504
2154,sigless_8b41b904991e,101,173,19,26,29,9537,3062,294,121,10.415,25.306
1372,sigless_840e59b045db,105,176,21,26,25,9674,3058,303,127,10.092,24.079
932,sigless_eee05f5f93cc,106,175,20,26,24,9578,3054,302,127,10.113,24.047
2013,sigless_1f08c635f613,99,164,20,26,29,9521,3050,284,120,10.739,25.417
1905,sigless_f244d71cd7a9,96,163,20,26,34,9578,3040,280,117,10.857,25.983
92,sigless_d7ed83fb3f2f,107,177,18,22,24,9153,3039,303,126,10.03,24.119
1846,sigless_dbad8c29b1f5,111,189,17,22,29,9179,3037,318,129,9.55,23.543
1978,sigless_1ea945a6ddc4,122,206,17,21,22,9058,3028,346,140,8.751,21.629
866,sigless_f1f876558a71,111,189,18,23,18,9121,3027,319,130,9.489,23.285
1585,sigless_5924af15138d,93,155,20,27,28,9471,3021,269,114,11.23,26.5
1371,sigless_7fae72f58a8e,117,208,18,23,28,9201,3016,344,136,8.767,22.176
2152,sigless_6ff314f414dd,109,189,17,23,25,9067,3010,316,127,9.525,23.701
278,sigless_d2c82853f01f,108,179,18,23,22,9125,3004,306,127,9.817,23.654
1685,sigless_ac2a7abba9ff,101,173,18,24,30,9243,3001,293,120,10.242,25.008
2107,sigless_73e2116d3dc1,98,162,20,26,29,9472,2999,281,119,10.673,25.202
1003,sigless_809fa57b3e7c,108,187,17,24,21,8980,2990,313,126,9.553,23.73
997,sigless_a294df5644f7,104,173,18,25,23,9207,2983,296,123,10.078,24.252
1082,sigless_d5986815e8c6,97,165,20,28,24,9302,2981,283,118,10.534,25.263
654,sigless_20f7388811d3,108,183,17,23,26,9024,2973,309,126,9.621,23.595
693,sigless_82e505f25203,113,187,17,23,19,8955,2967,318,131,9.33,22.649
1219,sigless_8988dd9509f4,118,200,17,21,25,8939,2952,336,136,8.786,21.706
2092,sigless_245625de910f,106,176,18,23,19,8957,2951,301,125,9.804,23.608
629,sigless_0ead8979f480,95,158,18,25,31,9242,2949,272,114,10.842,25.868
854,sigless_719577f723ab,86,144,22,29,25,9476,2947,253,109,11.648,27.037
1563,sigless_51d6c4641da4,93,150,21,27,25,9368,2945,265,115,11.113,25.609
1729,sigless_567b3586f4af,95,160,21,29,18,9357,2940,277,117,10.614,25.128
1518,sigless_90f2f37d1d65,112,191,18,24,14,8738,2919,322,131,9.065,22.282
913,sigless_2e3e17ad3f24,103,177,16,21,31,8774,2916,297,120,9.818,24.3
1344,sigless_a98835a1b936,106,179,17,23,21,8814,2908,303,124,9.597,23.452
230,sigless_01b0e3e210ad,145,255,11,12,10,7877,2904,412,157,7.049,18.497
895,sigless_60730d2e850f,95,159,19,25,24,9115,2902,274,115,10.591,25.235
1471,sigless_5086cd138e58,92,154,19,24,28,9025,2901,266,112,10.906,25.902
321,sigless_de1794d048d0,110,186,16,20,19,8551,2894,313,127,9.246,22.787
925,sigless_7eb5bd3195f8,144,254,14,15,15,8110,2892,413,159,7.002,18.189
821,sigless_2b4ce9b63420,107,183,16,21,25,8586,2884,307,124,9.394,23.258
1226,sigless_82dd372e455e,81,129,23,30,33,9601,2875,234,105,12.286,27.381
25,sigless_e447695c1cef,134,240,11,12,12,7781,2874,386,146,7.446,19.685
907,sigless_c130f159f65f,88,150,20,26,30,9205,2870,259,109,11.081,26.33
1048,sigless_715c9df98739,76,122,23,30,30,9475,2863,222,100,12.896,28.63
103,sigless_d5000f24b202,78,127,21,28,24,9181,2861,227,100,12.604,28.61
1309,sigless_9e51b855c9d0,90,147,19,25,27,8944,2859,257,110,11.125,25.991
2068,sigless_e42efcdddab1,84,135,19,25,36,9130,2857,239,104,11.954,27.471
615,sigless_be23d6dcc6c3,100,169,17,23,20,8635,2850,287,118,9.93,24.153
1405,sigless_91d0a51c71d9,93,155,19,25,27,9024,2850,268,113,10.634,25.221
714,sigless_6f18fdb8a164,62,88,22,31,41,9605,2843,173,85,16.434,33.447
1856,sigless_0ae882aa2b4c,107,178,16,20,29,8592,2842,302,124,9.411,22.919
210,sigless_1a0508342c42,105,173,17,21,18,8554,2840,296,123,9.595,23.089
3,sigless_bb3e3056d991,90,152,20,26,23,8989,2838,263,111,10.791,25.568
1997,sigless_698b437f73b6,107,183,17,22,25,8679,2836,308,125,9.208,22.688
2115,sigless_187885ac214a,82,131,19,25,36,9095,2836,233,102,12.172,27.804
755,sigless_60604c62022a,70,109,23,29,39,9625,2826,203,94,13.921,30.064
1638,sigless_43bc373e09d3,112,190,15,20,19,8397,2826,318,128,8.887,22.078
1429,sigless_e7d6c13e60b0,91,152,18,23,28,8773,2815,262,110,10.744,25.591
713,sigless_42482b64ab02,99,170,17,22,25,8545,2812,287,117,9.798,24.034
1720,sigless_615fca46817a,105,184,16,20,25,8457,2811,306,122,9.186,23.041
1583,sigless_10696653625e,80,127,19,25,39,9098,2807,227,100,12.366,28.07
0,sigless_6c7cc82cf730,138,250,9,9,13,7426,2799,398,148,7.033,18.912
114,sigless_a6fe8cb6d2c0,91,152,19,25,23,8750,2797,263,111,10.635,25.198
44,sigless_7389c6e2e4bf,140,251,9,9,11,7307,2791,401,150,6.96,18.607
1092,sigless_7604d0a9be1d,64,98,23,30,34,9394,2780,186,88,14.946,31.591
1464,sigless_8dd800616af7,96,160,18,23,24,8648,2776,275,115,10.095,24.139
1871,sigless_675a0a1c1519,103,175,17,22,18,8416,2774,296,121,9.372,22.926
700,sigless_9765a555bb1e,94,159,17,22,32,8644,2773,271,112,10.232,24.759
1671,sigless_873cde3e6d60,88,147,18,24,28,8685,2769,254,107,10.902,25.879
1870,sigless_0eee92445bd1,93,157,19,26,18,8701,2768,270,113,10.252,24.496
1491,sigless_5f66f666ffaa,93,158,18,25,21,8602,2767,270,112,10.248,24.705
2086,sigless_f47c97a89b2f,98,166,16,21,26,8483,2755,281,115,9.804,23.957
407,sigless_22d6d12f78e2,109,183,15,19,18,8088,2751,308,125,8.932,22.008
1442,sigless_aa321dd75130,101,170,17,22,22,8480,2748,289,119,9.509,23.092
496,sigless_ffb1f44c25e8,77,125,19,26,32,8992,2746,222,97,12.369,28.309
989,sigless_627bb8b51393,89,150,18,24,22,8469,2743,258,108,10.632,25.398
2073,sigless_1f311da5c92c,100,166,17,22,18,8270,2738,284,118,9.641,23.203
50,sigless_74c42101e1c3,112,187,14,17,18,7929,2730,314,127,8.694,21.496
70,sigless_2cd253f9ba89,102,170,15,19,17,7992,2725,288,118,9.462,23.093
319,sigless_955e5b90afcd,100,170,15,20,22,8095,2719,286,116,9.507,23.44
1862,sigless_ce3f8ea4ae4e,86,141,19,24,24,8540,2717,247,106,11.0,25.632
551,sigless_5dd1ec529b86,71,112,19,25,40,8891,2715,203,91,13.374,29.835
1480,sigless_7db68d441a47,90,151,19,26,15,8492,2711,261,110,10.387,24.645
1291,sigless_ff7d3950d0dc,66,110,25,33,17,9248,2709,202,92,13.411,29.446
796,sigless_d7925c929036,103,175,15,20,19,8105,2705,294,119,9.201,22.731
698,sigless_1c0640f2fccf,120,205,15,18,20,8044,2704,341,136,7.93,19.882
728,sigless_447c406429af,88,147,17,23,25,8359,2702,253,106,10.68,25.491
1477,sigless_62eb2126a979,105,177,15,20,17,8068,2701,298,121,9.064,22.322
740,sigless_aef84f0db8b2,75,122,19,26,31,8702,2698,217,95,12.433,28.4
1604,sigless_f9b618f8a81a,96,161,17,22,21,8251,2698,275,114,9.811,23.667
2179,sigless_42e7550180db,105,184,16,22,19,8167,2695,306,122,8.807,22.09
1189,sigless_adbd069b25c0,98,165,16,20,28,8180,2689,280,115,9.604,23.383
1007,sigless_42ba3da172af,95,160,18,23,19,8326,2685,274,114,9.799,23.553
2202,sigless_ac434de369f5,109,190,14,18,16,7794,2677,314,124,8.525,21.589
1431,sigless_d801178ee7a1,108,189,17,21,18,8045,2660,315,126,8.444,21.111
199,sigless_ef7508354484,104,177,14,18,16,7802,2654,296,119,8.966,22.303
1933,sigless_07eb50411e6e,87,147,18,24,27,8404,2643,253,106,10.447,24.934
272,sigless_789cd2f3035d,76,125,17,24,28,8267,2642,219,94,12.064,28.106
1229,sigless_81812351194a,128,229,11,13,14,7316,2638,369,140,7.149,18.843
1855,sigless_dfe8156844d2,102,170,15,19,18,7854,2618,288,118,9.09,22.186
548,sigless_67dc6a67e2fa,67,111,22,29,21,8736,2614,201,90,13.005,29.044
597,sigless_64e5a22a0036,53,80,22,29,34,8944,2614,156,76,16.756,34.395
5,sigless_2dec5f792073,94,157,15,20,19,7879,2613,267,110,9.787,23.755
1781,sigless_c084b2fa1b52,92,158,17,21,26,8150,2613,268,110,9.75,23.755
1502,sigless_0717cd3b92be,87,149,16,21,31,8144,2610,253,104,10.316,25.096
510,sigless_a903fac60558,47,74,23,32,24,8913,2607,145,71,17.979,36.718
1890,sigless_6b1b536baaf8,88,151,16,21,22,7998,2607,256,105,10.184,24.829
1928,sigless_c3def4af1815,97,166,15,19,21,7826,2604,279,113,9.333,23.044
324,sigless_8eb7e2c7ce95,114,189,15,16,6,7584,2602,319,130,8.157,20.015
1810,sigless_b0c2906381c3,112,191,14,16,20,7702,2602,318,127,8.182,20.488
1807,sigless_2bc786e67fb1,113,195,12,14,20,7485,2598,321,126,8.093,20.619
498,sigless_689d8a0758c5,77,124,17,23,27,8207,2596,219,95,11.854,27.326
964,sigless_d17d194e8870,88,148,17,23,21,8087,2592,254,106,10.205,24.453
1399,sigless_18bdcaaabdda,84,142,16,21,32,8136,2592,243,101,10.667,25.663
124,sigless_bb8e98c7d955,75,123,17,24,28,8227,2589,216,93,11.986,27.839
881,sigless_03ab8b1c66a2,94,158,16,21,18,7962,2589,269,111,9.625,23.324
564,sigless_84637280f224,64,96,22,27,24,8677,2587,183,87,14.137,29.736
1077,sigless_cc6ed6d6afd0,94,161,15,21,19,7736,2573,271,110,9.494,23.391
709,sigless_fa5d6466520d,91,152,16,21,19,7788,2552,260,108,9.815,23.63
1356,sigless_fd68c63c1041,116,195,14,16,18,7585,2552,326,131,7.828,19.481
1423,sigless_37940dd84528,71,117,18,24,25,8132,2543,207,90,12.285,28.256
624,sigless_e469f0b29c0a,87,144,16,21,18,7796,2530,248,104,10.202,24.327
1123,sigless_ce877ce68b19,102,171,15,18,21,7679,2530,289,118,8.754,21.441
1750,sigless_6951140d323d,112,191,15,17,12,7432,2517,319,128,7.89,19.664
158,sigless_d43e9fee84d1,116,204,10,11,13,6791,2507,331,127,7.574,19.74
1060,sigless_27d7320a3bdf,80,136,16,21,30,7892,2505,233,97,10.751,25.825
472,sigless_a507056ae077,84,134,15,20,19,7544,2502,234,100,10.692,25.02
455,sigless_ba202ac63e22,101,170,13,16,16,7325,2501,285,115,8.775,21.748
499,sigless_82d69dc9d747,113,195,13,15,18,7334,2495,322,127,7.748,19.646
1715,sigless_437dad78f0eb,89,148,17,22,15,7740,2494,255,107,9.78,23.308
176,sigless_819608fd1a27,114,189,14,15,4,7254,2493,318,129,7.84,19.326
467,sigless_a5284c87e9de,84,135,17,24,15,7757,2492,237,102,10.515,24.431
1506,sigless_ca058cccbe26,95,158,14,19,17,7512,2491,268,110,9.295,22.645
483,sigless_86f93f55ffea,98,166,14,20,9,7422,2490,279,113,8.925,22.035
1850,sigless_37d4d507d12a,95,162,15,19,20,7565,2487,273,111,9.11,22.405
834,sigless_d99739d41cf9,93,157,14,20,21,7530,2482,265,108,9.366,22.981
681,sigless_6628371048eb,90,145,17,20,16,7626,2474,253,108,9.779,22.907
1642,sigless_5d3386c76ca6,78,130,17,22,22,7677,2464,226,96,10.903,25.667
558,sigless_729a446cf77a,64,93,21,25,30,8311,2463,179,86,13.76,28.64
1375,sigless_8d4f4548285a,79,134,15,20,28,7572,2450,229,95,10.699,25.789
911,sigless_dae7a76f7a63,93,161,13,17,18,7141,2432,268,107,9.075,22.729
1821,sigless_04af5f4c43f4,84,143,14,18,23,7296,2431,242,99,10.045,24.556
1755,sigless_2ed0aae31f64,55,90,19,27,30,8172,2430,165,75,14.727,32.4
890,sigless_eb084c16b48f,79,134,15,20,28,7580,2428,229,95,10.603,25.558
34,sigless_85d0b475b417,85,147,16,21,26,7619,2427,249,102,9.747,23.794
1739,sigless_0843e42271d3,78,130,17,22,22,7683,2425,226,96,10.73,25.26
575,sigless_5209bbd9d038,71,110,18,22,27,7861,2402,200,90,12.01,26.689
1708,sigless_cbfc347da3a8,82,129,16,20,21,7501,2397,228,99,10.513,24.212
1872,sigless_4f3ed7b17a1f,94,161,13,16,19,7005,2389,269,108,8.881,22.12
47,sigless_c87d2c98aa3b,119,213,8,8,11,6395,2384,341,128,6.991,18.625
1640,sigless_fe5faa93760d,76,126,16,21,24,7531,2380,219,93,10.868,25.591
384,sigless_7fffee6c6306,103,170,11,14,9,6550,2371,285,115,8.319,20.617
437,sigless_92b0f94ad966,105,179,12,15,18,6870,2365,297,118,7.963,20.042
2091,sigless_48b20185823d,83,138,14,19,14,7152,2362,236,98,10.008,24.102
32,sigless_8026645cd525,67,99,16,22,32,7583,2338,183,84,12.776,27.833
1520,sigless_2582ec95189e,84,139,15,19,19,7207,2338,239,100,9.782,23.38
622,sigless_c5879974d295,101,178,11,13,13,6532,2337,291,113,8.031,20.681
563,sigless_d4a66305fe7c,68,110,18,24,22,7633,2326,197,87,11.807,26.736
984,sigless_d1f52bab434e,97,167,13,16,18,6911,2326,278,111,8.367,20.955
587,sigless_50d5a11c3d28,69,112,16,21,25,7442,2325,198,86,11.742,27.035
1208,sigless_423c455e1e6f,111,190,12,13,13,6691,2325,314,124,7.404,18.75
1414,sigless_e67ff395edc1,79,131,15,19,17,7170,2304,226,95,10.195,24.253
721,sigless_91a8855c0141,83,140,15,19,18,7106,2302,239,99,9.632,23.253
905,sigless_2851e23293fa,111,190,12,13,11,6569,2291,314,124,7.296,18.476
501,sigless_9e128db660ea,66,104,16,21,17,7204,2289,187,83,12.241,27.578
1675,sigless_0807a304e05c,89,153,12,16,18,6711,2280,255,102,8.941,22.353
1382,sigless_d3fdcbc75653,97,163,11,14,12,6508,2268,272,109,8.338,20.807
2160,sigless_c468c7824b3d,76,125,15,19,19,6984,2267,217,92,10.447,24.641
20,sigless_e2a7dcd25afe,113,202,8,8,10,6046,2259,324,122,6.972,18.516
652,sigless_46cbbaa7642e,109,187,12,13,11,6504,2258,309,122,7.307,18.508
1174,sigless_8eec066b7e74,65,99,19,23,18,7496,2254,184,85,12.25,26.518
954,sigless_af5db0a8c81c,66,114,16,21,28,7254,2242,197,83,11.381,27.012
224,sigless_473dda549ded,114,195,8,8,8,6071,2241,318,123,7.047,18.22
543,sigless_7b31da914133,71,111,17,20,20,7190,2238,200,89,11.19,25.146
187,sigless_5d987da12971,71,114,14,19,19,6913,2230,200,86,11.15,25.93
80,sigless_6fe01b777085,74,125,14,19,16,6798,2224,214,89,10.393,24.989
179,sigless_694e9c7e42ca,111,194,8,8,10,5999,2224,314,120,7.083,18.533
920,sigless_55cc112cbb2c,93,160,12,15,11,6436,2221,266,106,8.35,20.953
1412,sigless_60e7aed4983d,59,95,18,23,24,7323,2220,173,78,12.832,28.462
1053,sigless_f224aa66d49f,96,162,12,14,14,6503,2215,271,109,8.173,20.321
1839,sigless_5927884fefb4,74,126,16,20,22,7040,2214,217,91,10.203,24.33
743,sigless_08d9788809ed,85,139,15,19,11,6874,2212,240,101,9.217,21.901
150,sigless_16c74ad715b1,120,207,8,8,11,6010,2194,336,129,6.53,17.008
104,sigless_e79001cf6c91,74,125,14,19,16,6732,2183,214,89,10.201,24.528
810,sigless_466484c17a69,52,75,18,23,28,7361,2179,146,71,14.925,30.69
2190,sigless_ef1a9ba935f8,62,104,16,21,27,7088,2176,183,79,11.891,27.544
1736,sigless_97cea9527095,79,132,13,16,21,6587,2164,225,93,9.618,23.269
209,sigless_adbd100a08c3,97,163,10,12,14,6158,2154,271,108,7.948,19.944
787,sigless_502e5bfa8d5a,59,97,17,22,21,7044,2153,174,77,12.374,27.961
2009,sigless_af664e695666,82,137,14,18,19,6701,2147,234,97,9.175,22.134
535,sigless_cc540498f018,53,80,18,23,23,7106,2139,152,72,14.072,29.708
1542,sigless_148f77d7380c,81,138,12,15,16,6344,2117,232,94,9.125,22.521
2103,sigless_470f8bc43ad0,92,156,12,14,12,6218,2115,261,105,8.103,20.143
512,sigless_15ad71198701,61,102,16,20,23,6847,2101,180,78,11.672,26.936
1799,sigless_32d2c7ca9362,47,73,17,23,24,6974,2099,138,65,15.21,32.292
515,sigless_7d2e8ed321e8,46,70,18,23,25,7149,2091,135,65,15.489,32.169
746,sigless_05d7276e35f8,68,112,14,18,20,6521,2088,195,83,10.708,25.157
945,sigless_8a331f448580,62,99,15,20,20,6694,2087,177,78,11.791,26.756
471,sigless_95105e48c1e8,66,103,14,18,15,6368,2072,184,81,11.261,25.58
593,sigless_ed552125f186,59,97,15,20,17,6500,2031,172,75,11.808,27.08
270,sigless_553bab51bfc9,97,168,8,9,12,5644,2026,274,106,7.394,19.113
567,sigless_f69a19cc404b,65,101,17,20,21,6791,2021,184,83,10.984,24.349
1034,sigless_198562fcc704,61,97,15,19,17,6462,2019,174,77,11.603,26.221
208,sigless_67bb88ce699e,95,162,9,10,13,5717,2017,267,105,7.554,19.21
599,sigless_c564529d390a,65,104,14,17,17,6351,2012,184,80,10.935,25.15
1084,sigless_df98c7bdfbfa,58,99,15,20,19,6416,2005,173,74,11.59,27.095
460,sigless_3ff551d952ab,92,156,10,11,8,5655,1993,259,103,7.695,19.35
456,sigless_3015682ee30d,67,112,13,18,13,6116,1990,193,81,10.311,24.568
562,sigless_367c856e7b09,53,87,15,21,24,6554,1975,156,69,12.66,28.623
214,sigless_54142b1c1dfc,87,154,9,11,9,5559,1974,251,97,7.865,20.351
502,sigless_2516066a8a33,47,67,15,22,27,6688,1973,130,63,15.177,31.317
26,sigless_46a3dd2dee97,106,182,7,7,9,5276,1968,296,114,6.649,17.263
513,sigless_07c3783f819e,58,93,14,19,17,6223,1951,166,73,11.753,26.726
1532,sigless_1fa125aae2e1,62,104,15,19,18,6315,1944,182,78,10.681,24.923
937,sigless_b65bfd4e1c09,64,105,13,17,14,5942,1927,183,78,10.53,24.705
1179,sigless_a8b709e424be,86,149,10,12,8,5524,1927,246,97,7.833,19.866
476,sigless_023bd7678351,58,91,13,17,18,5959,1922,163,72,11.791,26.694
509,sigless_ecdba1f20916,59,100,15,19,15,6183,1921,175,75,10.977,25.613
552,sigless_81915896d27e,70,117,11,14,23,5841,1906,199,82,9.578,23.244
1791,sigless_2a8674ba4eac,70,117,11,14,23,5834,1899,199,82,9.543,23.159
497,sigless_3d2fb5109b32,53,84,13,18,22,6145,1896,151,67,12.556,28.299
868,sigless_0507b4b78962,48,77,15,20,16,6144,1875,141,64,13.298,29.297
79,sigless_5356bf3248b8,88,148,9,10,9,5334,1872,246,98,7.61,19.102
516,sigless_89225991a53f,67,111,11,14,18,5730,1869,190,79,9.837,23.658
656,sigless_0edf1a833bcf,46,72,14,19,21,6070,1869,133,61,14.053,30.639
2054,sigless_3cc825c92fbb,83,139,9,10,13,5367,1863,232,93,8.03,20.032
448,sigless_e19a86f10606,82,145,10,13,7,5359,1861,238,93,7.819,20.011
310,sigless_97decd4f7443,78,128,9,11,12,5355,1859,216,88,8.606,21.125
1601,sigless_9e473d8d4c63,65,108,12,16,13,5699,1859,186,78,9.995,23.833
143,sigless_971ecf15eeb7,89,143,8,9,8,5018,1857,241,98,7.705,18.949
475,sigless_f3f39bc2c4e1,57,92,13,17,16,5829,1857,163,71,11.393,26.155
839,sigless_7412fc8a275b,72,119,12,14,8,5579,1848,204,85,9.059,21.741
571,sigless_037a83cfa693,65,104,13,16,14,5828,1841,183,79,10.06,23.304
520,sigless_a85966f77adb,42,63,15,20,21,6160,1837,121,58,15.182,31.672
1239,sigless_6732ad0e03c2,95,164,8,8,8,5063,1834,268,104,6.843,17.635
90,sigless_bb79fb181ca4,66,107,11,14,13,5474,1819,185,78,9.832,23.321
1295,sigless_af41f65d49ad,66,106,12,14,14,5662,1815,185,79,9.811,22.975
305,sigless_16750f2b50db,58,93,12,15,15,5614,1813,164,71,11.055,25.535
1936,sigless_9f2a939d0dac,45,72,16,21,10,5995,1802,134,62,13.448,29.065
477,sigless_3b0bbd2b96f7,59,94,13,17,14,5722,1799,167,73,10.772,24.644
1916,sigless_f900a5a8bbcb,71,120,9,11,15,5206,1774,201,81,8.826,21.901
570,sigless_6b1fb00348be,67,110,11,14,12,5427,1771,189,79,9.37,22.418
583,sigless_fd2fb70f256a,41,61,14,19,23,5943,1767,117,56,15.103,31.554
297,sigless_e0c5a7b6ec4b,79,139,9,12,7,4976,1748,228,89,7.667,19.64
228,sigless_fb3e17ee0c3a,76,129,8,10,9,4961,1725,214,85,8.061,20.294
1731,sigless_cb7f0dda4063,74,124,9,11,7,4953,1723,208,84,8.284,20.512
1980,sigless_e09dec811256,69,114,10,12,11,5090,1717,194,80,8.851,21.462
195,sigless_6604a0a3d6ed,55,86,11,14,13,5153,1697,153,67,11.092,25.328
526,sigless_6b314672515e,68,114,9,11,13,4975,1696,192,78,8.833,21.744
115,sigless_1b51da6470dc,88,154,6,6,7,4543,1676,249,95,6.731,17.642
1175,sigless_9fac3f3ee538,69,117,9,12,6,4869,1674,196,79,8.541,21.19
28,sigless_866297fd3761,64,105,10,13,6,4963,1665,180,75,9.25,22.2
541,sigless_8bafc62c65e4,37,56,13,17,24,5564,1664,107,51,15.551,32.627
193,sigless_1e9d4fb93ebc,64,104,10,12,7,4901,1652,179,75,9.229,22.027
946,sigless_f2e9ae140c31,67,107,10,12,10,4939,1638,185,78,8.854,21.0
1759,sigless_b5205e4b767f,31,44,14,18,19,5455,1629,90,46,18.1,35.413
205,sigless_05ea627bbfb5,86,147,6,6,7,4446,1627,240,93,6.779,17.495
524,sigless_94b1edd9b15b,56,90,11,13,15,5029,1611,158,68,10.196,23.691
469,sigless_34f95ce2a1a8,52,81,11,14,10,4894,1599,145,64,11.028,24.984
1380,sigless_1b37298418df,49,82,12,15,13,5063,1597,144,62,11.09,25.758
598,sigless_b368cb06bde1,55,88,12,15,11,5052,1595,156,68,10.224,23.456
2118,sigless_c74b344ea414,66,114,8,10,8,4569,1585,189,75,8.386,21.133
442,sigless_cdc7c1159a85,78,137,6,6,7,4302,1571,222,85,7.077,18.482
521,sigless_c41729040615,69,115,8,9,7,4467,1562,193,78,8.093,20.026
781,sigless_b0affe348ad0,55,91,11,13,9,4871,1561,158,67,9.88,23.299
1051,sigless_dc6d7156f280,71,121,8,9,7,4431,1549,201,80,7.706,19.363
1384,sigless_e1ff015639f8,61,98,10,11,10,4623,1540,170,72,9.059,21.389
1712,sigless_213fc2bb261b,56,91,10,13,12,4747,1538,158,67,9.734,22.955
531,sigless_6e4974ba05d6,65,108,9,10,7,4491,1524,183,75,8.328,20.32
41,sigless_de21a24ed292,85,143,6,6,5,4093,1520,235,92,6.468,16.522
289,sigless_7e60582b33f7,71,123,7,8,8,4281,1515,202,79,7.5,19.177
644,sigless_4465ff991c91,59,96,9,11,9,4499,1506,165,69,9.127,21.826
30,sigless_34e9dc99606e,57,93,9,12,5,4405,1500,160,67,9.375,22.388
1559,sigless_68b836dc17cb,60,100,8,10,12,4439,1497,169,69,8.858,21.696
94,sigless_492b0a274933,72,123,6,6,6,4059,1490,202,79,7.376,18.861
479,sigless_a81d20cd6514,43,64,11,14,13,4776,1489,119,55,12.513,27.073
596,sigless_99f8118ac550,62,105,8,9,10,4340,1489,176,71,8.46,20.972
1187,sigless_98747a98cae3,62,105,8,10,5,4284,1487,176,71,8.449,20.944
478,sigless_022d6a0cd643,43,64,11,14,13,4775,1478,119,55,12.42,26.873
1193,sigless_743b302a38bb,51,87,11,14,14,4728,1475,150,63,9.833,23.413
484,sigless_01126ebb4601,57,93,9,11,8,4392,1469,160,67,9.181,21.925
554,sigless_612c31a40df0,49,83,11,14,11,4624,1468,144,61,10.194,24.066
2122,sigless_fcd2fb050bf6,59,98,8,10,10,4315,1454,166,68,8.759,21.382
464,sigless_cfc3df3a60ca,70,118,6,6,3,3914,1453,195,77,7.451,18.87
480,sigless_d90d5bfe312c,41,62,11,14,14,4699,1452,115,53,12.626,27.396
485,sigless_9d5e16d49caa,73,127,6,6,6,3957,1452,207,80,7.014,18.15
986,sigless_5af03fd8ef7b,50,85,11,14,11,4646,1452,147,62,9.878,23.419
269,sigless_a7ae11d407e8,71,122,6,6,6,3996,1440,200,78,7.2,18.462
1560,sigless_9815c3a7cb3e,51,82,10,12,11,4495,1437,144,62,9.979,23.177
579,sigless_84449734ca07,64,106,8,9,7,4216,1433,179,73,8.006,19.63
553,sigless_3b143aa33af0,58,97,8,9,9,4216,1416,164,67,8.634,21.134
1142,sigless_073ef50050bd,62,102,8,9,7,4165,1414,173,71,8.173,19.915
586,sigless_bef2e2baa600,51,80,10,12,10,4431,1409,142,62,9.923,22.726
1102,sigless_b64bb0d0dd70,62,108,7,8,8,4015,1402,178,70,7.876,20.029
466,sigless_7242b7e9018b,47,74,10,13,12,4386,1400,132,58,10.606,24.138
560,sigless_16d8465cf32f,44,73,11,14,9,4445,1394,129,56,10.806,24.893
223,sigless_f430d8eed10f,69,120,6,6,3,3817,1391,196,76,7.097,18.303
928,sigless_73f9e7c2b2e2,66,111,6,7,5,3892,1390,184,73,7.554,19.041
2074,sigless_f313c6aa6b38,60,102,7,9,5,3990,1388,170,68,8.165,20.412
1838,sigless_f2b73e56a10d,55,92,7,9,5,3805,1311,155,63,8.458,20.81
453,sigless_ac8a1737bea8,60,96,7,7,5,3717,1308,164,68,7.976,19.235
527,sigless_d790ff6bf02e,40,64,10,13,13,4248,1306,115,51,11.357,25.608
251,sigless_7a2f94b2a4cb,66,109,5,5,5,3431,1302,181,72,7.193,18.083
120,sigless_32e3cbeb2171,64,110,5,5,5,3487,1277,180,70,7.094,18.243
584,sigless_069856d0b7f4,58,99,7,8,8,3738,1277,165,66,7.739,19.348
549,sigless_6ed6d93b57fc,53,89,7,9,5,3748,1274,150,61,8.493,20.885
566,sigless_f3e2c3b85193,44,71,8,9,10,3860,1269,124,53,10.234,23.943
113,sigless_79a8dd260f8c,56,93,7,8,7,3743,1266,157,64,8.064,19.781
111,sigless_5e9dafb2479a,63,106,5,5,5,3461,1263,175,69,7.217,18.304
632,sigless_3f2345010a60,34,54,11,14,10,4175,1251,100,46,12.51,27.196
565,sigless_db7feaefc962,37,55,10,12,11,4018,1250,103,48,12.136,26.042
2008,sigless_db577636f2a7,51,85,7,9,5,3665,1247,144,59,8.66,21.136
2181,sigless_793fa2336cda,63,110,5,5,4,3358,1247,179,69,6.966,18.072
582,sigless_2499f3b025bd,45,67,11,11,10,4079,1245,124,57,10.04,21.842
1787,sigless_0c2f2f6c7b35,57,98,6,7,5,3528,1241,162,64,7.66,19.391
1789,sigless_db465188cf87,53,90,7,8,6,3641,1239,151,61,8.205,20.311
182,sigless_ac9813d5b875,61,102,5,5,5,3396,1235,169,67,7.308,18.433
1024,sigless_d5c0ef06d7a0,58,94,6,6,6,3516,1225,159,65,7.704,18.846
266,sigless_614262e191e5,61,105,5,5,5,3373,1223,172,67,7.11,18.254
202,sigless_a53daafdb2f6,67,115,5,5,5,3331,1217,188,73,6.473,16.671
522,sigless_0b6290c1bc5f,50,83,7,9,5,3615,1214,141,58,8.61,20.931
1764,sigless_9f4beb9e13c3,36,59,9,11,15,3870,1205,105,46,11.476,26.196
207,sigless_031f51486eea,41,63,9,11,5,3729,1187,114,51,10.412,23.275
1043,sigless_0a931bf567b8,48,75,8,9,7,3659,1185,132,57,8.977,20.789
465,sigless_c9096e0ddd6f,57,99,5,5,3,3190,1184,162,63,7.309,18.794
1446,sigless_ec2433dcab23,54,87,6,6,6,3382,1184,148,61,8.0,19.41
855,sigless_6a8dc6897ded,57,100,5,5,5,3198,1182,163,63,7.252,18.762
2163,sigless_96857a2fd055,58,97,6,6,4,3338,1179,162,65,7.278,18.138
490,sigless_124e664fe662,44,69,8,10,7,3606,1172,122,53,9.607,22.113
492,sigless_d4fca4a02691,36,56,8,10,10,3607,1159,101,45,11.475,25.756
556,sigless_6db71c675d48,53,85,6,6,6,3336,1154,145,60,7.959,19.233
67,sigless_6008c0594bc3,58,92,6,4,2,3235,1148,157,65,7.312,17.662
87,sigless_fc59d9400c13,47,73,7,9,3,3416,1147,128,55,8.961,20.855
514,sigless_ac8cdbdba57a,49,79,7,8,5,3417,1145,136,57,8.419,20.088
568,sigless_138ce9eaad5e,48,77,7,8,5,3399,1142,133,56,8.586,20.393
71,sigless_73473598ab1b,56,91,5,5,5,3179,1141,153,62,7.458,18.403
576,sigless_9943023d2aba,50,80,7,7,6,3393,1141,138,58,8.268,19.672
546,sigless_f5df9c453178,45,69,8,8,5,3487,1133,123,54,9.211,20.981
212,sigless_a5d336663a62,58,95,5,4,3,3111,1129,159,64,7.101,17.641
537,sigless_e9eb6e557575,54,90,5,5,5,3163,1129,150,60,7.527,18.817
1182,sigless_40c2d861da38,52,83,6,6,6,3269,1123,142,59,7.908,19.034
491,sigless_ff00215d103e,38,61,8,10,8,3519,1117,108,47,10.343,23.766
1515,sigless_d2c37f7a90d8,50,80,6,6,6,3221,1108,137,57,8.088,19.439
21,sigless_24891ee6efde,52,88,5,5,4,3053,1105,146,58,7.568,19.052
536,sigless_4f9074a7eed5,54,92,5,5,4,3066,1104,152,60,7.263,18.4
533,sigless_7c692ff41d8b,54,94,5,5,4,3041,1100,154,60,7.143,18.333
373,sigless_28044f7b7ba4,54,86,5,5,5,3016,1095,146,60,7.5,18.25
213,sigless_fda7afb45ae6,55,87,6,4,2,3089,1083,149,62,7.268,17.468
77,sigless_a3ae4fa21692,54,87,5,5,4,3048,1082,147,60,7.361,18.033
1676,sigless_3366bdb728e8,52,87,5,5,4,3006,1072,145,58,7.393,18.483
511,sigless_68e70b6e3ee0,48,76,6,6,5,3121,1070,131,55,8.168,19.455
557,sigless_b11b19c460d3,47,74,6,6,6,3112,1056,128,54,8.25,19.556
2072,sigless_a4d00017dbef,50,84,5,5,2,2879,1034,140,56,7.386,18.464
508,sigless_921a14a5f720,45,70,6,6,5,3023,1030,122,52,8.443,19.808
198,sigless_fca848de5fa1,56,85,5,5,1,2779,1028,147,62,6.993,16.581
233,sigless_76f885fdf899,50,78,5,5,2,2947,1028,134,56,7.672,18.357
572,sigless_a379eff40271,39,62,6,7,3,2924,977,108,46,9.046,21.239
1332,sigless_d1eaa8d7b257,36,58,7,8,4,3004,976,102,44,9.569,22.182
517,sigless_8d4eee82bddf,26,38,8,10,8,3154,946,73,35,12.959,27.029
1603,sigless_03c031fc2414,41,68,6,6,4,2808,945,116,48,8.147,19.688
1527,sigless_376676a7954f,47,79,4,4,3,2605,943,131,52,7.198,18.135
578,sigless_0de0b2c1403b,47,81,4,4,3,2521,920,133,52,6.917,17.692
1080,sigless_a5960753609a,46,79,4,4,3,2524,916,130,51,7.046,17.961
837,sigless_86dddf478ce3,48,81,4,4,3,2513,904,134,53,6.746,17.057
1039,sigless_3c0642849805,44,75,4,4,3,2441,885,124,49,7.137,18.061
489,sigless_851ca47e8650,44,73,4,4,3,2472,883,122,49,7.238,18.02
534,sigless_4c8b59edb066,40,62,5,5,4,2537,869,108,46,8.046,18.891
488,sigless_160db68bff81,42,69,4,4,3,2412,862,116,47,7.431,18.34
577,sigless_d50058854fcb,45,74,4,4,3,2433,857,124,50,6.911,17.14
585,sigless_245fb6173f5d,43,73,4,4,3,2408,857,121,48,7.083,17.854
191,sigless_179bd653c6f4,43,66,4,4,2,2384,848,114,48,7.439,17.667
175,sigless_704a38ed6e57,43,70,4,4,3,2379,841,118,48,7.127,17.521
97,sigless_328d057a3918,40,67,4,4,2,2293,829,112,45,7.402,18.422
581,sigless_d31452461c65,40,64,4,4,3,2350,822,109,45,7.541,18.267
1130,sigless_886756ad8bf3,38,61,4,4,3,2333,822,104,43,7.904,19.116
550,sigless_13119a589f29,39,65,4,4,3,2307,818,109,44,7.505,18.591
580,sigless_f156abe23b40,38,58,5,5,4,2425,817,102,44,8.01,18.568
519,sigless_83287f2a7c2f,37,59,4,4,3,2306,806,101,42,7.98,19.19
594,sigless_211bc5d1b816,36,54,5,5,4,2395,802,96,42,8.354,19.095
1008,sigless_58746dfa400d,36,55,5,5,4,2398,798,97,42,8.227,19.0
318,sigless_215e52943b05,37,59,4,4,3,2225,796,101,42,7.881,18.952
994,sigless_750cbb2afc88,37,59,4,4,3,2285,796,101,42,7.881,18.952
588,sigless_fae4f3e5cb6e,39,64,4,4,3,2267,795,108,44,7.361,18.068
2026,sigless_574f0e5c20e4,39,65,4,4,3,2257,792,109,44,7.266,18.0
189,sigless_6af9fceb80e8,40,62,4,4,3,2234,790,107,45,7.383,17.556
503,sigless_1e074deb3f08,35,53,5,5,4,2344,780,94,41,8.298,19.024
591,sigless_daeaf17b365c,38,63,4,4,3,2218,775,106,43,7.311,18.023
76,sigless_c2416805fabe,39,60,4,4,3,2177,766,104,44,7.365,17.409
525,sigless_083954eb2fb3,37,61,4,4,3,2200,763,103,42,7.408,18.167
633,sigless_561333b633a8,36,57,4,4,2,2188,762,98,41,7.776,18.585
486,sigless_51bfb44ffc84,36,59,4,4,3,2171,754,100,41,7.54,18.39
194,sigless_3cbb0f19e999,39,60,4,4,3,2177,748,104,44,7.192,17.0
192,sigless_5674ae7f919c,36,56,4,4,2,2132,747,97,41,7.701,18.22
589,sigless_de6a5acac393,35,55,4,4,2,2142,744,95,40,7.832,18.6
530,sigless_ee6974eab08e,34,55,4,4,2,2104,733,94,39,7.798,18.795
555,sigless_0c8772846c12,36,59,4,4,3,2128,732,100,41,7.32,17.854
1698,sigless_dd197882897f,34,56,4,4,2,2075,719,95,39,7.568,18.436
528,sigless_e9d0414a6c4c,32,50,4,4,2,2073,718,87,37,8.253,19.405
795,sigless_a1c47e9a6462,32,49,4,4,2,2056,715,86,37,8.314,19.324
544,sigless_de99a1e30701,32,49,4,4,3,2071,704,86,37,8.186,19.027
1726,sigless_af90c8d47630,33,54,4,4,3,2049,703,92,38,7.641,18.5
574,sigless_d518be7dacdd,33,54,4,4,3,2049,701,92,38,7.62,18.447
1800,sigless_4842bfa84b52,32,51,4,4,2,2035,700,88,37,7.955,18.919
539,sigless_bcd24e6f2c18,31,48,4,4,2,2025,690,84,36,8.214,19.167
545,sigless_7a0508b02c83,24,38,6,7,4,2266,683,69,31,9.899,22.032
573,sigless_2109d025019a,31,48,4,4,2,1971,674,84,36,8.024,18.722
1587,sigless_e9d0502871e3,32,52,4,4,2,1967,674,89,37,7.573,18.216
523,sigless_358a4b71825b,31,50,4,4,2,1941,662,86,36,7.698,18.389
590,sigless_1b1ea7b75cff,30,46,4,4,1,1949,662,81,35,8.173,18.914
1137,sigless_e42f027e1199,30,47,4,4,1,1922,661,82,35,8.061,18.886
142,sigless_06eea7f52fba,35,53,4,4,2,1893,655,93,40,7.043,16.375
592,sigless_9349d2199f5c,31,50,4,4,2,1934,654,86,36,7.605,18.167
595,sigless_739912711571,31,50,4,4,2,1934,654,86,36,7.605,18.167
540,sigless_5a30d6da004b,29,45,4,4,1,1874,635,79,34,8.038,18.676
66,sigless_42cd7721fadd,29,46,4,4,1,1814,618,80,34,7.725,18.176
225,sigless_0c6f2eaae053,29,43,4,4,1,1794,616,77,34,8.0,18.118
518,sigless_036147af4595,29,46,4,4,1,1819,611,80,34,7.638,17.971
863,sigless_2f2b9da28def,28,43,3,3,1,1616,556,75,32,7.413,17.375
1334,sigless_08a97c3f3f6b,27,41,3,3,1,1589,555,72,31,7.708,17.903
1355,sigless_9069c08f5f4b,28,45,3,3,1,1583,554,77,32,7.195,17.312
542,sigless_808e9e3c429f,27,41,3,3,1,1569,546,72,31,7.583,17.613
547,sigless_019cb11e62b5,27,43,3,3,1,1548,538,74,31,7.27,17.355
201,sigless_54284a2441d7,27,38,3,3,1,1549,535,69,31,7.754,17.258
1700,sigless_b4ffa3e03e0f,28,44,3,3,1,1559,533,76,32,7.013,16.656
769,sigless_b44f5ee43b05,26,41,3,3,1,1491,527,71,30,7.423,17.567
308,sigless_0c02b49e2d83,26,37,3,3,1,1500,519,67,30,7.746,17.3
506,sigless_4760e7483bb0,26,41,3,3,1,1487,512,71,30,7.211,17.067
600,sigless_fc309b4888da,24,36,3,3,1,1488,508,64,28,7.938,18.143
529,sigless_0b1aeec69fdd,23,34,3,3,1,1461,497,61,27,8.148,18.407
710,sigless_f529c5a7cbbb,25,39,3,3,1,1461,497,68,29,7.309,17.138
227,sigless_eb7c1fd303d8,25,36,3,3,1,1438,491,65,29,7.554,16.931
538,sigless_91040f015e13,23,34,3,3,1,1441,489,61,27,8.016,18.111
226,sigless_1411951dfcee,23,34,3,3,1,1427,477,61,27,7.82,17.667
106,sigless_a32cb6578893,23,33,3,3,1,1372,475,60,27,7.917,17.593
454,sigless_5e822176f9e7,21,28,3,3,1,1344,462,53,25,8.717,18.48
494,sigless_2dc4fe21c7f5,22,32,3,3,1,1345,446,58,26,7.69,17.154
81,sigless_8c4a598f53c2,19,25,3,3,1,1288,433,48,23,9.021,18.826
1230,sigless_ee918d23b3db,21,31,3,3,1,1295,432,56,25,7.714,17.28
1246,sigless_542ea202d1d5,21,30,3,3,1,1334,431,55,25,7.836,17.24
482,sigless_e2e78e142120,19,27,3,3,1,1270,420,50,23,8.4,18.261
107,sigless_881bd76a8215,17,22,3,3,1,1227,402,43,21,9.349,19.143
231,sigless_18226b85cb19,17,21,3,3,1,1220,398,42,21,9.476,18.952
487,sigless_dca382e64e86,17,23,3,3,1,1233,397,44,21,9.023,18.905
1255,sigless_7a06161c48cb,16,22,3,3,1,1187,380,42,20,9.048,19.0
206,sigless_438e8e99ae4c,15,19,3,3,1,1163,375,38,19,9.868,19.737
493,sigless_a093bdc74b83,16,21,3,3,1,1165,375,41,20,9.146,18.75
449,sigless_a26b35e44f9b,14,17,3,3,1,1126,348,35,18,9.943,19.333
302,sigless_a5a2e7a18847,14,17,3,3,1,1114,347,35,18,9.914,19.278
181,sigless_7923bae67139,14,17,3,3,1,1126,346,35,18,9.886,19.222
883,sigless_8013cbe9fe7c,14,18,3,3,1,1119,344,36,18,9.556,19.111
2,sigless_b96e50595783,13,16,3,3,1,1103,342,33,17,10.364,20.118
185,sigless_eb2688fbe445,12,14,3,3,1,1070,329,30,16,10.967,20.562
468,sigless_37f20fac0066,11,12,3,3,1,1068,324,27,15,12.0,21.6
