Traceback (most recent call last):
  File "/workspace/hybrid_training_patch_v2_3/scripts/evaluation/t5gemma2_f2_passk_inference.py", line 1073, in <module>
    raise SystemExit(main(sys.argv[1:]))
                     ^^^^^^^^^^^^^^^^^^
  File "/workspace/hybrid_training_patch_v2_3/scripts/evaluation/t5gemma2_f2_passk_inference.py", line 1068, in main
    run(parse_args(argv))
  File "/workspace/hybrid_training_patch_v2_3/scripts/evaluation/t5gemma2_f2_passk_inference.py", line 874, in run
    model, tokenizer, loaded_record = load_policy(
                                      ^^^^^^^^^^^^
  File "/workspace/hybrid_training_patch_v2_3/scripts/evaluation/t5gemma2_f2_passk_inference.py", line 620, in load_policy
    base = AutoModelForSeq2SeqLM.from_pretrained(
           ^^^^^^^^^^^^^^^^^^^^^^^^^^^^^^^^^^^^^^
  File "/venv/main/lib/python3.12/site-packages/transformers/models/auto/auto_factory.py", line 405, in from_pretrained
    return model_class.from_pretrained(
           ^^^^^^^^^^^^^^^^^^^^^^^^^^^^
  File "/venv/main/lib/python3.12/site-packages/transformers/modeling_utils.py", line 4204, in from_pretrained
    checkpoint_files, sharded_metadata = _get_resolved_checkpoint_files(
                                         ^^^^^^^^^^^^^^^^^^^^^^^^^^^^^^^
  File "/venv/main/lib/python3.12/site-packages/transformers/modeling_utils.py", line 697, in _get_resolved_checkpoint_files
    raise OSError(
OSError: google/t5gemma-2-4b-4b does not appear to have a file named model.safetensors or model.safetensors.index.json and thus cannot be loaded with `safetensors`. Please do not set `use_safetensors=True`.
Traceback (most recent call last):
  File "/workspace/hybrid_training_patch_v2_3/scripts/evaluation/t5gemma2_f2_passk_inference.py", line 1073, in <module>
    raise SystemExit(main(sys.argv[1:]))
                     ^^^^^^^^^^^^^^^^^^
  File "/workspace/hybrid_training_patch_v2_3/scripts/evaluation/t5gemma2_f2_passk_inference.py", line 1068, in main
    run(parse_args(argv))
  File "/workspace/hybrid_training_patch_v2_3/scripts/evaluation/t5gemma2_f2_passk_inference.py", line 874, in run
    model, tokenizer, loaded_record = load_policy(
                                      ^^^^^^^^^^^^
  File "/workspace/hybrid_training_patch_v2_3/scripts/evaluation/t5gemma2_f2_passk_inference.py", line 620, in load_policy
    base = AutoModelForSeq2SeqLM.from_pretrained(
           ^^^^^^^^^^^^^^^^^^^^^^^^^^^^^^^^^^^^^^
  File "/venv/main/lib/python3.12/site-packages/transformers/models/auto/auto_factory.py", line 405, in from_pretrained
    return model_class.from_pretrained(
           ^^^^^^^^^^^^^^^^^^^^^^^^^^^^
  File "/venv/main/lib/python3.12/site-packages/transformers/modeling_utils.py", line 4204, in from_pretrained
    checkpoint_files, sharded_metadata = _get_resolved_checkpoint_files(
                                         ^^^^^^^^^^^^^^^^^^^^^^^^^^^^^^^
  File "/venv/main/lib/python3.12/site-packages/transformers/modeling_utils.py", line 797, in _get_resolved_checkpoint_files
    checkpoint_files, sharded_metadata = get_checkpoint_shard_files(
                                         ^^^^^^^^^^^^^^^^^^^^^^^^^^^
  File "/venv/main/lib/python3.12/site-packages/transformers/utils/hub.py", line 879, in get_checkpoint_shard_files
    cached_filenames = cached_files(
                       ^^^^^^^^^^^^^
  File "/venv/main/lib/python3.12/site-packages/transformers/utils/hub.py", line 528, in cached_files
    raise OSError(
OSError: google/t5gemma-2-4b-4b does not appear to have files named ('model-00001-of-00004.safetensors', 'model-00002-of-00004.safetensors', 'model-00003-of-00004.safetensors', 'model-00004-of-00004.safetensors'). Checkout 'https://huggingface.co/google/t5gemma-2-4b-4b/tree/487d4acf21a4d70c70bf534265b5263c9424979e' for available files.
Loading weights:   0%|          | 0/1327 [00:00<?, ?it/s]Loading weights:  33%|███▎      | 433/1327 [00:00<00:00, 4284.78it/s]Loading weights:  65%|██████▍   | 862/1327 [00:00<00:00, 4284.39it/s]Loading weights: 100%|██████████| 1327/1327 [00:00<00:00, 5411.96it/s]
[transformers] Both `min_new_tokens` (=0) and `min_length`(=0) seem to have been set. `min_new_tokens` will take precedence. Please refer to the documentation for more information. (https://huggingface.co/docs/transformers/main/en/main_classes/text_generation)
{"arm": "sft", "max_token_completions": 0, "mean_action_tokens": 460.5, "task": 1, "task_id": "sigless_6f74b303025c", "tasks": 175}
[transformers] Both `min_new_tokens` (=0) and `min_length`(=0) seem to have been set. `min_new_tokens` will take precedence. Please refer to the documentation for more information. (https://huggingface.co/docs/transformers/main/en/main_classes/text_generation)
{"arm": "sft", "max_token_completions": 0, "mean_action_tokens": 263.1, "task": 2, "task_id": "sigless_1eae8c49db66", "tasks": 175}
[transformers] Both `min_new_tokens` (=0) and `min_length`(=0) seem to have been set. `min_new_tokens` will take precedence. Please refer to the documentation for more information. (https://huggingface.co/docs/transformers/main/en/main_classes/text_generation)
{"arm": "sft", "max_token_completions": 0, "mean_action_tokens": 381.0, "task": 3, "task_id": "sigless_8230c078962e", "tasks": 175}
[transformers] Both `min_new_tokens` (=0) and `min_length`(=0) seem to have been set. `min_new_tokens` will take precedence. Please refer to the documentation for more information. (https://huggingface.co/docs/transformers/main/en/main_classes/text_generation)
{"arm": "sft", "max_token_completions": 0, "mean_action_tokens": 557.8, "task": 4, "task_id": "sigless_ef71ae50a5fb", "tasks": 175}
[transformers] Both `min_new_tokens` (=0) and `min_length`(=0) seem to have been set. `min_new_tokens` will take precedence. Please refer to the documentation for more information. (https://huggingface.co/docs/transformers/main/en/main_classes/text_generation)
{"arm": "sft", "max_token_completions": 0, "mean_action_tokens": 123.2, "task": 5, "task_id": "sigless_0c28ea18fc09", "tasks": 175}
[transformers] Both `min_new_tokens` (=0) and `min_length`(=0) seem to have been set. `min_new_tokens` will take precedence. Please refer to the documentation for more information. (https://huggingface.co/docs/transformers/main/en/main_classes/text_generation)
{"arm": "sft", "max_token_completions": 0, "mean_action_tokens": 206.3, "task": 6, "task_id": "sigless_9dcc77211b03", "tasks": 175}
[transformers] Both `min_new_tokens` (=0) and `min_length`(=0) seem to have been set. `min_new_tokens` will take precedence. Please refer to the documentation for more information. (https://huggingface.co/docs/transformers/main/en/main_classes/text_generation)
{"arm": "sft", "max_token_completions": 0, "mean_action_tokens": 228.2, "task": 7, "task_id": "sigless_e3b7af399229", "tasks": 175}
[transformers] Both `min_new_tokens` (=0) and `min_length`(=0) seem to have been set. `min_new_tokens` will take precedence. Please refer to the documentation for more information. (https://huggingface.co/docs/transformers/main/en/main_classes/text_generation)
{"arm": "sft", "max_token_completions": 0, "mean_action_tokens": 217.7, "task": 8, "task_id": "sigless_f2b582d1df68", "tasks": 175}
[transformers] Both `min_new_tokens` (=0) and `min_length`(=0) seem to have been set. `min_new_tokens` will take precedence. Please refer to the documentation for more information. (https://huggingface.co/docs/transformers/main/en/main_classes/text_generation)
{"arm": "sft", "max_token_completions": 0, "mean_action_tokens": 259.0, "task": 9, "task_id": "sigless_af8ea815d9ac", "tasks": 175}
[transformers] Both `min_new_tokens` (=0) and `min_length`(=0) seem to have been set. `min_new_tokens` will take precedence. Please refer to the documentation for more information. (https://huggingface.co/docs/transformers/main/en/main_classes/text_generation)
{"arm": "sft", "max_token_completions": 0, "mean_action_tokens": 299.8, "task": 10, "task_id": "sigless_ed4d7dcd5f20", "tasks": 175}
[transformers] Both `min_new_tokens` (=0) and `min_length`(=0) seem to have been set. `min_new_tokens` will take precedence. Please refer to the documentation for more information. (https://huggingface.co/docs/transformers/main/en/main_classes/text_generation)
{"arm": "sft", "max_token_completions": 0, "mean_action_tokens": 194.0, "task": 11, "task_id": "sigless_ac1a3f90780a", "tasks": 175}
[transformers] Both `min_new_tokens` (=0) and `min_length`(=0) seem to have been set. `min_new_tokens` will take precedence. Please refer to the documentation for more information. (https://huggingface.co/docs/transformers/main/en/main_classes/text_generation)
{"arm": "sft", "max_token_completions": 0, "mean_action_tokens": 121.0, "task": 12, "task_id": "sigless_2607923a35c2", "tasks": 175}
[transformers] Both `min_new_tokens` (=0) and `min_length`(=0) seem to have been set. `min_new_tokens` will take precedence. Please refer to the documentation for more information. (https://huggingface.co/docs/transformers/main/en/main_classes/text_generation)
{"arm": "sft", "max_token_completions": 1, "mean_action_tokens": 1297.3, "task": 13, "task_id": "sigless_9acafa491865", "tasks": 175}
[transformers] Both `min_new_tokens` (=0) and `min_length`(=0) seem to have been set. `min_new_tokens` will take precedence. Please refer to the documentation for more information. (https://huggingface.co/docs/transformers/main/en/main_classes/text_generation)
{"arm": "sft", "max_token_completions": 0, "mean_action_tokens": 107.4, "task": 14, "task_id": "sigless_08a97c3f3f6b", "tasks": 175}
[transformers] Both `min_new_tokens` (=0) and `min_length`(=0) seem to have been set. `min_new_tokens` will take precedence. Please refer to the documentation for more information. (https://huggingface.co/docs/transformers/main/en/main_classes/text_generation)
{"arm": "sft", "max_token_completions": 0, "mean_action_tokens": 108.0, "task": 15, "task_id": "sigless_561333b633a8", "tasks": 175}
[transformers] Both `min_new_tokens` (=0) and `min_length`(=0) seem to have been set. `min_new_tokens` will take precedence. Please refer to the documentation for more information. (https://huggingface.co/docs/transformers/main/en/main_classes/text_generation)
{"arm": "sft", "max_token_completions": 0, "mean_action_tokens": 133.5, "task": 16, "task_id": "sigless_43bc373e09d3", "tasks": 175}
[transformers] Both `min_new_tokens` (=0) and `min_length`(=0) seem to have been set. `min_new_tokens` will take precedence. Please refer to the documentation for more information. (https://huggingface.co/docs/transformers/main/en/main_classes/text_generation)
{"arm": "sft", "max_token_completions": 0, "mean_action_tokens": 456.2, "task": 17, "task_id": "sigless_7968d9b30560", "tasks": 175}
[transformers] Both `min_new_tokens` (=0) and `min_length`(=0) seem to have been set. `min_new_tokens` will take precedence. Please refer to the documentation for more information. (https://huggingface.co/docs/transformers/main/en/main_classes/text_generation)
{"arm": "sft", "max_token_completions": 0, "mean_action_tokens": 173.2, "task": 18, "task_id": "sigless_682c5301dfb2", "tasks": 175}
[transformers] Both `min_new_tokens` (=0) and `min_length`(=0) seem to have been set. `min_new_tokens` will take precedence. Please refer to the documentation for more information. (https://huggingface.co/docs/transformers/main/en/main_classes/text_generation)
{"arm": "sft", "max_token_completions": 0, "mean_action_tokens": 434.0, "task": 19, "task_id": "sigless_37c22f197b0e", "tasks": 175}
[transformers] Both `min_new_tokens` (=0) and `min_length`(=0) seem to have been set. `min_new_tokens` will take precedence. Please refer to the documentation for more information. (https://huggingface.co/docs/transformers/main/en/main_classes/text_generation)
{"arm": "sft", "max_token_completions": 0, "mean_action_tokens": 446.6, "task": 20, "task_id": "sigless_34e9dc99606e", "tasks": 175}
[transformers] Both `min_new_tokens` (=0) and `min_length`(=0) seem to have been set. `min_new_tokens` will take precedence. Please refer to the documentation for more information. (https://huggingface.co/docs/transformers/main/en/main_classes/text_generation)
{"arm": "sft", "max_token_completions": 0, "mean_action_tokens": 724.7, "task": 21, "task_id": "sigless_6ad70e03dabe", "tasks": 175}
[transformers] Both `min_new_tokens` (=0) and `min_length`(=0) seem to have been set. `min_new_tokens` will take precedence. Please refer to the documentation for more information. (https://huggingface.co/docs/transformers/main/en/main_classes/text_generation)
{"arm": "sft", "max_token_completions": 0, "mean_action_tokens": 136.3, "task": 22, "task_id": "sigless_217ef71865c3", "tasks": 175}
[transformers] Both `min_new_tokens` (=0) and `min_length`(=0) seem to have been set. `min_new_tokens` will take precedence. Please refer to the documentation for more information. (https://huggingface.co/docs/transformers/main/en/main_classes/text_generation)
{"arm": "sft", "max_token_completions": 0, "mean_action_tokens": 442.4, "task": 23, "task_id": "sigless_295a1f5c7259", "tasks": 175}
[transformers] Both `min_new_tokens` (=0) and `min_length`(=0) seem to have been set. `min_new_tokens` will take precedence. Please refer to the documentation for more information. (https://huggingface.co/docs/transformers/main/en/main_classes/text_generation)
{"arm": "sft", "max_token_completions": 0, "mean_action_tokens": 228.6, "task": 24, "task_id": "sigless_3b143aa33af0", "tasks": 175}
[transformers] Both `min_new_tokens` (=0) and `min_length`(=0) seem to have been set. `min_new_tokens` will take precedence. Please refer to the documentation for more information. (https://huggingface.co/docs/transformers/main/en/main_classes/text_generation)
{"arm": "sft", "max_token_completions": 0, "mean_action_tokens": 252.5, "task": 25, "task_id": "sigless_6e4974ba05d6", "tasks": 175}
[transformers] Both `min_new_tokens` (=0) and `min_length`(=0) seem to have been set. `min_new_tokens` will take precedence. Please refer to the documentation for more information. (https://huggingface.co/docs/transformers/main/en/main_classes/text_generation)
{"arm": "sft", "max_token_completions": 0, "mean_action_tokens": 128.4, "task": 26, "task_id": "sigless_40ffe3504975", "tasks": 175}
[transformers] Both `min_new_tokens` (=0) and `min_length`(=0) seem to have been set. `min_new_tokens` will take precedence. Please refer to the documentation for more information. (https://huggingface.co/docs/transformers/main/en/main_classes/text_generation)
{"arm": "sft", "max_token_completions": 0, "mean_action_tokens": 258.6, "task": 27, "task_id": "sigless_5c47cc5132ae", "tasks": 175}
[transformers] Both `min_new_tokens` (=0) and `min_length`(=0) seem to have been set. `min_new_tokens` will take precedence. Please refer to the documentation for more information. (https://huggingface.co/docs/transformers/main/en/main_classes/text_generation)
{"arm": "sft", "max_token_completions": 0, "mean_action_tokens": 183.9, "task": 28, "task_id": "sigless_0dc17d9531b9", "tasks": 175}
[transformers] Both `min_new_tokens` (=0) and `min_length`(=0) seem to have been set. `min_new_tokens` will take precedence. Please refer to the documentation for more information. (https://huggingface.co/docs/transformers/main/en/main_classes/text_generation)
{"arm": "sft", "max_token_completions": 0, "mean_action_tokens": 240.8, "task": 29, "task_id": "sigless_e989552bfd91", "tasks": 175}
[transformers] Both `min_new_tokens` (=0) and `min_length`(=0) seem to have been set. `min_new_tokens` will take precedence. Please refer to the documentation for more information. (https://huggingface.co/docs/transformers/main/en/main_classes/text_generation)
{"arm": "sft", "max_token_completions": 0, "mean_action_tokens": 204.9, "task": 30, "task_id": "sigless_588a3df34892", "tasks": 175}
[transformers] Both `min_new_tokens` (=0) and `min_length`(=0) seem to have been set. `min_new_tokens` will take precedence. Please refer to the documentation for more information. (https://huggingface.co/docs/transformers/main/en/main_classes/text_generation)
{"arm": "sft", "max_token_completions": 0, "mean_action_tokens": 478.5, "task": 31, "task_id": "sigless_7f5464d20af0", "tasks": 175}
[transformers] Both `min_new_tokens` (=0) and `min_length`(=0) seem to have been set. `min_new_tokens` will take precedence. Please refer to the documentation for more information. (https://huggingface.co/docs/transformers/main/en/main_classes/text_generation)
{"arm": "sft", "max_token_completions": 0, "mean_action_tokens": 310.6, "task": 32, "task_id": "sigless_c06bd1b6353c", "tasks": 175}
[transformers] Both `min_new_tokens` (=0) and `min_length`(=0) seem to have been set. `min_new_tokens` will take precedence. Please refer to the documentation for more information. (https://huggingface.co/docs/transformers/main/en/main_classes/text_generation)
{"arm": "sft", "max_token_completions": 0, "mean_action_tokens": 133.9, "task": 33, "task_id": "sigless_7ce0645c7c59", "tasks": 175}
[transformers] Both `min_new_tokens` (=0) and `min_length`(=0) seem to have been set. `min_new_tokens` will take precedence. Please refer to the documentation for more information. (https://huggingface.co/docs/transformers/main/en/main_classes/text_generation)
{"arm": "sft", "max_token_completions": 0, "mean_action_tokens": 139.1, "task": 34, "task_id": "sigless_842d8bd3822e", "tasks": 175}
[transformers] Both `min_new_tokens` (=0) and `min_length`(=0) seem to have been set. `min_new_tokens` will take precedence. Please refer to the documentation for more information. (https://huggingface.co/docs/transformers/main/en/main_classes/text_generation)
{"arm": "sft", "max_token_completions": 0, "mean_action_tokens": 186.5, "task": 35, "task_id": "sigless_f19a1cde385c", "tasks": 175}
[transformers] Both `min_new_tokens` (=0) and `min_length`(=0) seem to have been set. `min_new_tokens` will take precedence. Please refer to the documentation for more information. (https://huggingface.co/docs/transformers/main/en/main_classes/text_generation)
{"arm": "sft", "max_token_completions": 0, "mean_action_tokens": 149.9, "task": 36, "task_id": "sigless_66f0c3982031", "tasks": 175}
[transformers] Both `min_new_tokens` (=0) and `min_length`(=0) seem to have been set. `min_new_tokens` will take precedence. Please refer to the documentation for more information. (https://huggingface.co/docs/transformers/main/en/main_classes/text_generation)
{"arm": "sft", "max_token_completions": 0, "mean_action_tokens": 237.1, "task": 37, "task_id": "sigless_6ca6f0196a67", "tasks": 175}
[transformers] Both `min_new_tokens` (=0) and `min_length`(=0) seem to have been set. `min_new_tokens` will take precedence. Please refer to the documentation for more information. (https://huggingface.co/docs/transformers/main/en/main_classes/text_generation)
{"arm": "sft", "max_token_completions": 0, "mean_action_tokens": 226.0, "task": 38, "task_id": "sigless_8cc4767c9e31", "tasks": 175}
[transformers] Both `min_new_tokens` (=0) and `min_length`(=0) seem to have been set. `min_new_tokens` will take precedence. Please refer to the documentation for more information. (https://huggingface.co/docs/transformers/main/en/main_classes/text_generation)
{"arm": "sft", "max_token_completions": 0, "mean_action_tokens": 417.5, "task": 39, "task_id": "sigless_689fa1a18517", "tasks": 175}
[transformers] Both `min_new_tokens` (=0) and `min_length`(=0) seem to have been set. `min_new_tokens` will take precedence. Please refer to the documentation for more information. (https://huggingface.co/docs/transformers/main/en/main_classes/text_generation)
{"arm": "sft", "max_token_completions": 0, "mean_action_tokens": 415.5, "task": 40, "task_id": "sigless_a6a008b7b43f", "tasks": 175}
[transformers] Both `min_new_tokens` (=0) and `min_length`(=0) seem to have been set. `min_new_tokens` will take precedence. Please refer to the documentation for more information. (https://huggingface.co/docs/transformers/main/en/main_classes/text_generation)
{"arm": "sft", "max_token_completions": 0, "mean_action_tokens": 257.9, "task": 41, "task_id": "sigless_b03bf3bb9c5b", "tasks": 175}
[transformers] Both `min_new_tokens` (=0) and `min_length`(=0) seem to have been set. `min_new_tokens` will take precedence. Please refer to the documentation for more information. (https://huggingface.co/docs/transformers/main/en/main_classes/text_generation)
{"arm": "sft", "max_token_completions": 0, "mean_action_tokens": 170.7, "task": 42, "task_id": "sigless_c5fe1b2b12ae", "tasks": 175}
[transformers] Both `min_new_tokens` (=0) and `min_length`(=0) seem to have been set. `min_new_tokens` will take precedence. Please refer to the documentation for more information. (https://huggingface.co/docs/transformers/main/en/main_classes/text_generation)
{"arm": "sft", "max_token_completions": 0, "mean_action_tokens": 121.8, "task": 43, "task_id": "sigless_8d0cf57a5b8f", "tasks": 175}
[transformers] Both `min_new_tokens` (=0) and `min_length`(=0) seem to have been set. `min_new_tokens` will take precedence. Please refer to the documentation for more information. (https://huggingface.co/docs/transformers/main/en/main_classes/text_generation)
{"arm": "sft", "max_token_completions": 0, "mean_action_tokens": 303.3, "task": 44, "task_id": "sigless_7e986e1787e9", "tasks": 175}
[transformers] Both `min_new_tokens` (=0) and `min_length`(=0) seem to have been set. `min_new_tokens` will take precedence. Please refer to the documentation for more information. (https://huggingface.co/docs/transformers/main/en/main_classes/text_generation)
{"arm": "sft", "max_token_completions": 0, "mean_action_tokens": 1519.3, "task": 45, "task_id": "sigless_172bb23be947", "tasks": 175}
[transformers] Both `min_new_tokens` (=0) and `min_length`(=0) seem to have been set. `min_new_tokens` will take precedence. Please refer to the documentation for more information. (https://huggingface.co/docs/transformers/main/en/main_classes/text_generation)
{"arm": "sft", "max_token_completions": 0, "mean_action_tokens": 172.7, "task": 46, "task_id": "sigless_5f0732a851d6", "tasks": 175}
[transformers] Both `min_new_tokens` (=0) and `min_length`(=0) seem to have been set. `min_new_tokens` will take precedence. Please refer to the documentation for more information. (https://huggingface.co/docs/transformers/main/en/main_classes/text_generation)
{"arm": "sft", "max_token_completions": 0, "mean_action_tokens": 535.8, "task": 47, "task_id": "sigless_761f28484d46", "tasks": 175}
[transformers] Both `min_new_tokens` (=0) and `min_length`(=0) seem to have been set. `min_new_tokens` will take precedence. Please refer to the documentation for more information. (https://huggingface.co/docs/transformers/main/en/main_classes/text_generation)
{"arm": "sft", "max_token_completions": 0, "mean_action_tokens": 113.5, "task": 48, "task_id": "sigless_1f311da5c92c", "tasks": 175}
[transformers] Both `min_new_tokens` (=0) and `min_length`(=0) seem to have been set. `min_new_tokens` will take precedence. Please refer to the documentation for more information. (https://huggingface.co/docs/transformers/main/en/main_classes/text_generation)
{"arm": "sft", "max_token_completions": 0, "mean_action_tokens": 574.1, "task": 49, "task_id": "sigless_5b084bc217a7", "tasks": 175}
[transformers] Both `min_new_tokens` (=0) and `min_length`(=0) seem to have been set. `min_new_tokens` will take precedence. Please refer to the documentation for more information. (https://huggingface.co/docs/transformers/main/en/main_classes/text_generation)
{"arm": "sft", "max_token_completions": 0, "mean_action_tokens": 315.2, "task": 50, "task_id": "sigless_813393f0ede5", "tasks": 175}
[transformers] Both `min_new_tokens` (=0) and `min_length`(=0) seem to have been set. `min_new_tokens` will take precedence. Please refer to the documentation for more information. (https://huggingface.co/docs/transformers/main/en/main_classes/text_generation)
{"arm": "sft", "max_token_completions": 0, "mean_action_tokens": 233.6, "task": 51, "task_id": "sigless_c533ec05295f", "tasks": 175}
[transformers] Both `min_new_tokens` (=0) and `min_length`(=0) seem to have been set. `min_new_tokens` will take precedence. Please refer to the documentation for more information. (https://huggingface.co/docs/transformers/main/en/main_classes/text_generation)
{"arm": "sft", "max_token_completions": 0, "mean_action_tokens": 219.7, "task": 52, "task_id": "sigless_f313c6aa6b38", "tasks": 175}
[transformers] Both `min_new_tokens` (=0) and `min_length`(=0) seem to have been set. `min_new_tokens` will take precedence. Please refer to the documentation for more information. (https://huggingface.co/docs/transformers/main/en/main_classes/text_generation)
{"arm": "sft", "max_token_completions": 0, "mean_action_tokens": 208.2, "task": 53, "task_id": "sigless_7da06c701a11", "tasks": 175}
[transformers] Both `min_new_tokens` (=0) and `min_length`(=0) seem to have been set. `min_new_tokens` will take precedence. Please refer to the documentation for more information. (https://huggingface.co/docs/transformers/main/en/main_classes/text_generation)
{"arm": "sft", "max_token_completions": 1, "mean_action_tokens": 1916.7, "task": 54, "task_id": "sigless_32c65c037f11", "tasks": 175}
[transformers] Both `min_new_tokens` (=0) and `min_length`(=0) seem to have been set. `min_new_tokens` will take precedence. Please refer to the documentation for more information. (https://huggingface.co/docs/transformers/main/en/main_classes/text_generation)
{"arm": "sft", "max_token_completions": 0, "mean_action_tokens": 188.7, "task": 55, "task_id": "sigless_800a63a44bf8", "tasks": 175}
[transformers] Both `min_new_tokens` (=0) and `min_length`(=0) seem to have been set. `min_new_tokens` will take precedence. Please refer to the documentation for more information. (https://huggingface.co/docs/transformers/main/en/main_classes/text_generation)
{"arm": "sft", "max_token_completions": 0, "mean_action_tokens": 124.6, "task": 56, "task_id": "sigless_ae3f6b074a1d", "tasks": 175}
[transformers] Both `min_new_tokens` (=0) and `min_length`(=0) seem to have been set. `min_new_tokens` will take precedence. Please refer to the documentation for more information. (https://huggingface.co/docs/transformers/main/en/main_classes/text_generation)
{"arm": "sft", "max_token_completions": 0, "mean_action_tokens": 147.9, "task": 57, "task_id": "sigless_bdb5051ba702", "tasks": 175}
[transformers] Both `min_new_tokens` (=0) and `min_length`(=0) seem to have been set. `min_new_tokens` will take precedence. Please refer to the documentation for more information. (https://huggingface.co/docs/transformers/main/en/main_classes/text_generation)
{"arm": "sft", "max_token_completions": 0, "mean_action_tokens": 164.5, "task": 58, "task_id": "sigless_5a81bb01e5b7", "tasks": 175}
[transformers] Both `min_new_tokens` (=0) and `min_length`(=0) seem to have been set. `min_new_tokens` will take precedence. Please refer to the documentation for more information. (https://huggingface.co/docs/transformers/main/en/main_classes/text_generation)
{"arm": "sft", "max_token_completions": 0, "mean_action_tokens": 212.1, "task": 59, "task_id": "sigless_3cc19bbfa30f", "tasks": 175}
[transformers] Both `min_new_tokens` (=0) and `min_length`(=0) seem to have been set. `min_new_tokens` will take precedence. Please refer to the documentation for more information. (https://huggingface.co/docs/transformers/main/en/main_classes/text_generation)
{"arm": "sft", "max_token_completions": 0, "mean_action_tokens": 108.8, "task": 60, "task_id": "sigless_ca058cccbe26", "tasks": 175}
[transformers] Both `min_new_tokens` (=0) and `min_length`(=0) seem to have been set. `min_new_tokens` will take precedence. Please refer to the documentation for more information. (https://huggingface.co/docs/transformers/main/en/main_classes/text_generation)
{"arm": "sft", "max_token_completions": 0, "mean_action_tokens": 406.4, "task": 61, "task_id": "sigless_b33d2de9af80", "tasks": 175}
[transformers] Both `min_new_tokens` (=0) and `min_length`(=0) seem to have been set. `min_new_tokens` will take precedence. Please refer to the documentation for more information. (https://huggingface.co/docs/transformers/main/en/main_classes/text_generation)
{"arm": "sft", "max_token_completions": 0, "mean_action_tokens": 172.6, "task": 62, "task_id": "sigless_c25abcd9a325", "tasks": 175}
[transformers] Both `min_new_tokens` (=0) and `min_length`(=0) seem to have been set. `min_new_tokens` will take precedence. Please refer to the documentation for more information. (https://huggingface.co/docs/transformers/main/en/main_classes/text_generation)
{"arm": "sft", "max_token_completions": 0, "mean_action_tokens": 198.2, "task": 63, "task_id": "sigless_6d8c4ba351c5", "tasks": 175}
[transformers] Both `min_new_tokens` (=0) and `min_length`(=0) seem to have been set. `min_new_tokens` will take precedence. Please refer to the documentation for more information. (https://huggingface.co/docs/transformers/main/en/main_classes/text_generation)
{"arm": "sft", "max_token_completions": 0, "mean_action_tokens": 205.9, "task": 64, "task_id": "sigless_a247e5f7ba82", "tasks": 175}
[transformers] Both `min_new_tokens` (=0) and `min_length`(=0) seem to have been set. `min_new_tokens` will take precedence. Please refer to the documentation for more information. (https://huggingface.co/docs/transformers/main/en/main_classes/text_generation)
{"arm": "sft", "max_token_completions": 0, "mean_action_tokens": 158.2, "task": 65, "task_id": "sigless_2285fc4955db", "tasks": 175}
[transformers] Both `min_new_tokens` (=0) and `min_length`(=0) seem to have been set. `min_new_tokens` will take precedence. Please refer to the documentation for more information. (https://huggingface.co/docs/transformers/main/en/main_classes/text_generation)
{"arm": "sft", "max_token_completions": 0, "mean_action_tokens": 276.5, "task": 66, "task_id": "sigless_97decd4f7443", "tasks": 175}
[transformers] Both `min_new_tokens` (=0) and `min_length`(=0) seem to have been set. `min_new_tokens` will take precedence. Please refer to the documentation for more information. (https://huggingface.co/docs/transformers/main/en/main_classes/text_generation)
{"arm": "sft", "max_token_completions": 0, "mean_action_tokens": 183.9, "task": 67, "task_id": "sigless_79bfe84158a3", "tasks": 175}
[transformers] Both `min_new_tokens` (=0) and `min_length`(=0) seem to have been set. `min_new_tokens` will take precedence. Please refer to the documentation for more information. (https://huggingface.co/docs/transformers/main/en/main_classes/text_generation)
{"arm": "sft", "max_token_completions": 0, "mean_action_tokens": 142.5, "task": 68, "task_id": "sigless_6dfdaa80a5a8", "tasks": 175}
[transformers] Both `min_new_tokens` (=0) and `min_length`(=0) seem to have been set. `min_new_tokens` will take precedence. Please refer to the documentation for more information. (https://huggingface.co/docs/transformers/main/en/main_classes/text_generation)
{"arm": "sft", "max_token_completions": 0, "mean_action_tokens": 246.7, "task": 69, "task_id": "sigless_52260deec95d", "tasks": 175}
[transformers] Both `min_new_tokens` (=0) and `min_length`(=0) seem to have been set. `min_new_tokens` will take precedence. Please refer to the documentation for more information. (https://huggingface.co/docs/transformers/main/en/main_classes/text_generation)
{"arm": "sft", "max_token_completions": 0, "mean_action_tokens": 254.8, "task": 70, "task_id": "sigless_96546ea01643", "tasks": 175}
[transformers] Both `min_new_tokens` (=0) and `min_length`(=0) seem to have been set. `min_new_tokens` will take precedence. Please refer to the documentation for more information. (https://huggingface.co/docs/transformers/main/en/main_classes/text_generation)
{"arm": "sft", "max_token_completions": 0, "mean_action_tokens": 168.6, "task": 71, "task_id": "sigless_083954eb2fb3", "tasks": 175}
[transformers] Both `min_new_tokens` (=0) and `min_length`(=0) seem to have been set. `min_new_tokens` will take precedence. Please refer to the documentation for more information. (https://huggingface.co/docs/transformers/main/en/main_classes/text_generation)
{"arm": "sft", "max_token_completions": 0, "mean_action_tokens": 388.6, "task": 72, "task_id": "sigless_a348fccf3353", "tasks": 175}
[transformers] Both `min_new_tokens` (=0) and `min_length`(=0) seem to have been set. `min_new_tokens` will take precedence. Please refer to the documentation for more information. (https://huggingface.co/docs/transformers/main/en/main_classes/text_generation)
{"arm": "sft", "max_token_completions": 0, "mean_action_tokens": 261.4, "task": 73, "task_id": "sigless_1b1ea7b75cff", "tasks": 175}
[transformers] Both `min_new_tokens` (=0) and `min_length`(=0) seem to have been set. `min_new_tokens` will take precedence. Please refer to the documentation for more information. (https://huggingface.co/docs/transformers/main/en/main_classes/text_generation)
{"arm": "sft", "max_token_completions": 0, "mean_action_tokens": 544.7, "task": 74, "task_id": "sigless_f8e93c6852a8", "tasks": 175}
[transformers] Both `min_new_tokens` (=0) and `min_length`(=0) seem to have been set. `min_new_tokens` will take precedence. Please refer to the documentation for more information. (https://huggingface.co/docs/transformers/main/en/main_classes/text_generation)
{"arm": "sft", "max_token_completions": 0, "mean_action_tokens": 272.1, "task": 75, "task_id": "sigless_8bf7f40ca356", "tasks": 175}
[transformers] Both `min_new_tokens` (=0) and `min_length`(=0) seem to have been set. `min_new_tokens` will take precedence. Please refer to the documentation for more information. (https://huggingface.co/docs/transformers/main/en/main_classes/text_generation)
{"arm": "sft", "max_token_completions": 0, "mean_action_tokens": 336.3, "task": 76, "task_id": "sigless_dda92f9b56cf", "tasks": 175}
[transformers] Both `min_new_tokens` (=0) and `min_length`(=0) seem to have been set. `min_new_tokens` will take precedence. Please refer to the documentation for more information. (https://huggingface.co/docs/transformers/main/en/main_classes/text_generation)
{"arm": "sft", "max_token_completions": 0, "mean_action_tokens": 290.4, "task": 77, "task_id": "sigless_29facc14bbd7", "tasks": 175}
[transformers] Both `min_new_tokens` (=0) and `min_length`(=0) seem to have been set. `min_new_tokens` will take precedence. Please refer to the documentation for more information. (https://huggingface.co/docs/transformers/main/en/main_classes/text_generation)
{"arm": "sft", "max_token_completions": 0, "mean_action_tokens": 288.3, "task": 78, "task_id": "sigless_03890dcefaec", "tasks": 175}
[transformers] Both `min_new_tokens` (=0) and `min_length`(=0) seem to have been set. `min_new_tokens` will take precedence. Please refer to the documentation for more information. (https://huggingface.co/docs/transformers/main/en/main_classes/text_generation)
{"arm": "sft", "max_token_completions": 0, "mean_action_tokens": 394.0, "task": 79, "task_id": "sigless_0676ce351471", "tasks": 175}
[transformers] Both `min_new_tokens` (=0) and `min_length`(=0) seem to have been set. `min_new_tokens` will take precedence. Please refer to the documentation for more information. (https://huggingface.co/docs/transformers/main/en/main_classes/text_generation)
{"arm": "sft", "max_token_completions": 0, "mean_action_tokens": 124.1, "task": 80, "task_id": "sigless_a507056ae077", "tasks": 175}
[transformers] Both `min_new_tokens` (=0) and `min_length`(=0) seem to have been set. `min_new_tokens` will take precedence. Please refer to the documentation for more information. (https://huggingface.co/docs/transformers/main/en/main_classes/text_generation)
{"arm": "sft", "max_token_completions": 0, "mean_action_tokens": 146.1, "task": 81, "task_id": "sigless_cc73707101e6", "tasks": 175}
[transformers] Both `min_new_tokens` (=0) and `min_length`(=0) seem to have been set. `min_new_tokens` will take precedence. Please refer to the documentation for more information. (https://huggingface.co/docs/transformers/main/en/main_classes/text_generation)
{"arm": "sft", "max_token_completions": 0, "mean_action_tokens": 260.4, "task": 82, "task_id": "sigless_9588ecf888b2", "tasks": 175}
[transformers] Both `min_new_tokens` (=0) and `min_length`(=0) seem to have been set. `min_new_tokens` will take precedence. Please refer to the documentation for more information. (https://huggingface.co/docs/transformers/main/en/main_classes/text_generation)
{"arm": "sft", "max_token_completions": 0, "mean_action_tokens": 218.9, "task": 83, "task_id": "sigless_4708b0b01b11", "tasks": 175}
[transformers] Both `min_new_tokens` (=0) and `min_length`(=0) seem to have been set. `min_new_tokens` will take precedence. Please refer to the documentation for more information. (https://huggingface.co/docs/transformers/main/en/main_classes/text_generation)
{"arm": "sft", "max_token_completions": 0, "mean_action_tokens": 334.5, "task": 84, "task_id": "sigless_a4594aa05a9c", "tasks": 175}
[transformers] Both `min_new_tokens` (=0) and `min_length`(=0) seem to have been set. `min_new_tokens` will take precedence. Please refer to the documentation for more information. (https://huggingface.co/docs/transformers/main/en/main_classes/text_generation)
{"arm": "sft", "max_token_completions": 0, "mean_action_tokens": 174.7, "task": 85, "task_id": "sigless_0d23ec54c1ec", "tasks": 175}
[transformers] Both `min_new_tokens` (=0) and `min_length`(=0) seem to have been set. `min_new_tokens` will take precedence. Please refer to the documentation for more information. (https://huggingface.co/docs/transformers/main/en/main_classes/text_generation)
{"arm": "sft", "max_token_completions": 0, "mean_action_tokens": 149.4, "task": 86, "task_id": "sigless_2b4ce9b63420", "tasks": 175}
[transformers] Both `min_new_tokens` (=0) and `min_length`(=0) seem to have been set. `min_new_tokens` will take precedence. Please refer to the documentation for more information. (https://huggingface.co/docs/transformers/main/en/main_classes/text_generation)
{"arm": "sft", "max_token_completions": 0, "mean_action_tokens": 218.2, "task": 87, "task_id": "sigless_d19512840646", "tasks": 175}
[transformers] Both `min_new_tokens` (=0) and `min_length`(=0) seem to have been set. `min_new_tokens` will take precedence. Please refer to the documentation for more information. (https://huggingface.co/docs/transformers/main/en/main_classes/text_generation)
{"arm": "sft", "max_token_completions": 0, "mean_action_tokens": 248.9, "task": 88, "task_id": "sigless_254a6441f2f8", "tasks": 175}
[transformers] Both `min_new_tokens` (=0) and `min_length`(=0) seem to have been set. `min_new_tokens` will take precedence. Please refer to the documentation for more information. (https://huggingface.co/docs/transformers/main/en/main_classes/text_generation)
{"arm": "sft", "max_token_completions": 0, "mean_action_tokens": 147.3, "task": 89, "task_id": "sigless_bd2a15378da9", "tasks": 175}
[transformers] Both `min_new_tokens` (=0) and `min_length`(=0) seem to have been set. `min_new_tokens` will take precedence. Please refer to the documentation for more information. (https://huggingface.co/docs/transformers/main/en/main_classes/text_generation)
{"arm": "sft", "max_token_completions": 0, "mean_action_tokens": 124.8, "task": 90, "task_id": "sigless_81915896d27e", "tasks": 175}
[transformers] Both `min_new_tokens` (=0) and `min_length`(=0) seem to have been set. `min_new_tokens` will take precedence. Please refer to the documentation for more information. (https://huggingface.co/docs/transformers/main/en/main_classes/text_generation)
{"arm": "sft", "max_token_completions": 0, "mean_action_tokens": 213.4, "task": 91, "task_id": "sigless_e1ba6073c24a", "tasks": 175}
[transformers] Both `min_new_tokens` (=0) and `min_length`(=0) seem to have been set. `min_new_tokens` will take precedence. Please refer to the documentation for more information. (https://huggingface.co/docs/transformers/main/en/main_classes/text_generation)
{"arm": "sft", "max_token_completions": 0, "mean_action_tokens": 163.3, "task": 92, "task_id": "sigless_3a3a9c12bb06", "tasks": 175}
[transformers] Both `min_new_tokens` (=0) and `min_length`(=0) seem to have been set. `min_new_tokens` will take precedence. Please refer to the documentation for more information. (https://huggingface.co/docs/transformers/main/en/main_classes/text_generation)
{"arm": "sft", "max_token_completions": 0, "mean_action_tokens": 295.7, "task": 93, "task_id": "sigless_288bf7a714e1", "tasks": 175}
[transformers] Both `min_new_tokens` (=0) and `min_length`(=0) seem to have been set. `min_new_tokens` will take precedence. Please refer to the documentation for more information. (https://huggingface.co/docs/transformers/main/en/main_classes/text_generation)
{"arm": "sft", "max_token_completions": 0, "mean_action_tokens": 123.7, "task": 94, "task_id": "sigless_35088d24eba1", "tasks": 175}
[transformers] Both `min_new_tokens` (=0) and `min_length`(=0) seem to have been set. `min_new_tokens` will take precedence. Please refer to the documentation for more information. (https://huggingface.co/docs/transformers/main/en/main_classes/text_generation)
{"arm": "sft", "max_token_completions": 0, "mean_action_tokens": 216.1, "task": 95, "task_id": "sigless_64a085399724", "tasks": 175}
[transformers] Both `min_new_tokens` (=0) and `min_length`(=0) seem to have been set. `min_new_tokens` will take precedence. Please refer to the documentation for more information. (https://huggingface.co/docs/transformers/main/en/main_classes/text_generation)
{"arm": "sft", "max_token_completions": 0, "mean_action_tokens": 575.0, "task": 96, "task_id": "sigless_d544567b9189", "tasks": 175}
[transformers] Both `min_new_tokens` (=0) and `min_length`(=0) seem to have been set. `min_new_tokens` will take precedence. Please refer to the documentation for more information. (https://huggingface.co/docs/transformers/main/en/main_classes/text_generation)
{"arm": "sft", "max_token_completions": 0, "mean_action_tokens": 182.8, "task": 97, "task_id": "sigless_73f9e7c2b2e2", "tasks": 175}
[transformers] Both `min_new_tokens` (=0) and `min_length`(=0) seem to have been set. `min_new_tokens` will take precedence. Please refer to the documentation for more information. (https://huggingface.co/docs/transformers/main/en/main_classes/text_generation)
{"arm": "sft", "max_token_completions": 0, "mean_action_tokens": 162.6, "task": 98, "task_id": "sigless_719577f723ab", "tasks": 175}
[transformers] Both `min_new_tokens` (=0) and `min_length`(=0) seem to have been set. `min_new_tokens` will take precedence. Please refer to the documentation for more information. (https://huggingface.co/docs/transformers/main/en/main_classes/text_generation)
{"arm": "sft", "max_token_completions": 0, "mean_action_tokens": 246.6, "task": 99, "task_id": "sigless_2f380f310be1", "tasks": 175}
[transformers] Both `min_new_tokens` (=0) and `min_length`(=0) seem to have been set. `min_new_tokens` will take precedence. Please refer to the documentation for more information. (https://huggingface.co/docs/transformers/main/en/main_classes/text_generation)
{"arm": "sft", "max_token_completions": 0, "mean_action_tokens": 295.0, "task": 100, "task_id": "sigless_cd4130196f1f", "tasks": 175}
[transformers] Both `min_new_tokens` (=0) and `min_length`(=0) seem to have been set. `min_new_tokens` will take precedence. Please refer to the documentation for more information. (https://huggingface.co/docs/transformers/main/en/main_classes/text_generation)
{"arm": "sft", "max_token_completions": 0, "mean_action_tokens": 300.0, "task": 101, "task_id": "sigless_af300e5a0f21", "tasks": 175}
[transformers] Both `min_new_tokens` (=0) and `min_length`(=0) seem to have been set. `min_new_tokens` will take precedence. Please refer to the documentation for more information. (https://huggingface.co/docs/transformers/main/en/main_classes/text_generation)
{"arm": "sft", "max_token_completions": 0, "mean_action_tokens": 189.5, "task": 102, "task_id": "sigless_8c5d7927d750", "tasks": 175}
[transformers] Both `min_new_tokens` (=0) and `min_length`(=0) seem to have been set. `min_new_tokens` will take precedence. Please refer to the documentation for more information. (https://huggingface.co/docs/transformers/main/en/main_classes/text_generation)
{"arm": "sft", "max_token_completions": 0, "mean_action_tokens": 150.7, "task": 103, "task_id": "sigless_c4383a715ff3", "tasks": 175}
[transformers] Both `min_new_tokens` (=0) and `min_length`(=0) seem to have been set. `min_new_tokens` will take precedence. Please refer to the documentation for more information. (https://huggingface.co/docs/transformers/main/en/main_classes/text_generation)
{"arm": "sft", "max_token_completions": 0, "mean_action_tokens": 206.2, "task": 104, "task_id": "sigless_bd986d86cebb", "tasks": 175}
[transformers] Both `min_new_tokens` (=0) and `min_length`(=0) seem to have been set. `min_new_tokens` will take precedence. Please refer to the documentation for more information. (https://huggingface.co/docs/transformers/main/en/main_classes/text_generation)
{"arm": "sft", "max_token_completions": 0, "mean_action_tokens": 173.1, "task": 105, "task_id": "sigless_bcebeb9e6334", "tasks": 175}
[transformers] Both `min_new_tokens` (=0) and `min_length`(=0) seem to have been set. `min_new_tokens` will take precedence. Please refer to the documentation for more information. (https://huggingface.co/docs/transformers/main/en/main_classes/text_generation)
{"arm": "sft", "max_token_completions": 0, "mean_action_tokens": 141.4, "task": 106, "task_id": "sigless_d705d736995d", "tasks": 175}
[transformers] Both `min_new_tokens` (=0) and `min_length`(=0) seem to have been set. `min_new_tokens` will take precedence. Please refer to the documentation for more information. (https://huggingface.co/docs/transformers/main/en/main_classes/text_generation)
{"arm": "sft", "max_token_completions": 0, "mean_action_tokens": 148.2, "task": 107, "task_id": "sigless_b03a8afc1094", "tasks": 175}
[transformers] Both `min_new_tokens` (=0) and `min_length`(=0) seem to have been set. `min_new_tokens` will take precedence. Please refer to the documentation for more information. (https://huggingface.co/docs/transformers/main/en/main_classes/text_generation)
{"arm": "sft", "max_token_completions": 0, "mean_action_tokens": 141.3, "task": 108, "task_id": "sigless_fa4972c4e52e", "tasks": 175}
[transformers] Both `min_new_tokens` (=0) and `min_length`(=0) seem to have been set. `min_new_tokens` will take precedence. Please refer to the documentation for more information. (https://huggingface.co/docs/transformers/main/en/main_classes/text_generation)
{"arm": "sft", "max_token_completions": 2, "mean_action_tokens": 2061.1, "task": 109, "task_id": "sigless_993f7ab38cdd", "tasks": 175}
[transformers] Both `min_new_tokens` (=0) and `min_length`(=0) seem to have been set. `min_new_tokens` will take precedence. Please refer to the documentation for more information. (https://huggingface.co/docs/transformers/main/en/main_classes/text_generation)
{"arm": "sft", "max_token_completions": 0, "mean_action_tokens": 146.8, "task": 110, "task_id": "sigless_95105e48c1e8", "tasks": 175}
[transformers] Both `min_new_tokens` (=0) and `min_length`(=0) seem to have been set. `min_new_tokens` will take precedence. Please refer to the documentation for more information. (https://huggingface.co/docs/transformers/main/en/main_classes/text_generation)
{"arm": "sft", "max_token_completions": 0, "mean_action_tokens": 169.3, "task": 111, "task_id": "sigless_9e128db660ea", "tasks": 175}
[transformers] Both `min_new_tokens` (=0) and `min_length`(=0) seem to have been set. `min_new_tokens` will take precedence. Please refer to the documentation for more information. (https://huggingface.co/docs/transformers/main/en/main_classes/text_generation)
{"arm": "sft", "max_token_completions": 0, "mean_action_tokens": 464.7, "task": 112, "task_id": "sigless_949e6c11e478", "tasks": 175}
[transformers] Both `min_new_tokens` (=0) and `min_length`(=0) seem to have been set. `min_new_tokens` will take precedence. Please refer to the documentation for more information. (https://huggingface.co/docs/transformers/main/en/main_classes/text_generation)
{"arm": "sft", "max_token_completions": 0, "mean_action_tokens": 135.2, "task": 113, "task_id": "sigless_55cc112cbb2c", "tasks": 175}
[transformers] Both `min_new_tokens` (=0) and `min_length`(=0) seem to have been set. `min_new_tokens` will take precedence. Please refer to the documentation for more information. (https://huggingface.co/docs/transformers/main/en/main_classes/text_generation)
{"arm": "sft", "max_token_completions": 0, "mean_action_tokens": 231.0, "task": 114, "task_id": "sigless_c45cfc4290f2", "tasks": 175}
[transformers] Both `min_new_tokens` (=0) and `min_length`(=0) seem to have been set. `min_new_tokens` will take precedence. Please refer to the documentation for more information. (https://huggingface.co/docs/transformers/main/en/main_classes/text_generation)
{"arm": "sft", "max_token_completions": 0, "mean_action_tokens": 167.1, "task": 115, "task_id": "sigless_d1f52bab434e", "tasks": 175}
[transformers] Both `min_new_tokens` (=0) and `min_length`(=0) seem to have been set. `min_new_tokens` will take precedence. Please refer to the documentation for more information. (https://huggingface.co/docs/transformers/main/en/main_classes/text_generation)
{"arm": "sft", "max_token_completions": 0, "mean_action_tokens": 140.2, "task": 116, "task_id": "sigless_696808df1978", "tasks": 175}
[transformers] Both `min_new_tokens` (=0) and `min_length`(=0) seem to have been set. `min_new_tokens` will take precedence. Please refer to the documentation for more information. (https://huggingface.co/docs/transformers/main/en/main_classes/text_generation)
{"arm": "sft", "max_token_completions": 0, "mean_action_tokens": 154.1, "task": 117, "task_id": "sigless_840847bedc74", "tasks": 175}
[transformers] Both `min_new_tokens` (=0) and `min_length`(=0) seem to have been set. `min_new_tokens` will take precedence. Please refer to the documentation for more information. (https://huggingface.co/docs/transformers/main/en/main_classes/text_generation)
{"arm": "sft", "max_token_completions": 0, "mean_action_tokens": 108.4, "task": 118, "task_id": "sigless_eee05f5f93cc", "tasks": 175}
[transformers] Both `min_new_tokens` (=0) and `min_length`(=0) seem to have been set. `min_new_tokens` will take precedence. Please refer to the documentation for more information. (https://huggingface.co/docs/transformers/main/en/main_classes/text_generation)
{"arm": "sft", "max_token_completions": 0, "mean_action_tokens": 184.6, "task": 119, "task_id": "sigless_d61f01ff1856", "tasks": 175}
[transformers] Both `min_new_tokens` (=0) and `min_length`(=0) seem to have been set. `min_new_tokens` will take precedence. Please refer to the documentation for more information. (https://huggingface.co/docs/transformers/main/en/main_classes/text_generation)
{"arm": "sft", "max_token_completions": 0, "mean_action_tokens": 153.9, "task": 120, "task_id": "sigless_79a8dd260f8c", "tasks": 175}
[transformers] Both `min_new_tokens` (=0) and `min_length`(=0) seem to have been set. `min_new_tokens` will take precedence. Please refer to the documentation for more information. (https://huggingface.co/docs/transformers/main/en/main_classes/text_generation)
{"arm": "sft", "max_token_completions": 0, "mean_action_tokens": 183.2, "task": 121, "task_id": "sigless_5628428fcb9e", "tasks": 175}
[transformers] Both `min_new_tokens` (=0) and `min_length`(=0) seem to have been set. `min_new_tokens` will take precedence. Please refer to the documentation for more information. (https://huggingface.co/docs/transformers/main/en/main_classes/text_generation)
{"arm": "sft", "max_token_completions": 0, "mean_action_tokens": 494.1, "task": 122, "task_id": "sigless_459decc7079c", "tasks": 175}
[transformers] Both `min_new_tokens` (=0) and `min_length`(=0) seem to have been set. `min_new_tokens` will take precedence. Please refer to the documentation for more information. (https://huggingface.co/docs/transformers/main/en/main_classes/text_generation)
{"arm": "sft", "max_token_completions": 0, "mean_action_tokens": 189.3, "task": 123, "task_id": "sigless_897c175fe34d", "tasks": 175}
[transformers] Both `min_new_tokens` (=0) and `min_length`(=0) seem to have been set. `min_new_tokens` will take precedence. Please refer to the documentation for more information. (https://huggingface.co/docs/transformers/main/en/main_classes/text_generation)
Traceback (most recent call last):
  File "/workspace/hybrid_training_patch_v2_3/scripts/evaluation/t5gemma2_f2_passk_inference.py", line 1073, in <module>
    raise SystemExit(main(sys.argv[1:]))
                     ^^^^^^^^^^^^^^^^^^
  File "/workspace/hybrid_training_patch_v2_3/scripts/evaluation/t5gemma2_f2_passk_inference.py", line 1068, in main
    run(parse_args(argv))
  File "/workspace/hybrid_training_patch_v2_3/scripts/evaluation/t5gemma2_f2_passk_inference.py", line 904, in run
    generated_batch = generate_candidate_batch(
                      ^^^^^^^^^^^^^^^^^^^^^^^^^
  File "/workspace/hybrid_training_patch_v2_3/scripts/evaluation/t5gemma2_f2_passk_inference.py", line 696, in generate_candidate_batch
    generated = model.generate(
                ^^^^^^^^^^^^^^^
  File "/venv/main/lib/python3.12/site-packages/peft/peft_model.py", line 2374, in generate
    outputs = self.base_model.generate(**kwargs)
              ^^^^^^^^^^^^^^^^^^^^^^^^^^^^^^^^^^
  File "/venv/main/lib/python3.12/site-packages/torch/utils/_contextlib.py", line 120, in decorate_context
    return func(*args, **kwargs)
           ^^^^^^^^^^^^^^^^^^^^^
  File "/venv/main/lib/python3.12/site-packages/transformers/generation/utils.py", line 2580, in generate
    result = decoding_method(
             ^^^^^^^^^^^^^^^^
  File "/venv/main/lib/python3.12/site-packages/transformers/generation/utils.py", line 2787, in _sample
    outputs = model_forward(**model_inputs, return_dict=True)
              ^^^^^^^^^^^^^^^^^^^^^^^^^^^^^^^^^^^^^^^^^^^^^^^
  File "/venv/main/lib/python3.12/site-packages/torch/nn/modules/module.py", line 1773, in _wrapped_call_impl
    return self._call_impl(*args, **kwargs)
           ^^^^^^^^^^^^^^^^^^^^^^^^^^^^^^^^
  File "/venv/main/lib/python3.12/site-packages/torch/nn/modules/module.py", line 1784, in _call_impl
    return forward_call(*args, **kwargs)
           ^^^^^^^^^^^^^^^^^^^^^^^^^^^^^
  File "/venv/main/lib/python3.12/site-packages/transformers/utils/generic.py", line 903, in wrapper
    output = func(self, *args, **kwargs)
             ^^^^^^^^^^^^^^^^^^^^^^^^^^^
  File "/venv/main/lib/python3.12/site-packages/transformers/models/t5gemma2/modeling_t5gemma2.py", line 1265, in forward
    decoder_outputs: Seq2SeqModelOutput = self.model(
                                          ^^^^^^^^^^^
  File "/venv/main/lib/python3.12/site-packages/torch/nn/modules/module.py", line 1773, in _wrapped_call_impl
    return self._call_impl(*args, **kwargs)
           ^^^^^^^^^^^^^^^^^^^^^^^^^^^^^^^^
  File "/venv/main/lib/python3.12/site-packages/torch/nn/modules/module.py", line 1784, in _call_impl
    return forward_call(*args, **kwargs)
           ^^^^^^^^^^^^^^^^^^^^^^^^^^^^^
  File "/venv/main/lib/python3.12/site-packages/transformers/utils/generic.py", line 903, in wrapper
    output = func(self, *args, **kwargs)
             ^^^^^^^^^^^^^^^^^^^^^^^^^^^
  File "/venv/main/lib/python3.12/site-packages/transformers/models/t5gemma2/modeling_t5gemma2.py", line 1157, in forward
    decoder_outputs = self.decoder(
                      ^^^^^^^^^^^^^
  File "/venv/main/lib/python3.12/site-packages/torch/nn/modules/module.py", line 1773, in _wrapped_call_impl
    return self._call_impl(*args, **kwargs)
           ^^^^^^^^^^^^^^^^^^^^^^^^^^^^^^^^
  File "/venv/main/lib/python3.12/site-packages/torch/nn/modules/module.py", line 1784, in _call_impl
    return forward_call(*args, **kwargs)
           ^^^^^^^^^^^^^^^^^^^^^^^^^^^^^
  File "/venv/main/lib/python3.12/site-packages/transformers/utils/generic.py", line 1032, in wrapper
    output = func(self, *args, **kwargs)
             ^^^^^^^^^^^^^^^^^^^^^^^^^^^
  File "/venv/main/lib/python3.12/site-packages/transformers/utils/output_capturing.py", line 252, in wrapper
    outputs = func(self, *args, **kwargs)
              ^^^^^^^^^^^^^^^^^^^^^^^^^^^
  File "/venv/main/lib/python3.12/site-packages/transformers/models/t5gemma2/modeling_t5gemma2.py", line 1069, in forward
    hidden_states = layer_module(
                    ^^^^^^^^^^^^^
  File "/venv/main/lib/python3.12/site-packages/transformers/modeling_layers.py", line 93, in __call__
    return super().__call__(*args, **kwargs)
           ^^^^^^^^^^^^^^^^^^^^^^^^^^^^^^^^^
  File "/venv/main/lib/python3.12/site-packages/torch/nn/modules/module.py", line 1773, in _wrapped_call_impl
    return self._call_impl(*args, **kwargs)
           ^^^^^^^^^^^^^^^^^^^^^^^^^^^^^^^^
  File "/venv/main/lib/python3.12/site-packages/torch/nn/modules/module.py", line 1784, in _call_impl
    return forward_call(*args, **kwargs)
           ^^^^^^^^^^^^^^^^^^^^^^^^^^^^^
  File "/venv/main/lib/python3.12/site-packages/transformers/models/t5gemma2/modeling_t5gemma2.py", line 542, in forward
    hidden_states, _, _ = self.self_attn(
                          ^^^^^^^^^^^^^^^
  File "/venv/main/lib/python3.12/site-packages/torch/nn/modules/module.py", line 1773, in _wrapped_call_impl
    return self._call_impl(*args, **kwargs)
           ^^^^^^^^^^^^^^^^^^^^^^^^^^^^^^^^
  File "/venv/main/lib/python3.12/site-packages/torch/nn/modules/module.py", line 1784, in _call_impl
    return forward_call(*args, **kwargs)
           ^^^^^^^^^^^^^^^^^^^^^^^^^^^^^
  File "/venv/main/lib/python3.12/site-packages/transformers/models/t5gemma2/modeling_t5gemma2.py", line 429, in forward
    attn_output, attn_weights = attention_interface(
                                ^^^^^^^^^^^^^^^^^^^^
  File "/venv/main/lib/python3.12/site-packages/transformers/integrations/sdpa_attention.py", line 60, in sdpa_attention_forward
    value = repeat_kv(value, module.num_key_value_groups)
            ^^^^^^^^^^^^^^^^^^^^^^^^^^^^^^^^^^^^^^^^^^^^^
  File "/venv/main/lib/python3.12/site-packages/transformers/integrations/sdpa_attention.py", line 25, in repeat_kv
    return hidden_states.reshape(batch, num_key_value_heads * n_rep, slen, head_dim)
           ^^^^^^^^^^^^^^^^^^^^^^^^^^^^^^^^^^^^^^^^^^^^^^^^^^^^^^^^^^^^^^^^^^^^^^^^^
torch.OutOfMemoryError: CUDA out of memory. Tried to allocate 432.00 MiB. GPU 0 has a total capacity of 31.36 GiB of which 324.00 MiB is free. Including non-PyTorch memory, this process has 31.03 GiB memory in use. Of the allocated memory 29.66 GiB is allocated by PyTorch, and 812.56 MiB is reserved by PyTorch but unallocated. If reserved but unallocated memory is large try setting PYTORCH_CUDA_ALLOC_CONF=expandable_segments:True to avoid fragmentation.  See documentation for Memory Management  (https://pytorch.org/docs/stable/notes/cuda.html#environment-variables)
Loading weights:   0%|          | 0/1327 [00:00<?, ?it/s]Loading weights:  79%|███████▉  | 1053/1327 [00:00<00:00, 10517.75it/s]Loading weights: 100%|██████████| 1327/1327 [00:00<00:00, 10708.59it/s]
[transformers] Both `min_new_tokens` (=0) and `min_length`(=0) seem to have been set. `min_new_tokens` will take precedence. Please refer to the documentation for more information. (https://huggingface.co/docs/transformers/main/en/main_classes/text_generation)
[transformers] Both `min_new_tokens` (=0) and `min_length`(=0) seem to have been set. `min_new_tokens` will take precedence. Please refer to the documentation for more information. (https://huggingface.co/docs/transformers/main/en/main_classes/text_generation)
Traceback (most recent call last):
  File "/workspace/hybrid_training_patch_v2_3/scripts/evaluation/t5gemma2_f2_passk_inference.py", line 1073, in <module>
    raise SystemExit(main(sys.argv[1:]))
                     ^^^^^^^^^^^^^^^^^^
  File "/workspace/hybrid_training_patch_v2_3/scripts/evaluation/t5gemma2_f2_passk_inference.py", line 1068, in main
    run(parse_args(argv))
  File "/workspace/hybrid_training_patch_v2_3/scripts/evaluation/t5gemma2_f2_passk_inference.py", line 904, in run
    generated_batch = generate_candidate_batch(
                      ^^^^^^^^^^^^^^^^^^^^^^^^^
  File "/workspace/hybrid_training_patch_v2_3/scripts/evaluation/t5gemma2_f2_passk_inference.py", line 696, in generate_candidate_batch
    generated = model.generate(
                ^^^^^^^^^^^^^^^
  File "/venv/main/lib/python3.12/site-packages/peft/peft_model.py", line 2374, in generate
    outputs = self.base_model.generate(**kwargs)
              ^^^^^^^^^^^^^^^^^^^^^^^^^^^^^^^^^^
  File "/venv/main/lib/python3.12/site-packages/torch/utils/_contextlib.py", line 120, in decorate_context
    return func(*args, **kwargs)
           ^^^^^^^^^^^^^^^^^^^^^
  File "/venv/main/lib/python3.12/site-packages/transformers/generation/utils.py", line 2580, in generate
    result = decoding_method(
             ^^^^^^^^^^^^^^^^
  File "/venv/main/lib/python3.12/site-packages/transformers/generation/utils.py", line 2773, in _sample
    outputs = self._prefill(
              ^^^^^^^^^^^^^^
  File "/venv/main/lib/python3.12/site-packages/transformers/generation/utils.py", line 3819, in _prefill
    return self(**model_inputs, return_dict=True)
           ^^^^^^^^^^^^^^^^^^^^^^^^^^^^^^^^^^^^^^
  File "/venv/main/lib/python3.12/site-packages/torch/nn/modules/module.py", line 1773, in _wrapped_call_impl
    return self._call_impl(*args, **kwargs)
           ^^^^^^^^^^^^^^^^^^^^^^^^^^^^^^^^
  File "/venv/main/lib/python3.12/site-packages/torch/nn/modules/module.py", line 1784, in _call_impl
    return forward_call(*args, **kwargs)
           ^^^^^^^^^^^^^^^^^^^^^^^^^^^^^
  File "/venv/main/lib/python3.12/site-packages/transformers/utils/generic.py", line 903, in wrapper
    output = func(self, *args, **kwargs)
             ^^^^^^^^^^^^^^^^^^^^^^^^^^^
  File "/venv/main/lib/python3.12/site-packages/transformers/models/t5gemma2/modeling_t5gemma2.py", line 1265, in forward
    decoder_outputs: Seq2SeqModelOutput = self.model(
                                          ^^^^^^^^^^^
  File "/venv/main/lib/python3.12/site-packages/torch/nn/modules/module.py", line 1773, in _wrapped_call_impl
    return self._call_impl(*args, **kwargs)
           ^^^^^^^^^^^^^^^^^^^^^^^^^^^^^^^^
  File "/venv/main/lib/python3.12/site-packages/torch/nn/modules/module.py", line 1784, in _call_impl
    return forward_call(*args, **kwargs)
           ^^^^^^^^^^^^^^^^^^^^^^^^^^^^^
  File "/venv/main/lib/python3.12/site-packages/transformers/utils/generic.py", line 903, in wrapper
    output = func(self, *args, **kwargs)
             ^^^^^^^^^^^^^^^^^^^^^^^^^^^
  File "/venv/main/lib/python3.12/site-packages/transformers/models/t5gemma2/modeling_t5gemma2.py", line 1157, in forward
    decoder_outputs = self.decoder(
                      ^^^^^^^^^^^^^
  File "/venv/main/lib/python3.12/site-packages/torch/nn/modules/module.py", line 1773, in _wrapped_call_impl
    return self._call_impl(*args, **kwargs)
           ^^^^^^^^^^^^^^^^^^^^^^^^^^^^^^^^
  File "/venv/main/lib/python3.12/site-packages/torch/nn/modules/module.py", line 1784, in _call_impl
    return forward_call(*args, **kwargs)
           ^^^^^^^^^^^^^^^^^^^^^^^^^^^^^
  File "/venv/main/lib/python3.12/site-packages/transformers/utils/generic.py", line 1032, in wrapper
    output = func(self, *args, **kwargs)
             ^^^^^^^^^^^^^^^^^^^^^^^^^^^
  File "/venv/main/lib/python3.12/site-packages/transformers/utils/output_capturing.py", line 252, in wrapper
    outputs = func(self, *args, **kwargs)
              ^^^^^^^^^^^^^^^^^^^^^^^^^^^
  File "/venv/main/lib/python3.12/site-packages/transformers/models/t5gemma2/modeling_t5gemma2.py", line 1049, in forward
    "full_attention": torch.cat(
                      ^^^^^^^^^^
RuntimeError: Sizes of tensors must match except in dimension 3. Expected size 5 but got size 25 for tensor number 1 in the list.
Loading weights:   0%|          | 0/1327 [00:00<?, ?it/s]Loading weights:  67%|██████▋   | 894/1327 [00:00<00:00, 8938.18it/s]Loading weights: 100%|██████████| 1327/1327 [00:00<00:00, 12031.68it/s]
[transformers] Both `min_new_tokens` (=0) and `min_length`(=0) seem to have been set. `min_new_tokens` will take precedence. Please refer to the documentation for more information. (https://huggingface.co/docs/transformers/main/en/main_classes/text_generation)
[transformers] Both `min_new_tokens` (=0) and `min_length`(=0) seem to have been set. `min_new_tokens` will take precedence. Please refer to the documentation for more information. (https://huggingface.co/docs/transformers/main/en/main_classes/text_generation)
{"arm": "sft", "max_token_completions": 0, "mean_action_tokens": 502.0, "task": 1, "task_id": "sigless_6f74b303025c", "tasks": 175}
[transformers] Both `min_new_tokens` (=0) and `min_length`(=0) seem to have been set. `min_new_tokens` will take precedence. Please refer to the documentation for more information. (https://huggingface.co/docs/transformers/main/en/main_classes/text_generation)
[transformers] Both `min_new_tokens` (=0) and `min_length`(=0) seem to have been set. `min_new_tokens` will take precedence. Please refer to the documentation for more information. (https://huggingface.co/docs/transformers/main/en/main_classes/text_generation)
{"arm": "sft", "max_token_completions": 0, "mean_action_tokens": 252.6, "task": 2, "task_id": "sigless_1eae8c49db66", "tasks": 175}
[transformers] Both `min_new_tokens` (=0) and `min_length`(=0) seem to have been set. `min_new_tokens` will take precedence. Please refer to the documentation for more information. (https://huggingface.co/docs/transformers/main/en/main_classes/text_generation)
[transformers] Both `min_new_tokens` (=0) and `min_length`(=0) seem to have been set. `min_new_tokens` will take precedence. Please refer to the documentation for more information. (https://huggingface.co/docs/transformers/main/en/main_classes/text_generation)
{"arm": "sft", "max_token_completions": 0, "mean_action_tokens": 302.8, "task": 3, "task_id": "sigless_8230c078962e", "tasks": 175}
[transformers] Both `min_new_tokens` (=0) and `min_length`(=0) seem to have been set. `min_new_tokens` will take precedence. Please refer to the documentation for more information. (https://huggingface.co/docs/transformers/main/en/main_classes/text_generation)
[transformers] Both `min_new_tokens` (=0) and `min_length`(=0) seem to have been set. `min_new_tokens` will take precedence. Please refer to the documentation for more information. (https://huggingface.co/docs/transformers/main/en/main_classes/text_generation)
{"arm": "sft", "max_token_completions": 0, "mean_action_tokens": 469.2, "task": 4, "task_id": "sigless_ef71ae50a5fb", "tasks": 175}
[transformers] Both `min_new_tokens` (=0) and `min_length`(=0) seem to have been set. `min_new_tokens` will take precedence. Please refer to the documentation for more information. (https://huggingface.co/docs/transformers/main/en/main_classes/text_generation)
[transformers] Both `min_new_tokens` (=0) and `min_length`(=0) seem to have been set. `min_new_tokens` will take precedence. Please refer to the documentation for more information. (https://huggingface.co/docs/transformers/main/en/main_classes/text_generation)
{"arm": "sft", "max_token_completions": 0, "mean_action_tokens": 128.0, "task": 5, "task_id": "sigless_0c28ea18fc09", "tasks": 175}
[transformers] Both `min_new_tokens` (=0) and `min_length`(=0) seem to have been set. `min_new_tokens` will take precedence. Please refer to the documentation for more information. (https://huggingface.co/docs/transformers/main/en/main_classes/text_generation)
[transformers] Both `min_new_tokens` (=0) and `min_length`(=0) seem to have been set. `min_new_tokens` will take precedence. Please refer to the documentation for more information. (https://huggingface.co/docs/transformers/main/en/main_classes/text_generation)
{"arm": "sft", "max_token_completions": 0, "mean_action_tokens": 206.4, "task": 6, "task_id": "sigless_9dcc77211b03", "tasks": 175}
[transformers] Both `min_new_tokens` (=0) and `min_length`(=0) seem to have been set. `min_new_tokens` will take precedence. Please refer to the documentation for more information. (https://huggingface.co/docs/transformers/main/en/main_classes/text_generation)
[transformers] Both `min_new_tokens` (=0) and `min_length`(=0) seem to have been set. `min_new_tokens` will take precedence. Please refer to the documentation for more information. (https://huggingface.co/docs/transformers/main/en/main_classes/text_generation)
{"arm": "sft", "max_token_completions": 0, "mean_action_tokens": 154.1, "task": 7, "task_id": "sigless_e3b7af399229", "tasks": 175}
[transformers] Both `min_new_tokens` (=0) and `min_length`(=0) seem to have been set. `min_new_tokens` will take precedence. Please refer to the documentation for more information. (https://huggingface.co/docs/transformers/main/en/main_classes/text_generation)
[transformers] Both `min_new_tokens` (=0) and `min_length`(=0) seem to have been set. `min_new_tokens` will take precedence. Please refer to the documentation for more information. (https://huggingface.co/docs/transformers/main/en/main_classes/text_generation)
{"arm": "sft", "max_token_completions": 0, "mean_action_tokens": 211.3, "task": 8, "task_id": "sigless_f2b582d1df68", "tasks": 175}
[transformers] Both `min_new_tokens` (=0) and `min_length`(=0) seem to have been set. `min_new_tokens` will take precedence. Please refer to the documentation for more information. (https://huggingface.co/docs/transformers/main/en/main_classes/text_generation)
[transformers] Both `min_new_tokens` (=0) and `min_length`(=0) seem to have been set. `min_new_tokens` will take precedence. Please refer to the documentation for more information. (https://huggingface.co/docs/transformers/main/en/main_classes/text_generation)
{"arm": "sft", "max_token_completions": 0, "mean_action_tokens": 211.1, "task": 9, "task_id": "sigless_af8ea815d9ac", "tasks": 175}
[transformers] Both `min_new_tokens` (=0) and `min_length`(=0) seem to have been set. `min_new_tokens` will take precedence. Please refer to the documentation for more information. (https://huggingface.co/docs/transformers/main/en/main_classes/text_generation)
[transformers] Both `min_new_tokens` (=0) and `min_length`(=0) seem to have been set. `min_new_tokens` will take precedence. Please refer to the documentation for more information. (https://huggingface.co/docs/transformers/main/en/main_classes/text_generation)
{"arm": "sft", "max_token_completions": 0, "mean_action_tokens": 283.9, "task": 10, "task_id": "sigless_ed4d7dcd5f20", "tasks": 175}
[transformers] Both `min_new_tokens` (=0) and `min_length`(=0) seem to have been set. `min_new_tokens` will take precedence. Please refer to the documentation for more information. (https://huggingface.co/docs/transformers/main/en/main_classes/text_generation)
[transformers] Both `min_new_tokens` (=0) and `min_length`(=0) seem to have been set. `min_new_tokens` will take precedence. Please refer to the documentation for more information. (https://huggingface.co/docs/transformers/main/en/main_classes/text_generation)
{"arm": "sft", "max_token_completions": 0, "mean_action_tokens": 239.9, "task": 11, "task_id": "sigless_ac1a3f90780a", "tasks": 175}
[transformers] Both `min_new_tokens` (=0) and `min_length`(=0) seem to have been set. `min_new_tokens` will take precedence. Please refer to the documentation for more information. (https://huggingface.co/docs/transformers/main/en/main_classes/text_generation)
[transformers] Both `min_new_tokens` (=0) and `min_length`(=0) seem to have been set. `min_new_tokens` will take precedence. Please refer to the documentation for more information. (https://huggingface.co/docs/transformers/main/en/main_classes/text_generation)
{"arm": "sft", "max_token_completions": 0, "mean_action_tokens": 150.8, "task": 12, "task_id": "sigless_2607923a35c2", "tasks": 175}
[transformers] Both `min_new_tokens` (=0) and `min_length`(=0) seem to have been set. `min_new_tokens` will take precedence. Please refer to the documentation for more information. (https://huggingface.co/docs/transformers/main/en/main_classes/text_generation)
[transformers] Both `min_new_tokens` (=0) and `min_length`(=0) seem to have been set. `min_new_tokens` will take precedence. Please refer to the documentation for more information. (https://huggingface.co/docs/transformers/main/en/main_classes/text_generation)
{"arm": "sft", "max_token_completions": 0, "mean_action_tokens": 1508.8, "task": 13, "task_id": "sigless_9acafa491865", "tasks": 175}
[transformers] Both `min_new_tokens` (=0) and `min_length`(=0) seem to have been set. `min_new_tokens` will take precedence. Please refer to the documentation for more information. (https://huggingface.co/docs/transformers/main/en/main_classes/text_generation)
[transformers] Both `min_new_tokens` (=0) and `min_length`(=0) seem to have been set. `min_new_tokens` will take precedence. Please refer to the documentation for more information. (https://huggingface.co/docs/transformers/main/en/main_classes/text_generation)
{"arm": "sft", "max_token_completions": 0, "mean_action_tokens": 123.4, "task": 14, "task_id": "sigless_08a97c3f3f6b", "tasks": 175}
[transformers] Both `min_new_tokens` (=0) and `min_length`(=0) seem to have been set. `min_new_tokens` will take precedence. Please refer to the documentation for more information. (https://huggingface.co/docs/transformers/main/en/main_classes/text_generation)
[transformers] Both `min_new_tokens` (=0) and `min_length`(=0) seem to have been set. `min_new_tokens` will take precedence. Please refer to the documentation for more information. (https://huggingface.co/docs/transformers/main/en/main_classes/text_generation)
{"arm": "sft", "max_token_completions": 0, "mean_action_tokens": 129.7, "task": 15, "task_id": "sigless_561333b633a8", "tasks": 175}
[transformers] Both `min_new_tokens` (=0) and `min_length`(=0) seem to have been set. `min_new_tokens` will take precedence. Please refer to the documentation for more information. (https://huggingface.co/docs/transformers/main/en/main_classes/text_generation)
[transformers] Both `min_new_tokens` (=0) and `min_length`(=0) seem to have been set. `min_new_tokens` will take precedence. Please refer to the documentation for more information. (https://huggingface.co/docs/transformers/main/en/main_classes/text_generation)
{"arm": "sft", "max_token_completions": 0, "mean_action_tokens": 121.1, "task": 16, "task_id": "sigless_43bc373e09d3", "tasks": 175}
[transformers] Both `min_new_tokens` (=0) and `min_length`(=0) seem to have been set. `min_new_tokens` will take precedence. Please refer to the documentation for more information. (https://huggingface.co/docs/transformers/main/en/main_classes/text_generation)
[transformers] Both `min_new_tokens` (=0) and `min_length`(=0) seem to have been set. `min_new_tokens` will take precedence. Please refer to the documentation for more information. (https://huggingface.co/docs/transformers/main/en/main_classes/text_generation)
{"arm": "sft", "max_token_completions": 0, "mean_action_tokens": 390.3, "task": 17, "task_id": "sigless_7968d9b30560", "tasks": 175}
[transformers] Both `min_new_tokens` (=0) and `min_length`(=0) seem to have been set. `min_new_tokens` will take precedence. Please refer to the documentation for more information. (https://huggingface.co/docs/transformers/main/en/main_classes/text_generation)
[transformers] Both `min_new_tokens` (=0) and `min_length`(=0) seem to have been set. `min_new_tokens` will take precedence. Please refer to the documentation for more information. (https://huggingface.co/docs/transformers/main/en/main_classes/text_generation)
{"arm": "sft", "max_token_completions": 0, "mean_action_tokens": 182.8, "task": 18, "task_id": "sigless_682c5301dfb2", "tasks": 175}
[transformers] Both `min_new_tokens` (=0) and `min_length`(=0) seem to have been set. `min_new_tokens` will take precedence. Please refer to the documentation for more information. (https://huggingface.co/docs/transformers/main/en/main_classes/text_generation)
[transformers] Both `min_new_tokens` (=0) and `min_length`(=0) seem to have been set. `min_new_tokens` will take precedence. Please refer to the documentation for more information. (https://huggingface.co/docs/transformers/main/en/main_classes/text_generation)
{"arm": "sft", "max_token_completions": 0, "mean_action_tokens": 461.5, "task": 19, "task_id": "sigless_37c22f197b0e", "tasks": 175}
[transformers] Both `min_new_tokens` (=0) and `min_length`(=0) seem to have been set. `min_new_tokens` will take precedence. Please refer to the documentation for more information. (https://huggingface.co/docs/transformers/main/en/main_classes/text_generation)
[transformers] Both `min_new_tokens` (=0) and `min_length`(=0) seem to have been set. `min_new_tokens` will take precedence. Please refer to the documentation for more information. (https://huggingface.co/docs/transformers/main/en/main_classes/text_generation)
{"arm": "sft", "max_token_completions": 0, "mean_action_tokens": 431.0, "task": 20, "task_id": "sigless_34e9dc99606e", "tasks": 175}
[transformers] Both `min_new_tokens` (=0) and `min_length`(=0) seem to have been set. `min_new_tokens` will take precedence. Please refer to the documentation for more information. (https://huggingface.co/docs/transformers/main/en/main_classes/text_generation)
[transformers] Both `min_new_tokens` (=0) and `min_length`(=0) seem to have been set. `min_new_tokens` will take precedence. Please refer to the documentation for more information. (https://huggingface.co/docs/transformers/main/en/main_classes/text_generation)
{"arm": "sft", "max_token_completions": 0, "mean_action_tokens": 729.7, "task": 21, "task_id": "sigless_6ad70e03dabe", "tasks": 175}
[transformers] Both `min_new_tokens` (=0) and `min_length`(=0) seem to have been set. `min_new_tokens` will take precedence. Please refer to the documentation for more information. (https://huggingface.co/docs/transformers/main/en/main_classes/text_generation)
[transformers] Both `min_new_tokens` (=0) and `min_length`(=0) seem to have been set. `min_new_tokens` will take precedence. Please refer to the documentation for more information. (https://huggingface.co/docs/transformers/main/en/main_classes/text_generation)
{"arm": "sft", "max_token_completions": 0, "mean_action_tokens": 161.8, "task": 22, "task_id": "sigless_217ef71865c3", "tasks": 175}
[transformers] Both `min_new_tokens` (=0) and `min_length`(=0) seem to have been set. `min_new_tokens` will take precedence. Please refer to the documentation for more information. (https://huggingface.co/docs/transformers/main/en/main_classes/text_generation)
[transformers] Both `min_new_tokens` (=0) and `min_length`(=0) seem to have been set. `min_new_tokens` will take precedence. Please refer to the documentation for more information. (https://huggingface.co/docs/transformers/main/en/main_classes/text_generation)
{"arm": "sft", "max_token_completions": 0, "mean_action_tokens": 445.8, "task": 23, "task_id": "sigless_295a1f5c7259", "tasks": 175}
[transformers] Both `min_new_tokens` (=0) and `min_length`(=0) seem to have been set. `min_new_tokens` will take precedence. Please refer to the documentation for more information. (https://huggingface.co/docs/transformers/main/en/main_classes/text_generation)
[transformers] Both `min_new_tokens` (=0) and `min_length`(=0) seem to have been set. `min_new_tokens` will take precedence. Please refer to the documentation for more information. (https://huggingface.co/docs/transformers/main/en/main_classes/text_generation)
{"arm": "sft", "max_token_completions": 0, "mean_action_tokens": 188.7, "task": 24, "task_id": "sigless_3b143aa33af0", "tasks": 175}
[transformers] Both `min_new_tokens` (=0) and `min_length`(=0) seem to have been set. `min_new_tokens` will take precedence. Please refer to the documentation for more information. (https://huggingface.co/docs/transformers/main/en/main_classes/text_generation)
[transformers] Both `min_new_tokens` (=0) and `min_length`(=0) seem to have been set. `min_new_tokens` will take precedence. Please refer to the documentation for more information. (https://huggingface.co/docs/transformers/main/en/main_classes/text_generation)
{"arm": "sft", "max_token_completions": 0, "mean_action_tokens": 221.3, "task": 25, "task_id": "sigless_6e4974ba05d6", "tasks": 175}
[transformers] Both `min_new_tokens` (=0) and `min_length`(=0) seem to have been set. `min_new_tokens` will take precedence. Please refer to the documentation for more information. (https://huggingface.co/docs/transformers/main/en/main_classes/text_generation)
[transformers] Both `min_new_tokens` (=0) and `min_length`(=0) seem to have been set. `min_new_tokens` will take precedence. Please refer to the documentation for more information. (https://huggingface.co/docs/transformers/main/en/main_classes/text_generation)
{"arm": "sft", "max_token_completions": 0, "mean_action_tokens": 161.9, "task": 26, "task_id": "sigless_40ffe3504975", "tasks": 175}
[transformers] Both `min_new_tokens` (=0) and `min_length`(=0) seem to have been set. `min_new_tokens` will take precedence. Please refer to the documentation for more information. (https://huggingface.co/docs/transformers/main/en/main_classes/text_generation)
[transformers] Both `min_new_tokens` (=0) and `min_length`(=0) seem to have been set. `min_new_tokens` will take precedence. Please refer to the documentation for more information. (https://huggingface.co/docs/transformers/main/en/main_classes/text_generation)
{"arm": "sft", "max_token_completions": 0, "mean_action_tokens": 327.6, "task": 27, "task_id": "sigless_5c47cc5132ae", "tasks": 175}
[transformers] Both `min_new_tokens` (=0) and `min_length`(=0) seem to have been set. `min_new_tokens` will take precedence. Please refer to the documentation for more information. (https://huggingface.co/docs/transformers/main/en/main_classes/text_generation)
[transformers] Both `min_new_tokens` (=0) and `min_length`(=0) seem to have been set. `min_new_tokens` will take precedence. Please refer to the documentation for more information. (https://huggingface.co/docs/transformers/main/en/main_classes/text_generation)
{"arm": "sft", "max_token_completions": 0, "mean_action_tokens": 162.9, "task": 28, "task_id": "sigless_0dc17d9531b9", "tasks": 175}
[transformers] Both `min_new_tokens` (=0) and `min_length`(=0) seem to have been set. `min_new_tokens` will take precedence. Please refer to the documentation for more information. (https://huggingface.co/docs/transformers/main/en/main_classes/text_generation)
[transformers] Both `min_new_tokens` (=0) and `min_length`(=0) seem to have been set. `min_new_tokens` will take precedence. Please refer to the documentation for more information. (https://huggingface.co/docs/transformers/main/en/main_classes/text_generation)
{"arm": "sft", "max_token_completions": 0, "mean_action_tokens": 296.2, "task": 29, "task_id": "sigless_e989552bfd91", "tasks": 175}
[transformers] Both `min_new_tokens` (=0) and `min_length`(=0) seem to have been set. `min_new_tokens` will take precedence. Please refer to the documentation for more information. (https://huggingface.co/docs/transformers/main/en/main_classes/text_generation)
[transformers] Both `min_new_tokens` (=0) and `min_length`(=0) seem to have been set. `min_new_tokens` will take precedence. Please refer to the documentation for more information. (https://huggingface.co/docs/transformers/main/en/main_classes/text_generation)
{"arm": "sft", "max_token_completions": 0, "mean_action_tokens": 213.9, "task": 30, "task_id": "sigless_588a3df34892", "tasks": 175}
[transformers] Both `min_new_tokens` (=0) and `min_length`(=0) seem to have been set. `min_new_tokens` will take precedence. Please refer to the documentation for more information. (https://huggingface.co/docs/transformers/main/en/main_classes/text_generation)
[transformers] Both `min_new_tokens` (=0) and `min_length`(=0) seem to have been set. `min_new_tokens` will take precedence. Please refer to the documentation for more information. (https://huggingface.co/docs/transformers/main/en/main_classes/text_generation)
{"arm": "sft", "max_token_completions": 0, "mean_action_tokens": 383.7, "task": 31, "task_id": "sigless_7f5464d20af0", "tasks": 175}
[transformers] Both `min_new_tokens` (=0) and `min_length`(=0) seem to have been set. `min_new_tokens` will take precedence. Please refer to the documentation for more information. (https://huggingface.co/docs/transformers/main/en/main_classes/text_generation)
[transformers] Both `min_new_tokens` (=0) and `min_length`(=0) seem to have been set. `min_new_tokens` will take precedence. Please refer to the documentation for more information. (https://huggingface.co/docs/transformers/main/en/main_classes/text_generation)
{"arm": "sft", "max_token_completions": 0, "mean_action_tokens": 307.9, "task": 32, "task_id": "sigless_c06bd1b6353c", "tasks": 175}
[transformers] Both `min_new_tokens` (=0) and `min_length`(=0) seem to have been set. `min_new_tokens` will take precedence. Please refer to the documentation for more information. (https://huggingface.co/docs/transformers/main/en/main_classes/text_generation)
[transformers] Both `min_new_tokens` (=0) and `min_length`(=0) seem to have been set. `min_new_tokens` will take precedence. Please refer to the documentation for more information. (https://huggingface.co/docs/transformers/main/en/main_classes/text_generation)
{"arm": "sft", "max_token_completions": 0, "mean_action_tokens": 119.8, "task": 33, "task_id": "sigless_7ce0645c7c59", "tasks": 175}
[transformers] Both `min_new_tokens` (=0) and `min_length`(=0) seem to have been set. `min_new_tokens` will take precedence. Please refer to the documentation for more information. (https://huggingface.co/docs/transformers/main/en/main_classes/text_generation)
[transformers] Both `min_new_tokens` (=0) and `min_length`(=0) seem to have been set. `min_new_tokens` will take precedence. Please refer to the documentation for more information. (https://huggingface.co/docs/transformers/main/en/main_classes/text_generation)
{"arm": "sft", "max_token_completions": 0, "mean_action_tokens": 158.4, "task": 34, "task_id": "sigless_842d8bd3822e", "tasks": 175}
[transformers] Both `min_new_tokens` (=0) and `min_length`(=0) seem to have been set. `min_new_tokens` will take precedence. Please refer to the documentation for more information. (https://huggingface.co/docs/transformers/main/en/main_classes/text_generation)
[transformers] Both `min_new_tokens` (=0) and `min_length`(=0) seem to have been set. `min_new_tokens` will take precedence. Please refer to the documentation for more information. (https://huggingface.co/docs/transformers/main/en/main_classes/text_generation)
{"arm": "sft", "max_token_completions": 0, "mean_action_tokens": 171.7, "task": 35, "task_id": "sigless_f19a1cde385c", "tasks": 175}
[transformers] Both `min_new_tokens` (=0) and `min_length`(=0) seem to have been set. `min_new_tokens` will take precedence. Please refer to the documentation for more information. (https://huggingface.co/docs/transformers/main/en/main_classes/text_generation)
[transformers] Both `min_new_tokens` (=0) and `min_length`(=0) seem to have been set. `min_new_tokens` will take precedence. Please refer to the documentation for more information. (https://huggingface.co/docs/transformers/main/en/main_classes/text_generation)
{"arm": "sft", "max_token_completions": 0, "mean_action_tokens": 132.8, "task": 36, "task_id": "sigless_66f0c3982031", "tasks": 175}
[transformers] Both `min_new_tokens` (=0) and `min_length`(=0) seem to have been set. `min_new_tokens` will take precedence. Please refer to the documentation for more information. (https://huggingface.co/docs/transformers/main/en/main_classes/text_generation)
[transformers] Both `min_new_tokens` (=0) and `min_length`(=0) seem to have been set. `min_new_tokens` will take precedence. Please refer to the documentation for more information. (https://huggingface.co/docs/transformers/main/en/main_classes/text_generation)
{"arm": "sft", "max_token_completions": 0, "mean_action_tokens": 296.8, "task": 37, "task_id": "sigless_6ca6f0196a67", "tasks": 175}
[transformers] Both `min_new_tokens` (=0) and `min_length`(=0) seem to have been set. `min_new_tokens` will take precedence. Please refer to the documentation for more information. (https://huggingface.co/docs/transformers/main/en/main_classes/text_generation)
[transformers] Both `min_new_tokens` (=0) and `min_length`(=0) seem to have been set. `min_new_tokens` will take precedence. Please refer to the documentation for more information. (https://huggingface.co/docs/transformers/main/en/main_classes/text_generation)
{"arm": "sft", "max_token_completions": 0, "mean_action_tokens": 186.0, "task": 38, "task_id": "sigless_8cc4767c9e31", "tasks": 175}
[transformers] Both `min_new_tokens` (=0) and `min_length`(=0) seem to have been set. `min_new_tokens` will take precedence. Please refer to the documentation for more information. (https://huggingface.co/docs/transformers/main/en/main_classes/text_generation)
[transformers] Both `min_new_tokens` (=0) and `min_length`(=0) seem to have been set. `min_new_tokens` will take precedence. Please refer to the documentation for more information. (https://huggingface.co/docs/transformers/main/en/main_classes/text_generation)
{"arm": "sft", "max_token_completions": 0, "mean_action_tokens": 444.8, "task": 39, "task_id": "sigless_689fa1a18517", "tasks": 175}
[transformers] Both `min_new_tokens` (=0) and `min_length`(=0) seem to have been set. `min_new_tokens` will take precedence. Please refer to the documentation for more information. (https://huggingface.co/docs/transformers/main/en/main_classes/text_generation)
[transformers] Both `min_new_tokens` (=0) and `min_length`(=0) seem to have been set. `min_new_tokens` will take precedence. Please refer to the documentation for more information. (https://huggingface.co/docs/transformers/main/en/main_classes/text_generation)
{"arm": "sft", "max_token_completions": 0, "mean_action_tokens": 403.3, "task": 40, "task_id": "sigless_a6a008b7b43f", "tasks": 175}
[transformers] Both `min_new_tokens` (=0) and `min_length`(=0) seem to have been set. `min_new_tokens` will take precedence. Please refer to the documentation for more information. (https://huggingface.co/docs/transformers/main/en/main_classes/text_generation)
[transformers] Both `min_new_tokens` (=0) and `min_length`(=0) seem to have been set. `min_new_tokens` will take precedence. Please refer to the documentation for more information. (https://huggingface.co/docs/transformers/main/en/main_classes/text_generation)
{"arm": "sft", "max_token_completions": 0, "mean_action_tokens": 174.5, "task": 41, "task_id": "sigless_b03bf3bb9c5b", "tasks": 175}
[transformers] Both `min_new_tokens` (=0) and `min_length`(=0) seem to have been set. `min_new_tokens` will take precedence. Please refer to the documentation for more information. (https://huggingface.co/docs/transformers/main/en/main_classes/text_generation)
[transformers] Both `min_new_tokens` (=0) and `min_length`(=0) seem to have been set. `min_new_tokens` will take precedence. Please refer to the documentation for more information. (https://huggingface.co/docs/transformers/main/en/main_classes/text_generation)
{"arm": "sft", "max_token_completions": 0, "mean_action_tokens": 201.8, "task": 42, "task_id": "sigless_c5fe1b2b12ae", "tasks": 175}
[transformers] Both `min_new_tokens` (=0) and `min_length`(=0) seem to have been set. `min_new_tokens` will take precedence. Please refer to the documentation for more information. (https://huggingface.co/docs/transformers/main/en/main_classes/text_generation)
[transformers] Both `min_new_tokens` (=0) and `min_length`(=0) seem to have been set. `min_new_tokens` will take precedence. Please refer to the documentation for more information. (https://huggingface.co/docs/transformers/main/en/main_classes/text_generation)
{"arm": "sft", "max_token_completions": 0, "mean_action_tokens": 120.5, "task": 43, "task_id": "sigless_8d0cf57a5b8f", "tasks": 175}
[transformers] Both `min_new_tokens` (=0) and `min_length`(=0) seem to have been set. `min_new_tokens` will take precedence. Please refer to the documentation for more information. (https://huggingface.co/docs/transformers/main/en/main_classes/text_generation)
[transformers] Both `min_new_tokens` (=0) and `min_length`(=0) seem to have been set. `min_new_tokens` will take precedence. Please refer to the documentation for more information. (https://huggingface.co/docs/transformers/main/en/main_classes/text_generation)
{"arm": "sft", "max_token_completions": 0, "mean_action_tokens": 318.4, "task": 44, "task_id": "sigless_7e986e1787e9", "tasks": 175}
[transformers] Both `min_new_tokens` (=0) and `min_length`(=0) seem to have been set. `min_new_tokens` will take precedence. Please refer to the documentation for more information. (https://huggingface.co/docs/transformers/main/en/main_classes/text_generation)
[transformers] Both `min_new_tokens` (=0) and `min_length`(=0) seem to have been set. `min_new_tokens` will take precedence. Please refer to the documentation for more information. (https://huggingface.co/docs/transformers/main/en/main_classes/text_generation)
{"arm": "sft", "max_token_completions": 0, "mean_action_tokens": 1421.3, "task": 45, "task_id": "sigless_172bb23be947", "tasks": 175}
[transformers] Both `min_new_tokens` (=0) and `min_length`(=0) seem to have been set. `min_new_tokens` will take precedence. Please refer to the documentation for more information. (https://huggingface.co/docs/transformers/main/en/main_classes/text_generation)
[transformers] Both `min_new_tokens` (=0) and `min_length`(=0) seem to have been set. `min_new_tokens` will take precedence. Please refer to the documentation for more information. (https://huggingface.co/docs/transformers/main/en/main_classes/text_generation)
{"arm": "sft", "max_token_completions": 0, "mean_action_tokens": 216.5, "task": 46, "task_id": "sigless_5f0732a851d6", "tasks": 175}
[transformers] Both `min_new_tokens` (=0) and `min_length`(=0) seem to have been set. `min_new_tokens` will take precedence. Please refer to the documentation for more information. (https://huggingface.co/docs/transformers/main/en/main_classes/text_generation)
[transformers] Both `min_new_tokens` (=0) and `min_length`(=0) seem to have been set. `min_new_tokens` will take precedence. Please refer to the documentation for more information. (https://huggingface.co/docs/transformers/main/en/main_classes/text_generation)
{"arm": "sft", "max_token_completions": 0, "mean_action_tokens": 594.8, "task": 47, "task_id": "sigless_761f28484d46", "tasks": 175}
[transformers] Both `min_new_tokens` (=0) and `min_length`(=0) seem to have been set. `min_new_tokens` will take precedence. Please refer to the documentation for more information. (https://huggingface.co/docs/transformers/main/en/main_classes/text_generation)
[transformers] Both `min_new_tokens` (=0) and `min_length`(=0) seem to have been set. `min_new_tokens` will take precedence. Please refer to the documentation for more information. (https://huggingface.co/docs/transformers/main/en/main_classes/text_generation)
{"arm": "sft", "max_token_completions": 0, "mean_action_tokens": 149.7, "task": 48, "task_id": "sigless_1f311da5c92c", "tasks": 175}
[transformers] Both `min_new_tokens` (=0) and `min_length`(=0) seem to have been set. `min_new_tokens` will take precedence. Please refer to the documentation for more information. (https://huggingface.co/docs/transformers/main/en/main_classes/text_generation)
[transformers] Both `min_new_tokens` (=0) and `min_length`(=0) seem to have been set. `min_new_tokens` will take precedence. Please refer to the documentation for more information. (https://huggingface.co/docs/transformers/main/en/main_classes/text_generation)
{"arm": "sft", "max_token_completions": 0, "mean_action_tokens": 578.5, "task": 49, "task_id": "sigless_5b084bc217a7", "tasks": 175}
[transformers] Both `min_new_tokens` (=0) and `min_length`(=0) seem to have been set. `min_new_tokens` will take precedence. Please refer to the documentation for more information. (https://huggingface.co/docs/transformers/main/en/main_classes/text_generation)
[transformers] Both `min_new_tokens` (=0) and `min_length`(=0) seem to have been set. `min_new_tokens` will take precedence. Please refer to the documentation for more information. (https://huggingface.co/docs/transformers/main/en/main_classes/text_generation)
{"arm": "sft", "max_token_completions": 0, "mean_action_tokens": 320.1, "task": 50, "task_id": "sigless_813393f0ede5", "tasks": 175}
[transformers] Both `min_new_tokens` (=0) and `min_length`(=0) seem to have been set. `min_new_tokens` will take precedence. Please refer to the documentation for more information. (https://huggingface.co/docs/transformers/main/en/main_classes/text_generation)
[transformers] Both `min_new_tokens` (=0) and `min_length`(=0) seem to have been set. `min_new_tokens` will take precedence. Please refer to the documentation for more information. (https://huggingface.co/docs/transformers/main/en/main_classes/text_generation)
{"arm": "sft", "max_token_completions": 0, "mean_action_tokens": 241.6, "task": 51, "task_id": "sigless_c533ec05295f", "tasks": 175}
[transformers] Both `min_new_tokens` (=0) and `min_length`(=0) seem to have been set. `min_new_tokens` will take precedence. Please refer to the documentation for more information. (https://huggingface.co/docs/transformers/main/en/main_classes/text_generation)
[transformers] Both `min_new_tokens` (=0) and `min_length`(=0) seem to have been set. `min_new_tokens` will take precedence. Please refer to the documentation for more information. (https://huggingface.co/docs/transformers/main/en/main_classes/text_generation)
{"arm": "sft", "max_token_completions": 0, "mean_action_tokens": 219.9, "task": 52, "task_id": "sigless_f313c6aa6b38", "tasks": 175}
[transformers] Both `min_new_tokens` (=0) and `min_length`(=0) seem to have been set. `min_new_tokens` will take precedence. Please refer to the documentation for more information. (https://huggingface.co/docs/transformers/main/en/main_classes/text_generation)
[transformers] Both `min_new_tokens` (=0) and `min_length`(=0) seem to have been set. `min_new_tokens` will take precedence. Please refer to the documentation for more information. (https://huggingface.co/docs/transformers/main/en/main_classes/text_generation)
{"arm": "sft", "max_token_completions": 0, "mean_action_tokens": 200.5, "task": 53, "task_id": "sigless_7da06c701a11", "tasks": 175}
[transformers] Both `min_new_tokens` (=0) and `min_length`(=0) seem to have been set. `min_new_tokens` will take precedence. Please refer to the documentation for more information. (https://huggingface.co/docs/transformers/main/en/main_classes/text_generation)
[transformers] Both `min_new_tokens` (=0) and `min_length`(=0) seem to have been set. `min_new_tokens` will take precedence. Please refer to the documentation for more information. (https://huggingface.co/docs/transformers/main/en/main_classes/text_generation)
{"arm": "sft", "max_token_completions": 0, "mean_action_tokens": 1888.6, "task": 54, "task_id": "sigless_32c65c037f11", "tasks": 175}
[transformers] Both `min_new_tokens` (=0) and `min_length`(=0) seem to have been set. `min_new_tokens` will take precedence. Please refer to the documentation for more information. (https://huggingface.co/docs/transformers/main/en/main_classes/text_generation)
[transformers] Both `min_new_tokens` (=0) and `min_length`(=0) seem to have been set. `min_new_tokens` will take precedence. Please refer to the documentation for more information. (https://huggingface.co/docs/transformers/main/en/main_classes/text_generation)
{"arm": "sft", "max_token_completions": 0, "mean_action_tokens": 195.7, "task": 55, "task_id": "sigless_800a63a44bf8", "tasks": 175}
[transformers] Both `min_new_tokens` (=0) and `min_length`(=0) seem to have been set. `min_new_tokens` will take precedence. Please refer to the documentation for more information. (https://huggingface.co/docs/transformers/main/en/main_classes/text_generation)
[transformers] Both `min_new_tokens` (=0) and `min_length`(=0) seem to have been set. `min_new_tokens` will take precedence. Please refer to the documentation for more information. (https://huggingface.co/docs/transformers/main/en/main_classes/text_generation)
{"arm": "sft", "max_token_completions": 0, "mean_action_tokens": 122.3, "task": 56, "task_id": "sigless_ae3f6b074a1d", "tasks": 175}
[transformers] Both `min_new_tokens` (=0) and `min_length`(=0) seem to have been set. `min_new_tokens` will take precedence. Please refer to the documentation for more information. (https://huggingface.co/docs/transformers/main/en/main_classes/text_generation)
[transformers] Both `min_new_tokens` (=0) and `min_length`(=0) seem to have been set. `min_new_tokens` will take precedence. Please refer to the documentation for more information. (https://huggingface.co/docs/transformers/main/en/main_classes/text_generation)
{"arm": "sft", "max_token_completions": 0, "mean_action_tokens": 184.6, "task": 57, "task_id": "sigless_bdb5051ba702", "tasks": 175}
[transformers] Both `min_new_tokens` (=0) and `min_length`(=0) seem to have been set. `min_new_tokens` will take precedence. Please refer to the documentation for more information. (https://huggingface.co/docs/transformers/main/en/main_classes/text_generation)
[transformers] Both `min_new_tokens` (=0) and `min_length`(=0) seem to have been set. `min_new_tokens` will take precedence. Please refer to the documentation for more information. (https://huggingface.co/docs/transformers/main/en/main_classes/text_generation)
{"arm": "sft", "max_token_completions": 0, "mean_action_tokens": 179.8, "task": 58, "task_id": "sigless_5a81bb01e5b7", "tasks": 175}
[transformers] Both `min_new_tokens` (=0) and `min_length`(=0) seem to have been set. `min_new_tokens` will take precedence. Please refer to the documentation for more information. (https://huggingface.co/docs/transformers/main/en/main_classes/text_generation)
[transformers] Both `min_new_tokens` (=0) and `min_length`(=0) seem to have been set. `min_new_tokens` will take precedence. Please refer to the documentation for more information. (https://huggingface.co/docs/transformers/main/en/main_classes/text_generation)
{"arm": "sft", "max_token_completions": 0, "mean_action_tokens": 248.6, "task": 59, "task_id": "sigless_3cc19bbfa30f", "tasks": 175}
[transformers] Both `min_new_tokens` (=0) and `min_length`(=0) seem to have been set. `min_new_tokens` will take precedence. Please refer to the documentation for more information. (https://huggingface.co/docs/transformers/main/en/main_classes/text_generation)
[transformers] Both `min_new_tokens` (=0) and `min_length`(=0) seem to have been set. `min_new_tokens` will take precedence. Please refer to the documentation for more information. (https://huggingface.co/docs/transformers/main/en/main_classes/text_generation)
{"arm": "sft", "max_token_completions": 0, "mean_action_tokens": 110.8, "task": 60, "task_id": "sigless_ca058cccbe26", "tasks": 175}
[transformers] Both `min_new_tokens` (=0) and `min_length`(=0) seem to have been set. `min_new_tokens` will take precedence. Please refer to the documentation for more information. (https://huggingface.co/docs/transformers/main/en/main_classes/text_generation)
[transformers] Both `min_new_tokens` (=0) and `min_length`(=0) seem to have been set. `min_new_tokens` will take precedence. Please refer to the documentation for more information. (https://huggingface.co/docs/transformers/main/en/main_classes/text_generation)
{"arm": "sft", "max_token_completions": 0, "mean_action_tokens": 395.7, "task": 61, "task_id": "sigless_b33d2de9af80", "tasks": 175}
[transformers] Both `min_new_tokens` (=0) and `min_length`(=0) seem to have been set. `min_new_tokens` will take precedence. Please refer to the documentation for more information. (https://huggingface.co/docs/transformers/main/en/main_classes/text_generation)
[transformers] Both `min_new_tokens` (=0) and `min_length`(=0) seem to have been set. `min_new_tokens` will take precedence. Please refer to the documentation for more information. (https://huggingface.co/docs/transformers/main/en/main_classes/text_generation)
{"arm": "sft", "max_token_completions": 0, "mean_action_tokens": 147.6, "task": 62, "task_id": "sigless_c25abcd9a325", "tasks": 175}
[transformers] Both `min_new_tokens` (=0) and `min_length`(=0) seem to have been set. `min_new_tokens` will take precedence. Please refer to the documentation for more information. (https://huggingface.co/docs/transformers/main/en/main_classes/text_generation)
[transformers] Both `min_new_tokens` (=0) and `min_length`(=0) seem to have been set. `min_new_tokens` will take precedence. Please refer to the documentation for more information. (https://huggingface.co/docs/transformers/main/en/main_classes/text_generation)
{"arm": "sft", "max_token_completions": 0, "mean_action_tokens": 190.4, "task": 63, "task_id": "sigless_6d8c4ba351c5", "tasks": 175}
[transformers] Both `min_new_tokens` (=0) and `min_length`(=0) seem to have been set. `min_new_tokens` will take precedence. Please refer to the documentation for more information. (https://huggingface.co/docs/transformers/main/en/main_classes/text_generation)
[transformers] Both `min_new_tokens` (=0) and `min_length`(=0) seem to have been set. `min_new_tokens` will take precedence. Please refer to the documentation for more information. (https://huggingface.co/docs/transformers/main/en/main_classes/text_generation)
{"arm": "sft", "max_token_completions": 0, "mean_action_tokens": 259.4, "task": 64, "task_id": "sigless_a247e5f7ba82", "tasks": 175}
[transformers] Both `min_new_tokens` (=0) and `min_length`(=0) seem to have been set. `min_new_tokens` will take precedence. Please refer to the documentation for more information. (https://huggingface.co/docs/transformers/main/en/main_classes/text_generation)
[transformers] Both `min_new_tokens` (=0) and `min_length`(=0) seem to have been set. `min_new_tokens` will take precedence. Please refer to the documentation for more information. (https://huggingface.co/docs/transformers/main/en/main_classes/text_generation)
{"arm": "sft", "max_token_completions": 0, "mean_action_tokens": 170.3, "task": 65, "task_id": "sigless_2285fc4955db", "tasks": 175}
[transformers] Both `min_new_tokens` (=0) and `min_length`(=0) seem to have been set. `min_new_tokens` will take precedence. Please refer to the documentation for more information. (https://huggingface.co/docs/transformers/main/en/main_classes/text_generation)
[transformers] Both `min_new_tokens` (=0) and `min_length`(=0) seem to have been set. `min_new_tokens` will take precedence. Please refer to the documentation for more information. (https://huggingface.co/docs/transformers/main/en/main_classes/text_generation)
{"arm": "sft", "max_token_completions": 0, "mean_action_tokens": 272.3, "task": 66, "task_id": "sigless_97decd4f7443", "tasks": 175}
[transformers] Both `min_new_tokens` (=0) and `min_length`(=0) seem to have been set. `min_new_tokens` will take precedence. Please refer to the documentation for more information. (https://huggingface.co/docs/transformers/main/en/main_classes/text_generation)
[transformers] Both `min_new_tokens` (=0) and `min_length`(=0) seem to have been set. `min_new_tokens` will take precedence. Please refer to the documentation for more information. (https://huggingface.co/docs/transformers/main/en/main_classes/text_generation)
{"arm": "sft", "max_token_completions": 0, "mean_action_tokens": 172.3, "task": 67, "task_id": "sigless_79bfe84158a3", "tasks": 175}
[transformers] Both `min_new_tokens` (=0) and `min_length`(=0) seem to have been set. `min_new_tokens` will take precedence. Please refer to the documentation for more information. (https://huggingface.co/docs/transformers/main/en/main_classes/text_generation)
[transformers] Both `min_new_tokens` (=0) and `min_length`(=0) seem to have been set. `min_new_tokens` will take precedence. Please refer to the documentation for more information. (https://huggingface.co/docs/transformers/main/en/main_classes/text_generation)
{"arm": "sft", "max_token_completions": 0, "mean_action_tokens": 151.4, "task": 68, "task_id": "sigless_6dfdaa80a5a8", "tasks": 175}
[transformers] Both `min_new_tokens` (=0) and `min_length`(=0) seem to have been set. `min_new_tokens` will take precedence. Please refer to the documentation for more information. (https://huggingface.co/docs/transformers/main/en/main_classes/text_generation)
[transformers] Both `min_new_tokens` (=0) and `min_length`(=0) seem to have been set. `min_new_tokens` will take precedence. Please refer to the documentation for more information. (https://huggingface.co/docs/transformers/main/en/main_classes/text_generation)
{"arm": "sft", "max_token_completions": 0, "mean_action_tokens": 251.4, "task": 69, "task_id": "sigless_52260deec95d", "tasks": 175}
[transformers] Both `min_new_tokens` (=0) and `min_length`(=0) seem to have been set. `min_new_tokens` will take precedence. Please refer to the documentation for more information. (https://huggingface.co/docs/transformers/main/en/main_classes/text_generation)
[transformers] Both `min_new_tokens` (=0) and `min_length`(=0) seem to have been set. `min_new_tokens` will take precedence. Please refer to the documentation for more information. (https://huggingface.co/docs/transformers/main/en/main_classes/text_generation)
{"arm": "sft", "max_token_completions": 0, "mean_action_tokens": 221.4, "task": 70, "task_id": "sigless_96546ea01643", "tasks": 175}
[transformers] Both `min_new_tokens` (=0) and `min_length`(=0) seem to have been set. `min_new_tokens` will take precedence. Please refer to the documentation for more information. (https://huggingface.co/docs/transformers/main/en/main_classes/text_generation)
[transformers] Both `min_new_tokens` (=0) and `min_length`(=0) seem to have been set. `min_new_tokens` will take precedence. Please refer to the documentation for more information. (https://huggingface.co/docs/transformers/main/en/main_classes/text_generation)
{"arm": "sft", "max_token_completions": 0, "mean_action_tokens": 161.4, "task": 71, "task_id": "sigless_083954eb2fb3", "tasks": 175}
[transformers] Both `min_new_tokens` (=0) and `min_length`(=0) seem to have been set. `min_new_tokens` will take precedence. Please refer to the documentation for more information. (https://huggingface.co/docs/transformers/main/en/main_classes/text_generation)
[transformers] Both `min_new_tokens` (=0) and `min_length`(=0) seem to have been set. `min_new_tokens` will take precedence. Please refer to the documentation for more information. (https://huggingface.co/docs/transformers/main/en/main_classes/text_generation)
{"arm": "sft", "max_token_completions": 0, "mean_action_tokens": 517.5, "task": 72, "task_id": "sigless_a348fccf3353", "tasks": 175}
[transformers] Both `min_new_tokens` (=0) and `min_length`(=0) seem to have been set. `min_new_tokens` will take precedence. Please refer to the documentation for more information. (https://huggingface.co/docs/transformers/main/en/main_classes/text_generation)
[transformers] Both `min_new_tokens` (=0) and `min_length`(=0) seem to have been set. `min_new_tokens` will take precedence. Please refer to the documentation for more information. (https://huggingface.co/docs/transformers/main/en/main_classes/text_generation)
{"arm": "sft", "max_token_completions": 0, "mean_action_tokens": 261.5, "task": 73, "task_id": "sigless_1b1ea7b75cff", "tasks": 175}
[transformers] Both `min_new_tokens` (=0) and `min_length`(=0) seem to have been set. `min_new_tokens` will take precedence. Please refer to the documentation for more information. (https://huggingface.co/docs/transformers/main/en/main_classes/text_generation)
[transformers] Both `min_new_tokens` (=0) and `min_length`(=0) seem to have been set. `min_new_tokens` will take precedence. Please refer to the documentation for more information. (https://huggingface.co/docs/transformers/main/en/main_classes/text_generation)
{"arm": "sft", "max_token_completions": 0, "mean_action_tokens": 483.1, "task": 74, "task_id": "sigless_f8e93c6852a8", "tasks": 175}
[transformers] Both `min_new_tokens` (=0) and `min_length`(=0) seem to have been set. `min_new_tokens` will take precedence. Please refer to the documentation for more information. (https://huggingface.co/docs/transformers/main/en/main_classes/text_generation)
[transformers] Both `min_new_tokens` (=0) and `min_length`(=0) seem to have been set. `min_new_tokens` will take precedence. Please refer to the documentation for more information. (https://huggingface.co/docs/transformers/main/en/main_classes/text_generation)
{"arm": "sft", "max_token_completions": 0, "mean_action_tokens": 278.1, "task": 75, "task_id": "sigless_8bf7f40ca356", "tasks": 175}
[transformers] Both `min_new_tokens` (=0) and `min_length`(=0) seem to have been set. `min_new_tokens` will take precedence. Please refer to the documentation for more information. (https://huggingface.co/docs/transformers/main/en/main_classes/text_generation)
[transformers] Both `min_new_tokens` (=0) and `min_length`(=0) seem to have been set. `min_new_tokens` will take precedence. Please refer to the documentation for more information. (https://huggingface.co/docs/transformers/main/en/main_classes/text_generation)
{"arm": "sft", "max_token_completions": 0, "mean_action_tokens": 261.8, "task": 76, "task_id": "sigless_dda92f9b56cf", "tasks": 175}
[transformers] Both `min_new_tokens` (=0) and `min_length`(=0) seem to have been set. `min_new_tokens` will take precedence. Please refer to the documentation for more information. (https://huggingface.co/docs/transformers/main/en/main_classes/text_generation)
[transformers] Both `min_new_tokens` (=0) and `min_length`(=0) seem to have been set. `min_new_tokens` will take precedence. Please refer to the documentation for more information. (https://huggingface.co/docs/transformers/main/en/main_classes/text_generation)
{"arm": "sft", "max_token_completions": 0, "mean_action_tokens": 219.8, "task": 77, "task_id": "sigless_29facc14bbd7", "tasks": 175}
[transformers] Both `min_new_tokens` (=0) and `min_length`(=0) seem to have been set. `min_new_tokens` will take precedence. Please refer to the documentation for more information. (https://huggingface.co/docs/transformers/main/en/main_classes/text_generation)
[transformers] Both `min_new_tokens` (=0) and `min_length`(=0) seem to have been set. `min_new_tokens` will take precedence. Please refer to the documentation for more information. (https://huggingface.co/docs/transformers/main/en/main_classes/text_generation)
{"arm": "sft", "max_token_completions": 0, "mean_action_tokens": 264.8, "task": 78, "task_id": "sigless_03890dcefaec", "tasks": 175}
[transformers] Both `min_new_tokens` (=0) and `min_length`(=0) seem to have been set. `min_new_tokens` will take precedence. Please refer to the documentation for more information. (https://huggingface.co/docs/transformers/main/en/main_classes/text_generation)
[transformers] Both `min_new_tokens` (=0) and `min_length`(=0) seem to have been set. `min_new_tokens` will take precedence. Please refer to the documentation for more information. (https://huggingface.co/docs/transformers/main/en/main_classes/text_generation)
{"arm": "sft", "max_token_completions": 0, "mean_action_tokens": 346.9, "task": 79, "task_id": "sigless_0676ce351471", "tasks": 175}
[transformers] Both `min_new_tokens` (=0) and `min_length`(=0) seem to have been set. `min_new_tokens` will take precedence. Please refer to the documentation for more information. (https://huggingface.co/docs/transformers/main/en/main_classes/text_generation)
[transformers] Both `min_new_tokens` (=0) and `min_length`(=0) seem to have been set. `min_new_tokens` will take precedence. Please refer to the documentation for more information. (https://huggingface.co/docs/transformers/main/en/main_classes/text_generation)
{"arm": "sft", "max_token_completions": 0, "mean_action_tokens": 112.3, "task": 80, "task_id": "sigless_a507056ae077", "tasks": 175}
[transformers] Both `min_new_tokens` (=0) and `min_length`(=0) seem to have been set. `min_new_tokens` will take precedence. Please refer to the documentation for more information. (https://huggingface.co/docs/transformers/main/en/main_classes/text_generation)
[transformers] Both `min_new_tokens` (=0) and `min_length`(=0) seem to have been set. `min_new_tokens` will take precedence. Please refer to the documentation for more information. (https://huggingface.co/docs/transformers/main/en/main_classes/text_generation)
{"arm": "sft", "max_token_completions": 0, "mean_action_tokens": 160.4, "task": 81, "task_id": "sigless_cc73707101e6", "tasks": 175}
[transformers] Both `min_new_tokens` (=0) and `min_length`(=0) seem to have been set. `min_new_tokens` will take precedence. Please refer to the documentation for more information. (https://huggingface.co/docs/transformers/main/en/main_classes/text_generation)
[transformers] Both `min_new_tokens` (=0) and `min_length`(=0) seem to have been set. `min_new_tokens` will take precedence. Please refer to the documentation for more information. (https://huggingface.co/docs/transformers/main/en/main_classes/text_generation)
{"arm": "sft", "max_token_completions": 0, "mean_action_tokens": 346.3, "task": 82, "task_id": "sigless_9588ecf888b2", "tasks": 175}
[transformers] Both `min_new_tokens` (=0) and `min_length`(=0) seem to have been set. `min_new_tokens` will take precedence. Please refer to the documentation for more information. (https://huggingface.co/docs/transformers/main/en/main_classes/text_generation)
[transformers] Both `min_new_tokens` (=0) and `min_length`(=0) seem to have been set. `min_new_tokens` will take precedence. Please refer to the documentation for more information. (https://huggingface.co/docs/transformers/main/en/main_classes/text_generation)
{"arm": "sft", "max_token_completions": 0, "mean_action_tokens": 302.0, "task": 83, "task_id": "sigless_4708b0b01b11", "tasks": 175}
[transformers] Both `min_new_tokens` (=0) and `min_length`(=0) seem to have been set. `min_new_tokens` will take precedence. Please refer to the documentation for more information. (https://huggingface.co/docs/transformers/main/en/main_classes/text_generation)
[transformers] Both `min_new_tokens` (=0) and `min_length`(=0) seem to have been set. `min_new_tokens` will take precedence. Please refer to the documentation for more information. (https://huggingface.co/docs/transformers/main/en/main_classes/text_generation)
{"arm": "sft", "max_token_completions": 0, "mean_action_tokens": 267.3, "task": 84, "task_id": "sigless_a4594aa05a9c", "tasks": 175}
[transformers] Both `min_new_tokens` (=0) and `min_length`(=0) seem to have been set. `min_new_tokens` will take precedence. Please refer to the documentation for more information. (https://huggingface.co/docs/transformers/main/en/main_classes/text_generation)
[transformers] Both `min_new_tokens` (=0) and `min_length`(=0) seem to have been set. `min_new_tokens` will take precedence. Please refer to the documentation for more information. (https://huggingface.co/docs/transformers/main/en/main_classes/text_generation)
{"arm": "sft", "max_token_completions": 0, "mean_action_tokens": 148.9, "task": 85, "task_id": "sigless_0d23ec54c1ec", "tasks": 175}
[transformers] Both `min_new_tokens` (=0) and `min_length`(=0) seem to have been set. `min_new_tokens` will take precedence. Please refer to the documentation for more information. (https://huggingface.co/docs/transformers/main/en/main_classes/text_generation)
[transformers] Both `min_new_tokens` (=0) and `min_length`(=0) seem to have been set. `min_new_tokens` will take precedence. Please refer to the documentation for more information. (https://huggingface.co/docs/transformers/main/en/main_classes/text_generation)
{"arm": "sft", "max_token_completions": 0, "mean_action_tokens": 145.2, "task": 86, "task_id": "sigless_2b4ce9b63420", "tasks": 175}
[transformers] Both `min_new_tokens` (=0) and `min_length`(=0) seem to have been set. `min_new_tokens` will take precedence. Please refer to the documentation for more information. (https://huggingface.co/docs/transformers/main/en/main_classes/text_generation)
[transformers] Both `min_new_tokens` (=0) and `min_length`(=0) seem to have been set. `min_new_tokens` will take precedence. Please refer to the documentation for more information. (https://huggingface.co/docs/transformers/main/en/main_classes/text_generation)
{"arm": "sft", "max_token_completions": 0, "mean_action_tokens": 170.3, "task": 87, "task_id": "sigless_d19512840646", "tasks": 175}
[transformers] Both `min_new_tokens` (=0) and `min_length`(=0) seem to have been set. `min_new_tokens` will take precedence. Please refer to the documentation for more information. (https://huggingface.co/docs/transformers/main/en/main_classes/text_generation)
[transformers] Both `min_new_tokens` (=0) and `min_length`(=0) seem to have been set. `min_new_tokens` will take precedence. Please refer to the documentation for more information. (https://huggingface.co/docs/transformers/main/en/main_classes/text_generation)
{"arm": "sft", "max_token_completions": 0, "mean_action_tokens": 257.7, "task": 88, "task_id": "sigless_254a6441f2f8", "tasks": 175}
[transformers] Both `min_new_tokens` (=0) and `min_length`(=0) seem to have been set. `min_new_tokens` will take precedence. Please refer to the documentation for more information. (https://huggingface.co/docs/transformers/main/en/main_classes/text_generation)
[transformers] Both `min_new_tokens` (=0) and `min_length`(=0) seem to have been set. `min_new_tokens` will take precedence. Please refer to the documentation for more information. (https://huggingface.co/docs/transformers/main/en/main_classes/text_generation)
{"arm": "sft", "max_token_completions": 0, "mean_action_tokens": 171.8, "task": 89, "task_id": "sigless_bd2a15378da9", "tasks": 175}
[transformers] Both `min_new_tokens` (=0) and `min_length`(=0) seem to have been set. `min_new_tokens` will take precedence. Please refer to the documentation for more information. (https://huggingface.co/docs/transformers/main/en/main_classes/text_generation)
[transformers] Both `min_new_tokens` (=0) and `min_length`(=0) seem to have been set. `min_new_tokens` will take precedence. Please refer to the documentation for more information. (https://huggingface.co/docs/transformers/main/en/main_classes/text_generation)
{"arm": "sft", "max_token_completions": 0, "mean_action_tokens": 103.0, "task": 90, "task_id": "sigless_81915896d27e", "tasks": 175}
[transformers] Both `min_new_tokens` (=0) and `min_length`(=0) seem to have been set. `min_new_tokens` will take precedence. Please refer to the documentation for more information. (https://huggingface.co/docs/transformers/main/en/main_classes/text_generation)
[transformers] Both `min_new_tokens` (=0) and `min_length`(=0) seem to have been set. `min_new_tokens` will take precedence. Please refer to the documentation for more information. (https://huggingface.co/docs/transformers/main/en/main_classes/text_generation)
{"arm": "sft", "max_token_completions": 0, "mean_action_tokens": 230.6, "task": 91, "task_id": "sigless_e1ba6073c24a", "tasks": 175}
[transformers] Both `min_new_tokens` (=0) and `min_length`(=0) seem to have been set. `min_new_tokens` will take precedence. Please refer to the documentation for more information. (https://huggingface.co/docs/transformers/main/en/main_classes/text_generation)
[transformers] Both `min_new_tokens` (=0) and `min_length`(=0) seem to have been set. `min_new_tokens` will take precedence. Please refer to the documentation for more information. (https://huggingface.co/docs/transformers/main/en/main_classes/text_generation)
{"arm": "sft", "max_token_completions": 0, "mean_action_tokens": 321.9, "task": 92, "task_id": "sigless_3a3a9c12bb06", "tasks": 175}
[transformers] Both `min_new_tokens` (=0) and `min_length`(=0) seem to have been set. `min_new_tokens` will take precedence. Please refer to the documentation for more information. (https://huggingface.co/docs/transformers/main/en/main_classes/text_generation)
[transformers] Both `min_new_tokens` (=0) and `min_length`(=0) seem to have been set. `min_new_tokens` will take precedence. Please refer to the documentation for more information. (https://huggingface.co/docs/transformers/main/en/main_classes/text_generation)
{"arm": "sft", "max_token_completions": 0, "mean_action_tokens": 299.3, "task": 93, "task_id": "sigless_288bf7a714e1", "tasks": 175}
[transformers] Both `min_new_tokens` (=0) and `min_length`(=0) seem to have been set. `min_new_tokens` will take precedence. Please refer to the documentation for more information. (https://huggingface.co/docs/transformers/main/en/main_classes/text_generation)
[transformers] Both `min_new_tokens` (=0) and `min_length`(=0) seem to have been set. `min_new_tokens` will take precedence. Please refer to the documentation for more information. (https://huggingface.co/docs/transformers/main/en/main_classes/text_generation)
{"arm": "sft", "max_token_completions": 0, "mean_action_tokens": 129.3, "task": 94, "task_id": "sigless_35088d24eba1", "tasks": 175}
[transformers] Both `min_new_tokens` (=0) and `min_length`(=0) seem to have been set. `min_new_tokens` will take precedence. Please refer to the documentation for more information. (https://huggingface.co/docs/transformers/main/en/main_classes/text_generation)
[transformers] Both `min_new_tokens` (=0) and `min_length`(=0) seem to have been set. `min_new_tokens` will take precedence. Please refer to the documentation for more information. (https://huggingface.co/docs/transformers/main/en/main_classes/text_generation)
{"arm": "sft", "max_token_completions": 0, "mean_action_tokens": 193.7, "task": 95, "task_id": "sigless_64a085399724", "tasks": 175}
[transformers] Both `min_new_tokens` (=0) and `min_length`(=0) seem to have been set. `min_new_tokens` will take precedence. Please refer to the documentation for more information. (https://huggingface.co/docs/transformers/main/en/main_classes/text_generation)
[transformers] Both `min_new_tokens` (=0) and `min_length`(=0) seem to have been set. `min_new_tokens` will take precedence. Please refer to the documentation for more information. (https://huggingface.co/docs/transformers/main/en/main_classes/text_generation)
{"arm": "sft", "max_token_completions": 0, "mean_action_tokens": 617.9, "task": 96, "task_id": "sigless_d544567b9189", "tasks": 175}
[transformers] Both `min_new_tokens` (=0) and `min_length`(=0) seem to have been set. `min_new_tokens` will take precedence. Please refer to the documentation for more information. (https://huggingface.co/docs/transformers/main/en/main_classes/text_generation)
[transformers] Both `min_new_tokens` (=0) and `min_length`(=0) seem to have been set. `min_new_tokens` will take precedence. Please refer to the documentation for more information. (https://huggingface.co/docs/transformers/main/en/main_classes/text_generation)
{"arm": "sft", "max_token_completions": 0, "mean_action_tokens": 202.5, "task": 97, "task_id": "sigless_73f9e7c2b2e2", "tasks": 175}
[transformers] Both `min_new_tokens` (=0) and `min_length`(=0) seem to have been set. `min_new_tokens` will take precedence. Please refer to the documentation for more information. (https://huggingface.co/docs/transformers/main/en/main_classes/text_generation)
[transformers] Both `min_new_tokens` (=0) and `min_length`(=0) seem to have been set. `min_new_tokens` will take precedence. Please refer to the documentation for more information. (https://huggingface.co/docs/transformers/main/en/main_classes/text_generation)
{"arm": "sft", "max_token_completions": 0, "mean_action_tokens": 129.7, "task": 98, "task_id": "sigless_719577f723ab", "tasks": 175}
[transformers] Both `min_new_tokens` (=0) and `min_length`(=0) seem to have been set. `min_new_tokens` will take precedence. Please refer to the documentation for more information. (https://huggingface.co/docs/transformers/main/en/main_classes/text_generation)
[transformers] Both `min_new_tokens` (=0) and `min_length`(=0) seem to have been set. `min_new_tokens` will take precedence. Please refer to the documentation for more information. (https://huggingface.co/docs/transformers/main/en/main_classes/text_generation)
{"arm": "sft", "max_token_completions": 0, "mean_action_tokens": 287.4, "task": 99, "task_id": "sigless_2f380f310be1", "tasks": 175}
[transformers] Both `min_new_tokens` (=0) and `min_length`(=0) seem to have been set. `min_new_tokens` will take precedence. Please refer to the documentation for more information. (https://huggingface.co/docs/transformers/main/en/main_classes/text_generation)
[transformers] Both `min_new_tokens` (=0) and `min_length`(=0) seem to have been set. `min_new_tokens` will take precedence. Please refer to the documentation for more information. (https://huggingface.co/docs/transformers/main/en/main_classes/text_generation)
{"arm": "sft", "max_token_completions": 0, "mean_action_tokens": 330.6, "task": 100, "task_id": "sigless_cd4130196f1f", "tasks": 175}
[transformers] Both `min_new_tokens` (=0) and `min_length`(=0) seem to have been set. `min_new_tokens` will take precedence. Please refer to the documentation for more information. (https://huggingface.co/docs/transformers/main/en/main_classes/text_generation)
[transformers] Both `min_new_tokens` (=0) and `min_length`(=0) seem to have been set. `min_new_tokens` will take precedence. Please refer to the documentation for more information. (https://huggingface.co/docs/transformers/main/en/main_classes/text_generation)
{"arm": "sft", "max_token_completions": 0, "mean_action_tokens": 307.1, "task": 101, "task_id": "sigless_af300e5a0f21", "tasks": 175}
[transformers] Both `min_new_tokens` (=0) and `min_length`(=0) seem to have been set. `min_new_tokens` will take precedence. Please refer to the documentation for more information. (https://huggingface.co/docs/transformers/main/en/main_classes/text_generation)
[transformers] Both `min_new_tokens` (=0) and `min_length`(=0) seem to have been set. `min_new_tokens` will take precedence. Please refer to the documentation for more information. (https://huggingface.co/docs/transformers/main/en/main_classes/text_generation)
{"arm": "sft", "max_token_completions": 0, "mean_action_tokens": 212.8, "task": 102, "task_id": "sigless_8c5d7927d750", "tasks": 175}
[transformers] Both `min_new_tokens` (=0) and `min_length`(=0) seem to have been set. `min_new_tokens` will take precedence. Please refer to the documentation for more information. (https://huggingface.co/docs/transformers/main/en/main_classes/text_generation)
[transformers] Both `min_new_tokens` (=0) and `min_length`(=0) seem to have been set. `min_new_tokens` will take precedence. Please refer to the documentation for more information. (https://huggingface.co/docs/transformers/main/en/main_classes/text_generation)
{"arm": "sft", "max_token_completions": 0, "mean_action_tokens": 171.2, "task": 103, "task_id": "sigless_c4383a715ff3", "tasks": 175}
[transformers] Both `min_new_tokens` (=0) and `min_length`(=0) seem to have been set. `min_new_tokens` will take precedence. Please refer to the documentation for more information. (https://huggingface.co/docs/transformers/main/en/main_classes/text_generation)
[transformers] Both `min_new_tokens` (=0) and `min_length`(=0) seem to have been set. `min_new_tokens` will take precedence. Please refer to the documentation for more information. (https://huggingface.co/docs/transformers/main/en/main_classes/text_generation)
{"arm": "sft", "max_token_completions": 0, "mean_action_tokens": 201.8, "task": 104, "task_id": "sigless_bd986d86cebb", "tasks": 175}
[transformers] Both `min_new_tokens` (=0) and `min_length`(=0) seem to have been set. `min_new_tokens` will take precedence. Please refer to the documentation for more information. (https://huggingface.co/docs/transformers/main/en/main_classes/text_generation)
[transformers] Both `min_new_tokens` (=0) and `min_length`(=0) seem to have been set. `min_new_tokens` will take precedence. Please refer to the documentation for more information. (https://huggingface.co/docs/transformers/main/en/main_classes/text_generation)
{"arm": "sft", "max_token_completions": 0, "mean_action_tokens": 194.0, "task": 105, "task_id": "sigless_bcebeb9e6334", "tasks": 175}
[transformers] Both `min_new_tokens` (=0) and `min_length`(=0) seem to have been set. `min_new_tokens` will take precedence. Please refer to the documentation for more information. (https://huggingface.co/docs/transformers/main/en/main_classes/text_generation)
[transformers] Both `min_new_tokens` (=0) and `min_length`(=0) seem to have been set. `min_new_tokens` will take precedence. Please refer to the documentation for more information. (https://huggingface.co/docs/transformers/main/en/main_classes/text_generation)
{"arm": "sft", "max_token_completions": 0, "mean_action_tokens": 109.1, "task": 106, "task_id": "sigless_d705d736995d", "tasks": 175}
[transformers] Both `min_new_tokens` (=0) and `min_length`(=0) seem to have been set. `min_new_tokens` will take precedence. Please refer to the documentation for more information. (https://huggingface.co/docs/transformers/main/en/main_classes/text_generation)
[transformers] Both `min_new_tokens` (=0) and `min_length`(=0) seem to have been set. `min_new_tokens` will take precedence. Please refer to the documentation for more information. (https://huggingface.co/docs/transformers/main/en/main_classes/text_generation)
{"arm": "sft", "max_token_completions": 0, "mean_action_tokens": 131.5, "task": 107, "task_id": "sigless_b03a8afc1094", "tasks": 175}
[transformers] Both `min_new_tokens` (=0) and `min_length`(=0) seem to have been set. `min_new_tokens` will take precedence. Please refer to the documentation for more information. (https://huggingface.co/docs/transformers/main/en/main_classes/text_generation)
[transformers] Both `min_new_tokens` (=0) and `min_length`(=0) seem to have been set. `min_new_tokens` will take precedence. Please refer to the documentation for more information. (https://huggingface.co/docs/transformers/main/en/main_classes/text_generation)
{"arm": "sft", "max_token_completions": 0, "mean_action_tokens": 135.3, "task": 108, "task_id": "sigless_fa4972c4e52e", "tasks": 175}
[transformers] Both `min_new_tokens` (=0) and `min_length`(=0) seem to have been set. `min_new_tokens` will take precedence. Please refer to the documentation for more information. (https://huggingface.co/docs/transformers/main/en/main_classes/text_generation)
[transformers] Both `min_new_tokens` (=0) and `min_length`(=0) seem to have been set. `min_new_tokens` will take precedence. Please refer to the documentation for more information. (https://huggingface.co/docs/transformers/main/en/main_classes/text_generation)
{"arm": "sft", "max_token_completions": 2, "mean_action_tokens": 2305.6, "task": 109, "task_id": "sigless_993f7ab38cdd", "tasks": 175}
[transformers] Both `min_new_tokens` (=0) and `min_length`(=0) seem to have been set. `min_new_tokens` will take precedence. Please refer to the documentation for more information. (https://huggingface.co/docs/transformers/main/en/main_classes/text_generation)
[transformers] Both `min_new_tokens` (=0) and `min_length`(=0) seem to have been set. `min_new_tokens` will take precedence. Please refer to the documentation for more information. (https://huggingface.co/docs/transformers/main/en/main_classes/text_generation)
{"arm": "sft", "max_token_completions": 0, "mean_action_tokens": 145.0, "task": 110, "task_id": "sigless_95105e48c1e8", "tasks": 175}
[transformers] Both `min_new_tokens` (=0) and `min_length`(=0) seem to have been set. `min_new_tokens` will take precedence. Please refer to the documentation for more information. (https://huggingface.co/docs/transformers/main/en/main_classes/text_generation)
[transformers] Both `min_new_tokens` (=0) and `min_length`(=0) seem to have been set. `min_new_tokens` will take precedence. Please refer to the documentation for more information. (https://huggingface.co/docs/transformers/main/en/main_classes/text_generation)
{"arm": "sft", "max_token_completions": 0, "mean_action_tokens": 160.4, "task": 111, "task_id": "sigless_9e128db660ea", "tasks": 175}
[transformers] Both `min_new_tokens` (=0) and `min_length`(=0) seem to have been set. `min_new_tokens` will take precedence. Please refer to the documentation for more information. (https://huggingface.co/docs/transformers/main/en/main_classes/text_generation)
[transformers] Both `min_new_tokens` (=0) and `min_length`(=0) seem to have been set. `min_new_tokens` will take precedence. Please refer to the documentation for more information. (https://huggingface.co/docs/transformers/main/en/main_classes/text_generation)
{"arm": "sft", "max_token_completions": 0, "mean_action_tokens": 402.6, "task": 112, "task_id": "sigless_949e6c11e478", "tasks": 175}
[transformers] Both `min_new_tokens` (=0) and `min_length`(=0) seem to have been set. `min_new_tokens` will take precedence. Please refer to the documentation for more information. (https://huggingface.co/docs/transformers/main/en/main_classes/text_generation)
[transformers] Both `min_new_tokens` (=0) and `min_length`(=0) seem to have been set. `min_new_tokens` will take precedence. Please refer to the documentation for more information. (https://huggingface.co/docs/transformers/main/en/main_classes/text_generation)
{"arm": "sft", "max_token_completions": 0, "mean_action_tokens": 137.3, "task": 113, "task_id": "sigless_55cc112cbb2c", "tasks": 175}
[transformers] Both `min_new_tokens` (=0) and `min_length`(=0) seem to have been set. `min_new_tokens` will take precedence. Please refer to the documentation for more information. (https://huggingface.co/docs/transformers/main/en/main_classes/text_generation)
[transformers] Both `min_new_tokens` (=0) and `min_length`(=0) seem to have been set. `min_new_tokens` will take precedence. Please refer to the documentation for more information. (https://huggingface.co/docs/transformers/main/en/main_classes/text_generation)
{"arm": "sft", "max_token_completions": 0, "mean_action_tokens": 249.9, "task": 114, "task_id": "sigless_c45cfc4290f2", "tasks": 175}
[transformers] Both `min_new_tokens` (=0) and `min_length`(=0) seem to have been set. `min_new_tokens` will take precedence. Please refer to the documentation for more information. (https://huggingface.co/docs/transformers/main/en/main_classes/text_generation)
[transformers] Both `min_new_tokens` (=0) and `min_length`(=0) seem to have been set. `min_new_tokens` will take precedence. Please refer to the documentation for more information. (https://huggingface.co/docs/transformers/main/en/main_classes/text_generation)
{"arm": "sft", "max_token_completions": 0, "mean_action_tokens": 155.9, "task": 115, "task_id": "sigless_d1f52bab434e", "tasks": 175}
[transformers] Both `min_new_tokens` (=0) and `min_length`(=0) seem to have been set. `min_new_tokens` will take precedence. Please refer to the documentation for more information. (https://huggingface.co/docs/transformers/main/en/main_classes/text_generation)
[transformers] Both `min_new_tokens` (=0) and `min_length`(=0) seem to have been set. `min_new_tokens` will take precedence. Please refer to the documentation for more information. (https://huggingface.co/docs/transformers/main/en/main_classes/text_generation)
{"arm": "sft", "max_token_completions": 0, "mean_action_tokens": 123.1, "task": 116, "task_id": "sigless_696808df1978", "tasks": 175}
[transformers] Both `min_new_tokens` (=0) and `min_length`(=0) seem to have been set. `min_new_tokens` will take precedence. Please refer to the documentation for more information. (https://huggingface.co/docs/transformers/main/en/main_classes/text_generation)
[transformers] Both `min_new_tokens` (=0) and `min_length`(=0) seem to have been set. `min_new_tokens` will take precedence. Please refer to the documentation for more information. (https://huggingface.co/docs/transformers/main/en/main_classes/text_generation)
{"arm": "sft", "max_token_completions": 0, "mean_action_tokens": 146.6, "task": 117, "task_id": "sigless_840847bedc74", "tasks": 175}
[transformers] Both `min_new_tokens` (=0) and `min_length`(=0) seem to have been set. `min_new_tokens` will take precedence. Please refer to the documentation for more information. (https://huggingface.co/docs/transformers/main/en/main_classes/text_generation)
[transformers] Both `min_new_tokens` (=0) and `min_length`(=0) seem to have been set. `min_new_tokens` will take precedence. Please refer to the documentation for more information. (https://huggingface.co/docs/transformers/main/en/main_classes/text_generation)
{"arm": "sft", "max_token_completions": 0, "mean_action_tokens": 122.4, "task": 118, "task_id": "sigless_eee05f5f93cc", "tasks": 175}
[transformers] Both `min_new_tokens` (=0) and `min_length`(=0) seem to have been set. `min_new_tokens` will take precedence. Please refer to the documentation for more information. (https://huggingface.co/docs/transformers/main/en/main_classes/text_generation)
[transformers] Both `min_new_tokens` (=0) and `min_length`(=0) seem to have been set. `min_new_tokens` will take precedence. Please refer to the documentation for more information. (https://huggingface.co/docs/transformers/main/en/main_classes/text_generation)
{"arm": "sft", "max_token_completions": 0, "mean_action_tokens": 144.6, "task": 119, "task_id": "sigless_d61f01ff1856", "tasks": 175}
[transformers] Both `min_new_tokens` (=0) and `min_length`(=0) seem to have been set. `min_new_tokens` will take precedence. Please refer to the documentation for more information. (https://huggingface.co/docs/transformers/main/en/main_classes/text_generation)
[transformers] Both `min_new_tokens` (=0) and `min_length`(=0) seem to have been set. `min_new_tokens` will take precedence. Please refer to the documentation for more information. (https://huggingface.co/docs/transformers/main/en/main_classes/text_generation)
{"arm": "sft", "max_token_completions": 0, "mean_action_tokens": 153.4, "task": 120, "task_id": "sigless_79a8dd260f8c", "tasks": 175}
[transformers] Both `min_new_tokens` (=0) and `min_length`(=0) seem to have been set. `min_new_tokens` will take precedence. Please refer to the documentation for more information. (https://huggingface.co/docs/transformers/main/en/main_classes/text_generation)
[transformers] Both `min_new_tokens` (=0) and `min_length`(=0) seem to have been set. `min_new_tokens` will take precedence. Please refer to the documentation for more information. (https://huggingface.co/docs/transformers/main/en/main_classes/text_generation)
{"arm": "sft", "max_token_completions": 0, "mean_action_tokens": 162.4, "task": 121, "task_id": "sigless_5628428fcb9e", "tasks": 175}
[transformers] Both `min_new_tokens` (=0) and `min_length`(=0) seem to have been set. `min_new_tokens` will take precedence. Please refer to the documentation for more information. (https://huggingface.co/docs/transformers/main/en/main_classes/text_generation)
[transformers] Both `min_new_tokens` (=0) and `min_length`(=0) seem to have been set. `min_new_tokens` will take precedence. Please refer to the documentation for more information. (https://huggingface.co/docs/transformers/main/en/main_classes/text_generation)
{"arm": "sft", "max_token_completions": 0, "mean_action_tokens": 601.9, "task": 122, "task_id": "sigless_459decc7079c", "tasks": 175}
[transformers] Both `min_new_tokens` (=0) and `min_length`(=0) seem to have been set. `min_new_tokens` will take precedence. Please refer to the documentation for more information. (https://huggingface.co/docs/transformers/main/en/main_classes/text_generation)
[transformers] Both `min_new_tokens` (=0) and `min_length`(=0) seem to have been set. `min_new_tokens` will take precedence. Please refer to the documentation for more information. (https://huggingface.co/docs/transformers/main/en/main_classes/text_generation)
{"arm": "sft", "max_token_completions": 0, "mean_action_tokens": 209.1, "task": 123, "task_id": "sigless_897c175fe34d", "tasks": 175}
[transformers] Both `min_new_tokens` (=0) and `min_length`(=0) seem to have been set. `min_new_tokens` will take precedence. Please refer to the documentation for more information. (https://huggingface.co/docs/transformers/main/en/main_classes/text_generation)
[transformers] Both `min_new_tokens` (=0) and `min_length`(=0) seem to have been set. `min_new_tokens` will take precedence. Please refer to the documentation for more information. (https://huggingface.co/docs/transformers/main/en/main_classes/text_generation)
{"arm": "sft", "max_token_completions": 1, "mean_action_tokens": 2799.3, "task": 124, "task_id": "sigless_f9772127b371", "tasks": 175}
[transformers] Both `min_new_tokens` (=0) and `min_length`(=0) seem to have been set. `min_new_tokens` will take precedence. Please refer to the documentation for more information. (https://huggingface.co/docs/transformers/main/en/main_classes/text_generation)
[transformers] Both `min_new_tokens` (=0) and `min_length`(=0) seem to have been set. `min_new_tokens` will take precedence. Please refer to the documentation for more information. (https://huggingface.co/docs/transformers/main/en/main_classes/text_generation)
{"arm": "sft", "max_token_completions": 1, "mean_action_tokens": 2270.4, "task": 125, "task_id": "sigless_e087cd483fa1", "tasks": 175}
[transformers] Both `min_new_tokens` (=0) and `min_length`(=0) seem to have been set. `min_new_tokens` will take precedence. Please refer to the documentation for more information. (https://huggingface.co/docs/transformers/main/en/main_classes/text_generation)
[transformers] Both `min_new_tokens` (=0) and `min_length`(=0) seem to have been set. `min_new_tokens` will take precedence. Please refer to the documentation for more information. (https://huggingface.co/docs/transformers/main/en/main_classes/text_generation)
{"arm": "sft", "max_token_completions": 1, "mean_action_tokens": 1447.7, "task": 126, "task_id": "sigless_c8721da111a6", "tasks": 175}
[transformers] Both `min_new_tokens` (=0) and `min_length`(=0) seem to have been set. `min_new_tokens` will take precedence. Please refer to the documentation for more information. (https://huggingface.co/docs/transformers/main/en/main_classes/text_generation)
[transformers] Both `min_new_tokens` (=0) and `min_length`(=0) seem to have been set. `min_new_tokens` will take precedence. Please refer to the documentation for more information. (https://huggingface.co/docs/transformers/main/en/main_classes/text_generation)
{"arm": "sft", "max_token_completions": 0, "mean_action_tokens": 279.9, "task": 127, "task_id": "sigless_39b2bb878943", "tasks": 175}
[transformers] Both `min_new_tokens` (=0) and `min_length`(=0) seem to have been set. `min_new_tokens` will take precedence. Please refer to the documentation for more information. (https://huggingface.co/docs/transformers/main/en/main_classes/text_generation)
[transformers] Both `min_new_tokens` (=0) and `min_length`(=0) seem to have been set. `min_new_tokens` will take precedence. Please refer to the documentation for more information. (https://huggingface.co/docs/transformers/main/en/main_classes/text_generation)
{"arm": "sft", "max_token_completions": 0, "mean_action_tokens": 224.3, "task": 128, "task_id": "sigless_fc85f3ba4f9a", "tasks": 175}
[transformers] Both `min_new_tokens` (=0) and `min_length`(=0) seem to have been set. `min_new_tokens` will take precedence. Please refer to the documentation for more information. (https://huggingface.co/docs/transformers/main/en/main_classes/text_generation)
[transformers] Both `min_new_tokens` (=0) and `min_length`(=0) seem to have been set. `min_new_tokens` will take precedence. Please refer to the documentation for more information. (https://huggingface.co/docs/transformers/main/en/main_classes/text_generation)
{"arm": "sft", "max_token_completions": 0, "mean_action_tokens": 227.5, "task": 129, "task_id": "sigless_877a173b0a13", "tasks": 175}
[transformers] Both `min_new_tokens` (=0) and `min_length`(=0) seem to have been set. `min_new_tokens` will take precedence. Please refer to the documentation for more information. (https://huggingface.co/docs/transformers/main/en/main_classes/text_generation)
[transformers] Both `min_new_tokens` (=0) and `min_length`(=0) seem to have been set. `min_new_tokens` will take precedence. Please refer to the documentation for more information. (https://huggingface.co/docs/transformers/main/en/main_classes/text_generation)
{"arm": "sft", "max_token_completions": 0, "mean_action_tokens": 333.4, "task": 130, "task_id": "sigless_f35b198c6f09", "tasks": 175}
[transformers] Both `min_new_tokens` (=0) and `min_length`(=0) seem to have been set. `min_new_tokens` will take precedence. Please refer to the documentation for more information. (https://huggingface.co/docs/transformers/main/en/main_classes/text_generation)
[transformers] Both `min_new_tokens` (=0) and `min_length`(=0) seem to have been set. `min_new_tokens` will take precedence. Please refer to the documentation for more information. (https://huggingface.co/docs/transformers/main/en/main_classes/text_generation)
{"arm": "sft", "max_token_completions": 0, "mean_action_tokens": 111.6, "task": 131, "task_id": "sigless_f12cc1905252", "tasks": 175}
[transformers] Both `min_new_tokens` (=0) and `min_length`(=0) seem to have been set. `min_new_tokens` will take precedence. Please refer to the documentation for more information. (https://huggingface.co/docs/transformers/main/en/main_classes/text_generation)
[transformers] Both `min_new_tokens` (=0) and `min_length`(=0) seem to have been set. `min_new_tokens` will take precedence. Please refer to the documentation for more information. (https://huggingface.co/docs/transformers/main/en/main_classes/text_generation)
{"arm": "sft", "max_token_completions": 0, "mean_action_tokens": 193.7, "task": 132, "task_id": "sigless_2d693beca98e", "tasks": 175}
[transformers] Both `min_new_tokens` (=0) and `min_length`(=0) seem to have been set. `min_new_tokens` will take precedence. Please refer to the documentation for more information. (https://huggingface.co/docs/transformers/main/en/main_classes/text_generation)
[transformers] Both `min_new_tokens` (=0) and `min_length`(=0) seem to have been set. `min_new_tokens` will take precedence. Please refer to the documentation for more information. (https://huggingface.co/docs/transformers/main/en/main_classes/text_generation)
{"arm": "sft", "max_token_completions": 0, "mean_action_tokens": 206.6, "task": 133, "task_id": "sigless_ca1164247b57", "tasks": 175}
[transformers] Both `min_new_tokens` (=0) and `min_length`(=0) seem to have been set. `min_new_tokens` will take precedence. Please refer to the documentation for more information. (https://huggingface.co/docs/transformers/main/en/main_classes/text_generation)
[transformers] Both `min_new_tokens` (=0) and `min_length`(=0) seem to have been set. `min_new_tokens` will take precedence. Please refer to the documentation for more information. (https://huggingface.co/docs/transformers/main/en/main_classes/text_generation)
{"arm": "sft", "max_token_completions": 0, "mean_action_tokens": 111.2, "task": 134, "task_id": "sigless_1c2de2da855e", "tasks": 175}
[transformers] Both `min_new_tokens` (=0) and `min_length`(=0) seem to have been set. `min_new_tokens` will take precedence. Please refer to the documentation for more information. (https://huggingface.co/docs/transformers/main/en/main_classes/text_generation)
[transformers] Both `min_new_tokens` (=0) and `min_length`(=0) seem to have been set. `min_new_tokens` will take precedence. Please refer to the documentation for more information. (https://huggingface.co/docs/transformers/main/en/main_classes/text_generation)
{"arm": "sft", "max_token_completions": 0, "mean_action_tokens": 271.3, "task": 135, "task_id": "sigless_fde9338419bb", "tasks": 175}
[transformers] Both `min_new_tokens` (=0) and `min_length`(=0) seem to have been set. `min_new_tokens` will take precedence. Please refer to the documentation for more information. (https://huggingface.co/docs/transformers/main/en/main_classes/text_generation)
[transformers] Both `min_new_tokens` (=0) and `min_length`(=0) seem to have been set. `min_new_tokens` will take precedence. Please refer to the documentation for more information. (https://huggingface.co/docs/transformers/main/en/main_classes/text_generation)
{"arm": "sft", "max_token_completions": 0, "mean_action_tokens": 813.0, "task": 136, "task_id": "sigless_caabd71fcc51", "tasks": 175}
[transformers] Both `min_new_tokens` (=0) and `min_length`(=0) seem to have been set. `min_new_tokens` will take precedence. Please refer to the documentation for more information. (https://huggingface.co/docs/transformers/main/en/main_classes/text_generation)
[transformers] Both `min_new_tokens` (=0) and `min_length`(=0) seem to have been set. `min_new_tokens` will take precedence. Please refer to the documentation for more information. (https://huggingface.co/docs/transformers/main/en/main_classes/text_generation)
{"arm": "sft", "max_token_completions": 0, "mean_action_tokens": 172.7, "task": 137, "task_id": "sigless_f5884d232b82", "tasks": 175}
[transformers] Both `min_new_tokens` (=0) and `min_length`(=0) seem to have been set. `min_new_tokens` will take precedence. Please refer to the documentation for more information. (https://huggingface.co/docs/transformers/main/en/main_classes/text_generation)
[transformers] Both `min_new_tokens` (=0) and `min_length`(=0) seem to have been set. `min_new_tokens` will take precedence. Please refer to the documentation for more information. (https://huggingface.co/docs/transformers/main/en/main_classes/text_generation)
{"arm": "sft", "max_token_completions": 0, "mean_action_tokens": 294.6, "task": 138, "task_id": "sigless_f00a8eba1899", "tasks": 175}
[transformers] Both `min_new_tokens` (=0) and `min_length`(=0) seem to have been set. `min_new_tokens` will take precedence. Please refer to the documentation for more information. (https://huggingface.co/docs/transformers/main/en/main_classes/text_generation)
[transformers] Both `min_new_tokens` (=0) and `min_length`(=0) seem to have been set. `min_new_tokens` will take precedence. Please refer to the documentation for more information. (https://huggingface.co/docs/transformers/main/en/main_classes/text_generation)
{"arm": "sft", "max_token_completions": 0, "mean_action_tokens": 265.6, "task": 139, "task_id": "sigless_00029a7e6212", "tasks": 175}
[transformers] Both `min_new_tokens` (=0) and `min_length`(=0) seem to have been set. `min_new_tokens` will take precedence. Please refer to the documentation for more information. (https://huggingface.co/docs/transformers/main/en/main_classes/text_generation)
[transformers] Both `min_new_tokens` (=0) and `min_length`(=0) seem to have been set. `min_new_tokens` will take precedence. Please refer to the documentation for more information. (https://huggingface.co/docs/transformers/main/en/main_classes/text_generation)
{"arm": "sft", "max_token_completions": 0, "mean_action_tokens": 270.4, "task": 140, "task_id": "sigless_92c2979883a9", "tasks": 175}
[transformers] Both `min_new_tokens` (=0) and `min_length`(=0) seem to have been set. `min_new_tokens` will take precedence. Please refer to the documentation for more information. (https://huggingface.co/docs/transformers/main/en/main_classes/text_generation)
[transformers] Both `min_new_tokens` (=0) and `min_length`(=0) seem to have been set. `min_new_tokens` will take precedence. Please refer to the documentation for more information. (https://huggingface.co/docs/transformers/main/en/main_classes/text_generation)
{"arm": "sft", "max_token_completions": 0, "mean_action_tokens": 347.6, "task": 141, "task_id": "sigless_294c09c37fca", "tasks": 175}
[transformers] Both `min_new_tokens` (=0) and `min_length`(=0) seem to have been set. `min_new_tokens` will take precedence. Please refer to the documentation for more information. (https://huggingface.co/docs/transformers/main/en/main_classes/text_generation)
[transformers] Both `min_new_tokens` (=0) and `min_length`(=0) seem to have been set. `min_new_tokens` will take precedence. Please refer to the documentation for more information. (https://huggingface.co/docs/transformers/main/en/main_classes/text_generation)
{"arm": "sft", "max_token_completions": 0, "mean_action_tokens": 1102.9, "task": 142, "task_id": "sigless_15d4ae2f8443", "tasks": 175}
[transformers] Both `min_new_tokens` (=0) and `min_length`(=0) seem to have been set. `min_new_tokens` will take precedence. Please refer to the documentation for more information. (https://huggingface.co/docs/transformers/main/en/main_classes/text_generation)
[transformers] Both `min_new_tokens` (=0) and `min_length`(=0) seem to have been set. `min_new_tokens` will take precedence. Please refer to the documentation for more information. (https://huggingface.co/docs/transformers/main/en/main_classes/text_generation)
{"arm": "sft", "max_token_completions": 0, "mean_action_tokens": 180.7, "task": 143, "task_id": "sigless_fcd2fb050bf6", "tasks": 175}
[transformers] Both `min_new_tokens` (=0) and `min_length`(=0) seem to have been set. `min_new_tokens` will take precedence. Please refer to the documentation for more information. (https://huggingface.co/docs/transformers/main/en/main_classes/text_generation)
[transformers] Both `min_new_tokens` (=0) and `min_length`(=0) seem to have been set. `min_new_tokens` will take precedence. Please refer to the documentation for more information. (https://huggingface.co/docs/transformers/main/en/main_classes/text_generation)
{"arm": "sft", "max_token_completions": 0, "mean_action_tokens": 142.6, "task": 144, "task_id": "sigless_4b8ae6c364f9", "tasks": 175}
[transformers] Both `min_new_tokens` (=0) and `min_length`(=0) seem to have been set. `min_new_tokens` will take precedence. Please refer to the documentation for more information. (https://huggingface.co/docs/transformers/main/en/main_classes/text_generation)
[transformers] Both `min_new_tokens` (=0) and `min_length`(=0) seem to have been set. `min_new_tokens` will take precedence. Please refer to the documentation for more information. (https://huggingface.co/docs/transformers/main/en/main_classes/text_generation)
{"arm": "sft", "max_token_completions": 0, "mean_action_tokens": 139.9, "task": 145, "task_id": "sigless_5af03fd8ef7b", "tasks": 175}
[transformers] Both `min_new_tokens` (=0) and `min_length`(=0) seem to have been set. `min_new_tokens` will take precedence. Please refer to the documentation for more information. (https://huggingface.co/docs/transformers/main/en/main_classes/text_generation)
[transformers] Both `min_new_tokens` (=0) and `min_length`(=0) seem to have been set. `min_new_tokens` will take precedence. Please refer to the documentation for more information. (https://huggingface.co/docs/transformers/main/en/main_classes/text_generation)
{"arm": "sft", "max_token_completions": 0, "mean_action_tokens": 237.2, "task": 146, "task_id": "sigless_d34ebc7ed34a", "tasks": 175}
[transformers] Both `min_new_tokens` (=0) and `min_length`(=0) seem to have been set. `min_new_tokens` will take precedence. Please refer to the documentation for more information. (https://huggingface.co/docs/transformers/main/en/main_classes/text_generation)
[transformers] Both `min_new_tokens` (=0) and `min_length`(=0) seem to have been set. `min_new_tokens` will take precedence. Please refer to the documentation for more information. (https://huggingface.co/docs/transformers/main/en/main_classes/text_generation)
{"arm": "sft", "max_token_completions": 0, "mean_action_tokens": 151.7, "task": 147, "task_id": "sigless_808d6c1c9b6a", "tasks": 175}
[transformers] Both `min_new_tokens` (=0) and `min_length`(=0) seem to have been set. `min_new_tokens` will take precedence. Please refer to the documentation for more information. (https://huggingface.co/docs/transformers/main/en/main_classes/text_generation)
[transformers] Both `min_new_tokens` (=0) and `min_length`(=0) seem to have been set. `min_new_tokens` will take precedence. Please refer to the documentation for more information. (https://huggingface.co/docs/transformers/main/en/main_classes/text_generation)
{"arm": "sft", "max_token_completions": 0, "mean_action_tokens": 893.7, "task": 148, "task_id": "sigless_26315cbfcfbf", "tasks": 175}
[transformers] Both `min_new_tokens` (=0) and `min_length`(=0) seem to have been set. `min_new_tokens` will take precedence. Please refer to the documentation for more information. (https://huggingface.co/docs/transformers/main/en/main_classes/text_generation)
[transformers] Both `min_new_tokens` (=0) and `min_length`(=0) seem to have been set. `min_new_tokens` will take precedence. Please refer to the documentation for more information. (https://huggingface.co/docs/transformers/main/en/main_classes/text_generation)
{"arm": "sft", "max_token_completions": 0, "mean_action_tokens": 387.1, "task": 149, "task_id": "sigless_f70dce70d2e6", "tasks": 175}
[transformers] Both `min_new_tokens` (=0) and `min_length`(=0) seem to have been set. `min_new_tokens` will take precedence. Please refer to the documentation for more information. (https://huggingface.co/docs/transformers/main/en/main_classes/text_generation)
[transformers] Both `min_new_tokens` (=0) and `min_length`(=0) seem to have been set. `min_new_tokens` will take precedence. Please refer to the documentation for more information. (https://huggingface.co/docs/transformers/main/en/main_classes/text_generation)
{"arm": "sft", "max_token_completions": 0, "mean_action_tokens": 295.0, "task": 150, "task_id": "sigless_192fbb20f4b6", "tasks": 175}
[transformers] Both `min_new_tokens` (=0) and `min_length`(=0) seem to have been set. `min_new_tokens` will take precedence. Please refer to the documentation for more information. (https://huggingface.co/docs/transformers/main/en/main_classes/text_generation)
[transformers] Both `min_new_tokens` (=0) and `min_length`(=0) seem to have been set. `min_new_tokens` will take precedence. Please refer to the documentation for more information. (https://huggingface.co/docs/transformers/main/en/main_classes/text_generation)
{"arm": "sft", "max_token_completions": 0, "mean_action_tokens": 152.7, "task": 151, "task_id": "sigless_c6fed62b2c1d", "tasks": 175}
[transformers] Both `min_new_tokens` (=0) and `min_length`(=0) seem to have been set. `min_new_tokens` will take precedence. Please refer to the documentation for more information. (https://huggingface.co/docs/transformers/main/en/main_classes/text_generation)
[transformers] Both `min_new_tokens` (=0) and `min_length`(=0) seem to have been set. `min_new_tokens` will take precedence. Please refer to the documentation for more information. (https://huggingface.co/docs/transformers/main/en/main_classes/text_generation)
{"arm": "sft", "max_token_completions": 0, "mean_action_tokens": 396.3, "task": 152, "task_id": "sigless_07dd80fcc8e7", "tasks": 175}
[transformers] Both `min_new_tokens` (=0) and `min_length`(=0) seem to have been set. `min_new_tokens` will take precedence. Please refer to the documentation for more information. (https://huggingface.co/docs/transformers/main/en/main_classes/text_generation)
[transformers] Both `min_new_tokens` (=0) and `min_length`(=0) seem to have been set. `min_new_tokens` will take precedence. Please refer to the documentation for more information. (https://huggingface.co/docs/transformers/main/en/main_classes/text_generation)
{"arm": "sft", "max_token_completions": 0, "mean_action_tokens": 159.9, "task": 153, "task_id": "sigless_6dbf14b60080", "tasks": 175}
[transformers] Both `min_new_tokens` (=0) and `min_length`(=0) seem to have been set. `min_new_tokens` will take precedence. Please refer to the documentation for more information. (https://huggingface.co/docs/transformers/main/en/main_classes/text_generation)
[transformers] Both `min_new_tokens` (=0) and `min_length`(=0) seem to have been set. `min_new_tokens` will take precedence. Please refer to the documentation for more information. (https://huggingface.co/docs/transformers/main/en/main_classes/text_generation)
{"arm": "sft", "max_token_completions": 0, "mean_action_tokens": 256.3, "task": 154, "task_id": "sigless_c4f8a1d2a501", "tasks": 175}
[transformers] Both `min_new_tokens` (=0) and `min_length`(=0) seem to have been set. `min_new_tokens` will take precedence. Please refer to the documentation for more information. (https://huggingface.co/docs/transformers/main/en/main_classes/text_generation)
[transformers] Both `min_new_tokens` (=0) and `min_length`(=0) seem to have been set. `min_new_tokens` will take precedence. Please refer to the documentation for more information. (https://huggingface.co/docs/transformers/main/en/main_classes/text_generation)
{"arm": "sft", "max_token_completions": 0, "mean_action_tokens": 169.8, "task": 155, "task_id": "sigless_b6b6f07b0ff9", "tasks": 175}
[transformers] Both `min_new_tokens` (=0) and `min_length`(=0) seem to have been set. `min_new_tokens` will take precedence. Please refer to the documentation for more information. (https://huggingface.co/docs/transformers/main/en/main_classes/text_generation)
[transformers] Both `min_new_tokens` (=0) and `min_length`(=0) seem to have been set. `min_new_tokens` will take precedence. Please refer to the documentation for more information. (https://huggingface.co/docs/transformers/main/en/main_classes/text_generation)
{"arm": "sft", "max_token_completions": 0, "mean_action_tokens": 229.0, "task": 156, "task_id": "sigless_94c9c9421304", "tasks": 175}
[transformers] Both `min_new_tokens` (=0) and `min_length`(=0) seem to have been set. `min_new_tokens` will take precedence. Please refer to the documentation for more information. (https://huggingface.co/docs/transformers/main/en/main_classes/text_generation)
[transformers] Both `min_new_tokens` (=0) and `min_length`(=0) seem to have been set. `min_new_tokens` will take precedence. Please refer to the documentation for more information. (https://huggingface.co/docs/transformers/main/en/main_classes/text_generation)
{"arm": "sft", "max_token_completions": 0, "mean_action_tokens": 215.7, "task": 157, "task_id": "sigless_6d83ced1ddc9", "tasks": 175}
[transformers] Both `min_new_tokens` (=0) and `min_length`(=0) seem to have been set. `min_new_tokens` will take precedence. Please refer to the documentation for more information. (https://huggingface.co/docs/transformers/main/en/main_classes/text_generation)
[transformers] Both `min_new_tokens` (=0) and `min_length`(=0) seem to have been set. `min_new_tokens` will take precedence. Please refer to the documentation for more information. (https://huggingface.co/docs/transformers/main/en/main_classes/text_generation)
{"arm": "sft", "max_token_completions": 0, "mean_action_tokens": 198.9, "task": 158, "task_id": "sigless_37e2ca3dea18", "tasks": 175}
[transformers] Both `min_new_tokens` (=0) and `min_length`(=0) seem to have been set. `min_new_tokens` will take precedence. Please refer to the documentation for more information. (https://huggingface.co/docs/transformers/main/en/main_classes/text_generation)
[transformers] Both `min_new_tokens` (=0) and `min_length`(=0) seem to have been set. `min_new_tokens` will take precedence. Please refer to the documentation for more information. (https://huggingface.co/docs/transformers/main/en/main_classes/text_generation)
{"arm": "sft", "max_token_completions": 0, "mean_action_tokens": 102.7, "task": 159, "task_id": "sigless_27d7320a3bdf", "tasks": 175}
[transformers] Both `min_new_tokens` (=0) and `min_length`(=0) seem to have been set. `min_new_tokens` will take precedence. Please refer to the documentation for more information. (https://huggingface.co/docs/transformers/main/en/main_classes/text_generation)
[transformers] Both `min_new_tokens` (=0) and `min_length`(=0) seem to have been set. `min_new_tokens` will take precedence. Please refer to the documentation for more information. (https://huggingface.co/docs/transformers/main/en/main_classes/text_generation)
{"arm": "sft", "max_token_completions": 0, "mean_action_tokens": 310.8, "task": 160, "task_id": "sigless_88aae2bb0dda", "tasks": 175}
[transformers] Both `min_new_tokens` (=0) and `min_length`(=0) seem to have been set. `min_new_tokens` will take precedence. Please refer to the documentation for more information. (https://huggingface.co/docs/transformers/main/en/main_classes/text_generation)
[transformers] Both `min_new_tokens` (=0) and `min_length`(=0) seem to have been set. `min_new_tokens` will take precedence. Please refer to the documentation for more information. (https://huggingface.co/docs/transformers/main/en/main_classes/text_generation)
{"arm": "sft", "max_token_completions": 0, "mean_action_tokens": 204.9, "task": 161, "task_id": "sigless_809d366ff6f0", "tasks": 175}
[transformers] Both `min_new_tokens` (=0) and `min_length`(=0) seem to have been set. `min_new_tokens` will take precedence. Please refer to the documentation for more information. (https://huggingface.co/docs/transformers/main/en/main_classes/text_generation)
[transformers] Both `min_new_tokens` (=0) and `min_length`(=0) seem to have been set. `min_new_tokens` will take precedence. Please refer to the documentation for more information. (https://huggingface.co/docs/transformers/main/en/main_classes/text_generation)
{"arm": "sft", "max_token_completions": 0, "mean_action_tokens": 184.3, "task": 162, "task_id": "sigless_7412fc8a275b", "tasks": 175}
[transformers] Both `min_new_tokens` (=0) and `min_length`(=0) seem to have been set. `min_new_tokens` will take precedence. Please refer to the documentation for more information. (https://huggingface.co/docs/transformers/main/en/main_classes/text_generation)
[transformers] Both `min_new_tokens` (=0) and `min_length`(=0) seem to have been set. `min_new_tokens` will take precedence. Please refer to the documentation for more information. (https://huggingface.co/docs/transformers/main/en/main_classes/text_generation)
{"arm": "sft", "max_token_completions": 0, "mean_action_tokens": 191.5, "task": 163, "task_id": "sigless_dd676587e3c2", "tasks": 175}
[transformers] Both `min_new_tokens` (=0) and `min_length`(=0) seem to have been set. `min_new_tokens` will take precedence. Please refer to the documentation for more information. (https://huggingface.co/docs/transformers/main/en/main_classes/text_generation)
[transformers] Both `min_new_tokens` (=0) and `min_length`(=0) seem to have been set. `min_new_tokens` will take precedence. Please refer to the documentation for more information. (https://huggingface.co/docs/transformers/main/en/main_classes/text_generation)
{"arm": "sft", "max_token_completions": 1, "mean_action_tokens": 789.9, "task": 164, "task_id": "sigless_4cb006480238", "tasks": 175}
[transformers] Both `min_new_tokens` (=0) and `min_length`(=0) seem to have been set. `min_new_tokens` will take precedence. Please refer to the documentation for more information. (https://huggingface.co/docs/transformers/main/en/main_classes/text_generation)
[transformers] Both `min_new_tokens` (=0) and `min_length`(=0) seem to have been set. `min_new_tokens` will take precedence. Please refer to the documentation for more information. (https://huggingface.co/docs/transformers/main/en/main_classes/text_generation)
{"arm": "sft", "max_token_completions": 0, "mean_action_tokens": 266.4, "task": 165, "task_id": "sigless_adc978f7e65b", "tasks": 175}
[transformers] Both `min_new_tokens` (=0) and `min_length`(=0) seem to have been set. `min_new_tokens` will take precedence. Please refer to the documentation for more information. (https://huggingface.co/docs/transformers/main/en/main_classes/text_generation)
[transformers] Both `min_new_tokens` (=0) and `min_length`(=0) seem to have been set. `min_new_tokens` will take precedence. Please refer to the documentation for more information. (https://huggingface.co/docs/transformers/main/en/main_classes/text_generation)
{"arm": "sft", "max_token_completions": 0, "mean_action_tokens": 370.0, "task": 166, "task_id": "sigless_7e997d06e5bd", "tasks": 175}
[transformers] Both `min_new_tokens` (=0) and `min_length`(=0) seem to have been set. `min_new_tokens` will take precedence. Please refer to the documentation for more information. (https://huggingface.co/docs/transformers/main/en/main_classes/text_generation)
[transformers] Both `min_new_tokens` (=0) and `min_length`(=0) seem to have been set. `min_new_tokens` will take precedence. Please refer to the documentation for more information. (https://huggingface.co/docs/transformers/main/en/main_classes/text_generation)
{"arm": "sft", "max_token_completions": 0, "mean_action_tokens": 298.7, "task": 167, "task_id": "sigless_edd7ed243c48", "tasks": 175}
[transformers] Both `min_new_tokens` (=0) and `min_length`(=0) seem to have been set. `min_new_tokens` will take precedence. Please refer to the documentation for more information. (https://huggingface.co/docs/transformers/main/en/main_classes/text_generation)
[transformers] Both `min_new_tokens` (=0) and `min_length`(=0) seem to have been set. `min_new_tokens` will take precedence. Please refer to the documentation for more information. (https://huggingface.co/docs/transformers/main/en/main_classes/text_generation)
{"arm": "sft", "max_token_completions": 0, "mean_action_tokens": 227.5, "task": 168, "task_id": "sigless_b721d6a533f8", "tasks": 175}
[transformers] Both `min_new_tokens` (=0) and `min_length`(=0) seem to have been set. `min_new_tokens` will take precedence. Please refer to the documentation for more information. (https://huggingface.co/docs/transformers/main/en/main_classes/text_generation)
[transformers] Both `min_new_tokens` (=0) and `min_length`(=0) seem to have been set. `min_new_tokens` will take precedence. Please refer to the documentation for more information. (https://huggingface.co/docs/transformers/main/en/main_classes/text_generation)
{"arm": "sft", "max_token_completions": 0, "mean_action_tokens": 204.8, "task": 169, "task_id": "sigless_bcb6f4de3081", "tasks": 175}
[transformers] Both `min_new_tokens` (=0) and `min_length`(=0) seem to have been set. `min_new_tokens` will take precedence. Please refer to the documentation for more information. (https://huggingface.co/docs/transformers/main/en/main_classes/text_generation)
[transformers] Both `min_new_tokens` (=0) and `min_length`(=0) seem to have been set. `min_new_tokens` will take precedence. Please refer to the documentation for more information. (https://huggingface.co/docs/transformers/main/en/main_classes/text_generation)
{"arm": "sft", "max_token_completions": 0, "mean_action_tokens": 177.8, "task": 170, "task_id": "sigless_fe5faa93760d", "tasks": 175}
[transformers] Both `min_new_tokens` (=0) and `min_length`(=0) seem to have been set. `min_new_tokens` will take precedence. Please refer to the documentation for more information. (https://huggingface.co/docs/transformers/main/en/main_classes/text_generation)
[transformers] Both `min_new_tokens` (=0) and `min_length`(=0) seem to have been set. `min_new_tokens` will take precedence. Please refer to the documentation for more information. (https://huggingface.co/docs/transformers/main/en/main_classes/text_generation)
{"arm": "sft", "max_token_completions": 0, "mean_action_tokens": 201.4, "task": 171, "task_id": "sigless_d59fd5c25caf", "tasks": 175}
[transformers] Both `min_new_tokens` (=0) and `min_length`(=0) seem to have been set. `min_new_tokens` will take precedence. Please refer to the documentation for more information. (https://huggingface.co/docs/transformers/main/en/main_classes/text_generation)
[transformers] Both `min_new_tokens` (=0) and `min_length`(=0) seem to have been set. `min_new_tokens` will take precedence. Please refer to the documentation for more information. (https://huggingface.co/docs/transformers/main/en/main_classes/text_generation)
{"arm": "sft", "max_token_completions": 1, "mean_action_tokens": 721.2, "task": 172, "task_id": "sigless_bf3de39765c8", "tasks": 175}
[transformers] Both `min_new_tokens` (=0) and `min_length`(=0) seem to have been set. `min_new_tokens` will take precedence. Please refer to the documentation for more information. (https://huggingface.co/docs/transformers/main/en/main_classes/text_generation)
[transformers] Both `min_new_tokens` (=0) and `min_length`(=0) seem to have been set. `min_new_tokens` will take precedence. Please refer to the documentation for more information. (https://huggingface.co/docs/transformers/main/en/main_classes/text_generation)
{"arm": "sft", "max_token_completions": 0, "mean_action_tokens": 258.9, "task": 173, "task_id": "sigless_b885d1ba1001", "tasks": 175}
[transformers] Both `min_new_tokens` (=0) and `min_length`(=0) seem to have been set. `min_new_tokens` will take precedence. Please refer to the documentation for more information. (https://huggingface.co/docs/transformers/main/en/main_classes/text_generation)
[transformers] Both `min_new_tokens` (=0) and `min_length`(=0) seem to have been set. `min_new_tokens` will take precedence. Please refer to the documentation for more information. (https://huggingface.co/docs/transformers/main/en/main_classes/text_generation)
{"arm": "sft", "max_token_completions": 0, "mean_action_tokens": 176.0, "task": 174, "task_id": "sigless_3af6f6ae5576", "tasks": 175}
[transformers] Both `min_new_tokens` (=0) and `min_length`(=0) seem to have been set. `min_new_tokens` will take precedence. Please refer to the documentation for more information. (https://huggingface.co/docs/transformers/main/en/main_classes/text_generation)
[transformers] Both `min_new_tokens` (=0) and `min_length`(=0) seem to have been set. `min_new_tokens` will take precedence. Please refer to the documentation for more information. (https://huggingface.co/docs/transformers/main/en/main_classes/text_generation)
{"arm": "sft", "max_token_completions": 0, "mean_action_tokens": 196.0, "task": 175, "task_id": "sigless_54c0d3ca981f", "tasks": 175}
{"arm": "sft", "max_token_completions": 7, "output": "/workspace/artifacts/t5gemma2_f2_seed47_extension_v1/baseline_seed47_k10_predictions.json", "output_sha256": "411a6e641940e8f7c2e03a45cdc6b0adf2a4d65f094cc6eb49b78decd3665efc", "rows": 175, "samples": 1750}
PASSK_RESULT tasks=175 pass@1=3/175=0.0171 pass@10=7/175=0.0400 compile@10=126/175=0.7200
