[00_raw_token_length_measurement] already complete; reusing /workspace/artifacts/hybrid_v2_3_s44/00_phase0/raw_token_length_distribution.json
[00a_phase0_prepare] already complete; reusing /workspace/artifacts/hybrid_v2_3_s44/00_phase0/phase0_report.json
[00b_phase0_reference_audit] already complete; reusing /workspace/artifacts/hybrid_v2_3_s44/00_phase0/approved_all_length_reference_audit.json
[00b2_phase0_dev_reference_audit] already complete; reusing /workspace/artifacts/hybrid_v2_3_s44/00_phase0/approved_all_length_dev_reference_audit.json
[00f_build_hierarchical_train] already complete; reusing /workspace/artifacts/hybrid_v2_3_s44/00f_hierarchical_data/train_report.json
[00g_build_hierarchical_dev] previous state differs from current inputs/config; rebuilding

[00g_build_hierarchical_dev] /venv/main/bin/python /workspace/scripts/training/build_hierarchical_long_training_antigravity.py --input /workspace/artifacts/hybrid_v2_3_s44/00_phase0/approved_all_length_dev.jsonl --direct_output /workspace/artifacts/hybrid_v2_3_s44/00f_hierarchical_data/direct_all_length_dev.jsonl --hierarchical_output /workspace/artifacts/hybrid_v2_3_s44/00f_hierarchical_data/region_plan_multitask_dev.jsonl --matched_control_output /workspace/artifacts/hybrid_v2_3_s44/00f_hierarchical_data/matched_direct_control_dev.jsonl --recovery_output /workspace/artifacts/hybrid_v2_3_s44/00f_hierarchical_data/code_recovery_dev.jsonl --short_subset_output /workspace/artifacts/hybrid_v2_3_s44/00f_hierarchical_data/short_dev.jsonl --bridge_subset_output /workspace/artifacts/hybrid_v2_3_s44/00f_hierarchical_data/bridge_dev.jsonl --long_subset_output /workspace/artifacts/hybrid_v2_3_s44/00f_hierarchical_data/long_dev_ge200.jsonl --report /workspace/artifacts/hybrid_v2_3_s44/00f_hierarchical_data/dev_report.json --short_max 150 --bridge_max 199 --max_region_blocks 8 --short_replay_fraction 0.33 --short_repeat 1 --bridge_repeat 1 --long_repeat 1 --min_long_rows 0 --seed 44
{
  "code_recovery_rows": 330,
  "configuration": {
    "bridge_max": 199,
    "bridge_repeat": 1,
    "long_repeat": 1,
    "max_region_blocks": 8,
    "short_max": 150,
    "short_repeat": 1,
    "short_replay_fraction": 0.33
  },
  "direct_sft_rows": 330,
  "hierarchical_multitask_rows": 712,
  "hierarchical_task_counts": {
    "code": 330,
    "code_from_region_plan": 191,
    "region_plan": 191
  },
  "input_rows": 330,
  "matched_direct_control_rows": 712,
  "recovery_stratum_counts": {
    "bridge": 51,
    "long": 140,
    "short": 139
  },
  "region_statistics": {
    "max_regions": 210,
    "mean_regions": 58.30890052356021,
    "planned_functions": 191,
    "total_regions": 11137
  },
  "schema_version": 2,
  "stage": "build_hierarchical_all_length_training",
  "strata": {
    "bridge": 51,
    "long": 140,
    "short": 139
  }
}
[00h_token_length_preflight] already complete; reusing /workspace/artifacts/hybrid_v2_3_s44/00_phase0/token_length_distribution.json
[00c_prepare_neutral_gate] already complete; reusing /workspace/artifacts/hybrid_v2_3_s44/00_phase0/neutral_functional_eval.jsonl
[00d_neutral_gate_audit] already complete; reusing /workspace/artifacts/hybrid_v2_3_s44/00_phase0/neutral_functional_eval_audit.json
[01_graph_only_sft] already complete; reusing /workspace/artifacts/hybrid_v2_3_s44/01_graph_only_sft/pytorch_model.bin
[01b_post_direct_sft_representation_probe] previous state differs from current inputs/config; rebuilding

[01b_post_direct_sft_representation_probe] /venv/main/bin/python /workspace/scripts/evaluation/probe_graph_representations_antigravity.py --dataset /workspace/artifacts/hybrid_v2_3_s44/00_phase0/approved_all_length_train.jsonl --checkpoint /workspace/artifacts/hybrid_v2_3_s44/01_graph_only_sft/pytorch_model.bin --report /workspace/artifacts/hybrid_v2_3_s44/00_phase0/representation_probe.json --decoder_model Qwen/Qwen3-8B --encoder_model microsoft/graphcodebert-base --decoder_revision '' --encoder_revision '' --seed 44 --max_rows 256 --min_rows 32 --min_prefix_semantic_r2 -1.0 --min_prefix_mean_lift 0.02 --min_retrieval_above_chance 0.0
Loading weights:   0%|          | 0/197 [00:00<?, ?it/s]Loading weights: 100%|██████████| 197/197 [00:00<00:00, 48204.77it/s]
[transformers] [1mRobertaModel LOAD REPORT[0m from: microsoft/graphcodebert-base
Key                       | Status     | 
--------------------------+------------+-
lm_head.bias              | UNEXPECTED | 
lm_head.decoder.bias      | UNEXPECTED | 
lm_head.dense.weight      | UNEXPECTED | 
lm_head.layer_norm.bias   | UNEXPECTED | 
lm_head.decoder.weight    | UNEXPECTED | 
lm_head.dense.bias        | UNEXPECTED | 
lm_head.layer_norm.weight | UNEXPECTED | 
pooler.dense.weight       | MISSING    | 
pooler.dense.bias         | MISSING    | 

Notes:
- UNEXPECTED:	can be ignored when loading from different task/architecture; not ok if you expect identical arch.
- MISSING:	those params were newly initialized because missing from the checkpoint. Consider training on your downstream task.
Decoder attention implementation: flash_attention_2
Loading weights:   0%|          | 0/399 [00:00<?, ?it/s]Loading weights: 100%|██████████| 399/399 [00:00<00:00, 6345.97it/s]
Enabled decoder gradient checkpointing.
Enabled Qwen graph glue: 64 learned prefix tokens, dynamic=1, gate_mode=scalar, gate_init=0.2
Qwen prefix RMS matching ON: target token RMS 0.022050
Froze LocalBlockEncoder weights
Applied PEFT LORA (r=64, alpha=128) to Decoder targets=['q_proj', 'k_proj', 'v_proj', 'o_proj', 'gate_proj', 'up_proj', 'down_proj']
Qwen graph prefix gate: 0.200031
Loaded probe checkpoint under a validated architecture contract: recognised=565 missing_frozen=617 unexpected=0
[25/256] extracted frozen representations
[50/256] extracted frozen representations
[75/256] extracted frozen representations
[100/256] extracted frozen representations
[125/256] extracted frozen representations
[150/256] extracted frozen representations
[175/256] extracted frozen representations
[200/256] extracted frozen representations
[225/256] extracted frozen representations
[250/256] extracted frozen representations
[256/256] extracted frozen representations
{
  "schema_version": 2,
  "status": "passed",
  "checkpoint": "/workspace/artifacts/hybrid_v2_3_s44/01_graph_only_sft/pytorch_model.bin",
  "checkpoint_load_contract": {
    "context": "representation-probe checkpoint",
    "checkpoint_tensor_count": 565,
    "model_state_tensor_count": 1182,
    "recognised_checkpoint_tensor_count": 565,
    "current_trainable_tensor_count": 565,
    "load_missing_tensor_count": 617,
    "missing_frozen_tensor_count": 617,
    "absent_trainable_tensor_count": 0,
    "allowed_absent_trainable_tensor_count": 0,
    "unapproved_absent_trainable_tensor_count": 0,
    "unexpected_tensor_count": 0,
    "missing_frozen_examples": [
      "graph_encoder.convs.0.eps",
      "graph_encoder.convs.1.eps",
      "graph_encoder.convs.2.eps",
      "graph_encoder.convs.3.eps",
      "local_encoder.encoder.embeddings.LayerNorm.bias",
      "local_encoder.encoder.embeddings.LayerNorm.weight",
      "local_encoder.encoder.embeddings.position_embeddings.weight",
      "local_encoder.encoder.embeddings.token_type_embeddings.weight",
      "local_encoder.encoder.embeddings.word_embeddings.weight",
      "local_encoder.encoder.encoder.layer.0.attention.output.LayerNorm.bias",
      "local_encoder.encoder.encoder.layer.0.attention.output.LayerNorm.weight",
      "local_encoder.encoder.encoder.layer.0.attention.output.dense.bias",
      "local_encoder.encoder.encoder.layer.0.attention.output.dense.weight",
      "local_encoder.encoder.encoder.layer.0.attention.self.key.bias",
      "local_encoder.encoder.encoder.layer.0.attention.self.key.weight",
      "local_encoder.encoder.encoder.layer.0.attention.self.query.bias"
    ],
    "absent_trainable_examples": [],
    "allowed_absent_trainable_examples": [],
    "unapproved_absent_trainable_examples": [],
    "unexpected_examples": [],
    "allow_partial": false,
    "status": "passed",
    "failures": []
  },
  "rows": 256,
  "train_rows": 179,
  "test_rows": 77,
  "targets": [
    "log_instruction_count",
    "log_block_count",
    "log_edge_count",
    "log_call_count",
    "log_branch_count",
    "log_conditional_branches",
    "log_return_count",
    "log_comparisons",
    "log_memory_ops",
    "arity",
    "architecture:arm64",
    "architecture:x86_64",
    "architecture:unknown",
    "return:void",
    "return:bool",
    "return:int",
    "return:float",
    "return:string",
    "return:collection",
    "return:future",
    "return:dynamic",
    "return:other",
    "numeric_constant:hash_0",
    "numeric_constant:hash_1",
    "numeric_constant:hash_2",
    "numeric_constant:hash_3",
    "numeric_constant:hash_4",
    "numeric_constant:hash_5",
    "numeric_constant:hash_6",
    "numeric_constant:hash_7",
    "numeric_constant:hash_8",
    "numeric_constant:hash_9",
    "numeric_constant:hash_10",
    "numeric_constant:hash_11",
    "numeric_constant:hash_12",
    "numeric_constant:hash_13",
    "numeric_constant:hash_14",
    "numeric_constant:hash_15",
    "string_literal:hash_0",
    "string_literal:hash_1",
    "string_literal:hash_2",
    "string_literal:hash_3",
    "string_literal:hash_4",
    "string_literal:hash_5",
    "string_literal:hash_6",
    "string_literal:hash_7",
    "direct_callee:hash_0",
    "direct_callee:hash_1",
    "direct_callee:hash_2",
    "direct_callee:hash_3",
    "direct_callee:hash_4",
    "direct_callee:hash_5",
    "direct_callee:hash_6",
    "direct_callee:hash_7"
  ],
  "target_groups": {
    "counts_and_contract": [
      0,
      1,
      2,
      3,
      4,
      5,
      6,
      7,
      8,
      9
    ],
    "architecture": [
      10,
      11,
      12
    ],
    "return_type": [
      13,
      14,
      15,
      16,
      17,
      18,
      19,
      20,
      21
    ],
    "numeric_constant": [
      22,
      23,
      24,
      25,
      26,
      27,
      28,
      29,
      30,
      31,
      32,
      33,
      34,
      35,
      36,
      37
    ],
    "string_literal": [
      38,
      39,
      40,
      41,
      42,
      43,
      44,
      45
    ],
    "direct_callee": [
      46,
      47,
      48,
      49,
      50,
      51,
      52,
      53
    ]
  },
  "active_target_count": 40,
  "active_targets": [
    "log_instruction_count",
    "log_block_count",
    "log_edge_count",
    "log_call_count",
    "log_branch_count",
    "log_conditional_branches",
    "log_return_count",
    "log_comparisons",
    "log_memory_ops",
    "arity",
    "return:void",
    "return:bool",
    "return:int",
    "return:float",
    "return:string",
    "return:collection",
    "numeric_constant:hash_0",
    "numeric_constant:hash_1",
    "numeric_constant:hash_2",
    "numeric_constant:hash_3",
    "numeric_constant:hash_4",
    "numeric_constant:hash_5",
    "numeric_constant:hash_6",
    "numeric_constant:hash_7",
    "numeric_constant:hash_8",
    "numeric_constant:hash_9",
    "numeric_constant:hash_10",
    "numeric_constant:hash_11",
    "numeric_constant:hash_12",
    "numeric_constant:hash_13",
    "numeric_constant:hash_14",
    "numeric_constant:hash_15",
    "direct_callee:hash_0",
    "direct_callee:hash_1",
    "direct_callee:hash_2",
    "direct_callee:hash_3",
    "direct_callee:hash_4",
    "direct_callee:hash_5",
    "direct_callee:hash_6",
    "direct_callee:hash_7"
  ],
  "stages": {
    "local": {
      "dimension": 768,
      "r2": {
        "log_instruction_count": 0.71324189923164,
        "log_block_count": 0.7400273126256008,
        "log_edge_count": 0.7811565565510273,
        "log_call_count": 0.7110407988260441,
        "log_branch_count": 0.7513724359565569,
        "log_conditional_branches": 0.7686129162146296,
        "log_return_count": 0.0791012473849384,
        "log_comparisons": 0.7832084521807142,
        "log_memory_ops": 0.7159449329424401,
        "arity": 0.41614593061869454,
        "architecture:arm64": null,
        "architecture:x86_64": null,
        "architecture:unknown": null,
        "return:void": 0.6803115789443468,
        "return:bool": 0.12124667431999725,
        "return:int": -0.4000419567188105,
        "return:float": 0.19622082056721357,
        "return:string": -0.414087403945405,
        "return:collection": -0.4161668833179806,
        "return:future": null,
        "return:dynamic": null,
        "return:other": null,
        "numeric_constant:hash_0": 0.14812777852273473,
        "numeric_constant:hash_1": -1.126227222695293,
        "numeric_constant:hash_2": -0.1269060742615662,
        "numeric_constant:hash_3": -0.321803259254104,
        "numeric_constant:hash_4": 0.12008701841069447,
        "numeric_constant:hash_5": -0.8315245703057828,
        "numeric_constant:hash_6": -0.12384737501821408,
        "numeric_constant:hash_7": -0.07775882641419885,
        "numeric_constant:hash_8": -0.07821259672706438,
        "numeric_constant:hash_9": -0.3109599093144164,
        "numeric_constant:hash_10": -0.9099909235246433,
        "numeric_constant:hash_11": -0.3558897300090549,
        "numeric_constant:hash_12": -0.8827744950745022,
        "numeric_constant:hash_13": 0.42399131625274655,
        "numeric_constant:hash_14": -2.651539430709224,
        "numeric_constant:hash_15": -1.2828630752781969,
        "string_literal:hash_0": null,
        "string_literal:hash_1": null,
        "string_literal:hash_2": null,
        "string_literal:hash_3": null,
        "string_literal:hash_4": null,
        "string_literal:hash_5": null,
        "string_literal:hash_6": null,
        "string_literal:hash_7": null,
        "direct_callee:hash_0": 0.40688730539622775,
        "direct_callee:hash_1": 0.013623622981086658,
        "direct_callee:hash_2": 0.05891263073173292,
        "direct_callee:hash_3": 0.08277947267790642,
        "direct_callee:hash_4": -0.007721970822260227,
        "direct_callee:hash_5": -0.45205361190420446,
        "direct_callee:hash_6": 0.003341390070630723,
        "direct_callee:hash_7": -0.2811578400314405
      },
      "control_permuted_label_r2": {
        "log_instruction_count": -0.9585925504352837,
        "log_block_count": -1.0504795305753607,
        "log_edge_count": -1.189110458576292,
        "log_call_count": -0.9065731055354129,
        "log_branch_count": -1.0044972735483295,
        "log_conditional_branches": -1.0022346713929369,
        "log_return_count": -1.6507660094896295,
        "log_comparisons": -1.091400017826008,
        "log_memory_ops": -0.9440810047798731,
        "arity": -0.5008854074073243,
        "architecture:arm64": null,
        "architecture:x86_64": null,
        "architecture:unknown": null,
        "return:void": -0.6085098433010394,
        "return:bool": -0.9395371405244395,
        "return:int": -0.9869336723461526,
        "return:float": -0.9920788458964722,
        "return:string": -1.4241023648628164,
        "return:collection": -0.9295238366965608,
        "return:future": null,
        "return:dynamic": null,
        "return:other": null,
        "numeric_constant:hash_0": -0.6776407761244969,
        "numeric_constant:hash_1": -0.7864478863060129,
        "numeric_constant:hash_2": -0.5112710234083455,
        "numeric_constant:hash_3": -1.500053176734807,
        "numeric_constant:hash_4": -1.2930350225774219,
        "numeric_constant:hash_5": -1.1918030129240118,
        "numeric_constant:hash_6": -1.12228984504327,
        "numeric_constant:hash_7": -1.1083879890201862,
        "numeric_constant:hash_8": -0.9088715703302048,
        "numeric_constant:hash_9": -1.2656412860115216,
        "numeric_constant:hash_10": -0.9041084722750745,
        "numeric_constant:hash_11": -0.9892729319366671,
        "numeric_constant:hash_12": -3.007839028427293,
        "numeric_constant:hash_13": -0.8010767898769389,
        "numeric_constant:hash_14": -1.8278820173223815,
        "numeric_constant:hash_15": -0.9296146260619242,
        "string_literal:hash_0": null,
        "string_literal:hash_1": null,
        "string_literal:hash_2": null,
        "string_literal:hash_3": null,
        "string_literal:hash_4": null,
        "string_literal:hash_5": null,
        "string_literal:hash_6": null,
        "string_literal:hash_7": null,
        "direct_callee:hash_0": -0.622524571689963,
        "direct_callee:hash_1": -1.0710985841899534,
        "direct_callee:hash_2": -1.3986383645616618,
        "direct_callee:hash_3": -0.13395581683637725,
        "direct_callee:hash_4": -1.2874870486922485,
        "direct_callee:hash_5": -1.3430736351635137,
        "direct_callee:hash_6": -1.2748818591829645,
        "direct_callee:hash_7": -0.6591810029370182
      },
      "active_targets": 40,
      "mean_r2": -0.05840362659796896,
      "mean_control_r2": -1.0698845517707047,
      "mean_lift": 1.0114809251727357,
      "groups": {
        "counts_and_contract": {
          "active_targets": 10,
          "mean_r2": 0.6459852482532286,
          "control_mean_r2": -1.029862002956645
        },
        "architecture": {
          "active_targets": 0,
          "mean_r2": null,
          "control_mean_r2": null
        },
        "return_type": {
          "active_targets": 6,
          "mean_r2": -0.038752861691773076,
          "control_mean_r2": -0.9801142839379136
        },
        "numeric_constant": {
          "active_targets": 16,
          "mean_r2": -0.5242557109625052,
          "control_mean_r2": -1.176577215898785
        },
        "string_literal": {
          "active_targets": 0,
          "mean_r2": null,
          "control_mean_r2": null
        },
        "direct_callee": {
          "active_targets": 8,
          "mean_r2": -0.02192362511254009,
          "control_mean_r2": -0.9738551104067126
        }
      }
    },
    "post_gnn": {
      "dimension": 768,
      "r2": {
        "log_instruction_count": 0.9529569541218872,
        "log_block_count": 0.9758753598921789,
        "log_edge_count": 0.9830054923838368,
        "log_call_count": 0.9000796292104507,
        "log_branch_count": 0.9716960382894484,
        "log_conditional_branches": 0.973876346356412,
        "log_return_count": 0.5047550323229837,
        "log_comparisons": 0.9807020199722861,
        "log_memory_ops": 0.9180785811420576,
        "arity": 0.3933808923775378,
        "architecture:arm64": null,
        "architecture:x86_64": null,
        "architecture:unknown": null,
        "return:void": 0.6024706886311006,
        "return:bool": 0.31947815088512976,
        "return:int": 0.15683915691628447,
        "return:float": 0.2209255781893168,
        "return:string": -0.11986719961058734,
        "return:collection": 0.0054489934730591605,
        "return:future": null,
        "return:dynamic": null,
        "return:other": null,
        "numeric_constant:hash_0": 0.1449927900171082,
        "numeric_constant:hash_1": -1.0789288849978007,
        "numeric_constant:hash_2": -0.012828948257149309,
        "numeric_constant:hash_3": -0.11317318803815657,
        "numeric_constant:hash_4": -0.19488491927683493,
        "numeric_constant:hash_5": -0.7749662729909139,
        "numeric_constant:hash_6": 0.0357590590561957,
        "numeric_constant:hash_7": -0.07300565370125156,
        "numeric_constant:hash_8": 0.06809625508354322,
        "numeric_constant:hash_9": -0.27326724656851376,
        "numeric_constant:hash_10": -0.9643114602710157,
        "numeric_constant:hash_11": -0.2563846972011836,
        "numeric_constant:hash_12": -0.8070479825585013,
        "numeric_constant:hash_13": -0.0038064196777982673,
        "numeric_constant:hash_14": -2.0368889986471577,
        "numeric_constant:hash_15": -1.534205719340901,
        "string_literal:hash_0": null,
        "string_literal:hash_1": null,
        "string_literal:hash_2": null,
        "string_literal:hash_3": null,
        "string_literal:hash_4": null,
        "string_literal:hash_5": null,
        "string_literal:hash_6": null,
        "string_literal:hash_7": null,
        "direct_callee:hash_0": 0.3536792280498523,
        "direct_callee:hash_1": -0.10592850869685555,
        "direct_callee:hash_2": 0.09072144070829224,
        "direct_callee:hash_3": -0.04129988718152178,
        "direct_callee:hash_4": -0.1263208077280642,
        "direct_callee:hash_5": -0.5242088451057108,
        "direct_callee:hash_6": 0.4059902693566295,
        "direct_callee:hash_7": -0.14206386088554646
      },
      "control_permuted_label_r2": {
        "log_instruction_count": -0.7510770339360182,
        "log_block_count": -0.48420559527490536,
        "log_edge_count": -0.5876890435954665,
        "log_call_count": -0.8553605795866899,
        "log_branch_count": -0.6369441860885874,
        "log_conditional_branches": -0.3211583054362044,
        "log_return_count": -1.3330881445576055,
        "log_comparisons": -0.5277467466249064,
        "log_memory_ops": -0.8748076559245086,
        "arity": -0.5487069380340506,
        "architecture:arm64": null,
        "architecture:x86_64": null,
        "architecture:unknown": null,
        "return:void": -1.1168387731581784,
        "return:bool": -0.6774004825081088,
        "return:int": -0.4969403628618303,
        "return:float": -0.8357826846601148,
        "return:string": -0.7645562686297962,
        "return:collection": -0.8038152893367421,
        "return:future": null,
        "return:dynamic": null,
        "return:other": null,
        "numeric_constant:hash_0": -0.36522847037474726,
        "numeric_constant:hash_1": -0.6949955275077226,
        "numeric_constant:hash_2": -0.8658316982869221,
        "numeric_constant:hash_3": -1.0965627569136367,
        "numeric_constant:hash_4": -1.6215285062524334,
        "numeric_constant:hash_5": -0.8968799093380562,
        "numeric_constant:hash_6": -1.092656840389087,
        "numeric_constant:hash_7": -0.7876900746935456,
        "numeric_constant:hash_8": -0.7552665139032668,
        "numeric_constant:hash_9": -0.975068244787185,
        "numeric_constant:hash_10": -0.6520324480708797,
        "numeric_constant:hash_11": -0.7947171060432736,
        "numeric_constant:hash_12": -2.248799120824439,
        "numeric_constant:hash_13": -0.8041375634324721,
        "numeric_constant:hash_14": -0.9846232195165958,
        "numeric_constant:hash_15": -1.0138583976862083,
        "string_literal:hash_0": null,
        "string_literal:hash_1": null,
        "string_literal:hash_2": null,
        "string_literal:hash_3": null,
        "string_literal:hash_4": null,
        "string_literal:hash_5": null,
        "string_literal:hash_6": null,
        "string_literal:hash_7": null,
        "direct_callee:hash_0": -0.9513515806450252,
        "direct_callee:hash_1": -1.0108875810796114,
        "direct_callee:hash_2": -0.8892656080194452,
        "direct_callee:hash_3": -0.3483068734748398,
        "direct_callee:hash_4": -1.0382590099391567,
        "direct_callee:hash_5": -1.0576953592212512,
        "direct_callee:hash_6": -1.2670456038205864,
        "direct_callee:hash_7": -0.32125900504806393
      },
      "active_targets": 40,
      "mean_r2": 0.04438546139250319,
      "mean_control_r2": -0.853751627737054,
      "mean_lift": 0.8981370891295573,
      "groups": {
        "counts_and_contract": {
          "active_targets": 10,
          "mean_r2": 0.8554406346069079,
          "control_mean_r2": -0.6920784229058943
        },
        "architecture": {
          "active_targets": 0,
          "mean_r2": null,
          "control_mean_r2": null
        },
        "return_type": {
          "active_targets": 6,
          "mean_r2": 0.19754922808071726,
          "control_mean_r2": -0.7825556435257951
        },
        "numeric_constant": {
          "active_targets": 16,
          "mean_r2": -0.49217826796064573,
          "control_mean_r2": -0.9781172748762794
        },
        "string_literal": {
          "active_targets": 0,
          "mean_r2": null,
          "control_mean_r2": null
        },
        "direct_callee": {
          "active_targets": 8,
          "mean_r2": -0.011178871435365584,
          "control_mean_r2": -0.8605088276559976
        }
      }
    },
    "projected_graph": {
      "dimension": 4096,
      "r2": {
        "log_instruction_count": 0.9669098889522868,
        "log_block_count": 0.980067252252003,
        "log_edge_count": 0.9856319853641657,
        "log_call_count": 0.9089204185821175,
        "log_branch_count": 0.9701445246343686,
        "log_conditional_branches": 0.9797718434678179,
        "log_return_count": 0.4703974585365517,
        "log_comparisons": 0.9818687546163755,
        "log_memory_ops": 0.9455061545726728,
        "arity": 0.18256811887702618,
        "architecture:arm64": null,
        "architecture:x86_64": null,
        "architecture:unknown": null,
        "return:void": 0.5402976544153582,
        "return:bool": 0.12268177114283474,
        "return:int": -0.17241487753496876,
        "return:float": 0.012624777370377371,
        "return:string": -0.311375169993795,
        "return:collection": -0.15442963655493824,
        "return:future": null,
        "return:dynamic": null,
        "return:other": null,
        "numeric_constant:hash_0": -0.19425150875201114,
        "numeric_constant:hash_1": -2.0659721300461067,
        "numeric_constant:hash_2": -0.2321878583643746,
        "numeric_constant:hash_3": -0.548068801909372,
        "numeric_constant:hash_4": -0.37146422361452314,
        "numeric_constant:hash_5": -1.5334177615076916,
        "numeric_constant:hash_6": -0.3387933966967396,
        "numeric_constant:hash_7": -0.32815495609047995,
        "numeric_constant:hash_8": -0.32822108763073765,
        "numeric_constant:hash_9": -0.5544359005170463,
        "numeric_constant:hash_10": -1.496233693653855,
        "numeric_constant:hash_11": -0.7634197890079144,
        "numeric_constant:hash_12": -1.1841262410869828,
        "numeric_constant:hash_13": -0.07429287261980355,
        "numeric_constant:hash_14": -3.527614906327874,
        "numeric_constant:hash_15": -1.7261841828290803,
        "string_literal:hash_0": null,
        "string_literal:hash_1": null,
        "string_literal:hash_2": null,
        "string_literal:hash_3": null,
        "string_literal:hash_4": null,
        "string_literal:hash_5": null,
        "string_literal:hash_6": null,
        "string_literal:hash_7": null,
        "direct_callee:hash_0": 0.1395963990847584,
        "direct_callee:hash_1": -0.28546509309898327,
        "direct_callee:hash_2": -0.24190202292131824,
        "direct_callee:hash_3": -0.07920291891164255,
        "direct_callee:hash_4": -0.24726905628900475,
        "direct_callee:hash_5": -0.9896124048680739,
        "direct_callee:hash_6": 0.193980248902619,
        "direct_callee:hash_7": -0.566387358369141
      },
      "control_permuted_label_r2": {
        "log_instruction_count": -1.4435885432958786,
        "log_block_count": -1.1707887716264689,
        "log_edge_count": -1.340802233873756,
        "log_call_count": -1.3213322469599267,
        "log_branch_count": -1.3439893640259868,
        "log_conditional_branches": -0.9869508811111933,
        "log_return_count": -1.7813739815531426,
        "log_comparisons": -1.081982177113142,
        "log_memory_ops": -1.5101777772785239,
        "arity": -0.7911410999431885,
        "architecture:arm64": null,
        "architecture:x86_64": null,
        "architecture:unknown": null,
        "return:void": -1.58381067151773,
        "return:bool": -1.9827891263005513,
        "return:int": -0.8463536862286201,
        "return:float": -1.4986827025056013,
        "return:string": -1.5408016996517406,
        "return:collection": -1.4853134480864276,
        "return:future": null,
        "return:dynamic": null,
        "return:other": null,
        "numeric_constant:hash_0": -0.6020266474285274,
        "numeric_constant:hash_1": -1.5492888705926706,
        "numeric_constant:hash_2": -1.5622017537467032,
        "numeric_constant:hash_3": -1.5534199885952038,
        "numeric_constant:hash_4": -1.9356334816986096,
        "numeric_constant:hash_5": -1.5392335599607825,
        "numeric_constant:hash_6": -1.876623726096088,
        "numeric_constant:hash_7": -1.4171644244139245,
        "numeric_constant:hash_8": -1.558440644848246,
        "numeric_constant:hash_9": -2.15266413210623,
        "numeric_constant:hash_10": -1.0527370385944566,
        "numeric_constant:hash_11": -1.2169773872404677,
        "numeric_constant:hash_12": -3.8657513780531456,
        "numeric_constant:hash_13": -1.3941820849651818,
        "numeric_constant:hash_14": -1.771919721014101,
        "numeric_constant:hash_15": -1.5835731210347284,
        "string_literal:hash_0": null,
        "string_literal:hash_1": null,
        "string_literal:hash_2": null,
        "string_literal:hash_3": null,
        "string_literal:hash_4": null,
        "string_literal:hash_5": null,
        "string_literal:hash_6": null,
        "string_literal:hash_7": null,
        "direct_callee:hash_0": -1.4595290071366365,
        "direct_callee:hash_1": -1.2191681465835331,
        "direct_callee:hash_2": -2.0145079319236814,
        "direct_callee:hash_3": -0.32154169658165843,
        "direct_callee:hash_4": -1.9102245766770922,
        "direct_callee:hash_5": -1.0825765313581597,
        "direct_callee:hash_6": -1.5086380753619473,
        "direct_callee:hash_7": -1.0394483571958695
      },
      "active_targets": 40,
      "mean_r2": -0.22334826496062815,
      "mean_control_r2": -1.472433767356988,
      "mean_lift": 1.2490855023963598,
      "groups": {
        "counts_and_contract": {
          "active_targets": 10,
          "mean_r2": 0.8371786399855384,
          "control_mean_r2": -1.277212707678121
        },
        "architecture": {
          "active_targets": 0,
          "mean_r2": null,
          "control_mean_r2": null
        },
        "return_type": {
          "active_targets": 6,
          "mean_r2": 0.006230753140811378,
          "control_mean_r2": -1.4896252223817787
        },
        "numeric_constant": {
          "active_targets": 16,
          "mean_r2": -0.954177456915912,
          "control_mean_r2": -1.6644898725243165
        },
        "string_literal": {
          "active_targets": 0,
          "mean_r2": null,
          "control_mean_r2": null
        },
        "direct_callee": {
          "active_targets": 8,
          "mean_r2": -0.25953277580884826,
          "control_mean_r2": -1.3194542903523223
        }
      }
    },
    "final_prefix": {
      "dimension": 4096,
      "r2": {
        "log_instruction_count": 0.9631299404074379,
        "log_block_count": 0.9792027958989978,
        "log_edge_count": 0.9852780412445019,
        "log_call_count": 0.9032903732300941,
        "log_branch_count": 0.9721760019322706,
        "log_conditional_branches": 0.9795787099148986,
        "log_return_count": 0.4235396903957379,
        "log_comparisons": 0.9790546286937747,
        "log_memory_ops": 0.9398766136644695,
        "arity": 0.18001200634103365,
        "architecture:arm64": null,
        "architecture:x86_64": null,
        "architecture:unknown": null,
        "return:void": 0.44389807418603033,
        "return:bool": 0.12962206850590763,
        "return:int": -0.28697921431052675,
        "return:float": 0.008481774099886485,
        "return:string": -0.27558330940787323,
        "return:collection": -0.23463678235038388,
        "return:future": null,
        "return:dynamic": null,
        "return:other": null,
        "numeric_constant:hash_0": -0.1944094309614579,
        "numeric_constant:hash_1": -2.0673985834698057,
        "numeric_constant:hash_2": -0.4389506116768902,
        "numeric_constant:hash_3": -0.480097171433133,
        "numeric_constant:hash_4": -0.23565569119280383,
        "numeric_constant:hash_5": -1.410035304359015,
        "numeric_constant:hash_6": -0.38850380481444136,
        "numeric_constant:hash_7": -0.3271391052348154,
        "numeric_constant:hash_8": -0.4157004223374725,
        "numeric_constant:hash_9": -0.3911487142682373,
        "numeric_constant:hash_10": -1.4293014139315403,
        "numeric_constant:hash_11": -0.7694623204961046,
        "numeric_constant:hash_12": -1.2866539115171247,
        "numeric_constant:hash_13": -0.13813276155720922,
        "numeric_constant:hash_14": -4.606758737878527,
        "numeric_constant:hash_15": -1.511827261342511,
        "string_literal:hash_0": null,
        "string_literal:hash_1": null,
        "string_literal:hash_2": null,
        "string_literal:hash_3": null,
        "string_literal:hash_4": null,
        "string_literal:hash_5": null,
        "string_literal:hash_6": null,
        "string_literal:hash_7": null,
        "direct_callee:hash_0": 0.05956748122692068,
        "direct_callee:hash_1": -0.318089799186938,
        "direct_callee:hash_2": -0.39144570104516196,
        "direct_callee:hash_3": -0.10912124962239078,
        "direct_callee:hash_4": -0.39812602474724934,
        "direct_callee:hash_5": -0.9962249781169739,
        "direct_callee:hash_6": 0.29086413747942597,
        "direct_callee:hash_7": -0.574931558268001
      },
      "control_permuted_label_r2": {
        "log_instruction_count": -1.3152429660880816,
        "log_block_count": -1.1265605659456606,
        "log_edge_count": -1.2897589392319952,
        "log_call_count": -1.178716853704005,
        "log_branch_count": -1.2601227025035415,
        "log_conditional_branches": -0.9281806538724011,
        "log_return_count": -1.924481981870393,
        "log_comparisons": -1.0412277509008838,
        "log_memory_ops": -1.3185902613104314,
        "arity": -0.9316810419487438,
        "architecture:arm64": null,
        "architecture:x86_64": null,
        "architecture:unknown": null,
        "return:void": -2.327457569940609,
        "return:bool": -2.7083050006318343,
        "return:int": -0.8629375915564497,
        "return:float": -1.5523066232046308,
        "return:string": -1.4646517154203709,
        "return:collection": -1.5937323641305494,
        "return:future": null,
        "return:dynamic": null,
        "return:other": null,
        "numeric_constant:hash_0": -0.9381566352509441,
        "numeric_constant:hash_1": -2.0141724027496455,
        "numeric_constant:hash_2": -1.7100605825329622,
        "numeric_constant:hash_3": -1.5930550499063716,
        "numeric_constant:hash_4": -2.519852756311508,
        "numeric_constant:hash_5": -1.5273685943381436,
        "numeric_constant:hash_6": -1.781369727957094,
        "numeric_constant:hash_7": -1.2259955982436925,
        "numeric_constant:hash_8": -1.7284886512736022,
        "numeric_constant:hash_9": -2.430133582503933,
        "numeric_constant:hash_10": -1.091495008003875,
        "numeric_constant:hash_11": -1.0831936246620564,
        "numeric_constant:hash_12": -3.534903070929108,
        "numeric_constant:hash_13": -1.4319487336862213,
        "numeric_constant:hash_14": -1.6877601280865742,
        "numeric_constant:hash_15": -1.5277387643009366,
        "string_literal:hash_0": null,
        "string_literal:hash_1": null,
        "string_literal:hash_2": null,
        "string_literal:hash_3": null,
        "string_literal:hash_4": null,
        "string_literal:hash_5": null,
        "string_literal:hash_6": null,
        "string_literal:hash_7": null,
        "direct_callee:hash_0": -1.5792130888742726,
        "direct_callee:hash_1": -1.18275347124849,
        "direct_callee:hash_2": -2.3090249238044716,
        "direct_callee:hash_3": -0.3031729018626501,
        "direct_callee:hash_4": -1.8012632930387342,
        "direct_callee:hash_5": -1.0928620795362916,
        "direct_callee:hash_6": -1.650378363755756,
        "direct_callee:hash_7": -1.1216310648726089
      },
      "active_targets": 40,
      "mean_r2": -0.26096853815763,
      "mean_control_r2": -1.5422486669997633,
      "mean_lift": 1.2812801288421332,
      "groups": {
        "counts_and_contract": {
          "active_targets": 10,
          "mean_r2": 0.8305138801723218,
          "control_mean_r2": -1.231456371737614
        },
        "architecture": {
          "active_targets": 0,
          "mean_r2": null,
          "control_mean_r2": null
        },
        "return_type": {
          "active_targets": 6,
          "mean_r2": -0.0358662315461599,
          "control_mean_r2": -1.7515651441474072
        },
        "numeric_constant": {
          "active_targets": 16,
          "mean_r2": -1.005698452904443,
          "control_mean_r2": -1.7391058069210419
        },
        "string_literal": {
          "active_targets": 0,
          "mean_r2": null,
          "control_mean_r2": null
        },
        "direct_callee": {
          "active_targets": 8,
          "mean_r2": -0.30468846153504603,
          "control_mean_r2": -1.3800373983741594
        }
      }
    }
  },
  "projected_to_prefix_retrieval": {
    "method": "train-fitted ridge map, held-out top-1 cosine retrieval",
    "mapped_top1_accuracy": 1.0,
    "direct_unmapped_top1_accuracy_diagnostic": 0.012987012987012988,
    "chance": 0.012987012987012988,
    "mapped_above_chance": 0.987012987012987
  },
  "thresholds": {
    "min_prefix_semantic_r2": -1.0,
    "min_prefix_mean_lift": 0.02,
    "min_retrieval_above_chance": 0.0
  },
  "failures": [],
  "note": "This probe tests held-out representational availability. Only the free-running correct/permuted/null gate tests causal decoder use."
}
[02a0_matched_direct_control] already complete; reusing /workspace/artifacts/hybrid_v2_3_s44/02a0_matched_direct_control/pytorch_model.bin
[02a1_matched_control_recovery] already complete; reusing /workspace/artifacts/hybrid_v2_3_s44/02a1_matched_control_recovery/pytorch_model.bin

[02a2_direct_control_long_eval] /venv/main/bin/python /workspace/scripts/evaluation/functional_graph_gate_antigravity.py --project_root /workspace --dataset /workspace/artifacts/hybrid_v2_3_s44/00f_hierarchical_data/long_dev_ge200.jsonl --checkpoint /workspace/artifacts/hybrid_v2_3_s44/02a1_matched_control_recovery/pytorch_model.bin --output_dir /workspace/artifacts/hybrid_v2_3_s44/02a2_direct_control_long_eval --report /workspace/artifacts/hybrid_v2_3_s44/02a2_direct_control_long_eval/report.json --decoder_model Qwen/Qwen3-8B --decoder_revision '' --encoder_revision '' --seed 44 --num_samples 10 --k 10 --generation_batch_size 16 --max_new_tokens 3328 --decoder_prompt_max_length 3072 --causality_prompt_mode graph_only --performance_prompt_mode full --run_deployment_arm --no-run_causality_arm --min_rows 64 --bootstrap_iterations 10000 --bootstrap_seed 44 --statistical_confidence 0.95 --max_sign_test_p_value 0.05 --min_causal_effective_pairs 8 --min_deployment_effective_pairs 8 --min_causal_permutation_ci_lower_pp 0.0 --min_causal_null_ci_lower_pp 0.0 --min_facts_permutation_ci_lower_pp 0.0 --min_deployment_ci_lower_pp 0.0 --no-require_facts_statistics --min_causal_permutation_drop_pp 0.0 --min_facts_permutation_drop_pp 0.0 --min_causal_task_losses 0 --min_deployment_improvement_pp 0.0 --load_4bit 0 --workers 16 --timeout 20

/venv/main/bin/python /workspace/scripts/evaluation/graph_inference_antigravity.py --dataset /workspace/artifacts/hybrid_v2_3_s44/00f_hierarchical_data/long_dev_ge200.jsonl --decoder_model Qwen/Qwen3-8B --checkpoint /workspace/artifacts/hybrid_v2_3_s44/02a1_matched_control_recovery/pytorch_model.bin --output /workspace/artifacts/hybrid_v2_3_s44/02a2_direct_control_long_eval/deployment_current.json --num_samples 10 --generation_batch_size 16 --max_new_tokens 3328 --decoder_prompt_max_length 3072 --decoder_revision  --encoder_revision  --seed 44 --graph_input_ablation none --graph_ablation_seed 44
Loading weights:   0%|          | 0/197 [00:00<?, ?it/s]Loading weights: 100%|██████████| 197/197 [00:00<00:00, 49998.66it/s]
Decoder attention implementation: flash_attention_2
Loading weights:   0%|          | 0/399 [00:00<?, ?it/s]Loading weights: 100%|██████████| 399/399 [00:00<00:00, 7902.35it/s]
Enabled decoder gradient checkpointing.
Enabled Qwen graph glue: 64 learned prefix tokens, dynamic=1, gate_mode=scalar, gate_init=0.2
Qwen prefix RMS matching ON: target token RMS 0.022050
Froze LocalBlockEncoder weights
Applied PEFT LORA (r=64, alpha=128) to Decoder targets=['q_proj', 'k_proj', 'v_proj', 'o_proj', 'gate_proj', 'up_proj', 'down_proj']
loaded checkpoint: /workspace/artifacts/hybrid_v2_3_s44/02a1_matched_control_recovery/pytorch_model.bin
Validated checkpoint architecture: recognised=565 missing_frozen=617 unexpected=0
Qwen graph prefix gate: 0.200065
Inference mode: decoder gradient checkpointing OFF; KV cache ON
generate:   0%|          | 0/140 [00:00<?, ?row/s]                                                  [1/140] generated 10 candidates
generate:   0%|          | 0/140 [02:38<?, ?row/s]generate:   1%|          | 1/140 [02:38<6:06:45, 158.32s/row]                                                             [2/140] generated 10 candidates
generate:   1%|          | 1/140 [03:20<6:06:45, 158.32s/row]generate:   1%|▏         | 2/140 [03:20<3:26:29, 89.78s/row]                                                             [3/140] generated 10 candidates
generate:   1%|▏         | 2/140 [04:10<3:26:29, 89.78s/row]generate:   2%|▏         | 3/140 [04:10<2:43:34, 71.64s/row]                                                            [4/140] generated 10 candidates
generate:   2%|▏         | 3/140 [04:56<2:43:34, 71.64s/row]generate:   3%|▎         | 4/140 [04:56<2:19:21, 61.48s/row]                                                            [5/140] generated 10 candidates
generate:   3%|▎         | 4/140 [05:41<2:19:21, 61.48s/row]generate:   4%|▎         | 5/140 [05:41<2:04:55, 55.52s/row]                                                            [6/140] generated 10 candidates
generate:   4%|▎         | 5/140 [07:04<2:04:55, 55.52s/row]generate:   4%|▍         | 6/140 [07:04<2:25:35, 65.19s/row]                                                            [7/140] generated 10 candidates
generate:   4%|▍         | 6/140 [08:25<2:25:35, 65.19s/row]generate:   5%|▌         | 7/140 [08:25<2:35:29, 70.15s/row]                                                            [8/140] generated 10 candidates
generate:   5%|▌         | 7/140 [09:09<2:35:29, 70.15s/row]generate:   6%|▌         | 8/140 [09:09<2:15:54, 61.77s/row]                                                            [9/140] generated 10 candidates
generate:   6%|▌         | 8/140 [12:27<2:15:54, 61.77s/row]generate:   6%|▋         | 9/140 [12:27<3:47:54, 104.39s/row]                                                             [10/140] generated 10 candidates
generate:   6%|▋         | 9/140 [13:08<3:47:54, 104.39s/row]generate:   7%|▋         | 10/140 [13:08<3:03:38, 84.76s/row]                                                             [11/140] generated 10 candidates
generate:   7%|▋         | 10/140 [13:56<3:03:38, 84.76s/row]generate:   8%|▊         | 11/140 [13:56<2:38:01, 73.50s/row]                                                             [12/140] generated 10 candidates
generate:   8%|▊         | 11/140 [15:12<2:38:01, 73.50s/row]generate:   9%|▊         | 12/140 [15:12<2:38:54, 74.49s/row]                                                             [13/140] generated 10 candidates
generate:   9%|▊         | 12/140 [16:53<2:38:54, 74.49s/row]generate:   9%|▉         | 13/140 [16:53<2:54:35, 82.49s/row]                                                             [14/140] generated 10 candidates
generate:   9%|▉         | 13/140 [17:29<2:54:35, 82.49s/row]generate:  10%|█         | 14/140 [17:29<2:23:34, 68.37s/row]                                                             [15/140] generated 10 candidates
generate:  10%|█         | 14/140 [18:27<2:23:34, 68.37s/row]generate:  11%|█         | 15/140 [18:27<2:15:48, 65.18s/row]                                                             [16/140] generated 10 candidates
generate:  11%|█         | 15/140 [19:12<2:15:48, 65.18s/row]generate:  11%|█▏        | 16/140 [19:12<2:02:35, 59.32s/row]                                                             [17/140] generated 10 candidates
generate:  11%|█▏        | 16/140 [19:45<2:02:35, 59.32s/row]generate:  12%|█▏        | 17/140 [19:45<1:45:12, 51.32s/row]                                                             [18/140] generated 10 candidates
generate:  12%|█▏        | 17/140 [20:36<1:45:12, 51.32s/row]generate:  13%|█▎        | 18/140 [20:36<1:44:11, 51.24s/row]                                                             [19/140] generated 10 candidates
generate:  13%|█▎        | 18/140 [21:42<1:44:11, 51.24s/row]generate:  14%|█▎        | 19/140 [21:42<1:52:04, 55.58s/row]                                                             [20/140] generated 10 candidates
generate:  14%|█▎        | 19/140 [22:16<1:52:04, 55.58s/row]generate:  14%|█▍        | 20/140 [22:16<1:38:15, 49.13s/row]                                                             [21/140] generated 10 candidates
generate:  14%|█▍        | 20/140 [23:04<1:38:15, 49.13s/row]generate:  15%|█▌        | 21/140 [23:04<1:36:53, 48.85s/row]                                                             [22/140] generated 10 candidates
generate:  15%|█▌        | 21/140 [23:49<1:36:53, 48.85s/row]generate:  16%|█▌        | 22/140 [23:49<1:33:24, 47.49s/row]                                                             [23/140] generated 10 candidates
generate:  16%|█▌        | 22/140 [24:51<1:33:24, 47.49s/row]generate:  16%|█▋        | 23/140 [24:51<1:41:20, 51.97s/row]                                                             [24/140] generated 10 candidates
generate:  16%|█▋        | 23/140 [25:28<1:41:20, 51.97s/row]generate:  17%|█▋        | 24/140 [25:28<1:32:03, 47.62s/row]                                                             [25/140] generated 10 candidates
generate:  17%|█▋        | 24/140 [26:11<1:32:03, 47.62s/row]generate:  18%|█▊        | 25/140 [26:11<1:28:17, 46.06s/row]                                                             [26/140] generated 10 candidates
generate:  18%|█▊        | 25/140 [27:02<1:28:17, 46.06s/row]generate:  19%|█▊        | 26/140 [27:02<1:30:15, 47.51s/row]                                                             [27/140] generated 10 candidates
generate:  19%|█▊        | 26/140 [28:27<1:30:15, 47.51s/row]generate:  19%|█▉        | 27/140 [28:27<1:50:50, 58.85s/row]                                                             [28/140] generated 10 candidates
generate:  19%|█▉        | 27/140 [29:05<1:50:50, 58.85s/row]generate:  20%|██        | 28/140 [29:05<1:38:21, 52.69s/row]                                                             [29/140] generated 10 candidates
generate:  20%|██        | 28/140 [30:04<1:38:21, 52.69s/row]generate:  21%|██        | 29/140 [30:04<1:40:58, 54.58s/row]                                                             [30/140] generated 10 candidates
generate:  21%|██        | 29/140 [30:47<1:40:58, 54.58s/row]generate:  21%|██▏       | 30/140 [30:47<1:33:38, 51.08s/row]                                                             [31/140] generated 10 candidates
generate:  21%|██▏       | 30/140 [31:20<1:33:38, 51.08s/row]generate:  22%|██▏       | 31/140 [31:20<1:22:41, 45.52s/row]                                                             [32/140] generated 10 candidates
generate:  22%|██▏       | 31/140 [31:59<1:22:41, 45.52s/row]generate:  23%|██▎       | 32/140 [31:59<1:18:37, 43.68s/row]                                                             [33/140] generated 10 candidates
generate:  23%|██▎       | 32/140 [32:28<1:18:37, 43.68s/row]generate:  24%|██▎       | 33/140 [32:28<1:09:45, 39.12s/row]                                                             [34/140] generated 10 candidates
generate:  24%|██▎       | 33/140 [33:01<1:09:45, 39.12s/row]generate:  24%|██▍       | 34/140 [33:01<1:06:11, 37.46s/row]                                                             [35/140] generated 10 candidates
generate:  24%|██▍       | 34/140 [33:27<1:06:11, 37.46s/row]generate:  25%|██▌       | 35/140 [33:27<59:30, 34.01s/row]                                                             [36/140] generated 10 candidates
generate:  25%|██▌       | 35/140 [34:51<59:30, 34.01s/row]generate:  26%|██▌       | 36/140 [34:51<1:24:45, 48.90s/row]                                                             [37/140] generated 10 candidates
generate:  26%|██▌       | 36/140 [35:50<1:24:45, 48.90s/row]generate:  26%|██▋       | 37/140 [35:50<1:29:11, 51.95s/row]                                                             [38/140] generated 10 candidates
generate:  26%|██▋       | 37/140 [36:30<1:29:11, 51.95s/row]generate:  27%|██▋       | 38/140 [36:30<1:22:07, 48.31s/row]                                                             [39/140] generated 10 candidates
generate:  27%|██▋       | 38/140 [36:57<1:22:07, 48.31s/row]generate:  28%|██▊       | 39/140 [36:57<1:10:43, 42.02s/row]                                                             [40/140] generated 10 candidates
generate:  28%|██▊       | 39/140 [37:53<1:10:43, 42.02s/row]generate:  29%|██▊       | 40/140 [37:53<1:16:43, 46.04s/row]                                                             [41/140] generated 10 candidates
generate:  29%|██▊       | 40/140 [41:44<1:16:43, 46.04s/row]generate:  29%|██▉       | 41/140 [41:44<2:47:40, 101.62s/row]                                                              [42/140] generated 10 candidates
generate:  29%|██▉       | 41/140 [42:16<2:47:40, 101.62s/row]generate:  30%|███       | 42/140 [42:16<2:11:57, 80.79s/row]                                                              [43/140] generated 10 candidates
generate:  30%|███       | 42/140 [42:55<2:11:57, 80.79s/row]generate:  31%|███       | 43/140 [42:55<1:50:30, 68.35s/row]                                                             [44/140] generated 10 candidates
generate:  31%|███       | 43/140 [43:48<1:50:30, 68.35s/row]generate:  31%|███▏      | 44/140 [43:48<1:41:55, 63.71s/row]                                                             [45/140] generated 10 candidates
generate:  31%|███▏      | 44/140 [45:06<1:41:55, 63.71s/row]generate:  32%|███▏      | 45/140 [45:06<1:47:26, 67.86s/row]                                                             [46/140] generated 10 candidates
generate:  32%|███▏      | 45/140 [45:46<1:47:26, 67.86s/row]generate:  33%|███▎      | 46/140 [45:46<1:33:31, 59.70s/row]                                                             [47/140] generated 10 candidates
generate:  33%|███▎      | 46/140 [46:17<1:33:31, 59.70s/row]generate:  34%|███▎      | 47/140 [46:17<1:19:06, 51.04s/row]                                                             [48/140] generated 10 candidates
generate:  34%|███▎      | 47/140 [47:01<1:19:06, 51.04s/row]generate:  34%|███▍      | 48/140 [47:01<1:15:04, 48.96s/row]                                                             [49/140] generated 10 candidates
generate:  34%|███▍      | 48/140 [47:37<1:15:04, 48.96s/row]generate:  35%|███▌      | 49/140 [47:37<1:07:59, 44.83s/row]                                                             [50/140] generated 10 candidates
generate:  35%|███▌      | 49/140 [47:56<1:07:59, 44.83s/row]generate:  36%|███▌      | 50/140 [47:56<55:51, 37.24s/row]                                                             [51/140] generated 10 candidates
generate:  36%|███▌      | 50/140 [48:30<55:51, 37.24s/row]generate:  36%|███▋      | 51/140 [48:30<53:46, 36.25s/row]                                                           [52/140] generated 10 candidates
generate:  36%|███▋      | 51/140 [50:05<53:46, 36.25s/row]generate:  37%|███▋      | 52/140 [50:05<1:18:58, 53.85s/row]                                                             [53/140] generated 10 candidates
generate:  37%|███▋      | 52/140 [51:14<1:18:58, 53.85s/row]generate:  38%|███▊      | 53/140 [51:14<1:24:44, 58.45s/row]                                                             [54/140] generated 10 candidates
generate:  38%|███▊      | 53/140 [51:58<1:24:44, 58.45s/row]generate:  39%|███▊      | 54/140 [51:58<1:17:24, 54.01s/row]                                                             [55/140] generated 10 candidates
generate:  39%|███▊      | 54/140 [53:21<1:17:24, 54.01s/row]generate:  39%|███▉      | 55/140 [53:21<1:29:03, 62.86s/row]                                                             [56/140] generated 10 candidates
generate:  39%|███▉      | 55/140 [54:07<1:29:03, 62.86s/row]generate:  40%|████      | 56/140 [54:07<1:20:47, 57.70s/row]                                                             [57/140] generated 10 candidates
generate:  40%|████      | 56/140 [55:07<1:20:47, 57.70s/row]generate:  41%|████      | 57/140 [55:07<1:20:54, 58.48s/row]                                                             [58/140] generated 10 candidates
generate:  41%|████      | 57/140 [56:35<1:20:54, 58.48s/row]generate:  41%|████▏     | 58/140 [56:35<1:31:43, 67.12s/row]                                                             [59/140] generated 10 candidates
generate:  41%|████▏     | 58/140 [57:41<1:31:43, 67.12s/row]generate:  42%|████▏     | 59/140 [57:41<1:30:11, 66.81s/row]                                                             [60/140] generated 10 candidates
generate:  42%|████▏     | 59/140 [58:44<1:30:11, 66.81s/row]generate:  43%|████▎     | 60/140 [58:44<1:27:49, 65.87s/row]                                                             [61/140] generated 10 candidates
generate:  43%|████▎     | 60/140 [59:45<1:27:49, 65.87s/row]generate:  44%|████▎     | 61/140 [59:45<1:24:46, 64.39s/row]                                                             [62/140] generated 10 candidates
generate:  44%|████▎     | 61/140 [1:00:28<1:24:46, 64.39s/row]generate:  44%|████▍     | 62/140 [1:00:28<1:15:19, 57.94s/row]                                                               [63/140] generated 10 candidates
generate:  44%|████▍     | 62/140 [1:01:29<1:15:19, 57.94s/row]generate:  45%|████▌     | 63/140 [1:01:29<1:15:23, 58.74s/row]                                                               [64/140] generated 10 candidates
generate:  45%|████▌     | 63/140 [1:02:24<1:15:23, 58.74s/row]generate:  46%|████▌     | 64/140 [1:02:24<1:13:15, 57.84s/row]                                                               [65/140] generated 10 candidates
generate:  46%|████▌     | 64/140 [1:03:34<1:13:15, 57.84s/row]generate:  46%|████▋     | 65/140 [1:03:34<1:16:41, 61.36s/row]                                                               [66/140] generated 10 candidates
generate:  46%|████▋     | 65/140 [1:04:10<1:16:41, 61.36s/row]generate:  47%|████▋     | 66/140 [1:04:10<1:06:20, 53.79s/row]                                                               [67/140] generated 10 candidates
generate:  47%|████▋     | 66/140 [1:05:05<1:06:20, 53.79s/row]generate:  48%|████▊     | 67/140 [1:05:05<1:05:55, 54.18s/row]                                                               [68/140] generated 10 candidates
generate:  48%|████▊     | 67/140 [1:06:20<1:05:55, 54.18s/row]generate:  49%|████▊     | 68/140 [1:06:20<1:12:18, 60.25s/row]                                                               [69/140] generated 10 candidates
generate:  49%|████▊     | 68/140 [1:07:07<1:12:18, 60.25s/row]generate:  49%|████▉     | 69/140 [1:07:07<1:06:52, 56.51s/row]                                                               [70/140] generated 10 candidates
generate:  49%|████▉     | 69/140 [1:07:47<1:06:52, 56.51s/row]generate:  50%|█████     | 70/140 [1:07:47<59:51, 51.31s/row]                                                               [71/140] generated 10 candidates
generate:  50%|█████     | 70/140 [1:09:09<59:51, 51.31s/row]generate:  51%|█████     | 71/140 [1:09:09<1:09:34, 60.50s/row]                                                               [72/140] generated 10 candidates
generate:  51%|█████     | 71/140 [1:10:41<1:09:34, 60.50s/row]generate:  51%|█████▏    | 72/140 [1:10:41<1:19:27, 70.11s/row]                                                               [73/140] generated 10 candidates
generate:  51%|█████▏    | 72/140 [1:11:07<1:19:27, 70.11s/row]generate:  52%|█████▏    | 73/140 [1:11:07<1:03:25, 56.80s/row]                                                               [74/140] generated 10 candidates
generate:  52%|█████▏    | 73/140 [1:11:46<1:03:25, 56.80s/row]generate:  53%|█████▎    | 74/140 [1:11:46<56:30, 51.37s/row]                                                               [75/140] generated 10 candidates
generate:  53%|█████▎    | 74/140 [1:13:07<56:30, 51.37s/row]generate:  54%|█████▎    | 75/140 [1:13:07<1:05:34, 60.53s/row]                                                               [76/140] generated 10 candidates
generate:  54%|█████▎    | 75/140 [1:14:22<1:05:34, 60.53s/row]generate:  54%|█████▍    | 76/140 [1:14:22<1:08:54, 64.60s/row]                                                               [77/140] generated 10 candidates
generate:  54%|█████▍    | 76/140 [1:14:47<1:08:54, 64.60s/row]generate:  55%|█████▌    | 77/140 [1:14:47<55:27, 52.82s/row]                                                               [78/140] generated 10 candidates
generate:  55%|█████▌    | 77/140 [1:15:30<55:27, 52.82s/row]generate:  56%|█████▌    | 78/140 [1:15:30<51:28, 49.82s/row]                                                             [79/140] generated 10 candidates
generate:  56%|█████▌    | 78/140 [1:15:53<51:28, 49.82s/row]generate:  56%|█████▋    | 79/140 [1:15:53<42:35, 41.90s/row]                                                             [80/140] generated 10 candidates
generate:  56%|█████▋    | 79/140 [1:16:26<42:35, 41.90s/row]generate:  57%|█████▋    | 80/140 [1:16:26<39:15, 39.26s/row]                                                             [81/140] generated 10 candidates
generate:  57%|█████▋    | 80/140 [1:17:57<39:15, 39.26s/row]generate:  58%|█████▊    | 81/140 [1:17:57<53:49, 54.73s/row]                                                             [82/140] generated 10 candidates
generate:  58%|█████▊    | 81/140 [1:18:50<53:49, 54.73s/row]generate:  59%|█████▊    | 82/140 [1:18:50<52:21, 54.16s/row]                                                             [83/140] generated 10 candidates
generate:  59%|█████▊    | 82/140 [1:19:19<52:21, 54.16s/row]generate:  59%|█████▉    | 83/140 [1:19:19<44:20, 46.67s/row]                                                             [84/140] generated 10 candidates
generate:  59%|█████▉    | 83/140 [1:20:09<44:20, 46.67s/row]generate:  60%|██████    | 84/140 [1:20:09<44:23, 47.56s/row]                                                             [85/140] generated 10 candidates
generate:  60%|██████    | 84/140 [1:20:52<44:23, 47.56s/row]generate:  61%|██████    | 85/140 [1:20:52<42:22, 46.22s/row]                                                             [86/140] generated 10 candidates
generate:  61%|██████    | 85/140 [1:21:32<42:22, 46.22s/row]generate:  61%|██████▏   | 86/140 [1:21:32<39:55, 44.36s/row]                                                             [87/140] generated 10 candidates
generate:  61%|██████▏   | 86/140 [1:22:03<39:55, 44.36s/row]generate:  62%|██████▏   | 87/140 [1:22:03<35:47, 40.53s/row]                                                             [88/140] generated 10 candidates
generate:  62%|██████▏   | 87/140 [1:22:48<35:47, 40.53s/row]generate:  63%|██████▎   | 88/140 [1:22:48<36:17, 41.88s/row]                                                             [89/140] generated 10 candidates
generate:  63%|██████▎   | 88/140 [1:27:03<36:17, 41.88s/row]generate:  64%|██████▎   | 89/140 [1:27:03<1:29:47, 105.64s/row]                                                                [90/140] generated 10 candidates
generate:  64%|██████▎   | 89/140 [1:27:48<1:29:47, 105.64s/row]generate:  64%|██████▍   | 90/140 [1:27:48<1:12:59, 87.59s/row]                                                                [91/140] generated 10 candidates
generate:  64%|██████▍   | 90/140 [1:28:17<1:12:59, 87.59s/row]generate:  65%|██████▌   | 91/140 [1:28:17<57:03, 69.87s/row]                                                               [92/140] generated 10 candidates
generate:  65%|██████▌   | 91/140 [1:31:39<57:03, 69.87s/row]generate:  66%|██████▌   | 92/140 [1:31:39<1:27:37, 109.54s/row]                                                                [93/140] generated 10 candidates
generate:  66%|██████▌   | 92/140 [1:32:26<1:27:37, 109.54s/row]generate:  66%|██████▋   | 93/140 [1:32:26<1:11:01, 90.67s/row]                                                                [94/140] generated 10 candidates
generate:  66%|██████▋   | 93/140 [1:33:11<1:11:01, 90.67s/row]generate:  67%|██████▋   | 94/140 [1:33:11<59:09, 77.17s/row]                                                               [95/140] generated 10 candidates
generate:  67%|██████▋   | 94/140 [1:33:36<59:09, 77.17s/row]generate:  68%|██████▊   | 95/140 [1:33:36<45:59, 61.32s/row]                                                             [96/140] generated 10 candidates
generate:  68%|██████▊   | 95/140 [1:34:05<45:59, 61.32s/row]generate:  69%|██████▊   | 96/140 [1:34:05<37:54, 51.70s/row]                                                             [97/140] generated 10 candidates
generate:  69%|██████▊   | 96/140 [1:35:50<37:54, 51.70s/row]generate:  69%|██████▉   | 97/140 [1:35:50<48:36, 67.83s/row]                                                             [98/140] generated 10 candidates
generate:  69%|██████▉   | 97/140 [1:37:01<48:36, 67.83s/row]generate:  70%|███████   | 98/140 [1:37:01<48:01, 68.60s/row]                                                             [99/140] generated 10 candidates
generate:  70%|███████   | 98/140 [1:37:41<48:01, 68.60s/row]generate:  71%|███████   | 99/140 [1:37:41<41:05, 60.14s/row]                                                             [100/140] generated 10 candidates
generate:  71%|███████   | 99/140 [1:38:14<41:05, 60.14s/row]generate:  71%|███████▏  | 100/140 [1:38:14<34:41, 52.03s/row]                                                              [101/140] generated 10 candidates
generate:  71%|███████▏  | 100/140 [1:38:42<34:41, 52.03s/row]generate:  72%|███████▏  | 101/140 [1:38:42<29:06, 44.77s/row]                                                              [102/140] generated 10 candidates
generate:  72%|███████▏  | 101/140 [1:39:38<29:06, 44.77s/row]generate:  73%|███████▎  | 102/140 [1:39:38<30:32, 48.22s/row]                                                              [103/140] generated 10 candidates
generate:  73%|███████▎  | 102/140 [1:40:26<30:32, 48.22s/row]generate:  74%|███████▎  | 103/140 [1:40:26<29:33, 47.93s/row]                                                              [104/140] generated 10 candidates
generate:  74%|███████▎  | 103/140 [1:41:57<29:33, 47.93s/row]generate:  74%|███████▍  | 104/140 [1:41:57<36:32, 60.91s/row]                                                              [105/140] generated 10 candidates
generate:  74%|███████▍  | 104/140 [1:43:16<36:32, 60.91s/row]generate:  75%|███████▌  | 105/140 [1:43:16<38:42, 66.35s/row]                                                              [106/140] generated 10 candidates
generate:  75%|███████▌  | 105/140 [1:44:51<38:42, 66.35s/row]generate:  76%|███████▌  | 106/140 [1:44:51<42:28, 74.96s/row]                                                              [107/140] generated 10 candidates
generate:  76%|███████▌  | 106/140 [1:45:50<42:28, 74.96s/row]generate:  76%|███████▋  | 107/140 [1:45:50<38:37, 70.22s/row]                                                              [108/140] generated 10 candidates
generate:  76%|███████▋  | 107/140 [1:46:34<38:37, 70.22s/row]generate:  77%|███████▋  | 108/140 [1:46:34<33:13, 62.29s/row]                                                              [109/140] generated 10 candidates
generate:  77%|███████▋  | 108/140 [1:47:40<33:13, 62.29s/row]generate:  78%|███████▊  | 109/140 [1:47:40<32:47, 63.46s/row]                                                              [110/140] generated 10 candidates
generate:  78%|███████▊  | 109/140 [1:48:50<32:47, 63.46s/row]generate:  79%|███████▊  | 110/140 [1:48:50<32:44, 65.49s/row]                                                              [111/140] generated 10 candidates
generate:  79%|███████▊  | 110/140 [1:49:45<32:44, 65.49s/row]generate:  79%|███████▉  | 111/140 [1:49:45<30:02, 62.15s/row]                                                              [112/140] generated 10 candidates
generate:  79%|███████▉  | 111/140 [1:50:35<30:02, 62.15s/row]generate:  80%|████████  | 112/140 [1:50:35<27:23, 58.70s/row]                                                              [113/140] generated 10 candidates
generate:  80%|████████  | 112/140 [1:51:12<27:23, 58.70s/row]generate:  81%|████████  | 113/140 [1:51:12<23:27, 52.14s/row]                                                              [114/140] generated 10 candidates
generate:  81%|████████  | 113/140 [1:52:08<23:27, 52.14s/row]generate:  81%|████████▏ | 114/140 [1:52:08<23:02, 53.16s/row]                                                              [115/140] generated 10 candidates
generate:  81%|████████▏ | 114/140 [1:52:59<23:02, 53.16s/row]generate:  82%|████████▏ | 115/140 [1:52:59<21:54, 52.57s/row]                                                              [116/140] generated 10 candidates
generate:  82%|████████▏ | 115/140 [1:53:35<21:54, 52.57s/row]generate:  83%|████████▎ | 116/140 [1:53:35<19:00, 47.54s/row]                                                              [117/140] generated 10 candidates
generate:  83%|████████▎ | 116/140 [1:54:34<19:00, 47.54s/row]generate:  84%|████████▎ | 117/140 [1:54:34<19:32, 50.98s/row]                                                              [118/140] generated 10 candidates
generate:  84%|████████▎ | 117/140 [1:55:23<19:32, 50.98s/row]generate:  84%|████████▍ | 118/140 [1:55:23<18:33, 50.60s/row]                                                              [119/140] generated 10 candidates
generate:  84%|████████▍ | 118/140 [1:56:04<18:33, 50.60s/row]generate:  85%|████████▌ | 119/140 [1:56:04<16:39, 47.60s/row]                                                              [120/140] generated 10 candidates
generate:  85%|████████▌ | 119/140 [1:57:00<16:39, 47.60s/row]generate:  86%|████████▌ | 120/140 [1:57:00<16:43, 50.18s/row]                                                              [121/140] generated 10 candidates
generate:  86%|████████▌ | 120/140 [1:57:57<16:43, 50.18s/row]generate:  86%|████████▋ | 121/140 [1:57:57<16:34, 52.33s/row]                                                              [122/140] generated 10 candidates
generate:  86%|████████▋ | 121/140 [1:59:00<16:34, 52.33s/row]generate:  87%|████████▋ | 122/140 [1:59:00<16:35, 55.33s/row]                                                              [123/140] generated 10 candidates
generate:  87%|████████▋ | 122/140 [1:59:48<16:35, 55.33s/row]generate:  88%|████████▊ | 123/140 [1:59:48<15:03, 53.17s/row]                                                              [124/140] generated 10 candidates
generate:  88%|████████▊ | 123/140 [2:00:53<15:03, 53.17s/row]generate:  89%|████████▊ | 124/140 [2:00:53<15:07, 56.73s/row]                                                              [125/140] generated 10 candidates
generate:  89%|████████▊ | 124/140 [2:01:46<15:07, 56.73s/row]generate:  89%|████████▉ | 125/140 [2:01:46<13:52, 55.48s/row]                                                              [126/140] generated 10 candidates
generate:  89%|████████▉ | 125/140 [2:02:31<13:52, 55.48s/row]generate:  90%|█████████ | 126/140 [2:02:31<12:13, 52.42s/row]                                                              [127/140] generated 10 candidates
generate:  90%|█████████ | 126/140 [2:03:08<12:13, 52.42s/row]generate:  91%|█████████ | 127/140 [2:03:08<10:22, 47.92s/row]                                                              [128/140] generated 10 candidates
generate:  91%|█████████ | 127/140 [2:03:49<10:22, 47.92s/row]generate:  91%|█████████▏| 128/140 [2:03:49<09:08, 45.67s/row]                                                              [129/140] generated 10 candidates
generate:  91%|█████████▏| 128/140 [2:04:48<09:08, 45.67s/row]generate:  92%|█████████▏| 129/140 [2:04:48<09:08, 49.87s/row]                                                              [130/140] generated 10 candidates
generate:  92%|█████████▏| 129/140 [2:05:33<09:08, 49.87s/row]generate:  93%|█████████▎| 130/140 [2:05:33<08:02, 48.20s/row]                                                              [131/140] generated 10 candidates
generate:  93%|█████████▎| 130/140 [2:06:06<08:02, 48.20s/row]generate:  94%|█████████▎| 131/140 [2:06:06<06:34, 43.86s/row]                                                              [132/140] generated 10 candidates
generate:  94%|█████████▎| 131/140 [2:07:34<06:34, 43.86s/row]generate:  94%|█████████▍| 132/140 [2:07:34<07:36, 57.02s/row]                                                              [133/140] generated 10 candidates
generate:  94%|█████████▍| 132/140 [2:08:23<07:36, 57.02s/row]generate:  95%|█████████▌| 133/140 [2:08:23<06:21, 54.49s/row]                                                              [134/140] generated 10 candidates
generate:  95%|█████████▌| 133/140 [2:09:34<06:21, 54.49s/row]generate:  96%|█████████▌| 134/140 [2:09:34<05:57, 59.54s/row]                                                              [135/140] generated 10 candidates
generate:  96%|█████████▌| 134/140 [2:10:08<05:57, 59.54s/row]generate:  96%|█████████▋| 135/140 [2:10:08<04:18, 51.76s/row]                                                              [136/140] generated 10 candidates
generate:  96%|█████████▋| 135/140 [2:11:31<04:18, 51.76s/row]generate:  97%|█████████▋| 136/140 [2:11:31<04:04, 61.24s/row]                                                              [137/140] generated 10 candidates
generate:  97%|█████████▋| 136/140 [2:12:35<04:04, 61.24s/row]generate:  98%|█████████▊| 137/140 [2:12:35<03:06, 62.23s/row]                                                              [138/140] generated 10 candidates
generate:  98%|█████████▊| 137/140 [2:13:16<03:06, 62.23s/row]generate:  99%|█████████▊| 138/140 [2:13:16<01:51, 55.81s/row]                                                              [139/140] generated 10 candidates
generate:  99%|█████████▊| 138/140 [2:13:49<01:51, 55.81s/row]generate:  99%|█████████▉| 139/140 [2:13:49<00:48, 48.85s/row]                                                              [140/140] generated 10 candidates
generate:  99%|█████████▉| 139/140 [2:16:06<00:48, 48.85s/row]generate: 100%|██████████| 140/140 [2:16:06<00:00, 75.41s/row]generate: 100%|██████████| 140/140 [2:16:06<00:00, 58.33s/row]
wrote /workspace/artifacts/hybrid_v2_3_s44/02a2_direct_control_long_eval/deployment_current.json
wrote /workspace/artifacts/hybrid_v2_3_s44/02a2_direct_control_long_eval/deployment_current.json.provenance.json
[100/1400] evaluated candidates from deployment_current.json
[200/1400] evaluated candidates from deployment_current.json
[300/1400] evaluated candidates from deployment_current.json
[400/1400] evaluated candidates from deployment_current.json
[500/1400] evaluated candidates from deployment_current.json
[600/1400] evaluated candidates from deployment_current.json
[700/1400] evaluated candidates from deployment_current.json
[800/1400] evaluated candidates from deployment_current.json
[900/1400] evaluated candidates from deployment_current.json
[1000/1400] evaluated candidates from deployment_current.json
[1100/1400] evaluated candidates from deployment_current.json
[1200/1400] evaluated candidates from deployment_current.json
[1300/1400] evaluated candidates from deployment_current.json
[1400/1400] evaluated candidates from deployment_current.json
{
  "schema_version": 3,
  "status": "passed",
  "dataset": "/workspace/artifacts/hybrid_v2_3_s44/00f_hierarchical_data/long_dev_ge200.jsonl",
  "held_out_rows": 140,
  "checkpoint": "/workspace/artifacts/hybrid_v2_3_s44/02a1_matched_control_recovery/pytorch_model.bin",
  "baseline_checkpoint": null,
  "baseline_pass_at_k": null,
  "baseline_source": null,
  "k": 10,
  "deployment_prompt_mode": "full",
  "deployment_arm_ran": true,
  "causality_arm_ran": false,
  "causal_prompt_mode": null,
  "matched_permutation_provenance": null,
  "deployment_provenance": {
    "deployment": {
      "checkpoint": {
        "path": "/workspace/artifacts/hybrid_v2_3_s44/02a1_matched_control_recovery/pytorch_model.bin",
        "sha256": "8f1096dfa52d588d0390e42bcad0f89708a57d07b8b2d2d4d42d67fb519301c2",
        "size_bytes": 1349588215
      },
      "checkpoint_load": {
        "absent_trainable_examples": [],
        "absent_trainable_tensor_count": 0,
        "allow_partial": false,
        "allowed_absent_trainable_examples": [],
        "allowed_absent_trainable_tensor_count": 0,
        "checkpoint_tensor_count": 565,
        "context": "inference checkpoint",
        "current_trainable_tensor_count": 565,
        "failures": [],
        "load_missing_tensor_count": 617,
        "load_target": "GraphCodeBERTT5Seq2Seq",
        "missing_frozen_examples": [
          "graph_encoder.convs.0.eps",
          "graph_encoder.convs.1.eps",
          "graph_encoder.convs.2.eps",
          "graph_encoder.convs.3.eps",
          "local_encoder.encoder.embeddings.LayerNorm.bias",
          "local_encoder.encoder.embeddings.LayerNorm.weight",
          "local_encoder.encoder.embeddings.position_embeddings.weight",
          "local_encoder.encoder.embeddings.token_type_embeddings.weight",
          "local_encoder.encoder.embeddings.word_embeddings.weight",
          "local_encoder.encoder.encoder.layer.0.attention.output.LayerNorm.bias",
          "local_encoder.encoder.encoder.layer.0.attention.output.LayerNorm.weight",
          "local_encoder.encoder.encoder.layer.0.attention.output.dense.bias",
          "local_encoder.encoder.encoder.layer.0.attention.output.dense.weight",
          "local_encoder.encoder.encoder.layer.0.attention.self.key.bias",
          "local_encoder.encoder.encoder.layer.0.attention.self.key.weight",
          "local_encoder.encoder.encoder.layer.0.attention.self.query.bias"
        ],
        "missing_frozen_tensor_count": 617,
        "model_state_tensor_count": 1182,
        "recognised_checkpoint_tensor_count": 565,
        "status": "passed",
        "unapproved_absent_trainable_examples": [],
        "unapproved_absent_trainable_tensor_count": 0,
        "unexpected_examples": [],
        "unexpected_tensor_count": 0
      },
      "dataset": {
        "path": "/workspace/artifacts/hybrid_v2_3_s44/00f_hierarchical_data/long_dev_ge200.jsonl",
        "sha256": "9f4d860e5008c857618c54574aa0c0b8be2e08dc12c896e232935c8262440c47",
        "size_bytes": 10413242
      },
      "generation": {
        "decoder_gradient_checkpointing": false,
        "decoder_prompt_max_length": 3072,
        "generation_batch_size": 16,
        "max_new_tokens": 3328,
        "num_samples": 10,
        "use_cache": true
      },
      "git": {
        "commit": null,
        "dirty": null
      },
      "graph_environment": {
        "GRAPH_ADD_REVERSE_EDGES": "1",
        "GRAPH_BLOCK_POOLING": "multi_query",
        "GRAPH_BLOCK_POSITION_MODE": "sinusoidal",
        "GRAPH_BLOCK_VECTORS_PER_BLOCK": "4",
        "GRAPH_DECODER_MODEL": "Qwen/Qwen3-8B",
        "GRAPH_DECODER_PEFT": "lora",
        "GRAPH_DECODER_PROMPT_MAX_LENGTH": "3072",
        "GRAPH_DECODER_REVISION": "",
        "GRAPH_DFG_MODE": "edges",
        "GRAPH_ENCODER_MODEL": "microsoft/graphcodebert-base",
        "GRAPH_ENCODER_PEFT": "none",
        "GRAPH_ENCODER_REVISION": "",
        "GRAPH_GRADIENT_CHECKPOINTING": "1",
        "GRAPH_HYBRID_PATCH_SHA256": "8360a9349d7ad32aa0e0eaa8f5b179fbdd582caaf725d25efc3533c9a9880526",
        "GRAPH_LOAD_4BIT": "0",
        "GRAPH_LORA_ALPHA": "128",
        "GRAPH_LORA_R": "64",
        "GRAPH_MAX_TARGET_LENGTH": "3328",
        "GRAPH_NEUTRAL_FUNCTION_NAME": "fn0",
        "GRAPH_POSITION_SCHEME": "roberta",
        "GRAPH_PROMPT_ASSEMBLY_MODE": "full",
        "GRAPH_PROMPT_BINARY_EVIDENCE": "1",
        "GRAPH_PROMPT_CLEAN_ASM": "1",
        "GRAPH_PROMPT_FIT_ASSEMBLY": "1",
        "GRAPH_QUIET": "1",
        "GRAPH_QWEN_LORA_TARGETS": "attention_mlp",
        "GRAPH_QWEN_PREFIX_DYNAMIC": "1",
        "GRAPH_QWEN_PREFIX_MIN_TOKENS": "16",
        "GRAPH_QWEN_PREFIX_RMS_MATCH": "1",
        "GRAPH_QWEN_PREFIX_TOKENS": "64",
        "GRAPH_QWEN_PREFIX_TOKENS_PER_LOG2": "8",
        "GRAPH_REGION_COMPRESSION": "linear_residual",
        "GRAPH_REGION_MAX_BLOCKS": "8",
        "GRAPH_REQUIRE_NEUTRAL_CONTRACT": "1",
        "GRAPH_SEED": "44"
      },
      "graph_input_ablation": {
        "final_context_zeroed": false,
        "mapping_sha256": "8f57b05d0da8c4bd1f535a28bfc26df0b560e32041bbf3a9719508980befdc69",
        "mode": "none",
        "seed": 44,
        "self_mapped_rows": 140
      },
      "graph_prefix_gate": {
        "mean_sigmoid": 0.20006518065929413,
        "override_requested": null
      },
      "models": {
        "decoder": {
          "requested_id": "Qwen/Qwen3-8B",
          "requested_revision": null,
          "resolved_commit": "b968826d9c46dd6066d109eabc6255188de91218",
          "resolved_name_or_path": "Qwen/Qwen3-8B"
        },
        "encoder": {
          "requested_id": "microsoft/graphcodebert-base",
          "requested_revision": null,
          "resolved_commit": "2b0488a7bb0eefc7041f1bb2cad1ab26b0da269d",
          "resolved_name_or_path": "microsoft/graphcodebert-base"
        }
      },
      "output": {
        "path": "/workspace/artifacts/hybrid_v2_3_s44/02a2_direct_control_long_eval/deployment_current.json",
        "sha256": "0793f53436ae362269b5e15a855dac6dbdcc31109a77158618f2473516cb7f41",
        "size_bytes": 1780559
      },
      "prompt_schema_version": "antigravity-v6-all-length-hierarchical",
      "prompt_stream_sha256": "1a8e8e1dda35f9604be7b666bc7aea06d065088c60f4ce39142844730e21ee3a",
      "row_count": 140,
      "runtime": {
        "cuda_available": true,
        "cuda_runtime": "12.8",
        "executable": "/venv/main/bin/python",
        "gpu": "NVIDIA RTX PRO 6000 Blackwell Max-Q Workstation Edition",
        "platform": "Linux-6.8.0-85-generic-x86_64-with-glibc2.39",
        "python": "3.12.13",
        "torch": "2.8.0+cu128"
      },
      "schema_version": 1,
      "scoring_tests_visible_to_policy": false,
      "seed": 44,
      "source_files": [
        {
          "path": "/workspace/scripts/evaluation/graph_inference_antigravity.py",
          "sha256": "8661571da20bddd8c95e877ca8822bd91f25366b1738f5a101d9378d5c5c10e6",
          "size_bytes": 38589
        },
        {
          "path": "/workspace/scripts/training/graph_encoder_decoder_decompiler_v2_antigravity.py",
          "sha256": "cd6325012dcdb76e22cc027040a23c1f94afa6e5490c27aafcbbef062d56a3b4",
          "size_bytes": 98959
        },
        {
          "path": "/workspace/models/hierarchical_graph_encoder_antigravity.py",
          "sha256": "0d9ed811fd3e2793d8d21a003ced9cff67cecfe65cf03a33bb611ec44af6f7db",
          "size_bytes": 24304
        },
        {
          "path": "/workspace/models/graphcodebert_tensor_builder.py",
          "sha256": "a324bba2c3a642176404fba513c386e6952b4c6f04d26e9be01732ed36900ed5",
          "size_bytes": 9576
        },
        {
          "path": "/workspace/models/pyg_cfg_dataset.py",
          "sha256": "5cf35b3c2d446e3e4444a833d6d0a39c6ddd366f2375a8b866706b4cd322edb3",
          "size_bytes": 8528
        },
        {
          "path": "/workspace/scripts/data/cfg_extractor.py",
          "sha256": "daebbbfa7ac53fed9104e66396bc861bc837a8cea5a948548204d34439ee553c",
          "size_bytes": 40627
        },
        {
          "path": "/workspace/scripts/data/dfg_extractor.py",
          "sha256": "603c052e8a79e7f6f689e97acdfc9c87245505b4fbf497bc2c49c2343fb0ed12",
          "size_bytes": 23048
        }
      ]
    }
  },
  "paired_causality": null,
  "causal_prompt_stream_sha256": null,
  "metrics": {
    "deployment": {
      "rows": 140,
      "candidates": 1400,
      "expected_candidates_per_task": 10,
      "coverage_validated": true,
      "pass_at_k": {
        "10": 0.007142857142857143
      },
      "compile_at_k": {
        "10": 0.9714285714285714
      },
      "facts_at_k": {
        "10": 0.0
      },
      "per_task": [
        {
          "task_key": "fresh-eval-c062a9ac77ec",
          "n": 10,
          "pass@10": 0.0,
          "compile@10": 1.0,
          "facts@10": 0.0
        },
        {
          "task_key": "fresh-eval-9a6b0e049f87",
          "n": 10,
          "pass@10": 0.0,
          "compile@10": 1.0,
          "facts@10": 0.0
        },
        {
          "task_key": "sigless_b51cb0fef9eb",
          "n": 10,
          "pass@10": 0.0,
          "compile@10": 1.0,
          "facts@10": 0.0
        },
        {
          "task_key": "sigless_27e8acf70e89",
          "n": 10,
          "pass@10": 0.0,
          "compile@10": 1.0,
          "facts@10": 0.0
        },
        {
          "task_key": "sigless_0b89cca13ea4",
          "n": 10,
          "pass@10": 0.0,
          "compile@10": 1.0,
          "facts@10": 0.0
        },
        {
          "task_key": "fresh-eval-aeb4509b96d0",
          "n": 10,
          "pass@10": 0.0,
          "compile@10": 1.0,
          "facts@10": 0.0
        },
        {
          "task_key": "fresh-eval-ac4f35094289",
          "n": 10,
          "pass@10": 0.0,
          "compile@10": 1.0,
          "facts@10": 0.0
        },
        {
          "task_key": "sigless_b21fb045b669",
          "n": 10,
          "pass@10": 0.0,
          "compile@10": 1.0,
          "facts@10": 0.0
        },
        {
          "task_key": "sigless_e56f6af88490",
          "n": 10,
          "pass@10": 0.0,
          "compile@10": 0.0,
          "facts@10": 0.0
        },
        {
          "task_key": "sigless_3d39925f8eed",
          "n": 10,
          "pass@10": 0.0,
          "compile@10": 1.0,
          "facts@10": 0.0
        },
        {
          "task_key": "fresh-eval-20eca31dff55",
          "n": 10,
          "pass@10": 0.0,
          "compile@10": 1.0,
          "facts@10": 0.0
        },
        {
          "task_key": "sigless_b78bd0013bcf",
          "n": 10,
          "pass@10": 0.0,
          "compile@10": 1.0,
          "facts@10": 0.0
        },
        {
          "task_key": "sigless_7db23ffcde5e",
          "n": 10,
          "pass@10": 0.0,
          "compile@10": 1.0,
          "facts@10": 0.0
        },
        {
          "task_key": "fresh-eval-db1c9d37ebf8",
          "n": 10,
          "pass@10": 0.0,
          "compile@10": 1.0,
          "facts@10": 0.0
        },
        {
          "task_key": "sigless_5dcafa4a6026",
          "n": 10,
          "pass@10": 0.0,
          "compile@10": 1.0,
          "facts@10": 0.0
        },
        {
          "task_key": "sigless_cb1e1ab1b986",
          "n": 10,
          "pass@10": 0.0,
          "compile@10": 1.0,
          "facts@10": 0.0
        },
        {
          "task_key": "sigless_72c3a51899c7",
          "n": 10,
          "pass@10": 0.0,
          "compile@10": 1.0,
          "facts@10": 0.0
        },
        {
          "task_key": "sigless_a87e2136d0c6",
          "n": 10,
          "pass@10": 0.0,
          "compile@10": 1.0,
          "facts@10": 0.0
        },
        {
          "task_key": "sigless_199d307b7dbc",
          "n": 10,
          "pass@10": 0.0,
          "compile@10": 1.0,
          "facts@10": 0.0
        },
        {
          "task_key": "sigless_d755c95628b6",
          "n": 10,
          "pass@10": 0.0,
          "compile@10": 1.0,
          "facts@10": 0.0
        },
        {
          "task_key": "sigless_c605b43fb3da",
          "n": 10,
          "pass@10": 0.0,
          "compile@10": 1.0,
          "facts@10": 0.0
        },
        {
          "task_key": "sigless_e4dd77a47000",
          "n": 10,
          "pass@10": 0.0,
          "compile@10": 1.0,
          "facts@10": 0.0
        },
        {
          "task_key": "sigless_0ef3e137e365",
          "n": 10,
          "pass@10": 0.0,
          "compile@10": 0.0,
          "facts@10": 0.0
        },
        {
          "task_key": "sigless_5b736efe012c",
          "n": 10,
          "pass@10": 0.0,
          "compile@10": 1.0,
          "facts@10": 0.0
        },
        {
          "task_key": "sigless_d9b785124cea",
          "n": 10,
          "pass@10": 0.0,
          "compile@10": 1.0,
          "facts@10": 0.0
        },
        {
          "task_key": "sigless_b713ac8fa47c",
          "n": 10,
          "pass@10": 0.0,
          "compile@10": 1.0,
          "facts@10": 0.0
        },
        {
          "task_key": "sigless_e4ad87e2dc28",
          "n": 10,
          "pass@10": 0.0,
          "compile@10": 1.0,
          "facts@10": 0.0
        },
        {
          "task_key": "sigless_d63d99e42b1e",
          "n": 10,
          "pass@10": 0.0,
          "compile@10": 1.0,
          "facts@10": 0.0
        },
        {
          "task_key": "sigless_4e0a56fb56e6",
          "n": 10,
          "pass@10": 0.0,
          "compile@10": 1.0,
          "facts@10": 0.0
        },
        {
          "task_key": "sigless_0fa66da98a61",
          "n": 10,
          "pass@10": 0.0,
          "compile@10": 1.0,
          "facts@10": 0.0
        },
        {
          "task_key": "fresh-eval-0f1a0e934a8b",
          "n": 10,
          "pass@10": 0.0,
          "compile@10": 1.0,
          "facts@10": 0.0
        },
        {
          "task_key": "fresh-eval-b9530aba7d83",
          "n": 10,
          "pass@10": 0.0,
          "compile@10": 1.0,
          "facts@10": 0.0
        },
        {
          "task_key": "sigless_5e31e535fb10",
          "n": 10,
          "pass@10": 0.0,
          "compile@10": 1.0,
          "facts@10": 0.0
        },
        {
          "task_key": "fresh-eval-8b39afe117f6",
          "n": 10,
          "pass@10": 0.0,
          "compile@10": 1.0,
          "facts@10": 0.0
        },
        {
          "task_key": "fresh-eval-90948503bce4",
          "n": 10,
          "pass@10": 0.0,
          "compile@10": 1.0,
          "facts@10": 0.0
        },
        {
          "task_key": "sigless_9b9bb406de24",
          "n": 10,
          "pass@10": 0.0,
          "compile@10": 1.0,
          "facts@10": 0.0
        },
        {
          "task_key": "sigless_1984f52c75fc",
          "n": 10,
          "pass@10": 0.0,
          "compile@10": 1.0,
          "facts@10": 0.0
        },
        {
          "task_key": "sigless_4925f435ada2",
          "n": 10,
          "pass@10": 0.0,
          "compile@10": 1.0,
          "facts@10": 0.0
        },
        {
          "task_key": "sigless_c8cd12a4878a",
          "n": 10,
          "pass@10": 0.0,
          "compile@10": 1.0,
          "facts@10": 0.0
        },
        {
          "task_key": "fresh-eval-54ac5ac3c5f1",
          "n": 10,
          "pass@10": 0.0,
          "compile@10": 1.0,
          "facts@10": 0.0
        },
        {
          "task_key": "sigless_1693a3e3a2e8",
          "n": 10,
          "pass@10": 0.0,
          "compile@10": 1.0,
          "facts@10": 0.0
        },
        {
          "task_key": "sigless_a99888b4928f",
          "n": 10,
          "pass@10": 0.0,
          "compile@10": 1.0,
          "facts@10": 0.0
        },
        {
          "task_key": "fresh-eval-15f749c4762c",
          "n": 10,
          "pass@10": 0.0,
          "compile@10": 1.0,
          "facts@10": 0.0
        },
        {
          "task_key": "sigless_f09040589b70",
          "n": 10,
          "pass@10": 0.0,
          "compile@10": 1.0,
          "facts@10": 0.0
        },
        {
          "task_key": "sigless_c0ee71b99722",
          "n": 10,
          "pass@10": 0.0,
          "compile@10": 1.0,
          "facts@10": 0.0
        },
        {
          "task_key": "fresh-eval-15d2e882070c",
          "n": 10,
          "pass@10": 0.0,
          "compile@10": 1.0,
          "facts@10": 0.0
        },
        {
          "task_key": "sigless_8273030bc1e6",
          "n": 10,
          "pass@10": 0.0,
          "compile@10": 1.0,
          "facts@10": 0.0
        },
        {
          "task_key": "fresh-eval-8d3826b6b462",
          "n": 10,
          "pass@10": 0.0,
          "compile@10": 1.0,
          "facts@10": 0.0
        },
        {
          "task_key": "sigless_c49bde778b8f",
          "n": 10,
          "pass@10": 0.0,
          "compile@10": 1.0,
          "facts@10": 0.0
        },
        {
          "task_key": "sigless_8183c505826b",
          "n": 10,
          "pass@10": 0.0,
          "compile@10": 1.0,
          "facts@10": 0.0
        },
        {
          "task_key": "sigless_0a90c0418a4f",
          "n": 10,
          "pass@10": 0.0,
          "compile@10": 1.0,
          "facts@10": 0.0
        },
        {
          "task_key": "sigless_7a80499c7147",
          "n": 10,
          "pass@10": 0.0,
          "compile@10": 1.0,
          "facts@10": 0.0
        },
        {
          "task_key": "sigless_12e1351b5ef2",
          "n": 10,
          "pass@10": 0.0,
          "compile@10": 0.0,
          "facts@10": 0.0
        },
        {
          "task_key": "sigless_bae0bbfd88eb",
          "n": 10,
          "pass@10": 0.0,
          "compile@10": 1.0,
          "facts@10": 0.0
        },
        {
          "task_key": "sigless_ff8780d0432b",
          "n": 10,
          "pass@10": 0.0,
          "compile@10": 1.0,
          "facts@10": 0.0
        },
        {
          "task_key": "sigless_5c825eae1054",
          "n": 10,
          "pass@10": 0.0,
          "compile@10": 1.0,
          "facts@10": 0.0
        },
        {
          "task_key": "sigless_69f557be81a9",
          "n": 10,
          "pass@10": 0.0,
          "compile@10": 1.0,
          "facts@10": 0.0
        },
        {
          "task_key": "sigless_6ba8dc9d0d72",
          "n": 10,
          "pass@10": 0.0,
          "compile@10": 1.0,
          "facts@10": 0.0
        },
        {
          "task_key": "sigless_15de438ccf60",
          "n": 10,
          "pass@10": 0.0,
          "compile@10": 1.0,
          "facts@10": 0.0
        },
        {
          "task_key": "sigless_46fa6dbba93e",
          "n": 10,
          "pass@10": 0.0,
          "compile@10": 1.0,
          "facts@10": 0.0
        },
        {
          "task_key": "sigless_840e554be8f4",
          "n": 10,
          "pass@10": 0.0,
          "compile@10": 1.0,
          "facts@10": 0.0
        },
        {
          "task_key": "fresh-eval-9b86c2bb59ad",
          "n": 10,
          "pass@10": 0.0,
          "compile@10": 1.0,
          "facts@10": 0.0
        },
        {
          "task_key": "fresh-eval-cd988749c2ed",
          "n": 10,
          "pass@10": 0.0,
          "compile@10": 1.0,
          "facts@10": 0.0
        },
        {
          "task_key": "sigless_9a6cfc51cfb1",
          "n": 10,
          "pass@10": 0.0,
          "compile@10": 1.0,
          "facts@10": 0.0
        },
        {
          "task_key": "sigless_d8ceeee8205e",
          "n": 10,
          "pass@10": 0.0,
          "compile@10": 1.0,
          "facts@10": 0.0
        },
        {
          "task_key": "fresh-eval-3bc9e02ef51c",
          "n": 10,
          "pass@10": 0.0,
          "compile@10": 1.0,
          "facts@10": 0.0
        },
        {
          "task_key": "sigless_d1d6a999b0a8",
          "n": 10,
          "pass@10": 0.0,
          "compile@10": 1.0,
          "facts@10": 0.0
        },
        {
          "task_key": "sigless_ca60dc9c2830",
          "n": 10,
          "pass@10": 0.0,
          "compile@10": 1.0,
          "facts@10": 0.0
        },
        {
          "task_key": "sigless_f96f9d5824bf",
          "n": 10,
          "pass@10": 0.0,
          "compile@10": 1.0,
          "facts@10": 0.0
        },
        {
          "task_key": "fresh-eval-9cae187763e9",
          "n": 10,
          "pass@10": 0.0,
          "compile@10": 1.0,
          "facts@10": 0.0
        },
        {
          "task_key": "sigless_c78f604fd997",
          "n": 10,
          "pass@10": 0.0,
          "compile@10": 1.0,
          "facts@10": 0.0
        },
        {
          "task_key": "fresh-eval-259e0d234fff",
          "n": 10,
          "pass@10": 0.0,
          "compile@10": 1.0,
          "facts@10": 0.0
        },
        {
          "task_key": "sigless_eca5b09b13b2",
          "n": 10,
          "pass@10": 0.0,
          "compile@10": 1.0,
          "facts@10": 0.0
        },
        {
          "task_key": "sigless_1481265a5721",
          "n": 10,
          "pass@10": 0.0,
          "compile@10": 1.0,
          "facts@10": 0.0
        },
        {
          "task_key": "sigless_7f399efa2389",
          "n": 10,
          "pass@10": 0.0,
          "compile@10": 1.0,
          "facts@10": 0.0
        },
        {
          "task_key": "sigless_540b304561eb",
          "n": 10,
          "pass@10": 0.0,
          "compile@10": 1.0,
          "facts@10": 0.0
        },
        {
          "task_key": "fresh-eval-0a1e12cbb772",
          "n": 10,
          "pass@10": 0.0,
          "compile@10": 1.0,
          "facts@10": 0.0
        },
        {
          "task_key": "sigless_f81c8acba2c3",
          "n": 10,
          "pass@10": 0.0,
          "compile@10": 1.0,
          "facts@10": 0.0
        },
        {
          "task_key": "fresh-eval-95c4400168be",
          "n": 10,
          "pass@10": 0.0,
          "compile@10": 1.0,
          "facts@10": 0.0
        },
        {
          "task_key": "sigless_407aec9f695f",
          "n": 10,
          "pass@10": 0.0,
          "compile@10": 1.0,
          "facts@10": 0.0
        },
        {
          "task_key": "sigless_244cd4a5c9ab",
          "n": 10,
          "pass@10": 0.0,
          "compile@10": 1.0,
          "facts@10": 0.0
        },
        {
          "task_key": "sigless_bf15319647bb",
          "n": 10,
          "pass@10": 0.0,
          "compile@10": 1.0,
          "facts@10": 0.0
        },
        {
          "task_key": "sigless_3bd0072c4aef",
          "n": 10,
          "pass@10": 0.0,
          "compile@10": 1.0,
          "facts@10": 0.0
        },
        {
          "task_key": "sigless_061736d04c3a",
          "n": 10,
          "pass@10": 0.0,
          "compile@10": 1.0,
          "facts@10": 0.0
        },
        {
          "task_key": "sigless_e0aaccb23f50",
          "n": 10,
          "pass@10": 0.0,
          "compile@10": 1.0,
          "facts@10": 0.0
        },
        {
          "task_key": "sigless_bb8311dd9e91",
          "n": 10,
          "pass@10": 0.0,
          "compile@10": 1.0,
          "facts@10": 0.0
        },
        {
          "task_key": "sigless_1977e1d5d104",
          "n": 10,
          "pass@10": 0.0,
          "compile@10": 1.0,
          "facts@10": 0.0
        },
        {
          "task_key": "fresh-eval-f1e83d15ffe6",
          "n": 10,
          "pass@10": 0.0,
          "compile@10": 1.0,
          "facts@10": 0.0
        },
        {
          "task_key": "fresh-eval-b57dba457d8a",
          "n": 10,
          "pass@10": 0.0,
          "compile@10": 1.0,
          "facts@10": 0.0
        },
        {
          "task_key": "sigless_26ecf2c4bd65",
          "n": 10,
          "pass@10": 0.0,
          "compile@10": 1.0,
          "facts@10": 0.0
        },
        {
          "task_key": "sigless_bc2189b66c38",
          "n": 10,
          "pass@10": 0.0,
          "compile@10": 1.0,
          "facts@10": 0.0
        },
        {
          "task_key": "sigless_a72cb3680f28",
          "n": 10,
          "pass@10": 0.0,
          "compile@10": 1.0,
          "facts@10": 0.0
        },
        {
          "task_key": "sigless_1ed317b810c5",
          "n": 10,
          "pass@10": 0.0,
          "compile@10": 1.0,
          "facts@10": 0.0
        },
        {
          "task_key": "fresh-eval-4beca065fb3c",
          "n": 10,
          "pass@10": 0.0,
          "compile@10": 1.0,
          "facts@10": 0.0
        },
        {
          "task_key": "sigless_838a165125d4",
          "n": 10,
          "pass@10": 0.0,
          "compile@10": 1.0,
          "facts@10": 0.0
        },
        {
          "task_key": "sigless_bb0dad11ee03",
          "n": 10,
          "pass@10": 0.0,
          "compile@10": 1.0,
          "facts@10": 0.0
        },
        {
          "task_key": "fresh-eval-156826da2b45",
          "n": 10,
          "pass@10": 0.0,
          "compile@10": 1.0,
          "facts@10": 0.0
        },
        {
          "task_key": "sigless_b35c138e42d8",
          "n": 10,
          "pass@10": 0.0,
          "compile@10": 1.0,
          "facts@10": 0.0
        },
        {
          "task_key": "sigless_3d92870d72ab",
          "n": 10,
          "pass@10": 0.0,
          "compile@10": 1.0,
          "facts@10": 0.0
        },
        {
          "task_key": "sigless_fd2a13dba135",
          "n": 10,
          "pass@10": 0.0,
          "compile@10": 1.0,
          "facts@10": 0.0
        },
        {
          "task_key": "fresh-eval-0fa5082cb193",
          "n": 10,
          "pass@10": 0.0,
          "compile@10": 1.0,
          "facts@10": 0.0
        },
        {
          "task_key": "sigless_c794ce262280",
          "n": 10,
          "pass@10": 0.0,
          "compile@10": 1.0,
          "facts@10": 0.0
        },
        {
          "task_key": "fresh-eval-a63eec4a6874",
          "n": 10,
          "pass@10": 0.0,
          "compile@10": 1.0,
          "facts@10": 0.0
        },
        {
          "task_key": "fresh-eval-e62f3194db5e",
          "n": 10,
          "pass@10": 0.0,
          "compile@10": 1.0,
          "facts@10": 0.0
        },
        {
          "task_key": "sigless_b0c0c83bfc3a",
          "n": 10,
          "pass@10": 0.0,
          "compile@10": 1.0,
          "facts@10": 0.0
        },
        {
          "task_key": "sigless_6b38756cbee9",
          "n": 10,
          "pass@10": 0.0,
          "compile@10": 1.0,
          "facts@10": 0.0
        },
        {
          "task_key": "fresh-eval-ee72aa55a6e9",
          "n": 10,
          "pass@10": 0.0,
          "compile@10": 1.0,
          "facts@10": 0.0
        },
        {
          "task_key": "sigless_af82a9f5a649",
          "n": 10,
          "pass@10": 0.0,
          "compile@10": 1.0,
          "facts@10": 0.0
        },
        {
          "task_key": "sigless_0a12e5411b43",
          "n": 10,
          "pass@10": 0.0,
          "compile@10": 1.0,
          "facts@10": 0.0
        },
        {
          "task_key": "sigless_bf330d99adb4",
          "n": 10,
          "pass@10": 1.0,
          "compile@10": 1.0,
          "facts@10": 0.0
        },
        {
          "task_key": "sigless_16cb5dcb886c",
          "n": 10,
          "pass@10": 0.0,
          "compile@10": 1.0,
          "facts@10": 0.0
        },
        {
          "task_key": "fresh-eval-793c5c66b141",
          "n": 10,
          "pass@10": 0.0,
          "compile@10": 1.0,
          "facts@10": 0.0
        },
        {
          "task_key": "fresh-eval-19c5f7771a5c",
          "n": 10,
          "pass@10": 0.0,
          "compile@10": 1.0,
          "facts@10": 0.0
        },
        {
          "task_key": "fresh-eval-de52958d917f",
          "n": 10,
          "pass@10": 0.0,
          "compile@10": 1.0,
          "facts@10": 0.0
        },
        {
          "task_key": "fresh-eval-273e281154a6",
          "n": 10,
          "pass@10": 0.0,
          "compile@10": 1.0,
          "facts@10": 0.0
        },
        {
          "task_key": "sigless_3aa721f415c9",
          "n": 10,
          "pass@10": 0.0,
          "compile@10": 1.0,
          "facts@10": 0.0
        },
        {
          "task_key": "sigless_025c93b21838",
          "n": 10,
          "pass@10": 0.0,
          "compile@10": 1.0,
          "facts@10": 0.0
        },
        {
          "task_key": "sigless_fd7f702e4e20",
          "n": 10,
          "pass@10": 0.0,
          "compile@10": 1.0,
          "facts@10": 0.0
        },
        {
          "task_key": "sigless_179318026249",
          "n": 10,
          "pass@10": 0.0,
          "compile@10": 1.0,
          "facts@10": 0.0
        },
        {
          "task_key": "sigless_9d6c88657376",
          "n": 10,
          "pass@10": 0.0,
          "compile@10": 1.0,
          "facts@10": 0.0
        },
        {
          "task_key": "sigless_b9647184c783",
          "n": 10,
          "pass@10": 0.0,
          "compile@10": 0.0,
          "facts@10": 0.0
        },
        {
          "task_key": "sigless_4d95c478d570",
          "n": 10,
          "pass@10": 0.0,
          "compile@10": 1.0,
          "facts@10": 0.0
        },
        {
          "task_key": "sigless_fa59a7d9c9c9",
          "n": 10,
          "pass@10": 0.0,
          "compile@10": 1.0,
          "facts@10": 0.0
        },
        {
          "task_key": "fresh-eval-f2cf42971dbc",
          "n": 10,
          "pass@10": 0.0,
          "compile@10": 1.0,
          "facts@10": 0.0
        },
        {
          "task_key": "sigless_6ea748306ca1",
          "n": 10,
          "pass@10": 0.0,
          "compile@10": 1.0,
          "facts@10": 0.0
        },
        {
          "task_key": "sigless_c62f1111423e",
          "n": 10,
          "pass@10": 0.0,
          "compile@10": 1.0,
          "facts@10": 0.0
        },
        {
          "task_key": "sigless_10d9b76c0dde",
          "n": 10,
          "pass@10": 0.0,
          "compile@10": 1.0,
          "facts@10": 0.0
        },
        {
          "task_key": "sigless_928b0ceba67d",
          "n": 10,
          "pass@10": 0.0,
          "compile@10": 1.0,
          "facts@10": 0.0
        },
        {
          "task_key": "sigless_0c3d4094de77",
          "n": 10,
          "pass@10": 0.0,
          "compile@10": 1.0,
          "facts@10": 0.0
        },
        {
          "task_key": "sigless_d7ff1b561c29",
          "n": 10,
          "pass@10": 0.0,
          "compile@10": 1.0,
          "facts@10": 0.0
        },
        {
          "task_key": "fresh-eval-b77541aa0761",
          "n": 10,
          "pass@10": 0.0,
          "compile@10": 1.0,
          "facts@10": 0.0
        },
        {
          "task_key": "sigless_77f1427cde4d",
          "n": 10,
          "pass@10": 0.0,
          "compile@10": 1.0,
          "facts@10": 0.0
        },
        {
          "task_key": "fresh-eval-5f20e3043a5c",
          "n": 10,
          "pass@10": 0.0,
          "compile@10": 1.0,
          "facts@10": 0.0
        },
        {
          "task_key": "sigless_fd5da24b466c",
          "n": 10,
          "pass@10": 0.0,
          "compile@10": 1.0,
          "facts@10": 0.0
        },
        {
          "task_key": "sigless_61a11fc0653a",
          "n": 10,
          "pass@10": 0.0,
          "compile@10": 1.0,
          "facts@10": 0.0
        },
        {
          "task_key": "sigless_76ce20e8f050",
          "n": 10,
          "pass@10": 0.0,
          "compile@10": 1.0,
          "facts@10": 0.0
        },
        {
          "task_key": "sigless_03598b765ca9",
          "n": 10,
          "pass@10": 0.0,
          "compile@10": 1.0,
          "facts@10": 0.0
        },
        {
          "task_key": "sigless_7403cc0ffd52",
          "n": 10,
          "pass@10": 0.0,
          "compile@10": 1.0,
          "facts@10": 0.0
        },
        {
          "task_key": "sigless_47874c2208f5",
          "n": 10,
          "pass@10": 0.0,
          "compile@10": 1.0,
          "facts@10": 0.0
        },
        {
          "task_key": "sigless_03bfa4b5c6bb",
          "n": 10,
          "pass@10": 0.0,
          "compile@10": 1.0,
          "facts@10": 0.0
        }
      ],
      "prediction_file": "/workspace/artifacts/hybrid_v2_3_s44/02a2_direct_control_long_eval/deployment_current.json"
    }
  },
  "statistical_tests": {},
  "statistical_configuration": {
    "task_is_resampling_unit": true,
    "bootstrap_iterations": 10000,
    "bootstrap_seed": 44,
    "confidence": 0.95,
    "one_sided_sign_test_alpha": 0.05,
    "minimum_causal_effective_pairs": 8,
    "minimum_deployment_effective_pairs": 8,
    "facts_statistics_required": false,
    "note": "The task bootstrap addresses finite held-out-task uncertainty. Multiple generation seeds are still recommended for final estimates."
  },
  "gates_percentage_points": {
    "causal_permutation_drop": null,
    "causal_null_drop": null,
    "facts_permutation_drop": null,
    "deployment_improvement": null
  },
  "thresholds_percentage_points": {
    "causal_permutation_observed_drop": 0.0,
    "causal_permutation_bootstrap_lower": 0.0,
    "causal_null_observed_drop": 0.0,
    "causal_null_bootstrap_lower": 0.0,
    "facts_permutation_observed_drop": 0.0,
    "facts_permutation_bootstrap_lower": 0.0,
    "deprecated_causal_task_losses": 0,
    "deployment_observed_improvement": null,
    "deployment_bootstrap_lower": null
  },
  "failures": []
}

[02b_graph_only_functional_gate] /venv/main/bin/python /workspace/scripts/evaluation/functional_graph_gate_antigravity.py --project_root /workspace --dataset /workspace/artifacts/hybrid_v2_3_s44/00_phase0/neutral_functional_eval.jsonl --checkpoint /workspace/artifacts/hybrid_v2_3_s44/01_graph_only_sft/pytorch_model.bin --output_dir /workspace/artifacts/hybrid_v2_3_s44/02b_graph_only_functional_gate --report /workspace/artifacts/hybrid_v2_3_s44/02b_graph_only_functional_gate/report.json --decoder_model Qwen/Qwen3-8B --decoder_revision '' --encoder_revision '' --seed 44 --num_samples 10 --k 10 --generation_batch_size 16 --max_new_tokens 3328 --decoder_prompt_max_length 3072 --causality_prompt_mode graph_only --performance_prompt_mode graph_only --no-run_deployment_arm --run_causality_arm --min_rows 96 --bootstrap_iterations 10000 --bootstrap_seed 44 --statistical_confidence 0.95 --max_sign_test_p_value 0.05 --min_causal_effective_pairs 8 --min_deployment_effective_pairs 8 --min_causal_permutation_ci_lower_pp 0.0 --min_causal_null_ci_lower_pp 0.0 --min_facts_permutation_ci_lower_pp 0.0 --min_deployment_ci_lower_pp 0.0 --no-require_facts_statistics --min_causal_permutation_drop_pp 0.0 --min_facts_permutation_drop_pp 0.0 --min_causal_task_losses 0 --min_deployment_improvement_pp 0.0 --load_4bit 0 --workers 16 --timeout 20

/venv/main/bin/python /workspace/scripts/evaluation/graph_inference_antigravity.py --dataset /workspace/artifacts/hybrid_v2_3_s44/00_phase0/neutral_functional_eval.jsonl --decoder_model Qwen/Qwen3-8B --checkpoint /workspace/artifacts/hybrid_v2_3_s44/01_graph_only_sft/pytorch_model.bin --output /workspace/artifacts/hybrid_v2_3_s44/02b_graph_only_functional_gate/causal_correct.json --num_samples 10 --generation_batch_size 16 --max_new_tokens 3328 --decoder_prompt_max_length 3072 --decoder_revision  --encoder_revision  --seed 44 --graph_input_ablation none --graph_ablation_seed 44
Loading weights:   0%|          | 0/197 [00:00<?, ?it/s]Loading weights: 100%|██████████| 197/197 [00:00<00:00, 50065.31it/s]
Decoder attention implementation: flash_attention_2
Loading weights:   0%|          | 0/399 [00:00<?, ?it/s]Loading weights: 100%|██████████| 399/399 [00:00<00:00, 7652.23it/s]
Enabled decoder gradient checkpointing.
Enabled Qwen graph glue: 64 learned prefix tokens, dynamic=1, gate_mode=scalar, gate_init=0.2
Qwen prefix RMS matching ON: target token RMS 0.022050
Froze LocalBlockEncoder weights
Applied PEFT LORA (r=64, alpha=128) to Decoder targets=['q_proj', 'k_proj', 'v_proj', 'o_proj', 'gate_proj', 'up_proj', 'down_proj']
loaded checkpoint: /workspace/artifacts/hybrid_v2_3_s44/01_graph_only_sft/pytorch_model.bin
Validated checkpoint architecture: recognised=565 missing_frozen=617 unexpected=0
Qwen graph prefix gate: 0.200031
Inference mode: decoder gradient checkpointing OFF; KV cache ON
generate:   0%|          | 0/490 [00:00<?, ?row/s]                                                  [1/490] generated 10 candidates
generate:   0%|          | 0/490 [00:27<?, ?row/s]generate:   0%|          | 1/490 [00:27<3:42:30, 27.30s/row]                                                            [2/490] generated 10 candidates
generate:   0%|          | 1/490 [00:40<3:42:30, 27.30s/row]generate:   0%|          | 2/490 [00:40<2:36:53, 19.29s/row]                                                            [3/490] generated 10 candidates
generate:   0%|          | 2/490 [01:05<2:36:53, 19.29s/row]generate:   1%|          | 3/490 [01:05<2:54:29, 21.50s/row]                                                            [4/490] generated 10 candidates
generate:   1%|          | 3/490 [01:28<2:54:29, 21.50s/row]generate:   1%|          | 4/490 [01:28<3:01:18, 22.38s/row]                                                            [5/490] generated 10 candidates
generate:   1%|          | 4/490 [01:49<3:01:18, 22.38s/row]generate:   1%|          | 5/490 [01:49<2:55:40, 21.73s/row]                                                            [6/490] generated 10 candidates
generate:   1%|          | 5/490 [02:02<2:55:40, 21.73s/row]generate:   1%|          | 6/490 [02:02<2:31:08, 18.74s/row]                                                            [7/490] generated 10 candidates
generate:   1%|          | 6/490 [02:25<2:31:08, 18.74s/row]generate:   1%|▏         | 7/490 [02:25<2:41:28, 20.06s/row]                                                            [8/490] generated 10 candidates
generate:   1%|▏         | 7/490 [02:52<2:41:28, 20.06s/row]generate:   2%|▏         | 8/490 [02:52<2:58:54, 22.27s/row]                                                            [9/490] generated 10 candidates
generate:   2%|▏         | 8/490 [03:10<2:58:54, 22.27s/row]generate:   2%|▏         | 9/490 [03:10<2:49:44, 21.17s/row]                                                            [10/490] generated 10 candidates
generate:   2%|▏         | 9/490 [04:10<2:49:44, 21.17s/row]generate:   2%|▏         | 10/490 [04:10<4:24:12, 33.03s/row]                                                             [11/490] generated 10 candidates
generate:   2%|▏         | 10/490 [04:27<4:24:12, 33.03s/row]generate:   2%|▏         | 11/490 [04:27<3:44:16, 28.09s/row]                                                             [12/490] generated 10 candidates
generate:   2%|▏         | 11/490 [04:55<3:44:16, 28.09s/row]generate:   2%|▏         | 12/490 [04:55<3:44:37, 28.20s/row]                                                             [13/490] generated 10 candidates
generate:   2%|▏         | 12/490 [05:44<3:44:37, 28.20s/row]generate:   3%|▎         | 13/490 [05:44<4:34:31, 34.53s/row]                                                             [14/490] generated 10 candidates
generate:   3%|▎         | 13/490 [06:26<4:34:31, 34.53s/row]generate:   3%|▎         | 14/490 [06:26<4:51:33, 36.75s/row]                                                             [15/490] generated 10 candidates
generate:   3%|▎         | 14/490 [06:41<4:51:33, 36.75s/row]generate:   3%|▎         | 15/490 [06:41<3:59:11, 30.21s/row]                                                             [16/490] generated 10 candidates
generate:   3%|▎         | 15/490 [07:05<3:59:11, 30.21s/row]generate:   3%|▎         | 16/490 [07:05<3:42:51, 28.21s/row]                                                             [17/490] generated 10 candidates
generate:   3%|▎         | 16/490 [07:26<3:42:51, 28.21s/row]generate:   3%|▎         | 17/490 [07:26<3:25:23, 26.05s/row]                                                             [18/490] generated 10 candidates
generate:   3%|▎         | 17/490 [07:40<3:25:23, 26.05s/row]generate:   4%|▎         | 18/490 [07:40<2:55:34, 22.32s/row]                                                             [19/490] generated 10 candidates
generate:   4%|▎         | 18/490 [08:02<2:55:34, 22.32s/row]generate:   4%|▍         | 19/490 [08:02<2:54:35, 22.24s/row]                                                             [20/490] generated 10 candidates
generate:   4%|▍         | 19/490 [08:32<2:54:35, 22.24s/row]generate:   4%|▍         | 20/490 [08:32<3:13:06, 24.65s/row]                                                             [21/490] generated 10 candidates
generate:   4%|▍         | 20/490 [09:30<3:13:06, 24.65s/row]generate:   4%|▍         | 21/490 [09:30<4:30:54, 34.66s/row]                                                             [22/490] generated 10 candidates
generate:   4%|▍         | 21/490 [09:49<4:30:54, 34.66s/row]generate:   4%|▍         | 22/490 [09:49<3:54:15, 30.03s/row]                                                             [23/490] generated 10 candidates
generate:   4%|▍         | 22/490 [10:00<3:54:15, 30.03s/row]generate:   5%|▍         | 23/490 [10:00<3:08:46, 24.25s/row]                                                             [24/490] generated 10 candidates
generate:   5%|▍         | 23/490 [10:11<3:08:46, 24.25s/row]generate:   5%|▍         | 24/490 [10:11<2:37:51, 20.32s/row]                                                             [25/490] generated 10 candidates
generate:   5%|▍         | 24/490 [10:34<2:37:51, 20.32s/row]generate:   5%|▌         | 25/490 [10:34<2:43:15, 21.07s/row]                                                             [26/490] generated 10 candidates
generate:   5%|▌         | 25/490 [10:48<2:43:15, 21.07s/row]generate:   5%|▌         | 26/490 [10:48<2:26:40, 18.97s/row]                                                             [27/490] generated 10 candidates
generate:   5%|▌         | 26/490 [11:11<2:26:40, 18.97s/row]generate:   6%|▌         | 27/490 [11:11<2:36:59, 20.35s/row]                                                             [28/490] generated 10 candidates
generate:   6%|▌         | 27/490 [11:21<2:36:59, 20.35s/row]generate:   6%|▌         | 28/490 [11:21<2:11:44, 17.11s/row]                                                             [29/490] generated 10 candidates
generate:   6%|▌         | 28/490 [11:41<2:11:44, 17.11s/row]generate:   6%|▌         | 29/490 [11:41<2:17:28, 17.89s/row]                                                             [30/490] generated 10 candidates
generate:   6%|▌         | 29/490 [12:07<2:17:28, 17.89s/row]generate:   6%|▌         | 30/490 [12:07<2:36:54, 20.47s/row]                                                             [31/490] generated 10 candidates
generate:   6%|▌         | 30/490 [12:22<2:36:54, 20.47s/row]generate:   6%|▋         | 31/490 [12:22<2:24:10, 18.85s/row]                                                             [32/490] generated 10 candidates
generate:   6%|▋         | 31/490 [12:51<2:24:10, 18.85s/row]generate:   7%|▋         | 32/490 [12:51<2:46:44, 21.84s/row]                                                             [33/490] generated 10 candidates
generate:   7%|▋         | 32/490 [13:07<2:46:44, 21.84s/row]generate:   7%|▋         | 33/490 [13:07<2:33:16, 20.12s/row]                                                             [34/490] generated 10 candidates
generate:   7%|▋         | 33/490 [13:39<2:33:16, 20.12s/row]generate:   7%|▋         | 34/490 [13:39<2:59:43, 23.65s/row]                                                             [35/490] generated 10 candidates
generate:   7%|▋         | 34/490 [14:14<2:59:43, 23.65s/row]generate:   7%|▋         | 35/490 [14:14<3:25:07, 27.05s/row]                                                             [36/490] generated 10 candidates
generate:   7%|▋         | 35/490 [14:41<3:25:07, 27.05s/row]generate:   7%|▋         | 36/490 [14:41<3:23:12, 26.86s/row]                                                             [37/490] generated 10 candidates
generate:   7%|▋         | 36/490 [14:56<3:23:12, 26.86s/row]generate:   8%|▊         | 37/490 [14:56<2:55:58, 23.31s/row]                                                             [38/490] generated 10 candidates
generate:   8%|▊         | 37/490 [15:28<2:55:58, 23.31s/row]generate:   8%|▊         | 38/490 [15:28<3:15:49, 26.00s/row]                                                             [39/490] generated 10 candidates
generate:   8%|▊         | 38/490 [16:09<3:15:49, 26.00s/row]generate:   8%|▊         | 39/490 [16:09<3:48:44, 30.43s/row]                                                             [40/490] generated 10 candidates
generate:   8%|▊         | 39/490 [16:43<3:48:44, 30.43s/row]generate:   8%|▊         | 40/490 [16:43<3:58:16, 31.77s/row]                                                             [41/490] generated 10 candidates
generate:   8%|▊         | 40/490 [18:01<3:58:16, 31.77s/row]generate:   8%|▊         | 41/490 [18:01<5:40:54, 45.56s/row]                                                             [42/490] generated 10 candidates
generate:   8%|▊         | 41/490 [18:29<5:40:54, 45.56s/row]generate:   9%|▊         | 42/490 [18:29<5:01:23, 40.36s/row]                                                             [43/490] generated 10 candidates
generate:   9%|▊         | 42/490 [18:47<5:01:23, 40.36s/row]generate:   9%|▉         | 43/490 [18:47<4:10:45, 33.66s/row]                                                             [44/490] generated 10 candidates
generate:   9%|▉         | 43/490 [19:06<4:10:45, 33.66s/row]generate:   9%|▉         | 44/490 [19:06<3:37:22, 29.24s/row]                                                             [45/490] generated 10 candidates
generate:   9%|▉         | 44/490 [19:22<3:37:22, 29.24s/row]generate:   9%|▉         | 45/490 [19:22<3:05:56, 25.07s/row]                                                             [46/490] generated 10 candidates
generate:   9%|▉         | 45/490 [19:42<3:05:56, 25.07s/row]generate:   9%|▉         | 46/490 [19:42<2:54:46, 23.62s/row]                                                             [47/490] generated 10 candidates
generate:   9%|▉         | 46/490 [20:11<2:54:46, 23.62s/row]generate:  10%|▉         | 47/490 [20:11<3:05:15, 25.09s/row]                                                             [48/490] generated 10 candidates
generate:  10%|▉         | 47/490 [20:29<3:05:15, 25.09s/row]generate:  10%|▉         | 48/490 [20:29<2:50:31, 23.15s/row]                                                             [49/490] generated 10 candidates
generate:  10%|▉         | 48/490 [20:51<2:50:31, 23.15s/row]generate:  10%|█         | 49/490 [20:51<2:47:16, 22.76s/row]                                                             [50/490] generated 10 candidates
generate:  10%|█         | 49/490 [21:17<2:47:16, 22.76s/row]generate:  10%|█         | 50/490 [21:17<2:54:31, 23.80s/row]                                                             [51/490] generated 10 candidates
generate:  10%|█         | 50/490 [21:47<2:54:31, 23.80s/row]generate:  10%|█         | 51/490 [21:47<3:07:47, 25.67s/row]                                                             [52/490] generated 10 candidates
generate:  10%|█         | 51/490 [22:25<3:07:47, 25.67s/row]generate:  11%|█         | 52/490 [22:25<3:33:26, 29.24s/row]                                                             [53/490] generated 10 candidates
generate:  11%|█         | 52/490 [22:36<3:33:26, 29.24s/row]generate:  11%|█         | 53/490 [22:36<2:53:58, 23.89s/row]                                                             [54/490] generated 10 candidates
generate:  11%|█         | 53/490 [22:50<2:53:58, 23.89s/row]generate:  11%|█         | 54/490 [22:50<2:31:16, 20.82s/row]                                                             [55/490] generated 10 candidates
generate:  11%|█         | 54/490 [23:03<2:31:16, 20.82s/row]generate:  11%|█         | 55/490 [23:03<2:14:41, 18.58s/row]                                                             [56/490] generated 10 candidates
generate:  11%|█         | 55/490 [23:42<2:14:41, 18.58s/row]generate:  11%|█▏        | 56/490 [23:42<2:58:24, 24.67s/row]                                                             [57/490] generated 10 candidates
generate:  11%|█▏        | 56/490 [24:01<2:58:24, 24.67s/row]generate:  12%|█▏        | 57/490 [24:01<2:44:45, 22.83s/row]                                                             [58/490] generated 10 candidates
generate:  12%|█▏        | 57/490 [24:28<2:44:45, 22.83s/row]generate:  12%|█▏        | 58/490 [24:28<2:53:10, 24.05s/row]                                                             [59/490] generated 10 candidates
generate:  12%|█▏        | 58/490 [24:49<2:53:10, 24.05s/row]generate:  12%|█▏        | 59/490 [24:49<2:46:39, 23.20s/row]                                                             [60/490] generated 10 candidates
generate:  12%|█▏        | 59/490 [25:25<2:46:39, 23.20s/row]generate:  12%|█▏        | 60/490 [25:25<3:14:19, 27.11s/row]                                                             [61/490] generated 10 candidates
generate:  12%|█▏        | 60/490 [26:06<3:14:19, 27.11s/row]generate:  12%|█▏        | 61/490 [26:06<3:43:16, 31.23s/row]                                                             [62/490] generated 10 candidates
generate:  12%|█▏        | 61/490 [26:28<3:43:16, 31.23s/row]generate:  13%|█▎        | 62/490 [26:28<3:23:54, 28.58s/row]                                                             [63/490] generated 10 candidates
generate:  13%|█▎        | 62/490 [26:51<3:23:54, 28.58s/row]generate:  13%|█▎        | 63/490 [26:51<3:11:07, 26.86s/row]                                                             [64/490] generated 10 candidates
generate:  13%|█▎        | 63/490 [27:10<3:11:07, 26.86s/row]generate:  13%|█▎        | 64/490 [27:10<2:53:20, 24.42s/row]                                                             [65/490] generated 10 candidates
generate:  13%|█▎        | 64/490 [27:45<2:53:20, 24.42s/row]generate:  13%|█▎        | 65/490 [27:45<3:15:16, 27.57s/row]                                                             [66/490] generated 10 candidates
generate:  13%|█▎        | 65/490 [28:00<3:15:16, 27.57s/row]generate:  13%|█▎        | 66/490 [28:00<2:49:33, 23.99s/row]                                                             [67/490] generated 10 candidates
generate:  13%|█▎        | 66/490 [28:23<2:49:33, 23.99s/row]generate:  14%|█▎        | 67/490 [28:23<2:46:38, 23.64s/row]                                                             [68/490] generated 10 candidates
generate:  14%|█▎        | 67/490 [29:13<2:46:38, 23.64s/row]generate:  14%|█▍        | 68/490 [29:13<3:41:43, 31.52s/row]                                                             [69/490] generated 10 candidates
generate:  14%|█▍        | 68/490 [29:33<3:41:43, 31.52s/row]generate:  14%|█▍        | 69/490 [29:33<3:15:58, 27.93s/row]                                                             [70/490] generated 10 candidates
generate:  14%|█▍        | 69/490 [30:09<3:15:58, 27.93s/row]generate:  14%|█▍        | 70/490 [30:09<3:33:41, 30.53s/row]                                                             [71/490] generated 10 candidates
generate:  14%|█▍        | 70/490 [30:49<3:33:41, 30.53s/row]generate:  14%|█▍        | 71/490 [30:49<3:52:54, 33.35s/row]                                                             [72/490] generated 10 candidates
generate:  14%|█▍        | 71/490 [31:10<3:52:54, 33.35s/row]generate:  15%|█▍        | 72/490 [31:10<3:25:40, 29.52s/row]                                                             [73/490] generated 10 candidates
generate:  15%|█▍        | 72/490 [31:35<3:25:40, 29.52s/row]generate:  15%|█▍        | 73/490 [31:35<3:16:01, 28.21s/row]                                                             [74/490] generated 10 candidates
generate:  15%|█▍        | 73/490 [32:03<3:16:01, 28.21s/row]generate:  15%|█▌        | 74/490 [32:03<3:15:32, 28.20s/row]                                                             [75/490] generated 10 candidates
generate:  15%|█▌        | 74/490 [32:34<3:15:32, 28.20s/row]generate:  15%|█▌        | 75/490 [32:34<3:21:41, 29.16s/row]                                                             [76/490] generated 10 candidates
generate:  15%|█▌        | 75/490 [32:55<3:21:41, 29.16s/row]generate:  16%|█▌        | 76/490 [32:55<3:02:41, 26.48s/row]                                                             [77/490] generated 10 candidates
generate:  16%|█▌        | 76/490 [33:11<3:02:41, 26.48s/row]generate:  16%|█▌        | 77/490 [33:11<2:41:43, 23.50s/row]                                                             [78/490] generated 10 candidates
generate:  16%|█▌        | 77/490 [33:27<2:41:43, 23.50s/row]generate:  16%|█▌        | 78/490 [33:27<2:25:52, 21.24s/row]                                                             [79/490] generated 10 candidates
generate:  16%|█▌        | 78/490 [33:44<2:25:52, 21.24s/row]generate:  16%|█▌        | 79/490 [33:44<2:15:28, 19.78s/row]                                                             [80/490] generated 10 candidates
generate:  16%|█▌        | 79/490 [34:00<2:15:28, 19.78s/row]generate:  16%|█▋        | 80/490 [34:00<2:07:58, 18.73s/row]                                                             [81/490] generated 10 candidates
generate:  16%|█▋        | 80/490 [34:31<2:07:58, 18.73s/row]generate:  17%|█▋        | 81/490 [34:31<2:33:22, 22.50s/row]                                                             [82/490] generated 10 candidates
generate:  17%|█▋        | 81/490 [35:20<2:33:22, 22.50s/row]generate:  17%|█▋        | 82/490 [35:20<3:27:16, 30.48s/row]                                                             [83/490] generated 10 candidates
generate:  17%|█▋        | 82/490 [35:48<3:27:16, 30.48s/row]generate:  17%|█▋        | 83/490 [35:48<3:20:34, 29.57s/row]                                                             [84/490] generated 10 candidates
generate:  17%|█▋        | 83/490 [36:18<3:20:34, 29.57s/row]generate:  17%|█▋        | 84/490 [36:18<3:22:08, 29.87s/row]                                                             [85/490] generated 10 candidates
generate:  17%|█▋        | 84/490 [36:31<3:22:08, 29.87s/row]generate:  17%|█▋        | 85/490 [36:31<2:46:03, 24.60s/row]                                                             [86/490] generated 10 candidates
generate:  17%|█▋        | 85/490 [40:53<2:46:03, 24.60s/row]generate:  18%|█▊        | 86/490 [40:53<10:45:26, 95.86s/row]                                                              [87/490] generated 10 candidates
generate:  18%|█▊        | 86/490 [41:10<10:45:26, 95.86s/row]generate:  18%|█▊        | 87/490 [41:10<8:06:01, 72.36s/row]                                                              [88/490] generated 10 candidates
generate:  18%|█▊        | 87/490 [41:25<8:06:01, 72.36s/row]generate:  18%|█▊        | 88/490 [41:25<6:08:11, 54.95s/row]                                                             [89/490] generated 10 candidates
generate:  18%|█▊        | 88/490 [41:54<6:08:11, 54.95s/row]generate:  18%|█▊        | 89/490 [41:54<5:15:53, 47.27s/row]                                                             [90/490] generated 10 candidates
generate:  18%|█▊        | 89/490 [42:13<5:15:53, 47.27s/row]generate:  18%|█▊        | 90/490 [42:13<4:19:10, 38.88s/row]                                                             [91/490] generated 10 candidates
generate:  18%|█▊        | 90/490 [43:39<4:19:10, 38.88s/row]generate:  19%|█▊        | 91/490 [43:39<5:52:39, 53.03s/row]                                                             [92/490] generated 10 candidates
generate:  19%|█▊        | 91/490 [43:59<5:52:39, 53.03s/row]generate:  19%|█▉        | 92/490 [43:59<4:45:12, 43.00s/row]                                                             [93/490] generated 10 candidates
generate:  19%|█▉        | 92/490 [44:25<4:45:12, 43.00s/row]generate:  19%|█▉        | 93/490 [44:25<4:10:23, 37.84s/row]                                                             [94/490] generated 10 candidates
generate:  19%|█▉        | 93/490 [45:39<4:10:23, 37.84s/row]generate:  19%|█▉        | 94/490 [45:39<5:22:11, 48.82s/row]                                                             [95/490] generated 10 candidates
generate:  19%|█▉        | 94/490 [46:20<5:22:11, 48.82s/row]generate:  19%|█▉        | 95/490 [46:20<5:06:26, 46.55s/row]                                                             [96/490] generated 10 candidates
generate:  19%|█▉        | 95/490 [46:43<5:06:26, 46.55s/row]generate:  20%|█▉        | 96/490 [46:43<4:18:06, 39.31s/row]                                                             [97/490] generated 10 candidates
generate:  20%|█▉        | 96/490 [46:58<4:18:06, 39.31s/row]generate:  20%|█▉        | 97/490 [46:58<3:29:57, 32.06s/row]                                                             [98/490] generated 10 candidates
generate:  20%|█▉        | 97/490 [47:26<3:29:57, 32.06s/row]generate:  20%|██        | 98/490 [47:26<3:21:31, 30.85s/row]                                                             [99/490] generated 10 candidates
generate:  20%|██        | 98/490 [47:48<3:21:31, 30.85s/row]generate:  20%|██        | 99/490 [47:48<3:03:30, 28.16s/row]                                                             [100/490] generated 10 candidates
generate:  20%|██        | 99/490 [48:11<3:03:30, 28.16s/row]generate:  20%|██        | 100/490 [48:11<2:52:27, 26.53s/row]                                                              [101/490] generated 10 candidates
generate:  20%|██        | 100/490 [48:38<2:52:27, 26.53s/row]generate:  21%|██        | 101/490 [48:38<2:53:27, 26.76s/row]                                                              [102/490] generated 10 candidates
generate:  21%|██        | 101/490 [48:57<2:53:27, 26.76s/row]generate:  21%|██        | 102/490 [48:57<2:38:48, 24.56s/row]                                                              [103/490] generated 10 candidates
generate:  21%|██        | 102/490 [49:47<2:38:48, 24.56s/row]generate:  21%|██        | 103/490 [49:47<3:26:34, 32.03s/row]                                                              [104/490] generated 10 candidates
generate:  21%|██        | 103/490 [50:12<3:26:34, 32.03s/row]generate:  21%|██        | 104/490 [50:12<3:12:21, 29.90s/row]                                                              [105/490] generated 10 candidates
generate:  21%|██        | 104/490 [50:45<3:12:21, 29.90s/row]generate:  21%|██▏       | 105/490 [50:45<3:19:26, 31.08s/row]                                                              [106/490] generated 10 candidates
generate:  21%|██▏       | 105/490 [51:10<3:19:26, 31.08s/row]generate:  22%|██▏       | 106/490 [51:10<3:07:07, 29.24s/row]                                                              [107/490] generated 10 candidates
generate:  22%|██▏       | 106/490 [52:02<3:07:07, 29.24s/row]generate:  22%|██▏       | 107/490 [52:02<3:50:00, 36.03s/row]                                                              [108/490] generated 10 candidates
generate:  22%|██▏       | 107/490 [52:23<3:50:00, 36.03s/row]generate:  22%|██▏       | 108/490 [52:23<3:19:39, 31.36s/row]                                                              [109/490] generated 10 candidates
generate:  22%|██▏       | 108/490 [52:53<3:19:39, 31.36s/row]generate:  22%|██▏       | 109/490 [52:53<3:16:55, 31.01s/row]                                                              [110/490] generated 10 candidates
generate:  22%|██▏       | 109/490 [53:16<3:16:55, 31.01s/row]generate:  22%|██▏       | 110/490 [53:16<3:01:43, 28.69s/row]                                                              [111/490] generated 10 candidates
generate:  22%|██▏       | 110/490 [53:43<3:01:43, 28.69s/row]generate:  23%|██▎       | 111/490 [53:43<2:57:15, 28.06s/row]                                                              [112/490] generated 10 candidates
generate:  23%|██▎       | 111/490 [53:58<2:57:15, 28.06s/row]generate:  23%|██▎       | 112/490 [53:58<2:33:21, 24.34s/row]                                                              [113/490] generated 10 candidates
generate:  23%|██▎       | 112/490 [54:13<2:33:21, 24.34s/row]generate:  23%|██▎       | 113/490 [54:13<2:14:52, 21.46s/row]                                                              [114/490] generated 10 candidates
generate:  23%|██▎       | 113/490 [54:41<2:14:52, 21.46s/row]generate:  23%|██▎       | 114/490 [54:41<2:26:13, 23.33s/row]                                                              [115/490] generated 10 candidates
generate:  23%|██▎       | 114/490 [55:22<2:26:13, 23.33s/row]generate:  23%|██▎       | 115/490 [55:22<2:58:43, 28.60s/row]                                                              [116/490] generated 10 candidates
generate:  23%|██▎       | 115/490 [55:49<2:58:43, 28.60s/row]generate:  24%|██▎       | 116/490 [55:49<2:55:41, 28.19s/row]                                                              [117/490] generated 10 candidates
generate:  24%|██▎       | 116/490 [56:11<2:55:41, 28.19s/row]generate:  24%|██▍       | 117/490 [56:11<2:44:22, 26.44s/row]                                                              [118/490] generated 10 candidates
generate:  24%|██▍       | 117/490 [56:29<2:44:22, 26.44s/row]generate:  24%|██▍       | 118/490 [56:29<2:28:10, 23.90s/row]                                                              [119/490] generated 10 candidates
generate:  24%|██▍       | 118/490 [56:49<2:28:10, 23.90s/row]generate:  24%|██▍       | 119/490 [56:49<2:19:10, 22.51s/row]                                                              [120/490] generated 10 candidates
generate:  24%|██▍       | 119/490 [57:04<2:19:10, 22.51s/row]generate:  24%|██▍       | 120/490 [57:04<2:05:22, 20.33s/row]                                                              [121/490] generated 10 candidates
generate:  24%|██▍       | 120/490 [57:24<2:05:22, 20.33s/row]generate:  25%|██▍       | 121/490 [57:24<2:04:46, 20.29s/row]                                                              [122/490] generated 10 candidates
generate:  25%|██▍       | 121/490 [57:53<2:04:46, 20.29s/row]generate:  25%|██▍       | 122/490 [57:53<2:20:45, 22.95s/row]                                                              [123/490] generated 10 candidates
generate:  25%|██▍       | 122/490 [1:02:15<2:20:45, 22.95s/row]generate:  25%|██▌       | 123/490 [1:02:15<9:39:19, 94.71s/row]                                                                [124/490] generated 10 candidates
generate:  25%|██▌       | 123/490 [1:02:39<9:39:19, 94.71s/row]generate:  25%|██▌       | 124/490 [1:02:39<7:28:22, 73.51s/row]                                                                [125/490] generated 10 candidates
generate:  25%|██▌       | 124/490 [1:02:55<7:28:22, 73.51s/row]generate:  26%|██▌       | 125/490 [1:02:55<5:42:05, 56.23s/row]                                                                [126/490] generated 10 candidates
generate:  26%|██▌       | 125/490 [1:03:15<5:42:05, 56.23s/row]generate:  26%|██▌       | 126/490 [1:03:15<4:34:16, 45.21s/row]                                                                [127/490] generated 10 candidates
generate:  26%|██▌       | 126/490 [1:03:44<4:34:16, 45.21s/row]generate:  26%|██▌       | 127/490 [1:03:44<4:04:26, 40.40s/row]                                                                [128/490] generated 10 candidates
generate:  26%|██▌       | 127/490 [1:04:01<4:04:26, 40.40s/row]generate:  26%|██▌       | 128/490 [1:04:01<3:21:50, 33.45s/row]                                                                [129/490] generated 10 candidates
generate:  26%|██▌       | 128/490 [1:04:20<3:21:50, 33.45s/row]generate:  26%|██▋       | 129/490 [1:04:20<2:55:15, 29.13s/row]                                                                [130/490] generated 10 candidates
generate:  26%|██▋       | 129/490 [1:04:42<2:55:15, 29.13s/row]generate:  27%|██▋       | 130/490 [1:04:42<2:41:23, 26.90s/row]                                                                [131/490] generated 10 candidates
generate:  27%|██▋       | 130/490 [1:04:59<2:41:23, 26.90s/row]generate:  27%|██▋       | 131/490 [1:04:59<2:22:55, 23.89s/row]                                                                [132/490] generated 10 candidates
generate:  27%|██▋       | 131/490 [1:05:52<2:22:55, 23.89s/row]generate:  27%|██▋       | 132/490 [1:05:52<3:14:37, 32.62s/row]                                                                [133/490] generated 10 candidates
generate:  27%|██▋       | 132/490 [1:06:34<3:14:37, 32.62s/row]generate:  27%|██▋       | 133/490 [1:06:34<3:30:55, 35.45s/row]                                                                [134/490] generated 10 candidates
generate:  27%|██▋       | 133/490 [1:08:05<3:30:55, 35.45s/row]generate:  27%|██▋       | 134/490 [1:08:05<5:09:11, 52.11s/row]                                                                [135/490] generated 10 candidates
generate:  27%|██▋       | 134/490 [1:08:31<5:09:11, 52.11s/row]generate:  28%|██▊       | 135/490 [1:08:31<4:22:28, 44.36s/row]                                                                [136/490] generated 10 candidates
generate:  28%|██▊       | 135/490 [1:08:53<4:22:28, 44.36s/row]generate:  28%|██▊       | 136/490 [1:08:53<3:41:03, 37.47s/row]                                                                [137/490] generated 10 candidates
generate:  28%|██▊       | 136/490 [1:09:06<3:41:03, 37.47s/row]generate:  28%|██▊       | 137/490 [1:09:06<2:57:12, 30.12s/row]                                                                [138/490] generated 10 candidates
generate:  28%|██▊       | 137/490 [1:10:00<2:57:12, 30.12s/row]generate:  28%|██▊       | 138/490 [1:10:00<3:38:43, 37.28s/row]                                                                [139/490] generated 10 candidates
generate:  28%|██▊       | 138/490 [1:10:27<3:38:43, 37.28s/row]generate:  28%|██▊       | 139/490 [1:10:27<3:20:03, 34.20s/row]                                                                [140/490] generated 10 candidates
generate:  28%|██▊       | 139/490 [1:11:05<3:20:03, 34.20s/row]generate:  29%|██▊       | 140/490 [1:11:05<3:26:20, 35.37s/row]                                                                [141/490] generated 10 candidates
generate:  29%|██▊       | 140/490 [1:11:24<3:26:20, 35.37s/row]generate:  29%|██▉       | 141/490 [1:11:24<2:58:20, 30.66s/row]                                                                [142/490] generated 10 candidates
generate:  29%|██▉       | 141/490 [1:11:56<2:58:20, 30.66s/row]generate:  29%|██▉       | 142/490 [1:11:56<3:00:23, 31.10s/row]                                                                [143/490] generated 10 candidates
generate:  29%|██▉       | 142/490 [1:12:40<3:00:23, 31.10s/row]generate:  29%|██▉       | 143/490 [1:12:40<3:21:29, 34.84s/row]                                                                [144/490] generated 10 candidates
generate:  29%|██▉       | 143/490 [1:13:01<3:21:29, 34.84s/row]generate:  29%|██▉       | 144/490 [1:13:01<2:57:43, 30.82s/row]                                                                [145/490] generated 10 candidates
generate:  29%|██▉       | 144/490 [1:13:29<2:57:43, 30.82s/row]generate:  30%|██▉       | 145/490 [1:13:29<2:51:48, 29.88s/row]                                                                [146/490] generated 10 candidates
generate:  30%|██▉       | 145/490 [1:13:59<2:51:48, 29.88s/row]generate:  30%|██▉       | 146/490 [1:13:59<2:51:56, 29.99s/row]                                                                [147/490] generated 10 candidates
generate:  30%|██▉       | 146/490 [1:14:23<2:51:56, 29.99s/row]generate:  30%|███       | 147/490 [1:14:23<2:40:39, 28.10s/row]                                                                [148/490] generated 10 candidates
generate:  30%|███       | 147/490 [1:14:40<2:40:39, 28.10s/row]generate:  30%|███       | 148/490 [1:14:40<2:20:42, 24.69s/row]                                                                [149/490] generated 10 candidates
generate:  30%|███       | 148/490 [1:15:25<2:20:42, 24.69s/row]generate:  30%|███       | 149/490 [1:15:25<2:54:41, 30.74s/row]                                                                [150/490] generated 10 candidates
generate:  30%|███       | 149/490 [1:19:46<2:54:41, 30.74s/row]generate:  31%|███       | 150/490 [1:19:46<9:25:33, 99.80s/row]                                                                [151/490] generated 10 candidates
generate:  31%|███       | 150/490 [1:20:06<9:25:33, 99.80s/row]generate:  31%|███       | 151/490 [1:20:06<7:09:18, 75.98s/row]                                                                [152/490] generated 10 candidates
generate:  31%|███       | 151/490 [1:20:30<7:09:18, 75.98s/row]generate:  31%|███       | 152/490 [1:20:30<5:39:47, 60.32s/row]                                                                [153/490] generated 10 candidates
generate:  31%|███       | 152/490 [1:20:42<5:39:47, 60.32s/row]generate:  31%|███       | 153/490 [1:20:42<4:17:39, 45.88s/row]                                                                [154/490] generated 10 candidates
generate:  31%|███       | 153/490 [1:21:26<4:17:39, 45.88s/row]generate:  31%|███▏      | 154/490 [1:21:26<4:13:21, 45.24s/row]                                                                [155/490] generated 10 candidates
generate:  31%|███▏      | 154/490 [1:21:34<4:13:21, 45.24s/row]generate:  32%|███▏      | 155/490 [1:21:34<3:11:24, 34.28s/row]                                                                [156/490] generated 10 candidates
generate:  32%|███▏      | 155/490 [1:22:08<3:11:24, 34.28s/row]generate:  32%|███▏      | 156/490 [1:22:08<3:10:19, 34.19s/row]                                                                [157/490] generated 10 candidates
generate:  32%|███▏      | 156/490 [1:23:09<3:10:19, 34.19s/row]generate:  32%|███▏      | 157/490 [1:23:09<3:53:45, 42.12s/row]                                                                [158/490] generated 10 candidates
generate:  32%|███▏      | 157/490 [1:23:43<3:53:45, 42.12s/row]generate:  32%|███▏      | 158/490 [1:23:43<3:38:49, 39.55s/row]                                                                [159/490] generated 10 candidates
generate:  32%|███▏      | 158/490 [1:24:05<3:38:49, 39.55s/row]generate:  32%|███▏      | 159/490 [1:24:05<3:09:03, 34.27s/row]                                                                [160/490] generated 10 candidates
generate:  32%|███▏      | 159/490 [1:24:17<3:09:03, 34.27s/row]generate:  33%|███▎      | 160/490 [1:24:17<2:31:45, 27.59s/row]                                                                [161/490] generated 10 candidates
generate:  33%|███▎      | 160/490 [1:24:43<2:31:45, 27.59s/row]generate:  33%|███▎      | 161/490 [1:24:43<2:28:54, 27.16s/row]                                                                [162/490] generated 10 candidates
generate:  33%|███▎      | 161/490 [1:25:04<2:28:54, 27.16s/row]generate:  33%|███▎      | 162/490 [1:25:04<2:18:46, 25.39s/row]                                                                [163/490] generated 10 candidates
generate:  33%|███▎      | 162/490 [1:29:28<2:18:46, 25.39s/row]generate:  33%|███▎      | 163/490 [1:29:28<8:47:49, 96.85s/row]                                                                [164/490] generated 10 candidates
generate:  33%|███▎      | 163/490 [1:29:45<8:47:49, 96.85s/row]generate:  33%|███▎      | 164/490 [1:29:45<6:36:04, 72.90s/row]                                                                [165/490] generated 10 candidates
generate:  33%|███▎      | 164/490 [1:30:07<6:36:04, 72.90s/row]generate:  34%|███▎      | 165/490 [1:30:07<5:12:28, 57.69s/row]                                                                [166/490] generated 10 candidates
generate:  34%|███▎      | 165/490 [1:30:24<5:12:28, 57.69s/row]generate:  34%|███▍      | 166/490 [1:30:24<4:05:26, 45.45s/row]                                                                [167/490] generated 10 candidates
generate:  34%|███▍      | 166/490 [1:30:37<4:05:26, 45.45s/row]generate:  34%|███▍      | 167/490 [1:30:37<3:12:49, 35.82s/row]                                                                [168/490] generated 10 candidates
generate:  34%|███▍      | 167/490 [1:31:15<3:12:49, 35.82s/row]generate:  34%|███▍      | 168/490 [1:31:15<3:15:51, 36.50s/row]                                                                [169/490] generated 10 candidates
generate:  34%|███▍      | 168/490 [1:31:30<3:15:51, 36.50s/row]generate:  34%|███▍      | 169/490 [1:31:30<2:40:18, 29.96s/row]                                                                [170/490] generated 10 candidates
generate:  34%|███▍      | 169/490 [1:32:04<2:40:18, 29.96s/row]generate:  35%|███▍      | 170/490 [1:32:04<2:46:56, 31.30s/row]                                                                [171/490] generated 10 candidates
generate:  35%|███▍      | 170/490 [1:32:36<2:46:56, 31.30s/row]generate:  35%|███▍      | 171/490 [1:32:36<2:47:51, 31.57s/row]                                                                [172/490] generated 10 candidates
generate:  35%|███▍      | 171/490 [1:32:58<2:47:51, 31.57s/row]generate:  35%|███▌      | 172/490 [1:32:58<2:31:07, 28.51s/row]                                                                [173/490] generated 10 candidates
generate:  35%|███▌      | 172/490 [1:33:11<2:31:07, 28.51s/row]generate:  35%|███▌      | 173/490 [1:33:11<2:06:39, 23.97s/row]                                                                [174/490] generated 10 candidates
generate:  35%|███▌      | 173/490 [1:33:38<2:06:39, 23.97s/row]generate:  36%|███▌      | 174/490 [1:33:38<2:10:01, 24.69s/row]                                                                [175/490] generated 10 candidates
generate:  36%|███▌      | 174/490 [1:34:00<2:10:01, 24.69s/row]generate:  36%|███▌      | 175/490 [1:34:00<2:05:58, 23.99s/row]                                                                [176/490] generated 10 candidates
generate:  36%|███▌      | 175/490 [1:34:20<2:05:58, 23.99s/row]generate:  36%|███▌      | 176/490 [1:34:20<2:00:13, 22.97s/row]                                                                [177/490] generated 10 candidates
generate:  36%|███▌      | 176/490 [1:35:33<2:00:13, 22.97s/row]generate:  36%|███▌      | 177/490 [1:35:33<3:17:24, 37.84s/row]                                                                [178/490] generated 10 candidates
generate:  36%|███▌      | 177/490 [1:35:58<3:17:24, 37.84s/row]generate:  36%|███▋      | 178/490 [1:35:58<2:56:24, 33.93s/row]                                                                [179/490] generated 10 candidates
generate:  36%|███▋      | 178/490 [1:36:45<2:56:24, 33.93s/row]generate:  37%|███▋      | 179/490 [1:36:45<3:16:47, 37.97s/row]                                                                [180/490] generated 10 candidates
generate:  37%|███▋      | 179/490 [1:37:09<3:16:47, 37.97s/row]generate:  37%|███▋      | 180/490 [1:37:09<2:53:53, 33.66s/row]                                                                [181/490] generated 10 candidates
generate:  37%|███▋      | 180/490 [1:38:00<2:53:53, 33.66s/row]generate:  37%|███▋      | 181/490 [1:38:00<3:21:12, 39.07s/row]                                                                [182/490] generated 10 candidates
generate:  37%|███▋      | 181/490 [1:38:43<3:21:12, 39.07s/row]generate:  37%|███▋      | 182/490 [1:38:43<3:25:25, 40.02s/row]                                                                [183/490] generated 10 candidates
generate:  37%|███▋      | 182/490 [1:38:59<3:25:25, 40.02s/row]generate:  37%|███▋      | 183/490 [1:38:59<2:48:15, 32.88s/row]                                                                [184/490] generated 10 candidates
generate:  37%|███▋      | 183/490 [1:39:19<2:48:15, 32.88s/row]generate:  38%|███▊      | 184/490 [1:39:19<2:28:29, 29.12s/row]                                                                [185/490] generated 10 candidates
generate:  38%|███▊      | 184/490 [1:40:26<2:28:29, 29.12s/row]generate:  38%|███▊      | 185/490 [1:40:26<3:24:51, 40.30s/row]                                                                [186/490] generated 10 candidates
generate:  38%|███▊      | 185/490 [1:44:50<3:24:51, 40.30s/row]generate:  38%|███▊      | 186/490 [1:44:50<9:05:04, 107.58s/row]                                                                 [187/490] generated 10 candidates
generate:  38%|███▊      | 186/490 [1:45:18<9:05:04, 107.58s/row]generate:  38%|███▊      | 187/490 [1:45:18<7:01:39, 83.50s/row]                                                                 [188/490] generated 10 candidates
generate:  38%|███▊      | 187/490 [1:45:34<7:01:39, 83.50s/row]generate:  38%|███▊      | 188/490 [1:45:34<5:19:12, 63.42s/row]                                                                [189/490] generated 10 candidates
generate:  38%|███▊      | 188/490 [1:45:46<5:19:12, 63.42s/row]generate:  39%|███▊      | 189/490 [1:45:46<4:00:37, 47.97s/row]                                                                [190/490] generated 10 candidates
generate:  39%|███▊      | 189/490 [1:46:00<4:00:37, 47.97s/row]generate:  39%|███▉      | 190/490 [1:46:00<3:08:36, 37.72s/row]                                                                [191/490] generated 10 candidates
generate:  39%|███▉      | 190/490 [1:46:19<3:08:36, 37.72s/row]generate:  39%|███▉      | 191/490 [1:46:19<2:40:31, 32.21s/row]                                                                [192/490] generated 10 candidates
generate:  39%|███▉      | 191/490 [1:47:11<2:40:31, 32.21s/row]generate:  39%|███▉      | 192/490 [1:47:11<3:08:35, 37.97s/row]                                                                [193/490] generated 10 candidates
generate:  39%|███▉      | 192/490 [1:47:48<3:08:35, 37.97s/row]generate:  39%|███▉      | 193/490 [1:47:48<3:06:40, 37.71s/row]                                                                [194/490] generated 10 candidates
generate:  39%|███▉      | 193/490 [1:48:14<3:06:40, 37.71s/row]generate:  40%|███▉      | 194/490 [1:48:14<2:48:49, 34.22s/row]                                                                [195/490] generated 10 candidates
generate:  40%|███▉      | 194/490 [1:48:33<2:48:49, 34.22s/row]generate:  40%|███▉      | 195/490 [1:48:33<2:25:35, 29.61s/row]                                                                [196/490] generated 10 candidates
generate:  40%|███▉      | 195/490 [1:48:50<2:25:35, 29.61s/row]generate:  40%|████      | 196/490 [1:48:50<2:07:44, 26.07s/row]                                                                [197/490] generated 10 candidates
generate:  40%|████      | 196/490 [1:49:07<2:07:44, 26.07s/row]generate:  40%|████      | 197/490 [1:49:07<1:53:56, 23.33s/row]                                                                [198/490] generated 10 candidates
generate:  40%|████      | 197/490 [1:49:40<1:53:56, 23.33s/row]generate:  40%|████      | 198/490 [1:49:40<2:06:32, 26.00s/row]                                                                [199/490] generated 10 candidates
generate:  40%|████      | 198/490 [1:50:09<2:06:32, 26.00s/row]generate:  41%|████      | 199/490 [1:50:09<2:11:27, 27.10s/row]                                                                [200/490] generated 10 candidates
generate:  41%|████      | 199/490 [1:50:45<2:11:27, 27.10s/row]generate:  41%|████      | 200/490 [1:50:45<2:24:04, 29.81s/row]                                                                [201/490] generated 10 candidates
generate:  41%|████      | 200/490 [1:50:59<2:24:04, 29.81s/row]generate:  41%|████      | 201/490 [1:50:59<2:00:29, 25.01s/row]                                                                [202/490] generated 10 candidates
generate:  41%|████      | 201/490 [1:52:10<2:00:29, 25.01s/row]generate:  41%|████      | 202/490 [1:52:10<3:06:18, 38.81s/row]                                                                [203/490] generated 10 candidates
generate:  41%|████      | 202/490 [1:52:23<3:06:18, 38.81s/row]generate:  41%|████▏     | 203/490 [1:52:23<2:27:34, 30.85s/row]                                                                [204/490] generated 10 candidates
generate:  41%|████▏     | 203/490 [1:53:08<2:27:34, 30.85s/row]generate:  42%|████▏     | 204/490 [1:53:08<2:47:21, 35.11s/row]                                                                [205/490] generated 10 candidates
generate:  42%|████▏     | 204/490 [1:53:23<2:47:21, 35.11s/row]generate:  42%|████▏     | 205/490 [1:53:23<2:18:41, 29.20s/row]                                                                [206/490] generated 10 candidates
generate:  42%|████▏     | 205/490 [1:54:09<2:18:41, 29.20s/row]generate:  42%|████▏     | 206/490 [1:54:09<2:42:29, 34.33s/row]                                                                [207/490] generated 10 candidates
generate:  42%|████▏     | 206/490 [1:54:31<2:42:29, 34.33s/row]generate:  42%|████▏     | 207/490 [1:54:31<2:23:44, 30.47s/row]                                                                [208/490] generated 10 candidates
generate:  42%|████▏     | 207/490 [1:54:45<2:23:44, 30.47s/row]generate:  42%|████▏     | 208/490 [1:54:45<2:00:01, 25.54s/row]                                                                [209/490] generated 10 candidates
generate:  42%|████▏     | 208/490 [1:55:47<2:00:01, 25.54s/row]generate:  43%|████▎     | 209/490 [1:55:47<2:50:27, 36.40s/row]                                                                [210/490] generated 10 candidates
generate:  43%|████▎     | 209/490 [1:56:23<2:50:27, 36.40s/row]generate:  43%|████▎     | 210/490 [1:56:23<2:50:17, 36.49s/row]                                                                [211/490] generated 10 candidates
generate:  43%|████▎     | 210/490 [1:56:41<2:50:17, 36.49s/row]generate:  43%|████▎     | 211/490 [1:56:41<2:23:52, 30.94s/row]                                                                [212/490] generated 10 candidates
generate:  43%|████▎     | 211/490 [1:57:18<2:23:52, 30.94s/row]generate:  43%|████▎     | 212/490 [1:57:18<2:31:44, 32.75s/row]                                                                [213/490] generated 10 candidates
generate:  43%|████▎     | 212/490 [1:57:34<2:31:44, 32.75s/row]generate:  43%|████▎     | 213/490 [1:57:34<2:07:06, 27.53s/row]                                                                [214/490] generated 10 candidates
generate:  43%|████▎     | 213/490 [1:58:16<2:07:06, 27.53s/row]generate:  44%|████▎     | 214/490 [1:58:16<2:26:36, 31.87s/row]                                                                [215/490] generated 10 candidates
generate:  44%|████▎     | 214/490 [1:58:50<2:26:36, 31.87s/row]generate:  44%|████▍     | 215/490 [1:58:50<2:29:21, 32.59s/row]                                                                [216/490] generated 10 candidates
generate:  44%|████▍     | 215/490 [1:59:20<2:29:21, 32.59s/row]generate:  44%|████▍     | 216/490 [1:59:20<2:25:05, 31.77s/row]                                                                [217/490] generated 10 candidates
generate:  44%|████▍     | 216/490 [1:59:42<2:25:05, 31.77s/row]generate:  44%|████▍     | 217/490 [1:59:42<2:11:50, 28.98s/row]                                                                [218/490] generated 10 candidates
generate:  44%|████▍     | 217/490 [2:00:12<2:11:50, 28.98s/row]generate:  44%|████▍     | 218/490 [2:00:12<2:13:02, 29.35s/row]                                                                [219/490] generated 10 candidates
generate:  44%|████▍     | 218/490 [2:00:37<2:13:02, 29.35s/row]generate:  45%|████▍     | 219/490 [2:00:37<2:06:22, 27.98s/row]                                                                [220/490] generated 10 candidates
generate:  45%|████▍     | 219/490 [2:00:56<2:06:22, 27.98s/row]generate:  45%|████▍     | 220/490 [2:00:56<1:53:05, 25.13s/row]                                                                [221/490] generated 10 candidates
generate:  45%|████▍     | 220/490 [2:01:13<1:53:05, 25.13s/row]generate:  45%|████▌     | 221/490 [2:01:13<1:41:37, 22.67s/row]                                                                [222/490] generated 10 candidates
generate:  45%|████▌     | 221/490 [2:01:30<1:41:37, 22.67s/row]generate:  45%|████▌     | 222/490 [2:01:30<1:33:57, 21.04s/row]                                                                [223/490] generated 10 candidates
generate:  45%|████▌     | 222/490 [2:01:43<1:33:57, 21.04s/row]generate:  46%|████▌     | 223/490 [2:01:43<1:23:05, 18.67s/row]                                                                [224/490] generated 10 candidates
generate:  46%|████▌     | 223/490 [2:02:02<1:23:05, 18.67s/row]generate:  46%|████▌     | 224/490 [2:02:02<1:22:39, 18.64s/row]                                                                [225/490] generated 10 candidates
generate:  46%|████▌     | 224/490 [2:02:18<1:22:39, 18.64s/row]generate:  46%|████▌     | 225/490 [2:02:18<1:19:29, 18.00s/row]                                                                [226/490] generated 10 candidates
generate:  46%|████▌     | 225/490 [2:02:30<1:19:29, 18.00s/row]generate:  46%|████▌     | 226/490 [2:02:30<1:11:13, 16.19s/row]                                                                [227/490] generated 10 candidates
generate:  46%|████▌     | 226/490 [2:03:02<1:11:13, 16.19s/row]generate:  46%|████▋     | 227/490 [2:03:02<1:31:12, 20.81s/row]                                                                [228/490] generated 10 candidates
generate:  46%|████▋     | 227/490 [2:04:18<1:31:12, 20.81s/row]generate:  47%|████▋     | 228/490 [2:04:18<2:43:56, 37.54s/row]                                                                [229/490] generated 10 candidates
generate:  47%|████▋     | 228/490 [2:04:37<2:43:56, 37.54s/row]generate:  47%|████▋     | 229/490 [2:04:37<2:18:56, 31.94s/row]                                                                [230/490] generated 10 candidates
generate:  47%|████▋     | 229/490 [2:05:24<2:18:56, 31.94s/row]generate:  47%|████▋     | 230/490 [2:05:24<2:38:32, 36.59s/row]                                                                [231/490] generated 10 candidates
generate:  47%|████▋     | 230/490 [2:05:52<2:38:32, 36.59s/row]generate:  47%|████▋     | 231/490 [2:05:52<2:25:39, 33.74s/row]                                                                [232/490] generated 10 candidates
generate:  47%|████▋     | 231/490 [2:06:13<2:25:39, 33.74s/row]generate:  47%|████▋     | 232/490 [2:06:13<2:09:09, 30.04s/row]                                                                [233/490] generated 10 candidates
generate:  47%|████▋     | 232/490 [2:06:27<2:09:09, 30.04s/row]generate:  48%|████▊     | 233/490 [2:06:27<1:47:40, 25.14s/row]                                                                [234/490] generated 10 candidates
generate:  48%|████▊     | 233/490 [2:07:23<1:47:40, 25.14s/row]generate:  48%|████▊     | 234/490 [2:07:23<2:27:28, 34.56s/row]                                                                [235/490] generated 10 candidates
generate:  48%|████▊     | 234/490 [2:07:59<2:27:28, 34.56s/row]generate:  48%|████▊     | 235/490 [2:07:59<2:28:06, 34.85s/row]                                                                [236/490] generated 10 candidates
generate:  48%|████▊     | 235/490 [2:08:21<2:28:06, 34.85s/row]generate:  48%|████▊     | 236/490 [2:08:21<2:11:24, 31.04s/row]                                                                [237/490] generated 10 candidates
generate:  48%|████▊     | 236/490 [2:08:40<2:11:24, 31.04s/row]generate:  48%|████▊     | 237/490 [2:08:40<1:55:17, 27.34s/row]                                                                [238/490] generated 10 candidates
generate:  48%|████▊     | 237/490 [2:09:07<1:55:17, 27.34s/row]generate:  49%|████▊     | 238/490 [2:09:07<1:54:37, 27.29s/row]                                                                [239/490] generated 10 candidates
generate:  49%|████▊     | 238/490 [2:09:36<1:54:37, 27.29s/row]generate:  49%|████▉     | 239/490 [2:09:36<1:56:29, 27.85s/row]                                                                [240/490] generated 10 candidates
generate:  49%|████▉     | 239/490 [2:14:03<1:56:29, 27.85s/row]generate:  49%|████▉     | 240/490 [2:14:03<6:55:16, 99.67s/row]                                                                [241/490] generated 10 candidates
generate:  49%|████▉     | 240/490 [2:14:17<6:55:16, 99.67s/row]generate:  49%|████▉     | 241/490 [2:14:17<5:07:10, 74.02s/row]                                                                [242/490] generated 10 candidates
generate:  49%|████▉     | 241/490 [2:14:53<5:07:10, 74.02s/row]generate:  49%|████▉     | 242/490 [2:14:53<4:17:54, 62.40s/row]                                                                [243/490] generated 10 candidates
generate:  49%|████▉     | 242/490 [2:15:34<4:17:54, 62.40s/row]generate:  50%|████▉     | 243/490 [2:15:34<3:50:47, 56.06s/row]                                                                [244/490] generated 10 candidates
generate:  50%|████▉     | 243/490 [2:15:58<3:50:47, 56.06s/row]generate:  50%|████▉     | 244/490 [2:15:58<3:10:05, 46.36s/row]                                                                [245/490] generated 10 candidates
generate:  50%|████▉     | 244/490 [2:16:29<3:10:05, 46.36s/row]generate:  50%|█████     | 245/490 [2:16:29<2:50:47, 41.82s/row]                                                                [246/490] generated 10 candidates
generate:  50%|█████     | 245/490 [2:16:56<2:50:47, 41.82s/row]generate:  50%|█████     | 246/490 [2:16:56<2:31:54, 37.35s/row]                                                                [247/490] generated 10 candidates
generate:  50%|█████     | 246/490 [2:17:27<2:31:54, 37.35s/row]generate:  50%|█████     | 247/490 [2:17:27<2:23:42, 35.48s/row]                                                                [248/490] generated 10 candidates
generate:  50%|█████     | 247/490 [2:17:38<2:23:42, 35.48s/row]generate:  51%|█████     | 248/490 [2:17:38<1:53:43, 28.20s/row]                                                                [249/490] generated 10 candidates
generate:  51%|█████     | 248/490 [2:17:54<1:53:43, 28.20s/row]generate:  51%|█████     | 249/490 [2:17:54<1:38:44, 24.58s/row]                                                                [250/490] generated 10 candidates
generate:  51%|█████     | 249/490 [2:18:27<1:38:44, 24.58s/row]generate:  51%|█████     | 250/490 [2:18:27<1:47:57, 26.99s/row]                                                                [251/490] generated 10 candidates
generate:  51%|█████     | 250/490 [2:18:58<1:47:57, 26.99s/row]generate:  51%|█████     | 251/490 [2:18:58<1:52:41, 28.29s/row]                                                                [252/490] generated 10 candidates
generate:  51%|█████     | 251/490 [2:19:17<1:52:41, 28.29s/row]generate:  51%|█████▏    | 252/490 [2:19:17<1:41:26, 25.57s/row]                                                                [253/490] generated 10 candidates
generate:  51%|█████▏    | 252/490 [2:19:37<1:41:26, 25.57s/row]generate:  52%|█████▏    | 253/490 [2:19:37<1:34:18, 23.87s/row]                                                                [254/490] generated 10 candidates
generate:  52%|█████▏    | 253/490 [2:19:58<1:34:18, 23.87s/row]generate:  52%|█████▏    | 254/490 [2:19:58<1:30:17, 22.95s/row]                                                                [255/490] generated 10 candidates
generate:  52%|█████▏    | 254/490 [2:20:22<1:30:17, 22.95s/row]generate:  52%|█████▏    | 255/490 [2:20:22<1:31:25, 23.34s/row]                                                                [256/490] generated 10 candidates
generate:  52%|█████▏    | 255/490 [2:20:43<1:31:25, 23.34s/row]generate:  52%|█████▏    | 256/490 [2:20:43<1:27:24, 22.41s/row]                                                                [257/490] generated 10 candidates
generate:  52%|█████▏    | 256/490 [2:21:08<1:27:24, 22.41s/row]generate:  52%|█████▏    | 257/490 [2:21:08<1:30:42, 23.36s/row]                                                                [258/490] generated 10 candidates
generate:  52%|█████▏    | 257/490 [2:22:12<1:30:42, 23.36s/row]generate:  53%|█████▎    | 258/490 [2:22:12<2:17:05, 35.45s/row]                                                                [259/490] generated 10 candidates
generate:  53%|█████▎    | 258/490 [2:22:35<2:17:05, 35.45s/row]generate:  53%|█████▎    | 259/490 [2:22:35<2:02:18, 31.77s/row]                                                                [260/490] generated 10 candidates
generate:  53%|█████▎    | 259/490 [2:22:56<2:02:18, 31.77s/row]generate:  53%|█████▎    | 260/490 [2:22:56<1:48:55, 28.42s/row]                                                                [261/490] generated 10 candidates
generate:  53%|█████▎    | 260/490 [2:23:12<1:48:55, 28.42s/row]generate:  53%|█████▎    | 261/490 [2:23:12<1:34:22, 24.73s/row]                                                                [262/490] generated 10 candidates
generate:  53%|█████▎    | 261/490 [2:23:38<1:34:22, 24.73s/row]generate:  53%|█████▎    | 262/490 [2:23:38<1:35:52, 25.23s/row]                                                                [263/490] generated 10 candidates
generate:  53%|█████▎    | 262/490 [2:24:03<1:35:52, 25.23s/row]generate:  54%|█████▎    | 263/490 [2:24:03<1:35:22, 25.21s/row]                                                                [264/490] generated 10 candidates
generate:  54%|█████▎    | 263/490 [2:24:15<1:35:22, 25.21s/row]generate:  54%|█████▍    | 264/490 [2:24:15<1:19:29, 21.10s/row]                                                                [265/490] generated 10 candidates
generate:  54%|█████▍    | 264/490 [2:24:37<1:19:29, 21.10s/row]generate:  54%|█████▍    | 265/490 [2:24:37<1:20:28, 21.46s/row]                                                                [266/490] generated 10 candidates
generate:  54%|█████▍    | 265/490 [2:24:54<1:20:28, 21.46s/row]generate:  54%|█████▍    | 266/490 [2:24:54<1:15:12, 20.15s/row]                                                                [267/490] generated 10 candidates
generate:  54%|█████▍    | 266/490 [2:25:13<1:15:12, 20.15s/row]generate:  54%|█████▍    | 267/490 [2:25:13<1:13:37, 19.81s/row]                                                                [268/490] generated 10 candidates
generate:  54%|█████▍    | 267/490 [2:25:34<1:13:37, 19.81s/row]generate:  55%|█████▍    | 268/490 [2:25:34<1:14:00, 20.00s/row]                                                                [269/490] generated 10 candidates
generate:  55%|█████▍    | 268/490 [2:25:54<1:14:00, 20.00s/row]generate:  55%|█████▍    | 269/490 [2:25:54<1:13:30, 19.96s/row]                                                                [270/490] generated 10 candidates
generate:  55%|█████▍    | 269/490 [2:26:32<1:13:30, 19.96s/row]generate:  55%|█████▌    | 270/490 [2:26:32<1:33:18, 25.45s/row]                                                                [271/490] generated 10 candidates
generate:  55%|█████▌    | 270/490 [2:26:57<1:33:18, 25.45s/row]generate:  55%|█████▌    | 271/490 [2:26:57<1:32:16, 25.28s/row]                                                                [272/490] generated 10 candidates
generate:  55%|█████▌    | 271/490 [2:27:24<1:32:16, 25.28s/row]generate:  56%|█████▌    | 272/490 [2:27:24<1:33:50, 25.83s/row]                                                                [273/490] generated 10 candidates
generate:  56%|█████▌    | 272/490 [2:27:38<1:33:50, 25.83s/row]generate:  56%|█████▌    | 273/490 [2:27:38<1:21:01, 22.40s/row]                                                                [274/490] generated 10 candidates
generate:  56%|█████▌    | 273/490 [2:27:53<1:21:01, 22.40s/row]generate:  56%|█████▌    | 274/490 [2:27:53<1:12:11, 20.05s/row]                                                                [275/490] generated 10 candidates
generate:  56%|█████▌    | 274/490 [2:28:32<1:12:11, 20.05s/row]generate:  56%|█████▌    | 275/490 [2:28:32<1:32:08, 25.72s/row]                                                                [276/490] generated 10 candidates
generate:  56%|█████▌    | 275/490 [2:28:58<1:32:08, 25.72s/row]generate:  56%|█████▋    | 276/490 [2:28:58<1:32:23, 25.90s/row]                                                                [277/490] generated 10 candidates
generate:  56%|█████▋    | 276/490 [2:29:37<1:32:23, 25.90s/row]generate:  57%|█████▋    | 277/490 [2:29:37<1:46:09, 29.90s/row]                                                                [278/490] generated 10 candidates
generate:  57%|█████▋    | 277/490 [2:29:54<1:46:09, 29.90s/row]generate:  57%|█████▋    | 278/490 [2:29:54<1:31:37, 25.93s/row]                                                                [279/490] generated 10 candidates
generate:  57%|█████▋    | 278/490 [2:30:27<1:31:37, 25.93s/row]generate:  57%|█████▋    | 279/490 [2:30:27<1:38:40, 28.06s/row]                                                                [280/490] generated 10 candidates
generate:  57%|█████▋    | 279/490 [2:31:13<1:38:40, 28.06s/row]generate:  57%|█████▋    | 280/490 [2:31:13<1:56:54, 33.40s/row]                                                                [281/490] generated 10 candidates
generate:  57%|█████▋    | 280/490 [2:31:35<1:56:54, 33.40s/row]generate:  57%|█████▋    | 281/490 [2:31:35<1:44:21, 29.96s/row]                                                                [282/490] generated 10 candidates
generate:  57%|█████▋    | 281/490 [2:32:12<1:44:21, 29.96s/row]generate:  58%|█████▊    | 282/490 [2:32:12<1:51:38, 32.20s/row]                                                                [283/490] generated 10 candidates
generate:  58%|█████▊    | 282/490 [2:32:30<1:51:38, 32.20s/row]generate:  58%|█████▊    | 283/490 [2:32:30<1:36:43, 28.04s/row]                                                                [284/490] generated 10 candidates
generate:  58%|█████▊    | 283/490 [2:32:58<1:36:43, 28.04s/row]generate:  58%|█████▊    | 284/490 [2:32:58<1:35:56, 27.94s/row]                                                                [285/490] generated 10 candidates
generate:  58%|█████▊    | 284/490 [2:37:21<1:35:56, 27.94s/row]generate:  58%|█████▊    | 285/490 [2:37:21<5:35:49, 98.29s/row]                                                                [286/490] generated 10 candidates
generate:  58%|█████▊    | 285/490 [2:38:03<5:35:49, 98.29s/row]generate:  58%|█████▊    | 286/490 [2:38:03<4:36:59, 81.47s/row]                                                                [287/490] generated 10 candidates
generate:  58%|█████▊    | 286/490 [2:38:32<4:36:59, 81.47s/row]generate:  59%|█████▊    | 287/490 [2:38:32<3:42:17, 65.70s/row]                                                                [288/490] generated 10 candidates
generate:  59%|█████▊    | 287/490 [2:38:46<3:42:17, 65.70s/row]generate:  59%|█████▉    | 288/490 [2:38:46<2:48:51, 50.16s/row]                                                                [289/490] generated 10 candidates
generate:  59%|█████▉    | 288/490 [2:39:11<2:48:51, 50.16s/row]generate:  59%|█████▉    | 289/490 [2:39:11<2:23:07, 42.73s/row]                                                                [290/490] generated 10 candidates
generate:  59%|█████▉    | 289/490 [2:39:24<2:23:07, 42.73s/row]generate:  59%|█████▉    | 290/490 [2:39:24<1:53:01, 33.91s/row]                                                                [291/490] generated 10 candidates
generate:  59%|█████▉    | 290/490 [2:39:50<1:53:01, 33.91s/row]generate:  59%|█████▉    | 291/490 [2:39:50<1:44:04, 31.38s/row]                                                                [292/490] generated 10 candidates
generate:  59%|█████▉    | 291/490 [2:40:36<1:44:04, 31.38s/row]generate:  60%|█████▉    | 292/490 [2:40:36<1:58:38, 35.95s/row]                                                                [293/490] generated 10 candidates
generate:  60%|█████▉    | 292/490 [2:40:52<1:58:38, 35.95s/row]generate:  60%|█████▉    | 293/490 [2:40:52<1:37:39, 29.74s/row]                                                                [294/490] generated 10 candidates
generate:  60%|█████▉    | 293/490 [2:45:14<1:37:39, 29.74s/row]generate:  60%|██████    | 294/490 [2:45:14<5:24:34, 99.36s/row]                                                                [295/490] generated 10 candidates
generate:  60%|██████    | 294/490 [2:45:52<5:24:34, 99.36s/row]generate:  60%|██████    | 295/490 [2:45:52<4:23:21, 81.03s/row]                                                                [296/490] generated 10 candidates
generate:  60%|██████    | 295/490 [2:46:48<4:23:21, 81.03s/row]generate:  60%|██████    | 296/490 [2:46:48<3:57:28, 73.45s/row]                                                                [297/490] generated 10 candidates
generate:  60%|██████    | 296/490 [2:47:22<3:57:28, 73.45s/row]generate:  61%|██████    | 297/490 [2:47:22<3:18:30, 61.71s/row]                                                                [298/490] generated 10 candidates
generate:  61%|██████    | 297/490 [2:47:42<3:18:30, 61.71s/row]generate:  61%|██████    | 298/490 [2:47:42<2:37:56, 49.36s/row]                                                                [299/490] generated 10 candidates
generate:  61%|██████    | 298/490 [2:48:06<2:37:56, 49.36s/row]generate:  61%|██████    | 299/490 [2:48:06<2:12:06, 41.50s/row]                                                                [300/490] generated 10 candidates
generate:  61%|██████    | 299/490 [2:49:24<2:12:06, 41.50s/row]generate:  61%|██████    | 300/490 [2:49:24<2:46:43, 52.65s/row]                                                                [301/490] generated 10 candidates
generate:  61%|██████    | 300/490 [2:49:49<2:46:43, 52.65s/row]generate:  61%|██████▏   | 301/490 [2:49:49<2:19:21, 44.24s/row]                                                                [302/490] generated 10 candidates
generate:  61%|██████▏   | 301/490 [2:50:15<2:19:21, 44.24s/row]generate:  62%|██████▏   | 302/490 [2:50:15<2:01:49, 38.88s/row]                                                                [303/490] generated 10 candidates
generate:  62%|██████▏   | 302/490 [2:50:29<2:01:49, 38.88s/row]generate:  62%|██████▏   | 303/490 [2:50:29<1:37:56, 31.42s/row]                                                                [304/490] generated 10 candidates
generate:  62%|██████▏   | 303/490 [2:50:53<1:37:56, 31.42s/row]generate:  62%|██████▏   | 304/490 [2:50:53<1:30:22, 29.16s/row]                                                                [305/490] generated 10 candidates
generate:  62%|██████▏   | 304/490 [2:51:53<1:30:22, 29.16s/row]generate:  62%|██████▏   | 305/490 [2:51:53<1:57:51, 38.22s/row]                                                                [306/490] generated 10 candidates
generate:  62%|██████▏   | 305/490 [2:52:14<1:57:51, 38.22s/row]generate:  62%|██████▏   | 306/490 [2:52:14<1:41:54, 33.23s/row]                                                                [307/490] generated 10 candidates
generate:  62%|██████▏   | 306/490 [2:52:39<1:41:54, 33.23s/row]generate:  63%|██████▎   | 307/490 [2:52:39<1:33:30, 30.66s/row]                                                                [308/490] generated 10 candidates
generate:  63%|██████▎   | 307/490 [2:52:52<1:33:30, 30.66s/row]generate:  63%|██████▎   | 308/490 [2:52:52<1:17:15, 25.47s/row]                                                                [309/490] generated 10 candidates
generate:  63%|██████▎   | 308/490 [2:53:23<1:17:15, 25.47s/row]generate:  63%|██████▎   | 309/490 [2:53:23<1:21:48, 27.12s/row]                                                                [310/490] generated 10 candidates
generate:  63%|██████▎   | 309/490 [2:53:46<1:21:48, 27.12s/row]generate:  63%|██████▎   | 310/490 [2:53:46<1:17:40, 25.89s/row]                                                                [311/490] generated 10 candidates
generate:  63%|██████▎   | 310/490 [2:54:07<1:17:40, 25.89s/row]generate:  63%|██████▎   | 311/490 [2:54:07<1:12:27, 24.29s/row]                                                                [312/490] generated 10 candidates
generate:  63%|██████▎   | 311/490 [2:54:32<1:12:27, 24.29s/row]generate:  64%|██████▎   | 312/490 [2:54:32<1:13:25, 24.75s/row]                                                                [313/490] generated 10 candidates
generate:  64%|██████▎   | 312/490 [2:54:50<1:13:25, 24.75s/row]generate:  64%|██████▍   | 313/490 [2:54:50<1:06:34, 22.57s/row]                                                                [314/490] generated 10 candidates
generate:  64%|██████▍   | 313/490 [2:55:06<1:06:34, 22.57s/row]generate:  64%|██████▍   | 314/490 [2:55:06<1:00:40, 20.68s/row]                                                                [315/490] generated 10 candidates
generate:  64%|██████▍   | 314/490 [2:55:29<1:00:40, 20.68s/row]generate:  64%|██████▍   | 315/490 [2:55:29<1:01:51, 21.21s/row]                                                                [316/490] generated 10 candidates
generate:  64%|██████▍   | 315/490 [2:55:42<1:01:51, 21.21s/row]generate:  64%|██████▍   | 316/490 [2:55:42<54:39, 18.85s/row]                                                                [317/490] generated 10 candidates
generate:  64%|██████▍   | 316/490 [2:56:08<54:39, 18.85s/row]generate:  65%|██████▍   | 317/490 [2:56:08<1:00:39, 21.04s/row]                                                                [318/490] generated 10 candidates
generate:  65%|██████▍   | 317/490 [2:56:27<1:00:39, 21.04s/row]generate:  65%|██████▍   | 318/490 [2:56:27<58:24, 20.37s/row]                                                                [319/490] generated 10 candidates
generate:  65%|██████▍   | 318/490 [2:56:53<58:24, 20.37s/row]generate:  65%|██████▌   | 319/490 [2:56:53<1:02:46, 22.03s/row]                                                                [320/490] generated 10 candidates
generate:  65%|██████▌   | 319/490 [2:57:18<1:02:46, 22.03s/row]generate:  65%|██████▌   | 320/490 [2:57:18<1:05:11, 23.01s/row]                                                                [321/490] generated 10 candidates
generate:  65%|██████▌   | 320/490 [2:57:39<1:05:11, 23.01s/row]generate:  66%|██████▌   | 321/490 [2:57:39<1:03:08, 22.42s/row]                                                                [322/490] generated 10 candidates
generate:  66%|██████▌   | 321/490 [2:58:02<1:03:08, 22.42s/row]generate:  66%|██████▌   | 322/490 [2:58:02<1:03:00, 22.50s/row]                                                                [323/490] generated 10 candidates
generate:  66%|██████▌   | 322/490 [3:00:33<1:03:00, 22.50s/row]generate:  66%|██████▌   | 323/490 [3:00:33<2:49:45, 60.99s/row]                                                                [324/490] generated 10 candidates
generate:  66%|██████▌   | 323/490 [3:04:55<2:49:45, 60.99s/row]generate:  66%|██████▌   | 324/490 [3:04:55<5:35:43, 121.35s/row]                                                                 [325/490] generated 10 candidates
generate:  66%|██████▌   | 324/490 [3:05:16<5:35:43, 121.35s/row]generate:  66%|██████▋   | 325/490 [3:05:16<4:10:48, 91.20s/row]                                                                 [326/490] generated 10 candidates
generate:  66%|██████▋   | 325/490 [3:05:47<4:10:48, 91.20s/row]generate:  67%|██████▋   | 326/490 [3:05:47<3:20:21, 73.30s/row]                                                                [327/490] generated 10 candidates
generate:  67%|██████▋   | 326/490 [3:06:20<3:20:21, 73.30s/row]generate:  67%|██████▋   | 327/490 [3:06:20<2:45:58, 61.09s/row]                                                                [328/490] generated 10 candidates
generate:  67%|██████▋   | 327/490 [3:06:44<2:45:58, 61.09s/row]generate:  67%|██████▋   | 328/490 [3:06:44<2:15:22, 50.14s/row]                                                                [329/490] generated 10 candidates
generate:  67%|██████▋   | 328/490 [3:07:10<2:15:22, 50.14s/row]generate:  67%|██████▋   | 329/490 [3:07:10<1:54:23, 42.63s/row]                                                                [330/490] generated 10 candidates
generate:  67%|██████▋   | 329/490 [3:07:28<1:54:23, 42.63s/row]generate:  67%|██████▋   | 330/490 [3:07:28<1:34:37, 35.49s/row]                                                                [331/490] generated 10 candidates
generate:  67%|██████▋   | 330/490 [3:08:04<1:34:37, 35.49s/row]generate:  68%|██████▊   | 331/490 [3:08:04<1:33:43, 35.37s/row]                                                                [332/490] generated 10 candidates
generate:  68%|██████▊   | 331/490 [3:08:28<1:33:43, 35.37s/row]generate:  68%|██████▊   | 332/490 [3:08:28<1:24:43, 32.18s/row]                                                                [333/490] generated 10 candidates
generate:  68%|██████▊   | 332/490 [3:08:47<1:24:43, 32.18s/row]generate:  68%|██████▊   | 333/490 [3:08:47<1:13:36, 28.13s/row]                                                                [334/490] generated 10 candidates
generate:  68%|██████▊   | 333/490 [3:09:24<1:13:36, 28.13s/row]generate:  68%|██████▊   | 334/490 [3:09:24<1:20:18, 30.89s/row]                                                                [335/490] generated 10 candidates
generate:  68%|██████▊   | 334/490 [3:09:47<1:20:18, 30.89s/row]generate:  68%|██████▊   | 335/490 [3:09:47<1:13:34, 28.48s/row]                                                                [336/490] generated 10 candidates
generate:  68%|██████▊   | 335/490 [3:10:22<1:13:34, 28.48s/row]generate:  69%|██████▊   | 336/490 [3:10:22<1:18:21, 30.53s/row]                                                                [337/490] generated 10 candidates
generate:  69%|██████▊   | 336/490 [3:10:44<1:18:21, 30.53s/row]generate:  69%|██████▉   | 337/490 [3:10:44<1:10:37, 27.70s/row]                                                                [338/490] generated 10 candidates
generate:  69%|██████▉   | 337/490 [3:11:10<1:10:37, 27.70s/row]generate:  69%|██████▉   | 338/490 [3:11:10<1:08:58, 27.23s/row]                                                                [339/490] generated 10 candidates
generate:  69%|██████▉   | 338/490 [3:11:40<1:08:58, 27.23s/row]generate:  69%|██████▉   | 339/490 [3:11:40<1:10:31, 28.02s/row]                                                                [340/490] generated 10 candidates
generate:  69%|██████▉   | 339/490 [3:12:04<1:10:31, 28.02s/row]generate:  69%|██████▉   | 340/490 [3:12:04<1:07:06, 26.84s/row]                                                                [341/490] generated 10 candidates
generate:  69%|██████▉   | 340/490 [3:12:48<1:07:06, 26.84s/row]generate:  70%|██████▉   | 341/490 [3:12:48<1:19:39, 32.08s/row]                                                                [342/490] generated 10 candidates
generate:  70%|██████▉   | 341/490 [3:13:19<1:19:39, 32.08s/row]generate:  70%|██████▉   | 342/490 [3:13:19<1:18:04, 31.65s/row]                                                                [343/490] generated 10 candidates
generate:  70%|██████▉   | 342/490 [3:13:36<1:18:04, 31.65s/row]generate:  70%|███████   | 343/490 [3:13:36<1:06:45, 27.25s/row]                                                                [344/490] generated 10 candidates
generate:  70%|███████   | 343/490 [3:14:04<1:06:45, 27.25s/row]generate:  70%|███████   | 344/490 [3:14:04<1:06:51, 27.48s/row]                                                                [345/490] generated 10 candidates
generate:  70%|███████   | 344/490 [3:14:19<1:06:51, 27.48s/row]generate:  70%|███████   | 345/490 [3:14:19<57:46, 23.91s/row]                                                                [346/490] generated 10 candidates
generate:  70%|███████   | 345/490 [3:14:49<57:46, 23.91s/row]generate:  71%|███████   | 346/490 [3:14:49<1:02:00, 25.84s/row]                                                                [347/490] generated 10 candidates
generate:  71%|███████   | 346/490 [3:15:11<1:02:00, 25.84s/row]generate:  71%|███████   | 347/490 [3:15:11<58:33, 24.57s/row]                                                                [348/490] generated 10 candidates
generate:  71%|███████   | 347/490 [3:15:33<58:33, 24.57s/row]generate:  71%|███████   | 348/490 [3:15:33<56:35, 23.92s/row]                                                              [349/490] generated 10 candidates
generate:  71%|███████   | 348/490 [3:16:10<56:35, 23.92s/row]generate:  71%|███████   | 349/490 [3:16:10<1:05:12, 27.75s/row]                                                                [350/490] generated 10 candidates
generate:  71%|███████   | 349/490 [3:16:25<1:05:12, 27.75s/row]generate:  71%|███████▏  | 350/490 [3:16:25<55:56, 23.97s/row]                                                                [351/490] generated 10 candidates
generate:  71%|███████▏  | 350/490 [3:16:50<55:56, 23.97s/row]generate:  72%|███████▏  | 351/490 [3:16:50<56:09, 24.24s/row]                                                              [352/490] generated 10 candidates
generate:  72%|███████▏  | 351/490 [3:17:28<56:09, 24.24s/row]generate:  72%|███████▏  | 352/490 [3:17:28<1:05:24, 28.43s/row]                                                                [353/490] generated 10 candidates
generate:  72%|███████▏  | 352/490 [3:18:33<1:05:24, 28.43s/row]generate:  72%|███████▏  | 353/490 [3:18:33<1:29:50, 39.34s/row]                                                                [354/490] generated 10 candidates
generate:  72%|███████▏  | 353/490 [3:19:06<1:29:50, 39.34s/row]generate:  72%|███████▏  | 354/490 [3:19:06<1:24:39, 37.35s/row]                                                                [355/490] generated 10 candidates
generate:  72%|███████▏  | 354/490 [3:20:52<1:24:39, 37.35s/row]generate:  72%|███████▏  | 355/490 [3:20:52<2:10:23, 57.95s/row]                                                                [356/490] generated 10 candidates
generate:  72%|███████▏  | 355/490 [3:25:15<2:10:23, 57.95s/row]generate:  73%|███████▎  | 356/490 [3:25:15<4:26:45, 119.45s/row]                                                                 [357/490] generated 10 candidates
generate:  73%|███████▎  | 356/490 [3:25:33<4:26:45, 119.45s/row]generate:  73%|███████▎  | 357/490 [3:25:33<3:17:36, 89.15s/row]                                                                 [358/490] generated 10 candidates
generate:  73%|███████▎  | 357/490 [3:26:09<3:17:36, 89.15s/row]generate:  73%|███████▎  | 358/490 [3:26:09<2:40:31, 72.97s/row]                                                                [359/490] generated 10 candidates
generate:  73%|███████▎  | 358/490 [3:26:34<2:40:31, 72.97s/row]generate:  73%|███████▎  | 359/490 [3:26:34<2:08:18, 58.77s/row]                                                                [360/490] generated 10 candidates
generate:  73%|███████▎  | 359/490 [3:27:16<2:08:18, 58.77s/row]generate:  73%|███████▎  | 360/490 [3:27:16<1:56:19, 53.69s/row]                                                                [361/490] generated 10 candidates
generate:  73%|███████▎  | 360/490 [3:28:05<1:56:19, 53.69s/row]generate:  74%|███████▎  | 361/490 [3:28:05<1:52:19, 52.24s/row]                                                                [362/490] generated 10 candidates
generate:  74%|███████▎  | 361/490 [3:28:33<1:52:19, 52.24s/row]generate:  74%|███████▍  | 362/490 [3:28:33<1:36:16, 45.13s/row]                                                                [363/490] generated 10 candidates
generate:  74%|███████▍  | 362/490 [3:29:04<1:36:16, 45.13s/row]generate:  74%|███████▍  | 363/490 [3:29:04<1:26:10, 40.71s/row]                                                                [364/490] generated 10 candidates
generate:  74%|███████▍  | 363/490 [3:29:41<1:26:10, 40.71s/row]generate:  74%|███████▍  | 364/490 [3:29:41<1:23:26, 39.73s/row]                                                                [365/490] generated 10 candidates
generate:  74%|███████▍  | 364/490 [3:29:50<1:23:26, 39.73s/row]generate:  74%|███████▍  | 365/490 [3:29:50<1:03:26, 30.45s/row]                                                                [366/490] generated 10 candidates
generate:  74%|███████▍  | 365/490 [3:31:16<1:03:26, 30.45s/row]generate:  75%|███████▍  | 366/490 [3:31:16<1:37:08, 47.00s/row]                                                                [367/490] generated 10 candidates
generate:  75%|███████▍  | 366/490 [3:31:29<1:37:08, 47.00s/row]generate:  75%|███████▍  | 367/490 [3:31:29<1:15:39, 36.91s/row]                                                                [368/490] generated 10 candidates
generate:  75%|███████▍  | 367/490 [3:32:05<1:15:39, 36.91s/row]generate:  75%|███████▌  | 368/490 [3:32:05<1:14:25, 36.60s/row]                                                                [369/490] generated 10 candidates
generate:  75%|███████▌  | 368/490 [3:32:44<1:14:25, 36.60s/row]generate:  75%|███████▌  | 369/490 [3:32:44<1:15:24, 37.39s/row]                                                                [370/490] generated 10 candidates
generate:  75%|███████▌  | 369/490 [3:33:03<1:15:24, 37.39s/row]generate:  76%|███████▌  | 370/490 [3:33:03<1:03:36, 31.80s/row]                                                                [371/490] generated 10 candidates
generate:  76%|███████▌  | 370/490 [3:33:26<1:03:36, 31.80s/row]generate:  76%|███████▌  | 371/490 [3:33:26<57:55, 29.21s/row]                                                                [372/490] generated 10 candidates
generate:  76%|███████▌  | 371/490 [3:33:38<57:55, 29.21s/row]generate:  76%|███████▌  | 372/490 [3:33:38<47:29, 24.14s/row]                                                              [373/490] generated 10 candidates
generate:  76%|███████▌  | 372/490 [3:33:57<47:29, 24.14s/row]generate:  76%|███████▌  | 373/490 [3:33:57<43:35, 22.35s/row]                                                              [374/490] generated 10 candidates
generate:  76%|███████▌  | 373/490 [3:34:15<43:35, 22.35s/row]generate:  76%|███████▋  | 374/490 [3:34:15<40:58, 21.20s/row]                                                              [375/490] generated 10 candidates
generate:  76%|███████▋  | 374/490 [3:34:42<40:58, 21.20s/row]generate:  77%|███████▋  | 375/490 [3:34:42<43:54, 22.91s/row]                                                              [376/490] generated 10 candidates
generate:  77%|███████▋  | 375/490 [3:35:06<43:54, 22.91s/row]generate:  77%|███████▋  | 376/490 [3:35:06<44:20, 23.34s/row]                                                              [377/490] generated 10 candidates
generate:  77%|███████▋  | 376/490 [3:35:44<44:20, 23.34s/row]generate:  77%|███████▋  | 377/490 [3:35:44<52:17, 27.76s/row]                                                              [378/490] generated 10 candidates
generate:  77%|███████▋  | 377/490 [3:36:04<52:17, 27.76s/row]generate:  77%|███████▋  | 378/490 [3:36:04<47:19, 25.36s/row]                                                              [379/490] generated 10 candidates
generate:  77%|███████▋  | 378/490 [3:36:33<47:19, 25.36s/row]generate:  77%|███████▋  | 379/490 [3:36:33<49:03, 26.51s/row]                                                              [380/490] generated 10 candidates
generate:  77%|███████▋  | 379/490 [3:36:56<49:03, 26.51s/row]generate:  78%|███████▊  | 380/490 [3:36:56<46:39, 25.45s/row]                                                              [381/490] generated 10 candidates
generate:  78%|███████▊  | 380/490 [3:37:21<46:39, 25.45s/row]generate:  78%|███████▊  | 381/490 [3:37:21<45:34, 25.09s/row]                                                              [382/490] generated 10 candidates
generate:  78%|███████▊  | 381/490 [3:37:41<45:34, 25.09s/row]generate:  78%|███████▊  | 382/490 [3:37:41<42:52, 23.82s/row]                                                              [383/490] generated 10 candidates
generate:  78%|███████▊  | 382/490 [3:38:28<42:52, 23.82s/row]generate:  78%|███████▊  | 383/490 [3:38:28<54:36, 30.62s/row]                                                              [384/490] generated 10 candidates
generate:  78%|███████▊  | 383/490 [3:39:02<54:36, 30.62s/row]generate:  78%|███████▊  | 384/490 [3:39:02<56:06, 31.76s/row]                                                              [385/490] generated 10 candidates
generate:  78%|███████▊  | 384/490 [3:39:39<56:06, 31.76s/row]generate:  79%|███████▊  | 385/490 [3:39:39<58:21, 33.35s/row]                                                              [386/490] generated 10 candidates
generate:  79%|███████▊  | 385/490 [3:40:09<58:21, 33.35s/row]generate:  79%|███████▉  | 386/490 [3:40:09<56:04, 32.35s/row]                                                              [387/490] generated 10 candidates
generate:  79%|███████▉  | 386/490 [3:40:48<56:04, 32.35s/row]generate:  79%|███████▉  | 387/490 [3:40:48<58:55, 34.33s/row]                                                              [388/490] generated 10 candidates
generate:  79%|███████▉  | 387/490 [3:41:13<58:55, 34.33s/row]generate:  79%|███████▉  | 388/490 [3:41:13<53:34, 31.51s/row]                                                              [389/490] generated 10 candidates
generate:  79%|███████▉  | 388/490 [3:42:05<53:34, 31.51s/row]generate:  79%|███████▉  | 389/490 [3:42:05<1:03:27, 37.70s/row]                                                                [390/490] generated 10 candidates
generate:  79%|███████▉  | 389/490 [3:42:42<1:03:27, 37.70s/row]generate:  80%|███████▉  | 390/490 [3:42:42<1:02:02, 37.22s/row]                                                                [391/490] generated 10 candidates
generate:  80%|███████▉  | 390/490 [3:43:06<1:02:02, 37.22s/row]generate:  80%|███████▉  | 391/490 [3:43:06<54:54, 33.28s/row]                                                                [392/490] generated 10 candidates
generate:  80%|███████▉  | 391/490 [3:43:29<54:54, 33.28s/row]generate:  80%|████████  | 392/490 [3:43:29<49:39, 30.40s/row]                                                              [393/490] generated 10 candidates
generate:  80%|████████  | 392/490 [3:47:54<49:39, 30.40s/row]generate:  80%|████████  | 393/490 [3:47:54<2:42:36, 100.58s/row]                                                                 [394/490] generated 10 candidates
generate:  80%|████████  | 393/490 [3:48:20<2:42:36, 100.58s/row]generate:  80%|████████  | 394/490 [3:48:20<2:05:07, 78.21s/row]                                                                 [395/490] generated 10 candidates
generate:  80%|████████  | 394/490 [3:48:43<2:05:07, 78.21s/row]generate:  81%|████████  | 395/490 [3:48:43<1:37:46, 61.75s/row]                                                                [396/490] generated 10 candidates
generate:  81%|████████  | 395/490 [3:48:58<1:37:46, 61.75s/row]generate:  81%|████████  | 396/490 [3:48:58<1:14:44, 47.71s/row]                                                                [397/490] generated 10 candidates
generate:  81%|████████  | 396/490 [3:49:27<1:14:44, 47.71s/row]generate:  81%|████████  | 397/490 [3:49:27<1:05:29, 42.25s/row]                                                                [398/490] generated 10 candidates
generate:  81%|████████  | 397/490 [3:49:44<1:05:29, 42.25s/row]generate:  81%|████████  | 398/490 [3:49:44<53:10, 34.68s/row]                                                                [399/490] generated 10 candidates
generate:  81%|████████  | 398/490 [3:50:13<53:10, 34.68s/row]generate:  81%|████████▏ | 399/490 [3:50:13<49:51, 32.87s/row]                                                              [400/490] generated 10 candidates
generate:  81%|████████▏ | 399/490 [3:50:26<49:51, 32.87s/row]generate:  82%|████████▏ | 400/490 [3:50:26<40:28, 26.98s/row]                                                              [401/490] generated 10 candidates
generate:  82%|████████▏ | 400/490 [3:50:51<40:28, 26.98s/row]generate:  82%|████████▏ | 401/490 [3:50:51<39:03, 26.33s/row]                                                              [402/490] generated 10 candidates
generate:  82%|████████▏ | 401/490 [3:51:17<39:03, 26.33s/row]generate:  82%|████████▏ | 402/490 [3:51:17<38:29, 26.25s/row]                                                              [403/490] generated 10 candidates
generate:  82%|████████▏ | 402/490 [3:52:14<38:29, 26.25s/row]generate:  82%|████████▏ | 403/490 [3:52:14<51:25, 35.47s/row]                                                              [404/490] generated 10 candidates
generate:  82%|████████▏ | 403/490 [3:52:33<51:25, 35.47s/row]generate:  82%|████████▏ | 404/490 [3:52:33<43:29, 30.34s/row]                                                              [405/490] generated 10 candidates
generate:  82%|████████▏ | 404/490 [3:52:49<43:29, 30.34s/row]generate:  83%|████████▎ | 405/490 [3:52:49<37:00, 26.13s/row]                                                              [406/490] generated 10 candidates
generate:  83%|████████▎ | 405/490 [3:53:05<37:00, 26.13s/row]generate:  83%|████████▎ | 406/490 [3:53:05<32:31, 23.23s/row]                                                              [407/490] generated 10 candidates
generate:  83%|████████▎ | 406/490 [3:53:35<32:31, 23.23s/row]generate:  83%|████████▎ | 407/490 [3:53:35<34:46, 25.14s/row]                                                              [408/490] generated 10 candidates
generate:  83%|████████▎ | 407/490 [3:53:56<34:46, 25.14s/row]generate:  83%|████████▎ | 408/490 [3:53:56<32:40, 23.91s/row]                                                              [409/490] generated 10 candidates
generate:  83%|████████▎ | 408/490 [3:54:19<32:40, 23.91s/row]generate:  83%|████████▎ | 409/490 [3:54:19<31:43, 23.50s/row]                                                              [410/490] generated 10 candidates
generate:  83%|████████▎ | 409/490 [3:54:34<31:43, 23.50s/row]generate:  84%|████████▎ | 410/490 [3:54:34<28:18, 21.24s/row]                                                              [411/490] generated 10 candidates
generate:  84%|████████▎ | 410/490 [3:54:51<28:18, 21.24s/row]generate:  84%|████████▍ | 411/490 [3:54:51<26:15, 19.95s/row]                                                              [412/490] generated 10 candidates
generate:  84%|████████▍ | 411/490 [3:55:23<26:15, 19.95s/row]generate:  84%|████████▍ | 412/490 [3:55:23<30:20, 23.33s/row]                                                              [413/490] generated 10 candidates
generate:  84%|████████▍ | 412/490 [3:55:36<30:20, 23.33s/row]generate:  84%|████████▍ | 413/490 [3:55:36<25:59, 20.25s/row]                                                              [414/490] generated 10 candidates
generate:  84%|████████▍ | 413/490 [3:55:57<25:59, 20.25s/row]generate:  84%|████████▍ | 414/490 [3:55:57<25:59, 20.51s/row]                                                              [415/490] generated 10 candidates
generate:  84%|████████▍ | 414/490 [3:56:15<25:59, 20.51s/row]generate:  85%|████████▍ | 415/490 [3:56:15<24:42, 19.76s/row]                                                              [416/490] generated 10 candidates
generate:  85%|████████▍ | 415/490 [3:57:00<24:42, 19.76s/row]generate:  85%|████████▍ | 416/490 [3:57:00<33:53, 27.48s/row]                                                              [417/490] generated 10 candidates
generate:  85%|████████▍ | 416/490 [3:57:41<33:53, 27.48s/row]generate:  85%|████████▌ | 417/490 [3:57:41<38:03, 31.28s/row]                                                              [418/490] generated 10 candidates
generate:  85%|████████▌ | 417/490 [3:58:18<38:03, 31.28s/row]generate:  85%|████████▌ | 418/490 [3:58:18<39:56, 33.28s/row]                                                              [419/490] generated 10 candidates
generate:  85%|████████▌ | 418/490 [3:58:37<39:56, 33.28s/row]generate:  86%|████████▌ | 419/490 [3:58:37<34:10, 28.88s/row]                                                              [420/490] generated 10 candidates
generate:  86%|████████▌ | 419/490 [3:59:49<34:10, 28.88s/row]generate:  86%|████████▌ | 420/490 [3:59:49<48:51, 41.88s/row]                                                              [421/490] generated 10 candidates
generate:  86%|████████▌ | 420/490 [4:00:17<48:51, 41.88s/row]generate:  86%|████████▌ | 421/490 [4:00:17<43:17, 37.65s/row]                                                              [422/490] generated 10 candidates
generate:  86%|████████▌ | 421/490 [4:00:37<43:17, 37.65s/row]generate:  86%|████████▌ | 422/490 [4:00:37<36:38, 32.34s/row]                                                              [423/490] generated 10 candidates
generate:  86%|████████▌ | 422/490 [4:01:07<36:38, 32.34s/row]generate:  86%|████████▋ | 423/490 [4:01:07<35:26, 31.74s/row]                                                              [424/490] generated 10 candidates
generate:  86%|████████▋ | 423/490 [4:01:29<35:26, 31.74s/row]generate:  87%|████████▋ | 424/490 [4:01:29<31:31, 28.66s/row]                                                              [425/490] generated 10 candidates
generate:  87%|████████▋ | 424/490 [4:02:01<31:31, 28.66s/row]generate:  87%|████████▋ | 425/490 [4:02:01<32:12, 29.74s/row]                                                              [426/490] generated 10 candidates
generate:  87%|████████▋ | 425/490 [4:02:35<32:12, 29.74s/row]generate:  87%|████████▋ | 426/490 [4:02:35<33:03, 30.99s/row]                                                              [427/490] generated 10 candidates
generate:  87%|████████▋ | 426/490 [4:03:24<33:03, 30.99s/row]generate:  87%|████████▋ | 427/490 [4:03:24<38:10, 36.36s/row]                                                              [428/490] generated 10 candidates
generate:  87%|████████▋ | 427/490 [4:03:43<38:10, 36.36s/row]generate:  87%|████████▋ | 428/490 [4:03:43<32:16, 31.23s/row]                                                              [429/490] generated 10 candidates
generate:  87%|████████▋ | 428/490 [4:04:05<32:16, 31.23s/row]generate:  88%|████████▊ | 429/490 [4:04:05<28:55, 28.45s/row]                                                              [430/490] generated 10 candidates
generate:  88%|████████▊ | 429/490 [4:04:33<28:55, 28.45s/row]generate:  88%|████████▊ | 430/490 [4:04:33<28:16, 28.27s/row]                                                              [431/490] generated 10 candidates
generate:  88%|████████▊ | 430/490 [4:04:58<28:16, 28.27s/row]generate:  88%|████████▊ | 431/490 [4:04:58<26:43, 27.17s/row]                                                              [432/490] generated 10 candidates
generate:  88%|████████▊ | 431/490 [4:05:18<26:43, 27.17s/row]generate:  88%|████████▊ | 432/490 [4:05:18<24:11, 25.02s/row]                                                              [433/490] generated 10 candidates
generate:  88%|████████▊ | 432/490 [4:05:54<24:11, 25.02s/row]generate:  88%|████████▊ | 433/490 [4:05:54<27:06, 28.53s/row]                                                              [434/490] generated 10 candidates
generate:  88%|████████▊ | 433/490 [4:06:08<27:06, 28.53s/row]generate:  89%|████████▊ | 434/490 [4:06:08<22:36, 24.22s/row]                                                              [435/490] generated 10 candidates
generate:  89%|████████▊ | 434/490 [4:06:49<22:36, 24.22s/row]generate:  89%|████████▉ | 435/490 [4:06:49<26:37, 29.04s/row]                                                              [436/490] generated 10 candidates
generate:  89%|████████▉ | 435/490 [4:07:18<26:37, 29.04s/row]generate:  89%|████████▉ | 436/490 [4:07:18<26:19, 29.25s/row]                                                              [437/490] generated 10 candidates
generate:  89%|████████▉ | 436/490 [4:07:39<26:19, 29.25s/row]generate:  89%|████████▉ | 437/490 [4:07:39<23:34, 26.69s/row]                                                              [438/490] generated 10 candidates
generate:  89%|████████▉ | 437/490 [4:08:05<23:34, 26.69s/row]generate:  89%|████████▉ | 438/490 [4:08:05<22:53, 26.41s/row]                                                              [439/490] generated 10 candidates
generate:  89%|████████▉ | 438/490 [4:08:54<22:53, 26.41s/row]generate:  90%|████████▉ | 439/490 [4:08:54<28:08, 33.10s/row]                                                              [440/490] generated 10 candidates
generate:  90%|████████▉ | 439/490 [4:09:24<28:08, 33.10s/row]generate:  90%|████████▉ | 440/490 [4:09:24<27:00, 32.42s/row]                                                              [441/490] generated 10 candidates
generate:  90%|████████▉ | 440/490 [4:10:10<27:00, 32.42s/row]generate:  90%|█████████ | 441/490 [4:10:10<29:46, 36.47s/row]                                                              [442/490] generated 10 candidates
generate:  90%|█████████ | 441/490 [4:10:31<29:46, 36.47s/row]generate:  90%|█████████ | 442/490 [4:10:31<25:26, 31.80s/row]                                                              [443/490] generated 10 candidates
generate:  90%|█████████ | 442/490 [4:10:57<25:26, 31.80s/row]generate:  90%|█████████ | 443/490 [4:10:57<23:21, 29.83s/row]                                                              [444/490] generated 10 candidates
generate:  90%|█████████ | 443/490 [4:11:31<23:21, 29.83s/row]generate:  91%|█████████ | 444/490 [4:11:31<23:55, 31.21s/row]                                                              [445/490] generated 10 candidates
generate:  91%|█████████ | 444/490 [4:12:02<23:55, 31.21s/row]generate:  91%|█████████ | 445/490 [4:12:02<23:24, 31.20s/row]                                                              [446/490] generated 10 candidates
generate:  91%|█████████ | 445/490 [4:12:25<23:24, 31.20s/row]generate:  91%|█████████ | 446/490 [4:12:25<21:00, 28.65s/row]                                                              [447/490] generated 10 candidates
generate:  91%|█████████ | 446/490 [4:12:49<21:00, 28.65s/row]generate:  91%|█████████ | 447/490 [4:12:49<19:39, 27.44s/row]                                                              [448/490] generated 10 candidates
generate:  91%|█████████ | 447/490 [4:13:06<19:39, 27.44s/row]generate:  91%|█████████▏| 448/490 [4:13:06<16:50, 24.06s/row]                                                              [449/490] generated 10 candidates
generate:  91%|█████████▏| 448/490 [4:13:25<16:50, 24.06s/row]generate:  92%|█████████▏| 449/490 [4:13:25<15:34, 22.79s/row]                                                              [450/490] generated 10 candidates
generate:  92%|█████████▏| 449/490 [4:13:51<15:34, 22.79s/row]generate:  92%|█████████▏| 450/490 [4:13:51<15:50, 23.76s/row]                                                              [451/490] generated 10 candidates
generate:  92%|█████████▏| 450/490 [4:14:05<15:50, 23.76s/row]generate:  92%|█████████▏| 451/490 [4:14:05<13:31, 20.80s/row]                                                              [452/490] generated 10 candidates
generate:  92%|█████████▏| 451/490 [4:14:25<13:31, 20.80s/row]generate:  92%|█████████▏| 452/490 [4:14:25<12:51, 20.31s/row]                                                              [453/490] generated 10 candidates
generate:  92%|█████████▏| 452/490 [4:14:53<12:51, 20.31s/row]generate:  92%|█████████▏| 453/490 [4:14:53<14:06, 22.87s/row]                                                              [454/490] generated 10 candidates
generate:  92%|█████████▏| 453/490 [4:15:19<14:06, 22.87s/row]generate:  93%|█████████▎| 454/490 [4:15:19<14:11, 23.66s/row]                                                              [455/490] generated 10 candidates
generate:  93%|█████████▎| 454/490 [4:15:37<14:11, 23.66s/row]generate:  93%|█████████▎| 455/490 [4:15:37<12:52, 22.07s/row]                                                              [456/490] generated 10 candidates
generate:  93%|█████████▎| 455/490 [4:16:31<12:52, 22.07s/row]generate:  93%|█████████▎| 456/490 [4:16:31<17:50, 31.48s/row]                                                              [457/490] generated 10 candidates
generate:  93%|█████████▎| 456/490 [4:16:58<17:50, 31.48s/row]generate:  93%|█████████▎| 457/490 [4:16:58<16:34, 30.13s/row]                                                              [458/490] generated 10 candidates
generate:  93%|█████████▎| 457/490 [4:17:20<16:34, 30.13s/row]generate:  93%|█████████▎| 458/490 [4:17:20<14:48, 27.78s/row]                                                              [459/490] generated 10 candidates
generate:  93%|█████████▎| 458/490 [4:18:48<14:48, 27.78s/row]generate:  94%|█████████▎| 459/490 [4:18:48<23:43, 45.92s/row]                                                              [460/490] generated 10 candidates
generate:  94%|█████████▎| 459/490 [4:19:23<23:43, 45.92s/row]generate:  94%|█████████▍| 460/490 [4:19:23<21:15, 42.53s/row]                                                              [461/490] generated 10 candidates
generate:  94%|█████████▍| 460/490 [4:19:38<21:15, 42.53s/row]generate:  94%|█████████▍| 461/490 [4:19:38<16:39, 34.46s/row]                                                              [462/490] generated 10 candidates
generate:  94%|█████████▍| 461/490 [4:19:56<16:39, 34.46s/row]generate:  94%|█████████▍| 462/490 [4:19:56<13:40, 29.29s/row]                                                              [463/490] generated 10 candidates
generate:  94%|█████████▍| 462/490 [4:20:21<13:40, 29.29s/row]generate:  94%|█████████▍| 463/490 [4:20:21<12:41, 28.19s/row]                                                              [464/490] generated 10 candidates
generate:  94%|█████████▍| 463/490 [4:20:47<12:41, 28.19s/row]generate:  95%|█████████▍| 464/490 [4:20:47<11:49, 27.30s/row]                                                              [465/490] generated 10 candidates
generate:  95%|█████████▍| 464/490 [4:21:27<11:49, 27.30s/row]generate:  95%|█████████▍| 465/490 [4:21:27<13:00, 31.22s/row]                                                              [466/490] generated 10 candidates
generate:  95%|█████████▍| 465/490 [4:21:54<13:00, 31.22s/row]generate:  95%|█████████▌| 466/490 [4:21:54<11:58, 29.93s/row]                                                              [467/490] generated 10 candidates
generate:  95%|█████████▌| 466/490 [4:22:23<11:58, 29.93s/row]generate:  95%|█████████▌| 467/490 [4:22:23<11:20, 29.58s/row]                                                              [468/490] generated 10 candidates
generate:  95%|█████████▌| 467/490 [4:23:08<11:20, 29.58s/row]generate:  96%|█████████▌| 468/490 [4:23:08<12:38, 34.48s/row]                                                              [469/490] generated 10 candidates
generate:  96%|█████████▌| 468/490 [4:23:36<12:38, 34.48s/row]generate:  96%|█████████▌| 469/490 [4:23:36<11:20, 32.42s/row]                                                              [470/490] generated 10 candidates
generate:  96%|█████████▌| 469/490 [4:23:49<11:20, 32.42s/row]generate:  96%|█████████▌| 470/490 [4:23:49<08:48, 26.44s/row]                                                              [471/490] generated 10 candidates
generate:  96%|█████████▌| 470/490 [4:24:23<08:48, 26.44s/row]generate:  96%|█████████▌| 471/490 [4:24:23<09:06, 28.79s/row]                                                              [472/490] generated 10 candidates
generate:  96%|█████████▌| 471/490 [4:25:34<09:06, 28.79s/row]generate:  96%|█████████▋| 472/490 [4:25:34<12:25, 41.40s/row]                                                              [473/490] generated 10 candidates
generate:  96%|█████████▋| 472/490 [4:29:56<12:25, 41.40s/row]generate:  97%|█████████▋| 473/490 [4:29:56<30:31, 107.76s/row]                                                               [474/490] generated 10 candidates
generate:  97%|█████████▋| 473/490 [4:31:14<30:31, 107.76s/row]generate:  97%|█████████▋| 474/490 [4:31:14<26:20, 98.79s/row]                                                               [475/490] generated 10 candidates
generate:  97%|█████████▋| 474/490 [4:35:39<26:20, 98.79s/row]generate:  97%|█████████▋| 475/490 [4:35:39<37:07, 148.49s/row]                                                               [476/490] generated 10 candidates
generate:  97%|█████████▋| 475/490 [4:35:59<37:07, 148.49s/row]generate:  97%|█████████▋| 476/490 [4:35:59<25:40, 110.02s/row]                                                               [477/490] generated 10 candidates
generate:  97%|█████████▋| 476/490 [4:36:13<25:40, 110.02s/row]generate:  97%|█████████▋| 477/490 [4:36:13<17:36, 81.25s/row]                                                               [478/490] generated 10 candidates
generate:  97%|█████████▋| 477/490 [4:37:30<17:36, 81.25s/row]generate:  98%|█████████▊| 478/490 [4:37:30<16:01, 80.12s/row]                                                              [479/490] generated 10 candidates
generate:  98%|█████████▊| 478/490 [4:37:52<16:01, 80.12s/row]generate:  98%|█████████▊| 479/490 [4:37:52<11:27, 62.51s/row]                                                              [480/490] generated 10 candidates
generate:  98%|█████████▊| 479/490 [4:38:07<11:27, 62.51s/row]generate:  98%|█████████▊| 480/490 [4:38:07<08:03, 48.38s/row]                                                              [481/490] generated 10 candidates
generate:  98%|█████████▊| 480/490 [4:39:21<08:03, 48.38s/row]generate:  98%|█████████▊| 481/490 [4:39:21<08:22, 55.87s/row]                                                              [482/490] generated 10 candidates
generate:  98%|█████████▊| 481/490 [4:39:45<08:22, 55.87s/row]generate:  98%|█████████▊| 482/490 [4:39:45<06:11, 46.40s/row]                                                              [483/490] generated 10 candidates
generate:  98%|█████████▊| 482/490 [4:40:00<06:11, 46.40s/row]generate:  99%|█████████▊| 483/490 [4:40:00<04:20, 37.15s/row]                                                              [484/490] generated 10 candidates
generate:  99%|█████████▊| 483/490 [4:40:18<04:20, 37.15s/row]generate:  99%|█████████▉| 484/490 [4:40:18<03:07, 31.29s/row]                                                              [485/490] generated 10 candidates
generate:  99%|█████████▉| 484/490 [4:41:21<03:07, 31.29s/row]generate:  99%|█████████▉| 485/490 [4:41:21<03:23, 40.67s/row]                                                              [486/490] generated 10 candidates
generate:  99%|█████████▉| 485/490 [4:45:03<03:23, 40.67s/row]generate:  99%|█████████▉| 486/490 [4:45:03<06:20, 95.12s/row]                                                              [487/490] generated 10 candidates
generate:  99%|█████████▉| 486/490 [4:45:23<06:20, 95.12s/row]generate:  99%|█████████▉| 487/490 [4:45:23<03:37, 72.65s/row]                                                              [488/490] generated 10 candidates
generate:  99%|█████████▉| 487/490 [4:46:07<03:37, 72.65s/row]generate: 100%|█████████▉| 488/490 [4:46:07<02:07, 63.90s/row]                                                              [489/490] generated 10 candidates
generate: 100%|█████████▉| 488/490 [4:46:23<02:07, 63.90s/row]generate: 100%|█████████▉| 489/490 [4:46:23<00:49, 49.74s/row]                                                              [490/490] generated 10 candidates
generate: 100%|█████████▉| 489/490 [4:46:47<00:49, 49.74s/row]generate: 100%|██████████| 490/490 [4:46:47<00:00, 41.91s/row]generate: 100%|██████████| 490/490 [4:46:47<00:00, 35.12s/row]
wrote /workspace/artifacts/hybrid_v2_3_s44/02b_graph_only_functional_gate/causal_correct.json
wrote /workspace/artifacts/hybrid_v2_3_s44/02b_graph_only_functional_gate/causal_correct.json.provenance.json

/venv/main/bin/python /workspace/scripts/evaluation/graph_inference_antigravity.py --dataset /workspace/artifacts/hybrid_v2_3_s44/00_phase0/neutral_functional_eval.jsonl --decoder_model Qwen/Qwen3-8B --checkpoint /workspace/artifacts/hybrid_v2_3_s44/01_graph_only_sft/pytorch_model.bin --output /workspace/artifacts/hybrid_v2_3_s44/02b_graph_only_functional_gate/causal_matched_permutation.json --num_samples 10 --generation_batch_size 16 --max_new_tokens 3328 --decoder_prompt_max_length 3072 --decoder_revision  --encoder_revision  --seed 44 --graph_input_ablation matched_permutation --graph_ablation_seed 44
Loading weights:   0%|          | 0/197 [00:00<?, ?it/s]Loading weights: 100%|██████████| 197/197 [00:00<00:00, 48544.61it/s]
Decoder attention implementation: flash_attention_2
Loading weights:   0%|          | 0/399 [00:00<?, ?it/s]Loading weights: 100%|██████████| 399/399 [00:00<00:00, 7183.85it/s]
Enabled decoder gradient checkpointing.
Enabled Qwen graph glue: 64 learned prefix tokens, dynamic=1, gate_mode=scalar, gate_init=0.2
Qwen prefix RMS matching ON: target token RMS 0.022050
Froze LocalBlockEncoder weights
Applied PEFT LORA (r=64, alpha=128) to Decoder targets=['q_proj', 'k_proj', 'v_proj', 'o_proj', 'gate_proj', 'up_proj', 'down_proj']
loaded checkpoint: /workspace/artifacts/hybrid_v2_3_s44/01_graph_only_sft/pytorch_model.bin
Validated checkpoint architecture: recognised=565 missing_frozen=617 unexpected=0
Qwen graph prefix gate: 0.200031
Inference mode: decoder gradient checkpointing OFF; KV cache ON
Graph input ablation: matched_permutation (seed=44, mapping_sha256=c9857ff7633cf063ff12990a3b1c3d8ea4b9738257a17e99d11b19fc27c010d3)
generate:   0%|          | 0/490 [00:00<?, ?row/s]                                                  [1/490] generated 10 candidates
generate:   0%|          | 0/490 [00:14<?, ?row/s]generate:   0%|          | 1/490 [00:14<2:00:55, 14.84s/row]                                                            [2/490] generated 10 candidates
generate:   0%|          | 1/490 [00:36<2:00:55, 14.84s/row]generate:   0%|          | 2/490 [00:36<2:35:35, 19.13s/row]                                                            [3/490] generated 10 candidates
generate:   0%|          | 2/490 [01:06<2:35:35, 19.13s/row]generate:   1%|          | 3/490 [01:06<3:12:24, 23.70s/row]                                                            [4/490] generated 10 candidates
generate:   1%|          | 3/490 [01:36<3:12:24, 23.70s/row]generate:   1%|          | 4/490 [01:36<3:33:28, 26.35s/row]                                                            [5/490] generated 10 candidates
generate:   1%|          | 4/490 [01:54<3:33:28, 26.35s/row]generate:   1%|          | 5/490 [01:54<3:09:55, 23.50s/row]                                                            [6/490] generated 10 candidates
generate:   1%|          | 5/490 [02:20<3:09:55, 23.50s/row]generate:   1%|          | 6/490 [02:20<3:15:02, 24.18s/row]                                                            [7/490] generated 10 candidates
generate:   1%|          | 6/490 [02:42<3:15:02, 24.18s/row]generate:   1%|▏         | 7/490 [02:42<3:09:12, 23.50s/row]                                                            [8/490] generated 10 candidates
generate:   1%|▏         | 7/490 [03:09<3:09:12, 23.50s/row]generate:   2%|▏         | 8/490 [03:09<3:17:10, 24.54s/row]                                                            [9/490] generated 10 candidates
generate:   2%|▏         | 8/490 [04:03<3:17:10, 24.54s/row]generate:   2%|▏         | 9/490 [04:03<4:31:20, 33.85s/row]                                                            [10/490] generated 10 candidates
generate:   2%|▏         | 9/490 [04:20<4:31:20, 33.85s/row]generate:   2%|▏         | 10/490 [04:20<3:48:04, 28.51s/row]                                                             [11/490] generated 10 candidates
generate:   2%|▏         | 10/490 [04:42<3:48:04, 28.51s/row]generate:   2%|▏         | 11/490 [04:42<3:33:32, 26.75s/row]                                                             [12/490] generated 10 candidates
generate:   2%|▏         | 11/490 [04:54<3:33:32, 26.75s/row]generate:   2%|▏         | 12/490 [04:54<2:55:57, 22.09s/row]                                                             [13/490] generated 10 candidates
generate:   2%|▏         | 12/490 [05:46<2:55:57, 22.09s/row]generate:   3%|▎         | 13/490 [05:46<4:08:56, 31.31s/row]                                                             [14/490] generated 10 candidates
generate:   3%|▎         | 13/490 [06:01<4:08:56, 31.31s/row]generate:   3%|▎         | 14/490 [06:01<3:27:31, 26.16s/row]                                                             [15/490] generated 10 candidates
generate:   3%|▎         | 14/490 [06:23<3:27:31, 26.16s/row]generate:   3%|▎         | 15/490 [06:23<3:17:13, 24.91s/row]                                                             [16/490] generated 10 candidates
generate:   3%|▎         | 15/490 [06:41<3:17:13, 24.91s/row]generate:   3%|▎         | 16/490 [06:41<3:00:17, 22.82s/row]                                                             [17/490] generated 10 candidates
generate:   3%|▎         | 16/490 [07:05<3:00:17, 22.82s/row]generate:   3%|▎         | 17/490 [07:05<3:04:05, 23.35s/row]                                                             [18/490] generated 10 candidates
generate:   3%|▎         | 17/490 [07:37<3:04:05, 23.35s/row]generate:   4%|▎         | 18/490 [07:37<3:22:41, 25.77s/row]                                                             [19/490] generated 10 candidates
generate:   4%|▎         | 18/490 [07:50<3:22:41, 25.77s/row]generate:   4%|▍         | 19/490 [07:50<2:54:09, 22.19s/row]                                                             [20/490] generated 10 candidates
generate:   4%|▍         | 19/490 [08:24<2:54:09, 22.19s/row]generate:   4%|▍         | 20/490 [08:24<3:20:57, 25.65s/row]                                                             [21/490] generated 10 candidates
generate:   4%|▍         | 20/490 [08:53<3:20:57, 25.65s/row]generate:   4%|▍         | 21/490 [08:53<3:28:20, 26.65s/row]                                                             [22/490] generated 10 candidates
generate:   4%|▍         | 21/490 [09:31<3:28:20, 26.65s/row]generate:   4%|▍         | 22/490 [09:31<3:52:56, 29.86s/row]                                                             [23/490] generated 10 candidates
generate:   4%|▍         | 22/490 [09:42<3:52:56, 29.86s/row]generate:   5%|▍         | 23/490 [09:42<3:08:47, 24.26s/row]                                                             [24/490] generated 10 candidates
generate:   5%|▍         | 23/490 [09:54<3:08:47, 24.26s/row]generate:   5%|▍         | 24/490 [09:54<2:41:27, 20.79s/row]                                                             [25/490] generated 10 candidates
generate:   5%|▍         | 24/490 [10:14<2:41:27, 20.79s/row]generate:   5%|▌         | 25/490 [10:14<2:38:34, 20.46s/row]                                                             [26/490] generated 10 candidates
generate:   5%|▌         | 25/490 [10:47<2:38:34, 20.46s/row]generate:   5%|▌         | 26/490 [10:47<3:06:20, 24.10s/row]                                                             [27/490] generated 10 candidates
generate:   5%|▌         | 26/490 [13:18<3:06:20, 24.10s/row]generate:   6%|▌         | 27/490 [13:18<8:01:11, 62.36s/row]                                                             [28/490] generated 10 candidates
generate:   6%|▌         | 27/490 [13:44<8:01:11, 62.36s/row]generate:   6%|▌         | 28/490 [13:44<6:36:03, 51.44s/row]                                                             [29/490] generated 10 candidates
generate:   6%|▌         | 28/490 [13:56<6:36:03, 51.44s/row]generate:   6%|▌         | 29/490 [13:56<5:03:52, 39.55s/row]                                                             [30/490] generated 10 candidates
generate:   6%|▌         | 29/490 [18:18<5:03:52, 39.55s/row]generate:   6%|▌         | 30/490 [18:18<13:34:45, 106.27s/row]                                                               [31/490] generated 10 candidates
generate:   6%|▌         | 30/490 [18:30<13:34:45, 106.27s/row]generate:   6%|▋         | 31/490 [18:30<9:55:38, 77.86s/row]                                                               [32/490] generated 10 candidates
generate:   6%|▋         | 31/490 [18:57<9:55:38, 77.86s/row]generate:   7%|▋         | 32/490 [18:57<7:59:09, 62.77s/row]                                                             [33/490] generated 10 candidates
generate:   7%|▋         | 32/490 [19:15<7:59:09, 62.77s/row]generate:   7%|▋         | 33/490 [19:15<6:14:45, 49.20s/row]                                                             [34/490] generated 10 candidates
generate:   7%|▋         | 33/490 [19:58<6:14:45, 49.20s/row]generate:   7%|▋         | 34/490 [19:58<6:00:00, 47.37s/row]                                                             [35/490] generated 10 candidates
generate:   7%|▋         | 34/490 [20:20<6:00:00, 47.37s/row]generate:   7%|▋         | 35/490 [20:20<5:01:07, 39.71s/row]                                                             [36/490] generated 10 candidates
generate:   7%|▋         | 35/490 [20:50<5:01:07, 39.71s/row]generate:   7%|▋         | 36/490 [20:50<4:39:27, 36.93s/row]                                                             [37/490] generated 10 candidates
generate:   7%|▋         | 36/490 [21:21<4:39:27, 36.93s/row]generate:   8%|▊         | 37/490 [21:21<4:25:16, 35.14s/row]                                                             [38/490] generated 10 candidates
generate:   8%|▊         | 37/490 [21:36<4:25:16, 35.14s/row]generate:   8%|▊         | 38/490 [21:36<3:38:41, 29.03s/row]                                                             [39/490] generated 10 candidates
generate:   8%|▊         | 38/490 [22:08<3:38:41, 29.03s/row]generate:   8%|▊         | 39/490 [22:08<3:46:09, 30.09s/row]                                                             [40/490] generated 10 candidates
generate:   8%|▊         | 39/490 [22:23<3:46:09, 30.09s/row]generate:   8%|▊         | 40/490 [22:23<3:11:31, 25.54s/row]                                                             [41/490] generated 10 candidates
generate:   8%|▊         | 40/490 [23:19<3:11:31, 25.54s/row]generate:   8%|▊         | 41/490 [23:19<4:19:44, 34.71s/row]                                                             [42/490] generated 10 candidates
generate:   8%|▊         | 41/490 [23:56<4:19:44, 34.71s/row]generate:   9%|▊         | 42/490 [23:56<4:23:32, 35.30s/row]                                                             [43/490] generated 10 candidates
generate:   9%|▊         | 42/490 [24:14<4:23:32, 35.30s/row]generate:   9%|▉         | 43/490 [24:14<3:43:51, 30.05s/row]                                                             [44/490] generated 10 candidates
generate:   9%|▉         | 43/490 [25:12<3:43:51, 30.05s/row]generate:   9%|▉         | 44/490 [25:12<4:45:11, 38.37s/row]                                                             [45/490] generated 10 candidates
generate:   9%|▉         | 44/490 [25:33<4:45:11, 38.37s/row]generate:   9%|▉         | 45/490 [25:33<4:05:55, 33.16s/row]                                                             [46/490] generated 10 candidates
generate:   9%|▉         | 45/490 [26:07<4:05:55, 33.16s/row]generate:   9%|▉         | 46/490 [26:07<4:07:46, 33.48s/row]                                                             [47/490] generated 10 candidates
generate:   9%|▉         | 46/490 [26:45<4:07:46, 33.48s/row]generate:  10%|▉         | 47/490 [26:45<4:17:16, 34.85s/row]                                                             [48/490] generated 10 candidates
generate:  10%|▉         | 47/490 [27:19<4:17:16, 34.85s/row]generate:  10%|▉         | 48/490 [27:19<4:14:45, 34.58s/row]                                                             [49/490] generated 10 candidates
generate:  10%|▉         | 48/490 [27:55<4:14:45, 34.58s/row]generate:  10%|█         | 49/490 [27:55<4:18:04, 35.11s/row]                                                             [50/490] generated 10 candidates
generate:  10%|█         | 49/490 [28:16<4:18:04, 35.11s/row]generate:  10%|█         | 50/490 [28:16<3:46:02, 30.82s/row]                                                             [51/490] generated 10 candidates
generate:  10%|█         | 50/490 [28:49<3:46:02, 30.82s/row]generate:  10%|█         | 51/490 [28:49<3:50:07, 31.45s/row]                                                             [52/490] generated 10 candidates
generate:  10%|█         | 51/490 [29:12<3:50:07, 31.45s/row]generate:  11%|█         | 52/490 [29:12<3:30:12, 28.80s/row]                                                             [53/490] generated 10 candidates
generate:  11%|█         | 52/490 [29:24<3:30:12, 28.80s/row]generate:  11%|█         | 53/490 [29:24<2:53:24, 23.81s/row]                                                             [54/490] generated 10 candidates
generate:  11%|█         | 53/490 [29:37<2:53:24, 23.81s/row]generate:  11%|█         | 54/490 [29:37<2:30:34, 20.72s/row]                                                             [55/490] generated 10 candidates
generate:  11%|█         | 54/490 [29:58<2:30:34, 20.72s/row]generate:  11%|█         | 55/490 [29:58<2:30:31, 20.76s/row]                                                             [56/490] generated 10 candidates
generate:  11%|█         | 55/490 [34:21<2:30:31, 20.76s/row]generate:  11%|█▏        | 56/490 [34:21<11:14:37, 93.27s/row]                                                              [57/490] generated 10 candidates
generate:  11%|█▏        | 56/490 [34:38<11:14:37, 93.27s/row]generate:  12%|█▏        | 57/490 [34:38<8:28:14, 70.43s/row]                                                              [58/490] generated 10 candidates
generate:  12%|█▏        | 57/490 [35:03<8:28:14, 70.43s/row]generate:  12%|█▏        | 58/490 [35:03<6:48:47, 56.78s/row]                                                             [59/490] generated 10 candidates
generate:  12%|█▏        | 58/490 [35:29<6:48:47, 56.78s/row]generate:  12%|█▏        | 59/490 [35:29<5:41:43, 47.57s/row]                                                             [60/490] generated 10 candidates
generate:  12%|█▏        | 59/490 [36:01<5:41:43, 47.57s/row]generate:  12%|█▏        | 60/490 [36:01<5:09:02, 43.12s/row]                                                             [61/490] generated 10 candidates
generate:  12%|█▏        | 60/490 [36:48<5:09:02, 43.12s/row]generate:  12%|█▏        | 61/490 [36:48<5:16:20, 44.24s/row]                                                             [62/490] generated 10 candidates
generate:  12%|█▏        | 61/490 [37:06<5:16:20, 44.24s/row]generate:  13%|█▎        | 62/490 [37:06<4:18:09, 36.19s/row]                                                             [63/490] generated 10 candidates
generate:  13%|█▎        | 62/490 [37:26<4:18:09, 36.19s/row]generate:  13%|█▎        | 63/490 [37:26<3:43:04, 31.35s/row]                                                             [64/490] generated 10 candidates
generate:  13%|█▎        | 63/490 [37:42<3:43:04, 31.35s/row]generate:  13%|█▎        | 64/490 [37:42<3:11:03, 26.91s/row]                                                             [65/490] generated 10 candidates
generate:  13%|█▎        | 64/490 [38:58<3:11:03, 26.91s/row]generate:  13%|█▎        | 65/490 [38:58<4:53:50, 41.48s/row]                                                             [66/490] generated 10 candidates
generate:  13%|█▎        | 65/490 [40:23<4:53:50, 41.48s/row]generate:  13%|█▎        | 66/490 [40:23<6:24:57, 54.48s/row]                                                             [67/490] generated 10 candidates
generate:  13%|█▎        | 66/490 [40:46<6:24:57, 54.48s/row]generate:  14%|█▎        | 67/490 [40:46<5:19:11, 45.27s/row]                                                             [68/490] generated 10 candidates
generate:  14%|█▎        | 67/490 [41:15<5:19:11, 45.27s/row]generate:  14%|█▍        | 68/490 [41:15<4:42:49, 40.21s/row]                                                             [69/490] generated 10 candidates
generate:  14%|█▍        | 68/490 [41:32<4:42:49, 40.21s/row]generate:  14%|█▍        | 69/490 [41:32<3:54:29, 33.42s/row]                                                             [70/490] generated 10 candidates
generate:  14%|█▍        | 69/490 [41:58<3:54:29, 33.42s/row]generate:  14%|█▍        | 70/490 [41:58<3:37:53, 31.13s/row]                                                             [71/490] generated 10 candidates
generate:  14%|█▍        | 70/490 [42:27<3:37:53, 31.13s/row]generate:  14%|█▍        | 71/490 [42:27<3:33:16, 30.54s/row]                                                             [72/490] generated 10 candidates
generate:  14%|█▍        | 71/490 [42:46<3:33:16, 30.54s/row]generate:  15%|█▍        | 72/490 [42:46<3:08:12, 27.02s/row]                                                             [73/490] generated 10 candidates
generate:  15%|█▍        | 72/490 [43:04<3:08:12, 27.02s/row]generate:  15%|█▍        | 73/490 [43:04<2:47:48, 24.14s/row]                                                             [74/490] generated 10 candidates
generate:  15%|█▍        | 73/490 [43:48<2:47:48, 24.14s/row]generate:  15%|█▌        | 74/490 [43:48<3:30:10, 30.31s/row]                                                             [75/490] generated 10 candidates
generate:  15%|█▌        | 74/490 [44:00<3:30:10, 30.31s/row]generate:  15%|█▌        | 75/490 [44:00<2:50:50, 24.70s/row]                                                             [76/490] generated 10 candidates
generate:  15%|█▌        | 75/490 [44:21<2:50:50, 24.70s/row]generate:  16%|█▌        | 76/490 [44:21<2:43:36, 23.71s/row]                                                             [77/490] generated 10 candidates
generate:  16%|█▌        | 76/490 [44:37<2:43:36, 23.71s/row]generate:  16%|█▌        | 77/490 [44:37<2:27:30, 21.43s/row]                                                             [78/490] generated 10 candidates
generate:  16%|█▌        | 77/490 [45:56<2:27:30, 21.43s/row]generate:  16%|█▌        | 78/490 [45:56<4:24:39, 38.54s/row]                                                             [79/490] generated 10 candidates
generate:  16%|█▌        | 78/490 [46:13<4:24:39, 38.54s/row]generate:  16%|█▌        | 79/490 [46:13<3:40:55, 32.25s/row]                                                             [80/490] generated 10 candidates
generate:  16%|█▌        | 79/490 [46:27<3:40:55, 32.25s/row]generate:  16%|█▋        | 80/490 [46:27<3:01:53, 26.62s/row]                                                             [81/490] generated 10 candidates
generate:  16%|█▋        | 80/490 [46:48<3:01:53, 26.62s/row]generate:  17%|█▋        | 81/490 [46:48<2:50:57, 25.08s/row]                                                             [82/490] generated 10 candidates
generate:  17%|█▋        | 81/490 [47:15<2:50:57, 25.08s/row]generate:  17%|█▋        | 82/490 [47:15<2:54:27, 25.66s/row]                                                             [83/490] generated 10 candidates
generate:  17%|█▋        | 82/490 [51:40<2:54:27, 25.66s/row]generate:  17%|█▋        | 83/490 [51:40<10:59:41, 97.25s/row]                                                              [84/490] generated 10 candidates
generate:  17%|█▋        | 83/490 [51:56<10:59:41, 97.25s/row]generate:  17%|█▋        | 84/490 [51:56<8:13:34, 72.94s/row]                                                              [85/490] generated 10 candidates
generate:  17%|█▋        | 84/490 [52:15<8:13:34, 72.94s/row]generate:  17%|█▋        | 85/490 [52:15<6:23:48, 56.86s/row]                                                             [86/490] generated 10 candidates
generate:  17%|█▋        | 85/490 [52:29<6:23:48, 56.86s/row]generate:  18%|█▊        | 86/490 [52:29<4:56:36, 44.05s/row]                                                             [87/490] generated 10 candidates
generate:  18%|█▊        | 86/490 [53:15<4:56:36, 44.05s/row]generate:  18%|█▊        | 87/490 [53:15<4:58:35, 44.45s/row]                                                             [88/490] generated 10 candidates
generate:  18%|█▊        | 87/490 [53:44<4:58:35, 44.45s/row]generate:  18%|█▊        | 88/490 [53:44<4:27:35, 39.94s/row]                                                             [89/490] generated 10 candidates
generate:  18%|█▊        | 88/490 [54:45<4:27:35, 39.94s/row]generate:  18%|█▊        | 89/490 [54:45<5:08:45, 46.20s/row]                                                             [90/490] generated 10 candidates
generate:  18%|█▊        | 89/490 [54:59<5:08:45, 46.20s/row]generate:  18%|█▊        | 90/490 [54:59<4:04:13, 36.63s/row]                                                             [91/490] generated 10 candidates
generate:  18%|█▊        | 90/490 [55:22<4:04:13, 36.63s/row]generate:  19%|█▊        | 91/490 [55:22<3:36:15, 32.52s/row]                                                             [92/490] generated 10 candidates
generate:  19%|█▊        | 91/490 [55:52<3:36:15, 32.52s/row]generate:  19%|█▉        | 92/490 [55:52<3:29:14, 31.54s/row]                                                             [93/490] generated 10 candidates
generate:  19%|█▉        | 92/490 [56:28<3:29:14, 31.54s/row]generate:  19%|█▉        | 93/490 [56:28<3:39:16, 33.14s/row]                                                             [94/490] generated 10 candidates
generate:  19%|█▉        | 93/490 [56:45<3:39:16, 33.14s/row]generate:  19%|█▉        | 94/490 [56:45<3:05:55, 28.17s/row]                                                             [95/490] generated 10 candidates
generate:  19%|█▉        | 94/490 [57:33<3:05:55, 28.17s/row]generate:  19%|█▉        | 95/490 [57:33<3:44:38, 34.12s/row]                                                             [96/490] generated 10 candidates
generate:  19%|█▉        | 95/490 [58:02<3:44:38, 34.12s/row]generate:  20%|█▉        | 96/490 [58:02<3:34:46, 32.71s/row]                                                             [97/490] generated 10 candidates
generate:  20%|█▉        | 96/490 [58:31<3:34:46, 32.71s/row]generate:  20%|█▉        | 97/490 [58:31<3:27:01, 31.61s/row]                                                             [98/490] generated 10 candidates
generate:  20%|█▉        | 97/490 [59:30<3:27:01, 31.61s/row]generate:  20%|██        | 98/490 [59:30<4:19:22, 39.70s/row]                                                             [99/490] generated 10 candidates
generate:  20%|██        | 98/490 [59:39<4:19:22, 39.70s/row]generate:  20%|██        | 99/490 [59:39<3:17:51, 30.36s/row]                                                             [100/490] generated 10 candidates
generate:  20%|██        | 99/490 [1:00:06<3:17:51, 30.36s/row]generate:  20%|██        | 100/490 [1:00:06<3:11:11, 29.41s/row]                                                                [101/490] generated 10 candidates
generate:  20%|██        | 100/490 [1:00:31<3:11:11, 29.41s/row]generate:  21%|██        | 101/490 [1:00:31<3:01:32, 28.00s/row]                                                                [102/490] generated 10 candidates
generate:  21%|██        | 101/490 [1:01:01<3:01:32, 28.00s/row]generate:  21%|██        | 102/490 [1:01:01<3:05:14, 28.65s/row]                                                                [103/490] generated 10 candidates
generate:  21%|██        | 102/490 [1:01:17<3:05:14, 28.65s/row]generate:  21%|██        | 103/490 [1:01:17<2:40:26, 24.87s/row]                                                                [104/490] generated 10 candidates
generate:  21%|██        | 103/490 [1:01:37<2:40:26, 24.87s/row]generate:  21%|██        | 104/490 [1:01:37<2:31:32, 23.56s/row]                                                                [105/490] generated 10 candidates
generate:  21%|██        | 104/490 [1:02:02<2:31:32, 23.56s/row]generate:  21%|██▏       | 105/490 [1:02:02<2:34:10, 24.03s/row]                                                                [106/490] generated 10 candidates
generate:  21%|██▏       | 105/490 [1:02:45<2:34:10, 24.03s/row]generate:  22%|██▏       | 106/490 [1:02:45<3:09:13, 29.57s/row]                                                                [107/490] generated 10 candidates
generate:  22%|██▏       | 106/490 [1:03:07<3:09:13, 29.57s/row]generate:  22%|██▏       | 107/490 [1:03:07<2:55:27, 27.49s/row]                                                                [108/490] generated 10 candidates
generate:  22%|██▏       | 107/490 [1:03:21<2:55:27, 27.49s/row]generate:  22%|██▏       | 108/490 [1:03:21<2:29:01, 23.41s/row]                                                                [109/490] generated 10 candidates
generate:  22%|██▏       | 108/490 [1:03:53<2:29:01, 23.41s/row]generate:  22%|██▏       | 109/490 [1:03:53<2:44:31, 25.91s/row]                                                                [110/490] generated 10 candidates
generate:  22%|██▏       | 109/490 [1:04:36<2:44:31, 25.91s/row]generate:  22%|██▏       | 110/490 [1:04:36<3:16:34, 31.04s/row]                                                                [111/490] generated 10 candidates
generate:  22%|██▏       | 110/490 [1:05:00<3:16:34, 31.04s/row]generate:  23%|██▎       | 111/490 [1:05:00<3:03:28, 29.05s/row]                                                                [112/490] generated 10 candidates
generate:  23%|██▎       | 111/490 [1:05:30<3:03:28, 29.05s/row]generate:  23%|██▎       | 112/490 [1:05:30<3:03:20, 29.10s/row]                                                                [113/490] generated 10 candidates
generate:  23%|██▎       | 112/490 [1:05:40<3:03:20, 29.10s/row]generate:  23%|██▎       | 113/490 [1:05:40<2:27:57, 23.55s/row]                                                                [114/490] generated 10 candidates
generate:  23%|██▎       | 113/490 [1:06:06<2:27:57, 23.55s/row]generate:  23%|██▎       | 114/490 [1:06:06<2:31:39, 24.20s/row]                                                                [115/490] generated 10 candidates
generate:  23%|██▎       | 114/490 [1:06:23<2:31:39, 24.20s/row]generate:  23%|██▎       | 115/490 [1:06:23<2:18:22, 22.14s/row]                                                                [116/490] generated 10 candidates
generate:  23%|██▎       | 115/490 [1:06:40<2:18:22, 22.14s/row]generate:  24%|██▎       | 116/490 [1:06:40<2:08:09, 20.56s/row]                                                                [117/490] generated 10 candidates
generate:  24%|██▎       | 116/490 [1:07:06<2:08:09, 20.56s/row]generate:  24%|██▍       | 117/490 [1:07:06<2:17:33, 22.13s/row]                                                                [118/490] generated 10 candidates
generate:  24%|██▍       | 117/490 [1:07:35<2:17:33, 22.13s/row]generate:  24%|██▍       | 118/490 [1:07:35<2:29:16, 24.08s/row]                                                                [119/490] generated 10 candidates
generate:  24%|██▍       | 118/490 [1:08:01<2:29:16, 24.08s/row]generate:  24%|██▍       | 119/490 [1:08:01<2:33:44, 24.86s/row]                                                                [120/490] generated 10 candidates
generate:  24%|██▍       | 119/490 [1:08:25<2:33:44, 24.86s/row]generate:  24%|██▍       | 120/490 [1:08:25<2:31:03, 24.50s/row]                                                                [121/490] generated 10 candidates
generate:  24%|██▍       | 120/490 [1:08:44<2:31:03, 24.50s/row]generate:  25%|██▍       | 121/490 [1:08:44<2:20:03, 22.77s/row]                                                                [122/490] generated 10 candidates
generate:  25%|██▍       | 121/490 [1:09:17<2:20:03, 22.77s/row]generate:  25%|██▍       | 122/490 [1:09:17<2:38:12, 25.80s/row]                                                                [123/490] generated 10 candidates
generate:  25%|██▍       | 122/490 [1:09:33<2:38:12, 25.80s/row]generate:  25%|██▌       | 123/490 [1:09:33<2:20:01, 22.89s/row]                                                                [124/490] generated 10 candidates
generate:  25%|██▌       | 123/490 [1:10:08<2:20:01, 22.89s/row]generate:  25%|██▌       | 124/490 [1:10:08<2:41:43, 26.51s/row]                                                                [125/490] generated 10 candidates
generate:  25%|██▌       | 124/490 [1:10:37<2:41:43, 26.51s/row]generate:  26%|██▌       | 125/490 [1:10:37<2:45:50, 27.26s/row]                                                                [126/490] generated 10 candidates
generate:  26%|██▌       | 125/490 [1:10:53<2:45:50, 27.26s/row]generate:  26%|██▌       | 126/490 [1:10:53<2:26:12, 24.10s/row]                                                                [127/490] generated 10 candidates
generate:  26%|██▌       | 126/490 [1:15:17<2:26:12, 24.10s/row]generate:  26%|██▌       | 127/490 [1:15:17<9:41:03, 96.04s/row]                                                                [128/490] generated 10 candidates
generate:  26%|██▌       | 127/490 [1:16:02<9:41:03, 96.04s/row]generate:  26%|██▌       | 128/490 [1:16:02<8:06:39, 80.66s/row]                                                                [129/490] generated 10 candidates
generate:  26%|██▌       | 128/490 [1:16:29<8:06:39, 80.66s/row]generate:  26%|██▋       | 129/490 [1:16:29<6:28:30, 64.57s/row]                                                                [130/490] generated 10 candidates
generate:  26%|██▋       | 129/490 [1:16:46<6:28:30, 64.57s/row]generate:  27%|██▋       | 130/490 [1:16:46<5:02:09, 50.36s/row]                                                                [131/490] generated 10 candidates
generate:  27%|██▋       | 130/490 [1:17:42<5:02:09, 50.36s/row]generate:  27%|██▋       | 131/490 [1:17:42<5:11:39, 52.09s/row]                                                                [132/490] generated 10 candidates
generate:  27%|██▋       | 131/490 [1:20:28<5:11:39, 52.09s/row]generate:  27%|██▋       | 132/490 [1:20:28<8:33:44, 86.10s/row]                                                                [133/490] generated 10 candidates
generate:  27%|██▋       | 132/490 [1:20:42<8:33:44, 86.10s/row]generate:  27%|██▋       | 133/490 [1:20:42<6:24:30, 64.62s/row]                                                                [134/490] generated 10 candidates
generate:  27%|██▋       | 133/490 [1:21:12<6:24:30, 64.62s/row]generate:  27%|██▋       | 134/490 [1:21:12<5:21:29, 54.18s/row]                                                                [135/490] generated 10 candidates
generate:  27%|██▋       | 134/490 [1:21:49<5:21:29, 54.18s/row]generate:  28%|██▊       | 135/490 [1:21:49<4:49:33, 48.94s/row]                                                                [136/490] generated 10 candidates
generate:  28%|██▊       | 135/490 [1:22:21<4:49:33, 48.94s/row]generate:  28%|██▊       | 136/490 [1:22:21<4:18:59, 43.90s/row]                                                                [137/490] generated 10 candidates
generate:  28%|██▊       | 136/490 [1:23:08<4:18:59, 43.90s/row]generate:  28%|██▊       | 137/490 [1:23:08<4:23:14, 44.74s/row]                                                                [138/490] generated 10 candidates
generate:  28%|██▊       | 137/490 [1:23:32<4:23:14, 44.74s/row]generate:  28%|██▊       | 138/490 [1:23:32<3:46:33, 38.62s/row]                                                                [139/490] generated 10 candidates
generate:  28%|██▊       | 138/490 [1:24:01<3:46:33, 38.62s/row]generate:  28%|██▊       | 139/490 [1:24:01<3:28:56, 35.72s/row]                                                                [140/490] generated 10 candidates
generate:  28%|██▊       | 139/490 [1:24:54<3:28:56, 35.72s/row]generate:  29%|██▊       | 140/490 [1:24:54<3:58:28, 40.88s/row]                                                                [141/490] generated 10 candidates
generate:  29%|██▊       | 140/490 [1:27:59<3:58:28, 40.88s/row]generate:  29%|██▉       | 141/490 [1:27:59<8:09:23, 84.14s/row]                                                                [142/490] generated 10 candidates
generate:  29%|██▉       | 141/490 [1:28:13<8:09:23, 84.14s/row]generate:  29%|██▉       | 142/490 [1:28:13<6:05:30, 63.02s/row]                                                                [143/490] generated 10 candidates
generate:  29%|██▉       | 142/490 [1:28:24<6:05:30, 63.02s/row]generate:  29%|██▉       | 143/490 [1:28:24<4:34:48, 47.52s/row]                                                                [144/490] generated 10 candidates
generate:  29%|██▉       | 143/490 [1:28:58<4:34:48, 47.52s/row]generate:  29%|██▉       | 144/490 [1:28:58<4:09:45, 43.31s/row]                                                                [145/490] generated 10 candidates
generate:  29%|██▉       | 144/490 [1:29:48<4:09:45, 43.31s/row]generate:  30%|██▉       | 145/490 [1:29:48<4:21:15, 45.44s/row]                                                                [146/490] generated 10 candidates
generate:  30%|██▉       | 145/490 [1:30:02<4:21:15, 45.44s/row]generate:  30%|██▉       | 146/490 [1:30:02<3:26:02, 35.94s/row]                                                                [147/490] generated 10 candidates
generate:  30%|██▉       | 146/490 [1:30:30<3:26:02, 35.94s/row]generate:  30%|███       | 147/490 [1:30:30<3:12:57, 33.75s/row]                                                                [148/490] generated 10 candidates
generate:  30%|███       | 147/490 [1:30:53<3:12:57, 33.75s/row]generate:  30%|███       | 148/490 [1:30:53<2:53:02, 30.36s/row]                                                                [149/490] generated 10 candidates
generate:  30%|███       | 148/490 [1:32:38<2:53:02, 30.36s/row]generate:  30%|███       | 149/490 [1:32:38<4:59:59, 52.78s/row]                                                                [150/490] generated 10 candidates
generate:  30%|███       | 149/490 [1:33:09<4:59:59, 52.78s/row]generate:  31%|███       | 150/490 [1:33:09<4:21:47, 46.20s/row]                                                                [151/490] generated 10 candidates
generate:  31%|███       | 150/490 [1:33:47<4:21:47, 46.20s/row]generate:  31%|███       | 151/490 [1:33:47<4:07:52, 43.87s/row]                                                                [152/490] generated 10 candidates
generate:  31%|███       | 151/490 [1:34:12<4:07:52, 43.87s/row]generate:  31%|███       | 152/490 [1:34:12<3:34:35, 38.09s/row]                                                                [153/490] generated 10 candidates
generate:  31%|███       | 152/490 [1:34:22<3:34:35, 38.09s/row]generate:  31%|███       | 153/490 [1:34:22<2:47:02, 29.74s/row]                                                                [154/490] generated 10 candidates
generate:  31%|███       | 153/490 [1:35:07<2:47:02, 29.74s/row]generate:  31%|███▏      | 154/490 [1:35:07<3:12:19, 34.34s/row]                                                                [155/490] generated 10 candidates
generate:  31%|███▏      | 154/490 [1:35:22<3:12:19, 34.34s/row]generate:  32%|███▏      | 155/490 [1:35:22<2:39:13, 28.52s/row]                                                                [156/490] generated 10 candidates
generate:  32%|███▏      | 155/490 [1:35:59<2:39:13, 28.52s/row]generate:  32%|███▏      | 156/490 [1:35:59<2:52:44, 31.03s/row]                                                                [157/490] generated 10 candidates
generate:  32%|███▏      | 156/490 [1:38:16<2:52:44, 31.03s/row]generate:  32%|███▏      | 157/490 [1:38:16<5:49:06, 62.90s/row]                                                                [158/490] generated 10 candidates
generate:  32%|███▏      | 157/490 [1:38:36<5:49:06, 62.90s/row]generate:  32%|███▏      | 158/490 [1:38:36<4:36:37, 49.99s/row]                                                                [159/490] generated 10 candidates
generate:  32%|███▏      | 158/490 [1:38:52<4:36:37, 49.99s/row]generate:  32%|███▏      | 159/490 [1:38:52<3:39:05, 39.71s/row]                                                                [160/490] generated 10 candidates
generate:  32%|███▏      | 159/490 [1:39:19<3:39:05, 39.71s/row]generate:  33%|███▎      | 160/490 [1:39:19<3:17:42, 35.95s/row]                                                                [161/490] generated 10 candidates
generate:  33%|███▎      | 160/490 [1:39:44<3:17:42, 35.95s/row]generate:  33%|███▎      | 161/490 [1:39:44<2:58:24, 32.54s/row]                                                                [162/490] generated 10 candidates
generate:  33%|███▎      | 161/490 [1:40:20<2:58:24, 32.54s/row]generate:  33%|███▎      | 162/490 [1:40:20<3:03:25, 33.55s/row]                                                                [163/490] generated 10 candidates
generate:  33%|███▎      | 162/490 [1:40:42<3:03:25, 33.55s/row]generate:  33%|███▎      | 163/490 [1:40:42<2:45:13, 30.32s/row]                                                                [164/490] generated 10 candidates
generate:  33%|███▎      | 163/490 [1:40:59<2:45:13, 30.32s/row]generate:  33%|███▎      | 164/490 [1:40:59<2:22:49, 26.29s/row]                                                                [165/490] generated 10 candidates
generate:  33%|███▎      | 164/490 [1:41:28<2:22:49, 26.29s/row]generate:  34%|███▎      | 165/490 [1:41:28<2:26:47, 27.10s/row]                                                                [166/490] generated 10 candidates
generate:  34%|███▎      | 165/490 [1:41:53<2:26:47, 27.10s/row]generate:  34%|███▍      | 166/490 [1:41:53<2:21:54, 26.28s/row]                                                                [167/490] generated 10 candidates
generate:  34%|███▍      | 166/490 [1:42:26<2:21:54, 26.28s/row]generate:  34%|███▍      | 167/490 [1:42:26<2:32:31, 28.33s/row]                                                                [168/490] generated 10 candidates
generate:  34%|███▍      | 167/490 [1:42:53<2:32:31, 28.33s/row]generate:  34%|███▍      | 168/490 [1:42:53<2:30:08, 27.98s/row]                                                                [169/490] generated 10 candidates
generate:  34%|███▍      | 168/490 [1:43:19<2:30:08, 27.98s/row]generate:  34%|███▍      | 169/490 [1:43:19<2:26:55, 27.46s/row]                                                                [170/490] generated 10 candidates
generate:  34%|███▍      | 169/490 [1:43:31<2:26:55, 27.46s/row]generate:  35%|███▍      | 170/490 [1:43:31<2:00:57, 22.68s/row]                                                                [171/490] generated 10 candidates
generate:  35%|███▍      | 170/490 [1:44:07<2:00:57, 22.68s/row]generate:  35%|███▍      | 171/490 [1:44:07<2:22:34, 26.82s/row]                                                                [172/490] generated 10 candidates
generate:  35%|███▍      | 171/490 [1:44:24<2:22:34, 26.82s/row]generate:  35%|███▌      | 172/490 [1:44:24<2:06:31, 23.87s/row]                                                                [173/490] generated 10 candidates
generate:  35%|███▌      | 172/490 [1:45:12<2:06:31, 23.87s/row]generate:  35%|███▌      | 173/490 [1:45:12<2:43:35, 30.97s/row]                                                                [174/490] generated 10 candidates
generate:  35%|███▌      | 173/490 [1:45:31<2:43:35, 30.97s/row]generate:  36%|███▌      | 174/490 [1:45:31<2:24:19, 27.40s/row]                                                                [175/490] generated 10 candidates
generate:  36%|███▌      | 174/490 [1:45:54<2:24:19, 27.40s/row]generate:  36%|███▌      | 175/490 [1:45:54<2:17:49, 26.25s/row]                                                                [176/490] generated 10 candidates
generate:  36%|███▌      | 175/490 [1:46:11<2:17:49, 26.25s/row]generate:  36%|███▌      | 176/490 [1:46:11<2:02:54, 23.49s/row]                                                                [177/490] generated 10 candidates
generate:  36%|███▌      | 176/490 [1:47:07<2:02:54, 23.49s/row]generate:  36%|███▌      | 177/490 [1:47:07<2:53:34, 33.27s/row]                                                                [178/490] generated 10 candidates
generate:  36%|███▌      | 177/490 [1:47:31<2:53:34, 33.27s/row]generate:  36%|███▋      | 178/490 [1:47:31<2:38:25, 30.47s/row]                                                                [179/490] generated 10 candidates
generate:  36%|███▋      | 178/490 [1:47:59<2:38:25, 30.47s/row]generate:  37%|███▋      | 179/490 [1:47:59<2:33:13, 29.56s/row]                                                                [180/490] generated 10 candidates
generate:  37%|███▋      | 179/490 [1:48:23<2:33:13, 29.56s/row]generate:  37%|███▋      | 180/490 [1:48:23<2:24:12, 27.91s/row]                                                                [181/490] generated 10 candidates
generate:  37%|███▋      | 180/490 [1:48:52<2:24:12, 27.91s/row]generate:  37%|███▋      | 181/490 [1:48:52<2:26:06, 28.37s/row]                                                                [182/490] generated 10 candidates
generate:  37%|███▋      | 181/490 [1:49:30<2:26:06, 28.37s/row]generate:  37%|███▋      | 182/490 [1:49:30<2:40:31, 31.27s/row]                                                                [183/490] generated 10 candidates
generate:  37%|███▋      | 182/490 [1:49:54<2:40:31, 31.27s/row]generate:  37%|███▋      | 183/490 [1:49:54<2:29:01, 29.13s/row]                                                                [184/490] generated 10 candidates
generate:  37%|███▋      | 183/490 [1:50:13<2:29:01, 29.13s/row]generate:  38%|███▊      | 184/490 [1:50:13<2:12:32, 25.99s/row]                                                                [185/490] generated 10 candidates
generate:  38%|███▊      | 184/490 [1:50:34<2:12:32, 25.99s/row]generate:  38%|███▊      | 185/490 [1:50:34<2:04:42, 24.53s/row]                                                                [186/490] generated 10 candidates
generate:  38%|███▊      | 185/490 [1:51:19<2:04:42, 24.53s/row]generate:  38%|███▊      | 186/490 [1:51:19<2:35:10, 30.63s/row]                                                                [187/490] generated 10 candidates
generate:  38%|███▊      | 186/490 [1:52:29<2:35:10, 30.63s/row]generate:  38%|███▊      | 187/490 [1:52:29<3:34:01, 42.38s/row]                                                                [188/490] generated 10 candidates
generate:  38%|███▊      | 187/490 [1:52:49<3:34:01, 42.38s/row]generate:  38%|███▊      | 188/490 [1:52:49<2:59:51, 35.73s/row]                                                                [189/490] generated 10 candidates
generate:  38%|███▊      | 188/490 [1:53:13<2:59:51, 35.73s/row]generate:  39%|███▊      | 189/490 [1:53:13<2:41:46, 32.25s/row]                                                                [190/490] generated 10 candidates
generate:  39%|███▊      | 189/490 [1:53:36<2:41:46, 32.25s/row]generate:  39%|███▉      | 190/490 [1:53:36<2:27:19, 29.46s/row]                                                                [191/490] generated 10 candidates
generate:  39%|███▉      | 190/490 [1:54:12<2:27:19, 29.46s/row]generate:  39%|███▉      | 191/490 [1:54:12<2:36:55, 31.49s/row]                                                                [192/490] generated 10 candidates
generate:  39%|███▉      | 191/490 [1:54:31<2:36:55, 31.49s/row]generate:  39%|███▉      | 192/490 [1:54:31<2:16:50, 27.55s/row]                                                                [193/490] generated 10 candidates
generate:  39%|███▉      | 192/490 [1:55:18<2:16:50, 27.55s/row]generate:  39%|███▉      | 193/490 [1:55:18<2:44:49, 33.30s/row]                                                                [194/490] generated 10 candidates
generate:  39%|███▉      | 193/490 [1:55:38<2:44:49, 33.30s/row]generate:  40%|███▉      | 194/490 [1:55:38<2:25:31, 29.50s/row]                                                                [195/490] generated 10 candidates
generate:  40%|███▉      | 194/490 [1:55:55<2:25:31, 29.50s/row]generate:  40%|███▉      | 195/490 [1:55:55<2:05:44, 25.57s/row]                                                                [196/490] generated 10 candidates
generate:  40%|███▉      | 195/490 [1:56:18<2:05:44, 25.57s/row]generate:  40%|████      | 196/490 [1:56:18<2:01:29, 24.79s/row]                                                                [197/490] generated 10 candidates
generate:  40%|████      | 196/490 [1:56:38<2:01:29, 24.79s/row]generate:  40%|████      | 197/490 [1:56:38<1:54:20, 23.41s/row]                                                                [198/490] generated 10 candidates
generate:  40%|████      | 197/490 [1:57:05<1:54:20, 23.41s/row]generate:  40%|████      | 198/490 [1:57:05<1:59:30, 24.56s/row]                                                                [199/490] generated 10 candidates
generate:  40%|████      | 198/490 [1:58:03<1:59:30, 24.56s/row]generate:  41%|████      | 199/490 [1:58:03<2:48:21, 34.71s/row]                                                                [200/490] generated 10 candidates
generate:  41%|████      | 199/490 [1:58:22<2:48:21, 34.71s/row]generate:  41%|████      | 200/490 [1:58:22<2:24:47, 29.96s/row]                                                                [201/490] generated 10 candidates
generate:  41%|████      | 200/490 [1:59:02<2:24:47, 29.96s/row]generate:  41%|████      | 201/490 [1:59:02<2:38:56, 33.00s/row]                                                                [202/490] generated 10 candidates
generate:  41%|████      | 201/490 [2:00:05<2:38:56, 33.00s/row]generate:  41%|████      | 202/490 [2:00:05<3:21:06, 41.90s/row]                                                                [203/490] generated 10 candidates
generate:  41%|████      | 202/490 [2:00:19<3:21:06, 41.90s/row]generate:  41%|████▏     | 203/490 [2:00:19<2:40:39, 33.59s/row]                                                                [204/490] generated 10 candidates
generate:  41%|████▏     | 203/490 [2:00:39<2:40:39, 33.59s/row]generate:  42%|████▏     | 204/490 [2:00:39<2:20:01, 29.37s/row]                                                                [205/490] generated 10 candidates
generate:  42%|████▏     | 204/490 [2:01:04<2:20:01, 29.37s/row]generate:  42%|████▏     | 205/490 [2:01:04<2:14:08, 28.24s/row]                                                                [206/490] generated 10 candidates
generate:  42%|████▏     | 205/490 [2:01:35<2:14:08, 28.24s/row]generate:  42%|████▏     | 206/490 [2:01:35<2:17:31, 29.06s/row]                                                                [207/490] generated 10 candidates
generate:  42%|████▏     | 206/490 [2:02:07<2:17:31, 29.06s/row]generate:  42%|████▏     | 207/490 [2:02:07<2:20:24, 29.77s/row]                                                                [208/490] generated 10 candidates
generate:  42%|████▏     | 207/490 [2:02:19<2:20:24, 29.77s/row]generate:  42%|████▏     | 208/490 [2:02:19<1:54:57, 24.46s/row]                                                                [209/490] generated 10 candidates
generate:  42%|████▏     | 208/490 [2:02:38<1:54:57, 24.46s/row]generate:  43%|████▎     | 209/490 [2:02:38<1:47:46, 23.01s/row]                                                                [210/490] generated 10 candidates
generate:  43%|████▎     | 209/490 [2:03:07<1:47:46, 23.01s/row]generate:  43%|████▎     | 210/490 [2:03:07<1:55:04, 24.66s/row]                                                                [211/490] generated 10 candidates
generate:  43%|████▎     | 210/490 [2:03:27<1:55:04, 24.66s/row]generate:  43%|████▎     | 211/490 [2:03:27<1:48:04, 23.24s/row]                                                                [212/490] generated 10 candidates
generate:  43%|████▎     | 211/490 [2:04:50<1:48:04, 23.24s/row]generate:  43%|████▎     | 212/490 [2:04:50<3:11:31, 41.34s/row]                                                                [213/490] generated 10 candidates
generate:  43%|████▎     | 212/490 [2:05:09<3:11:31, 41.34s/row]generate:  43%|████▎     | 213/490 [2:05:09<2:38:44, 34.38s/row]                                                                [214/490] generated 10 candidates
generate:  43%|████▎     | 213/490 [2:05:28<2:38:44, 34.38s/row]generate:  44%|████▎     | 214/490 [2:05:28<2:18:01, 30.01s/row]                                                                [215/490] generated 10 candidates
generate:  44%|████▎     | 214/490 [2:05:46<2:18:01, 30.01s/row]generate:  44%|████▍     | 215/490 [2:05:46<1:59:50, 26.15s/row]                                                                [216/490] generated 10 candidates
generate:  44%|████▍     | 215/490 [2:06:31<1:59:50, 26.15s/row]generate:  44%|████▍     | 216/490 [2:06:31<2:25:17, 31.82s/row]                                                                [217/490] generated 10 candidates
generate:  44%|████▍     | 216/490 [2:06:50<2:25:17, 31.82s/row]generate:  44%|████▍     | 217/490 [2:06:50<2:07:56, 28.12s/row]                                                                [218/490] generated 10 candidates
generate:  44%|████▍     | 217/490 [2:07:56<2:07:56, 28.12s/row]generate:  44%|████▍     | 218/490 [2:07:56<2:59:10, 39.52s/row]                                                                [219/490] generated 10 candidates
generate:  44%|████▍     | 218/490 [2:08:52<2:59:10, 39.52s/row]generate:  45%|████▍     | 219/490 [2:08:52<3:19:58, 44.28s/row]                                                                [220/490] generated 10 candidates
generate:  45%|████▍     | 219/490 [2:09:12<3:19:58, 44.28s/row]generate:  45%|████▍     | 220/490 [2:09:12<2:47:37, 37.25s/row]                                                                [221/490] generated 10 candidates
generate:  45%|████▍     | 220/490 [2:09:50<2:47:37, 37.25s/row]generate:  45%|████▌     | 221/490 [2:09:50<2:47:20, 37.32s/row]                                                                [222/490] generated 10 candidates
generate:  45%|████▌     | 221/490 [2:10:15<2:47:20, 37.32s/row]generate:  45%|████▌     | 222/490 [2:10:15<2:30:05, 33.60s/row]                                                                [223/490] generated 10 candidates
generate:  45%|████▌     | 222/490 [2:14:42<2:30:05, 33.60s/row]generate:  46%|████▌     | 223/490 [2:14:42<7:40:59, 103.59s/row]                                                                 [224/490] generated 10 candidates
generate:  46%|████▌     | 223/490 [2:15:06<7:40:59, 103.59s/row]generate:  46%|████▌     | 224/490 [2:15:06<5:53:21, 79.70s/row]                                                                 [225/490] generated 10 candidates
generate:  46%|████▌     | 224/490 [2:15:24<5:53:21, 79.70s/row]generate:  46%|████▌     | 225/490 [2:15:24<4:30:30, 61.25s/row]                                                                [226/490] generated 10 candidates
generate:  46%|████▌     | 225/490 [2:15:36<4:30:30, 61.25s/row]generate:  46%|████▌     | 226/490 [2:15:36<3:24:25, 46.46s/row]                                                                [227/490] generated 10 candidates
generate:  46%|████▌     | 226/490 [2:16:05<3:24:25, 46.46s/row]generate:  46%|████▋     | 227/490 [2:16:05<3:01:07, 41.32s/row]                                                                [228/490] generated 10 candidates
generate:  46%|████▋     | 227/490 [2:16:21<3:01:07, 41.32s/row]generate:  47%|████▋     | 228/490 [2:16:21<2:27:07, 33.69s/row]                                                                [229/490] generated 10 candidates
generate:  47%|████▋     | 228/490 [2:16:50<2:27:07, 33.69s/row]generate:  47%|████▋     | 229/490 [2:16:50<2:19:52, 32.16s/row]                                                                [230/490] generated 10 candidates
generate:  47%|████▋     | 229/490 [2:17:09<2:19:52, 32.16s/row]generate:  47%|████▋     | 230/490 [2:17:09<2:03:04, 28.40s/row]                                                                [231/490] generated 10 candidates
generate:  47%|████▋     | 230/490 [2:17:48<2:03:04, 28.40s/row]generate:  47%|████▋     | 231/490 [2:17:48<2:16:11, 31.55s/row]                                                                [232/490] generated 10 candidates
generate:  47%|████▋     | 231/490 [2:18:17<2:16:11, 31.55s/row]generate:  47%|████▋     | 232/490 [2:18:17<2:11:49, 30.66s/row]                                                                [233/490] generated 10 candidates
generate:  47%|████▋     | 232/490 [2:18:28<2:11:49, 30.66s/row]generate:  48%|████▊     | 233/490 [2:18:28<1:46:34, 24.88s/row]                                                                [234/490] generated 10 candidates
generate:  48%|████▊     | 233/490 [2:19:04<1:46:34, 24.88s/row]generate:  48%|████▊     | 234/490 [2:19:04<2:00:12, 28.17s/row]                                                                [235/490] generated 10 candidates
generate:  48%|████▊     | 234/490 [2:19:59<2:00:12, 28.17s/row]generate:  48%|████▊     | 235/490 [2:19:59<2:33:57, 36.23s/row]                                                                [236/490] generated 10 candidates
generate:  48%|████▊     | 235/490 [2:20:25<2:33:57, 36.23s/row]generate:  48%|████▊     | 236/490 [2:20:25<2:19:44, 33.01s/row]                                                                [237/490] generated 10 candidates
generate:  48%|████▊     | 236/490 [2:20:47<2:19:44, 33.01s/row]generate:  48%|████▊     | 237/490 [2:20:47<2:06:10, 29.92s/row]                                                                [238/490] generated 10 candidates
generate:  48%|████▊     | 237/490 [2:21:06<2:06:10, 29.92s/row]generate:  49%|████▊     | 238/490 [2:21:06<1:52:13, 26.72s/row]                                                                [239/490] generated 10 candidates
generate:  49%|████▊     | 238/490 [2:21:23<1:52:13, 26.72s/row]generate:  49%|████▉     | 239/490 [2:21:23<1:39:31, 23.79s/row]                                                                [240/490] generated 10 candidates
generate:  49%|████▉     | 239/490 [2:21:43<1:39:31, 23.79s/row]generate:  49%|████▉     | 240/490 [2:21:43<1:33:51, 22.53s/row]                                                                [241/490] generated 10 candidates
generate:  49%|████▉     | 240/490 [2:22:06<1:33:51, 22.53s/row]generate:  49%|████▉     | 241/490 [2:22:06<1:33:42, 22.58s/row]                                                                [242/490] generated 10 candidates
generate:  49%|████▉     | 241/490 [2:22:38<1:33:42, 22.58s/row]generate:  49%|████▉     | 242/490 [2:22:38<1:45:46, 25.59s/row]                                                                [243/490] generated 10 candidates
generate:  49%|████▉     | 242/490 [2:22:51<1:45:46, 25.59s/row]generate:  50%|████▉     | 243/490 [2:22:51<1:29:30, 21.74s/row]                                                                [244/490] generated 10 candidates
generate:  50%|████▉     | 243/490 [2:23:19<1:29:30, 21.74s/row]generate:  50%|████▉     | 244/490 [2:23:19<1:36:35, 23.56s/row]                                                                [245/490] generated 10 candidates
generate:  50%|████▉     | 244/490 [2:24:04<1:36:35, 23.56s/row]generate:  50%|█████     | 245/490 [2:24:04<2:02:56, 30.11s/row]                                                                [246/490] generated 10 candidates
generate:  50%|█████     | 245/490 [2:24:53<2:02:56, 30.11s/row]generate:  50%|█████     | 246/490 [2:24:53<2:25:35, 35.80s/row]                                                                [247/490] generated 10 candidates
generate:  50%|█████     | 246/490 [2:25:20<2:25:35, 35.80s/row]generate:  50%|█████     | 247/490 [2:25:20<2:13:33, 32.98s/row]                                                                [248/490] generated 10 candidates
generate:  50%|█████     | 247/490 [2:25:46<2:13:33, 32.98s/row]generate:  51%|█████     | 248/490 [2:25:46<2:05:08, 31.03s/row]                                                                [249/490] generated 10 candidates
generate:  51%|█████     | 248/490 [2:26:14<2:05:08, 31.03s/row]generate:  51%|█████     | 249/490 [2:26:14<2:00:44, 30.06s/row]                                                                [250/490] generated 10 candidates
generate:  51%|█████     | 249/490 [2:30:37<2:00:44, 30.06s/row]generate:  51%|█████     | 250/490 [2:30:37<6:40:02, 100.01s/row]                                                                 [251/490] generated 10 candidates
generate:  51%|█████     | 250/490 [2:31:05<6:40:02, 100.01s/row]generate:  51%|█████     | 251/490 [2:31:05<5:12:28, 78.44s/row]                                                                 [252/490] generated 10 candidates
generate:  51%|█████     | 251/490 [2:31:23<5:12:28, 78.44s/row]generate:  51%|█████▏    | 252/490 [2:31:23<3:58:38, 60.16s/row]                                                                [253/490] generated 10 candidates
generate:  51%|█████▏    | 252/490 [2:31:45<3:58:38, 60.16s/row]generate:  52%|█████▏    | 253/490 [2:31:45<3:11:58, 48.60s/row]                                                                [254/490] generated 10 candidates
generate:  52%|█████▏    | 253/490 [2:32:13<3:11:58, 48.60s/row]generate:  52%|█████▏    | 254/490 [2:32:13<2:47:04, 42.48s/row]                                                                [255/490] generated 10 candidates
generate:  52%|█████▏    | 254/490 [2:32:36<2:47:04, 42.48s/row]generate:  52%|█████▏    | 255/490 [2:32:36<2:23:43, 36.70s/row]                                                                [256/490] generated 10 candidates
generate:  52%|█████▏    | 255/490 [2:33:41<2:23:43, 36.70s/row]generate:  52%|█████▏    | 256/490 [2:33:41<2:56:14, 45.19s/row]                                                                [257/490] generated 10 candidates
generate:  52%|█████▏    | 256/490 [2:34:01<2:56:14, 45.19s/row]generate:  52%|█████▏    | 257/490 [2:34:01<2:26:24, 37.70s/row]                                                                [258/490] generated 10 candidates
generate:  52%|█████▏    | 257/490 [2:34:43<2:26:24, 37.70s/row]generate:  53%|█████▎    | 258/490 [2:34:43<2:31:01, 39.06s/row]                                                                [259/490] generated 10 candidates
generate:  53%|█████▎    | 258/490 [2:35:23<2:31:01, 39.06s/row]generate:  53%|█████▎    | 259/490 [2:35:23<2:30:58, 39.22s/row]                                                                [260/490] generated 10 candidates
generate:  53%|█████▎    | 259/490 [2:35:48<2:30:58, 39.22s/row]generate:  53%|█████▎    | 260/490 [2:35:48<2:13:27, 34.81s/row]                                                                [261/490] generated 10 candidates
generate:  53%|█████▎    | 260/490 [2:35:55<2:13:27, 34.81s/row]generate:  53%|█████▎    | 261/490 [2:35:55<1:41:41, 26.64s/row]                                                                [262/490] generated 10 candidates
generate:  53%|█████▎    | 261/490 [2:37:03<1:41:41, 26.64s/row]generate:  53%|█████▎    | 262/490 [2:37:03<2:27:43, 38.88s/row]                                                                [263/490] generated 10 candidates
generate:  53%|█████▎    | 262/490 [2:37:25<2:27:43, 38.88s/row]generate:  54%|█████▎    | 263/490 [2:37:25<2:08:13, 33.89s/row]                                                                [264/490] generated 10 candidates
generate:  54%|█████▎    | 263/490 [2:37:48<2:08:13, 33.89s/row]generate:  54%|█████▍    | 264/490 [2:37:48<1:56:01, 30.80s/row]                                                                [265/490] generated 10 candidates
generate:  54%|█████▍    | 264/490 [2:38:19<1:56:01, 30.80s/row]generate:  54%|█████▍    | 265/490 [2:38:19<1:55:34, 30.82s/row]                                                                [266/490] generated 10 candidates
generate:  54%|█████▍    | 265/490 [2:38:39<1:55:34, 30.82s/row]generate:  54%|█████▍    | 266/490 [2:38:39<1:43:14, 27.65s/row]                                                                [267/490] generated 10 candidates
generate:  54%|█████▍    | 266/490 [2:39:05<1:43:14, 27.65s/row]generate:  54%|█████▍    | 267/490 [2:39:05<1:40:55, 27.16s/row]                                                                [268/490] generated 10 candidates
generate:  54%|█████▍    | 267/490 [2:39:24<1:40:55, 27.16s/row]generate:  55%|█████▍    | 268/490 [2:39:24<1:31:11, 24.65s/row]                                                                [269/490] generated 10 candidates
generate:  55%|█████▍    | 268/490 [2:40:29<1:31:11, 24.65s/row]generate:  55%|█████▍    | 269/490 [2:40:29<2:15:04, 36.67s/row]                                                                [270/490] generated 10 candidates
generate:  55%|█████▍    | 269/490 [2:41:00<2:15:04, 36.67s/row]generate:  55%|█████▌    | 270/490 [2:41:00<2:08:29, 35.04s/row]                                                                [271/490] generated 10 candidates
generate:  55%|█████▌    | 270/490 [2:41:27<2:08:29, 35.04s/row]generate:  55%|█████▌    | 271/490 [2:41:27<1:59:04, 32.62s/row]                                                                [272/490] generated 10 candidates
generate:  55%|█████▌    | 271/490 [2:42:13<1:59:04, 32.62s/row]generate:  56%|█████▌    | 272/490 [2:42:13<2:12:57, 36.59s/row]                                                                [273/490] generated 10 candidates
generate:  56%|█████▌    | 272/490 [2:42:48<2:12:57, 36.59s/row]generate:  56%|█████▌    | 273/490 [2:42:48<2:10:22, 36.05s/row]                                                                [274/490] generated 10 candidates
generate:  56%|█████▌    | 273/490 [2:43:13<2:10:22, 36.05s/row]generate:  56%|█████▌    | 274/490 [2:43:13<1:57:41, 32.69s/row]                                                                [275/490] generated 10 candidates
generate:  56%|█████▌    | 274/490 [2:43:38<1:57:41, 32.69s/row]generate:  56%|█████▌    | 275/490 [2:43:38<1:49:26, 30.54s/row]                                                                [276/490] generated 10 candidates
generate:  56%|█████▌    | 275/490 [2:43:57<1:49:26, 30.54s/row]generate:  56%|█████▋    | 276/490 [2:43:57<1:36:43, 27.12s/row]                                                                [277/490] generated 10 candidates
generate:  56%|█████▋    | 276/490 [2:48:19<1:36:43, 27.12s/row]generate:  57%|█████▋    | 277/490 [2:48:19<5:46:17, 97.55s/row]                                                                [278/490] generated 10 candidates
generate:  57%|█████▋    | 277/490 [2:48:46<5:46:17, 97.55s/row]generate:  57%|█████▋    | 278/490 [2:48:46<4:29:45, 76.35s/row]                                                                [279/490] generated 10 candidates
generate:  57%|█████▋    | 278/490 [2:53:10<4:29:45, 76.35s/row]generate:  57%|█████▋    | 279/490 [2:53:10<7:45:49, 132.46s/row]                                                                 [280/490] generated 10 candidates
generate:  57%|█████▋    | 279/490 [2:53:22<7:45:49, 132.46s/row]generate:  57%|█████▋    | 280/490 [2:53:22<5:37:40, 96.48s/row]                                                                 [281/490] generated 10 candidates
generate:  57%|█████▋    | 280/490 [2:53:36<5:37:40, 96.48s/row]generate:  57%|█████▋    | 281/490 [2:53:36<4:09:47, 71.71s/row]                                                                [282/490] generated 10 candidates
generate:  57%|█████▋    | 281/490 [2:53:56<4:09:47, 71.71s/row]generate:  58%|█████▊    | 282/490 [2:53:56<3:14:42, 56.17s/row]                                                                [283/490] generated 10 candidates
generate:  58%|█████▊    | 282/490 [2:55:14<3:14:42, 56.17s/row]generate:  58%|█████▊    | 283/490 [2:55:14<3:36:27, 62.74s/row]                                                                [284/490] generated 10 candidates
generate:  58%|█████▊    | 283/490 [2:57:17<3:36:27, 62.74s/row]generate:  58%|█████▊    | 284/490 [2:57:17<4:37:34, 80.85s/row]                                                                [285/490] generated 10 candidates
generate:  58%|█████▊    | 284/490 [3:00:00<4:37:34, 80.85s/row]generate:  58%|█████▊    | 285/490 [3:00:00<6:00:52, 105.62s/row]                                                                 [286/490] generated 10 candidates
generate:  58%|█████▊    | 285/490 [3:00:32<6:00:52, 105.62s/row]generate:  58%|█████▊    | 286/490 [3:00:32<4:43:39, 83.43s/row]                                                                 [287/490] generated 10 candidates
generate:  58%|█████▊    | 286/490 [3:00:55<4:43:39, 83.43s/row]generate:  59%|█████▊    | 287/490 [3:00:55<3:40:25, 65.15s/row]                                                                [288/490] generated 10 candidates
generate:  59%|█████▊    | 287/490 [3:01:04<3:40:25, 65.15s/row]generate:  59%|█████▉    | 288/490 [3:01:04<2:42:58, 48.41s/row]                                                                [289/490] generated 10 candidates
generate:  59%|█████▉    | 288/490 [3:01:19<2:42:58, 48.41s/row]generate:  59%|█████▉    | 289/490 [3:01:19<2:09:03, 38.52s/row]                                                                [290/490] generated 10 candidates
generate:  59%|█████▉    | 289/490 [3:01:47<2:09:03, 38.52s/row]generate:  59%|█████▉    | 290/490 [3:01:47<1:57:15, 35.18s/row]                                                                [291/490] generated 10 candidates
generate:  59%|█████▉    | 290/490 [3:02:03<1:57:15, 35.18s/row]generate:  59%|█████▉    | 291/490 [3:02:03<1:38:07, 29.59s/row]                                                                [292/490] generated 10 candidates
generate:  59%|█████▉    | 291/490 [3:02:40<1:38:07, 29.59s/row]generate:  60%|█████▉    | 292/490 [3:02:40<1:44:42, 31.73s/row]                                                                [293/490] generated 10 candidates
generate:  60%|█████▉    | 292/490 [3:03:23<1:44:42, 31.73s/row]generate:  60%|█████▉    | 293/490 [3:03:23<1:55:15, 35.10s/row]                                                                [294/490] generated 10 candidates
generate:  60%|█████▉    | 293/490 [3:04:03<1:55:15, 35.10s/row]generate:  60%|██████    | 294/490 [3:04:03<1:59:54, 36.71s/row]                                                                [295/490] generated 10 candidates
generate:  60%|██████    | 294/490 [3:06:05<1:59:54, 36.71s/row]generate:  60%|██████    | 295/490 [3:06:05<3:22:21, 62.26s/row]                                                                [296/490] generated 10 candidates
generate:  60%|██████    | 295/490 [3:06:35<3:22:21, 62.26s/row]generate:  60%|██████    | 296/490 [3:06:35<2:49:24, 52.39s/row]                                                                [297/490] generated 10 candidates
generate:  60%|██████    | 296/490 [3:07:26<2:49:24, 52.39s/row]generate:  61%|██████    | 297/490 [3:07:26<2:47:37, 52.11s/row]                                                                [298/490] generated 10 candidates
generate:  61%|██████    | 297/490 [3:07:43<2:47:37, 52.11s/row]generate:  61%|██████    | 298/490 [3:07:43<2:13:08, 41.61s/row]                                                                [299/490] generated 10 candidates
generate:  61%|██████    | 298/490 [3:07:57<2:13:08, 41.61s/row]generate:  61%|██████    | 299/490 [3:07:57<1:45:40, 33.20s/row]                                                                [300/490] generated 10 candidates
generate:  61%|██████    | 299/490 [3:08:21<1:45:40, 33.20s/row]generate:  61%|██████    | 300/490 [3:08:21<1:36:20, 30.42s/row]                                                                [301/490] generated 10 candidates
generate:  61%|██████    | 300/490 [3:08:38<1:36:20, 30.42s/row]generate:  61%|██████▏   | 301/490 [3:08:38<1:23:03, 26.37s/row]                                                                [302/490] generated 10 candidates
generate:  61%|██████▏   | 301/490 [3:09:54<1:23:03, 26.37s/row]generate:  62%|██████▏   | 302/490 [3:09:54<2:09:13, 41.24s/row]                                                                [303/490] generated 10 candidates
generate:  62%|██████▏   | 302/490 [3:10:07<2:09:13, 41.24s/row]generate:  62%|██████▏   | 303/490 [3:10:07<1:42:12, 32.79s/row]                                                                [304/490] generated 10 candidates
generate:  62%|██████▏   | 303/490 [3:10:47<1:42:12, 32.79s/row]generate:  62%|██████▏   | 304/490 [3:10:47<1:48:16, 34.93s/row]                                                                [305/490] generated 10 candidates
generate:  62%|██████▏   | 304/490 [3:12:01<1:48:16, 34.93s/row]generate:  62%|██████▏   | 305/490 [3:12:01<2:24:31, 46.87s/row]                                                                [306/490] generated 10 candidates
generate:  62%|██████▏   | 305/490 [3:12:21<2:24:31, 46.87s/row]generate:  62%|██████▏   | 306/490 [3:12:21<1:58:33, 38.66s/row]                                                                [307/490] generated 10 candidates
generate:  62%|██████▏   | 306/490 [3:12:51<1:58:33, 38.66s/row]generate:  63%|██████▎   | 307/490 [3:12:51<1:50:12, 36.14s/row]                                                                [308/490] generated 10 candidates
generate:  63%|██████▎   | 307/490 [3:13:09<1:50:12, 36.14s/row]generate:  63%|██████▎   | 308/490 [3:13:09<1:32:59, 30.65s/row]                                                                [309/490] generated 10 candidates
generate:  63%|██████▎   | 308/490 [3:13:27<1:32:59, 30.65s/row]generate:  63%|██████▎   | 309/490 [3:13:27<1:20:51, 26.80s/row]                                                                [310/490] generated 10 candidates
generate:  63%|██████▎   | 309/490 [3:13:53<1:20:51, 26.80s/row]generate:  63%|██████▎   | 310/490 [3:13:53<1:19:52, 26.62s/row]                                                                [311/490] generated 10 candidates
generate:  63%|██████▎   | 310/490 [3:14:26<1:19:52, 26.62s/row]generate:  63%|██████▎   | 311/490 [3:14:26<1:25:32, 28.67s/row]                                                                [312/490] generated 10 candidates
generate:  63%|██████▎   | 311/490 [3:15:02<1:25:32, 28.67s/row]generate:  64%|██████▎   | 312/490 [3:15:02<1:30:55, 30.65s/row]                                                                [313/490] generated 10 candidates
generate:  64%|██████▎   | 312/490 [3:15:19<1:30:55, 30.65s/row]generate:  64%|██████▍   | 313/490 [3:15:19<1:18:44, 26.69s/row]                                                                [314/490] generated 10 candidates
generate:  64%|██████▍   | 313/490 [3:15:36<1:18:44, 26.69s/row]generate:  64%|██████▍   | 314/490 [3:15:36<1:09:11, 23.59s/row]                                                                [315/490] generated 10 candidates
generate:  64%|██████▍   | 314/490 [3:16:02<1:09:11, 23.59s/row]generate:  64%|██████▍   | 315/490 [3:16:02<1:11:04, 24.37s/row]                                                                [316/490] generated 10 candidates
generate:  64%|██████▍   | 315/490 [3:16:16<1:11:04, 24.37s/row]generate:  64%|██████▍   | 316/490 [3:16:16<1:01:34, 21.23s/row]                                                                [317/490] generated 10 candidates
generate:  64%|██████▍   | 316/490 [3:16:35<1:01:34, 21.23s/row]generate:  65%|██████▍   | 317/490 [3:16:35<59:46, 20.73s/row]                                                                [318/490] generated 10 candidates
generate:  65%|██████▍   | 317/490 [3:17:11<59:46, 20.73s/row]generate:  65%|██████▍   | 318/490 [3:17:11<1:11:56, 25.09s/row]                                                                [319/490] generated 10 candidates
generate:  65%|██████▍   | 318/490 [3:17:42<1:11:56, 25.09s/row]generate:  65%|██████▌   | 319/490 [3:17:42<1:17:00, 27.02s/row]                                                                [320/490] generated 10 candidates
generate:  65%|██████▌   | 319/490 [3:18:03<1:17:00, 27.02s/row]generate:  65%|██████▌   | 320/490 [3:18:03<1:11:18, 25.17s/row]                                                                [321/490] generated 10 candidates
generate:  65%|██████▌   | 320/490 [3:18:28<1:11:18, 25.17s/row]generate:  66%|██████▌   | 321/490 [3:18:28<1:10:41, 25.10s/row]                                                                [322/490] generated 10 candidates
generate:  66%|██████▌   | 321/490 [3:18:44<1:10:41, 25.10s/row]generate:  66%|██████▌   | 322/490 [3:18:44<1:02:34, 22.35s/row]                                                                [323/490] generated 10 candidates
generate:  66%|██████▌   | 322/490 [3:19:11<1:02:34, 22.35s/row]generate:  66%|██████▌   | 323/490 [3:19:11<1:06:15, 23.81s/row]                                                                [324/490] generated 10 candidates
generate:  66%|██████▌   | 323/490 [3:19:44<1:06:15, 23.81s/row]generate:  66%|██████▌   | 324/490 [3:19:44<1:13:56, 26.73s/row]                                                                [325/490] generated 10 candidates
generate:  66%|██████▌   | 324/490 [3:21:29<1:13:56, 26.73s/row]generate:  66%|██████▋   | 325/490 [3:21:29<2:17:54, 50.15s/row]                                                                [326/490] generated 10 candidates
generate:  66%|██████▋   | 325/490 [3:21:52<2:17:54, 50.15s/row]generate:  67%|██████▋   | 326/490 [3:21:52<1:54:33, 41.91s/row]                                                                [327/490] generated 10 candidates
generate:  67%|██████▋   | 326/490 [3:22:19<1:54:33, 41.91s/row]generate:  67%|██████▋   | 327/490 [3:22:19<1:41:46, 37.46s/row]                                                                [328/490] generated 10 candidates
generate:  67%|██████▋   | 327/490 [3:25:00<1:41:46, 37.46s/row]generate:  67%|██████▋   | 328/490 [3:25:00<3:20:46, 74.36s/row]                                                                [329/490] generated 10 candidates
generate:  67%|██████▋   | 328/490 [3:25:43<3:20:46, 74.36s/row]generate:  67%|██████▋   | 329/490 [3:25:43<2:54:46, 65.13s/row]                                                                [330/490] generated 10 candidates
generate:  67%|██████▋   | 329/490 [3:26:06<2:54:46, 65.13s/row]generate:  67%|██████▋   | 330/490 [3:26:06<2:19:53, 52.46s/row]                                                                [331/490] generated 10 candidates
generate:  67%|██████▋   | 330/490 [3:26:17<2:19:53, 52.46s/row]generate:  68%|██████▊   | 331/490 [3:26:17<1:46:17, 40.11s/row]                                                                [332/490] generated 10 candidates
generate:  68%|██████▊   | 331/490 [3:26:33<1:46:17, 40.11s/row]generate:  68%|██████▊   | 332/490 [3:26:33<1:26:20, 32.79s/row]                                                                [333/490] generated 10 candidates
generate:  68%|██████▊   | 332/490 [3:26:57<1:26:20, 32.79s/row]generate:  68%|██████▊   | 333/490 [3:26:57<1:18:38, 30.05s/row]                                                                [334/490] generated 10 candidates
generate:  68%|██████▊   | 333/490 [3:27:40<1:18:38, 30.05s/row]generate:  68%|██████▊   | 334/490 [3:27:40<1:28:52, 34.18s/row]                                                                [335/490] generated 10 candidates
generate:  68%|██████▊   | 334/490 [3:27:57<1:28:52, 34.18s/row]generate:  68%|██████▊   | 335/490 [3:27:57<1:14:23, 28.80s/row]                                                                [336/490] generated 10 candidates
generate:  68%|██████▊   | 335/490 [3:28:36<1:14:23, 28.80s/row]generate:  69%|██████▊   | 336/490 [3:28:36<1:21:42, 31.83s/row]                                                                [337/490] generated 10 candidates
generate:  69%|██████▊   | 336/490 [3:28:51<1:21:42, 31.83s/row]generate:  69%|██████▉   | 337/490 [3:28:51<1:08:21, 26.81s/row]                                                                [338/490] generated 10 candidates
generate:  69%|██████▉   | 337/490 [3:29:16<1:08:21, 26.81s/row]generate:  69%|██████▉   | 338/490 [3:29:16<1:07:03, 26.47s/row]                                                                [339/490] generated 10 candidates
generate:  69%|██████▉   | 338/490 [3:29:40<1:07:03, 26.47s/row]generate:  69%|██████▉   | 339/490 [3:29:40<1:04:45, 25.73s/row]                                                                [340/490] generated 10 candidates
generate:  69%|██████▉   | 339/490 [3:34:08<1:04:45, 25.73s/row]generate:  69%|██████▉   | 340/490 [3:34:08<4:05:42, 98.28s/row]                                                                [341/490] generated 10 candidates
generate:  69%|██████▉   | 340/490 [3:34:43<4:05:42, 98.28s/row]generate:  70%|██████▉   | 341/490 [3:34:43<3:17:00, 79.33s/row]                                                                [342/490] generated 10 candidates
generate:  70%|██████▉   | 341/490 [3:35:08<3:17:00, 79.33s/row]generate:  70%|██████▉   | 342/490 [3:35:08<2:35:36, 63.08s/row]                                                                [343/490] generated 10 candidates
generate:  70%|██████▉   | 342/490 [3:35:38<2:35:36, 63.08s/row]generate:  70%|███████   | 343/490 [3:35:38<2:09:50, 53.00s/row]                                                                [344/490] generated 10 candidates
generate:  70%|███████   | 343/490 [3:36:38<2:09:50, 53.00s/row]generate:  70%|███████   | 344/490 [3:36:38<2:14:28, 55.27s/row]                                                                [345/490] generated 10 candidates
generate:  70%|███████   | 344/490 [3:37:01<2:14:28, 55.27s/row]generate:  70%|███████   | 345/490 [3:37:01<1:50:01, 45.53s/row]                                                                [346/490] generated 10 candidates
generate:  70%|███████   | 345/490 [3:37:38<1:50:01, 45.53s/row]generate:  71%|███████   | 346/490 [3:37:38<1:42:44, 42.81s/row]                                                                [347/490] generated 10 candidates
generate:  71%|███████   | 346/490 [3:38:03<1:42:44, 42.81s/row]generate:  71%|███████   | 347/490 [3:38:03<1:29:24, 37.51s/row]                                                                [348/490] generated 10 candidates
generate:  71%|███████   | 347/490 [3:38:24<1:29:24, 37.51s/row]generate:  71%|███████   | 348/490 [3:38:24<1:17:01, 32.54s/row]                                                                [349/490] generated 10 candidates
generate:  71%|███████   | 348/490 [3:38:56<1:17:01, 32.54s/row]generate:  71%|███████   | 349/490 [3:38:56<1:16:27, 32.53s/row]                                                                [350/490] generated 10 candidates
generate:  71%|███████   | 349/490 [3:39:38<1:16:27, 32.53s/row]generate:  71%|███████▏  | 350/490 [3:39:38<1:22:35, 35.39s/row]                                                                [351/490] generated 10 candidates
generate:  71%|███████▏  | 350/490 [3:40:04<1:22:35, 35.39s/row]generate:  72%|███████▏  | 351/490 [3:40:04<1:15:06, 32.42s/row]                                                                [352/490] generated 10 candidates
generate:  72%|███████▏  | 351/490 [3:40:36<1:15:06, 32.42s/row]generate:  72%|███████▏  | 352/490 [3:40:36<1:14:30, 32.40s/row]                                                                [353/490] generated 10 candidates
generate:  72%|███████▏  | 352/490 [3:41:00<1:14:30, 32.40s/row]generate:  72%|███████▏  | 353/490 [3:41:00<1:08:20, 29.93s/row]                                                                [354/490] generated 10 candidates
generate:  72%|███████▏  | 353/490 [3:41:30<1:08:20, 29.93s/row]generate:  72%|███████▏  | 354/490 [3:41:30<1:07:40, 29.86s/row]                                                                [355/490] generated 10 candidates
generate:  72%|███████▏  | 354/490 [3:43:30<1:07:40, 29.86s/row]generate:  72%|███████▏  | 355/490 [3:43:30<2:07:46, 56.79s/row]                                                                [356/490] generated 10 candidates
generate:  72%|███████▏  | 355/490 [3:44:02<2:07:46, 56.79s/row]generate:  73%|███████▎  | 356/490 [3:44:02<1:50:24, 49.44s/row]                                                                [357/490] generated 10 candidates
generate:  73%|███████▎  | 356/490 [3:44:34<1:50:24, 49.44s/row]generate:  73%|███████▎  | 357/490 [3:44:34<1:38:24, 44.39s/row]                                                                [358/490] generated 10 candidates
generate:  73%|███████▎  | 357/490 [3:45:17<1:38:24, 44.39s/row]generate:  73%|███████▎  | 358/490 [3:45:17<1:36:26, 43.83s/row]                                                                [359/490] generated 10 candidates
generate:  73%|███████▎  | 358/490 [3:45:40<1:36:26, 43.83s/row]generate:  73%|███████▎  | 359/490 [3:45:40<1:21:52, 37.50s/row]                                                                [360/490] generated 10 candidates
generate:  73%|███████▎  | 359/490 [3:46:00<1:21:52, 37.50s/row]generate:  73%|███████▎  | 360/490 [3:46:00<1:10:00, 32.31s/row]                                                                [361/490] generated 10 candidates
generate:  73%|███████▎  | 360/490 [3:46:29<1:10:00, 32.31s/row]generate:  74%|███████▎  | 361/490 [3:46:29<1:07:11, 31.25s/row]                                                                [362/490] generated 10 candidates
generate:  74%|███████▎  | 361/490 [3:46:45<1:07:11, 31.25s/row]generate:  74%|███████▍  | 362/490 [3:46:45<56:57, 26.70s/row]                                                                [363/490] generated 10 candidates
generate:  74%|███████▍  | 362/490 [3:47:20<56:57, 26.70s/row]generate:  74%|███████▍  | 363/490 [3:47:20<1:01:54, 29.25s/row]                                                                [364/490] generated 10 candidates
generate:  74%|███████▍  | 363/490 [3:51:46<1:01:54, 29.25s/row]generate:  74%|███████▍  | 364/490 [3:51:46<3:30:47, 100.37s/row]                                                                 [365/490] generated 10 candidates
generate:  74%|███████▍  | 364/490 [3:52:08<3:30:47, 100.37s/row]generate:  74%|███████▍  | 365/490 [3:52:08<2:40:02, 76.82s/row]                                                                 [366/490] generated 10 candidates
generate:  74%|███████▍  | 365/490 [3:52:30<2:40:02, 76.82s/row]generate:  75%|███████▍  | 366/490 [3:52:30<2:04:26, 60.21s/row]                                                                [367/490] generated 10 candidates
generate:  75%|███████▍  | 366/490 [3:52:52<2:04:26, 60.21s/row]generate:  75%|███████▍  | 367/490 [3:52:52<1:40:12, 48.88s/row]                                                                [368/490] generated 10 candidates
generate:  75%|███████▍  | 367/490 [3:53:07<1:40:12, 48.88s/row]generate:  75%|███████▌  | 368/490 [3:53:07<1:18:40, 38.69s/row]                                                                [369/490] generated 10 candidates
generate:  75%|███████▌  | 368/490 [3:53:57<1:18:40, 38.69s/row]generate:  75%|███████▌  | 369/490 [3:53:57<1:25:08, 42.22s/row]                                                                [370/490] generated 10 candidates
generate:  75%|███████▌  | 369/490 [3:54:27<1:25:08, 42.22s/row]generate:  76%|███████▌  | 370/490 [3:54:27<1:16:41, 38.35s/row]                                                                [371/490] generated 10 candidates
generate:  76%|███████▌  | 370/490 [3:54:48<1:16:41, 38.35s/row]generate:  76%|███████▌  | 371/490 [3:54:48<1:05:45, 33.15s/row]                                                                [372/490] generated 10 candidates
generate:  76%|███████▌  | 371/490 [3:55:05<1:05:45, 33.15s/row]generate:  76%|███████▌  | 372/490 [3:55:05<55:55, 28.44s/row]                                                                [373/490] generated 10 candidates
generate:  76%|███████▌  | 372/490 [3:55:42<55:55, 28.44s/row]generate:  76%|███████▌  | 373/490 [3:55:42<1:00:06, 30.82s/row]                                                                [374/490] generated 10 candidates
generate:  76%|███████▌  | 373/490 [3:56:02<1:00:06, 30.82s/row]generate:  76%|███████▋  | 374/490 [3:56:02<53:42, 27.78s/row]                                                                [375/490] generated 10 candidates
generate:  76%|███████▋  | 374/490 [3:56:30<53:42, 27.78s/row]generate:  77%|███████▋  | 375/490 [3:56:30<53:01, 27.66s/row]                                                              [376/490] generated 10 candidates
generate:  77%|███████▋  | 375/490 [3:56:53<53:01, 27.66s/row]generate:  77%|███████▋  | 376/490 [3:56:53<49:49, 26.22s/row]                                                              [377/490] generated 10 candidates
generate:  77%|███████▋  | 376/490 [3:57:31<49:49, 26.22s/row]generate:  77%|███████▋  | 377/490 [3:57:31<56:16, 29.88s/row]                                                              [378/490] generated 10 candidates
generate:  77%|███████▋  | 377/490 [3:57:58<56:16, 29.88s/row]generate:  77%|███████▋  | 378/490 [3:57:58<54:09, 29.01s/row]                                                              [379/490] generated 10 candidates
generate:  77%|███████▋  | 378/490 [3:58:15<54:09, 29.01s/row]generate:  77%|███████▋  | 379/490 [3:58:15<47:01, 25.42s/row]                                                              [380/490] generated 10 candidates
generate:  77%|███████▋  | 379/490 [3:58:42<47:01, 25.42s/row]generate:  78%|███████▊  | 380/490 [3:58:42<47:35, 25.96s/row]                                                              [381/490] generated 10 candidates
generate:  78%|███████▊  | 380/490 [3:59:23<47:35, 25.96s/row]generate:  78%|███████▊  | 381/490 [3:59:23<55:20, 30.46s/row]                                                              [382/490] generated 10 candidates
generate:  78%|███████▊  | 381/490 [3:59:48<55:20, 30.46s/row]generate:  78%|███████▊  | 382/490 [3:59:48<51:37, 28.68s/row]                                                              [383/490] generated 10 candidates
generate:  78%|███████▊  | 382/490 [4:00:09<51:37, 28.68s/row]generate:  78%|███████▊  | 383/490 [4:00:09<47:15, 26.50s/row]                                                              [384/490] generated 10 candidates
generate:  78%|███████▊  | 383/490 [4:00:34<47:15, 26.50s/row]generate:  78%|███████▊  | 384/490 [4:00:34<46:05, 26.09s/row]                                                              [385/490] generated 10 candidates
generate:  78%|███████▊  | 384/490 [4:01:27<46:05, 26.09s/row]generate:  79%|███████▊  | 385/490 [4:01:27<59:44, 34.14s/row]                                                              [386/490] generated 10 candidates
generate:  79%|███████▊  | 385/490 [4:04:28<59:44, 34.14s/row]generate:  79%|███████▉  | 386/490 [4:04:28<2:15:39, 78.26s/row]                                                                [387/490] generated 10 candidates
generate:  79%|███████▉  | 386/490 [4:04:52<2:15:39, 78.26s/row]generate:  79%|███████▉  | 387/490 [4:04:52<1:46:12, 61.87s/row]                                                                [388/490] generated 10 candidates
generate:  79%|███████▉  | 387/490 [4:05:10<1:46:12, 61.87s/row]generate:  79%|███████▉  | 388/490 [4:05:10<1:22:36, 48.60s/row]                                                                [389/490] generated 10 candidates
generate:  79%|███████▉  | 388/490 [4:05:51<1:22:36, 48.60s/row]generate:  79%|███████▉  | 389/490 [4:05:51<1:18:09, 46.43s/row]                                                                [390/490] generated 10 candidates
generate:  79%|███████▉  | 389/490 [4:06:29<1:18:09, 46.43s/row]generate:  80%|███████▉  | 390/490 [4:06:29<1:13:11, 43.92s/row]                                                                [391/490] generated 10 candidates
generate:  80%|███████▉  | 390/490 [4:07:18<1:13:11, 43.92s/row]generate:  80%|███████▉  | 391/490 [4:07:18<1:14:44, 45.30s/row]                                                                [392/490] generated 10 candidates
generate:  80%|███████▉  | 391/490 [4:07:29<1:14:44, 45.30s/row]generate:  80%|████████  | 392/490 [4:07:29<57:17, 35.07s/row]                                                                [393/490] generated 10 candidates
generate:  80%|████████  | 392/490 [4:11:55<57:17, 35.07s/row]generate:  80%|████████  | 393/490 [4:11:55<2:48:43, 104.37s/row]                                                                 [394/490] generated 10 candidates
generate:  80%|████████  | 393/490 [4:12:17<2:48:43, 104.37s/row]generate:  80%|████████  | 394/490 [4:12:17<2:07:34, 79.73s/row]                                                                 [395/490] generated 10 candidates
generate:  80%|████████  | 394/490 [4:12:37<2:07:34, 79.73s/row]generate:  81%|████████  | 395/490 [4:12:37<1:37:36, 61.65s/row]                                                                [396/490] generated 10 candidates
generate:  81%|████████  | 395/490 [4:12:58<1:37:36, 61.65s/row]generate:  81%|████████  | 396/490 [4:12:58<1:17:41, 49.59s/row]                                                                [397/490] generated 10 candidates
generate:  81%|████████  | 396/490 [4:13:33<1:17:41, 49.59s/row]generate:  81%|████████  | 397/490 [4:13:33<1:10:04, 45.21s/row]                                                                [398/490] generated 10 candidates
generate:  81%|████████  | 397/490 [4:14:39<1:10:04, 45.21s/row]generate:  81%|████████  | 398/490 [4:14:39<1:18:55, 51.47s/row]                                                                [399/490] generated 10 candidates
generate:  81%|████████  | 398/490 [4:14:55<1:18:55, 51.47s/row]generate:  81%|████████▏ | 399/490 [4:14:55<1:02:00, 40.88s/row]                                                                [400/490] generated 10 candidates
generate:  81%|████████▏ | 399/490 [4:15:14<1:02:00, 40.88s/row]generate:  82%|████████▏ | 400/490 [4:15:14<51:09, 34.10s/row]                                                                [401/490] generated 10 candidates
generate:  82%|████████▏ | 400/490 [4:15:48<51:09, 34.10s/row]generate:  82%|████████▏ | 401/490 [4:15:48<50:47, 34.24s/row]                                                              [402/490] generated 10 candidates
generate:  82%|████████▏ | 401/490 [4:16:15<50:47, 34.24s/row]generate:  82%|████████▏ | 402/490 [4:16:15<47:05, 32.11s/row]                                                              [403/490] generated 10 candidates
generate:  82%|████████▏ | 402/490 [4:16:44<47:05, 32.11s/row]generate:  82%|████████▏ | 403/490 [4:16:44<45:16, 31.22s/row]                                                              [404/490] generated 10 candidates
generate:  82%|████████▏ | 403/490 [4:17:14<45:16, 31.22s/row]generate:  82%|████████▏ | 404/490 [4:17:14<43:51, 30.60s/row]                                                              [405/490] generated 10 candidates
generate:  82%|████████▏ | 404/490 [4:17:37<43:51, 30.60s/row]generate:  83%|████████▎ | 405/490 [4:17:37<40:24, 28.52s/row]                                                              [406/490] generated 10 candidates
generate:  83%|████████▎ | 405/490 [4:18:03<40:24, 28.52s/row]generate:  83%|████████▎ | 406/490 [4:18:03<38:58, 27.84s/row]                                                              [407/490] generated 10 candidates
generate:  83%|████████▎ | 406/490 [4:18:32<38:58, 27.84s/row]generate:  83%|████████▎ | 407/490 [4:18:32<38:46, 28.03s/row]                                                              [408/490] generated 10 candidates
generate:  83%|████████▎ | 407/490 [4:19:35<38:46, 28.03s/row]generate:  83%|████████▎ | 408/490 [4:19:35<52:36, 38.49s/row]                                                              [409/490] generated 10 candidates
generate:  83%|████████▎ | 408/490 [4:19:58<52:36, 38.49s/row]generate:  83%|████████▎ | 409/490 [4:19:58<45:55, 34.02s/row]                                                              [410/490] generated 10 candidates
generate:  83%|████████▎ | 409/490 [4:20:21<45:55, 34.02s/row]generate:  84%|████████▎ | 410/490 [4:20:21<40:58, 30.73s/row]                                                              [411/490] generated 10 candidates
generate:  84%|████████▎ | 410/490 [4:21:37<40:58, 30.73s/row]generate:  84%|████████▍ | 411/490 [4:21:37<58:09, 44.18s/row]                                                              [412/490] generated 10 candidates
generate:  84%|████████▍ | 411/490 [4:22:04<58:09, 44.18s/row]generate:  84%|████████▍ | 412/490 [4:22:04<50:42, 39.00s/row]                                                              [413/490] generated 10 candidates
generate:  84%|████████▍ | 412/490 [4:22:18<50:42, 39.00s/row]generate:  84%|████████▍ | 413/490 [4:22:18<40:17, 31.40s/row]                                                              [414/490] generated 10 candidates
generate:  84%|████████▍ | 413/490 [4:22:33<40:17, 31.40s/row]generate:  84%|████████▍ | 414/490 [4:22:33<33:30, 26.45s/row]                                                              [415/490] generated 10 candidates
generate:  84%|████████▍ | 414/490 [4:22:50<33:30, 26.45s/row]generate:  85%|████████▍ | 415/490 [4:22:50<29:36, 23.69s/row]                                                              [416/490] generated 10 candidates
generate:  85%|████████▍ | 415/490 [4:23:13<29:36, 23.69s/row]generate:  85%|████████▍ | 416/490 [4:23:13<28:52, 23.42s/row]                                                              [417/490] generated 10 candidates
generate:  85%|████████▍ | 416/490 [4:23:51<28:52, 23.42s/row]generate:  85%|████████▌ | 417/490 [4:23:51<34:07, 28.05s/row]                                                              [418/490] generated 10 candidates
generate:  85%|████████▌ | 417/490 [4:24:24<34:07, 28.05s/row]generate:  85%|████████▌ | 418/490 [4:24:24<35:27, 29.54s/row]                                                              [419/490] generated 10 candidates
generate:  85%|████████▌ | 418/490 [4:25:07<35:27, 29.54s/row]generate:  86%|████████▌ | 419/490 [4:25:07<39:28, 33.35s/row]                                                              [420/490] generated 10 candidates
generate:  86%|████████▌ | 419/490 [4:25:31<39:28, 33.35s/row]generate:  86%|████████▌ | 420/490 [4:25:31<35:55, 30.79s/row]                                                              [421/490] generated 10 candidates
generate:  86%|████████▌ | 420/490 [4:26:17<35:55, 30.79s/row]generate:  86%|████████▌ | 421/490 [4:26:17<40:31, 35.24s/row]                                                              [422/490] generated 10 candidates
generate:  86%|████████▌ | 421/490 [4:26:37<40:31, 35.24s/row]generate:  86%|████████▌ | 422/490 [4:26:37<34:52, 30.77s/row]                                                              [423/490] generated 10 candidates
generate:  86%|████████▌ | 422/490 [4:26:58<34:52, 30.77s/row]generate:  86%|████████▋ | 423/490 [4:26:58<30:50, 27.63s/row]                                                              [424/490] generated 10 candidates
generate:  86%|████████▋ | 423/490 [4:27:44<30:50, 27.63s/row]generate:  87%|████████▋ | 424/490 [4:27:44<36:33, 33.24s/row]                                                              [425/490] generated 10 candidates
generate:  87%|████████▋ | 424/490 [4:28:02<36:33, 33.24s/row]generate:  87%|████████▋ | 425/490 [4:28:02<30:59, 28.60s/row]                                                              [426/490] generated 10 candidates
generate:  87%|████████▋ | 425/490 [4:28:27<30:59, 28.60s/row]generate:  87%|████████▋ | 426/490 [4:28:27<29:14, 27.42s/row]                                                              [427/490] generated 10 candidates
generate:  87%|████████▋ | 426/490 [4:28:40<29:14, 27.42s/row]generate:  87%|████████▋ | 427/490 [4:28:40<24:27, 23.29s/row]                                                              [428/490] generated 10 candidates
generate:  87%|████████▋ | 427/490 [4:29:34<24:27, 23.29s/row]generate:  87%|████████▋ | 428/490 [4:29:34<33:29, 32.41s/row]                                                              [429/490] generated 10 candidates
generate:  87%|████████▋ | 428/490 [4:34:03<33:29, 32.41s/row]generate:  88%|████████▊ | 429/490 [4:34:03<1:45:11, 103.46s/row]                                                                 [430/490] generated 10 candidates
generate:  88%|████████▊ | 429/490 [4:34:31<1:45:11, 103.46s/row]generate:  88%|████████▊ | 430/490 [4:34:31<1:20:39, 80.65s/row]                                                                 [431/490] generated 10 candidates
generate:  88%|████████▊ | 430/490 [4:34:42<1:20:39, 80.65s/row]generate:  88%|████████▊ | 431/490 [4:34:42<58:48, 59.80s/row]                                                                [432/490] generated 10 candidates
generate:  88%|████████▊ | 431/490 [4:35:29<58:48, 59.80s/row]generate:  88%|████████▊ | 432/490 [4:35:29<54:12, 56.07s/row]                                                              [433/490] generated 10 candidates
generate:  88%|████████▊ | 432/490 [4:35:52<54:12, 56.07s/row]generate:  88%|████████▊ | 433/490 [4:35:52<43:46, 46.07s/row]                                                              [434/490] generated 10 candidates
generate:  88%|████████▊ | 433/490 [4:36:22<43:46, 46.07s/row]generate:  89%|████████▊ | 434/490 [4:36:22<38:39, 41.43s/row]                                                              [435/490] generated 10 candidates
generate:  89%|████████▊ | 434/490 [4:36:34<38:39, 41.43s/row]generate:  89%|████████▉ | 435/490 [4:36:34<29:46, 32.48s/row]                                                              [436/490] generated 10 candidates
generate:  89%|████████▉ | 435/490 [4:41:01<29:46, 32.48s/row]generate:  89%|████████▉ | 436/490 [4:41:01<1:32:31, 102.81s/row]                                                                 [437/490] generated 10 candidates
generate:  89%|████████▉ | 436/490 [4:41:20<1:32:31, 102.81s/row]generate:  89%|████████▉ | 437/490 [4:41:20<1:08:34, 77.64s/row]                                                                 [438/490] generated 10 candidates
generate:  89%|████████▉ | 437/490 [4:41:39<1:08:34, 77.64s/row]generate:  89%|████████▉ | 438/490 [4:41:39<51:58, 59.97s/row]                                                                [439/490] generated 10 candidates
generate:  89%|████████▉ | 438/490 [4:43:09<51:58, 59.97s/row]generate:  90%|████████▉ | 439/490 [4:43:09<58:49, 69.21s/row]                                                              [440/490] generated 10 candidates
generate:  90%|████████▉ | 439/490 [4:43:34<58:49, 69.21s/row]generate:  90%|████████▉ | 440/490 [4:43:34<46:27, 55.76s/row]                                                              [441/490] generated 10 candidates
generate:  90%|████████▉ | 440/490 [4:44:57<46:27, 55.76s/row]generate:  90%|█████████ | 441/490 [4:44:57<52:20, 64.09s/row]                                                              [442/490] generated 10 candidates
generate:  90%|█████████ | 441/490 [4:46:09<52:20, 64.09s/row]generate:  90%|█████████ | 442/490 [4:46:09<53:06, 66.38s/row]                                                              [443/490] generated 10 candidates
generate:  90%|█████████ | 442/490 [4:46:46<53:06, 66.38s/row]generate:  90%|█████████ | 443/490 [4:46:46<45:01, 57.47s/row]                                                              [444/490] generated 10 candidates
generate:  90%|█████████ | 443/490 [4:47:16<45:01, 57.47s/row]generate:  91%|█████████ | 444/490 [4:47:16<37:55, 49.46s/row]                                                              [445/490] generated 10 candidates
generate:  91%|█████████ | 444/490 [4:47:38<37:55, 49.46s/row]generate:  91%|█████████ | 445/490 [4:47:38<30:44, 40.99s/row]                                                              [446/490] generated 10 candidates
generate:  91%|█████████ | 445/490 [4:48:02<30:44, 40.99s/row]generate:  91%|█████████ | 446/490 [4:48:02<26:22, 35.96s/row]                                                              [447/490] generated 10 candidates
generate:  91%|█████████ | 446/490 [4:48:23<26:22, 35.96s/row]generate:  91%|█████████ | 447/490 [4:48:23<22:32, 31.46s/row]                                                              [448/490] generated 10 candidates
generate:  91%|█████████ | 447/490 [4:48:55<22:32, 31.46s/row]generate:  91%|█████████▏| 448/490 [4:48:55<22:05, 31.55s/row]                                                              [449/490] generated 10 candidates
generate:  91%|█████████▏| 448/490 [4:50:08<22:05, 31.55s/row]generate:  92%|█████████▏| 449/490 [4:50:08<30:03, 43.99s/row]                                                              [450/490] generated 10 candidates
generate:  92%|█████████▏| 449/490 [4:50:25<30:03, 43.99s/row]generate:  92%|█████████▏| 450/490 [4:50:25<23:57, 35.94s/row]                                                              [451/490] generated 10 candidates
generate:  92%|█████████▏| 450/490 [4:50:37<23:57, 35.94s/row]generate:  92%|█████████▏| 451/490 [4:50:37<18:46, 28.90s/row]                                                              [452/490] generated 10 candidates
generate:  92%|█████████▏| 451/490 [4:50:52<18:46, 28.90s/row]generate:  92%|█████████▏| 452/490 [4:50:52<15:36, 24.65s/row]                                                              [453/490] generated 10 candidates
generate:  92%|█████████▏| 452/490 [4:51:16<15:36, 24.65s/row]generate:  92%|█████████▏| 453/490 [4:51:16<15:02, 24.40s/row]                                                              [454/490] generated 10 candidates
generate:  92%|█████████▏| 453/490 [4:51:33<15:02, 24.40s/row]generate:  93%|█████████▎| 454/490 [4:51:33<13:20, 22.23s/row]                                                              [455/490] generated 10 candidates
generate:  93%|█████████▎| 454/490 [4:54:17<13:20, 22.23s/row]generate:  93%|█████████▎| 455/490 [4:54:17<37:52, 64.92s/row]                                                              [456/490] generated 10 candidates
generate:  93%|█████████▎| 455/490 [4:54:54<37:52, 64.92s/row]generate:  93%|█████████▎| 456/490 [4:54:54<32:01, 56.52s/row]                                                              [457/490] generated 10 candidates
generate:  93%|█████████▎| 456/490 [4:55:15<32:01, 56.52s/row]generate:  93%|█████████▎| 457/490 [4:55:15<25:13, 45.86s/row]                                                              [458/490] generated 10 candidates
generate:  93%|█████████▎| 457/490 [4:55:39<25:13, 45.86s/row]generate:  93%|█████████▎| 458/490 [4:55:39<20:54, 39.20s/row]                                                              [459/490] generated 10 candidates
generate:  93%|█████████▎| 458/490 [4:56:19<20:54, 39.20s/row]generate:  94%|█████████▎| 459/490 [4:56:19<20:23, 39.45s/row]                                                              [460/490] generated 10 candidates
generate:  94%|█████████▎| 459/490 [4:56:57<20:23, 39.45s/row]generate:  94%|█████████▍| 460/490 [4:56:57<19:25, 38.86s/row]                                                              [461/490] generated 10 candidates
generate:  94%|█████████▍| 460/490 [4:57:14<19:25, 38.86s/row]generate:  94%|█████████▍| 461/490 [4:57:14<15:37, 32.33s/row]                                                              [462/490] generated 10 candidates
generate:  94%|█████████▍| 461/490 [4:58:00<15:37, 32.33s/row]generate:  94%|█████████▍| 462/490 [4:58:00<17:01, 36.50s/row]                                                              [463/490] generated 10 candidates
generate:  94%|█████████▍| 462/490 [4:59:44<17:01, 36.50s/row]generate:  94%|█████████▍| 463/490 [4:59:44<25:33, 56.78s/row]                                                              [464/490] generated 10 candidates
generate:  94%|█████████▍| 463/490 [5:00:15<25:33, 56.78s/row]generate:  95%|█████████▍| 464/490 [5:00:15<21:17, 49.14s/row]                                                              [465/490] generated 10 candidates
generate:  95%|█████████▍| 464/490 [5:00:41<21:17, 49.14s/row]generate:  95%|█████████▍| 465/490 [5:00:41<17:35, 42.21s/row]                                                              [466/490] generated 10 candidates
generate:  95%|█████████▍| 465/490 [5:01:14<17:35, 42.21s/row]generate:  95%|█████████▌| 466/490 [5:01:14<15:44, 39.36s/row]                                                              [467/490] generated 10 candidates
generate:  95%|█████████▌| 466/490 [5:02:14<15:44, 39.36s/row]generate:  95%|█████████▌| 467/490 [5:02:14<17:24, 45.40s/row]                                                              [468/490] generated 10 candidates
generate:  95%|█████████▌| 467/490 [5:02:48<17:24, 45.40s/row]generate:  96%|█████████▌| 468/490 [5:02:48<15:29, 42.26s/row]                                                              [469/490] generated 10 candidates
generate:  96%|█████████▌| 468/490 [5:03:05<15:29, 42.26s/row]generate:  96%|█████████▌| 469/490 [5:03:05<12:06, 34.61s/row]                                                              [470/490] generated 10 candidates
generate:  96%|█████████▌| 469/490 [5:04:03<12:06, 34.61s/row]generate:  96%|█████████▌| 470/490 [5:04:03<13:54, 41.70s/row]                                                              [471/490] generated 10 candidates
generate:  96%|█████████▌| 470/490 [5:04:24<13:54, 41.70s/row]generate:  96%|█████████▌| 471/490 [5:04:24<11:10, 35.28s/row]                                                              [472/490] generated 10 candidates
generate:  96%|█████████▌| 471/490 [5:05:08<11:10, 35.28s/row]generate:  96%|█████████▋| 472/490 [5:05:08<11:22, 37.94s/row]                                                              [473/490] generated 10 candidates
generate:  96%|█████████▋| 472/490 [5:05:40<11:22, 37.94s/row]generate:  97%|█████████▋| 473/490 [5:05:40<10:13, 36.08s/row]                                                              [474/490] generated 10 candidates
generate:  97%|█████████▋| 473/490 [5:08:13<10:13, 36.08s/row]generate:  97%|█████████▋| 474/490 [5:08:13<19:02, 71.38s/row]                                                              [475/490] generated 10 candidates
generate:  97%|█████████▋| 474/490 [5:08:43<19:02, 71.38s/row]generate:  97%|█████████▋| 475/490 [5:08:43<14:43, 58.90s/row]                                                              [476/490] generated 10 candidates
generate:  97%|█████████▋| 475/490 [5:08:59<14:43, 58.90s/row]generate:  97%|█████████▋| 476/490 [5:08:59<10:42, 45.92s/row]                                                              [477/490] generated 10 candidates
generate:  97%|█████████▋| 476/490 [5:09:20<10:42, 45.92s/row]generate:  97%|█████████▋| 477/490 [5:09:20<08:19, 38.43s/row]                                                              [478/490] generated 10 candidates
generate:  97%|█████████▋| 477/490 [5:10:11<08:19, 38.43s/row]generate:  98%|█████████▊| 478/490 [5:10:11<08:26, 42.21s/row]                                                              [479/490] generated 10 candidates
generate:  98%|█████████▊| 478/490 [5:10:32<08:26, 42.21s/row]generate:  98%|█████████▊| 479/490 [5:10:32<06:33, 35.79s/row]                                                              [480/490] generated 10 candidates
generate:  98%|█████████▊| 479/490 [5:10:47<06:33, 35.79s/row]generate:  98%|█████████▊| 480/490 [5:10:47<04:57, 29.71s/row]                                                              [481/490] generated 10 candidates
generate:  98%|█████████▊| 480/490 [5:12:11<04:57, 29.71s/row]generate:  98%|█████████▊| 481/490 [5:12:11<06:54, 46.10s/row]                                                              [482/490] generated 10 candidates
generate:  98%|█████████▊| 481/490 [5:12:44<06:54, 46.10s/row]generate:  98%|█████████▊| 482/490 [5:12:44<05:37, 42.15s/row]                                                              [483/490] generated 10 candidates
generate:  98%|█████████▊| 482/490 [5:13:09<05:37, 42.15s/row]generate:  99%|█████████▊| 483/490 [5:13:09<04:18, 36.97s/row]                                                              [484/490] generated 10 candidates
generate:  99%|█████████▊| 483/490 [5:13:43<04:18, 36.97s/row]generate:  99%|█████████▉| 484/490 [5:13:43<03:35, 35.87s/row]                                                              [485/490] generated 10 candidates
generate:  99%|█████████▉| 484/490 [5:14:01<03:35, 35.87s/row]generate:  99%|█████████▉| 485/490 [5:14:01<02:33, 30.68s/row]                                                              [486/490] generated 10 candidates
generate:  99%|█████████▉| 485/490 [5:14:29<02:33, 30.68s/row]generate:  99%|█████████▉| 486/490 [5:14:29<01:58, 29.75s/row]                                                              [487/490] generated 10 candidates
generate:  99%|█████████▉| 486/490 [5:14:54<01:58, 29.75s/row]generate:  99%|█████████▉| 487/490 [5:14:54<01:25, 28.46s/row]                                                              [488/490] generated 10 candidates
generate:  99%|█████████▉| 487/490 [5:15:24<01:25, 28.46s/row]generate: 100%|█████████▉| 488/490 [5:15:24<00:57, 28.94s/row]                                                              [489/490] generated 10 candidates
generate: 100%|█████████▉| 488/490 [5:15:40<00:57, 28.94s/row]generate: 100%|█████████▉| 489/490 [5:15:40<00:24, 24.93s/row]                                                              [490/490] generated 10 candidates
generate: 100%|█████████▉| 489/490 [5:16:02<00:24, 24.93s/row]generate: 100%|██████████| 490/490 [5:16:02<00:00, 24.16s/row]generate: 100%|██████████| 490/490 [5:16:02<00:00, 38.70s/row]
wrote /workspace/artifacts/hybrid_v2_3_s44/02b_graph_only_functional_gate/causal_matched_permutation.json
wrote /workspace/artifacts/hybrid_v2_3_s44/02b_graph_only_functional_gate/causal_matched_permutation.json.provenance.json

/venv/main/bin/python /workspace/scripts/evaluation/graph_inference_antigravity.py --dataset /workspace/artifacts/hybrid_v2_3_s44/00_phase0/neutral_functional_eval.jsonl --decoder_model Qwen/Qwen3-8B --checkpoint /workspace/artifacts/hybrid_v2_3_s44/01_graph_only_sft/pytorch_model.bin --output /workspace/artifacts/hybrid_v2_3_s44/02b_graph_only_functional_gate/causal_null.json --num_samples 10 --generation_batch_size 16 --max_new_tokens 3328 --decoder_prompt_max_length 3072 --decoder_revision  --encoder_revision  --seed 44 --graph_input_ablation null --graph_ablation_seed 44
Loading weights:   0%|          | 0/197 [00:00<?, ?it/s]Loading weights: 100%|██████████| 197/197 [00:00<00:00, 48993.65it/s]
Decoder attention implementation: flash_attention_2
Loading weights:   0%|          | 0/399 [00:00<?, ?it/s]Loading weights: 100%|██████████| 399/399 [00:00<00:00, 8242.56it/s]
Enabled decoder gradient checkpointing.
Enabled Qwen graph glue: 64 learned prefix tokens, dynamic=1, gate_mode=scalar, gate_init=0.2
Qwen prefix RMS matching ON: target token RMS 0.022050
Froze LocalBlockEncoder weights
Applied PEFT LORA (r=64, alpha=128) to Decoder targets=['q_proj', 'k_proj', 'v_proj', 'o_proj', 'gate_proj', 'up_proj', 'down_proj']
loaded checkpoint: /workspace/artifacts/hybrid_v2_3_s44/01_graph_only_sft/pytorch_model.bin
Validated checkpoint architecture: recognised=565 missing_frozen=617 unexpected=0
Qwen graph prefix gate: 0.200031
Inference mode: decoder gradient checkpointing OFF; KV cache ON
Graph input ablation: null (seed=44, mapping_sha256=0d59f0eae5a4b581daf465cf890c99d800b5be56104f7d6787c4e8702339b94a)
generate:   0%|          | 0/490 [00:00<?, ?row/s]                                                  [1/490] generated 10 candidates
generate:   0%|          | 0/490 [00:59<?, ?row/s]generate:   0%|          | 1/490 [00:59<8:06:54, 59.74s/row]                                                            [2/490] generated 10 candidates
generate:   0%|          | 1/490 [01:13<8:06:54, 59.74s/row]generate:   0%|          | 2/490 [01:13<4:27:31, 32.89s/row]                                                            [3/490] generated 10 candidates
generate:   0%|          | 2/490 [02:59<4:27:31, 32.89s/row]generate:   1%|          | 3/490 [02:59<8:57:59, 66.28s/row]                                                            [4/490] generated 10 candidates
generate:   1%|          | 3/490 [04:44<8:57:59, 66.28s/row]generate:   1%|          | 4/490 [04:44<10:58:07, 81.25s/row]                                                             [5/490] generated 10 candidates
generate:   1%|          | 4/490 [05:35<10:58:07, 81.25s/row]generate:   1%|          | 5/490 [05:35<9:30:59, 70.64s/row]                                                             [6/490] generated 10 candidates
generate:   1%|          | 5/490 [07:13<9:30:59, 70.64s/row]generate:   1%|          | 6/490 [07:13<10:42:39, 79.67s/row]                                                             [7/490] generated 10 candidates
generate:   1%|          | 6/490 [08:31<10:42:39, 79.67s/row]generate:   1%|▏         | 7/490 [08:31<10:38:09, 79.27s/row]                                                             [8/490] generated 10 candidates
generate:   1%|▏         | 7/490 [09:17<10:38:09, 79.27s/row]generate:   2%|▏         | 8/490 [09:17<9:10:53, 68.58s/row]                                                             [9/490] generated 10 candidates
generate:   2%|▏         | 8/490 [10:51<9:10:53, 68.58s/row]generate:   2%|▏         | 9/490 [10:51<10:14:10, 76.61s/row]                                                             [10/490] generated 10 candidates
generate:   2%|▏         | 9/490 [11:59<10:14:10, 76.61s/row]generate:   2%|▏         | 10/490 [11:59<9:51:40, 73.96s/row]                                                             [11/490] generated 10 candidates
generate:   2%|▏         | 10/490 [12:20<9:51:40, 73.96s/row]generate:   2%|▏         | 11/490 [12:20<7:40:11, 57.64s/row]                                                             [12/490] generated 10 candidates
generate:   2%|▏         | 11/490 [15:04<7:40:11, 57.64s/row]generate:   2%|▏         | 12/490 [15:04<11:57:12, 90.03s/row]                                                              [13/490] generated 10 candidates
generate:   2%|▏         | 12/490 [16:45<11:57:12, 90.03s/row]generate:   3%|▎         | 13/490 [16:45<12:22:10, 93.36s/row]                                                              [14/490] generated 10 candidates
generate:   3%|▎         | 13/490 [19:23<12:22:10, 93.36s/row]generate:   3%|▎         | 14/490 [19:23<14:57:14, 113.10s/row]                                                               [15/490] generated 10 candidates
generate:   3%|▎         | 14/490 [21:09<14:57:14, 113.10s/row]generate:   3%|▎         | 15/490 [21:09<14:36:14, 110.68s/row]                                                               [16/490] generated 10 candidates
generate:   3%|▎         | 15/490 [22:12<14:36:14, 110.68s/row]generate:   3%|▎         | 16/490 [22:12<12:41:58, 96.45s/row]                                                               [17/490] generated 10 candidates
generate:   3%|▎         | 16/490 [23:19<12:41:58, 96.45s/row]generate:   3%|▎         | 17/490 [23:19<11:31:45, 87.75s/row]                                                              [18/490] generated 10 candidates
generate:   3%|▎         | 17/490 [24:10<11:31:45, 87.75s/row]generate:   4%|▎         | 18/490 [24:10<10:02:42, 76.61s/row]                                                              [19/490] generated 10 candidates
generate:   4%|▎         | 18/490 [25:02<10:02:42, 76.61s/row]generate:   4%|▍         | 19/490 [25:02<9:03:56, 69.29s/row]                                                              [20/490] generated 10 candidates
generate:   4%|▍         | 19/490 [29:29<9:03:56, 69.29s/row]generate:   4%|▍         | 20/490 [29:29<16:45:42, 128.39s/row]                                                               [21/490] generated 10 candidates
generate:   4%|▍         | 20/490 [30:45<16:45:42, 128.39s/row]generate:   4%|▍         | 21/490 [30:45<14:41:49, 112.81s/row]                                                               [22/490] generated 10 candidates
generate:   4%|▍         | 21/490 [31:38<14:41:49, 112.81s/row]generate:   4%|▍         | 22/490 [31:38<12:20:28, 94.93s/row]                                                               [23/490] generated 10 candidates
generate:   4%|▍         | 22/490 [32:32<12:20:28, 94.93s/row]generate:   5%|▍         | 23/490 [32:32<10:43:30, 82.68s/row]                                                              [24/490] generated 10 candidates
generate:   5%|▍         | 23/490 [34:11<10:43:30, 82.68s/row]generate:   5%|▍         | 24/490 [34:11<11:20:14, 87.58s/row]                                                              [25/490] generated 10 candidates
generate:   5%|▍         | 24/490 [34:55<11:20:14, 87.58s/row]generate:   5%|▌         | 25/490 [34:55<9:36:07, 74.34s/row]                                                              [26/490] generated 10 candidates
generate:   5%|▌         | 25/490 [36:18<9:36:07, 74.34s/row]generate:   5%|▌         | 26/490 [36:18<9:54:32, 76.88s/row]                                                             [27/490] generated 10 candidates
generate:   5%|▌         | 26/490 [36:59<9:54:32, 76.88s/row]generate:   6%|▌         | 27/490 [36:59<8:32:10, 66.37s/row]                                                             [28/490] generated 10 candidates
generate:   6%|▌         | 27/490 [38:40<8:32:10, 66.37s/row]generate:   6%|▌         | 28/490 [38:40<9:49:32, 76.56s/row]                                                             [29/490] generated 10 candidates
generate:   6%|▌         | 28/490 [39:16<9:49:32, 76.56s/row]generate:   6%|▌         | 29/490 [39:16<8:15:48, 64.53s/row]                                                             [30/490] generated 10 candidates
generate:   6%|▌         | 29/490 [40:27<8:15:48, 64.53s/row]generate:   6%|▌         | 30/490 [40:27<8:28:41, 66.35s/row]                                                             [31/490] generated 10 candidates
generate:   6%|▌         | 30/490 [43:52<8:28:41, 66.35s/row]generate:   6%|▋         | 31/490 [43:52<13:45:27, 107.90s/row]                                                               [32/490] generated 10 candidates
generate:   6%|▋         | 31/490 [46:41<13:45:27, 107.90s/row]generate:   7%|▋         | 32/490 [46:41<16:03:29, 126.22s/row]                                                               [33/490] generated 10 candidates
generate:   7%|▋         | 32/490 [47:21<16:03:29, 126.22s/row]generate:   7%|▋         | 33/490 [47:21<12:45:27, 100.50s/row]                                                               [34/490] generated 10 candidates
generate:   7%|▋         | 33/490 [49:39<12:45:27, 100.50s/row]generate:   7%|▋         | 34/490 [49:39<14:09:47, 111.81s/row]                                                               [35/490] generated 10 candidates
generate:   7%|▋         | 34/490 [50:34<14:09:47, 111.81s/row]generate:   7%|▋         | 35/490 [50:34<11:57:22, 94.60s/row]                                                               [36/490] generated 10 candidates
generate:   7%|▋         | 35/490 [52:01<11:57:22, 94.60s/row]generate:   7%|▋         | 36/490 [52:01<11:39:32, 92.45s/row]                                                              [37/490] generated 10 candidates
generate:   7%|▋         | 36/490 [52:51<11:39:32, 92.45s/row]generate:   8%|▊         | 37/490 [52:51<10:02:06, 79.75s/row]                                                              [38/490] generated 10 candidates
generate:   8%|▊         | 37/490 [54:06<10:02:06, 79.75s/row]generate:   8%|▊         | 38/490 [54:06<9:50:04, 78.33s/row]                                                              [39/490] generated 10 candidates
generate:   8%|▊         | 38/490 [57:27<9:50:04, 78.33s/row]generate:   8%|▊         | 39/490 [57:27<14:24:58, 115.08s/row]                                                               [40/490] generated 10 candidates
generate:   8%|▊         | 39/490 [58:25<14:24:58, 115.08s/row]generate:   8%|▊         | 40/490 [58:25<12:13:34, 97.81s/row]                                                               [41/490] generated 10 candidates
generate:   8%|▊         | 40/490 [59:19<12:13:34, 97.81s/row]generate:   8%|▊         | 41/490 [59:19<10:35:06, 84.87s/row]                                                              [42/490] generated 10 candidates
generate:   8%|▊         | 41/490 [1:00:13<10:35:06, 84.87s/row]generate:   9%|▊         | 42/490 [1:00:13<9:22:44, 75.37s/row]                                                                [43/490] generated 10 candidates
generate:   9%|▊         | 42/490 [1:00:45<9:22:44, 75.37s/row]generate:   9%|▉         | 43/490 [1:00:45<7:45:04, 62.43s/row]                                                               [44/490] generated 10 candidates
generate:   9%|▉         | 43/490 [1:03:36<7:45:04, 62.43s/row]generate:   9%|▉         | 44/490 [1:03:36<11:46:21, 95.03s/row]                                                                [45/490] generated 10 candidates
generate:   9%|▉         | 44/490 [1:05:43<11:46:21, 95.03s/row]generate:   9%|▉         | 45/490 [1:05:43<12:55:45, 104.60s/row]                                                                 [46/490] generated 10 candidates
generate:   9%|▉         | 45/490 [1:06:44<12:55:45, 104.60s/row]generate:   9%|▉         | 46/490 [1:06:44<11:17:02, 91.49s/row]                                                                 [47/490] generated 10 candidates
generate:   9%|▉         | 46/490 [1:07:58<11:17:02, 91.49s/row]generate:  10%|▉         | 47/490 [1:07:58<10:37:01, 86.28s/row]                                                                [48/490] generated 10 candidates
generate:  10%|▉         | 47/490 [1:09:06<10:37:01, 86.28s/row]generate:  10%|▉         | 48/490 [1:09:06<9:54:46, 80.74s/row]                                                                [49/490] generated 10 candidates
generate:  10%|▉         | 48/490 [1:13:30<9:54:46, 80.74s/row]generate:  10%|█         | 49/490 [1:13:30<16:37:08, 135.67s/row]                                                                 [50/490] generated 10 candidates
generate:  10%|█         | 49/490 [1:15:16<16:37:08, 135.67s/row]generate:  10%|█         | 50/490 [1:15:16<15:29:54, 126.81s/row]                                                                 [51/490] generated 10 candidates
generate:  10%|█         | 50/490 [1:17:11<15:29:54, 126.81s/row]generate:  10%|█         | 51/490 [1:17:11<15:02:15, 123.32s/row]                                                                 [52/490] generated 10 candidates
generate:  10%|█         | 51/490 [1:18:03<15:02:15, 123.32s/row]generate:  11%|█         | 52/490 [1:18:03<12:24:25, 101.98s/row]                                                                 [53/490] generated 10 candidates
generate:  11%|█         | 52/490 [1:19:20<12:24:25, 101.98s/row]generate:  11%|█         | 53/490 [1:19:20<11:28:42, 94.56s/row]                                                                 [54/490] generated 10 candidates
generate:  11%|█         | 53/490 [1:20:50<11:28:42, 94.56s/row]generate:  11%|█         | 54/490 [1:20:50<11:15:35, 92.97s/row]                                                                [55/490] generated 10 candidates
generate:  11%|█         | 54/490 [1:21:58<11:15:35, 92.97s/row]generate:  11%|█         | 55/490 [1:21:58<10:19:48, 85.49s/row]                                                                [56/490] generated 10 candidates
generate:  11%|█         | 55/490 [1:24:41<10:19:48, 85.49s/row]generate:  11%|█▏        | 56/490 [1:24:41<13:08:20, 108.99s/row]                                                                 [57/490] generated 10 candidates
generate:  11%|█▏        | 56/490 [1:25:34<13:08:20, 108.99s/row]generate:  12%|█▏        | 57/490 [1:25:34<11:05:02, 92.15s/row]                                                                 [58/490] generated 10 candidates
generate:  12%|█▏        | 57/490 [1:27:46<11:05:02, 92.15s/row]generate:  12%|█▏        | 58/490 [1:27:46<12:29:01, 104.03s/row]                                                                 [59/490] generated 10 candidates
generate:  12%|█▏        | 58/490 [1:29:01<12:29:01, 104.03s/row]generate:  12%|█▏        | 59/490 [1:29:01<11:23:57, 95.22s/row]                                                                 [60/490] generated 10 candidates
generate:  12%|█▏        | 59/490 [1:30:26<11:23:57, 95.22s/row]generate:  12%|█▏        | 60/490 [1:30:26<11:00:33, 92.17s/row]                                                                [61/490] generated 10 candidates
generate:  12%|█▏        | 60/490 [1:31:21<11:00:33, 92.17s/row]generate:  12%|█▏        | 61/490 [1:31:21<9:39:32, 81.06s/row]                                                                [62/490] generated 10 candidates
generate:  12%|█▏        | 61/490 [1:32:42<9:39:32, 81.06s/row]generate:  13%|█▎        | 62/490 [1:32:42<9:38:02, 81.03s/row]                                                               [63/490] generated 10 candidates
generate:  13%|█▎        | 62/490 [1:33:38<9:38:02, 81.03s/row]generate:  13%|█▎        | 63/490 [1:33:38<8:43:50, 73.61s/row]                                                               [64/490] generated 10 candidates
generate:  13%|█▎        | 63/490 [1:34:12<8:43:50, 73.61s/row]generate:  13%|█▎        | 64/490 [1:34:12<7:19:04, 61.84s/row]                                                               [65/490] generated 10 candidates
generate:  13%|█▎        | 64/490 [1:36:12<7:19:04, 61.84s/row]generate:  13%|█▎        | 65/490 [1:36:12<9:19:41, 79.02s/row]                                                               [66/490] generated 10 candidates
generate:  13%|█▎        | 65/490 [1:37:33<9:19:41, 79.02s/row]generate:  13%|█▎        | 66/490 [1:37:33<9:23:48, 79.78s/row]                                                               [67/490] generated 10 candidates
generate:  13%|█▎        | 66/490 [1:38:34<9:23:48, 79.78s/row]generate:  14%|█▎        | 67/490 [1:38:34<8:42:32, 74.12s/row]                                                               [68/490] generated 10 candidates
generate:  14%|█▎        | 67/490 [1:41:21<8:42:32, 74.12s/row]generate:  14%|█▍        | 68/490 [1:41:21<11:57:22, 102.00s/row]                                                                 [69/490] generated 10 candidates
generate:  14%|█▍        | 68/490 [1:42:04<11:57:22, 102.00s/row]generate:  14%|█▍        | 69/490 [1:42:04<9:51:48, 84.34s/row]                                                                 [70/490] generated 10 candidates
generate:  14%|█▍        | 69/490 [1:43:05<9:51:48, 84.34s/row]generate:  14%|█▍        | 70/490 [1:43:05<9:00:43, 77.25s/row]                                                               [71/490] generated 10 candidates
generate:  14%|█▍        | 70/490 [1:44:07<9:00:43, 77.25s/row]generate:  14%|█▍        | 71/490 [1:44:07<8:26:55, 72.59s/row]                                                               [72/490] generated 10 candidates
generate:  14%|█▍        | 71/490 [1:45:27<8:26:55, 72.59s/row]generate:  15%|█▍        | 72/490 [1:45:27<8:41:48, 74.90s/row]                                                               [73/490] generated 10 candidates
generate:  15%|█▍        | 72/490 [1:46:19<8:41:48, 74.90s/row]generate:  15%|█▍        | 73/490 [1:46:19<7:52:43, 68.02s/row]                                                               [74/490] generated 10 candidates
generate:  15%|█▍        | 73/490 [1:47:17<7:52:43, 68.02s/row]generate:  15%|█▌        | 74/490 [1:47:17<7:31:30, 65.12s/row]                                                               [75/490] generated 10 candidates
generate:  15%|█▌        | 74/490 [1:48:36<7:31:30, 65.12s/row]generate:  15%|█▌        | 75/490 [1:48:36<7:58:15, 69.15s/row]                                                               [76/490] generated 10 candidates
generate:  15%|█▌        | 75/490 [1:50:08<7:58:15, 69.15s/row]generate:  16%|█▌        | 76/490 [1:50:08<8:45:29, 76.16s/row]                                                               [77/490] generated 10 candidates
generate:  16%|█▌        | 76/490 [1:52:59<8:45:29, 76.16s/row]generate:  16%|█▌        | 77/490 [1:52:59<11:59:46, 104.57s/row]                                                                 [78/490] generated 10 candidates
generate:  16%|█▌        | 77/490 [1:54:02<11:59:46, 104.57s/row]generate:  16%|█▌        | 78/490 [1:54:02<10:31:12, 91.92s/row]                                                                 [79/490] generated 10 candidates
generate:  16%|█▌        | 78/490 [1:55:02<10:31:12, 91.92s/row]generate:  16%|█▌        | 79/490 [1:55:02<9:25:51, 82.61s/row]                                                                [80/490] generated 10 candidates
generate:  16%|█▌        | 79/490 [1:56:43<9:25:51, 82.61s/row]generate:  16%|█▋        | 80/490 [1:56:43<10:00:22, 87.86s/row]                                                                [81/490] generated 10 candidates
generate:  16%|█▋        | 80/490 [2:00:35<10:00:22, 87.86s/row]generate:  17%|█▋        | 81/490 [2:00:35<14:54:20, 131.20s/row]                                                                 [82/490] generated 10 candidates
generate:  17%|█▋        | 81/490 [2:02:56<14:54:20, 131.20s/row]generate:  17%|█▋        | 82/490 [2:02:56<15:12:02, 134.12s/row]                                                                 [83/490] generated 10 candidates
generate:  17%|█▋        | 82/490 [2:03:57<15:12:02, 134.12s/row]generate:  17%|█▋        | 83/490 [2:03:57<12:41:18, 112.23s/row]                                                                 [84/490] generated 10 candidates
generate:  17%|█▋        | 83/490 [2:04:47<12:41:18, 112.23s/row]generate:  17%|█▋        | 84/490 [2:04:47<10:34:03, 93.70s/row]                                                                 [85/490] generated 10 candidates
generate:  17%|█▋        | 84/490 [2:05:37<10:34:03, 93.70s/row]generate:  17%|█▋        | 85/490 [2:05:37<9:03:04, 80.46s/row]                                                                [86/490] generated 10 candidates
generate:  17%|█▋        | 85/490 [2:07:22<9:03:04, 80.46s/row]generate:  18%|█▊        | 86/490 [2:07:22<9:50:55, 87.76s/row]                                                               [87/490] generated 10 candidates
generate:  18%|█▊        | 86/490 [2:08:39<9:50:55, 87.76s/row]generate:  18%|█▊        | 87/490 [2:08:39<9:28:17, 84.61s/row]                                                               [88/490] generated 10 candidates
generate:  18%|█▊        | 87/490 [2:09:09<9:28:17, 84.61s/row]generate:  18%|█▊        | 88/490 [2:09:09<7:37:46, 68.32s/row]                                                               [89/490] generated 10 candidates
generate:  18%|█▊        | 88/490 [2:11:02<7:37:46, 68.32s/row]generate:  18%|█▊        | 89/490 [2:11:02<9:05:41, 81.65s/row]                                                               [90/490] generated 10 candidates
generate:  18%|█▊        | 89/490 [2:15:30<9:05:41, 81.65s/row]generate:  18%|█▊        | 90/490 [2:15:30<15:16:23, 137.46s/row]                                                                 [91/490] generated 10 candidates
generate:  18%|█▊        | 90/490 [2:16:37<15:16:23, 137.46s/row]generate:  19%|█▊        | 91/490 [2:16:37<12:52:57, 116.23s/row]                                                                 [92/490] generated 10 candidates
generate:  19%|█▊        | 91/490 [2:17:42<12:52:57, 116.23s/row]generate:  19%|█▉        | 92/490 [2:17:42<11:10:18, 101.05s/row]                                                                 [93/490] generated 10 candidates
generate:  19%|█▉        | 92/490 [2:19:01<11:10:18, 101.05s/row]generate:  19%|█▉        | 93/490 [2:19:01<10:25:17, 94.50s/row]                                                                 [94/490] generated 10 candidates
generate:  19%|█▉        | 93/490 [2:20:11<10:25:17, 94.50s/row]generate:  19%|█▉        | 94/490 [2:20:11<9:34:13, 87.00s/row]                                                                [95/490] generated 10 candidates
generate:  19%|█▉        | 94/490 [2:22:26<9:34:13, 87.00s/row]generate:  19%|█▉        | 95/490 [2:22:26<11:08:24, 101.53s/row]                                                                 [96/490] generated 10 candidates
generate:  19%|█▉        | 95/490 [2:23:17<11:08:24, 101.53s/row]generate:  20%|█▉        | 96/490 [2:23:17<9:27:18, 86.39s/row]                                                                 [97/490] generated 10 candidates
generate:  20%|█▉        | 96/490 [2:24:36<9:27:18, 86.39s/row]generate:  20%|█▉        | 97/490 [2:24:36<9:09:47, 83.94s/row]                                                               [98/490] generated 10 candidates
generate:  20%|█▉        | 97/490 [2:25:34<9:09:47, 83.94s/row]generate:  20%|██        | 98/490 [2:25:34<8:18:53, 76.36s/row]                                                               [99/490] generated 10 candidates
generate:  20%|██        | 98/490 [2:27:03<8:18:53, 76.36s/row]generate:  20%|██        | 99/490 [2:27:03<8:41:50, 80.08s/row]                                                               [100/490] generated 10 candidates
generate:  20%|██        | 99/490 [2:28:42<8:41:50, 80.08s/row]generate:  20%|██        | 100/490 [2:28:42<9:16:52, 85.67s/row]                                                                [101/490] generated 10 candidates
generate:  20%|██        | 100/490 [2:30:42<9:16:52, 85.67s/row]generate:  21%|██        | 101/490 [2:30:42<10:22:03, 95.95s/row]                                                                 [102/490] generated 10 candidates
generate:  21%|██        | 101/490 [2:32:20<10:22:03, 95.95s/row]generate:  21%|██        | 102/490 [2:32:20<10:24:28, 96.57s/row]                                                                 [103/490] generated 10 candidates
generate:  21%|██        | 102/490 [2:34:08<10:24:28, 96.57s/row]generate:  21%|██        | 103/490 [2:34:08<10:45:41, 100.11s/row]                                                                  [104/490] generated 10 candidates
generate:  21%|██        | 103/490 [2:35:48<10:45:41, 100.11s/row]generate:  21%|██        | 104/490 [2:35:48<10:44:21, 100.16s/row]                                                                  [105/490] generated 10 candidates
generate:  21%|██        | 104/490 [2:37:03<10:44:21, 100.16s/row]generate:  21%|██▏       | 105/490 [2:37:03<9:54:09, 92.60s/row]                                                                  [106/490] generated 10 candidates
generate:  21%|██▏       | 105/490 [2:39:17<9:54:09, 92.60s/row]generate:  22%|██▏       | 106/490 [2:39:17<11:11:08, 104.87s/row]                                                                  [107/490] generated 10 candidates
generate:  22%|██▏       | 106/490 [2:40:16<11:11:08, 104.87s/row]generate:  22%|██▏       | 107/490 [2:40:16<9:42:20, 91.23s/row]                                                                  [108/490] generated 10 candidates
generate:  22%|██▏       | 107/490 [2:40:46<9:42:20, 91.23s/row]generate:  22%|██▏       | 108/490 [2:40:46<7:43:18, 72.77s/row]                                                                [109/490] generated 10 candidates
generate:  22%|██▏       | 108/490 [2:41:46<7:43:18, 72.77s/row]generate:  22%|██▏       | 109/490 [2:41:46<7:18:16, 69.02s/row]                                                                [110/490] generated 10 candidates
generate:  22%|██▏       | 109/490 [2:42:45<7:18:16, 69.02s/row]generate:  22%|██▏       | 110/490 [2:42:45<6:57:51, 65.98s/row]                                                                [111/490] generated 10 candidates
generate:  22%|██▏       | 110/490 [2:43:55<6:57:51, 65.98s/row]generate:  23%|██▎       | 111/490 [2:43:55<7:04:26, 67.19s/row]                                                                [112/490] generated 10 candidates
generate:  23%|██▎       | 111/490 [2:45:09<7:04:26, 67.19s/row]generate:  23%|██▎       | 112/490 [2:45:09<7:16:21, 69.26s/row]                                                                [113/490] generated 10 candidates
generate:  23%|██▎       | 112/490 [2:45:47<7:16:21, 69.26s/row]generate:  23%|██▎       | 113/490 [2:45:47<6:15:44, 59.80s/row]                                                                [114/490] generated 10 candidates
generate:  23%|██▎       | 113/490 [2:47:00<6:15:44, 59.80s/row]generate:  23%|██▎       | 114/490 [2:47:00<6:38:56, 63.66s/row]                                                                [115/490] generated 10 candidates
generate:  23%|██▎       | 114/490 [2:47:52<6:38:56, 63.66s/row]generate:  23%|██▎       | 115/490 [2:47:52<6:16:26, 60.23s/row]                                                                [116/490] generated 10 candidates
generate:  23%|██▎       | 115/490 [2:52:14<6:16:26, 60.23s/row]generate:  24%|██▎       | 116/490 [2:52:14<12:33:15, 120.84s/row]                                                                  [117/490] generated 10 candidates
generate:  24%|██▎       | 116/490 [2:53:10<12:33:15, 120.84s/row]generate:  24%|██▍       | 117/490 [2:53:10<10:29:47, 101.31s/row]                                                                  [118/490] generated 10 candidates
generate:  24%|██▍       | 117/490 [2:55:18<10:29:47, 101.31s/row]generate:  24%|██▍       | 118/490 [2:55:18<11:18:34, 109.45s/row]                                                                  [119/490] generated 10 candidates
generate:  24%|██▍       | 118/490 [2:58:29<11:18:34, 109.45s/row]generate:  24%|██▍       | 119/490 [2:58:29<13:48:02, 133.92s/row]                                                                  [120/490] generated 10 candidates
generate:  24%|██▍       | 119/490 [3:00:28<13:48:02, 133.92s/row]generate:  24%|██▍       | 120/490 [3:00:28<13:17:55, 129.39s/row]                                                                  [121/490] generated 10 candidates
generate:  24%|██▍       | 120/490 [3:00:50<13:17:55, 129.39s/row]generate:  25%|██▍       | 121/490 [3:00:50<9:56:50, 97.05s/row]                                                                  [122/490] generated 10 candidates
generate:  25%|██▍       | 121/490 [3:02:30<9:56:50, 97.05s/row]generate:  25%|██▍       | 122/490 [3:02:30<10:02:07, 98.17s/row]                                                                 [123/490] generated 10 candidates
generate:  25%|██▍       | 122/490 [3:04:53<10:02:07, 98.17s/row]generate:  25%|██▌       | 123/490 [3:04:53<11:21:20, 111.39s/row]                                                                  [124/490] generated 10 candidates
generate:  25%|██▌       | 123/490 [3:05:44<11:21:20, 111.39s/row]generate:  25%|██▌       | 124/490 [3:05:44<9:30:18, 93.49s/row]                                                                  [125/490] generated 10 candidates
generate:  25%|██▌       | 124/490 [3:06:58<9:30:18, 93.49s/row]generate:  26%|██▌       | 125/490 [3:06:58<8:52:54, 87.60s/row]                                                                [126/490] generated 10 candidates
generate:  26%|██▌       | 125/490 [3:07:38<8:52:54, 87.60s/row]generate:  26%|██▌       | 126/490 [3:07:38<7:24:26, 73.26s/row]                                                                [127/490] generated 10 candidates
generate:  26%|██▌       | 126/490 [3:09:48<7:24:26, 73.26s/row]generate:  26%|██▌       | 127/490 [3:09:48<9:06:26, 90.32s/row]                                                                [128/490] generated 10 candidates
generate:  26%|██▌       | 127/490 [3:10:52<9:06:26, 90.32s/row]generate:  26%|██▌       | 128/490 [3:10:52<8:17:34, 82.47s/row]                                                                [129/490] generated 10 candidates
generate:  26%|██▌       | 128/490 [3:11:12<8:17:34, 82.47s/row]generate:  26%|██▋       | 129/490 [3:11:12<6:22:40, 63.60s/row]                                                                [130/490] generated 10 candidates
generate:  26%|██▋       | 129/490 [3:12:58<6:22:40, 63.60s/row]generate:  27%|██▋       | 130/490 [3:12:58<7:37:17, 76.21s/row]                                                                [131/490] generated 10 candidates
generate:  27%|██▋       | 130/490 [3:15:01<7:37:17, 76.21s/row]generate:  27%|██▋       | 131/490 [3:15:01<9:00:00, 90.25s/row]                                                                [132/490] generated 10 candidates
generate:  27%|██▋       | 131/490 [3:15:48<9:00:00, 90.25s/row]generate:  27%|██▋       | 132/490 [3:15:48<7:42:30, 77.52s/row]                                                                [133/490] generated 10 candidates
generate:  27%|██▋       | 132/490 [3:16:46<7:42:30, 77.52s/row]generate:  27%|██▋       | 133/490 [3:16:46<7:05:11, 71.46s/row]                                                                [134/490] generated 10 candidates
generate:  27%|██▋       | 133/490 [3:21:09<7:05:11, 71.46s/row]generate:  27%|██▋       | 134/490 [3:21:09<12:45:22, 128.99s/row]                                                                  [135/490] generated 10 candidates
generate:  27%|██▋       | 134/490 [3:22:23<12:45:22, 128.99s/row]generate:  28%|██▊       | 135/490 [3:22:23<11:05:31, 112.48s/row]                                                                  [136/490] generated 10 candidates
generate:  28%|██▊       | 135/490 [3:26:42<11:05:31, 112.48s/row]generate:  28%|██▊       | 136/490 [3:26:42<15:22:54, 156.43s/row]                                                                  [137/490] generated 10 candidates
generate:  28%|██▊       | 136/490 [3:27:24<15:22:54, 156.43s/row]generate:  28%|██▊       | 137/490 [3:27:24<11:58:11, 122.07s/row]                                                                  [138/490] generated 10 candidates
generate:  28%|██▊       | 137/490 [3:28:28<11:58:11, 122.07s/row]generate:  28%|██▊       | 138/490 [3:28:28<10:13:42, 104.61s/row]                                                                  [139/490] generated 10 candidates
generate:  28%|██▊       | 138/490 [3:29:16<10:13:42, 104.61s/row]generate:  28%|██▊       | 139/490 [3:29:16<8:32:46, 87.66s/row]                                                                  [140/490] generated 10 candidates
generate:  28%|██▊       | 139/490 [3:32:09<8:32:46, 87.66s/row]generate:  29%|██▊       | 140/490 [3:32:09<11:01:15, 113.36s/row]                                                                  [141/490] generated 10 candidates
generate:  29%|██▊       | 140/490 [3:33:41<11:01:15, 113.36s/row]generate:  29%|██▉       | 141/490 [3:33:41<10:21:47, 106.90s/row]                                                                  [142/490] generated 10 candidates
generate:  29%|██▉       | 141/490 [3:34:47<10:21:47, 106.90s/row]generate:  29%|██▉       | 142/490 [3:34:47<9:09:32, 94.75s/row]                                                                  [143/490] generated 10 candidates
generate:  29%|██▉       | 142/490 [3:38:06<9:09:32, 94.75s/row]generate:  29%|██▉       | 143/490 [3:38:06<12:08:59, 126.05s/row]                                                                  [144/490] generated 10 candidates
generate:  29%|██▉       | 143/490 [3:39:04<12:08:59, 126.05s/row]generate:  29%|██▉       | 144/490 [3:39:04<10:08:53, 105.59s/row]                                                                  [145/490] generated 10 candidates
generate:  29%|██▉       | 144/490 [3:40:15<10:08:53, 105.59s/row]generate:  30%|██▉       | 145/490 [3:40:15<9:07:37, 95.24s/row]                                                                  [146/490] generated 10 candidates
generate:  30%|██▉       | 145/490 [3:42:24<9:07:37, 95.24s/row]generate:  30%|██▉       | 146/490 [3:42:24<10:02:52, 105.15s/row]                                                                  [147/490] generated 10 candidates
generate:  30%|██▉       | 146/490 [3:43:22<10:02:52, 105.15s/row]generate:  30%|███       | 147/490 [3:43:22<8:41:31, 91.23s/row]                                                                  [148/490] generated 10 candidates
generate:  30%|███       | 147/490 [3:45:15<8:41:31, 91.23s/row]generate:  30%|███       | 148/490 [3:45:15<9:16:41, 97.66s/row]                                                                [149/490] generated 10 candidates
generate:  30%|███       | 148/490 [3:46:39<9:16:41, 97.66s/row]generate:  30%|███       | 149/490 [3:46:39<8:50:55, 93.42s/row]                                                                [150/490] generated 10 candidates
generate:  30%|███       | 149/490 [3:47:29<8:50:55, 93.42s/row]generate:  31%|███       | 150/490 [3:47:29<7:36:31, 80.56s/row]                                                                [151/490] generated 10 candidates
generate:  31%|███       | 150/490 [3:51:34<7:36:31, 80.56s/row]generate:  31%|███       | 151/490 [3:51:34<12:12:59, 129.73s/row]                                                                  [152/490] generated 10 candidates
generate:  31%|███       | 151/490 [3:53:01<12:12:59, 129.73s/row]generate:  31%|███       | 152/490 [3:53:01<10:59:22, 117.05s/row]                                                                  [153/490] generated 10 candidates
generate:  31%|███       | 152/490 [3:55:43<10:59:22, 117.05s/row]generate:  31%|███       | 153/490 [3:55:43<12:13:56, 130.67s/row]                                                                  [154/490] generated 10 candidates
generate:  31%|███       | 153/490 [3:57:40<12:13:56, 130.67s/row]generate:  31%|███▏      | 154/490 [3:57:40<11:47:47, 126.39s/row]                                                                  [155/490] generated 10 candidates
generate:  31%|███▏      | 154/490 [3:58:37<11:47:47, 126.39s/row]generate:  32%|███▏      | 155/490 [3:58:37<9:49:33, 105.59s/row]                                                                  [156/490] generated 10 candidates
generate:  32%|███▏      | 155/490 [3:59:41<9:49:33, 105.59s/row]generate:  32%|███▏      | 156/490 [3:59:41<8:38:50, 93.20s/row]                                                                 [157/490] generated 10 candidates
generate:  32%|███▏      | 156/490 [4:01:06<8:38:50, 93.20s/row]generate:  32%|███▏      | 157/490 [4:01:06<8:22:38, 90.57s/row]                                                                [158/490] generated 10 candidates
generate:  32%|███▏      | 157/490 [4:02:54<8:22:38, 90.57s/row]generate:  32%|███▏      | 158/490 [4:02:54<8:51:23, 96.03s/row]                                                                [159/490] generated 10 candidates
generate:  32%|███▏      | 158/490 [4:04:09<8:51:23, 96.03s/row]generate:  32%|███▏      | 159/490 [4:04:09<8:13:41, 89.49s/row]                                                                [160/490] generated 10 candidates
generate:  32%|███▏      | 159/490 [4:06:41<8:13:41, 89.49s/row]generate:  33%|███▎      | 160/490 [4:06:41<9:56:07, 108.39s/row]                                                                 [161/490] generated 10 candidates
generate:  33%|███▎      | 160/490 [4:10:01<9:56:07, 108.39s/row]generate:  33%|███▎      | 161/490 [4:10:01<12:25:27, 135.95s/row]                                                                  [162/490] generated 10 candidates
generate:  33%|███▎      | 161/490 [4:11:08<12:25:27, 135.95s/row]generate:  33%|███▎      | 162/490 [4:11:08<10:29:28, 115.15s/row]                                                                  [163/490] generated 10 candidates
generate:  33%|███▎      | 162/490 [4:12:01<10:29:28, 115.15s/row]generate:  33%|███▎      | 163/490 [4:12:01<8:46:26, 96.60s/row]                                                                  [164/490] generated 10 candidates
generate:  33%|███▎      | 163/490 [4:13:34<8:46:26, 96.60s/row]generate:  33%|███▎      | 164/490 [4:13:34<8:37:53, 95.32s/row]                                                                [165/490] generated 10 candidates
generate:  33%|███▎      | 164/490 [4:16:31<8:37:53, 95.32s/row]generate:  34%|███▎      | 165/490 [4:16:31<10:50:06, 120.02s/row]                                                                  [166/490] generated 10 candidates
generate:  34%|███▎      | 165/490 [4:17:57<10:50:06, 120.02s/row]generate:  34%|███▍      | 166/490 [4:17:57<9:51:47, 109.59s/row]                                                                  [167/490] generated 10 candidates
generate:  34%|███▍      | 166/490 [4:19:28<9:51:47, 109.59s/row]generate:  34%|███▍      | 167/490 [4:19:28<9:20:21, 104.09s/row]                                                                 [168/490] generated 10 candidates
generate:  34%|███▍      | 167/490 [4:20:53<9:20:21, 104.09s/row]generate:  34%|███▍      | 168/490 [4:20:53<8:47:23, 98.27s/row]                                                                 [169/490] generated 10 candidates
generate:  34%|███▍      | 168/490 [4:21:53<8:47:23, 98.27s/row]generate:  34%|███▍      | 169/490 [4:21:53<7:45:23, 86.99s/row]                                                                [170/490] generated 10 candidates
generate:  34%|███▍      | 169/490 [4:26:19<7:45:23, 86.99s/row]generate:  35%|███▍      | 170/490 [4:26:19<12:30:31, 140.72s/row]                                                                  [171/490] generated 10 candidates
generate:  35%|███▍      | 170/490 [4:28:14<12:30:31, 140.72s/row]generate:  35%|███▍      | 171/490 [4:28:14<11:47:13, 133.02s/row]                                                                  [172/490] generated 10 candidates
generate:  35%|███▍      | 171/490 [4:30:19<11:47:13, 133.02s/row]generate:  35%|███▌      | 172/490 [4:30:19<11:31:51, 130.54s/row]                                                                  [173/490] generated 10 candidates
generate:  35%|███▌      | 172/490 [4:32:39<11:31:51, 130.54s/row]generate:  35%|███▌      | 173/490 [4:32:39<11:44:15, 133.30s/row]                                                                  [174/490] generated 10 candidates
generate:  35%|███▌      | 173/490 [4:34:14<11:44:15, 133.30s/row]generate:  36%|███▌      | 174/490 [4:34:14<10:41:55, 121.89s/row]                                                                  [175/490] generated 10 candidates
generate:  36%|███▌      | 174/490 [4:35:03<10:41:55, 121.89s/row]generate:  36%|███▌      | 175/490 [4:35:03<8:44:52, 99.98s/row]                                                                  [176/490] generated 10 candidates
generate:  36%|███▌      | 175/490 [4:35:58<8:44:52, 99.98s/row]generate:  36%|███▌      | 176/490 [4:35:58<7:31:59, 86.37s/row]                                                                [177/490] generated 10 candidates
generate:  36%|███▌      | 176/490 [4:37:46<7:31:59, 86.37s/row]generate:  36%|███▌      | 177/490 [4:37:46<8:05:16, 93.02s/row]                                                                [178/490] generated 10 candidates
generate:  36%|███▌      | 177/490 [4:39:25<8:05:16, 93.02s/row]generate:  36%|███▋      | 178/490 [4:39:25<8:13:18, 94.87s/row]                                                                [179/490] generated 10 candidates
generate:  36%|███▋      | 178/490 [4:40:21<8:13:18, 94.87s/row]generate:  37%|███▋      | 179/490 [4:40:21<7:10:27, 83.05s/row]                                                                [180/490] generated 10 candidates
generate:  37%|███▋      | 179/490 [4:41:24<7:10:27, 83.05s/row]generate:  37%|███▋      | 180/490 [4:41:24<6:38:13, 77.08s/row]                                                                [181/490] generated 10 candidates
generate:  37%|███▋      | 180/490 [4:42:01<6:38:13, 77.08s/row]generate:  37%|███▋      | 181/490 [4:42:01<5:35:51, 65.21s/row]                                                                [182/490] generated 10 candidates
generate:  37%|███▋      | 181/490 [4:43:30<5:35:51, 65.21s/row]generate:  37%|███▋      | 182/490 [4:43:30<6:10:01, 72.08s/row]                                                                [183/490] generated 10 candidates
generate:  37%|███▋      | 182/490 [4:44:50<6:10:01, 72.08s/row]generate:  37%|███▋      | 183/490 [4:44:50<6:21:10, 74.50s/row]                                                                [184/490] generated 10 candidates
generate:  37%|███▋      | 183/490 [4:46:41<6:21:10, 74.50s/row]generate:  38%|███▊      | 184/490 [4:46:41<7:16:43, 85.63s/row]                                                                [185/490] generated 10 candidates
generate:  38%|███▊      | 184/490 [4:47:42<7:16:43, 85.63s/row]generate:  38%|███▊      | 185/490 [4:47:42<6:37:41, 78.23s/row]                                                                [186/490] generated 10 candidates
generate:  38%|███▊      | 185/490 [4:49:03<6:37:41, 78.23s/row]generate:  38%|███▊      | 186/490 [4:49:03<6:39:39, 78.88s/row]                                                                [187/490] generated 10 candidates
generate:  38%|███▊      | 186/490 [4:50:32<6:39:39, 78.88s/row]generate:  38%|███▊      | 187/490 [4:50:32<6:54:37, 82.10s/row]                                                                [188/490] generated 10 candidates
generate:  38%|███▊      | 187/490 [4:52:06<6:54:37, 82.10s/row]generate:  38%|███▊      | 188/490 [4:52:06<7:10:28, 85.52s/row]                                                                [189/490] generated 10 candidates
generate:  38%|███▊      | 188/490 [4:52:32<7:10:28, 85.52s/row]generate:  39%|███▊      | 189/490 [4:52:32<5:39:45, 67.73s/row]                                                                [190/490] generated 10 candidates
generate:  39%|███▊      | 189/490 [4:53:28<5:39:45, 67.73s/row]generate:  39%|███▉      | 190/490 [4:53:28<5:20:29, 64.10s/row]                                                                [191/490] generated 10 candidates
generate:  39%|███▉      | 190/490 [4:57:51<5:20:29, 64.10s/row]generate:  39%|███▉      | 191/490 [4:57:51<10:16:42, 123.75s/row]                                                                  [192/490] generated 10 candidates
generate:  39%|███▉      | 191/490 [4:59:02<10:16:42, 123.75s/row]generate:  39%|███▉      | 192/490 [4:59:02<8:57:01, 108.13s/row]                                                                  [193/490] generated 10 candidates
generate:  39%|███▉      | 192/490 [5:00:30<8:57:01, 108.13s/row]generate:  39%|███▉      | 193/490 [5:00:30<8:25:37, 102.15s/row]                                                                 [194/490] generated 10 candidates
generate:  39%|███▉      | 193/490 [5:01:24<8:25:37, 102.15s/row]generate:  40%|███▉      | 194/490 [5:01:24<7:12:08, 87.59s/row]                                                                 [195/490] generated 10 candidates
generate:  40%|███▉      | 194/490 [5:02:12<7:12:08, 87.59s/row]generate:  40%|███▉      | 195/490 [5:02:12<6:12:05, 75.68s/row]                                                                [196/490] generated 10 candidates
generate:  40%|███▉      | 195/490 [5:02:51<6:12:05, 75.68s/row]generate:  40%|████      | 196/490 [5:02:51<5:17:43, 64.84s/row]                                                                [197/490] generated 10 candidates
generate:  40%|████      | 196/490 [5:03:35<5:17:43, 64.84s/row]generate:  40%|████      | 197/490 [5:03:35<4:46:04, 58.58s/row]                                                                [198/490] generated 10 candidates
generate:  40%|████      | 197/490 [5:04:40<4:46:04, 58.58s/row]generate:  40%|████      | 198/490 [5:04:40<4:53:59, 60.41s/row]                                                                [199/490] generated 10 candidates
generate:  40%|████      | 198/490 [5:05:55<4:53:59, 60.41s/row]generate:  41%|████      | 199/490 [5:05:55<5:13:51, 64.71s/row]                                                                [200/490] generated 10 candidates
generate:  41%|████      | 199/490 [5:07:00<5:13:51, 64.71s/row]generate:  41%|████      | 200/490 [5:07:00<5:13:46, 64.92s/row]                                                                [201/490] generated 10 candidates
generate:  41%|████      | 200/490 [5:08:03<5:13:46, 64.92s/row]generate:  41%|████      | 201/490 [5:08:03<5:09:34, 64.27s/row]                                                                [202/490] generated 10 candidates
generate:  41%|████      | 201/490 [5:10:12<5:09:34, 64.27s/row]generate:  41%|████      | 202/490 [5:10:12<6:41:46, 83.70s/row]                                                                [203/490] generated 10 candidates
generate:  41%|████      | 202/490 [5:11:37<6:41:46, 83.70s/row]generate:  41%|████▏     | 203/490 [5:11:37<6:42:50, 84.22s/row]                                                                [204/490] generated 10 candidates
generate:  41%|████▏     | 203/490 [5:12:38<6:42:50, 84.22s/row]generate:  42%|████▏     | 204/490 [5:12:38<6:07:00, 76.99s/row]                                                                [205/490] generated 10 candidates
generate:  42%|████▏     | 204/490 [5:13:35<6:07:00, 76.99s/row]generate:  42%|████▏     | 205/490 [5:13:35<5:37:36, 71.07s/row]                                                                [206/490] generated 10 candidates
generate:  42%|████▏     | 205/490 [5:14:45<5:37:36, 71.07s/row]generate:  42%|████▏     | 206/490 [5:14:45<5:34:23, 70.65s/row]                                                                [207/490] generated 10 candidates
generate:  42%|████▏     | 206/490 [5:15:16<5:34:23, 70.65s/row]generate:  42%|████▏     | 207/490 [5:15:16<4:38:14, 58.99s/row]                                                                [208/490] generated 10 candidates
generate:  42%|████▏     | 207/490 [5:17:35<4:38:14, 58.99s/row]generate:  42%|████▏     | 208/490 [5:17:35<6:29:14, 82.82s/row]                                                                [209/490] generated 10 candidates
generate:  42%|████▏     | 208/490 [5:18:33<6:29:14, 82.82s/row]generate:  43%|████▎     | 209/490 [5:18:33<5:53:57, 75.58s/row]                                                                [210/490] generated 10 candidates
generate:  43%|████▎     | 209/490 [5:20:20<5:53:57, 75.58s/row]generate:  43%|████▎     | 210/490 [5:20:20<6:35:57, 84.85s/row]                                                                [211/490] generated 10 candidates
generate:  43%|████▎     | 210/490 [5:21:31<6:35:57, 84.85s/row]generate:  43%|████▎     | 211/490 [5:21:31<6:15:14, 80.70s/row]                                                                [212/490] generated 10 candidates
generate:  43%|████▎     | 211/490 [5:22:17<6:15:14, 80.70s/row]generate:  43%|████▎     | 212/490 [5:22:17<5:25:04, 70.16s/row]                                                                [213/490] generated 10 candidates
generate:  43%|████▎     | 212/490 [5:23:00<5:25:04, 70.16s/row]generate:  43%|████▎     | 213/490 [5:23:00<4:46:56, 62.15s/row]                                                                [214/490] generated 10 candidates
generate:  43%|████▎     | 213/490 [5:23:56<4:46:56, 62.15s/row]generate:  44%|████▎     | 214/490 [5:23:56<4:36:46, 60.17s/row]                                                                [215/490] generated 10 candidates
generate:  44%|████▎     | 214/490 [5:28:16<4:36:46, 60.17s/row]generate:  44%|████▍     | 215/490 [5:28:16<9:11:04, 120.24s/row]                                                                 [216/490] generated 10 candidates
generate:  44%|████▍     | 215/490 [5:29:15<9:11:04, 120.24s/row]generate:  44%|████▍     | 216/490 [5:29:15<7:45:26, 101.92s/row]                                                                 [217/490] generated 10 candidates
generate:  44%|████▍     | 216/490 [5:30:01<7:45:26, 101.92s/row]generate:  44%|████▍     | 217/490 [5:30:01<6:27:52, 85.25s/row]                                                                 [218/490] generated 10 candidates
generate:  44%|████▍     | 217/490 [5:31:11<6:27:52, 85.25s/row]generate:  44%|████▍     | 218/490 [5:31:11<6:05:14, 80.57s/row]                                                                [219/490] generated 10 candidates
generate:  44%|████▍     | 218/490 [5:32:30<6:05:14, 80.57s/row]generate:  45%|████▍     | 219/490 [5:32:30<6:02:03, 80.16s/row]                                                                [220/490] generated 10 candidates
generate:  45%|████▍     | 219/490 [5:33:49<6:02:03, 80.16s/row]generate:  45%|████▍     | 220/490 [5:33:49<5:58:13, 79.60s/row]                                                                [221/490] generated 10 candidates
generate:  45%|████▍     | 220/490 [5:35:16<5:58:13, 79.60s/row]generate:  45%|████▌     | 221/490 [5:35:16<6:07:21, 81.94s/row]                                                                [222/490] generated 10 candidates
generate:  45%|████▌     | 221/490 [5:36:15<6:07:21, 81.94s/row]generate:  45%|████▌     | 222/490 [5:36:15<5:34:52, 74.97s/row]                                                                [223/490] generated 10 candidates
generate:  45%|████▌     | 222/490 [5:40:34<5:34:52, 74.97s/row]generate:  46%|████▌     | 223/490 [5:40:34<9:40:04, 130.35s/row]                                                                 [224/490] generated 10 candidates
generate:  46%|████▌     | 223/490 [5:41:34<9:40:04, 130.35s/row]generate:  46%|████▌     | 224/490 [5:41:34<8:04:36, 109.31s/row]                                                                 [225/490] generated 10 candidates
generate:  46%|████▌     | 224/490 [5:42:26<8:04:36, 109.31s/row]generate:  46%|████▌     | 225/490 [5:42:26<6:46:29, 92.03s/row]                                                                 [226/490] generated 10 candidates
generate:  46%|████▌     | 225/490 [5:43:12<6:46:29, 92.03s/row]generate:  46%|████▌     | 226/490 [5:43:12<5:44:15, 78.24s/row]                                                                [227/490] generated 10 candidates
generate:  46%|████▌     | 226/490 [5:44:11<5:44:15, 78.24s/row]generate:  46%|████▋     | 227/490 [5:44:11<5:17:29, 72.43s/row]                                                                [228/490] generated 10 candidates
generate:  46%|████▋     | 227/490 [5:45:37<5:17:29, 72.43s/row]generate:  47%|████▋     | 228/490 [5:45:37<5:33:37, 76.40s/row]                                                                [229/490] generated 10 candidates
generate:  47%|████▋     | 228/490 [5:46:37<5:33:37, 76.40s/row]generate:  47%|████▋     | 229/490 [5:46:37<5:10:52, 71.46s/row]                                                                [230/490] generated 10 candidates
generate:  47%|████▋     | 229/490 [5:47:26<5:10:52, 71.46s/row]generate:  47%|████▋     | 230/490 [5:47:26<4:40:24, 64.71s/row]                                                                [231/490] generated 10 candidates
generate:  47%|████▋     | 230/490 [5:48:33<4:40:24, 64.71s/row]generate:  47%|████▋     | 231/490 [5:48:33<4:42:27, 65.43s/row]                                                                [232/490] generated 10 candidates
generate:  47%|████▋     | 231/490 [5:49:39<4:42:27, 65.43s/row]generate:  47%|████▋     | 232/490 [5:49:39<4:42:51, 65.78s/row]                                                                [233/490] generated 10 candidates
generate:  47%|████▋     | 232/490 [5:50:33<4:42:51, 65.78s/row]generate:  48%|████▊     | 233/490 [5:50:33<4:25:47, 62.05s/row]                                                                [234/490] generated 10 candidates
generate:  48%|████▊     | 233/490 [5:51:25<4:25:47, 62.05s/row]generate:  48%|████▊     | 234/490 [5:51:25<4:11:48, 59.02s/row]                                                                [235/490] generated 10 candidates
generate:  48%|████▊     | 234/490 [5:52:46<4:11:48, 59.02s/row]generate:  48%|████▊     | 235/490 [5:52:46<4:39:47, 65.83s/row]                                                                [236/490] generated 10 candidates
generate:  48%|████▊     | 235/490 [5:54:42<4:39:47, 65.83s/row]generate:  48%|████▊     | 236/490 [5:54:42<5:42:23, 80.88s/row]                                                                [237/490] generated 10 candidates
generate:  48%|████▊     | 236/490 [5:55:38<5:42:23, 80.88s/row]generate:  48%|████▊     | 237/490 [5:55:38<5:09:18, 73.36s/row]                                                                [238/490] generated 10 candidates
generate:  48%|████▊     | 237/490 [5:56:29<5:09:18, 73.36s/row]generate:  49%|████▊     | 238/490 [5:56:29<4:39:18, 66.50s/row]                                                                [239/490] generated 10 candidates
generate:  49%|████▊     | 238/490 [5:57:09<4:39:18, 66.50s/row]generate:  49%|████▉     | 239/490 [5:57:09<4:05:09, 58.60s/row]                                                                [240/490] generated 10 candidates
generate:  49%|████▉     | 239/490 [5:58:22<4:05:09, 58.60s/row]generate:  49%|████▉     | 240/490 [5:58:22<4:22:32, 63.01s/row]                                                                [241/490] generated 10 candidates
generate:  49%|████▉     | 240/490 [5:59:48<4:22:32, 63.01s/row]generate:  49%|████▉     | 241/490 [5:59:48<4:50:03, 69.89s/row]                                                                [242/490] generated 10 candidates
generate:  49%|████▉     | 241/490 [6:01:45<4:50:03, 69.89s/row]generate:  49%|████▉     | 242/490 [6:01:45<5:47:07, 83.98s/row]                                                                [243/490] generated 10 candidates
generate:  49%|████▉     | 242/490 [6:02:38<5:47:07, 83.98s/row]generate:  50%|████▉     | 243/490 [6:02:38<5:06:50, 74.54s/row]                                                                [244/490] generated 10 candidates
generate:  50%|████▉     | 243/490 [6:03:27<5:06:50, 74.54s/row]generate:  50%|████▉     | 244/490 [6:03:27<4:35:04, 67.09s/row]                                                                [245/490] generated 10 candidates
generate:  50%|████▉     | 244/490 [6:04:22<4:35:04, 67.09s/row]generate:  50%|█████     | 245/490 [6:04:22<4:19:16, 63.50s/row]                                                                [246/490] generated 10 candidates
generate:  50%|█████     | 245/490 [6:05:28<4:19:16, 63.50s/row]generate:  50%|█████     | 246/490 [6:05:28<4:20:45, 64.12s/row]                                                                [247/490] generated 10 candidates
generate:  50%|█████     | 246/490 [6:08:53<4:20:45, 64.12s/row]generate:  50%|█████     | 247/490 [6:08:53<7:10:48, 106.37s/row]                                                                 [248/490] generated 10 candidates
generate:  50%|█████     | 247/490 [6:10:33<7:10:48, 106.37s/row]generate:  51%|█████     | 248/490 [6:10:33<7:00:59, 104.38s/row]                                                                 [249/490] generated 10 candidates
generate:  51%|█████     | 248/490 [6:11:19<7:00:59, 104.38s/row]generate:  51%|█████     | 249/490 [6:11:19<5:49:21, 86.98s/row]                                                                 [250/490] generated 10 candidates
generate:  51%|█████     | 249/490 [6:12:58<5:49:21, 86.98s/row]generate:  51%|█████     | 250/490 [6:12:58<6:02:53, 90.72s/row]                                                                [251/490] generated 10 candidates
generate:  51%|█████     | 250/490 [6:14:02<6:02:53, 90.72s/row]generate:  51%|█████     | 251/490 [6:14:02<5:29:03, 82.61s/row]                                                                [252/490] generated 10 candidates
generate:  51%|█████     | 251/490 [6:15:25<5:29:03, 82.61s/row]generate:  51%|█████▏    | 252/490 [6:15:25<5:28:26, 82.80s/row]                                                                [253/490] generated 10 candidates
generate:  51%|█████▏    | 252/490 [6:15:53<5:28:26, 82.80s/row]generate:  52%|█████▏    | 253/490 [6:15:53<4:21:30, 66.21s/row]                                                                [254/490] generated 10 candidates
generate:  52%|█████▏    | 253/490 [6:19:06<4:21:30, 66.21s/row]generate:  52%|█████▏    | 254/490 [6:19:06<6:50:47, 104.44s/row]                                                                 [255/490] generated 10 candidates
generate:  52%|█████▏    | 254/490 [6:22:06<6:50:47, 104.44s/row]generate:  52%|█████▏    | 255/490 [6:22:06<8:16:53, 126.87s/row]                                                                 [256/490] generated 10 candidates
generate:  52%|█████▏    | 255/490 [6:23:29<8:16:53, 126.87s/row]generate:  52%|█████▏    | 256/490 [6:23:29<7:24:13, 113.90s/row]                                                                 [257/490] generated 10 candidates
generate:  52%|█████▏    | 256/490 [6:23:41<7:24:13, 113.90s/row]generate:  52%|█████▏    | 257/490 [6:23:41<5:23:02, 83.19s/row]                                                                 [258/490] generated 10 candidates
generate:  52%|█████▏    | 257/490 [6:25:38<5:23:02, 83.19s/row]generate:  53%|█████▎    | 258/490 [6:25:38<6:00:29, 93.23s/row]                                                                [259/490] generated 10 candidates
generate:  53%|█████▎    | 258/490 [6:26:21<6:00:29, 93.23s/row]generate:  53%|█████▎    | 259/490 [6:26:21<5:01:17, 78.26s/row]                                                                [260/490] generated 10 candidates
generate:  53%|█████▎    | 259/490 [6:27:25<5:01:17, 78.26s/row]generate:  53%|█████▎    | 260/490 [6:27:25<4:43:38, 73.99s/row]                                                                [261/490] generated 10 candidates
generate:  53%|█████▎    | 260/490 [6:27:32<4:43:38, 73.99s/row]generate:  53%|█████▎    | 261/490 [6:27:32<3:25:50, 53.93s/row]                                                                [262/490] generated 10 candidates
generate:  53%|█████▎    | 261/490 [6:27:50<3:25:50, 53.93s/row]generate:  53%|█████▎    | 262/490 [6:27:50<2:44:29, 43.29s/row]                                                                [263/490] generated 10 candidates
generate:  53%|█████▎    | 262/490 [6:28:55<2:44:29, 43.29s/row]generate:  54%|█████▎    | 263/490 [6:28:55<3:08:14, 49.76s/row]                                                                [264/490] generated 10 candidates
generate:  54%|█████▎    | 263/490 [6:30:33<3:08:14, 49.76s/row]generate:  54%|█████▍    | 264/490 [6:30:33<4:01:23, 64.09s/row]                                                                [265/490] generated 10 candidates
generate:  54%|█████▍    | 264/490 [6:31:29<4:01:23, 64.09s/row]generate:  54%|█████▍    | 265/490 [6:31:29<3:51:36, 61.76s/row]                                                                [266/490] generated 10 candidates
generate:  54%|█████▍    | 265/490 [6:32:24<3:51:36, 61.76s/row]generate:  54%|█████▍    | 266/490 [6:32:24<3:43:00, 59.74s/row]                                                                [267/490] generated 10 candidates
generate:  54%|█████▍    | 266/490 [6:33:48<3:43:00, 59.74s/row]generate:  54%|█████▍    | 267/490 [6:33:48<4:09:12, 67.05s/row]                                                                [268/490] generated 10 candidates
generate:  54%|█████▍    | 267/490 [6:35:03<4:09:12, 67.05s/row]generate:  55%|█████▍    | 268/490 [6:35:03<4:16:29, 69.32s/row]                                                                [269/490] generated 10 candidates
generate:  55%|█████▍    | 268/490 [6:37:39<4:16:29, 69.32s/row]generate:  55%|█████▍    | 269/490 [6:37:39<5:50:53, 95.26s/row]                                                                [270/490] generated 10 candidates
generate:  55%|█████▍    | 269/490 [6:38:38<5:50:53, 95.26s/row]generate:  55%|█████▌    | 270/490 [6:38:38<5:09:13, 84.33s/row]                                                                [271/490] generated 10 candidates
generate:  55%|█████▌    | 270/490 [6:39:40<5:09:13, 84.33s/row]generate:  55%|█████▌    | 271/490 [6:39:40<4:44:08, 77.84s/row]                                                                [272/490] generated 10 candidates
generate:  55%|█████▌    | 271/490 [6:40:36<4:44:08, 77.84s/row]generate:  56%|█████▌    | 272/490 [6:40:36<4:18:32, 71.16s/row]                                                                [273/490] generated 10 candidates
generate:  56%|█████▌    | 272/490 [6:41:45<4:18:32, 71.16s/row]generate:  56%|█████▌    | 273/490 [6:41:45<4:14:42, 70.43s/row]                                                                [274/490] generated 10 candidates
generate:  56%|█████▌    | 273/490 [6:42:15<4:14:42, 70.43s/row]generate:  56%|█████▌    | 274/490 [6:42:15<3:30:16, 58.41s/row]                                                                [275/490] generated 10 candidates
generate:  56%|█████▌    | 274/490 [6:43:54<3:30:16, 58.41s/row]generate:  56%|█████▌    | 275/490 [6:43:54<4:12:46, 70.54s/row]                                                                [276/490] generated 10 candidates
generate:  56%|█████▌    | 275/490 [6:45:41<4:12:46, 70.54s/row]generate:  56%|█████▋    | 276/490 [6:45:41<4:50:48, 81.53s/row]                                                                [277/490] generated 10 candidates
generate:  56%|█████▋    | 276/490 [6:46:38<4:50:48, 81.53s/row]generate:  57%|█████▋    | 277/490 [6:46:38<4:23:32, 74.24s/row]                                                                [278/490] generated 10 candidates
generate:  57%|█████▋    | 277/490 [6:48:44<4:23:32, 74.24s/row]generate:  57%|█████▋    | 278/490 [6:48:44<5:17:12, 89.78s/row]                                                                [279/490] generated 10 candidates
generate:  57%|█████▋    | 278/490 [6:51:09<5:17:12, 89.78s/row]generate:  57%|█████▋    | 279/490 [6:51:09<6:13:42, 106.27s/row]                                                                 [280/490] generated 10 candidates
generate:  57%|█████▋    | 279/490 [6:52:13<6:13:42, 106.27s/row]generate:  57%|█████▋    | 280/490 [6:52:13<5:28:00, 93.72s/row]                                                                 [281/490] generated 10 candidates
generate:  57%|█████▋    | 280/490 [6:53:33<5:28:00, 93.72s/row]generate:  57%|█████▋    | 281/490 [6:53:33<5:12:00, 89.57s/row]                                                                [282/490] generated 10 candidates
generate:  57%|█████▋    | 281/490 [6:54:32<5:12:00, 89.57s/row]generate:  58%|█████▊    | 282/490 [6:54:32<4:38:21, 80.29s/row]                                                                [283/490] generated 10 candidates
generate:  58%|█████▊    | 282/490 [6:55:58<4:38:21, 80.29s/row]generate:  58%|█████▊    | 283/490 [6:55:58<4:42:35, 81.91s/row]                                                                [284/490] generated 10 candidates
generate:  58%|█████▊    | 283/490 [6:56:53<4:42:35, 81.91s/row]generate:  58%|█████▊    | 284/490 [6:56:53<4:13:48, 73.92s/row]                                                                [285/490] generated 10 candidates
generate:  58%|█████▊    | 284/490 [6:58:31<4:13:48, 73.92s/row]generate:  58%|█████▊    | 285/490 [6:58:31<4:37:33, 81.24s/row]                                                                [286/490] generated 10 candidates
generate:  58%|█████▊    | 285/490 [7:00:51<4:37:33, 81.24s/row]generate:  58%|█████▊    | 286/490 [7:00:51<5:36:22, 98.93s/row]                                                                [287/490] generated 10 candidates
generate:  58%|█████▊    | 286/490 [7:03:34<5:36:22, 98.93s/row]generate:  59%|█████▊    | 287/490 [7:03:34<6:39:11, 117.99s/row]                                                                 [288/490] generated 10 candidates
generate:  59%|█████▊    | 287/490 [7:04:38<6:39:11, 117.99s/row]generate:  59%|█████▉    | 288/490 [7:04:38<5:42:51, 101.84s/row]                                                                 [289/490] generated 10 candidates
generate:  59%|█████▉    | 288/490 [7:05:41<5:42:51, 101.84s/row]generate:  59%|█████▉    | 289/490 [7:05:41<5:02:16, 90.23s/row]                                                                 [290/490] generated 10 candidates
generate:  59%|█████▉    | 289/490 [7:06:56<5:02:16, 90.23s/row]generate:  59%|█████▉    | 290/490 [7:06:56<4:45:08, 85.54s/row]                                                                [291/490] generated 10 candidates
generate:  59%|█████▉    | 290/490 [7:07:55<4:45:08, 85.54s/row]generate:  59%|█████▉    | 291/490 [7:07:55<4:17:11, 77.54s/row]                                                                [292/490] generated 10 candidates
generate:  59%|█████▉    | 291/490 [7:10:50<4:17:11, 77.54s/row]generate:  60%|█████▉    | 292/490 [7:10:50<5:52:42, 106.88s/row]                                                                 [293/490] generated 10 candidates
generate:  60%|█████▉    | 292/490 [7:12:03<5:52:42, 106.88s/row]generate:  60%|█████▉    | 293/490 [7:12:03<5:17:48, 96.80s/row]                                                                 [294/490] generated 10 candidates
generate:  60%|█████▉    | 293/490 [7:13:35<5:17:48, 96.80s/row]generate:  60%|██████    | 294/490 [7:13:35<5:11:45, 95.43s/row]                                                                [295/490] generated 10 candidates
generate:  60%|██████    | 294/490 [7:14:40<5:11:45, 95.43s/row]generate:  60%|██████    | 295/490 [7:14:40<4:40:16, 86.24s/row]                                                                [296/490] generated 10 candidates
generate:  60%|██████    | 295/490 [7:15:39<4:40:16, 86.24s/row]generate:  60%|██████    | 296/490 [7:15:39<4:12:00, 77.94s/row]                                                                [297/490] generated 10 candidates
generate:  60%|██████    | 296/490 [7:18:28<4:12:00, 77.94s/row]generate:  61%|██████    | 297/490 [7:18:28<5:38:40, 105.29s/row]                                                                 [298/490] generated 10 candidates
generate:  61%|██████    | 297/490 [7:20:36<5:38:40, 105.29s/row]generate:  61%|██████    | 298/490 [7:20:36<5:58:59, 112.19s/row]                                                                 [299/490] generated 10 candidates
generate:  61%|██████    | 298/490 [7:22:13<5:58:59, 112.19s/row]generate:  61%|██████    | 299/490 [7:22:13<5:42:29, 107.59s/row]                                                                 [300/490] generated 10 candidates
generate:  61%|██████    | 299/490 [7:24:07<5:42:29, 107.59s/row]generate:  61%|██████    | 300/490 [7:24:07<5:46:34, 109.44s/row]                                                                 [301/490] generated 10 candidates
generate:  61%|██████    | 300/490 [7:24:23<5:46:34, 109.44s/row]generate:  61%|██████▏   | 301/490 [7:24:23<4:16:28, 81.42s/row]                                                                 [302/490] generated 10 candidates
generate:  61%|██████▏   | 301/490 [7:25:32<4:16:28, 81.42s/row]generate:  62%|██████▏   | 302/490 [7:25:32<4:03:18, 77.65s/row]                                                                [303/490] generated 10 candidates
generate:  62%|██████▏   | 302/490 [7:26:40<4:03:18, 77.65s/row]generate:  62%|██████▏   | 303/490 [7:26:40<3:53:23, 74.89s/row]                                                                [304/490] generated 10 candidates
generate:  62%|██████▏   | 303/490 [7:27:30<3:53:23, 74.89s/row]generate:  62%|██████▏   | 304/490 [7:27:30<3:28:52, 67.38s/row]                                                                [305/490] generated 10 candidates
generate:  62%|██████▏   | 304/490 [7:29:58<3:28:52, 67.38s/row]generate:  62%|██████▏   | 305/490 [7:29:58<4:42:06, 91.50s/row]                                                                [306/490] generated 10 candidates
generate:  62%|██████▏   | 305/490 [7:31:33<4:42:06, 91.50s/row]generate:  62%|██████▏   | 306/490 [7:31:33<4:43:59, 92.61s/row]                                                                [307/490] generated 10 candidates
generate:  62%|██████▏   | 306/490 [7:32:20<4:43:59, 92.61s/row]generate:  63%|██████▎   | 307/490 [7:32:20<4:00:30, 78.85s/row]                                                                [308/490] generated 10 candidates
generate:  63%|██████▎   | 307/490 [7:33:12<4:00:30, 78.85s/row]generate:  63%|██████▎   | 308/490 [7:33:12<3:34:47, 70.81s/row]                                                                [309/490] generated 10 candidates
generate:  63%|██████▎   | 308/490 [7:34:09<3:34:47, 70.81s/row]generate:  63%|██████▎   | 309/490 [7:34:09<3:21:43, 66.87s/row]                                                                [310/490] generated 10 candidates
generate:  63%|██████▎   | 309/490 [7:34:22<3:21:43, 66.87s/row]generate:  63%|██████▎   | 310/490 [7:34:22<2:31:18, 50.44s/row]                                                                [311/490] generated 10 candidates
generate:  63%|██████▎   | 310/490 [7:35:40<2:31:18, 50.44s/row]generate:  63%|██████▎   | 311/490 [7:35:40<2:55:38, 58.87s/row]                                                                [312/490] generated 10 candidates
generate:  63%|██████▎   | 311/490 [7:36:40<2:55:38, 58.87s/row]generate:  64%|██████▎   | 312/490 [7:36:40<2:55:22, 59.12s/row]                                                                [313/490] generated 10 candidates
generate:  64%|██████▎   | 312/490 [7:38:02<2:55:22, 59.12s/row]generate:  64%|██████▍   | 313/490 [7:38:02<3:14:23, 65.90s/row]                                                                [314/490] generated 10 candidates
generate:  64%|██████▍   | 313/490 [7:38:41<3:14:23, 65.90s/row]generate:  64%|██████▍   | 314/490 [7:38:41<2:50:05, 57.99s/row]                                                                [315/490] generated 10 candidates
generate:  64%|██████▍   | 314/490 [7:40:17<2:50:05, 57.99s/row]generate:  64%|██████▍   | 315/490 [7:40:17<3:22:13, 69.33s/row]                                                                [316/490] generated 10 candidates
generate:  64%|██████▍   | 315/490 [7:41:58<3:22:13, 69.33s/row]generate:  64%|██████▍   | 316/490 [7:41:58<3:48:18, 78.73s/row]                                                                [317/490] generated 10 candidates
generate:  64%|██████▍   | 316/490 [7:42:57<3:48:18, 78.73s/row]generate:  65%|██████▍   | 317/490 [7:42:57<3:30:38, 73.05s/row]                                                                [318/490] generated 10 candidates
generate:  65%|██████▍   | 317/490 [7:43:36<3:30:38, 73.05s/row]generate:  65%|██████▍   | 318/490 [7:43:36<2:59:44, 62.70s/row]                                                                [319/490] generated 10 candidates
generate:  65%|██████▍   | 318/490 [7:44:25<2:59:44, 62.70s/row]generate:  65%|██████▌   | 319/490 [7:44:25<2:46:39, 58.48s/row]                                                                [320/490] generated 10 candidates
generate:  65%|██████▌   | 319/490 [7:45:24<2:46:39, 58.48s/row]generate:  65%|██████▌   | 320/490 [7:45:24<2:46:20, 58.71s/row]                                                                [321/490] generated 10 candidates
generate:  65%|██████▌   | 320/490 [7:46:05<2:46:20, 58.71s/row]generate:  66%|██████▌   | 321/490 [7:46:05<2:30:44, 53.52s/row]                                                                [322/490] generated 10 candidates
generate:  66%|██████▌   | 321/490 [7:49:05<2:30:44, 53.52s/row]generate:  66%|██████▌   | 322/490 [7:49:05<4:15:53, 91.39s/row]                                                                [323/490] generated 10 candidates
generate:  66%|██████▌   | 322/490 [7:50:11<4:15:53, 91.39s/row]generate:  66%|██████▌   | 323/490 [7:50:11<3:53:06, 83.75s/row]                                                                [324/490] generated 10 candidates
generate:  66%|██████▌   | 323/490 [7:51:05<3:53:06, 83.75s/row]generate:  66%|██████▌   | 324/490 [7:51:05<3:26:55, 74.79s/row]                                                                [325/490] generated 10 candidates
generate:  66%|██████▌   | 324/490 [7:52:17<3:26:55, 74.79s/row]generate:  66%|██████▋   | 325/490 [7:52:17<3:23:31, 74.01s/row]                                                                [326/490] generated 10 candidates
generate:  66%|██████▋   | 325/490 [7:52:38<3:23:31, 74.01s/row]generate:  67%|██████▋   | 326/490 [7:52:38<2:38:33, 58.01s/row]                                                                [327/490] generated 10 candidates
generate:  67%|██████▋   | 326/490 [7:53:52<2:38:33, 58.01s/row]generate:  67%|██████▋   | 327/490 [7:53:52<2:50:59, 62.94s/row]                                                                [328/490] generated 10 candidates
generate:  67%|██████▋   | 327/490 [7:55:49<2:50:59, 62.94s/row]generate:  67%|██████▋   | 328/490 [7:55:49<3:33:38, 79.13s/row]                                                                [329/490] generated 10 candidates
generate:  67%|██████▋   | 328/490 [7:57:10<3:33:38, 79.13s/row]generate:  67%|██████▋   | 329/490 [7:57:10<3:33:53, 79.71s/row]                                                                [330/490] generated 10 candidates
generate:  67%|██████▋   | 329/490 [7:59:02<3:33:53, 79.71s/row]generate:  67%|██████▋   | 330/490 [7:59:02<3:58:12, 89.33s/row]                                                                [331/490] generated 10 candidates
generate:  67%|██████▋   | 330/490 [7:59:57<3:58:12, 89.33s/row]generate:  68%|██████▊   | 331/490 [7:59:57<3:29:51, 79.19s/row]                                                                [332/490] generated 10 candidates
generate:  68%|██████▊   | 331/490 [8:01:16<3:29:51, 79.19s/row]generate:  68%|██████▊   | 332/490 [8:01:16<3:27:46, 78.90s/row]                                                                [333/490] generated 10 candidates
generate:  68%|██████▊   | 332/490 [8:03:30<3:27:46, 78.90s/row]generate:  68%|██████▊   | 333/490 [8:03:30<4:10:14, 95.64s/row]                                                                [334/490] generated 10 candidates
generate:  68%|██████▊   | 333/490 [8:05:20<4:10:14, 95.64s/row]generate:  68%|██████▊   | 334/490 [8:05:20<4:19:26, 99.79s/row]                                                                [335/490] generated 10 candidates
generate:  68%|██████▊   | 334/490 [8:06:29<4:19:26, 99.79s/row]generate:  68%|██████▊   | 335/490 [8:06:29<3:53:55, 90.55s/row]                                                                [336/490] generated 10 candidates
generate:  68%|██████▊   | 335/490 [8:08:40<3:53:55, 90.55s/row]generate:  69%|██████▊   | 336/490 [8:08:40<4:23:51, 102.80s/row]                                                                 [337/490] generated 10 candidates
generate:  69%|██████▊   | 336/490 [8:09:46<4:23:51, 102.80s/row]generate:  69%|██████▉   | 337/490 [8:09:46<3:54:11, 91.84s/row]                                                                 [338/490] generated 10 candidates
generate:  69%|██████▉   | 337/490 [8:11:25<3:54:11, 91.84s/row]generate:  69%|██████▉   | 338/490 [8:11:25<3:57:32, 93.77s/row]                                                                [339/490] generated 10 candidates
generate:  69%|██████▉   | 338/490 [8:12:12<3:57:32, 93.77s/row]generate:  69%|██████▉   | 339/490 [8:12:12<3:21:13, 79.96s/row]                                                                [340/490] generated 10 candidates
generate:  69%|██████▉   | 339/490 [8:13:17<3:21:13, 79.96s/row]generate:  69%|██████▉   | 340/490 [8:13:17<3:08:39, 75.46s/row]                                                                [341/490] generated 10 candidates
generate:  69%|██████▉   | 340/490 [8:14:45<3:08:39, 75.46s/row]generate:  70%|██████▉   | 341/490 [8:14:45<3:16:38, 79.18s/row]                                                                [342/490] generated 10 candidates
generate:  70%|██████▉   | 341/490 [8:15:41<3:16:38, 79.18s/row]generate:  70%|██████▉   | 342/490 [8:15:41<2:58:04, 72.19s/row]                                                                [343/490] generated 10 candidates
generate:  70%|██████▉   | 342/490 [8:17:02<2:58:04, 72.19s/row]generate:  70%|███████   | 343/490 [8:17:02<3:03:24, 74.86s/row]                                                                [344/490] generated 10 candidates
generate:  70%|███████   | 343/490 [8:18:07<3:03:24, 74.86s/row]generate:  70%|███████   | 344/490 [8:18:07<2:54:28, 71.70s/row]                                                                [345/490] generated 10 candidates
generate:  70%|███████   | 344/490 [8:18:27<2:54:28, 71.70s/row]generate:  70%|███████   | 345/490 [8:18:27<2:15:56, 56.25s/row]                                                                [346/490] generated 10 candidates
generate:  70%|███████   | 345/490 [8:22:48<2:15:56, 56.25s/row]generate:  71%|███████   | 346/490 [8:22:48<4:42:23, 117.67s/row]                                                                 [347/490] generated 10 candidates
generate:  71%|███████   | 346/490 [8:23:02<4:42:23, 117.67s/row]generate:  71%|███████   | 347/490 [8:23:02<3:26:51, 86.79s/row]                                                                 [348/490] generated 10 candidates
generate:  71%|███████   | 347/490 [8:24:15<3:26:51, 86.79s/row]generate:  71%|███████   | 348/490 [8:24:15<3:15:29, 82.60s/row]                                                                [349/490] generated 10 candidates
generate:  71%|███████   | 348/490 [8:25:16<3:15:29, 82.60s/row]generate:  71%|███████   | 349/490 [8:25:16<2:58:26, 75.94s/row]                                                                [350/490] generated 10 candidates
generate:  71%|███████   | 349/490 [8:26:30<2:58:26, 75.94s/row]generate:  71%|███████▏  | 350/490 [8:26:30<2:55:51, 75.37s/row]                                                                [351/490] generated 10 candidates
generate:  71%|███████▏  | 350/490 [8:27:38<2:55:51, 75.37s/row]generate:  72%|███████▏  | 351/490 [8:27:38<2:49:54, 73.34s/row]                                                                [352/490] generated 10 candidates
generate:  72%|███████▏  | 351/490 [8:28:45<2:49:54, 73.34s/row]generate:  72%|███████▏  | 352/490 [8:28:45<2:43:54, 71.26s/row]                                                                [353/490] generated 10 candidates
generate:  72%|███████▏  | 352/490 [8:30:13<2:43:54, 71.26s/row]generate:  72%|███████▏  | 353/490 [8:30:13<2:54:05, 76.24s/row]                                                                [354/490] generated 10 candidates
generate:  72%|███████▏  | 353/490 [8:33:25<2:54:05, 76.24s/row]generate:  72%|███████▏  | 354/490 [8:33:25<4:12:03, 111.20s/row]                                                                 [355/490] generated 10 candidates
generate:  72%|███████▏  | 354/490 [8:34:54<4:12:03, 111.20s/row]generate:  72%|███████▏  | 355/490 [8:34:54<3:54:56, 104.42s/row]                                                                 [356/490] generated 10 candidates
generate:  72%|███████▏  | 355/490 [8:35:52<3:54:56, 104.42s/row]generate:  73%|███████▎  | 356/490 [8:35:52<3:22:19, 90.59s/row]                                                                 [357/490] generated 10 candidates
generate:  73%|███████▎  | 356/490 [8:36:57<3:22:19, 90.59s/row]generate:  73%|███████▎  | 357/490 [8:36:57<3:03:38, 82.84s/row]                                                                [358/490] generated 10 candidates
generate:  73%|███████▎  | 357/490 [8:37:52<3:03:38, 82.84s/row]generate:  73%|███████▎  | 358/490 [8:37:52<2:43:51, 74.48s/row]                                                                [359/490] generated 10 candidates
generate:  73%|███████▎  | 358/490 [8:40:53<2:43:51, 74.48s/row]generate:  73%|███████▎  | 359/490 [8:40:53<3:52:10, 106.34s/row]                                                                 [360/490] generated 10 candidates
generate:  73%|███████▎  | 359/490 [8:42:24<3:52:10, 106.34s/row]generate:  73%|███████▎  | 360/490 [8:42:24<3:40:36, 101.82s/row]                                                                 [361/490] generated 10 candidates
generate:  73%|███████▎  | 360/490 [8:46:44<3:40:36, 101.82s/row]generate:  74%|███████▎  | 361/490 [8:46:44<5:21:15, 149.42s/row]                                                                 [362/490] generated 10 candidates
generate:  74%|███████▎  | 361/490 [8:47:50<5:21:15, 149.42s/row]generate:  74%|███████▍  | 362/490 [8:47:50<4:25:02, 124.24s/row]                                                                 [363/490] generated 10 candidates
generate:  74%|███████▍  | 362/490 [8:50:38<4:25:02, 124.24s/row]generate:  74%|███████▍  | 363/490 [8:50:38<4:50:40, 137.33s/row]                                                                 [364/490] generated 10 candidates
generate:  74%|███████▍  | 363/490 [8:53:44<4:50:40, 137.33s/row]generate:  74%|███████▍  | 364/490 [8:53:44<5:18:52, 151.85s/row]                                                                 [365/490] generated 10 candidates
generate:  74%|███████▍  | 364/490 [8:54:43<5:18:52, 151.85s/row]generate:  74%|███████▍  | 365/490 [8:54:43<4:18:24, 124.04s/row]                                                                 [366/490] generated 10 candidates
generate:  74%|███████▍  | 365/490 [8:55:27<4:18:24, 124.04s/row]generate:  75%|███████▍  | 366/490 [8:55:27<3:27:00, 100.17s/row]                                                                 [367/490] generated 10 candidates
generate:  75%|███████▍  | 366/490 [8:56:26<3:27:00, 100.17s/row]generate:  75%|███████▍  | 367/490 [8:56:26<2:59:45, 87.69s/row]                                                                 [368/490] generated 10 candidates
generate:  75%|███████▍  | 367/490 [8:57:17<2:59:45, 87.69s/row]generate:  75%|███████▌  | 368/490 [8:57:17<2:35:53, 76.67s/row]                                                                [369/490] generated 10 candidates
generate:  75%|███████▌  | 368/490 [8:59:48<2:35:53, 76.67s/row]generate:  75%|███████▌  | 369/490 [8:59:48<3:19:48, 99.08s/row]                                                                [370/490] generated 10 candidates
generate:  75%|███████▌  | 369/490 [9:00:42<3:19:48, 99.08s/row]generate:  76%|███████▌  | 370/490 [9:00:42<2:51:08, 85.57s/row]                                                                [371/490] generated 10 candidates
generate:  76%|███████▌  | 370/490 [9:01:00<2:51:08, 85.57s/row]generate:  76%|███████▌  | 371/490 [9:01:00<2:09:37, 65.36s/row]                                                                [372/490] generated 10 candidates
generate:  76%|███████▌  | 371/490 [9:02:21<2:09:37, 65.36s/row]generate:  76%|███████▌  | 372/490 [9:02:21<2:17:37, 69.98s/row]                                                                [373/490] generated 10 candidates
generate:  76%|███████▌  | 372/490 [9:03:11<2:17:37, 69.98s/row]generate:  76%|███████▌  | 373/490 [9:03:11<2:05:01, 64.12s/row]                                                                [374/490] generated 10 candidates
generate:  76%|███████▌  | 373/490 [9:03:58<2:05:01, 64.12s/row]generate:  76%|███████▋  | 374/490 [9:03:58<1:53:34, 58.75s/row]                                                                [375/490] generated 10 candidates
generate:  76%|███████▋  | 374/490 [9:07:56<1:53:34, 58.75s/row]generate:  77%|███████▋  | 375/490 [9:07:56<3:35:56, 112.66s/row]                                                                 [376/490] generated 10 candidates
generate:  77%|███████▋  | 375/490 [9:08:47<3:35:56, 112.66s/row]generate:  77%|███████▋  | 376/490 [9:08:47<2:58:35, 94.00s/row]                                                                 [377/490] generated 10 candidates
generate:  77%|███████▋  | 376/490 [9:11:04<2:58:35, 94.00s/row]generate:  77%|███████▋  | 377/490 [9:11:04<3:21:17, 106.88s/row]                                                                 [378/490] generated 10 candidates
generate:  77%|███████▋  | 377/490 [9:12:04<3:21:17, 106.88s/row]generate:  77%|███████▋  | 378/490 [9:12:04<2:53:30, 92.95s/row]                                                                 [379/490] generated 10 candidates
generate:  77%|███████▋  | 378/490 [9:12:56<2:53:30, 92.95s/row]generate:  77%|███████▋  | 379/490 [9:12:56<2:29:29, 80.81s/row]                                                                [380/490] generated 10 candidates
generate:  77%|███████▋  | 379/490 [9:17:22<2:29:29, 80.81s/row]generate:  78%|███████▊  | 380/490 [9:17:22<4:09:36, 136.15s/row]                                                                 [381/490] generated 10 candidates
generate:  78%|███████▊  | 380/490 [9:18:19<4:09:36, 136.15s/row]generate:  78%|███████▊  | 381/490 [9:18:19<3:24:15, 112.44s/row]                                                                 [382/490] generated 10 candidates
generate:  78%|███████▊  | 381/490 [9:19:14<3:24:15, 112.44s/row]generate:  78%|███████▊  | 382/490 [9:19:14<2:51:38, 95.36s/row]                                                                 [383/490] generated 10 candidates
generate:  78%|███████▊  | 382/490 [9:20:49<2:51:38, 95.36s/row]generate:  78%|███████▊  | 383/490 [9:20:49<2:49:48, 95.22s/row]                                                                [384/490] generated 10 candidates
generate:  78%|███████▊  | 383/490 [9:21:45<2:49:48, 95.22s/row]generate:  78%|███████▊  | 384/490 [9:21:45<2:27:07, 83.28s/row]                                                                [385/490] generated 10 candidates
generate:  78%|███████▊  | 384/490 [9:25:16<2:27:07, 83.28s/row]generate:  79%|███████▊  | 385/490 [9:25:16<3:33:03, 121.75s/row]                                                                 [386/490] generated 10 candidates
generate:  79%|███████▊  | 385/490 [9:26:42<3:33:03, 121.75s/row]generate:  79%|███████▉  | 386/490 [9:26:42<3:12:10, 110.87s/row]                                                                 [387/490] generated 10 candidates
generate:  79%|███████▉  | 386/490 [9:27:37<3:12:10, 110.87s/row]generate:  79%|███████▉  | 387/490 [9:27:37<2:41:35, 94.13s/row]                                                                 [388/490] generated 10 candidates
generate:  79%|███████▉  | 387/490 [9:28:37<2:41:35, 94.13s/row]generate:  79%|███████▉  | 388/490 [9:28:37<2:22:50, 84.03s/row]                                                                [389/490] generated 10 candidates
generate:  79%|███████▉  | 388/490 [9:29:17<2:22:50, 84.03s/row]generate:  79%|███████▉  | 389/490 [9:29:17<1:59:16, 70.86s/row]                                                                [390/490] generated 10 candidates
generate:  79%|███████▉  | 389/490 [9:29:36<1:59:16, 70.86s/row]generate:  80%|███████▉  | 390/490 [9:29:36<1:32:05, 55.26s/row]                                                                [391/490] generated 10 candidates
generate:  80%|███████▉  | 390/490 [9:30:51<1:32:05, 55.26s/row]generate:  80%|███████▉  | 391/490 [9:30:51<1:40:49, 61.11s/row]                                                                [392/490] generated 10 candidates
generate:  80%|███████▉  | 391/490 [9:31:10<1:40:49, 61.11s/row]generate:  80%|████████  | 392/490 [9:31:10<1:19:03, 48.40s/row]                                                                [393/490] generated 10 candidates
generate:  80%|████████  | 392/490 [9:32:50<1:19:03, 48.40s/row]generate:  80%|████████  | 393/490 [9:32:50<1:43:22, 63.94s/row]                                                                [394/490] generated 10 candidates
generate:  80%|████████  | 393/490 [9:36:12<1:43:22, 63.94s/row]generate:  80%|████████  | 394/490 [9:36:12<2:48:36, 105.38s/row]                                                                 [395/490] generated 10 candidates
generate:  80%|████████  | 394/490 [9:37:15<2:48:36, 105.38s/row]generate:  81%|████████  | 395/490 [9:37:15<2:26:38, 92.61s/row]                                                                 [396/490] generated 10 candidates
generate:  81%|████████  | 395/490 [9:38:01<2:26:38, 92.61s/row]generate:  81%|████████  | 396/490 [9:38:01<2:03:29, 78.83s/row]                                                                [397/490] generated 10 candidates
generate:  81%|████████  | 396/490 [9:38:53<2:03:29, 78.83s/row]generate:  81%|████████  | 397/490 [9:38:53<1:49:34, 70.69s/row]                                                                [398/490] generated 10 candidates
generate:  81%|████████  | 397/490 [9:39:50<1:49:34, 70.69s/row]generate:  81%|████████  | 398/490 [9:39:50<1:41:55, 66.47s/row]                                                                [399/490] generated 10 candidates
generate:  81%|████████  | 398/490 [9:40:47<1:41:55, 66.47s/row]generate:  81%|████████▏ | 399/490 [9:40:47<1:36:41, 63.75s/row]                                                                [400/490] generated 10 candidates
generate:  81%|████████▏ | 399/490 [9:41:56<1:36:41, 63.75s/row]generate:  82%|████████▏ | 400/490 [9:41:56<1:37:52, 65.25s/row]                                                                [401/490] generated 10 candidates
generate:  82%|████████▏ | 400/490 [9:43:28<1:37:52, 65.25s/row]generate:  82%|████████▏ | 401/490 [9:43:28<1:48:31, 73.17s/row]                                                                [402/490] generated 10 candidates
generate:  82%|████████▏ | 401/490 [9:44:45<1:48:31, 73.17s/row]generate:  82%|████████▏ | 402/490 [9:44:45<1:49:21, 74.57s/row]                                                                [403/490] generated 10 candidates
generate:  82%|████████▏ | 402/490 [9:46:08<1:49:21, 74.57s/row]generate:  82%|████████▏ | 403/490 [9:46:08<1:51:25, 76.84s/row]                                                                [404/490] generated 10 candidates
generate:  82%|████████▏ | 403/490 [9:47:08<1:51:25, 76.84s/row]generate:  82%|████████▏ | 404/490 [9:47:08<1:43:02, 71.88s/row]                                                                [405/490] generated 10 candidates
generate:  82%|████████▏ | 404/490 [9:49:06<1:43:02, 71.88s/row]generate:  83%|████████▎ | 405/490 [9:49:06<2:01:38, 85.86s/row]                                                                [406/490] generated 10 candidates
generate:  83%|████████▎ | 405/490 [9:49:49<2:01:38, 85.86s/row]generate:  83%|████████▎ | 406/490 [9:49:49<1:41:53, 72.79s/row]                                                                [407/490] generated 10 candidates
generate:  83%|████████▎ | 406/490 [9:50:35<1:41:53, 72.79s/row]generate:  83%|████████▎ | 407/490 [9:50:35<1:29:45, 64.88s/row]                                                                [408/490] generated 10 candidates
generate:  83%|████████▎ | 407/490 [9:52:16<1:29:45, 64.88s/row]generate:  83%|████████▎ | 408/490 [9:52:16<1:43:38, 75.83s/row]                                                                [409/490] generated 10 candidates
generate:  83%|████████▎ | 408/490 [9:53:28<1:43:38, 75.83s/row]generate:  83%|████████▎ | 409/490 [9:53:28<1:40:29, 74.44s/row]                                                                [410/490] generated 10 candidates
generate:  83%|████████▎ | 409/490 [9:55:05<1:40:29, 74.44s/row]generate:  84%|████████▎ | 410/490 [9:55:05<1:48:23, 81.29s/row]                                                                [411/490] generated 10 candidates
generate:  84%|████████▎ | 410/490 [9:56:02<1:48:23, 81.29s/row]generate:  84%|████████▍ | 411/490 [9:56:02<1:37:27, 74.01s/row]                                                                [412/490] generated 10 candidates
generate:  84%|████████▍ | 411/490 [9:57:46<1:37:27, 74.01s/row]generate:  84%|████████▍ | 412/490 [9:57:46<1:47:53, 83.00s/row]                                                                [413/490] generated 10 candidates
generate:  84%|████████▍ | 412/490 [9:58:46<1:47:53, 83.00s/row]generate:  84%|████████▍ | 413/490 [9:58:46<1:37:45, 76.17s/row]                                                                [414/490] generated 10 candidates
generate:  84%|████████▍ | 413/490 [9:59:44<1:37:45, 76.17s/row]generate:  84%|████████▍ | 414/490 [9:59:44<1:29:25, 70.60s/row]                                                                [415/490] generated 10 candidates
generate:  84%|████████▍ | 414/490 [10:00:48<1:29:25, 70.60s/row]generate:  85%|████████▍ | 415/490 [10:00:48<1:25:54, 68.72s/row]                                                                 [416/490] generated 10 candidates
generate:  85%|████████▍ | 415/490 [10:02:56<1:25:54, 68.72s/row]generate:  85%|████████▍ | 416/490 [10:02:56<1:46:34, 86.41s/row]                                                                 [417/490] generated 10 candidates
generate:  85%|████████▍ | 416/490 [10:06:42<1:46:34, 86.41s/row]generate:  85%|████████▌ | 417/490 [10:06:42<2:36:00, 128.22s/row]                                                                  [418/490] generated 10 candidates
generate:  85%|████████▌ | 417/490 [10:09:26<2:36:00, 128.22s/row]generate:  85%|████████▌ | 418/490 [10:09:26<2:46:59, 139.16s/row]                                                                  [419/490] generated 10 candidates
generate:  85%|████████▌ | 418/490 [10:10:13<2:46:59, 139.16s/row]generate:  86%|████████▌ | 419/490 [10:10:13<2:11:43, 111.32s/row]                                                                  [420/490] generated 10 candidates
generate:  86%|████████▌ | 419/490 [10:11:28<2:11:43, 111.32s/row]generate:  86%|████████▌ | 420/490 [10:11:28<1:57:27, 100.68s/row]                                                                  [421/490] generated 10 candidates
generate:  86%|████████▌ | 420/490 [10:13:13<1:57:27, 100.68s/row]generate:  86%|████████▌ | 421/490 [10:13:13<1:57:08, 101.86s/row]                                                                  [422/490] generated 10 candidates
generate:  86%|████████▌ | 421/490 [10:14:21<1:57:08, 101.86s/row]generate:  86%|████████▌ | 422/490 [10:14:21<1:43:55, 91.70s/row]                                                                  [423/490] generated 10 candidates
generate:  86%|████████▌ | 422/490 [10:15:31<1:43:55, 91.70s/row]generate:  86%|████████▋ | 423/490 [10:15:31<1:35:11, 85.24s/row]                                                                 [424/490] generated 10 candidates
generate:  86%|████████▋ | 423/490 [10:16:21<1:35:11, 85.24s/row]generate:  87%|████████▋ | 424/490 [10:16:21<1:22:07, 74.66s/row]                                                                 [425/490] generated 10 candidates
generate:  87%|████████▋ | 424/490 [10:17:34<1:22:07, 74.66s/row]generate:  87%|████████▋ | 425/490 [10:17:34<1:20:20, 74.16s/row]                                                                 [426/490] generated 10 candidates
generate:  87%|████████▋ | 425/490 [10:18:35<1:20:20, 74.16s/row]generate:  87%|████████▋ | 426/490 [10:18:35<1:14:48, 70.14s/row]                                                                 [427/490] generated 10 candidates
generate:  87%|████████▋ | 426/490 [10:19:55<1:14:48, 70.14s/row]generate:  87%|████████▋ | 427/490 [10:19:55<1:16:49, 73.16s/row]                                                                 [428/490] generated 10 candidates
generate:  87%|████████▋ | 427/490 [10:21:01<1:16:49, 73.16s/row]generate:  87%|████████▋ | 428/490 [10:21:01<1:13:15, 70.90s/row]                                                                 [429/490] generated 10 candidates
generate:  87%|████████▋ | 428/490 [10:22:32<1:13:15, 70.90s/row]generate:  88%|████████▊ | 429/490 [10:22:32<1:18:19, 77.05s/row]                                                                 [430/490] generated 10 candidates
generate:  88%|████████▊ | 429/490 [10:23:26<1:18:19, 77.05s/row]generate:  88%|████████▊ | 430/490 [10:23:26<1:10:10, 70.17s/row]                                                                 [431/490] generated 10 candidates
generate:  88%|████████▊ | 430/490 [10:24:35<1:10:10, 70.17s/row]generate:  88%|████████▊ | 431/490 [10:24:35<1:08:35, 69.76s/row]                                                                 [432/490] generated 10 candidates
generate:  88%|████████▊ | 431/490 [10:26:26<1:08:35, 69.76s/row]generate:  88%|████████▊ | 432/490 [10:26:26<1:19:26, 82.19s/row]                                                                 [433/490] generated 10 candidates
generate:  88%|████████▊ | 432/490 [10:27:53<1:19:26, 82.19s/row]generate:  88%|████████▊ | 433/490 [10:27:53<1:19:18, 83.49s/row]                                                                 [434/490] generated 10 candidates
generate:  88%|████████▊ | 433/490 [10:28:11<1:19:18, 83.49s/row]generate:  89%|████████▊ | 434/490 [10:28:11<59:42, 63.97s/row]                                                                 [435/490] generated 10 candidates
generate:  89%|████████▊ | 434/490 [10:31:03<59:42, 63.97s/row]generate:  89%|████████▉ | 435/490 [10:31:03<1:28:10, 96.20s/row]                                                                 [436/490] generated 10 candidates
generate:  89%|████████▉ | 435/490 [10:31:35<1:28:10, 96.20s/row]generate:  89%|████████▉ | 436/490 [10:31:35<1:09:13, 76.93s/row]                                                                 [437/490] generated 10 candidates
generate:  89%|████████▉ | 436/490 [10:33:01<1:09:13, 76.93s/row]generate:  89%|████████▉ | 437/490 [10:33:01<1:10:34, 79.90s/row]                                                                 [438/490] generated 10 candidates
generate:  89%|████████▉ | 437/490 [10:33:56<1:10:34, 79.90s/row]generate:  89%|████████▉ | 438/490 [10:33:56<1:02:38, 72.28s/row]                                                                 [439/490] generated 10 candidates
generate:  89%|████████▉ | 438/490 [10:34:55<1:02:38, 72.28s/row]generate:  90%|████████▉ | 439/490 [10:34:55<57:59, 68.23s/row]                                                                 [440/490] generated 10 candidates
generate:  90%|████████▉ | 439/490 [10:35:11<57:59, 68.23s/row]generate:  90%|████████▉ | 440/490 [10:35:11<43:53, 52.67s/row]                                                               [441/490] generated 10 candidates
generate:  90%|████████▉ | 440/490 [10:36:37<43:53, 52.67s/row]generate:  90%|█████████ | 441/490 [10:36:37<51:14, 62.75s/row]                                                               [442/490] generated 10 candidates
generate:  90%|█████████ | 441/490 [10:38:05<51:14, 62.75s/row]generate:  90%|█████████ | 442/490 [10:38:05<56:14, 70.30s/row]                                                               [443/490] generated 10 candidates
generate:  90%|█████████ | 442/490 [10:39:42<56:14, 70.30s/row]generate:  90%|█████████ | 443/490 [10:39:42<1:01:15, 78.20s/row]                                                                 [444/490] generated 10 candidates
generate:  90%|█████████ | 443/490 [10:40:22<1:01:15, 78.20s/row]generate:  91%|█████████ | 444/490 [10:40:22<51:08, 66.71s/row]                                                                 [445/490] generated 10 candidates
generate:  91%|█████████ | 444/490 [10:43:25<51:08, 66.71s/row]generate:  91%|█████████ | 445/490 [10:43:25<1:16:18, 101.75s/row]                                                                  [446/490] generated 10 candidates
generate:  91%|█████████ | 445/490 [10:44:20<1:16:18, 101.75s/row]generate:  91%|█████████ | 446/490 [10:44:20<1:04:17, 87.68s/row]                                                                  [447/490] generated 10 candidates
generate:  91%|█████████ | 446/490 [10:45:27<1:04:17, 87.68s/row]generate:  91%|█████████ | 447/490 [10:45:27<58:20, 81.42s/row]                                                                 [448/490] generated 10 candidates
generate:  91%|█████████ | 447/490 [10:46:50<58:20, 81.42s/row]generate:  91%|█████████▏| 448/490 [10:46:50<57:15, 81.79s/row]                                                               [449/490] generated 10 candidates
generate:  91%|█████████▏| 448/490 [10:48:03<57:15, 81.79s/row]generate:  92%|█████████▏| 449/490 [10:48:03<54:12, 79.32s/row]                                                               [450/490] generated 10 candidates
generate:  92%|█████████▏| 449/490 [10:52:26<54:12, 79.32s/row]generate:  92%|█████████▏| 450/490 [10:52:26<1:29:37, 134.44s/row]                                                                  [451/490] generated 10 candidates
generate:  92%|█████████▏| 450/490 [10:53:15<1:29:37, 134.44s/row]generate:  92%|█████████▏| 451/490 [10:53:15<1:10:43, 108.81s/row]                                                                  [452/490] generated 10 candidates
generate:  92%|█████████▏| 451/490 [10:54:18<1:10:43, 108.81s/row]generate:  92%|█████████▏| 452/490 [10:54:18<1:00:10, 95.00s/row]                                                                  [453/490] generated 10 candidates
generate:  92%|█████████▏| 452/490 [10:58:38<1:00:10, 95.00s/row]generate:  92%|█████████▏| 453/490 [10:58:38<1:29:04, 144.45s/row]                                                                  [454/490] generated 10 candidates
generate:  92%|█████████▏| 453/490 [10:59:23<1:29:04, 144.45s/row]generate:  93%|█████████▎| 454/490 [10:59:23<1:08:45, 114.60s/row]                                                                  [455/490] generated 10 candidates
generate:  93%|█████████▎| 454/490 [11:00:18<1:08:45, 114.60s/row]generate:  93%|█████████▎| 455/490 [11:00:18<56:24, 96.71s/row]                                                                  [456/490] generated 10 candidates
generate:  93%|█████████▎| 455/490 [11:01:34<56:24, 96.71s/row]generate:  93%|█████████▎| 456/490 [11:01:34<51:14, 90.41s/row]                                                               [457/490] generated 10 candidates
generate:  93%|█████████▎| 456/490 [11:01:51<51:14, 90.41s/row]generate:  93%|█████████▎| 457/490 [11:01:51<37:39, 68.46s/row]                                                               [458/490] generated 10 candidates
generate:  93%|█████████▎| 457/490 [11:02:22<37:39, 68.46s/row]generate:  93%|█████████▎| 458/490 [11:02:22<30:36, 57.38s/row]                                                               [459/490] generated 10 candidates
generate:  93%|█████████▎| 458/490 [11:03:26<30:36, 57.38s/row]generate:  94%|█████████▎| 459/490 [11:03:26<30:34, 59.17s/row]                                                               [460/490] generated 10 candidates
generate:  94%|█████████▎| 459/490 [11:04:27<30:34, 59.17s/row]generate:  94%|█████████▍| 460/490 [11:04:27<29:53, 59.78s/row]                                                               [461/490] generated 10 candidates
generate:  94%|█████████▍| 460/490 [11:05:43<29:53, 59.78s/row]generate:  94%|█████████▍| 461/490 [11:05:43<31:15, 64.68s/row]                                                               [462/490] generated 10 candidates
generate:  94%|█████████▍| 461/490 [11:10:06<31:15, 64.68s/row]generate:  94%|█████████▍| 462/490 [11:10:06<58:00, 124.30s/row]                                                                [463/490] generated 10 candidates
generate:  94%|█████████▍| 462/490 [11:10:44<58:00, 124.30s/row]generate:  94%|█████████▍| 463/490 [11:10:44<44:12, 98.24s/row]                                                                [464/490] generated 10 candidates
generate:  94%|█████████▍| 463/490 [11:12:58<44:12, 98.24s/row]generate:  95%|█████████▍| 464/490 [11:12:58<47:11, 108.92s/row]                                                                [465/490] generated 10 candidates
generate:  95%|█████████▍| 464/490 [11:13:25<47:11, 108.92s/row]generate:  95%|█████████▍| 465/490 [11:13:25<35:08, 84.34s/row]                                                                [466/490] generated 10 candidates
generate:  95%|█████████▍| 465/490 [11:14:12<35:08, 84.34s/row]generate:  95%|█████████▌| 466/490 [11:14:12<29:21, 73.38s/row]                                                               [467/490] generated 10 candidates
generate:  95%|█████████▌| 466/490 [11:15:05<29:21, 73.38s/row]generate:  95%|█████████▌| 467/490 [11:15:05<25:43, 67.11s/row]                                                               [468/490] generated 10 candidates
generate:  95%|█████████▌| 467/490 [11:19:27<25:43, 67.11s/row]generate:  96%|█████████▌| 468/490 [11:19:27<46:01, 125.50s/row]                                                                [469/490] generated 10 candidates
generate:  96%|█████████▌| 468/490 [11:20:13<46:01, 125.50s/row]generate:  96%|█████████▌| 469/490 [11:20:13<35:36, 101.73s/row]                                                                [470/490] generated 10 candidates
generate:  96%|█████████▌| 469/490 [11:20:54<35:36, 101.73s/row]generate:  96%|█████████▌| 470/490 [11:20:54<27:52, 83.62s/row]                                                                [471/490] generated 10 candidates
generate:  96%|█████████▌| 470/490 [11:22:37<27:52, 83.62s/row]generate:  96%|█████████▌| 471/490 [11:22:37<28:20, 89.49s/row]                                                               [472/490] generated 10 candidates
generate:  96%|█████████▌| 471/490 [11:24:43<28:20, 89.49s/row]generate:  96%|█████████▋| 472/490 [11:24:43<30:04, 100.24s/row]                                                                [473/490] generated 10 candidates
generate:  96%|█████████▋| 472/490 [11:26:00<30:04, 100.24s/row]generate:  97%|█████████▋| 473/490 [11:26:00<26:27, 93.37s/row]                                                                [474/490] generated 10 candidates
generate:  97%|█████████▋| 473/490 [11:27:19<26:27, 93.37s/row]generate:  97%|█████████▋| 474/490 [11:27:19<23:43, 88.96s/row]                                                               [475/490] generated 10 candidates
generate:  97%|█████████▋| 474/490 [11:29:10<23:43, 88.96s/row]generate:  97%|█████████▋| 475/490 [11:29:10<23:56, 95.76s/row]                                                               [476/490] generated 10 candidates
generate:  97%|█████████▋| 475/490 [11:30:15<23:56, 95.76s/row]generate:  97%|█████████▋| 476/490 [11:30:15<20:09, 86.41s/row]                                                               [477/490] generated 10 candidates
generate:  97%|█████████▋| 476/490 [11:31:12<20:09, 86.41s/row]generate:  97%|█████████▋| 477/490 [11:31:12<16:48, 77.60s/row]                                                               [478/490] generated 10 candidates
generate:  97%|█████████▋| 477/490 [11:32:14<16:48, 77.60s/row]generate:  98%|█████████▊| 478/490 [11:32:14<14:34, 72.87s/row]                                                               [479/490] generated 10 candidates
generate:  98%|█████████▊| 478/490 [11:33:09<14:34, 72.87s/row]generate:  98%|█████████▊| 479/490 [11:33:09<12:22, 67.53s/row]                                                               [480/490] generated 10 candidates
generate:  98%|█████████▊| 479/490 [11:35:13<12:22, 67.53s/row]generate:  98%|█████████▊| 480/490 [11:35:13<14:04, 84.47s/row]                                                               [481/490] generated 10 candidates
generate:  98%|█████████▊| 480/490 [11:36:11<14:04, 84.47s/row]generate:  98%|█████████▊| 481/490 [11:36:11<11:28, 76.51s/row]                                                               [482/490] generated 10 candidates
generate:  98%|█████████▊| 481/490 [11:37:13<11:28, 76.51s/row]generate:  98%|█████████▊| 482/490 [11:37:13<09:37, 72.24s/row]                                                               [483/490] generated 10 candidates
generate:  98%|█████████▊| 482/490 [11:38:20<09:37, 72.24s/row]generate:  99%|█████████▊| 483/490 [11:38:20<08:14, 70.69s/row]                                                               [484/490] generated 10 candidates
generate:  99%|█████████▊| 483/490 [11:40:14<08:14, 70.69s/row]generate:  99%|█████████▉| 484/490 [11:40:14<08:21, 83.54s/row]                                                               [485/490] generated 10 candidates
generate:  99%|█████████▉| 484/490 [11:41:17<08:21, 83.54s/row]generate:  99%|█████████▉| 485/490 [11:41:17<06:27, 77.42s/row]                                                               [486/490] generated 10 candidates
generate:  99%|█████████▉| 485/490 [11:42:38<06:27, 77.42s/row]generate:  99%|█████████▉| 486/490 [11:42:38<05:14, 78.59s/row]                                                               [487/490] generated 10 candidates
generate:  99%|█████████▉| 486/490 [11:44:02<05:14, 78.59s/row]generate:  99%|█████████▉| 487/490 [11:44:02<04:00, 80.20s/row]                                                               [488/490] generated 10 candidates
generate:  99%|█████████▉| 487/490 [11:45:06<04:00, 80.20s/row]generate: 100%|█████████▉| 488/490 [11:45:06<02:30, 75.37s/row]                                                               [489/490] generated 10 candidates
generate: 100%|█████████▉| 488/490 [11:49:30<02:30, 75.37s/row]generate: 100%|█████████▉| 489/490 [11:49:30<02:11, 131.78s/row]                                                                [490/490] generated 10 candidates
generate: 100%|█████████▉| 489/490 [11:50:40<02:11, 131.78s/row]generate: 100%|██████████| 490/490 [11:50:40<00:00, 113.44s/row]generate: 100%|██████████| 490/490 [11:50:40<00:00, 87.02s/row] 
wrote /workspace/artifacts/hybrid_v2_3_s44/02b_graph_only_functional_gate/causal_null.json
wrote /workspace/artifacts/hybrid_v2_3_s44/02b_graph_only_functional_gate/causal_null.json.provenance.json
[100/4900] evaluated candidates from causal_correct.json
[200/4900] evaluated candidates from causal_correct.json
[300/4900] evaluated candidates from causal_correct.json
[400/4900] evaluated candidates from causal_correct.json
[500/4900] evaluated candidates from causal_correct.json
[600/4900] evaluated candidates from causal_correct.json
[700/4900] evaluated candidates from causal_correct.json
[800/4900] evaluated candidates from causal_correct.json
[900/4900] evaluated candidates from causal_correct.json
[1000/4900] evaluated candidates from causal_correct.json
[1100/4900] evaluated candidates from causal_correct.json
[1200/4900] evaluated candidates from causal_correct.json
[1300/4900] evaluated candidates from causal_correct.json
[1400/4900] evaluated candidates from causal_correct.json
[1500/4900] evaluated candidates from causal_correct.json
[1600/4900] evaluated candidates from causal_correct.json
[1700/4900] evaluated candidates from causal_correct.json
[1800/4900] evaluated candidates from causal_correct.json
[1900/4900] evaluated candidates from causal_correct.json
[2000/4900] evaluated candidates from causal_correct.json
[2100/4900] evaluated candidates from causal_correct.json
[2200/4900] evaluated candidates from causal_correct.json
[2300/4900] evaluated candidates from causal_correct.json
[2400/4900] evaluated candidates from causal_correct.json
[2500/4900] evaluated candidates from causal_correct.json
[2600/4900] evaluated candidates from causal_correct.json
[2700/4900] evaluated candidates from causal_correct.json
[2800/4900] evaluated candidates from causal_correct.json
[2900/4900] evaluated candidates from causal_correct.json
[3000/4900] evaluated candidates from causal_correct.json
[3100/4900] evaluated candidates from causal_correct.json
[3200/4900] evaluated candidates from causal_correct.json
[3300/4900] evaluated candidates from causal_correct.json
[3400/4900] evaluated candidates from causal_correct.json
[3500/4900] evaluated candidates from causal_correct.json
[3600/4900] evaluated candidates from causal_correct.json
[3700/4900] evaluated candidates from causal_correct.json
[3800/4900] evaluated candidates from causal_correct.json
[3900/4900] evaluated candidates from causal_correct.json
[4000/4900] evaluated candidates from causal_correct.json
[4100/4900] evaluated candidates from causal_correct.json
[4200/4900] evaluated candidates from causal_correct.json
[4300/4900] evaluated candidates from causal_correct.json
[4400/4900] evaluated candidates from causal_correct.json
[4500/4900] evaluated candidates from causal_correct.json
[4600/4900] evaluated candidates from causal_correct.json
[4700/4900] evaluated candidates from causal_correct.json
[4800/4900] evaluated candidates from causal_correct.json
[4900/4900] evaluated candidates from causal_correct.json
[100/4900] evaluated candidates from causal_matched_permutation.json
[200/4900] evaluated candidates from causal_matched_permutation.json
[300/4900] evaluated candidates from causal_matched_permutation.json
[400/4900] evaluated candidates from causal_matched_permutation.json
[500/4900] evaluated candidates from causal_matched_permutation.json
[600/4900] evaluated candidates from causal_matched_permutation.json
[700/4900] evaluated candidates from causal_matched_permutation.json
[800/4900] evaluated candidates from causal_matched_permutation.json
[900/4900] evaluated candidates from causal_matched_permutation.json
[1000/4900] evaluated candidates from causal_matched_permutation.json
[1100/4900] evaluated candidates from causal_matched_permutation.json
[1200/4900] evaluated candidates from causal_matched_permutation.json
[1300/4900] evaluated candidates from causal_matched_permutation.json
[1400/4900] evaluated candidates from causal_matched_permutation.json
[1500/4900] evaluated candidates from causal_matched_permutation.json
[1600/4900] evaluated candidates from causal_matched_permutation.json
[1700/4900] evaluated candidates from causal_matched_permutation.json
[1800/4900] evaluated candidates from causal_matched_permutation.json
[1900/4900] evaluated candidates from causal_matched_permutation.json
[2000/4900] evaluated candidates from causal_matched_permutation.json
[2100/4900] evaluated candidates from causal_matched_permutation.json
[2200/4900] evaluated candidates from causal_matched_permutation.json
[2300/4900] evaluated candidates from causal_matched_permutation.json
[2400/4900] evaluated candidates from causal_matched_permutation.json
[2500/4900] evaluated candidates from causal_matched_permutation.json
[2600/4900] evaluated candidates from causal_matched_permutation.json
[2700/4900] evaluated candidates from causal_matched_permutation.json
[2800/4900] evaluated candidates from causal_matched_permutation.json
[2900/4900] evaluated candidates from causal_matched_permutation.json
[3000/4900] evaluated candidates from causal_matched_permutation.json
[3100/4900] evaluated candidates from causal_matched_permutation.json
[3200/4900] evaluated candidates from causal_matched_permutation.json
[3300/4900] evaluated candidates from causal_matched_permutation.json
[3400/4900] evaluated candidates from causal_matched_permutation.json
[3500/4900] evaluated candidates from causal_matched_permutation.json
[3600/4900] evaluated candidates from causal_matched_permutation.json
[3700/4900] evaluated candidates from causal_matched_permutation.json
[3800/4900] evaluated candidates from causal_matched_permutation.json
[3900/4900] evaluated candidates from causal_matched_permutation.json
[4000/4900] evaluated candidates from causal_matched_permutation.json
[4100/4900] evaluated candidates from causal_matched_permutation.json
[4200/4900] evaluated candidates from causal_matched_permutation.json
[4300/4900] evaluated candidates from causal_matched_permutation.json
[4400/4900] evaluated candidates from causal_matched_permutation.json
[4500/4900] evaluated candidates from causal_matched_permutation.json
[4600/4900] evaluated candidates from causal_matched_permutation.json
[4700/4900] evaluated candidates from causal_matched_permutation.json
[4800/4900] evaluated candidates from causal_matched_permutation.json
[4900/4900] evaluated candidates from causal_matched_permutation.json
[100/4900] evaluated candidates from causal_null.json
[200/4900] evaluated candidates from causal_null.json
[300/4900] evaluated candidates from causal_null.json
[400/4900] evaluated candidates from causal_null.json
[500/4900] evaluated candidates from causal_null.json
[600/4900] evaluated candidates from causal_null.json
[700/4900] evaluated candidates from causal_null.json
[800/4900] evaluated candidates from causal_null.json
[900/4900] evaluated candidates from causal_null.json
[1000/4900] evaluated candidates from causal_null.json
[1100/4900] evaluated candidates from causal_null.json
[1200/4900] evaluated candidates from causal_null.json
[1300/4900] evaluated candidates from causal_null.json
[1400/4900] evaluated candidates from causal_null.json
[1500/4900] evaluated candidates from causal_null.json
[1600/4900] evaluated candidates from causal_null.json
[1700/4900] evaluated candidates from causal_null.json
[1800/4900] evaluated candidates from causal_null.json
[1900/4900] evaluated candidates from causal_null.json
[2000/4900] evaluated candidates from causal_null.json
[2100/4900] evaluated candidates from causal_null.json
[2200/4900] evaluated candidates from causal_null.json
[2300/4900] evaluated candidates from causal_null.json
[2400/4900] evaluated candidates from causal_null.json
[2500/4900] evaluated candidates from causal_null.json
[2600/4900] evaluated candidates from causal_null.json
[2700/4900] evaluated candidates from causal_null.json
[2800/4900] evaluated candidates from causal_null.json
[2900/4900] evaluated candidates from causal_null.json
[3000/4900] evaluated candidates from causal_null.json
[3100/4900] evaluated candidates from causal_null.json
[3200/4900] evaluated candidates from causal_null.json
[3300/4900] evaluated candidates from causal_null.json
[3400/4900] evaluated candidates from causal_null.json
[3500/4900] evaluated candidates from causal_null.json
[3600/4900] evaluated candidates from causal_null.json
[3700/4900] evaluated candidates from causal_null.json
[3800/4900] evaluated candidates from causal_null.json
[3900/4900] evaluated candidates from causal_null.json
[4000/4900] evaluated candidates from causal_null.json
[4100/4900] evaluated candidates from causal_null.json
[4200/4900] evaluated candidates from causal_null.json
[4300/4900] evaluated candidates from causal_null.json
[4400/4900] evaluated candidates from causal_null.json
[4500/4900] evaluated candidates from causal_null.json
[4600/4900] evaluated candidates from causal_null.json
[4700/4900] evaluated candidates from causal_null.json
[4800/4900] evaluated candidates from causal_null.json
[4900/4900] evaluated candidates from causal_null.json
{
  "schema_version": 3,
  "status": "failed",
  "dataset": "/workspace/artifacts/hybrid_v2_3_s44/00_phase0/neutral_functional_eval.jsonl",
  "held_out_rows": 490,
  "checkpoint": "/workspace/artifacts/hybrid_v2_3_s44/01_graph_only_sft/pytorch_model.bin",
  "baseline_checkpoint": null,
  "baseline_pass_at_k": null,
  "baseline_source": null,
  "k": 10,
  "deployment_prompt_mode": null,
  "deployment_arm_ran": false,
  "causality_arm_ran": true,
  "causal_prompt_mode": "graph_only",
  "matched_permutation_provenance": {
    "checkpoint": {
      "path": "/workspace/artifacts/hybrid_v2_3_s44/01_graph_only_sft/pytorch_model.bin",
      "sha256": "aba16f0ca56c6a7bc92dad11d86765bb8209ba91cf8e63af834414a1c8f2e2ee",
      "size_bytes": 1349588215
    },
    "checkpoint_load": {
      "absent_trainable_examples": [],
      "absent_trainable_tensor_count": 0,
      "allow_partial": false,
      "allowed_absent_trainable_examples": [],
      "allowed_absent_trainable_tensor_count": 0,
      "checkpoint_tensor_count": 565,
      "context": "inference checkpoint",
      "current_trainable_tensor_count": 565,
      "failures": [],
      "load_missing_tensor_count": 617,
      "load_target": "GraphCodeBERTT5Seq2Seq",
      "missing_frozen_examples": [
        "graph_encoder.convs.0.eps",
        "graph_encoder.convs.1.eps",
        "graph_encoder.convs.2.eps",
        "graph_encoder.convs.3.eps",
        "local_encoder.encoder.embeddings.LayerNorm.bias",
        "local_encoder.encoder.embeddings.LayerNorm.weight",
        "local_encoder.encoder.embeddings.position_embeddings.weight",
        "local_encoder.encoder.embeddings.token_type_embeddings.weight",
        "local_encoder.encoder.embeddings.word_embeddings.weight",
        "local_encoder.encoder.encoder.layer.0.attention.output.LayerNorm.bias",
        "local_encoder.encoder.encoder.layer.0.attention.output.LayerNorm.weight",
        "local_encoder.encoder.encoder.layer.0.attention.output.dense.bias",
        "local_encoder.encoder.encoder.layer.0.attention.output.dense.weight",
        "local_encoder.encoder.encoder.layer.0.attention.self.key.bias",
        "local_encoder.encoder.encoder.layer.0.attention.self.key.weight",
        "local_encoder.encoder.encoder.layer.0.attention.self.query.bias"
      ],
      "missing_frozen_tensor_count": 617,
      "model_state_tensor_count": 1182,
      "recognised_checkpoint_tensor_count": 565,
      "status": "passed",
      "unapproved_absent_trainable_examples": [],
      "unapproved_absent_trainable_tensor_count": 0,
      "unexpected_examples": [],
      "unexpected_tensor_count": 0
    },
    "dataset": {
      "path": "/workspace/artifacts/hybrid_v2_3_s44/00_phase0/neutral_functional_eval.jsonl",
      "sha256": "9e9452972e58b20a57707ba27d2471a6fc45e8b3e12a47819e9b1eedfae1949a",
      "size_bytes": 12826701
    },
    "generation": {
      "decoder_gradient_checkpointing": false,
      "decoder_prompt_max_length": 3072,
      "generation_batch_size": 16,
      "max_new_tokens": 3328,
      "num_samples": 10,
      "use_cache": true
    },
    "git": {
      "commit": null,
      "dirty": null
    },
    "graph_environment": {
      "GRAPH_ADD_REVERSE_EDGES": "1",
      "GRAPH_BLOCK_POOLING": "multi_query",
      "GRAPH_BLOCK_POSITION_MODE": "sinusoidal",
      "GRAPH_BLOCK_VECTORS_PER_BLOCK": "4",
      "GRAPH_DECODER_MODEL": "Qwen/Qwen3-8B",
      "GRAPH_DECODER_PEFT": "lora",
      "GRAPH_DECODER_PROMPT_MAX_LENGTH": "3072",
      "GRAPH_DECODER_REVISION": "",
      "GRAPH_DFG_MODE": "edges",
      "GRAPH_ENCODER_MODEL": "microsoft/graphcodebert-base",
      "GRAPH_ENCODER_PEFT": "none",
      "GRAPH_ENCODER_REVISION": "",
      "GRAPH_GRADIENT_CHECKPOINTING": "1",
      "GRAPH_HYBRID_PATCH_SHA256": "8360a9349d7ad32aa0e0eaa8f5b179fbdd582caaf725d25efc3533c9a9880526",
      "GRAPH_LOAD_4BIT": "0",
      "GRAPH_LORA_ALPHA": "128",
      "GRAPH_LORA_R": "64",
      "GRAPH_MAX_TARGET_LENGTH": "3328",
      "GRAPH_NEUTRAL_FUNCTION_NAME": "fn0",
      "GRAPH_POSITION_SCHEME": "roberta",
      "GRAPH_PROMPT_ASSEMBLY_MODE": "graph_only",
      "GRAPH_PROMPT_BINARY_EVIDENCE": "0",
      "GRAPH_PROMPT_CLEAN_ASM": "1",
      "GRAPH_PROMPT_FIT_ASSEMBLY": "1",
      "GRAPH_QUIET": "1",
      "GRAPH_QWEN_LORA_TARGETS": "attention_mlp",
      "GRAPH_QWEN_PREFIX_DYNAMIC": "1",
      "GRAPH_QWEN_PREFIX_MIN_TOKENS": "16",
      "GRAPH_QWEN_PREFIX_RMS_MATCH": "1",
      "GRAPH_QWEN_PREFIX_TOKENS": "64",
      "GRAPH_QWEN_PREFIX_TOKENS_PER_LOG2": "8",
      "GRAPH_REGION_COMPRESSION": "linear_residual",
      "GRAPH_REGION_MAX_BLOCKS": "8",
      "GRAPH_REQUIRE_NEUTRAL_CONTRACT": "1",
      "GRAPH_SEED": "44"
    },
    "graph_input_ablation": {
      "final_context_zeroed": false,
      "mapping_sha256": "c9857ff7633cf063ff12990a3b1c3d8ea4b9738257a17e99d11b19fc27c010d3",
      "mode": "matched_permutation",
      "seed": 44,
      "self_mapped_rows": 0
    },
    "graph_prefix_gate": {
      "mean_sigmoid": 0.2000308632850647,
      "override_requested": null
    },
    "models": {
      "decoder": {
        "requested_id": "Qwen/Qwen3-8B",
        "requested_revision": null,
        "resolved_commit": "b968826d9c46dd6066d109eabc6255188de91218",
        "resolved_name_or_path": "Qwen/Qwen3-8B"
      },
      "encoder": {
        "requested_id": "microsoft/graphcodebert-base",
        "requested_revision": null,
        "resolved_commit": "2b0488a7bb0eefc7041f1bb2cad1ab26b0da269d",
        "resolved_name_or_path": "microsoft/graphcodebert-base"
      }
    },
    "output": {
      "path": "/workspace/artifacts/hybrid_v2_3_s44/02b_graph_only_functional_gate/causal_matched_permutation.json",
      "sha256": "6d72560c7538e3cc6a3f3e332abab650a21bb635b5db9e9d4935e4565a666275",
      "size_bytes": 3807605
    },
    "prompt_schema_version": "antigravity-v6-all-length-hierarchical",
    "prompt_stream_sha256": "5f2408c0e61ab007be68ae6e7b6b5592b32318ddc84a72653be1d774d5667197",
    "row_count": 490,
    "runtime": {
      "cuda_available": true,
      "cuda_runtime": "12.8",
      "executable": "/venv/main/bin/python",
      "gpu": "NVIDIA RTX PRO 6000 Blackwell Max-Q Workstation Edition",
      "platform": "Linux-6.8.0-85-generic-x86_64-with-glibc2.39",
      "python": "3.12.13",
      "torch": "2.8.0+cu128"
    },
    "schema_version": 1,
    "scoring_tests_visible_to_policy": false,
    "seed": 44,
    "source_files": [
      {
        "path": "/workspace/scripts/evaluation/graph_inference_antigravity.py",
        "sha256": "8661571da20bddd8c95e877ca8822bd91f25366b1738f5a101d9378d5c5c10e6",
        "size_bytes": 38589
      },
      {
        "path": "/workspace/scripts/training/graph_encoder_decoder_decompiler_v2_antigravity.py",
        "sha256": "cd6325012dcdb76e22cc027040a23c1f94afa6e5490c27aafcbbef062d56a3b4",
        "size_bytes": 98959
      },
      {
        "path": "/workspace/models/hierarchical_graph_encoder_antigravity.py",
        "sha256": "0d9ed811fd3e2793d8d21a003ced9cff67cecfe65cf03a33bb611ec44af6f7db",
        "size_bytes": 24304
      },
      {
        "path": "/workspace/models/graphcodebert_tensor_builder.py",
        "sha256": "a324bba2c3a642176404fba513c386e6952b4c6f04d26e9be01732ed36900ed5",
        "size_bytes": 9576
      },
      {
        "path": "/workspace/models/pyg_cfg_dataset.py",
        "sha256": "5cf35b3c2d446e3e4444a833d6d0a39c6ddd366f2375a8b866706b4cd322edb3",
        "size_bytes": 8528
      },
      {
        "path": "/workspace/scripts/data/cfg_extractor.py",
        "sha256": "daebbbfa7ac53fed9104e66396bc861bc837a8cea5a948548204d34439ee553c",
        "size_bytes": 40627
      },
      {
        "path": "/workspace/scripts/data/dfg_extractor.py",
        "sha256": "603c052e8a79e7f6f689e97acdfc9c87245505b4fbf497bc2c49c2343fb0ed12",
        "size_bytes": 23048
      }
    ]
  },
  "deployment_provenance": {},
  "paired_causality": {
    "correct_above_permuted_tasks": 1,
    "equal_tasks": 488,
    "permuted_above_correct_tasks": 1,
    "effective_non_ties": 2,
    "exact_one_sided_sign_p_value": 0.75,
    "correct_nonzero_permuted_zero_tasks": 1,
    "rows": 490
  },
  "causal_prompt_stream_sha256": "5f2408c0e61ab007be68ae6e7b6b5592b32318ddc84a72653be1d774d5667197",
  "metrics": {
    "causal_correct": {
      "rows": 490,
      "candidates": 4900,
      "expected_candidates_per_task": 10,
      "coverage_validated": true,
      "pass_at_k": {
        "10": 0.0020408163265306124
      },
      "compile_at_k": {
        "10": 1.0
      },
      "facts_at_k": {
        "10": 0.0
      },
      "per_task": [
        {
          "task_key": "sigless_b7de4453c6dc",
          "n": 10,
          "pass@10": 0.0,
          "compile@10": 1.0,
          "facts@10": 0.0
        },
        {
          "task_key": "sigless_0b53c604525e",
          "n": 10,
          "pass@10": 0.0,
          "compile@10": 1.0,
          "facts@10": 0.0
        },
        {
          "task_key": "sigless_7a62398c7887",
          "n": 10,
          "pass@10": 0.0,
          "compile@10": 1.0,
          "facts@10": 0.0
        },
        {
          "task_key": "sigless_d52dd8e341e4",
          "n": 10,
          "pass@10": 0.0,
          "compile@10": 1.0,
          "facts@10": 0.0
        },
        {
          "task_key": "sigless_a71f1113f60d",
          "n": 10,
          "pass@10": 0.0,
          "compile@10": 1.0,
          "facts@10": 0.0
        },
        {
          "task_key": "sigless_b6129668ab59",
          "n": 10,
          "pass@10": 0.0,
          "compile@10": 1.0,
          "facts@10": 0.0
        },
        {
          "task_key": "sigless_0365f62bc245",
          "n": 10,
          "pass@10": 0.0,
          "compile@10": 1.0,
          "facts@10": 0.0
        },
        {
          "task_key": "sigless_2d0041783349",
          "n": 10,
          "pass@10": 0.0,
          "compile@10": 1.0,
          "facts@10": 0.0
        },
        {
          "task_key": "sigless_6b2e7a1c61f9",
          "n": 10,
          "pass@10": 0.0,
          "compile@10": 1.0,
          "facts@10": 0.0
        },
        {
          "task_key": "sigless_f18e792dd3ff",
          "n": 10,
          "pass@10": 0.0,
          "compile@10": 1.0,
          "facts@10": 0.0
        },
        {
          "task_key": "sigless_1cde6d11c76b",
          "n": 10,
          "pass@10": 0.0,
          "compile@10": 1.0,
          "facts@10": 0.0
        },
        {
          "task_key": "sigless_bbdee3be50ed",
          "n": 10,
          "pass@10": 0.0,
          "compile@10": 1.0,
          "facts@10": 0.0
        },
        {
          "task_key": "sigless_df9f6f4f61f7",
          "n": 10,
          "pass@10": 0.0,
          "compile@10": 1.0,
          "facts@10": 0.0
        },
        {
          "task_key": "sigless_cbe368b961e9",
          "n": 10,
          "pass@10": 0.0,
          "compile@10": 1.0,
          "facts@10": 0.0
        },
        {
          "task_key": "sigless_7948a7818fa0",
          "n": 10,
          "pass@10": 0.0,
          "compile@10": 1.0,
          "facts@10": 0.0
        },
        {
          "task_key": "sigless_9cf090c6ea5c",
          "n": 10,
          "pass@10": 0.0,
          "compile@10": 1.0,
          "facts@10": 0.0
        },
        {
          "task_key": "sigless_f888fb5bd025",
          "n": 10,
          "pass@10": 0.0,
          "compile@10": 1.0,
          "facts@10": 0.0
        },
        {
          "task_key": "sigless_c90fd3e1eeef",
          "n": 10,
          "pass@10": 0.0,
          "compile@10": 1.0,
          "facts@10": 0.0
        },
        {
          "task_key": "sigless_52036dfad170",
          "n": 10,
          "pass@10": 0.0,
          "compile@10": 1.0,
          "facts@10": 0.0
        },
        {
          "task_key": "sigless_8b5904e4a5e5",
          "n": 10,
          "pass@10": 0.0,
          "compile@10": 1.0,
          "facts@10": 0.0
        },
        {
          "task_key": "sigless_b886463b0e12",
          "n": 10,
          "pass@10": 0.0,
          "compile@10": 1.0,
          "facts@10": 0.0
        },
        {
          "task_key": "sigless_60b43a816d2b",
          "n": 10,
          "pass@10": 0.0,
          "compile@10": 1.0,
          "facts@10": 0.0
        },
        {
          "task_key": "sigless_0d4fdf6df500",
          "n": 10,
          "pass@10": 0.0,
          "compile@10": 1.0,
          "facts@10": 0.0
        },
        {
          "task_key": "sigless_dd66b0f93fc8",
          "n": 10,
          "pass@10": 0.0,
          "compile@10": 1.0,
          "facts@10": 0.0
        },
        {
          "task_key": "sigless_90c06f84b243",
          "n": 10,
          "pass@10": 0.0,
          "compile@10": 1.0,
          "facts@10": 0.0
        },
        {
          "task_key": "sigless_4d597ad68b51",
          "n": 10,
          "pass@10": 0.0,
          "compile@10": 1.0,
          "facts@10": 0.0
        },
        {
          "task_key": "sigless_39ca01e0c405",
          "n": 10,
          "pass@10": 0.0,
          "compile@10": 1.0,
          "facts@10": 0.0
        },
        {
          "task_key": "sigless_110273aefecc",
          "n": 10,
          "pass@10": 0.0,
          "compile@10": 1.0,
          "facts@10": 0.0
        },
        {
          "task_key": "sigless_62d8f395fc0b",
          "n": 10,
          "pass@10": 0.0,
          "compile@10": 1.0,
          "facts@10": 0.0
        },
        {
          "task_key": "sigless_6a8289911c90",
          "n": 10,
          "pass@10": 0.0,
          "compile@10": 1.0,
          "facts@10": 0.0
        },
        {
          "task_key": "sigless_6e97727a17bc",
          "n": 10,
          "pass@10": 0.0,
          "compile@10": 1.0,
          "facts@10": 0.0
        },
        {
          "task_key": "sigless_a323c289f1a4",
          "n": 10,
          "pass@10": 0.0,
          "compile@10": 1.0,
          "facts@10": 0.0
        },
        {
          "task_key": "sigless_076db1fc2ac9",
          "n": 10,
          "pass@10": 0.0,
          "compile@10": 1.0,
          "facts@10": 0.0
        },
        {
          "task_key": "sigless_e75556d246c4",
          "n": 10,
          "pass@10": 0.0,
          "compile@10": 1.0,
          "facts@10": 0.0
        },
        {
          "task_key": "sigless_bd09372a0e6d",
          "n": 10,
          "pass@10": 0.0,
          "compile@10": 1.0,
          "facts@10": 0.0
        },
        {
          "task_key": "sigless_a082255f65bb",
          "n": 10,
          "pass@10": 0.0,
          "compile@10": 1.0,
          "facts@10": 0.0
        },
        {
          "task_key": "sigless_89787986563d",
          "n": 10,
          "pass@10": 0.0,
          "compile@10": 1.0,
          "facts@10": 0.0
        },
        {
          "task_key": "sigless_51bbadf72aa1",
          "n": 10,
          "pass@10": 0.0,
          "compile@10": 1.0,
          "facts@10": 0.0
        },
        {
          "task_key": "sigless_db1a18685678",
          "n": 10,
          "pass@10": 0.0,
          "compile@10": 1.0,
          "facts@10": 0.0
        },
        {
          "task_key": "sigless_4b03a66ddf05",
          "n": 10,
          "pass@10": 0.0,
          "compile@10": 1.0,
          "facts@10": 0.0
        },
        {
          "task_key": "sigless_345138ee0b97",
          "n": 10,
          "pass@10": 0.0,
          "compile@10": 1.0,
          "facts@10": 0.0
        },
        {
          "task_key": "sigless_d08c93d3412e",
          "n": 10,
          "pass@10": 0.0,
          "compile@10": 1.0,
          "facts@10": 0.0
        },
        {
          "task_key": "sigless_1c52877d8f3c",
          "n": 10,
          "pass@10": 0.0,
          "compile@10": 1.0,
          "facts@10": 0.0
        },
        {
          "task_key": "sigless_ab103f4d6e05",
          "n": 10,
          "pass@10": 0.0,
          "compile@10": 1.0,
          "facts@10": 0.0
        },
        {
          "task_key": "sigless_2942c6ddf1d9",
          "n": 10,
          "pass@10": 0.0,
          "compile@10": 1.0,
          "facts@10": 0.0
        },
        {
          "task_key": "sigless_9d74e87ed099",
          "n": 10,
          "pass@10": 0.0,
          "compile@10": 1.0,
          "facts@10": 0.0
        },
        {
          "task_key": "sigless_67bc14f5bf32",
          "n": 10,
          "pass@10": 0.0,
          "compile@10": 1.0,
          "facts@10": 0.0
        },
        {
          "task_key": "sigless_6f07c34f4a66",
          "n": 10,
          "pass@10": 0.0,
          "compile@10": 1.0,
          "facts@10": 0.0
        },
        {
          "task_key": "sigless_ec5591adbe0f",
          "n": 10,
          "pass@10": 0.0,
          "compile@10": 1.0,
          "facts@10": 0.0
        },
        {
          "task_key": "sigless_659810ce7846",
          "n": 10,
          "pass@10": 0.0,
          "compile@10": 1.0,
          "facts@10": 0.0
        },
        {
          "task_key": "sigless_7c3e5da4f3e6",
          "n": 10,
          "pass@10": 0.0,
          "compile@10": 1.0,
          "facts@10": 0.0
        },
        {
          "task_key": "sigless_13c183eabda7",
          "n": 10,
          "pass@10": 0.0,
          "compile@10": 1.0,
          "facts@10": 0.0
        },
        {
          "task_key": "sigless_3d20bce50914",
          "n": 10,
          "pass@10": 0.0,
          "compile@10": 1.0,
          "facts@10": 0.0
        },
        {
          "task_key": "sigless_f7e9ccb52ba5",
          "n": 10,
          "pass@10": 0.0,
          "compile@10": 1.0,
          "facts@10": 0.0
        },
        {
          "task_key": "sigless_73845357c994",
          "n": 10,
          "pass@10": 0.0,
          "compile@10": 1.0,
          "facts@10": 0.0
        },
        {
          "task_key": "sigless_c353cbcda946",
          "n": 10,
          "pass@10": 0.0,
          "compile@10": 1.0,
          "facts@10": 0.0
        },
        {
          "task_key": "sigless_66ed76f51d1c",
          "n": 10,
          "pass@10": 0.0,
          "compile@10": 1.0,
          "facts@10": 0.0
        },
        {
          "task_key": "sigless_a5b21e913a22",
          "n": 10,
          "pass@10": 0.0,
          "compile@10": 1.0,
          "facts@10": 0.0
        },
        {
          "task_key": "sigless_057ae641abd1",
          "n": 10,
          "pass@10": 0.0,
          "compile@10": 1.0,
          "facts@10": 0.0
        },
        {
          "task_key": "sigless_b0b8aa38ef16",
          "n": 10,
          "pass@10": 0.0,
          "compile@10": 1.0,
          "facts@10": 0.0
        },
        {
          "task_key": "sigless_6639ec9ceb5f",
          "n": 10,
          "pass@10": 0.0,
          "compile@10": 1.0,
          "facts@10": 0.0
        },
        {
          "task_key": "sigless_1313c5dd1cf8",
          "n": 10,
          "pass@10": 0.0,
          "compile@10": 1.0,
          "facts@10": 0.0
        },
        {
          "task_key": "sigless_703eb9b1bc9e",
          "n": 10,
          "pass@10": 0.0,
          "compile@10": 1.0,
          "facts@10": 0.0
        },
        {
          "task_key": "sigless_596fce3f8c4a",
          "n": 10,
          "pass@10": 0.0,
          "compile@10": 1.0,
          "facts@10": 0.0
        },
        {
          "task_key": "sigless_b173182a8783",
          "n": 10,
          "pass@10": 0.0,
          "compile@10": 1.0,
          "facts@10": 0.0
        },
        {
          "task_key": "sigless_064e5cef3776",
          "n": 10,
          "pass@10": 0.0,
          "compile@10": 1.0,
          "facts@10": 0.0
        },
        {
          "task_key": "sigless_68baa1f5817c",
          "n": 10,
          "pass@10": 0.0,
          "compile@10": 1.0,
          "facts@10": 0.0
        },
        {
          "task_key": "sigless_0d08cc61abab",
          "n": 10,
          "pass@10": 0.0,
          "compile@10": 1.0,
          "facts@10": 0.0
        },
        {
          "task_key": "sigless_d4723e6a6157",
          "n": 10,
          "pass@10": 0.0,
          "compile@10": 1.0,
          "facts@10": 0.0
        },
        {
          "task_key": "sigless_13ef64aabc9b",
          "n": 10,
          "pass@10": 0.0,
          "compile@10": 1.0,
          "facts@10": 0.0
        },
        {
          "task_key": "sigless_b8e647bd8f35",
          "n": 10,
          "pass@10": 0.0,
          "compile@10": 1.0,
          "facts@10": 0.0
        },
        {
          "task_key": "sigless_469174e12130",
          "n": 10,
          "pass@10": 0.0,
          "compile@10": 1.0,
          "facts@10": 0.0
        },
        {
          "task_key": "sigless_41756f669109",
          "n": 10,
          "pass@10": 0.0,
          "compile@10": 1.0,
          "facts@10": 0.0
        },
        {
          "task_key": "sigless_740a7e27b834",
          "n": 10,
          "pass@10": 0.0,
          "compile@10": 1.0,
          "facts@10": 0.0
        },
        {
          "task_key": "sigless_70e4100f300d",
          "n": 10,
          "pass@10": 0.0,
          "compile@10": 1.0,
          "facts@10": 0.0
        },
        {
          "task_key": "sigless_a9c1d47432a6",
          "n": 10,
          "pass@10": 0.0,
          "compile@10": 1.0,
          "facts@10": 0.0
        },
        {
          "task_key": "sigless_ecc4968d742a",
          "n": 10,
          "pass@10": 0.0,
          "compile@10": 1.0,
          "facts@10": 0.0
        },
        {
          "task_key": "sigless_6b458e9fbcc8",
          "n": 10,
          "pass@10": 0.0,
          "compile@10": 1.0,
          "facts@10": 0.0
        },
        {
          "task_key": "sigless_d49f910da1ec",
          "n": 10,
          "pass@10": 0.0,
          "compile@10": 1.0,
          "facts@10": 0.0
        },
        {
          "task_key": "sigless_b76dc6249c47",
          "n": 10,
          "pass@10": 0.0,
          "compile@10": 1.0,
          "facts@10": 0.0
        },
        {
          "task_key": "sigless_b299d0244666",
          "n": 10,
          "pass@10": 0.0,
          "compile@10": 1.0,
          "facts@10": 0.0
        },
        {
          "task_key": "sigless_7d3f4f4e08bb",
          "n": 10,
          "pass@10": 0.0,
          "compile@10": 1.0,
          "facts@10": 0.0
        },
        {
          "task_key": "sigless_030729b77a02",
          "n": 10,
          "pass@10": 0.0,
          "compile@10": 1.0,
          "facts@10": 0.0
        },
        {
          "task_key": "sigless_d3135fe16766",
          "n": 10,
          "pass@10": 0.0,
          "compile@10": 1.0,
          "facts@10": 0.0
        },
        {
          "task_key": "sigless_66321ff63538",
          "n": 10,
          "pass@10": 0.0,
          "compile@10": 1.0,
          "facts@10": 0.0
        },
        {
          "task_key": "sigless_75b361720d32",
          "n": 10,
          "pass@10": 0.0,
          "compile@10": 1.0,
          "facts@10": 0.0
        },
        {
          "task_key": "sigless_3dbab4cfbbcc",
          "n": 10,
          "pass@10": 0.0,
          "compile@10": 1.0,
          "facts@10": 0.0
        },
        {
          "task_key": "sigless_6127f6a64fff",
          "n": 10,
          "pass@10": 0.0,
          "compile@10": 1.0,
          "facts@10": 0.0
        },
        {
          "task_key": "sigless_b6c3fd6ec2c8",
          "n": 10,
          "pass@10": 0.0,
          "compile@10": 1.0,
          "facts@10": 0.0
        },
        {
          "task_key": "sigless_7b637660307e",
          "n": 10,
          "pass@10": 0.0,
          "compile@10": 1.0,
          "facts@10": 0.0
        },
        {
          "task_key": "sigless_e3f77107da83",
          "n": 10,
          "pass@10": 0.0,
          "compile@10": 1.0,
          "facts@10": 0.0
        },
        {
          "task_key": "sigless_e6b73fe74ebe",
          "n": 10,
          "pass@10": 0.0,
          "compile@10": 1.0,
          "facts@10": 0.0
        },
        {
          "task_key": "sigless_8a54562cb965",
          "n": 10,
          "pass@10": 0.0,
          "compile@10": 1.0,
          "facts@10": 0.0
        },
        {
          "task_key": "sigless_d6b65e55cda9",
          "n": 10,
          "pass@10": 0.0,
          "compile@10": 1.0,
          "facts@10": 0.0
        },
        {
          "task_key": "sigless_c12088ad14e1",
          "n": 10,
          "pass@10": 0.0,
          "compile@10": 1.0,
          "facts@10": 0.0
        },
        {
          "task_key": "sigless_1899482d12c6",
          "n": 10,
          "pass@10": 0.0,
          "compile@10": 1.0,
          "facts@10": 0.0
        },
        {
          "task_key": "sigless_b3d1f9259f1e",
          "n": 10,
          "pass@10": 0.0,
          "compile@10": 1.0,
          "facts@10": 0.0
        },
        {
          "task_key": "sigless_22bba0303553",
          "n": 10,
          "pass@10": 0.0,
          "compile@10": 1.0,
          "facts@10": 0.0
        },
        {
          "task_key": "sigless_ca58db8767bd",
          "n": 10,
          "pass@10": 0.0,
          "compile@10": 1.0,
          "facts@10": 0.0
        },
        {
          "task_key": "sigless_2d26d0d00957",
          "n": 10,
          "pass@10": 0.0,
          "compile@10": 1.0,
          "facts@10": 0.0
        },
        {
          "task_key": "sigless_94cf5a567ad3",
          "n": 10,
          "pass@10": 0.0,
          "compile@10": 1.0,
          "facts@10": 0.0
        },
        {
          "task_key": "sigless_79db543e7d39",
          "n": 10,
          "pass@10": 0.0,
          "compile@10": 1.0,
          "facts@10": 0.0
        },
        {
          "task_key": "sigless_ad2a9ff20246",
          "n": 10,
          "pass@10": 0.0,
          "compile@10": 1.0,
          "facts@10": 0.0
        },
        {
          "task_key": "sigless_c085be85a2e6",
          "n": 10,
          "pass@10": 0.0,
          "compile@10": 1.0,
          "facts@10": 0.0
        },
        {
          "task_key": "sigless_bedaadb0311a",
          "n": 10,
          "pass@10": 0.0,
          "compile@10": 1.0,
          "facts@10": 0.0
        },
        {
          "task_key": "sigless_1f2f06b4528e",
          "n": 10,
          "pass@10": 0.0,
          "compile@10": 1.0,
          "facts@10": 0.0
        },
        {
          "task_key": "sigless_915ba43041c7",
          "n": 10,
          "pass@10": 0.0,
          "compile@10": 1.0,
          "facts@10": 0.0
        },
        {
          "task_key": "sigless_004f59a87299",
          "n": 10,
          "pass@10": 0.0,
          "compile@10": 1.0,
          "facts@10": 0.0
        },
        {
          "task_key": "sigless_d28a82e78002",
          "n": 10,
          "pass@10": 0.0,
          "compile@10": 1.0,
          "facts@10": 0.0
        },
        {
          "task_key": "sigless_6b83fbf9abc1",
          "n": 10,
          "pass@10": 0.0,
          "compile@10": 1.0,
          "facts@10": 0.0
        },
        {
          "task_key": "sigless_3ee3daf03d6a",
          "n": 10,
          "pass@10": 0.0,
          "compile@10": 1.0,
          "facts@10": 0.0
        },
        {
          "task_key": "sigless_f5c7e9a5dfa2",
          "n": 10,
          "pass@10": 0.0,
          "compile@10": 1.0,
          "facts@10": 0.0
        },
        {
          "task_key": "sigless_c6ca790363f7",
          "n": 10,
          "pass@10": 0.0,
          "compile@10": 1.0,
          "facts@10": 0.0
        },
        {
          "task_key": "sigless_188fa8c42e48",
          "n": 10,
          "pass@10": 0.0,
          "compile@10": 1.0,
          "facts@10": 0.0
        },
        {
          "task_key": "sigless_3f4340a3219f",
          "n": 10,
          "pass@10": 0.0,
          "compile@10": 1.0,
          "facts@10": 0.0
        },
        {
          "task_key": "sigless_c8748305c9d3",
          "n": 10,
          "pass@10": 0.0,
          "compile@10": 1.0,
          "facts@10": 0.0
        },
        {
          "task_key": "sigless_7b70a26d6945",
          "n": 10,
          "pass@10": 0.0,
          "compile@10": 1.0,
          "facts@10": 0.0
        },
        {
          "task_key": "sigless_c31031440228",
          "n": 10,
          "pass@10": 0.0,
          "compile@10": 1.0,
          "facts@10": 0.0
        },
        {
          "task_key": "sigless_85b32a73e1d3",
          "n": 10,
          "pass@10": 0.0,
          "compile@10": 1.0,
          "facts@10": 0.0
        },
        {
          "task_key": "sigless_cdc47ed506ec",
          "n": 10,
          "pass@10": 0.0,
          "compile@10": 1.0,
          "facts@10": 0.0
        },
        {
          "task_key": "sigless_a88fec6d45e7",
          "n": 10,
          "pass@10": 0.0,
          "compile@10": 1.0,
          "facts@10": 0.0
        },
        {
          "task_key": "sigless_83853be1060f",
          "n": 10,
          "pass@10": 0.0,
          "compile@10": 1.0,
          "facts@10": 0.0
        },
        {
          "task_key": "sigless_983da71567bf",
          "n": 10,
          "pass@10": 0.0,
          "compile@10": 1.0,
          "facts@10": 0.0
        },
        {
          "task_key": "sigless_e48e4ee68199",
          "n": 10,
          "pass@10": 0.0,
          "compile@10": 1.0,
          "facts@10": 0.0
        },
        {
          "task_key": "sigless_fc6f26ef3f45",
          "n": 10,
          "pass@10": 0.0,
          "compile@10": 1.0,
          "facts@10": 0.0
        },
        {
          "task_key": "sigless_0e1cf8571184",
          "n": 10,
          "pass@10": 0.0,
          "compile@10": 1.0,
          "facts@10": 0.0
        },
        {
          "task_key": "sigless_7b76b1907bd4",
          "n": 10,
          "pass@10": 0.0,
          "compile@10": 1.0,
          "facts@10": 0.0
        },
        {
          "task_key": "sigless_f74db07ec709",
          "n": 10,
          "pass@10": 0.0,
          "compile@10": 1.0,
          "facts@10": 0.0
        },
        {
          "task_key": "sigless_17f3d0705dab",
          "n": 10,
          "pass@10": 0.0,
          "compile@10": 1.0,
          "facts@10": 0.0
        },
        {
          "task_key": "sigless_fa51e2ce8dac",
          "n": 10,
          "pass@10": 0.0,
          "compile@10": 1.0,
          "facts@10": 0.0
        },
        {
          "task_key": "sigless_e6670d44de36",
          "n": 10,
          "pass@10": 0.0,
          "compile@10": 1.0,
          "facts@10": 0.0
        },
        {
          "task_key": "sigless_c3e6841ef222",
          "n": 10,
          "pass@10": 0.0,
          "compile@10": 1.0,
          "facts@10": 0.0
        },
        {
          "task_key": "sigless_1913d877b0d9",
          "n": 10,
          "pass@10": 0.0,
          "compile@10": 1.0,
          "facts@10": 0.0
        },
        {
          "task_key": "sigless_6cdf9496e34f",
          "n": 10,
          "pass@10": 0.0,
          "compile@10": 1.0,
          "facts@10": 0.0
        },
        {
          "task_key": "sigless_14ecef0db26a",
          "n": 10,
          "pass@10": 0.0,
          "compile@10": 1.0,
          "facts@10": 0.0
        },
        {
          "task_key": "sigless_afe4cb2feb3d",
          "n": 10,
          "pass@10": 0.0,
          "compile@10": 1.0,
          "facts@10": 0.0
        },
        {
          "task_key": "sigless_7ed820cfa6bc",
          "n": 10,
          "pass@10": 0.0,
          "compile@10": 1.0,
          "facts@10": 0.0
        },
        {
          "task_key": "sigless_18bf17fc4ad8",
          "n": 10,
          "pass@10": 0.0,
          "compile@10": 1.0,
          "facts@10": 0.0
        },
        {
          "task_key": "sigless_27ecb3229592",
          "n": 10,
          "pass@10": 0.0,
          "compile@10": 1.0,
          "facts@10": 0.0
        },
        {
          "task_key": "sigless_e4dd645b0c75",
          "n": 10,
          "pass@10": 0.0,
          "compile@10": 1.0,
          "facts@10": 0.0
        },
        {
          "task_key": "sigless_094ac2f0e28b",
          "n": 10,
          "pass@10": 0.0,
          "compile@10": 1.0,
          "facts@10": 0.0
        },
        {
          "task_key": "sigless_424672322b21",
          "n": 10,
          "pass@10": 0.0,
          "compile@10": 1.0,
          "facts@10": 0.0
        },
        {
          "task_key": "sigless_d44d5e76ac84",
          "n": 10,
          "pass@10": 0.0,
          "compile@10": 1.0,
          "facts@10": 0.0
        },
        {
          "task_key": "sigless_18951b18f216",
          "n": 10,
          "pass@10": 0.0,
          "compile@10": 1.0,
          "facts@10": 0.0
        },
        {
          "task_key": "sigless_25f1579700e7",
          "n": 10,
          "pass@10": 0.0,
          "compile@10": 1.0,
          "facts@10": 0.0
        },
        {
          "task_key": "sigless_f503c3f7aaa3",
          "n": 10,
          "pass@10": 0.0,
          "compile@10": 1.0,
          "facts@10": 0.0
        },
        {
          "task_key": "sigless_7a0f0b072203",
          "n": 10,
          "pass@10": 0.0,
          "compile@10": 1.0,
          "facts@10": 0.0
        },
        {
          "task_key": "sigless_8c7fff5c0046",
          "n": 10,
          "pass@10": 0.0,
          "compile@10": 1.0,
          "facts@10": 0.0
        },
        {
          "task_key": "sigless_0e1fb8c0e6ff",
          "n": 10,
          "pass@10": 0.0,
          "compile@10": 1.0,
          "facts@10": 0.0
        },
        {
          "task_key": "sigless_ec1b5565fb0d",
          "n": 10,
          "pass@10": 0.0,
          "compile@10": 1.0,
          "facts@10": 0.0
        },
        {
          "task_key": "sigless_e283bf65a08e",
          "n": 10,
          "pass@10": 0.0,
          "compile@10": 1.0,
          "facts@10": 0.0
        },
        {
          "task_key": "sigless_ad28ce580a8a",
          "n": 10,
          "pass@10": 0.0,
          "compile@10": 1.0,
          "facts@10": 0.0
        },
        {
          "task_key": "sigless_4610eff6eafb",
          "n": 10,
          "pass@10": 0.0,
          "compile@10": 1.0,
          "facts@10": 0.0
        },
        {
          "task_key": "sigless_a14d3b7cc150",
          "n": 10,
          "pass@10": 0.0,
          "compile@10": 1.0,
          "facts@10": 0.0
        },
        {
          "task_key": "sigless_ae86739ea226",
          "n": 10,
          "pass@10": 0.0,
          "compile@10": 1.0,
          "facts@10": 0.0
        },
        {
          "task_key": "sigless_926981f81ffa",
          "n": 10,
          "pass@10": 0.0,
          "compile@10": 1.0,
          "facts@10": 0.0
        },
        {
          "task_key": "sigless_2b00fb069d1b",
          "n": 10,
          "pass@10": 0.0,
          "compile@10": 1.0,
          "facts@10": 0.0
        },
        {
          "task_key": "sigless_c42b92739a46",
          "n": 10,
          "pass@10": 0.0,
          "compile@10": 1.0,
          "facts@10": 0.0
        },
        {
          "task_key": "sigless_46ebb39a8885",
          "n": 10,
          "pass@10": 0.0,
          "compile@10": 1.0,
          "facts@10": 0.0
        },
        {
          "task_key": "sigless_9d4d8036fd79",
          "n": 10,
          "pass@10": 0.0,
          "compile@10": 1.0,
          "facts@10": 0.0
        },
        {
          "task_key": "sigless_a9eb5343a42e",
          "n": 10,
          "pass@10": 0.0,
          "compile@10": 1.0,
          "facts@10": 0.0
        },
        {
          "task_key": "sigless_490729808cbf",
          "n": 10,
          "pass@10": 0.0,
          "compile@10": 1.0,
          "facts@10": 0.0
        },
        {
          "task_key": "sigless_72bec92f0de2",
          "n": 10,
          "pass@10": 0.0,
          "compile@10": 1.0,
          "facts@10": 0.0
        },
        {
          "task_key": "sigless_3d7ef92766c8",
          "n": 10,
          "pass@10": 0.0,
          "compile@10": 1.0,
          "facts@10": 0.0
        },
        {
          "task_key": "sigless_809bfacc884b",
          "n": 10,
          "pass@10": 0.0,
          "compile@10": 1.0,
          "facts@10": 0.0
        },
        {
          "task_key": "sigless_dd992faf52fc",
          "n": 10,
          "pass@10": 0.0,
          "compile@10": 1.0,
          "facts@10": 0.0
        },
        {
          "task_key": "sigless_a715ff0191af",
          "n": 10,
          "pass@10": 0.0,
          "compile@10": 1.0,
          "facts@10": 0.0
        },
        {
          "task_key": "sigless_fc9e7ce2987d",
          "n": 10,
          "pass@10": 0.0,
          "compile@10": 1.0,
          "facts@10": 0.0
        },
        {
          "task_key": "sigless_75dbbd49ba4d",
          "n": 10,
          "pass@10": 0.0,
          "compile@10": 1.0,
          "facts@10": 0.0
        },
        {
          "task_key": "sigless_51783c911b49",
          "n": 10,
          "pass@10": 0.0,
          "compile@10": 1.0,
          "facts@10": 0.0
        },
        {
          "task_key": "sigless_f9972d51c2b1",
          "n": 10,
          "pass@10": 0.0,
          "compile@10": 1.0,
          "facts@10": 0.0
        },
        {
          "task_key": "sigless_2a9a2c9c9365",
          "n": 10,
          "pass@10": 0.0,
          "compile@10": 1.0,
          "facts@10": 0.0
        },
        {
          "task_key": "sigless_3f62eb4395d3",
          "n": 10,
          "pass@10": 0.0,
          "compile@10": 1.0,
          "facts@10": 0.0
        },
        {
          "task_key": "sigless_2bb05d67b4d4",
          "n": 10,
          "pass@10": 0.0,
          "compile@10": 1.0,
          "facts@10": 0.0
        },
        {
          "task_key": "sigless_7d87a97fbd34",
          "n": 10,
          "pass@10": 0.0,
          "compile@10": 1.0,
          "facts@10": 0.0
        },
        {
          "task_key": "sigless_59bbf5972439",
          "n": 10,
          "pass@10": 0.0,
          "compile@10": 1.0,
          "facts@10": 0.0
        },
        {
          "task_key": "sigless_4bc3cb88ebce",
          "n": 10,
          "pass@10": 0.0,
          "compile@10": 1.0,
          "facts@10": 0.0
        },
        {
          "task_key": "sigless_cdc9411ddbed",
          "n": 10,
          "pass@10": 0.0,
          "compile@10": 1.0,
          "facts@10": 0.0
        },
        {
          "task_key": "sigless_bb95058cc89d",
          "n": 10,
          "pass@10": 0.0,
          "compile@10": 1.0,
          "facts@10": 0.0
        },
        {
          "task_key": "sigless_510066067661",
          "n": 10,
          "pass@10": 0.0,
          "compile@10": 1.0,
          "facts@10": 0.0
        },
        {
          "task_key": "sigless_08b08424f51d",
          "n": 10,
          "pass@10": 0.0,
          "compile@10": 1.0,
          "facts@10": 0.0
        },
        {
          "task_key": "sigless_5fc6e6f2e776",
          "n": 10,
          "pass@10": 0.0,
          "compile@10": 1.0,
          "facts@10": 0.0
        },
        {
          "task_key": "sigless_45a3c30bf585",
          "n": 10,
          "pass@10": 0.0,
          "compile@10": 1.0,
          "facts@10": 0.0
        },
        {
          "task_key": "sigless_11ecbc9348f0",
          "n": 10,
          "pass@10": 0.0,
          "compile@10": 1.0,
          "facts@10": 0.0
        },
        {
          "task_key": "sigless_f87c7db9d615",
          "n": 10,
          "pass@10": 0.0,
          "compile@10": 1.0,
          "facts@10": 0.0
        },
        {
          "task_key": "sigless_04a3737faa8d",
          "n": 10,
          "pass@10": 0.0,
          "compile@10": 1.0,
          "facts@10": 0.0
        },
        {
          "task_key": "sigless_8ea707879d4e",
          "n": 10,
          "pass@10": 0.0,
          "compile@10": 1.0,
          "facts@10": 0.0
        },
        {
          "task_key": "sigless_1b37bbecba6d",
          "n": 10,
          "pass@10": 0.0,
          "compile@10": 1.0,
          "facts@10": 0.0
        },
        {
          "task_key": "sigless_ac924360d8d0",
          "n": 10,
          "pass@10": 0.0,
          "compile@10": 1.0,
          "facts@10": 0.0
        },
        {
          "task_key": "sigless_9c7011b98aa7",
          "n": 10,
          "pass@10": 0.0,
          "compile@10": 1.0,
          "facts@10": 0.0
        },
        {
          "task_key": "sigless_d5f505726bee",
          "n": 10,
          "pass@10": 0.0,
          "compile@10": 1.0,
          "facts@10": 0.0
        },
        {
          "task_key": "sigless_856495da7ada",
          "n": 10,
          "pass@10": 0.0,
          "compile@10": 1.0,
          "facts@10": 0.0
        },
        {
          "task_key": "sigless_251bb89ff286",
          "n": 10,
          "pass@10": 0.0,
          "compile@10": 1.0,
          "facts@10": 0.0
        },
        {
          "task_key": "sigless_d312a6be99c4",
          "n": 10,
          "pass@10": 0.0,
          "compile@10": 1.0,
          "facts@10": 0.0
        },
        {
          "task_key": "sigless_7ec023aa5454",
          "n": 10,
          "pass@10": 0.0,
          "compile@10": 1.0,
          "facts@10": 0.0
        },
        {
          "task_key": "sigless_078e0387a63d",
          "n": 10,
          "pass@10": 0.0,
          "compile@10": 1.0,
          "facts@10": 0.0
        },
        {
          "task_key": "sigless_e90160151ca2",
          "n": 10,
          "pass@10": 0.0,
          "compile@10": 1.0,
          "facts@10": 0.0
        },
        {
          "task_key": "sigless_28a458a3dd3d",
          "n": 10,
          "pass@10": 0.0,
          "compile@10": 1.0,
          "facts@10": 0.0
        },
        {
          "task_key": "sigless_c8be86a792e2",
          "n": 10,
          "pass@10": 0.0,
          "compile@10": 1.0,
          "facts@10": 0.0
        },
        {
          "task_key": "sigless_c479573835c7",
          "n": 10,
          "pass@10": 0.0,
          "compile@10": 1.0,
          "facts@10": 0.0
        },
        {
          "task_key": "sigless_0f8be63943f9",
          "n": 10,
          "pass@10": 0.0,
          "compile@10": 1.0,
          "facts@10": 0.0
        },
        {
          "task_key": "sigless_bd884006b77d",
          "n": 10,
          "pass@10": 0.0,
          "compile@10": 1.0,
          "facts@10": 0.0
        },
        {
          "task_key": "sigless_da938c8ec837",
          "n": 10,
          "pass@10": 0.0,
          "compile@10": 1.0,
          "facts@10": 0.0
        },
        {
          "task_key": "sigless_24005a04c73d",
          "n": 10,
          "pass@10": 0.0,
          "compile@10": 1.0,
          "facts@10": 0.0
        },
        {
          "task_key": "sigless_693359d6dcdc",
          "n": 10,
          "pass@10": 0.0,
          "compile@10": 1.0,
          "facts@10": 0.0
        },
        {
          "task_key": "sigless_40fdecf7c930",
          "n": 10,
          "pass@10": 0.0,
          "compile@10": 1.0,
          "facts@10": 0.0
        },
        {
          "task_key": "sigless_8cecebd48e95",
          "n": 10,
          "pass@10": 0.0,
          "compile@10": 1.0,
          "facts@10": 0.0
        },
        {
          "task_key": "sigless_5657b211ea01",
          "n": 10,
          "pass@10": 0.0,
          "compile@10": 1.0,
          "facts@10": 0.0
        },
        {
          "task_key": "sigless_7236e6a6c952",
          "n": 10,
          "pass@10": 0.0,
          "compile@10": 1.0,
          "facts@10": 0.0
        },
        {
          "task_key": "sigless_887de1e56a3d",
          "n": 10,
          "pass@10": 0.0,
          "compile@10": 1.0,
          "facts@10": 0.0
        },
        {
          "task_key": "sigless_766c03a75fdf",
          "n": 10,
          "pass@10": 0.0,
          "compile@10": 1.0,
          "facts@10": 0.0
        },
        {
          "task_key": "sigless_da3eb223b92f",
          "n": 10,
          "pass@10": 0.0,
          "compile@10": 1.0,
          "facts@10": 0.0
        },
        {
          "task_key": "sigless_39dc520138ed",
          "n": 10,
          "pass@10": 0.0,
          "compile@10": 1.0,
          "facts@10": 0.0
        },
        {
          "task_key": "sigless_d5e02316471c",
          "n": 10,
          "pass@10": 0.0,
          "compile@10": 1.0,
          "facts@10": 0.0
        },
        {
          "task_key": "sigless_3b94e82a7db1",
          "n": 10,
          "pass@10": 0.0,
          "compile@10": 1.0,
          "facts@10": 0.0
        },
        {
          "task_key": "sigless_f69dc47b7647",
          "n": 10,
          "pass@10": 0.0,
          "compile@10": 1.0,
          "facts@10": 0.0
        },
        {
          "task_key": "sigless_cd4884f80608",
          "n": 10,
          "pass@10": 0.0,
          "compile@10": 1.0,
          "facts@10": 0.0
        },
        {
          "task_key": "sigless_61e260d0329e",
          "n": 10,
          "pass@10": 0.0,
          "compile@10": 1.0,
          "facts@10": 0.0
        },
        {
          "task_key": "sigless_1b05e8cae793",
          "n": 10,
          "pass@10": 0.0,
          "compile@10": 1.0,
          "facts@10": 0.0
        },
        {
          "task_key": "sigless_48f002c41b26",
          "n": 10,
          "pass@10": 0.0,
          "compile@10": 1.0,
          "facts@10": 0.0
        },
        {
          "task_key": "sigless_32b42a97f1be",
          "n": 10,
          "pass@10": 0.0,
          "compile@10": 1.0,
          "facts@10": 0.0
        },
        {
          "task_key": "sigless_bdab7e73bd57",
          "n": 10,
          "pass@10": 0.0,
          "compile@10": 1.0,
          "facts@10": 0.0
        },
        {
          "task_key": "sigless_55f5804993a6",
          "n": 10,
          "pass@10": 0.0,
          "compile@10": 1.0,
          "facts@10": 0.0
        },
        {
          "task_key": "sigless_c506f3d45dbf",
          "n": 10,
          "pass@10": 0.0,
          "compile@10": 1.0,
          "facts@10": 0.0
        },
        {
          "task_key": "sigless_5fe0f0f505de",
          "n": 10,
          "pass@10": 0.0,
          "compile@10": 1.0,
          "facts@10": 0.0
        },
        {
          "task_key": "sigless_aa2c5ee61156",
          "n": 10,
          "pass@10": 0.0,
          "compile@10": 1.0,
          "facts@10": 0.0
        },
        {
          "task_key": "sigless_aa54fea23359",
          "n": 10,
          "pass@10": 0.0,
          "compile@10": 1.0,
          "facts@10": 0.0
        },
        {
          "task_key": "sigless_1848f8a4fadb",
          "n": 10,
          "pass@10": 0.0,
          "compile@10": 1.0,
          "facts@10": 0.0
        },
        {
          "task_key": "sigless_4f59c078dbb3",
          "n": 10,
          "pass@10": 0.0,
          "compile@10": 1.0,
          "facts@10": 0.0
        },
        {
          "task_key": "sigless_3bcfd566827f",
          "n": 10,
          "pass@10": 0.0,
          "compile@10": 1.0,
          "facts@10": 0.0
        },
        {
          "task_key": "sigless_6c64ab901492",
          "n": 10,
          "pass@10": 0.0,
          "compile@10": 1.0,
          "facts@10": 0.0
        },
        {
          "task_key": "sigless_0e17d7a0c63a",
          "n": 10,
          "pass@10": 0.0,
          "compile@10": 1.0,
          "facts@10": 0.0
        },
        {
          "task_key": "sigless_2ca12ba49736",
          "n": 10,
          "pass@10": 0.0,
          "compile@10": 1.0,
          "facts@10": 0.0
        },
        {
          "task_key": "sigless_7e9c367b5d99",
          "n": 10,
          "pass@10": 0.0,
          "compile@10": 1.0,
          "facts@10": 0.0
        },
        {
          "task_key": "sigless_3b95913dd21e",
          "n": 10,
          "pass@10": 0.0,
          "compile@10": 1.0,
          "facts@10": 0.0
        },
        {
          "task_key": "sigless_fc95276d49fa",
          "n": 10,
          "pass@10": 0.0,
          "compile@10": 1.0,
          "facts@10": 0.0
        },
        {
          "task_key": "sigless_094029cfbd6d",
          "n": 10,
          "pass@10": 0.0,
          "compile@10": 1.0,
          "facts@10": 0.0
        },
        {
          "task_key": "sigless_e0584cff0816",
          "n": 10,
          "pass@10": 0.0,
          "compile@10": 1.0,
          "facts@10": 0.0
        },
        {
          "task_key": "sigless_45a96ee1ce2c",
          "n": 10,
          "pass@10": 0.0,
          "compile@10": 1.0,
          "facts@10": 0.0
        },
        {
          "task_key": "sigless_611d8b0907c8",
          "n": 10,
          "pass@10": 0.0,
          "compile@10": 1.0,
          "facts@10": 0.0
        },
        {
          "task_key": "sigless_afafa39351cc",
          "n": 10,
          "pass@10": 0.0,
          "compile@10": 1.0,
          "facts@10": 0.0
        },
        {
          "task_key": "sigless_aaf8a2406e15",
          "n": 10,
          "pass@10": 0.0,
          "compile@10": 1.0,
          "facts@10": 0.0
        },
        {
          "task_key": "sigless_1d5627318cb8",
          "n": 10,
          "pass@10": 0.0,
          "compile@10": 1.0,
          "facts@10": 0.0
        },
        {
          "task_key": "sigless_8c1177b585d3",
          "n": 10,
          "pass@10": 0.0,
          "compile@10": 1.0,
          "facts@10": 0.0
        },
        {
          "task_key": "sigless_7c1a8697e13a",
          "n": 10,
          "pass@10": 0.0,
          "compile@10": 1.0,
          "facts@10": 0.0
        },
        {
          "task_key": "sigless_32f2b8ea495e",
          "n": 10,
          "pass@10": 0.0,
          "compile@10": 1.0,
          "facts@10": 0.0
        },
        {
          "task_key": "sigless_a9b8d2a06a7b",
          "n": 10,
          "pass@10": 0.0,
          "compile@10": 1.0,
          "facts@10": 0.0
        },
        {
          "task_key": "sigless_9b6cd2315cf6",
          "n": 10,
          "pass@10": 0.0,
          "compile@10": 1.0,
          "facts@10": 0.0
        },
        {
          "task_key": "sigless_468f9c28192a",
          "n": 10,
          "pass@10": 0.0,
          "compile@10": 1.0,
          "facts@10": 0.0
        },
        {
          "task_key": "sigless_6dbacf47fbdc",
          "n": 10,
          "pass@10": 0.0,
          "compile@10": 1.0,
          "facts@10": 0.0
        },
        {
          "task_key": "sigless_6653a7b01405",
          "n": 10,
          "pass@10": 0.0,
          "compile@10": 1.0,
          "facts@10": 0.0
        },
        {
          "task_key": "sigless_46c1e87e951d",
          "n": 10,
          "pass@10": 0.0,
          "compile@10": 1.0,
          "facts@10": 0.0
        },
        {
          "task_key": "sigless_9065c1235bb0",
          "n": 10,
          "pass@10": 0.0,
          "compile@10": 1.0,
          "facts@10": 0.0
        },
        {
          "task_key": "sigless_3477cb846c73",
          "n": 10,
          "pass@10": 0.0,
          "compile@10": 1.0,
          "facts@10": 0.0
        },
        {
          "task_key": "sigless_6137a466801a",
          "n": 10,
          "pass@10": 0.0,
          "compile@10": 1.0,
          "facts@10": 0.0
        },
        {
          "task_key": "sigless_eb153fa6decd",
          "n": 10,
          "pass@10": 0.0,
          "compile@10": 1.0,
          "facts@10": 0.0
        },
        {
          "task_key": "sigless_567907c17adc",
          "n": 10,
          "pass@10": 0.0,
          "compile@10": 1.0,
          "facts@10": 0.0
        },
        {
          "task_key": "sigless_8d5280ab6de8",
          "n": 10,
          "pass@10": 0.0,
          "compile@10": 1.0,
          "facts@10": 0.0
        },
        {
          "task_key": "sigless_2b9f3e41dab0",
          "n": 10,
          "pass@10": 0.0,
          "compile@10": 1.0,
          "facts@10": 0.0
        },
        {
          "task_key": "sigless_816fc29f1f54",
          "n": 10,
          "pass@10": 0.0,
          "compile@10": 1.0,
          "facts@10": 0.0
        },
        {
          "task_key": "sigless_9eebadbf0966",
          "n": 10,
          "pass@10": 0.0,
          "compile@10": 1.0,
          "facts@10": 0.0
        },
        {
          "task_key": "sigless_3751a7b4226e",
          "n": 10,
          "pass@10": 0.0,
          "compile@10": 1.0,
          "facts@10": 0.0
        },
        {
          "task_key": "sigless_077cbee75c21",
          "n": 10,
          "pass@10": 0.0,
          "compile@10": 1.0,
          "facts@10": 0.0
        },
        {
          "task_key": "sigless_7bd34a18b126",
          "n": 10,
          "pass@10": 0.0,
          "compile@10": 1.0,
          "facts@10": 0.0
        },
        {
          "task_key": "sigless_80931d6275f0",
          "n": 10,
          "pass@10": 0.0,
          "compile@10": 1.0,
          "facts@10": 0.0
        },
        {
          "task_key": "sigless_72b78a5a4dca",
          "n": 10,
          "pass@10": 0.0,
          "compile@10": 1.0,
          "facts@10": 0.0
        },
        {
          "task_key": "sigless_c5a71755a377",
          "n": 10,
          "pass@10": 0.0,
          "compile@10": 1.0,
          "facts@10": 0.0
        },
        {
          "task_key": "sigless_8910fffbfa89",
          "n": 10,
          "pass@10": 0.0,
          "compile@10": 1.0,
          "facts@10": 0.0
        },
        {
          "task_key": "sigless_3c8f6582cbd5",
          "n": 10,
          "pass@10": 0.0,
          "compile@10": 1.0,
          "facts@10": 0.0
        },
        {
          "task_key": "sigless_a92da3de94b3",
          "n": 10,
          "pass@10": 0.0,
          "compile@10": 1.0,
          "facts@10": 0.0
        },
        {
          "task_key": "sigless_54718c567d29",
          "n": 10,
          "pass@10": 0.0,
          "compile@10": 1.0,
          "facts@10": 0.0
        },
        {
          "task_key": "sigless_aa908c9f6fcf",
          "n": 10,
          "pass@10": 0.0,
          "compile@10": 1.0,
          "facts@10": 0.0
        },
        {
          "task_key": "sigless_df16d8bb330c",
          "n": 10,
          "pass@10": 0.0,
          "compile@10": 1.0,
          "facts@10": 0.0
        },
        {
          "task_key": "sigless_f701382ad258",
          "n": 10,
          "pass@10": 0.0,
          "compile@10": 1.0,
          "facts@10": 0.0
        },
        {
          "task_key": "sigless_f7c02fa0ff84",
          "n": 10,
          "pass@10": 0.0,
          "compile@10": 1.0,
          "facts@10": 0.0
        },
        {
          "task_key": "sigless_34eb1874db32",
          "n": 10,
          "pass@10": 0.0,
          "compile@10": 1.0,
          "facts@10": 0.0
        },
        {
          "task_key": "sigless_cedea9bb57b4",
          "n": 10,
          "pass@10": 0.0,
          "compile@10": 1.0,
          "facts@10": 0.0
        },
        {
          "task_key": "sigless_ebd37dac0eb4",
          "n": 10,
          "pass@10": 0.0,
          "compile@10": 1.0,
          "facts@10": 0.0
        },
        {
          "task_key": "sigless_28ee3efc1e69",
          "n": 10,
          "pass@10": 0.0,
          "compile@10": 1.0,
          "facts@10": 0.0
        },
        {
          "task_key": "sigless_22e823c453e9",
          "n": 10,
          "pass@10": 0.0,
          "compile@10": 1.0,
          "facts@10": 0.0
        },
        {
          "task_key": "sigless_08e2cf400688",
          "n": 10,
          "pass@10": 0.0,
          "compile@10": 1.0,
          "facts@10": 0.0
        },
        {
          "task_key": "sigless_a7d3fdca5a88",
          "n": 10,
          "pass@10": 0.0,
          "compile@10": 1.0,
          "facts@10": 0.0
        },
        {
          "task_key": "sigless_acf10aa981d9",
          "n": 10,
          "pass@10": 0.0,
          "compile@10": 1.0,
          "facts@10": 0.0
        },
        {
          "task_key": "sigless_7b11a134aade",
          "n": 10,
          "pass@10": 0.0,
          "compile@10": 1.0,
          "facts@10": 0.0
        },
        {
          "task_key": "sigless_32764371aad2",
          "n": 10,
          "pass@10": 0.0,
          "compile@10": 1.0,
          "facts@10": 0.0
        },
        {
          "task_key": "sigless_e6da20659972",
          "n": 10,
          "pass@10": 0.0,
          "compile@10": 1.0,
          "facts@10": 0.0
        },
        {
          "task_key": "sigless_242eb7836088",
          "n": 10,
          "pass@10": 0.0,
          "compile@10": 1.0,
          "facts@10": 0.0
        },
        {
          "task_key": "sigless_cad1e080dfcc",
          "n": 10,
          "pass@10": 0.0,
          "compile@10": 1.0,
          "facts@10": 0.0
        },
        {
          "task_key": "sigless_58c9493e7045",
          "n": 10,
          "pass@10": 0.0,
          "compile@10": 1.0,
          "facts@10": 0.0
        },
        {
          "task_key": "sigless_ada0dfa1f2f5",
          "n": 10,
          "pass@10": 0.0,
          "compile@10": 1.0,
          "facts@10": 0.0
        },
        {
          "task_key": "sigless_5feeac8a22d9",
          "n": 10,
          "pass@10": 0.0,
          "compile@10": 1.0,
          "facts@10": 0.0
        },
        {
          "task_key": "sigless_bf56bc4f6b5c",
          "n": 10,
          "pass@10": 0.0,
          "compile@10": 1.0,
          "facts@10": 0.0
        },
        {
          "task_key": "sigless_c84ad8185daf",
          "n": 10,
          "pass@10": 0.0,
          "compile@10": 1.0,
          "facts@10": 0.0
        },
        {
          "task_key": "sigless_f6bf311895a9",
          "n": 10,
          "pass@10": 0.0,
          "compile@10": 1.0,
          "facts@10": 0.0
        },
        {
          "task_key": "sigless_ad752712fb1b",
          "n": 10,
          "pass@10": 0.0,
          "compile@10": 1.0,
          "facts@10": 0.0
        },
        {
          "task_key": "sigless_f514708b22c3",
          "n": 10,
          "pass@10": 0.0,
          "compile@10": 1.0,
          "facts@10": 0.0
        },
        {
          "task_key": "sigless_96bbfe276e55",
          "n": 10,
          "pass@10": 0.0,
          "compile@10": 1.0,
          "facts@10": 0.0
        },
        {
          "task_key": "sigless_09cd034aaea0",
          "n": 10,
          "pass@10": 0.0,
          "compile@10": 1.0,
          "facts@10": 0.0
        },
        {
          "task_key": "sigless_5bc0d4090303",
          "n": 10,
          "pass@10": 0.0,
          "compile@10": 1.0,
          "facts@10": 0.0
        },
        {
          "task_key": "sigless_41d93a3f0a7f",
          "n": 10,
          "pass@10": 0.0,
          "compile@10": 1.0,
          "facts@10": 0.0
        },
        {
          "task_key": "sigless_c8ac074e3ef5",
          "n": 10,
          "pass@10": 0.0,
          "compile@10": 1.0,
          "facts@10": 0.0
        },
        {
          "task_key": "sigless_725d6f6c2445",
          "n": 10,
          "pass@10": 0.0,
          "compile@10": 1.0,
          "facts@10": 0.0
        },
        {
          "task_key": "sigless_b56c4c95e504",
          "n": 10,
          "pass@10": 0.0,
          "compile@10": 1.0,
          "facts@10": 0.0
        },
        {
          "task_key": "sigless_d36d60ca0607",
          "n": 10,
          "pass@10": 0.0,
          "compile@10": 1.0,
          "facts@10": 0.0
        },
        {
          "task_key": "sigless_aa90fa9fe4da",
          "n": 10,
          "pass@10": 0.0,
          "compile@10": 1.0,
          "facts@10": 0.0
        },
        {
          "task_key": "sigless_49e496017b9e",
          "n": 10,
          "pass@10": 0.0,
          "compile@10": 1.0,
          "facts@10": 0.0
        },
        {
          "task_key": "sigless_8f40c3a3a325",
          "n": 10,
          "pass@10": 0.0,
          "compile@10": 1.0,
          "facts@10": 0.0
        },
        {
          "task_key": "sigless_d0184dea0cb3",
          "n": 10,
          "pass@10": 0.0,
          "compile@10": 1.0,
          "facts@10": 0.0
        },
        {
          "task_key": "sigless_bed3ad890ead",
          "n": 10,
          "pass@10": 0.0,
          "compile@10": 1.0,
          "facts@10": 0.0
        },
        {
          "task_key": "sigless_93a7b2d49188",
          "n": 10,
          "pass@10": 0.0,
          "compile@10": 1.0,
          "facts@10": 0.0
        },
        {
          "task_key": "sigless_0689b540dadc",
          "n": 10,
          "pass@10": 0.0,
          "compile@10": 1.0,
          "facts@10": 0.0
        },
        {
          "task_key": "sigless_16662508aabf",
          "n": 10,
          "pass@10": 0.0,
          "compile@10": 1.0,
          "facts@10": 0.0
        },
        {
          "task_key": "sigless_d9459bc02b27",
          "n": 10,
          "pass@10": 0.0,
          "compile@10": 1.0,
          "facts@10": 0.0
        },
        {
          "task_key": "sigless_f6a02366ce91",
          "n": 10,
          "pass@10": 0.0,
          "compile@10": 1.0,
          "facts@10": 0.0
        },
        {
          "task_key": "sigless_26ac4a00e81d",
          "n": 10,
          "pass@10": 0.0,
          "compile@10": 1.0,
          "facts@10": 0.0
        },
        {
          "task_key": "sigless_a0b0360f4dd5",
          "n": 10,
          "pass@10": 0.0,
          "compile@10": 1.0,
          "facts@10": 0.0
        },
        {
          "task_key": "sigless_bf128b6951a1",
          "n": 10,
          "pass@10": 0.0,
          "compile@10": 1.0,
          "facts@10": 0.0
        },
        {
          "task_key": "sigless_a917bfa2210a",
          "n": 10,
          "pass@10": 0.0,
          "compile@10": 1.0,
          "facts@10": 0.0
        },
        {
          "task_key": "sigless_223268bc745d",
          "n": 10,
          "pass@10": 0.0,
          "compile@10": 1.0,
          "facts@10": 0.0
        },
        {
          "task_key": "sigless_4ec22523397e",
          "n": 10,
          "pass@10": 0.0,
          "compile@10": 1.0,
          "facts@10": 0.0
        },
        {
          "task_key": "sigless_dc01da6f3637",
          "n": 10,
          "pass@10": 0.0,
          "compile@10": 1.0,
          "facts@10": 0.0
        },
        {
          "task_key": "sigless_3c48424dcffb",
          "n": 10,
          "pass@10": 0.0,
          "compile@10": 1.0,
          "facts@10": 0.0
        },
        {
          "task_key": "sigless_0d334fba07b8",
          "n": 10,
          "pass@10": 0.0,
          "compile@10": 1.0,
          "facts@10": 0.0
        },
        {
          "task_key": "sigless_4c8751ce14b4",
          "n": 10,
          "pass@10": 0.0,
          "compile@10": 1.0,
          "facts@10": 0.0
        },
        {
          "task_key": "sigless_f3f817fc3903",
          "n": 10,
          "pass@10": 0.0,
          "compile@10": 1.0,
          "facts@10": 0.0
        },
        {
          "task_key": "sigless_7ab18552885b",
          "n": 10,
          "pass@10": 0.0,
          "compile@10": 1.0,
          "facts@10": 0.0
        },
        {
          "task_key": "sigless_281afb93c845",
          "n": 10,
          "pass@10": 0.0,
          "compile@10": 1.0,
          "facts@10": 0.0
        },
        {
          "task_key": "sigless_24b31001b003",
          "n": 10,
          "pass@10": 0.0,
          "compile@10": 1.0,
          "facts@10": 0.0
        },
        {
          "task_key": "sigless_c2b7dcf65eb5",
          "n": 10,
          "pass@10": 0.0,
          "compile@10": 1.0,
          "facts@10": 0.0
        },
        {
          "task_key": "sigless_902b80fff5b5",
          "n": 10,
          "pass@10": 0.0,
          "compile@10": 1.0,
          "facts@10": 0.0
        },
        {
          "task_key": "sigless_851b2a6276fe",
          "n": 10,
          "pass@10": 0.0,
          "compile@10": 1.0,
          "facts@10": 0.0
        },
        {
          "task_key": "sigless_86c82dc144b0",
          "n": 10,
          "pass@10": 0.0,
          "compile@10": 1.0,
          "facts@10": 0.0
        },
        {
          "task_key": "sigless_c2deb4325727",
          "n": 10,
          "pass@10": 0.0,
          "compile@10": 1.0,
          "facts@10": 0.0
        },
        {
          "task_key": "sigless_0f224c564d47",
          "n": 10,
          "pass@10": 0.0,
          "compile@10": 1.0,
          "facts@10": 0.0
        },
        {
          "task_key": "sigless_850f0cba94ee",
          "n": 10,
          "pass@10": 0.0,
          "compile@10": 1.0,
          "facts@10": 0.0
        },
        {
          "task_key": "sigless_36af6bea8040",
          "n": 10,
          "pass@10": 0.0,
          "compile@10": 1.0,
          "facts@10": 0.0
        },
        {
          "task_key": "sigless_0a2a5d0b4fba",
          "n": 10,
          "pass@10": 0.0,
          "compile@10": 1.0,
          "facts@10": 0.0
        },
        {
          "task_key": "sigless_ea13638597d9",
          "n": 10,
          "pass@10": 0.0,
          "compile@10": 1.0,
          "facts@10": 0.0
        },
        {
          "task_key": "sigless_d58e0cbe345f",
          "n": 10,
          "pass@10": 0.0,
          "compile@10": 1.0,
          "facts@10": 0.0
        },
        {
          "task_key": "sigless_2eba1849841f",
          "n": 10,
          "pass@10": 0.0,
          "compile@10": 1.0,
          "facts@10": 0.0
        },
        {
          "task_key": "sigless_94be97bf6bc9",
          "n": 10,
          "pass@10": 0.0,
          "compile@10": 1.0,
          "facts@10": 0.0
        },
        {
          "task_key": "sigless_ac38a153e298",
          "n": 10,
          "pass@10": 0.0,
          "compile@10": 1.0,
          "facts@10": 0.0
        },
        {
          "task_key": "sigless_74a8683d28b7",
          "n": 10,
          "pass@10": 0.0,
          "compile@10": 1.0,
          "facts@10": 0.0
        },
        {
          "task_key": "sigless_3d1a89814430",
          "n": 10,
          "pass@10": 0.0,
          "compile@10": 1.0,
          "facts@10": 0.0
        },
        {
          "task_key": "sigless_fd2dab7e0235",
          "n": 10,
          "pass@10": 0.0,
          "compile@10": 1.0,
          "facts@10": 0.0
        },
        {
          "task_key": "sigless_3e3d25a37c3e",
          "n": 10,
          "pass@10": 0.0,
          "compile@10": 1.0,
          "facts@10": 0.0
        },
        {
          "task_key": "sigless_012c7b64cd1e",
          "n": 10,
          "pass@10": 0.0,
          "compile@10": 1.0,
          "facts@10": 0.0
        },
        {
          "task_key": "sigless_c5d69f4385dd",
          "n": 10,
          "pass@10": 0.0,
          "compile@10": 1.0,
          "facts@10": 0.0
        },
        {
          "task_key": "sigless_fd9b5c34b682",
          "n": 10,
          "pass@10": 0.0,
          "compile@10": 1.0,
          "facts@10": 0.0
        },
        {
          "task_key": "sigless_a5627fd985ed",
          "n": 10,
          "pass@10": 0.0,
          "compile@10": 1.0,
          "facts@10": 0.0
        },
        {
          "task_key": "sigless_cb299729c415",
          "n": 10,
          "pass@10": 0.0,
          "compile@10": 1.0,
          "facts@10": 0.0
        },
        {
          "task_key": "sigless_c410475f2267",
          "n": 10,
          "pass@10": 0.0,
          "compile@10": 1.0,
          "facts@10": 0.0
        },
        {
          "task_key": "sigless_81162dd70cff",
          "n": 10,
          "pass@10": 0.0,
          "compile@10": 1.0,
          "facts@10": 0.0
        },
        {
          "task_key": "sigless_9f72e1de2b88",
          "n": 10,
          "pass@10": 0.0,
          "compile@10": 1.0,
          "facts@10": 0.0
        },
        {
          "task_key": "sigless_ab052d24c402",
          "n": 10,
          "pass@10": 0.0,
          "compile@10": 1.0,
          "facts@10": 0.0
        },
        {
          "task_key": "sigless_ee48a457df4d",
          "n": 10,
          "pass@10": 0.0,
          "compile@10": 1.0,
          "facts@10": 0.0
        },
        {
          "task_key": "sigless_b900435bac8f",
          "n": 10,
          "pass@10": 0.0,
          "compile@10": 1.0,
          "facts@10": 0.0
        },
        {
          "task_key": "sigless_1dc0892b9294",
          "n": 10,
          "pass@10": 0.0,
          "compile@10": 1.0,
          "facts@10": 0.0
        },
        {
          "task_key": "sigless_0f676d9dd799",
          "n": 10,
          "pass@10": 0.0,
          "compile@10": 1.0,
          "facts@10": 0.0
        },
        {
          "task_key": "sigless_46b923d9a415",
          "n": 10,
          "pass@10": 0.0,
          "compile@10": 1.0,
          "facts@10": 0.0
        },
        {
          "task_key": "sigless_a7077836c395",
          "n": 10,
          "pass@10": 0.0,
          "compile@10": 1.0,
          "facts@10": 0.0
        },
        {
          "task_key": "sigless_9a61c22db822",
          "n": 10,
          "pass@10": 0.0,
          "compile@10": 1.0,
          "facts@10": 0.0
        },
        {
          "task_key": "sigless_a320a4962b0a",
          "n": 10,
          "pass@10": 0.0,
          "compile@10": 1.0,
          "facts@10": 0.0
        },
        {
          "task_key": "sigless_204516bc342b",
          "n": 10,
          "pass@10": 0.0,
          "compile@10": 1.0,
          "facts@10": 0.0
        },
        {
          "task_key": "sigless_81b0d79e6290",
          "n": 10,
          "pass@10": 0.0,
          "compile@10": 1.0,
          "facts@10": 0.0
        },
        {
          "task_key": "sigless_e77e08adc44f",
          "n": 10,
          "pass@10": 0.0,
          "compile@10": 1.0,
          "facts@10": 0.0
        },
        {
          "task_key": "sigless_1583d7d4955d",
          "n": 10,
          "pass@10": 0.0,
          "compile@10": 1.0,
          "facts@10": 0.0
        },
        {
          "task_key": "sigless_d932c2f041ab",
          "n": 10,
          "pass@10": 0.0,
          "compile@10": 1.0,
          "facts@10": 0.0
        },
        {
          "task_key": "sigless_017735ac85d8",
          "n": 10,
          "pass@10": 0.0,
          "compile@10": 1.0,
          "facts@10": 0.0
        },
        {
          "task_key": "sigless_8aac1f98ef36",
          "n": 10,
          "pass@10": 0.0,
          "compile@10": 1.0,
          "facts@10": 0.0
        },
        {
          "task_key": "sigless_c3c37fc844bf",
          "n": 10,
          "pass@10": 0.0,
          "compile@10": 1.0,
          "facts@10": 0.0
        },
        {
          "task_key": "sigless_18dac3bddab9",
          "n": 10,
          "pass@10": 0.0,
          "compile@10": 1.0,
          "facts@10": 0.0
        },
        {
          "task_key": "sigless_bbfa260f5e8f",
          "n": 10,
          "pass@10": 0.0,
          "compile@10": 1.0,
          "facts@10": 0.0
        },
        {
          "task_key": "sigless_dbc5cddf48e5",
          "n": 10,
          "pass@10": 0.0,
          "compile@10": 1.0,
          "facts@10": 0.0
        },
        {
          "task_key": "sigless_ec028412016f",
          "n": 10,
          "pass@10": 0.0,
          "compile@10": 1.0,
          "facts@10": 0.0
        },
        {
          "task_key": "sigless_f4cdbd8aca6c",
          "n": 10,
          "pass@10": 0.0,
          "compile@10": 1.0,
          "facts@10": 0.0
        },
        {
          "task_key": "sigless_243a175a4665",
          "n": 10,
          "pass@10": 0.0,
          "compile@10": 1.0,
          "facts@10": 0.0
        },
        {
          "task_key": "sigless_204f18d667a7",
          "n": 10,
          "pass@10": 0.0,
          "compile@10": 1.0,
          "facts@10": 0.0
        },
        {
          "task_key": "sigless_10b779e8ccb8",
          "n": 10,
          "pass@10": 0.0,
          "compile@10": 1.0,
          "facts@10": 0.0
        },
        {
          "task_key": "sigless_2c7c5fe7a31d",
          "n": 10,
          "pass@10": 0.0,
          "compile@10": 1.0,
          "facts@10": 0.0
        },
        {
          "task_key": "sigless_7fb1d39c8df3",
          "n": 10,
          "pass@10": 0.0,
          "compile@10": 1.0,
          "facts@10": 0.0
        },
        {
          "task_key": "sigless_2be23781d18d",
          "n": 10,
          "pass@10": 0.0,
          "compile@10": 1.0,
          "facts@10": 0.0
        },
        {
          "task_key": "sigless_2f994c6ed6d6",
          "n": 10,
          "pass@10": 0.0,
          "compile@10": 1.0,
          "facts@10": 0.0
        },
        {
          "task_key": "sigless_f1f72f5d0c07",
          "n": 10,
          "pass@10": 0.0,
          "compile@10": 1.0,
          "facts@10": 0.0
        },
        {
          "task_key": "sigless_9548a0e1a20a",
          "n": 10,
          "pass@10": 0.0,
          "compile@10": 1.0,
          "facts@10": 0.0
        },
        {
          "task_key": "sigless_7f22ce24fcb6",
          "n": 10,
          "pass@10": 0.0,
          "compile@10": 1.0,
          "facts@10": 0.0
        },
        {
          "task_key": "sigless_2f2d14b83e4b",
          "n": 10,
          "pass@10": 0.0,
          "compile@10": 1.0,
          "facts@10": 0.0
        },
        {
          "task_key": "sigless_33758c100f57",
          "n": 10,
          "pass@10": 0.0,
          "compile@10": 1.0,
          "facts@10": 0.0
        },
        {
          "task_key": "sigless_43a9b73f7242",
          "n": 10,
          "pass@10": 0.0,
          "compile@10": 1.0,
          "facts@10": 0.0
        },
        {
          "task_key": "sigless_d41223e60e42",
          "n": 10,
          "pass@10": 0.0,
          "compile@10": 1.0,
          "facts@10": 0.0
        },
        {
          "task_key": "sigless_26289372482a",
          "n": 10,
          "pass@10": 0.0,
          "compile@10": 1.0,
          "facts@10": 0.0
        },
        {
          "task_key": "sigless_6b519088b600",
          "n": 10,
          "pass@10": 0.0,
          "compile@10": 1.0,
          "facts@10": 0.0
        },
        {
          "task_key": "sigless_fb9b2485ae9b",
          "n": 10,
          "pass@10": 0.0,
          "compile@10": 1.0,
          "facts@10": 0.0
        },
        {
          "task_key": "sigless_2219e85f0b2b",
          "n": 10,
          "pass@10": 0.0,
          "compile@10": 1.0,
          "facts@10": 0.0
        },
        {
          "task_key": "sigless_990aa63bb472",
          "n": 10,
          "pass@10": 0.0,
          "compile@10": 1.0,
          "facts@10": 0.0
        },
        {
          "task_key": "sigless_87d68cc53b59",
          "n": 10,
          "pass@10": 0.0,
          "compile@10": 1.0,
          "facts@10": 0.0
        },
        {
          "task_key": "sigless_57ff19c15e0b",
          "n": 10,
          "pass@10": 0.0,
          "compile@10": 1.0,
          "facts@10": 0.0
        },
        {
          "task_key": "sigless_507f37bcd84f",
          "n": 10,
          "pass@10": 0.0,
          "compile@10": 1.0,
          "facts@10": 0.0
        },
        {
          "task_key": "sigless_8c102623e031",
          "n": 10,
          "pass@10": 0.0,
          "compile@10": 1.0,
          "facts@10": 0.0
        },
        {
          "task_key": "sigless_13a6dd86ec41",
          "n": 10,
          "pass@10": 0.0,
          "compile@10": 1.0,
          "facts@10": 0.0
        },
        {
          "task_key": "sigless_cc51ad00e22d",
          "n": 10,
          "pass@10": 0.0,
          "compile@10": 1.0,
          "facts@10": 0.0
        },
        {
          "task_key": "sigless_33b2d425b893",
          "n": 10,
          "pass@10": 0.0,
          "compile@10": 1.0,
          "facts@10": 0.0
        },
        {
          "task_key": "sigless_d536c0559b07",
          "n": 10,
          "pass@10": 0.0,
          "compile@10": 1.0,
          "facts@10": 0.0
        },
        {
          "task_key": "sigless_eb2d20bf5ef5",
          "n": 10,
          "pass@10": 0.0,
          "compile@10": 1.0,
          "facts@10": 0.0
        },
        {
          "task_key": "sigless_caa7fac6b703",
          "n": 10,
          "pass@10": 0.0,
          "compile@10": 1.0,
          "facts@10": 0.0
        },
        {
          "task_key": "sigless_1c1c06b969c0",
          "n": 10,
          "pass@10": 0.0,
          "compile@10": 1.0,
          "facts@10": 0.0
        },
        {
          "task_key": "sigless_e27888d66d53",
          "n": 10,
          "pass@10": 0.0,
          "compile@10": 1.0,
          "facts@10": 0.0
        },
        {
          "task_key": "sigless_8254cbec5078",
          "n": 10,
          "pass@10": 0.0,
          "compile@10": 1.0,
          "facts@10": 0.0
        },
        {
          "task_key": "sigless_71145e5c2472",
          "n": 10,
          "pass@10": 0.0,
          "compile@10": 1.0,
          "facts@10": 0.0
        },
        {
          "task_key": "sigless_9f37196b8e35",
          "n": 10,
          "pass@10": 0.0,
          "compile@10": 1.0,
          "facts@10": 0.0
        },
        {
          "task_key": "sigless_77029958b042",
          "n": 10,
          "pass@10": 0.0,
          "compile@10": 1.0,
          "facts@10": 0.0
        },
        {
          "task_key": "sigless_ff02c3c2ea99",
          "n": 10,
          "pass@10": 0.0,
          "compile@10": 1.0,
          "facts@10": 0.0
        },
        {
          "task_key": "sigless_42238084b7bb",
          "n": 10,
          "pass@10": 0.0,
          "compile@10": 1.0,
          "facts@10": 0.0
        },
        {
          "task_key": "sigless_8e3a3ae831b8",
          "n": 10,
          "pass@10": 0.0,
          "compile@10": 1.0,
          "facts@10": 0.0
        },
        {
          "task_key": "sigless_542df42d457e",
          "n": 10,
          "pass@10": 0.0,
          "compile@10": 1.0,
          "facts@10": 0.0
        },
        {
          "task_key": "sigless_b58dcc604aa0",
          "n": 10,
          "pass@10": 0.0,
          "compile@10": 1.0,
          "facts@10": 0.0
        },
        {
          "task_key": "sigless_27b77840b581",
          "n": 10,
          "pass@10": 0.0,
          "compile@10": 1.0,
          "facts@10": 0.0
        },
        {
          "task_key": "sigless_0fbd54b0ca72",
          "n": 10,
          "pass@10": 0.0,
          "compile@10": 1.0,
          "facts@10": 0.0
        },
        {
          "task_key": "sigless_0ae891d93af5",
          "n": 10,
          "pass@10": 0.0,
          "compile@10": 1.0,
          "facts@10": 0.0
        },
        {
          "task_key": "sigless_493855bb945d",
          "n": 10,
          "pass@10": 0.0,
          "compile@10": 1.0,
          "facts@10": 0.0
        },
        {
          "task_key": "sigless_09cdf62c0bfe",
          "n": 10,
          "pass@10": 0.0,
          "compile@10": 1.0,
          "facts@10": 0.0
        },
        {
          "task_key": "sigless_38cedfaa2da9",
          "n": 10,
          "pass@10": 0.0,
          "compile@10": 1.0,
          "facts@10": 0.0
        },
        {
          "task_key": "sigless_d4daa2ae7d85",
          "n": 10,
          "pass@10": 0.0,
          "compile@10": 1.0,
          "facts@10": 0.0
        },
        {
          "task_key": "sigless_ee9fdc1b7495",
          "n": 10,
          "pass@10": 0.0,
          "compile@10": 1.0,
          "facts@10": 0.0
        },
        {
          "task_key": "sigless_e7ecd405199f",
          "n": 10,
          "pass@10": 0.0,
          "compile@10": 1.0,
          "facts@10": 0.0
        },
        {
          "task_key": "sigless_66cbcf809b6c",
          "n": 10,
          "pass@10": 0.0,
          "compile@10": 1.0,
          "facts@10": 0.0
        },
        {
          "task_key": "sigless_c93235045109",
          "n": 10,
          "pass@10": 0.0,
          "compile@10": 1.0,
          "facts@10": 0.0
        },
        {
          "task_key": "sigless_27553d88bf64",
          "n": 10,
          "pass@10": 0.0,
          "compile@10": 1.0,
          "facts@10": 0.0
        },
        {
          "task_key": "sigless_d7dc17745fd1",
          "n": 10,
          "pass@10": 0.0,
          "compile@10": 1.0,
          "facts@10": 0.0
        },
        {
          "task_key": "sigless_bbb0a7dd2e47",
          "n": 10,
          "pass@10": 0.0,
          "compile@10": 1.0,
          "facts@10": 0.0
        },
        {
          "task_key": "sigless_6c5caceb9a4a",
          "n": 10,
          "pass@10": 0.0,
          "compile@10": 1.0,
          "facts@10": 0.0
        },
        {
          "task_key": "sigless_cee85a147e0f",
          "n": 10,
          "pass@10": 0.0,
          "compile@10": 1.0,
          "facts@10": 0.0
        },
        {
          "task_key": "sigless_e125bfa46108",
          "n": 10,
          "pass@10": 0.0,
          "compile@10": 1.0,
          "facts@10": 0.0
        },
        {
          "task_key": "sigless_ce27c419ed4f",
          "n": 10,
          "pass@10": 0.0,
          "compile@10": 1.0,
          "facts@10": 0.0
        },
        {
          "task_key": "sigless_3a42b341cb0d",
          "n": 10,
          "pass@10": 0.0,
          "compile@10": 1.0,
          "facts@10": 0.0
        },
        {
          "task_key": "sigless_67a96a7b9e59",
          "n": 10,
          "pass@10": 0.0,
          "compile@10": 1.0,
          "facts@10": 0.0
        },
        {
          "task_key": "sigless_17f5e0def6d4",
          "n": 10,
          "pass@10": 0.0,
          "compile@10": 1.0,
          "facts@10": 0.0
        },
        {
          "task_key": "sigless_1145f6db3531",
          "n": 10,
          "pass@10": 0.0,
          "compile@10": 1.0,
          "facts@10": 0.0
        },
        {
          "task_key": "sigless_0f200e6664e6",
          "n": 10,
          "pass@10": 0.0,
          "compile@10": 1.0,
          "facts@10": 0.0
        },
        {
          "task_key": "sigless_3929799ed687",
          "n": 10,
          "pass@10": 0.0,
          "compile@10": 1.0,
          "facts@10": 0.0
        },
        {
          "task_key": "sigless_9c432f45ea27",
          "n": 10,
          "pass@10": 0.0,
          "compile@10": 1.0,
          "facts@10": 0.0
        },
        {
          "task_key": "sigless_4af6720f4362",
          "n": 10,
          "pass@10": 0.0,
          "compile@10": 1.0,
          "facts@10": 0.0
        },
        {
          "task_key": "sigless_f87c1c2ffb3c",
          "n": 10,
          "pass@10": 0.0,
          "compile@10": 1.0,
          "facts@10": 0.0
        },
        {
          "task_key": "sigless_2be8c75a3073",
          "n": 10,
          "pass@10": 0.0,
          "compile@10": 1.0,
          "facts@10": 0.0
        },
        {
          "task_key": "sigless_c64b41f948ee",
          "n": 10,
          "pass@10": 0.0,
          "compile@10": 1.0,
          "facts@10": 0.0
        },
        {
          "task_key": "sigless_3fa9d7070871",
          "n": 10,
          "pass@10": 0.0,
          "compile@10": 1.0,
          "facts@10": 0.0
        },
        {
          "task_key": "sigless_4d39b056ad31",
          "n": 10,
          "pass@10": 0.0,
          "compile@10": 1.0,
          "facts@10": 0.0
        },
        {
          "task_key": "sigless_108cdc335d48",
          "n": 10,
          "pass@10": 0.0,
          "compile@10": 1.0,
          "facts@10": 0.0
        },
        {
          "task_key": "sigless_0fe06286c78f",
          "n": 10,
          "pass@10": 0.0,
          "compile@10": 1.0,
          "facts@10": 0.0
        },
        {
          "task_key": "sigless_da940c8246a3",
          "n": 10,
          "pass@10": 0.0,
          "compile@10": 1.0,
          "facts@10": 0.0
        },
        {
          "task_key": "sigless_c37b1bba560e",
          "n": 10,
          "pass@10": 0.0,
          "compile@10": 1.0,
          "facts@10": 0.0
        },
        {
          "task_key": "sigless_2a0961492519",
          "n": 10,
          "pass@10": 0.0,
          "compile@10": 1.0,
          "facts@10": 0.0
        },
        {
          "task_key": "sigless_ad725c2c547b",
          "n": 10,
          "pass@10": 0.0,
          "compile@10": 1.0,
          "facts@10": 0.0
        },
        {
          "task_key": "sigless_937c58f239b2",
          "n": 10,
          "pass@10": 0.0,
          "compile@10": 1.0,
          "facts@10": 0.0
        },
        {
          "task_key": "sigless_bcaf0014136d",
          "n": 10,
          "pass@10": 0.0,
          "compile@10": 1.0,
          "facts@10": 0.0
        },
        {
          "task_key": "sigless_2dcb95305f63",
          "n": 10,
          "pass@10": 0.0,
          "compile@10": 1.0,
          "facts@10": 0.0
        },
        {
          "task_key": "sigless_4e18a67c50c4",
          "n": 10,
          "pass@10": 0.0,
          "compile@10": 1.0,
          "facts@10": 0.0
        },
        {
          "task_key": "sigless_7258607a5019",
          "n": 10,
          "pass@10": 0.0,
          "compile@10": 1.0,
          "facts@10": 0.0
        },
        {
          "task_key": "sigless_ab07a2178dfd",
          "n": 10,
          "pass@10": 0.0,
          "compile@10": 1.0,
          "facts@10": 0.0
        },
        {
          "task_key": "sigless_b09251c44c87",
          "n": 10,
          "pass@10": 0.0,
          "compile@10": 1.0,
          "facts@10": 0.0
        },
        {
          "task_key": "sigless_de373d4a6b1d",
          "n": 10,
          "pass@10": 0.0,
          "compile@10": 1.0,
          "facts@10": 0.0
        },
        {
          "task_key": "sigless_2172c93430c0",
          "n": 10,
          "pass@10": 1.0,
          "compile@10": 1.0,
          "facts@10": 0.0
        },
        {
          "task_key": "sigless_b6ced25fdd4b",
          "n": 10,
          "pass@10": 0.0,
          "compile@10": 1.0,
          "facts@10": 0.0
        },
        {
          "task_key": "sigless_d074e14296e7",
          "n": 10,
          "pass@10": 0.0,
          "compile@10": 1.0,
          "facts@10": 0.0
        },
        {
          "task_key": "sigless_a84885543dbb",
          "n": 10,
          "pass@10": 0.0,
          "compile@10": 1.0,
          "facts@10": 0.0
        },
        {
          "task_key": "sigless_2f29665d864f",
          "n": 10,
          "pass@10": 0.0,
          "compile@10": 1.0,
          "facts@10": 0.0
        },
        {
          "task_key": "sigless_e2dd576e7482",
          "n": 10,
          "pass@10": 0.0,
          "compile@10": 1.0,
          "facts@10": 0.0
        },
        {
          "task_key": "sigless_c5bebcad02f9",
          "n": 10,
          "pass@10": 0.0,
          "compile@10": 1.0,
          "facts@10": 0.0
        },
        {
          "task_key": "sigless_bca943b28a8f",
          "n": 10,
          "pass@10": 0.0,
          "compile@10": 1.0,
          "facts@10": 0.0
        },
        {
          "task_key": "sigless_8837a8bab3b8",
          "n": 10,
          "pass@10": 0.0,
          "compile@10": 1.0,
          "facts@10": 0.0
        },
        {
          "task_key": "sigless_b475cdee1ff3",
          "n": 10,
          "pass@10": 0.0,
          "compile@10": 1.0,
          "facts@10": 0.0
        },
        {
          "task_key": "sigless_06fb90d83c9d",
          "n": 10,
          "pass@10": 0.0,
          "compile@10": 1.0,
          "facts@10": 0.0
        },
        {
          "task_key": "sigless_6ba5da5276ae",
          "n": 10,
          "pass@10": 0.0,
          "compile@10": 1.0,
          "facts@10": 0.0
        },
        {
          "task_key": "sigless_9c491e7e254a",
          "n": 10,
          "pass@10": 0.0,
          "compile@10": 1.0,
          "facts@10": 0.0
        },
        {
          "task_key": "sigless_4d81b9d29551",
          "n": 10,
          "pass@10": 0.0,
          "compile@10": 1.0,
          "facts@10": 0.0
        },
        {
          "task_key": "sigless_2c83de6e29cc",
          "n": 10,
          "pass@10": 0.0,
          "compile@10": 1.0,
          "facts@10": 0.0
        },
        {
          "task_key": "sigless_a14434839689",
          "n": 10,
          "pass@10": 0.0,
          "compile@10": 1.0,
          "facts@10": 0.0
        },
        {
          "task_key": "sigless_30e45ab59b81",
          "n": 10,
          "pass@10": 0.0,
          "compile@10": 1.0,
          "facts@10": 0.0
        },
        {
          "task_key": "sigless_498ea0750ff2",
          "n": 10,
          "pass@10": 0.0,
          "compile@10": 1.0,
          "facts@10": 0.0
        },
        {
          "task_key": "sigless_fdbacf7aee49",
          "n": 10,
          "pass@10": 0.0,
          "compile@10": 1.0,
          "facts@10": 0.0
        },
        {
          "task_key": "sigless_0888b30aad68",
          "n": 10,
          "pass@10": 0.0,
          "compile@10": 1.0,
          "facts@10": 0.0
        },
        {
          "task_key": "sigless_5a7d3ccec54a",
          "n": 10,
          "pass@10": 0.0,
          "compile@10": 1.0,
          "facts@10": 0.0
        },
        {
          "task_key": "sigless_7c39ccdcb589",
          "n": 10,
          "pass@10": 0.0,
          "compile@10": 1.0,
          "facts@10": 0.0
        },
        {
          "task_key": "sigless_7c6e76d81edf",
          "n": 10,
          "pass@10": 0.0,
          "compile@10": 1.0,
          "facts@10": 0.0
        },
        {
          "task_key": "sigless_1ed3cb5e7dec",
          "n": 10,
          "pass@10": 0.0,
          "compile@10": 1.0,
          "facts@10": 0.0
        },
        {
          "task_key": "sigless_2574047c1f7e",
          "n": 10,
          "pass@10": 0.0,
          "compile@10": 1.0,
          "facts@10": 0.0
        },
        {
          "task_key": "sigless_731ebfff542e",
          "n": 10,
          "pass@10": 0.0,
          "compile@10": 1.0,
          "facts@10": 0.0
        },
        {
          "task_key": "sigless_09d96b4d2aeb",
          "n": 10,
          "pass@10": 0.0,
          "compile@10": 1.0,
          "facts@10": 0.0
        },
        {
          "task_key": "sigless_caa464f52d72",
          "n": 10,
          "pass@10": 0.0,
          "compile@10": 1.0,
          "facts@10": 0.0
        },
        {
          "task_key": "sigless_8a7c79e97050",
          "n": 10,
          "pass@10": 0.0,
          "compile@10": 1.0,
          "facts@10": 0.0
        }
      ],
      "prediction_file": "/workspace/artifacts/hybrid_v2_3_s44/02b_graph_only_functional_gate/causal_correct.json"
    },
    "causal_permuted": {
      "rows": 490,
      "candidates": 4900,
      "expected_candidates_per_task": 10,
      "coverage_validated": true,
      "pass_at_k": {
        "10": 0.0020408163265306124
      },
      "compile_at_k": {
        "10": 0.9979591836734694
      },
      "facts_at_k": {
        "10": 0.0
      },
      "per_task": [
        {
          "task_key": "sigless_b7de4453c6dc",
          "n": 10,
          "pass@10": 0.0,
          "compile@10": 1.0,
          "facts@10": 0.0
        },
        {
          "task_key": "sigless_0b53c604525e",
          "n": 10,
          "pass@10": 0.0,
          "compile@10": 1.0,
          "facts@10": 0.0
        },
        {
          "task_key": "sigless_7a62398c7887",
          "n": 10,
          "pass@10": 0.0,
          "compile@10": 1.0,
          "facts@10": 0.0
        },
        {
          "task_key": "sigless_d52dd8e341e4",
          "n": 10,
          "pass@10": 0.0,
          "compile@10": 1.0,
          "facts@10": 0.0
        },
        {
          "task_key": "sigless_a71f1113f60d",
          "n": 10,
          "pass@10": 0.0,
          "compile@10": 1.0,
          "facts@10": 0.0
        },
        {
          "task_key": "sigless_b6129668ab59",
          "n": 10,
          "pass@10": 0.0,
          "compile@10": 1.0,
          "facts@10": 0.0
        },
        {
          "task_key": "sigless_0365f62bc245",
          "n": 10,
          "pass@10": 0.0,
          "compile@10": 1.0,
          "facts@10": 0.0
        },
        {
          "task_key": "sigless_2d0041783349",
          "n": 10,
          "pass@10": 0.0,
          "compile@10": 1.0,
          "facts@10": 0.0
        },
        {
          "task_key": "sigless_6b2e7a1c61f9",
          "n": 10,
          "pass@10": 0.0,
          "compile@10": 1.0,
          "facts@10": 0.0
        },
        {
          "task_key": "sigless_f18e792dd3ff",
          "n": 10,
          "pass@10": 0.0,
          "compile@10": 1.0,
          "facts@10": 0.0
        },
        {
          "task_key": "sigless_1cde6d11c76b",
          "n": 10,
          "pass@10": 0.0,
          "compile@10": 1.0,
          "facts@10": 0.0
        },
        {
          "task_key": "sigless_bbdee3be50ed",
          "n": 10,
          "pass@10": 0.0,
          "compile@10": 1.0,
          "facts@10": 0.0
        },
        {
          "task_key": "sigless_df9f6f4f61f7",
          "n": 10,
          "pass@10": 0.0,
          "compile@10": 1.0,
          "facts@10": 0.0
        },
        {
          "task_key": "sigless_cbe368b961e9",
          "n": 10,
          "pass@10": 0.0,
          "compile@10": 1.0,
          "facts@10": 0.0
        },
        {
          "task_key": "sigless_7948a7818fa0",
          "n": 10,
          "pass@10": 0.0,
          "compile@10": 1.0,
          "facts@10": 0.0
        },
        {
          "task_key": "sigless_9cf090c6ea5c",
          "n": 10,
          "pass@10": 0.0,
          "compile@10": 1.0,
          "facts@10": 0.0
        },
        {
          "task_key": "sigless_f888fb5bd025",
          "n": 10,
          "pass@10": 0.0,
          "compile@10": 1.0,
          "facts@10": 0.0
        },
        {
          "task_key": "sigless_c90fd3e1eeef",
          "n": 10,
          "pass@10": 0.0,
          "compile@10": 1.0,
          "facts@10": 0.0
        },
        {
          "task_key": "sigless_52036dfad170",
          "n": 10,
          "pass@10": 0.0,
          "compile@10": 1.0,
          "facts@10": 0.0
        },
        {
          "task_key": "sigless_8b5904e4a5e5",
          "n": 10,
          "pass@10": 0.0,
          "compile@10": 1.0,
          "facts@10": 0.0
        },
        {
          "task_key": "sigless_b886463b0e12",
          "n": 10,
          "pass@10": 0.0,
          "compile@10": 1.0,
          "facts@10": 0.0
        },
        {
          "task_key": "sigless_60b43a816d2b",
          "n": 10,
          "pass@10": 0.0,
          "compile@10": 1.0,
          "facts@10": 0.0
        },
        {
          "task_key": "sigless_0d4fdf6df500",
          "n": 10,
          "pass@10": 0.0,
          "compile@10": 1.0,
          "facts@10": 0.0
        },
        {
          "task_key": "sigless_dd66b0f93fc8",
          "n": 10,
          "pass@10": 0.0,
          "compile@10": 1.0,
          "facts@10": 0.0
        },
        {
          "task_key": "sigless_90c06f84b243",
          "n": 10,
          "pass@10": 0.0,
          "compile@10": 1.0,
          "facts@10": 0.0
        },
        {
          "task_key": "sigless_4d597ad68b51",
          "n": 10,
          "pass@10": 0.0,
          "compile@10": 1.0,
          "facts@10": 0.0
        },
        {
          "task_key": "sigless_39ca01e0c405",
          "n": 10,
          "pass@10": 0.0,
          "compile@10": 1.0,
          "facts@10": 0.0
        },
        {
          "task_key": "sigless_110273aefecc",
          "n": 10,
          "pass@10": 0.0,
          "compile@10": 1.0,
          "facts@10": 0.0
        },
        {
          "task_key": "sigless_62d8f395fc0b",
          "n": 10,
          "pass@10": 0.0,
          "compile@10": 1.0,
          "facts@10": 0.0
        },
        {
          "task_key": "sigless_6a8289911c90",
          "n": 10,
          "pass@10": 0.0,
          "compile@10": 1.0,
          "facts@10": 0.0
        },
        {
          "task_key": "sigless_6e97727a17bc",
          "n": 10,
          "pass@10": 0.0,
          "compile@10": 1.0,
          "facts@10": 0.0
        },
        {
          "task_key": "sigless_a323c289f1a4",
          "n": 10,
          "pass@10": 0.0,
          "compile@10": 1.0,
          "facts@10": 0.0
        },
        {
          "task_key": "sigless_076db1fc2ac9",
          "n": 10,
          "pass@10": 0.0,
          "compile@10": 1.0,
          "facts@10": 0.0
        },
        {
          "task_key": "sigless_e75556d246c4",
          "n": 10,
          "pass@10": 0.0,
          "compile@10": 1.0,
          "facts@10": 0.0
        },
        {
          "task_key": "sigless_bd09372a0e6d",
          "n": 10,
          "pass@10": 0.0,
          "compile@10": 1.0,
          "facts@10": 0.0
        },
        {
          "task_key": "sigless_a082255f65bb",
          "n": 10,
          "pass@10": 0.0,
          "compile@10": 1.0,
          "facts@10": 0.0
        },
        {
          "task_key": "sigless_89787986563d",
          "n": 10,
          "pass@10": 0.0,
          "compile@10": 1.0,
          "facts@10": 0.0
        },
        {
          "task_key": "sigless_51bbadf72aa1",
          "n": 10,
          "pass@10": 0.0,
          "compile@10": 1.0,
          "facts@10": 0.0
        },
        {
          "task_key": "sigless_db1a18685678",
          "n": 10,
          "pass@10": 0.0,
          "compile@10": 1.0,
          "facts@10": 0.0
        },
        {
          "task_key": "sigless_4b03a66ddf05",
          "n": 10,
          "pass@10": 0.0,
          "compile@10": 1.0,
          "facts@10": 0.0
        },
        {
          "task_key": "sigless_345138ee0b97",
          "n": 10,
          "pass@10": 0.0,
          "compile@10": 1.0,
          "facts@10": 0.0
        },
        {
          "task_key": "sigless_d08c93d3412e",
          "n": 10,
          "pass@10": 0.0,
          "compile@10": 1.0,
          "facts@10": 0.0
        },
        {
          "task_key": "sigless_1c52877d8f3c",
          "n": 10,
          "pass@10": 0.0,
          "compile@10": 1.0,
          "facts@10": 0.0
        },
        {
          "task_key": "sigless_ab103f4d6e05",
          "n": 10,
          "pass@10": 0.0,
          "compile@10": 1.0,
          "facts@10": 0.0
        },
        {
          "task_key": "sigless_2942c6ddf1d9",
          "n": 10,
          "pass@10": 0.0,
          "compile@10": 1.0,
          "facts@10": 0.0
        },
        {
          "task_key": "sigless_9d74e87ed099",
          "n": 10,
          "pass@10": 0.0,
          "compile@10": 1.0,
          "facts@10": 0.0
        },
        {
          "task_key": "sigless_67bc14f5bf32",
          "n": 10,
          "pass@10": 0.0,
          "compile@10": 1.0,
          "facts@10": 0.0
        },
        {
          "task_key": "sigless_6f07c34f4a66",
          "n": 10,
          "pass@10": 0.0,
          "compile@10": 1.0,
          "facts@10": 0.0
        },
        {
          "task_key": "sigless_ec5591adbe0f",
          "n": 10,
          "pass@10": 0.0,
          "compile@10": 1.0,
          "facts@10": 0.0
        },
        {
          "task_key": "sigless_659810ce7846",
          "n": 10,
          "pass@10": 0.0,
          "compile@10": 1.0,
          "facts@10": 0.0
        },
        {
          "task_key": "sigless_7c3e5da4f3e6",
          "n": 10,
          "pass@10": 0.0,
          "compile@10": 1.0,
          "facts@10": 0.0
        },
        {
          "task_key": "sigless_13c183eabda7",
          "n": 10,
          "pass@10": 0.0,
          "compile@10": 1.0,
          "facts@10": 0.0
        },
        {
          "task_key": "sigless_3d20bce50914",
          "n": 10,
          "pass@10": 0.0,
          "compile@10": 1.0,
          "facts@10": 0.0
        },
        {
          "task_key": "sigless_f7e9ccb52ba5",
          "n": 10,
          "pass@10": 0.0,
          "compile@10": 1.0,
          "facts@10": 0.0
        },
        {
          "task_key": "sigless_73845357c994",
          "n": 10,
          "pass@10": 0.0,
          "compile@10": 1.0,
          "facts@10": 0.0
        },
        {
          "task_key": "sigless_c353cbcda946",
          "n": 10,
          "pass@10": 0.0,
          "compile@10": 1.0,
          "facts@10": 0.0
        },
        {
          "task_key": "sigless_66ed76f51d1c",
          "n": 10,
          "pass@10": 0.0,
          "compile@10": 1.0,
          "facts@10": 0.0
        },
        {
          "task_key": "sigless_a5b21e913a22",
          "n": 10,
          "pass@10": 0.0,
          "compile@10": 1.0,
          "facts@10": 0.0
        },
        {
          "task_key": "sigless_057ae641abd1",
          "n": 10,
          "pass@10": 0.0,
          "compile@10": 1.0,
          "facts@10": 0.0
        },
        {
          "task_key": "sigless_b0b8aa38ef16",
          "n": 10,
          "pass@10": 0.0,
          "compile@10": 1.0,
          "facts@10": 0.0
        },
        {
          "task_key": "sigless_6639ec9ceb5f",
          "n": 10,
          "pass@10": 0.0,
          "compile@10": 1.0,
          "facts@10": 0.0
        },
        {
          "task_key": "sigless_1313c5dd1cf8",
          "n": 10,
          "pass@10": 0.0,
          "compile@10": 1.0,
          "facts@10": 0.0
        },
        {
          "task_key": "sigless_703eb9b1bc9e",
          "n": 10,
          "pass@10": 0.0,
          "compile@10": 1.0,
          "facts@10": 0.0
        },
        {
          "task_key": "sigless_596fce3f8c4a",
          "n": 10,
          "pass@10": 0.0,
          "compile@10": 1.0,
          "facts@10": 0.0
        },
        {
          "task_key": "sigless_b173182a8783",
          "n": 10,
          "pass@10": 0.0,
          "compile@10": 1.0,
          "facts@10": 0.0
        },
        {
          "task_key": "sigless_064e5cef3776",
          "n": 10,
          "pass@10": 0.0,
          "compile@10": 1.0,
          "facts@10": 0.0
        },
        {
          "task_key": "sigless_68baa1f5817c",
          "n": 10,
          "pass@10": 0.0,
          "compile@10": 1.0,
          "facts@10": 0.0
        },
        {
          "task_key": "sigless_0d08cc61abab",
          "n": 10,
          "pass@10": 0.0,
          "compile@10": 1.0,
          "facts@10": 0.0
        },
        {
          "task_key": "sigless_d4723e6a6157",
          "n": 10,
          "pass@10": 0.0,
          "compile@10": 1.0,
          "facts@10": 0.0
        },
        {
          "task_key": "sigless_13ef64aabc9b",
          "n": 10,
          "pass@10": 0.0,
          "compile@10": 1.0,
          "facts@10": 0.0
        },
        {
          "task_key": "sigless_b8e647bd8f35",
          "n": 10,
          "pass@10": 0.0,
          "compile@10": 1.0,
          "facts@10": 0.0
        },
        {
          "task_key": "sigless_469174e12130",
          "n": 10,
          "pass@10": 0.0,
          "compile@10": 1.0,
          "facts@10": 0.0
        },
        {
          "task_key": "sigless_41756f669109",
          "n": 10,
          "pass@10": 0.0,
          "compile@10": 1.0,
          "facts@10": 0.0
        },
        {
          "task_key": "sigless_740a7e27b834",
          "n": 10,
          "pass@10": 0.0,
          "compile@10": 1.0,
          "facts@10": 0.0
        },
        {
          "task_key": "sigless_70e4100f300d",
          "n": 10,
          "pass@10": 0.0,
          "compile@10": 1.0,
          "facts@10": 0.0
        },
        {
          "task_key": "sigless_a9c1d47432a6",
          "n": 10,
          "pass@10": 0.0,
          "compile@10": 1.0,
          "facts@10": 0.0
        },
        {
          "task_key": "sigless_ecc4968d742a",
          "n": 10,
          "pass@10": 0.0,
          "compile@10": 1.0,
          "facts@10": 0.0
        },
        {
          "task_key": "sigless_6b458e9fbcc8",
          "n": 10,
          "pass@10": 0.0,
          "compile@10": 1.0,
          "facts@10": 0.0
        },
        {
          "task_key": "sigless_d49f910da1ec",
          "n": 10,
          "pass@10": 0.0,
          "compile@10": 1.0,
          "facts@10": 0.0
        },
        {
          "task_key": "sigless_b76dc6249c47",
          "n": 10,
          "pass@10": 0.0,
          "compile@10": 1.0,
          "facts@10": 0.0
        },
        {
          "task_key": "sigless_b299d0244666",
          "n": 10,
          "pass@10": 0.0,
          "compile@10": 1.0,
          "facts@10": 0.0
        },
        {
          "task_key": "sigless_7d3f4f4e08bb",
          "n": 10,
          "pass@10": 0.0,
          "compile@10": 1.0,
          "facts@10": 0.0
        },
        {
          "task_key": "sigless_030729b77a02",
          "n": 10,
          "pass@10": 0.0,
          "compile@10": 1.0,
          "facts@10": 0.0
        },
        {
          "task_key": "sigless_d3135fe16766",
          "n": 10,
          "pass@10": 0.0,
          "compile@10": 1.0,
          "facts@10": 0.0
        },
        {
          "task_key": "sigless_66321ff63538",
          "n": 10,
          "pass@10": 0.0,
          "compile@10": 1.0,
          "facts@10": 0.0
        },
        {
          "task_key": "sigless_75b361720d32",
          "n": 10,
          "pass@10": 0.0,
          "compile@10": 1.0,
          "facts@10": 0.0
        },
        {
          "task_key": "sigless_3dbab4cfbbcc",
          "n": 10,
          "pass@10": 0.0,
          "compile@10": 1.0,
          "facts@10": 0.0
        },
        {
          "task_key": "sigless_6127f6a64fff",
          "n": 10,
          "pass@10": 0.0,
          "compile@10": 1.0,
          "facts@10": 0.0
        },
        {
          "task_key": "sigless_b6c3fd6ec2c8",
          "n": 10,
          "pass@10": 0.0,
          "compile@10": 1.0,
          "facts@10": 0.0
        },
        {
          "task_key": "sigless_7b637660307e",
          "n": 10,
          "pass@10": 0.0,
          "compile@10": 1.0,
          "facts@10": 0.0
        },
        {
          "task_key": "sigless_e3f77107da83",
          "n": 10,
          "pass@10": 0.0,
          "compile@10": 1.0,
          "facts@10": 0.0
        },
        {
          "task_key": "sigless_e6b73fe74ebe",
          "n": 10,
          "pass@10": 0.0,
          "compile@10": 1.0,
          "facts@10": 0.0
        },
        {
          "task_key": "sigless_8a54562cb965",
          "n": 10,
          "pass@10": 0.0,
          "compile@10": 1.0,
          "facts@10": 0.0
        },
        {
          "task_key": "sigless_d6b65e55cda9",
          "n": 10,
          "pass@10": 0.0,
          "compile@10": 1.0,
          "facts@10": 0.0
        },
        {
          "task_key": "sigless_c12088ad14e1",
          "n": 10,
          "pass@10": 0.0,
          "compile@10": 1.0,
          "facts@10": 0.0
        },
        {
          "task_key": "sigless_1899482d12c6",
          "n": 10,
          "pass@10": 0.0,
          "compile@10": 1.0,
          "facts@10": 0.0
        },
        {
          "task_key": "sigless_b3d1f9259f1e",
          "n": 10,
          "pass@10": 0.0,
          "compile@10": 1.0,
          "facts@10": 0.0
        },
        {
          "task_key": "sigless_22bba0303553",
          "n": 10,
          "pass@10": 0.0,
          "compile@10": 1.0,
          "facts@10": 0.0
        },
        {
          "task_key": "sigless_ca58db8767bd",
          "n": 10,
          "pass@10": 0.0,
          "compile@10": 1.0,
          "facts@10": 0.0
        },
        {
          "task_key": "sigless_2d26d0d00957",
          "n": 10,
          "pass@10": 0.0,
          "compile@10": 1.0,
          "facts@10": 0.0
        },
        {
          "task_key": "sigless_94cf5a567ad3",
          "n": 10,
          "pass@10": 0.0,
          "compile@10": 1.0,
          "facts@10": 0.0
        },
        {
          "task_key": "sigless_79db543e7d39",
          "n": 10,
          "pass@10": 0.0,
          "compile@10": 1.0,
          "facts@10": 0.0
        },
        {
          "task_key": "sigless_ad2a9ff20246",
          "n": 10,
          "pass@10": 0.0,
          "compile@10": 1.0,
          "facts@10": 0.0
        },
        {
          "task_key": "sigless_c085be85a2e6",
          "n": 10,
          "pass@10": 0.0,
          "compile@10": 1.0,
          "facts@10": 0.0
        },
        {
          "task_key": "sigless_bedaadb0311a",
          "n": 10,
          "pass@10": 0.0,
          "compile@10": 1.0,
          "facts@10": 0.0
        },
        {
          "task_key": "sigless_1f2f06b4528e",
          "n": 10,
          "pass@10": 0.0,
          "compile@10": 1.0,
          "facts@10": 0.0
        },
        {
          "task_key": "sigless_915ba43041c7",
          "n": 10,
          "pass@10": 0.0,
          "compile@10": 1.0,
          "facts@10": 0.0
        },
        {
          "task_key": "sigless_004f59a87299",
          "n": 10,
          "pass@10": 0.0,
          "compile@10": 1.0,
          "facts@10": 0.0
        },
        {
          "task_key": "sigless_d28a82e78002",
          "n": 10,
          "pass@10": 0.0,
          "compile@10": 1.0,
          "facts@10": 0.0
        },
        {
          "task_key": "sigless_6b83fbf9abc1",
          "n": 10,
          "pass@10": 0.0,
          "compile@10": 1.0,
          "facts@10": 0.0
        },
        {
          "task_key": "sigless_3ee3daf03d6a",
          "n": 10,
          "pass@10": 0.0,
          "compile@10": 1.0,
          "facts@10": 0.0
        },
        {
          "task_key": "sigless_f5c7e9a5dfa2",
          "n": 10,
          "pass@10": 0.0,
          "compile@10": 1.0,
          "facts@10": 0.0
        },
        {
          "task_key": "sigless_c6ca790363f7",
          "n": 10,
          "pass@10": 0.0,
          "compile@10": 1.0,
          "facts@10": 0.0
        },
        {
          "task_key": "sigless_188fa8c42e48",
          "n": 10,
          "pass@10": 0.0,
          "compile@10": 1.0,
          "facts@10": 0.0
        },
        {
          "task_key": "sigless_3f4340a3219f",
          "n": 10,
          "pass@10": 0.0,
          "compile@10": 1.0,
          "facts@10": 0.0
        },
        {
          "task_key": "sigless_c8748305c9d3",
          "n": 10,
          "pass@10": 0.0,
          "compile@10": 1.0,
          "facts@10": 0.0
        },
        {
          "task_key": "sigless_7b70a26d6945",
          "n": 10,
          "pass@10": 0.0,
          "compile@10": 1.0,
          "facts@10": 0.0
        },
        {
          "task_key": "sigless_c31031440228",
          "n": 10,
          "pass@10": 0.0,
          "compile@10": 1.0,
          "facts@10": 0.0
        },
        {
          "task_key": "sigless_85b32a73e1d3",
          "n": 10,
          "pass@10": 0.0,
          "compile@10": 1.0,
          "facts@10": 0.0
        },
        {
          "task_key": "sigless_cdc47ed506ec",
          "n": 10,
          "pass@10": 0.0,
          "compile@10": 1.0,
          "facts@10": 0.0
        },
        {
          "task_key": "sigless_a88fec6d45e7",
          "n": 10,
          "pass@10": 0.0,
          "compile@10": 1.0,
          "facts@10": 0.0
        },
        {
          "task_key": "sigless_83853be1060f",
          "n": 10,
          "pass@10": 0.0,
          "compile@10": 1.0,
          "facts@10": 0.0
        },
        {
          "task_key": "sigless_983da71567bf",
          "n": 10,
          "pass@10": 0.0,
          "compile@10": 1.0,
          "facts@10": 0.0
        },
        {
          "task_key": "sigless_e48e4ee68199",
          "n": 10,
          "pass@10": 0.0,
          "compile@10": 1.0,
          "facts@10": 0.0
        },
        {
          "task_key": "sigless_fc6f26ef3f45",
          "n": 10,
          "pass@10": 0.0,
          "compile@10": 1.0,
          "facts@10": 0.0
        },
        {
          "task_key": "sigless_0e1cf8571184",
          "n": 10,
          "pass@10": 0.0,
          "compile@10": 1.0,
          "facts@10": 0.0
        },
        {
          "task_key": "sigless_7b76b1907bd4",
          "n": 10,
          "pass@10": 0.0,
          "compile@10": 1.0,
          "facts@10": 0.0
        },
        {
          "task_key": "sigless_f74db07ec709",
          "n": 10,
          "pass@10": 0.0,
          "compile@10": 1.0,
          "facts@10": 0.0
        },
        {
          "task_key": "sigless_17f3d0705dab",
          "n": 10,
          "pass@10": 0.0,
          "compile@10": 1.0,
          "facts@10": 0.0
        },
        {
          "task_key": "sigless_fa51e2ce8dac",
          "n": 10,
          "pass@10": 0.0,
          "compile@10": 1.0,
          "facts@10": 0.0
        },
        {
          "task_key": "sigless_e6670d44de36",
          "n": 10,
          "pass@10": 0.0,
          "compile@10": 1.0,
          "facts@10": 0.0
        },
        {
          "task_key": "sigless_c3e6841ef222",
          "n": 10,
          "pass@10": 0.0,
          "compile@10": 1.0,
          "facts@10": 0.0
        },
        {
          "task_key": "sigless_1913d877b0d9",
          "n": 10,
          "pass@10": 0.0,
          "compile@10": 1.0,
          "facts@10": 0.0
        },
        {
          "task_key": "sigless_6cdf9496e34f",
          "n": 10,
          "pass@10": 0.0,
          "compile@10": 1.0,
          "facts@10": 0.0
        },
        {
          "task_key": "sigless_14ecef0db26a",
          "n": 10,
          "pass@10": 0.0,
          "compile@10": 1.0,
          "facts@10": 0.0
        },
        {
          "task_key": "sigless_afe4cb2feb3d",
          "n": 10,
          "pass@10": 0.0,
          "compile@10": 1.0,
          "facts@10": 0.0
        },
        {
          "task_key": "sigless_7ed820cfa6bc",
          "n": 10,
          "pass@10": 0.0,
          "compile@10": 1.0,
          "facts@10": 0.0
        },
        {
          "task_key": "sigless_18bf17fc4ad8",
          "n": 10,
          "pass@10": 0.0,
          "compile@10": 1.0,
          "facts@10": 0.0
        },
        {
          "task_key": "sigless_27ecb3229592",
          "n": 10,
          "pass@10": 0.0,
          "compile@10": 1.0,
          "facts@10": 0.0
        },
        {
          "task_key": "sigless_e4dd645b0c75",
          "n": 10,
          "pass@10": 0.0,
          "compile@10": 1.0,
          "facts@10": 0.0
        },
        {
          "task_key": "sigless_094ac2f0e28b",
          "n": 10,
          "pass@10": 0.0,
          "compile@10": 1.0,
          "facts@10": 0.0
        },
        {
          "task_key": "sigless_424672322b21",
          "n": 10,
          "pass@10": 0.0,
          "compile@10": 1.0,
          "facts@10": 0.0
        },
        {
          "task_key": "sigless_d44d5e76ac84",
          "n": 10,
          "pass@10": 0.0,
          "compile@10": 1.0,
          "facts@10": 0.0
        },
        {
          "task_key": "sigless_18951b18f216",
          "n": 10,
          "pass@10": 0.0,
          "compile@10": 1.0,
          "facts@10": 0.0
        },
        {
          "task_key": "sigless_25f1579700e7",
          "n": 10,
          "pass@10": 0.0,
          "compile@10": 1.0,
          "facts@10": 0.0
        },
        {
          "task_key": "sigless_f503c3f7aaa3",
          "n": 10,
          "pass@10": 0.0,
          "compile@10": 1.0,
          "facts@10": 0.0
        },
        {
          "task_key": "sigless_7a0f0b072203",
          "n": 10,
          "pass@10": 0.0,
          "compile@10": 1.0,
          "facts@10": 0.0
        },
        {
          "task_key": "sigless_8c7fff5c0046",
          "n": 10,
          "pass@10": 0.0,
          "compile@10": 1.0,
          "facts@10": 0.0
        },
        {
          "task_key": "sigless_0e1fb8c0e6ff",
          "n": 10,
          "pass@10": 0.0,
          "compile@10": 1.0,
          "facts@10": 0.0
        },
        {
          "task_key": "sigless_ec1b5565fb0d",
          "n": 10,
          "pass@10": 0.0,
          "compile@10": 1.0,
          "facts@10": 0.0
        },
        {
          "task_key": "sigless_e283bf65a08e",
          "n": 10,
          "pass@10": 0.0,
          "compile@10": 1.0,
          "facts@10": 0.0
        },
        {
          "task_key": "sigless_ad28ce580a8a",
          "n": 10,
          "pass@10": 0.0,
          "compile@10": 1.0,
          "facts@10": 0.0
        },
        {
          "task_key": "sigless_4610eff6eafb",
          "n": 10,
          "pass@10": 0.0,
          "compile@10": 1.0,
          "facts@10": 0.0
        },
        {
          "task_key": "sigless_a14d3b7cc150",
          "n": 10,
          "pass@10": 0.0,
          "compile@10": 1.0,
          "facts@10": 0.0
        },
        {
          "task_key": "sigless_ae86739ea226",
          "n": 10,
          "pass@10": 0.0,
          "compile@10": 1.0,
          "facts@10": 0.0
        },
        {
          "task_key": "sigless_926981f81ffa",
          "n": 10,
          "pass@10": 0.0,
          "compile@10": 1.0,
          "facts@10": 0.0
        },
        {
          "task_key": "sigless_2b00fb069d1b",
          "n": 10,
          "pass@10": 0.0,
          "compile@10": 1.0,
          "facts@10": 0.0
        },
        {
          "task_key": "sigless_c42b92739a46",
          "n": 10,
          "pass@10": 0.0,
          "compile@10": 1.0,
          "facts@10": 0.0
        },
        {
          "task_key": "sigless_46ebb39a8885",
          "n": 10,
          "pass@10": 0.0,
          "compile@10": 1.0,
          "facts@10": 0.0
        },
        {
          "task_key": "sigless_9d4d8036fd79",
          "n": 10,
          "pass@10": 0.0,
          "compile@10": 1.0,
          "facts@10": 0.0
        },
        {
          "task_key": "sigless_a9eb5343a42e",
          "n": 10,
          "pass@10": 0.0,
          "compile@10": 1.0,
          "facts@10": 0.0
        },
        {
          "task_key": "sigless_490729808cbf",
          "n": 10,
          "pass@10": 0.0,
          "compile@10": 1.0,
          "facts@10": 0.0
        },
        {
          "task_key": "sigless_72bec92f0de2",
          "n": 10,
          "pass@10": 0.0,
          "compile@10": 1.0,
          "facts@10": 0.0
        },
        {
          "task_key": "sigless_3d7ef92766c8",
          "n": 10,
          "pass@10": 0.0,
          "compile@10": 1.0,
          "facts@10": 0.0
        },
        {
          "task_key": "sigless_809bfacc884b",
          "n": 10,
          "pass@10": 0.0,
          "compile@10": 1.0,
          "facts@10": 0.0
        },
        {
          "task_key": "sigless_dd992faf52fc",
          "n": 10,
          "pass@10": 0.0,
          "compile@10": 1.0,
          "facts@10": 0.0
        },
        {
          "task_key": "sigless_a715ff0191af",
          "n": 10,
          "pass@10": 0.0,
          "compile@10": 1.0,
          "facts@10": 0.0
        },
        {
          "task_key": "sigless_fc9e7ce2987d",
          "n": 10,
          "pass@10": 0.0,
          "compile@10": 1.0,
          "facts@10": 0.0
        },
        {
          "task_key": "sigless_75dbbd49ba4d",
          "n": 10,
          "pass@10": 0.0,
          "compile@10": 1.0,
          "facts@10": 0.0
        },
        {
          "task_key": "sigless_51783c911b49",
          "n": 10,
          "pass@10": 0.0,
          "compile@10": 1.0,
          "facts@10": 0.0
        },
        {
          "task_key": "sigless_f9972d51c2b1",
          "n": 10,
          "pass@10": 0.0,
          "compile@10": 1.0,
          "facts@10": 0.0
        },
        {
          "task_key": "sigless_2a9a2c9c9365",
          "n": 10,
          "pass@10": 0.0,
          "compile@10": 1.0,
          "facts@10": 0.0
        },
        {
          "task_key": "sigless_3f62eb4395d3",
          "n": 10,
          "pass@10": 0.0,
          "compile@10": 1.0,
          "facts@10": 0.0
        },
        {
          "task_key": "sigless_2bb05d67b4d4",
          "n": 10,
          "pass@10": 0.0,
          "compile@10": 1.0,
          "facts@10": 0.0
        },
        {
          "task_key": "sigless_7d87a97fbd34",
          "n": 10,
          "pass@10": 0.0,
          "compile@10": 1.0,
          "facts@10": 0.0
        },
        {
          "task_key": "sigless_59bbf5972439",
          "n": 10,
          "pass@10": 0.0,
          "compile@10": 1.0,
          "facts@10": 0.0
        },
        {
          "task_key": "sigless_4bc3cb88ebce",
          "n": 10,
          "pass@10": 0.0,
          "compile@10": 1.0,
          "facts@10": 0.0
        },
        {
          "task_key": "sigless_cdc9411ddbed",
          "n": 10,
          "pass@10": 0.0,
          "compile@10": 1.0,
          "facts@10": 0.0
        },
        {
          "task_key": "sigless_bb95058cc89d",
          "n": 10,
          "pass@10": 0.0,
          "compile@10": 1.0,
          "facts@10": 0.0
        },
        {
          "task_key": "sigless_510066067661",
          "n": 10,
          "pass@10": 0.0,
          "compile@10": 1.0,
          "facts@10": 0.0
        },
        {
          "task_key": "sigless_08b08424f51d",
          "n": 10,
          "pass@10": 0.0,
          "compile@10": 1.0,
          "facts@10": 0.0
        },
        {
          "task_key": "sigless_5fc6e6f2e776",
          "n": 10,
          "pass@10": 0.0,
          "compile@10": 1.0,
          "facts@10": 0.0
        },
        {
          "task_key": "sigless_45a3c30bf585",
          "n": 10,
          "pass@10": 0.0,
          "compile@10": 1.0,
          "facts@10": 0.0
        },
        {
          "task_key": "sigless_11ecbc9348f0",
          "n": 10,
          "pass@10": 0.0,
          "compile@10": 1.0,
          "facts@10": 0.0
        },
        {
          "task_key": "sigless_f87c7db9d615",
          "n": 10,
          "pass@10": 0.0,
          "compile@10": 1.0,
          "facts@10": 0.0
        },
        {
          "task_key": "sigless_04a3737faa8d",
          "n": 10,
          "pass@10": 0.0,
          "compile@10": 1.0,
          "facts@10": 0.0
        },
        {
          "task_key": "sigless_8ea707879d4e",
          "n": 10,
          "pass@10": 0.0,
          "compile@10": 1.0,
          "facts@10": 0.0
        },
        {
          "task_key": "sigless_1b37bbecba6d",
          "n": 10,
          "pass@10": 0.0,
          "compile@10": 1.0,
          "facts@10": 0.0
        },
        {
          "task_key": "sigless_ac924360d8d0",
          "n": 10,
          "pass@10": 0.0,
          "compile@10": 1.0,
          "facts@10": 0.0
        },
        {
          "task_key": "sigless_9c7011b98aa7",
          "n": 10,
          "pass@10": 0.0,
          "compile@10": 1.0,
          "facts@10": 0.0
        },
        {
          "task_key": "sigless_d5f505726bee",
          "n": 10,
          "pass@10": 0.0,
          "compile@10": 1.0,
          "facts@10": 0.0
        },
        {
          "task_key": "sigless_856495da7ada",
          "n": 10,
          "pass@10": 0.0,
          "compile@10": 1.0,
          "facts@10": 0.0
        },
        {
          "task_key": "sigless_251bb89ff286",
          "n": 10,
          "pass@10": 0.0,
          "compile@10": 1.0,
          "facts@10": 0.0
        },
        {
          "task_key": "sigless_d312a6be99c4",
          "n": 10,
          "pass@10": 0.0,
          "compile@10": 1.0,
          "facts@10": 0.0
        },
        {
          "task_key": "sigless_7ec023aa5454",
          "n": 10,
          "pass@10": 0.0,
          "compile@10": 1.0,
          "facts@10": 0.0
        },
        {
          "task_key": "sigless_078e0387a63d",
          "n": 10,
          "pass@10": 0.0,
          "compile@10": 1.0,
          "facts@10": 0.0
        },
        {
          "task_key": "sigless_e90160151ca2",
          "n": 10,
          "pass@10": 0.0,
          "compile@10": 1.0,
          "facts@10": 0.0
        },
        {
          "task_key": "sigless_28a458a3dd3d",
          "n": 10,
          "pass@10": 0.0,
          "compile@10": 1.0,
          "facts@10": 0.0
        },
        {
          "task_key": "sigless_c8be86a792e2",
          "n": 10,
          "pass@10": 0.0,
          "compile@10": 1.0,
          "facts@10": 0.0
        },
        {
          "task_key": "sigless_c479573835c7",
          "n": 10,
          "pass@10": 0.0,
          "compile@10": 1.0,
          "facts@10": 0.0
        },
        {
          "task_key": "sigless_0f8be63943f9",
          "n": 10,
          "pass@10": 0.0,
          "compile@10": 1.0,
          "facts@10": 0.0
        },
        {
          "task_key": "sigless_bd884006b77d",
          "n": 10,
          "pass@10": 0.0,
          "compile@10": 1.0,
          "facts@10": 0.0
        },
        {
          "task_key": "sigless_da938c8ec837",
          "n": 10,
          "pass@10": 0.0,
          "compile@10": 1.0,
          "facts@10": 0.0
        },
        {
          "task_key": "sigless_24005a04c73d",
          "n": 10,
          "pass@10": 0.0,
          "compile@10": 1.0,
          "facts@10": 0.0
        },
        {
          "task_key": "sigless_693359d6dcdc",
          "n": 10,
          "pass@10": 0.0,
          "compile@10": 1.0,
          "facts@10": 0.0
        },
        {
          "task_key": "sigless_40fdecf7c930",
          "n": 10,
          "pass@10": 0.0,
          "compile@10": 1.0,
          "facts@10": 0.0
        },
        {
          "task_key": "sigless_8cecebd48e95",
          "n": 10,
          "pass@10": 0.0,
          "compile@10": 1.0,
          "facts@10": 0.0
        },
        {
          "task_key": "sigless_5657b211ea01",
          "n": 10,
          "pass@10": 0.0,
          "compile@10": 1.0,
          "facts@10": 0.0
        },
        {
          "task_key": "sigless_7236e6a6c952",
          "n": 10,
          "pass@10": 0.0,
          "compile@10": 1.0,
          "facts@10": 0.0
        },
        {
          "task_key": "sigless_887de1e56a3d",
          "n": 10,
          "pass@10": 0.0,
          "compile@10": 1.0,
          "facts@10": 0.0
        },
        {
          "task_key": "sigless_766c03a75fdf",
          "n": 10,
          "pass@10": 0.0,
          "compile@10": 1.0,
          "facts@10": 0.0
        },
        {
          "task_key": "sigless_da3eb223b92f",
          "n": 10,
          "pass@10": 0.0,
          "compile@10": 1.0,
          "facts@10": 0.0
        },
        {
          "task_key": "sigless_39dc520138ed",
          "n": 10,
          "pass@10": 0.0,
          "compile@10": 1.0,
          "facts@10": 0.0
        },
        {
          "task_key": "sigless_d5e02316471c",
          "n": 10,
          "pass@10": 0.0,
          "compile@10": 1.0,
          "facts@10": 0.0
        },
        {
          "task_key": "sigless_3b94e82a7db1",
          "n": 10,
          "pass@10": 0.0,
          "compile@10": 1.0,
          "facts@10": 0.0
        },
        {
          "task_key": "sigless_f69dc47b7647",
          "n": 10,
          "pass@10": 0.0,
          "compile@10": 1.0,
          "facts@10": 0.0
        },
        {
          "task_key": "sigless_cd4884f80608",
          "n": 10,
          "pass@10": 0.0,
          "compile@10": 1.0,
          "facts@10": 0.0
        },
        {
          "task_key": "sigless_61e260d0329e",
          "n": 10,
          "pass@10": 0.0,
          "compile@10": 1.0,
          "facts@10": 0.0
        },
        {
          "task_key": "sigless_1b05e8cae793",
          "n": 10,
          "pass@10": 0.0,
          "compile@10": 1.0,
          "facts@10": 0.0
        },
        {
          "task_key": "sigless_48f002c41b26",
          "n": 10,
          "pass@10": 0.0,
          "compile@10": 1.0,
          "facts@10": 0.0
        },
        {
          "task_key": "sigless_32b42a97f1be",
          "n": 10,
          "pass@10": 0.0,
          "compile@10": 1.0,
          "facts@10": 0.0
        },
        {
          "task_key": "sigless_bdab7e73bd57",
          "n": 10,
          "pass@10": 0.0,
          "compile@10": 1.0,
          "facts@10": 0.0
        },
        {
          "task_key": "sigless_55f5804993a6",
          "n": 10,
          "pass@10": 0.0,
          "compile@10": 1.0,
          "facts@10": 0.0
        },
        {
          "task_key": "sigless_c506f3d45dbf",
          "n": 10,
          "pass@10": 0.0,
          "compile@10": 1.0,
          "facts@10": 0.0
        },
        {
          "task_key": "sigless_5fe0f0f505de",
          "n": 10,
          "pass@10": 0.0,
          "compile@10": 1.0,
          "facts@10": 0.0
        },
        {
          "task_key": "sigless_aa2c5ee61156",
          "n": 10,
          "pass@10": 0.0,
          "compile@10": 1.0,
          "facts@10": 0.0
        },
        {
          "task_key": "sigless_aa54fea23359",
          "n": 10,
          "pass@10": 0.0,
          "compile@10": 1.0,
          "facts@10": 0.0
        },
        {
          "task_key": "sigless_1848f8a4fadb",
          "n": 10,
          "pass@10": 0.0,
          "compile@10": 1.0,
          "facts@10": 0.0
        },
        {
          "task_key": "sigless_4f59c078dbb3",
          "n": 10,
          "pass@10": 0.0,
          "compile@10": 1.0,
          "facts@10": 0.0
        },
        {
          "task_key": "sigless_3bcfd566827f",
          "n": 10,
          "pass@10": 0.0,
          "compile@10": 1.0,
          "facts@10": 0.0
        },
        {
          "task_key": "sigless_6c64ab901492",
          "n": 10,
          "pass@10": 0.0,
          "compile@10": 1.0,
          "facts@10": 0.0
        },
        {
          "task_key": "sigless_0e17d7a0c63a",
          "n": 10,
          "pass@10": 0.0,
          "compile@10": 1.0,
          "facts@10": 0.0
        },
        {
          "task_key": "sigless_2ca12ba49736",
          "n": 10,
          "pass@10": 0.0,
          "compile@10": 1.0,
          "facts@10": 0.0
        },
        {
          "task_key": "sigless_7e9c367b5d99",
          "n": 10,
          "pass@10": 0.0,
          "compile@10": 1.0,
          "facts@10": 0.0
        },
        {
          "task_key": "sigless_3b95913dd21e",
          "n": 10,
          "pass@10": 0.0,
          "compile@10": 1.0,
          "facts@10": 0.0
        },
        {
          "task_key": "sigless_fc95276d49fa",
          "n": 10,
          "pass@10": 0.0,
          "compile@10": 1.0,
          "facts@10": 0.0
        },
        {
          "task_key": "sigless_094029cfbd6d",
          "n": 10,
          "pass@10": 0.0,
          "compile@10": 1.0,
          "facts@10": 0.0
        },
        {
          "task_key": "sigless_e0584cff0816",
          "n": 10,
          "pass@10": 0.0,
          "compile@10": 1.0,
          "facts@10": 0.0
        },
        {
          "task_key": "sigless_45a96ee1ce2c",
          "n": 10,
          "pass@10": 0.0,
          "compile@10": 1.0,
          "facts@10": 0.0
        },
        {
          "task_key": "sigless_611d8b0907c8",
          "n": 10,
          "pass@10": 0.0,
          "compile@10": 1.0,
          "facts@10": 0.0
        },
        {
          "task_key": "sigless_afafa39351cc",
          "n": 10,
          "pass@10": 0.0,
          "compile@10": 1.0,
          "facts@10": 0.0
        },
        {
          "task_key": "sigless_aaf8a2406e15",
          "n": 10,
          "pass@10": 0.0,
          "compile@10": 1.0,
          "facts@10": 0.0
        },
        {
          "task_key": "sigless_1d5627318cb8",
          "n": 10,
          "pass@10": 0.0,
          "compile@10": 1.0,
          "facts@10": 0.0
        },
        {
          "task_key": "sigless_8c1177b585d3",
          "n": 10,
          "pass@10": 0.0,
          "compile@10": 1.0,
          "facts@10": 0.0
        },
        {
          "task_key": "sigless_7c1a8697e13a",
          "n": 10,
          "pass@10": 0.0,
          "compile@10": 1.0,
          "facts@10": 0.0
        },
        {
          "task_key": "sigless_32f2b8ea495e",
          "n": 10,
          "pass@10": 0.0,
          "compile@10": 1.0,
          "facts@10": 0.0
        },
        {
          "task_key": "sigless_a9b8d2a06a7b",
          "n": 10,
          "pass@10": 0.0,
          "compile@10": 1.0,
          "facts@10": 0.0
        },
        {
          "task_key": "sigless_9b6cd2315cf6",
          "n": 10,
          "pass@10": 0.0,
          "compile@10": 1.0,
          "facts@10": 0.0
        },
        {
          "task_key": "sigless_468f9c28192a",
          "n": 10,
          "pass@10": 0.0,
          "compile@10": 1.0,
          "facts@10": 0.0
        },
        {
          "task_key": "sigless_6dbacf47fbdc",
          "n": 10,
          "pass@10": 1.0,
          "compile@10": 1.0,
          "facts@10": 0.0
        },
        {
          "task_key": "sigless_6653a7b01405",
          "n": 10,
          "pass@10": 0.0,
          "compile@10": 1.0,
          "facts@10": 0.0
        },
        {
          "task_key": "sigless_46c1e87e951d",
          "n": 10,
          "pass@10": 0.0,
          "compile@10": 1.0,
          "facts@10": 0.0
        },
        {
          "task_key": "sigless_9065c1235bb0",
          "n": 10,
          "pass@10": 0.0,
          "compile@10": 1.0,
          "facts@10": 0.0
        },
        {
          "task_key": "sigless_3477cb846c73",
          "n": 10,
          "pass@10": 0.0,
          "compile@10": 1.0,
          "facts@10": 0.0
        },
        {
          "task_key": "sigless_6137a466801a",
          "n": 10,
          "pass@10": 0.0,
          "compile@10": 1.0,
          "facts@10": 0.0
        },
        {
          "task_key": "sigless_eb153fa6decd",
          "n": 10,
          "pass@10": 0.0,
          "compile@10": 1.0,
          "facts@10": 0.0
        },
        {
          "task_key": "sigless_567907c17adc",
          "n": 10,
          "pass@10": 0.0,
          "compile@10": 1.0,
          "facts@10": 0.0
        },
        {
          "task_key": "sigless_8d5280ab6de8",
          "n": 10,
          "pass@10": 0.0,
          "compile@10": 1.0,
          "facts@10": 0.0
        },
        {
          "task_key": "sigless_2b9f3e41dab0",
          "n": 10,
          "pass@10": 0.0,
          "compile@10": 1.0,
          "facts@10": 0.0
        },
        {
          "task_key": "sigless_816fc29f1f54",
          "n": 10,
          "pass@10": 0.0,
          "compile@10": 1.0,
          "facts@10": 0.0
        },
        {
          "task_key": "sigless_9eebadbf0966",
          "n": 10,
          "pass@10": 0.0,
          "compile@10": 1.0,
          "facts@10": 0.0
        },
        {
          "task_key": "sigless_3751a7b4226e",
          "n": 10,
          "pass@10": 0.0,
          "compile@10": 1.0,
          "facts@10": 0.0
        },
        {
          "task_key": "sigless_077cbee75c21",
          "n": 10,
          "pass@10": 0.0,
          "compile@10": 1.0,
          "facts@10": 0.0
        },
        {
          "task_key": "sigless_7bd34a18b126",
          "n": 10,
          "pass@10": 0.0,
          "compile@10": 1.0,
          "facts@10": 0.0
        },
        {
          "task_key": "sigless_80931d6275f0",
          "n": 10,
          "pass@10": 0.0,
          "compile@10": 1.0,
          "facts@10": 0.0
        },
        {
          "task_key": "sigless_72b78a5a4dca",
          "n": 10,
          "pass@10": 0.0,
          "compile@10": 1.0,
          "facts@10": 0.0
        },
        {
          "task_key": "sigless_c5a71755a377",
          "n": 10,
          "pass@10": 0.0,
          "compile@10": 1.0,
          "facts@10": 0.0
        },
        {
          "task_key": "sigless_8910fffbfa89",
          "n": 10,
          "pass@10": 0.0,
          "compile@10": 1.0,
          "facts@10": 0.0
        },
        {
          "task_key": "sigless_3c8f6582cbd5",
          "n": 10,
          "pass@10": 0.0,
          "compile@10": 1.0,
          "facts@10": 0.0
        },
        {
          "task_key": "sigless_a92da3de94b3",
          "n": 10,
          "pass@10": 0.0,
          "compile@10": 1.0,
          "facts@10": 0.0
        },
        {
          "task_key": "sigless_54718c567d29",
          "n": 10,
          "pass@10": 0.0,
          "compile@10": 1.0,
          "facts@10": 0.0
        },
        {
          "task_key": "sigless_aa908c9f6fcf",
          "n": 10,
          "pass@10": 0.0,
          "compile@10": 1.0,
          "facts@10": 0.0
        },
        {
          "task_key": "sigless_df16d8bb330c",
          "n": 10,
          "pass@10": 0.0,
          "compile@10": 1.0,
          "facts@10": 0.0
        },
        {
          "task_key": "sigless_f701382ad258",
          "n": 10,
          "pass@10": 0.0,
          "compile@10": 1.0,
          "facts@10": 0.0
        },
        {
          "task_key": "sigless_f7c02fa0ff84",
          "n": 10,
          "pass@10": 0.0,
          "compile@10": 1.0,
          "facts@10": 0.0
        },
        {
          "task_key": "sigless_34eb1874db32",
          "n": 10,
          "pass@10": 0.0,
          "compile@10": 1.0,
          "facts@10": 0.0
        },
        {
          "task_key": "sigless_cedea9bb57b4",
          "n": 10,
          "pass@10": 0.0,
          "compile@10": 1.0,
          "facts@10": 0.0
        },
        {
          "task_key": "sigless_ebd37dac0eb4",
          "n": 10,
          "pass@10": 0.0,
          "compile@10": 1.0,
          "facts@10": 0.0
        },
        {
          "task_key": "sigless_28ee3efc1e69",
          "n": 10,
          "pass@10": 0.0,
          "compile@10": 1.0,
          "facts@10": 0.0
        },
        {
          "task_key": "sigless_22e823c453e9",
          "n": 10,
          "pass@10": 0.0,
          "compile@10": 1.0,
          "facts@10": 0.0
        },
        {
          "task_key": "sigless_08e2cf400688",
          "n": 10,
          "pass@10": 0.0,
          "compile@10": 1.0,
          "facts@10": 0.0
        },
        {
          "task_key": "sigless_a7d3fdca5a88",
          "n": 10,
          "pass@10": 0.0,
          "compile@10": 1.0,
          "facts@10": 0.0
        },
        {
          "task_key": "sigless_acf10aa981d9",
          "n": 10,
          "pass@10": 0.0,
          "compile@10": 1.0,
          "facts@10": 0.0
        },
        {
          "task_key": "sigless_7b11a134aade",
          "n": 10,
          "pass@10": 0.0,
          "compile@10": 1.0,
          "facts@10": 0.0
        },
        {
          "task_key": "sigless_32764371aad2",
          "n": 10,
          "pass@10": 0.0,
          "compile@10": 1.0,
          "facts@10": 0.0
        },
        {
          "task_key": "sigless_e6da20659972",
          "n": 10,
          "pass@10": 0.0,
          "compile@10": 1.0,
          "facts@10": 0.0
        },
        {
          "task_key": "sigless_242eb7836088",
          "n": 10,
          "pass@10": 0.0,
          "compile@10": 1.0,
          "facts@10": 0.0
        },
        {
          "task_key": "sigless_cad1e080dfcc",
          "n": 10,
          "pass@10": 0.0,
          "compile@10": 1.0,
          "facts@10": 0.0
        },
        {
          "task_key": "sigless_58c9493e7045",
          "n": 10,
          "pass@10": 0.0,
          "compile@10": 1.0,
          "facts@10": 0.0
        },
        {
          "task_key": "sigless_ada0dfa1f2f5",
          "n": 10,
          "pass@10": 0.0,
          "compile@10": 1.0,
          "facts@10": 0.0
        },
        {
          "task_key": "sigless_5feeac8a22d9",
          "n": 10,
          "pass@10": 0.0,
          "compile@10": 1.0,
          "facts@10": 0.0
        },
        {
          "task_key": "sigless_bf56bc4f6b5c",
          "n": 10,
          "pass@10": 0.0,
          "compile@10": 1.0,
          "facts@10": 0.0
        },
        {
          "task_key": "sigless_c84ad8185daf",
          "n": 10,
          "pass@10": 0.0,
          "compile@10": 1.0,
          "facts@10": 0.0
        },
        {
          "task_key": "sigless_f6bf311895a9",
          "n": 10,
          "pass@10": 0.0,
          "compile@10": 1.0,
          "facts@10": 0.0
        },
        {
          "task_key": "sigless_ad752712fb1b",
          "n": 10,
          "pass@10": 0.0,
          "compile@10": 1.0,
          "facts@10": 0.0
        },
        {
          "task_key": "sigless_f514708b22c3",
          "n": 10,
          "pass@10": 0.0,
          "compile@10": 1.0,
          "facts@10": 0.0
        },
        {
          "task_key": "sigless_96bbfe276e55",
          "n": 10,
          "pass@10": 0.0,
          "compile@10": 1.0,
          "facts@10": 0.0
        },
        {
          "task_key": "sigless_09cd034aaea0",
          "n": 10,
          "pass@10": 0.0,
          "compile@10": 1.0,
          "facts@10": 0.0
        },
        {
          "task_key": "sigless_5bc0d4090303",
          "n": 10,
          "pass@10": 0.0,
          "compile@10": 1.0,
          "facts@10": 0.0
        },
        {
          "task_key": "sigless_41d93a3f0a7f",
          "n": 10,
          "pass@10": 0.0,
          "compile@10": 1.0,
          "facts@10": 0.0
        },
        {
          "task_key": "sigless_c8ac074e3ef5",
          "n": 10,
          "pass@10": 0.0,
          "compile@10": 1.0,
          "facts@10": 0.0
        },
        {
          "task_key": "sigless_725d6f6c2445",
          "n": 10,
          "pass@10": 0.0,
          "compile@10": 1.0,
          "facts@10": 0.0
        },
        {
          "task_key": "sigless_b56c4c95e504",
          "n": 10,
          "pass@10": 0.0,
          "compile@10": 1.0,
          "facts@10": 0.0
        },
        {
          "task_key": "sigless_d36d60ca0607",
          "n": 10,
          "pass@10": 0.0,
          "compile@10": 1.0,
          "facts@10": 0.0
        },
        {
          "task_key": "sigless_aa90fa9fe4da",
          "n": 10,
          "pass@10": 0.0,
          "compile@10": 1.0,
          "facts@10": 0.0
        },
        {
          "task_key": "sigless_49e496017b9e",
          "n": 10,
          "pass@10": 0.0,
          "compile@10": 1.0,
          "facts@10": 0.0
        },
        {
          "task_key": "sigless_8f40c3a3a325",
          "n": 10,
          "pass@10": 0.0,
          "compile@10": 1.0,
          "facts@10": 0.0
        },
        {
          "task_key": "sigless_d0184dea0cb3",
          "n": 10,
          "pass@10": 0.0,
          "compile@10": 1.0,
          "facts@10": 0.0
        },
        {
          "task_key": "sigless_bed3ad890ead",
          "n": 10,
          "pass@10": 0.0,
          "compile@10": 1.0,
          "facts@10": 0.0
        },
        {
          "task_key": "sigless_93a7b2d49188",
          "n": 10,
          "pass@10": 0.0,
          "compile@10": 1.0,
          "facts@10": 0.0
        },
        {
          "task_key": "sigless_0689b540dadc",
          "n": 10,
          "pass@10": 0.0,
          "compile@10": 1.0,
          "facts@10": 0.0
        },
        {
          "task_key": "sigless_16662508aabf",
          "n": 10,
          "pass@10": 0.0,
          "compile@10": 1.0,
          "facts@10": 0.0
        },
        {
          "task_key": "sigless_d9459bc02b27",
          "n": 10,
          "pass@10": 0.0,
          "compile@10": 1.0,
          "facts@10": 0.0
        },
        {
          "task_key": "sigless_f6a02366ce91",
          "n": 10,
          "pass@10": 0.0,
          "compile@10": 1.0,
          "facts@10": 0.0
        },
        {
          "task_key": "sigless_26ac4a00e81d",
          "n": 10,
          "pass@10": 0.0,
          "compile@10": 1.0,
          "facts@10": 0.0
        },
        {
          "task_key": "sigless_a0b0360f4dd5",
          "n": 10,
          "pass@10": 0.0,
          "compile@10": 1.0,
          "facts@10": 0.0
        },
        {
          "task_key": "sigless_bf128b6951a1",
          "n": 10,
          "pass@10": 0.0,
          "compile@10": 1.0,
          "facts@10": 0.0
        },
        {
          "task_key": "sigless_a917bfa2210a",
          "n": 10,
          "pass@10": 0.0,
          "compile@10": 1.0,
          "facts@10": 0.0
        },
        {
          "task_key": "sigless_223268bc745d",
          "n": 10,
          "pass@10": 0.0,
          "compile@10": 1.0,
          "facts@10": 0.0
        },
        {
          "task_key": "sigless_4ec22523397e",
          "n": 10,
          "pass@10": 0.0,
          "compile@10": 1.0,
          "facts@10": 0.0
        },
        {
          "task_key": "sigless_dc01da6f3637",
          "n": 10,
          "pass@10": 0.0,
          "compile@10": 1.0,
          "facts@10": 0.0
        },
        {
          "task_key": "sigless_3c48424dcffb",
          "n": 10,
          "pass@10": 0.0,
          "compile@10": 1.0,
          "facts@10": 0.0
        },
        {
          "task_key": "sigless_0d334fba07b8",
          "n": 10,
          "pass@10": 0.0,
          "compile@10": 1.0,
          "facts@10": 0.0
        },
        {
          "task_key": "sigless_4c8751ce14b4",
          "n": 10,
          "pass@10": 0.0,
          "compile@10": 1.0,
          "facts@10": 0.0
        },
        {
          "task_key": "sigless_f3f817fc3903",
          "n": 10,
          "pass@10": 0.0,
          "compile@10": 1.0,
          "facts@10": 0.0
        },
        {
          "task_key": "sigless_7ab18552885b",
          "n": 10,
          "pass@10": 0.0,
          "compile@10": 1.0,
          "facts@10": 0.0
        },
        {
          "task_key": "sigless_281afb93c845",
          "n": 10,
          "pass@10": 0.0,
          "compile@10": 1.0,
          "facts@10": 0.0
        },
        {
          "task_key": "sigless_24b31001b003",
          "n": 10,
          "pass@10": 0.0,
          "compile@10": 0.0,
          "facts@10": 0.0
        },
        {
          "task_key": "sigless_c2b7dcf65eb5",
          "n": 10,
          "pass@10": 0.0,
          "compile@10": 1.0,
          "facts@10": 0.0
        },
        {
          "task_key": "sigless_902b80fff5b5",
          "n": 10,
          "pass@10": 0.0,
          "compile@10": 1.0,
          "facts@10": 0.0
        },
        {
          "task_key": "sigless_851b2a6276fe",
          "n": 10,
          "pass@10": 0.0,
          "compile@10": 1.0,
          "facts@10": 0.0
        },
        {
          "task_key": "sigless_86c82dc144b0",
          "n": 10,
          "pass@10": 0.0,
          "compile@10": 1.0,
          "facts@10": 0.0
        },
        {
          "task_key": "sigless_c2deb4325727",
          "n": 10,
          "pass@10": 0.0,
          "compile@10": 1.0,
          "facts@10": 0.0
        },
        {
          "task_key": "sigless_0f224c564d47",
          "n": 10,
          "pass@10": 0.0,
          "compile@10": 1.0,
          "facts@10": 0.0
        },
        {
          "task_key": "sigless_850f0cba94ee",
          "n": 10,
          "pass@10": 0.0,
          "compile@10": 1.0,
          "facts@10": 0.0
        },
        {
          "task_key": "sigless_36af6bea8040",
          "n": 10,
          "pass@10": 0.0,
          "compile@10": 1.0,
          "facts@10": 0.0
        },
        {
          "task_key": "sigless_0a2a5d0b4fba",
          "n": 10,
          "pass@10": 0.0,
          "compile@10": 1.0,
          "facts@10": 0.0
        },
        {
          "task_key": "sigless_ea13638597d9",
          "n": 10,
          "pass@10": 0.0,
          "compile@10": 1.0,
          "facts@10": 0.0
        },
        {
          "task_key": "sigless_d58e0cbe345f",
          "n": 10,
          "pass@10": 0.0,
          "compile@10": 1.0,
          "facts@10": 0.0
        },
        {
          "task_key": "sigless_2eba1849841f",
          "n": 10,
          "pass@10": 0.0,
          "compile@10": 1.0,
          "facts@10": 0.0
        },
        {
          "task_key": "sigless_94be97bf6bc9",
          "n": 10,
          "pass@10": 0.0,
          "compile@10": 1.0,
          "facts@10": 0.0
        },
        {
          "task_key": "sigless_ac38a153e298",
          "n": 10,
          "pass@10": 0.0,
          "compile@10": 1.0,
          "facts@10": 0.0
        },
        {
          "task_key": "sigless_74a8683d28b7",
          "n": 10,
          "pass@10": 0.0,
          "compile@10": 1.0,
          "facts@10": 0.0
        },
        {
          "task_key": "sigless_3d1a89814430",
          "n": 10,
          "pass@10": 0.0,
          "compile@10": 1.0,
          "facts@10": 0.0
        },
        {
          "task_key": "sigless_fd2dab7e0235",
          "n": 10,
          "pass@10": 0.0,
          "compile@10": 1.0,
          "facts@10": 0.0
        },
        {
          "task_key": "sigless_3e3d25a37c3e",
          "n": 10,
          "pass@10": 0.0,
          "compile@10": 1.0,
          "facts@10": 0.0
        },
        {
          "task_key": "sigless_012c7b64cd1e",
          "n": 10,
          "pass@10": 0.0,
          "compile@10": 1.0,
          "facts@10": 0.0
        },
        {
          "task_key": "sigless_c5d69f4385dd",
          "n": 10,
          "pass@10": 0.0,
          "compile@10": 1.0,
          "facts@10": 0.0
        },
        {
          "task_key": "sigless_fd9b5c34b682",
          "n": 10,
          "pass@10": 0.0,
          "compile@10": 1.0,
          "facts@10": 0.0
        },
        {
          "task_key": "sigless_a5627fd985ed",
          "n": 10,
          "pass@10": 0.0,
          "compile@10": 1.0,
          "facts@10": 0.0
        },
        {
          "task_key": "sigless_cb299729c415",
          "n": 10,
          "pass@10": 0.0,
          "compile@10": 1.0,
          "facts@10": 0.0
        },
        {
          "task_key": "sigless_c410475f2267",
          "n": 10,
          "pass@10": 0.0,
          "compile@10": 1.0,
          "facts@10": 0.0
        },
        {
          "task_key": "sigless_81162dd70cff",
          "n": 10,
          "pass@10": 0.0,
          "compile@10": 1.0,
          "facts@10": 0.0
        },
        {
          "task_key": "sigless_9f72e1de2b88",
          "n": 10,
          "pass@10": 0.0,
          "compile@10": 1.0,
          "facts@10": 0.0
        },
        {
          "task_key": "sigless_ab052d24c402",
          "n": 10,
          "pass@10": 0.0,
          "compile@10": 1.0,
          "facts@10": 0.0
        },
        {
          "task_key": "sigless_ee48a457df4d",
          "n": 10,
          "pass@10": 0.0,
          "compile@10": 1.0,
          "facts@10": 0.0
        },
        {
          "task_key": "sigless_b900435bac8f",
          "n": 10,
          "pass@10": 0.0,
          "compile@10": 1.0,
          "facts@10": 0.0
        },
        {
          "task_key": "sigless_1dc0892b9294",
          "n": 10,
          "pass@10": 0.0,
          "compile@10": 1.0,
          "facts@10": 0.0
        },
        {
          "task_key": "sigless_0f676d9dd799",
          "n": 10,
          "pass@10": 0.0,
          "compile@10": 1.0,
          "facts@10": 0.0
        },
        {
          "task_key": "sigless_46b923d9a415",
          "n": 10,
          "pass@10": 0.0,
          "compile@10": 1.0,
          "facts@10": 0.0
        },
        {
          "task_key": "sigless_a7077836c395",
          "n": 10,
          "pass@10": 0.0,
          "compile@10": 1.0,
          "facts@10": 0.0
        },
        {
          "task_key": "sigless_9a61c22db822",
          "n": 10,
          "pass@10": 0.0,
          "compile@10": 1.0,
          "facts@10": 0.0
        },
        {
          "task_key": "sigless_a320a4962b0a",
          "n": 10,
          "pass@10": 0.0,
          "compile@10": 1.0,
          "facts@10": 0.0
        },
        {
          "task_key": "sigless_204516bc342b",
          "n": 10,
          "pass@10": 0.0,
          "compile@10": 1.0,
          "facts@10": 0.0
        },
        {
          "task_key": "sigless_81b0d79e6290",
          "n": 10,
          "pass@10": 0.0,
          "compile@10": 1.0,
          "facts@10": 0.0
        },
        {
          "task_key": "sigless_e77e08adc44f",
          "n": 10,
          "pass@10": 0.0,
          "compile@10": 1.0,
          "facts@10": 0.0
        },
        {
          "task_key": "sigless_1583d7d4955d",
          "n": 10,
          "pass@10": 0.0,
          "compile@10": 1.0,
          "facts@10": 0.0
        },
        {
          "task_key": "sigless_d932c2f041ab",
          "n": 10,
          "pass@10": 0.0,
          "compile@10": 1.0,
          "facts@10": 0.0
        },
        {
          "task_key": "sigless_017735ac85d8",
          "n": 10,
          "pass@10": 0.0,
          "compile@10": 1.0,
          "facts@10": 0.0
        },
        {
          "task_key": "sigless_8aac1f98ef36",
          "n": 10,
          "pass@10": 0.0,
          "compile@10": 1.0,
          "facts@10": 0.0
        },
        {
          "task_key": "sigless_c3c37fc844bf",
          "n": 10,
          "pass@10": 0.0,
          "compile@10": 1.0,
          "facts@10": 0.0
        },
        {
          "task_key": "sigless_18dac3bddab9",
          "n": 10,
          "pass@10": 0.0,
          "compile@10": 1.0,
          "facts@10": 0.0
        },
        {
          "task_key": "sigless_bbfa260f5e8f",
          "n": 10,
          "pass@10": 0.0,
          "compile@10": 1.0,
          "facts@10": 0.0
        },
        {
          "task_key": "sigless_dbc5cddf48e5",
          "n": 10,
          "pass@10": 0.0,
          "compile@10": 1.0,
          "facts@10": 0.0
        },
        {
          "task_key": "sigless_ec028412016f",
          "n": 10,
          "pass@10": 0.0,
          "compile@10": 1.0,
          "facts@10": 0.0
        },
        {
          "task_key": "sigless_f4cdbd8aca6c",
          "n": 10,
          "pass@10": 0.0,
          "compile@10": 1.0,
          "facts@10": 0.0
        },
        {
          "task_key": "sigless_243a175a4665",
          "n": 10,
          "pass@10": 0.0,
          "compile@10": 1.0,
          "facts@10": 0.0
        },
        {
          "task_key": "sigless_204f18d667a7",
          "n": 10,
          "pass@10": 0.0,
          "compile@10": 1.0,
          "facts@10": 0.0
        },
        {
          "task_key": "sigless_10b779e8ccb8",
          "n": 10,
          "pass@10": 0.0,
          "compile@10": 1.0,
          "facts@10": 0.0
        },
        {
          "task_key": "sigless_2c7c5fe7a31d",
          "n": 10,
          "pass@10": 0.0,
          "compile@10": 1.0,
          "facts@10": 0.0
        },
        {
          "task_key": "sigless_7fb1d39c8df3",
          "n": 10,
          "pass@10": 0.0,
          "compile@10": 1.0,
          "facts@10": 0.0
        },
        {
          "task_key": "sigless_2be23781d18d",
          "n": 10,
          "pass@10": 0.0,
          "compile@10": 1.0,
          "facts@10": 0.0
        },
        {
          "task_key": "sigless_2f994c6ed6d6",
          "n": 10,
          "pass@10": 0.0,
          "compile@10": 1.0,
          "facts@10": 0.0
        },
        {
          "task_key": "sigless_f1f72f5d0c07",
          "n": 10,
          "pass@10": 0.0,
          "compile@10": 1.0,
          "facts@10": 0.0
        },
        {
          "task_key": "sigless_9548a0e1a20a",
          "n": 10,
          "pass@10": 0.0,
          "compile@10": 1.0,
          "facts@10": 0.0
        },
        {
          "task_key": "sigless_7f22ce24fcb6",
          "n": 10,
          "pass@10": 0.0,
          "compile@10": 1.0,
          "facts@10": 0.0
        },
        {
          "task_key": "sigless_2f2d14b83e4b",
          "n": 10,
          "pass@10": 0.0,
          "compile@10": 1.0,
          "facts@10": 0.0
        },
        {
          "task_key": "sigless_33758c100f57",
          "n": 10,
          "pass@10": 0.0,
          "compile@10": 1.0,
          "facts@10": 0.0
        },
        {
          "task_key": "sigless_43a9b73f7242",
          "n": 10,
          "pass@10": 0.0,
          "compile@10": 1.0,
          "facts@10": 0.0
        },
        {
          "task_key": "sigless_d41223e60e42",
          "n": 10,
          "pass@10": 0.0,
          "compile@10": 1.0,
          "facts@10": 0.0
        },
        {
          "task_key": "sigless_26289372482a",
          "n": 10,
          "pass@10": 0.0,
          "compile@10": 1.0,
          "facts@10": 0.0
        },
        {
          "task_key": "sigless_6b519088b600",
          "n": 10,
          "pass@10": 0.0,
          "compile@10": 1.0,
          "facts@10": 0.0
        },
        {
          "task_key": "sigless_fb9b2485ae9b",
          "n": 10,
          "pass@10": 0.0,
          "compile@10": 1.0,
          "facts@10": 0.0
        },
        {
          "task_key": "sigless_2219e85f0b2b",
          "n": 10,
          "pass@10": 0.0,
          "compile@10": 1.0,
          "facts@10": 0.0
        },
        {
          "task_key": "sigless_990aa63bb472",
          "n": 10,
          "pass@10": 0.0,
          "compile@10": 1.0,
          "facts@10": 0.0
        },
        {
          "task_key": "sigless_87d68cc53b59",
          "n": 10,
          "pass@10": 0.0,
          "compile@10": 1.0,
          "facts@10": 0.0
        },
        {
          "task_key": "sigless_57ff19c15e0b",
          "n": 10,
          "pass@10": 0.0,
          "compile@10": 1.0,
          "facts@10": 0.0
        },
        {
          "task_key": "sigless_507f37bcd84f",
          "n": 10,
          "pass@10": 0.0,
          "compile@10": 1.0,
          "facts@10": 0.0
        },
        {
          "task_key": "sigless_8c102623e031",
          "n": 10,
          "pass@10": 0.0,
          "compile@10": 1.0,
          "facts@10": 0.0
        },
        {
          "task_key": "sigless_13a6dd86ec41",
          "n": 10,
          "pass@10": 0.0,
          "compile@10": 1.0,
          "facts@10": 0.0
        },
        {
          "task_key": "sigless_cc51ad00e22d",
          "n": 10,
          "pass@10": 0.0,
          "compile@10": 1.0,
          "facts@10": 0.0
        },
        {
          "task_key": "sigless_33b2d425b893",
          "n": 10,
          "pass@10": 0.0,
          "compile@10": 1.0,
          "facts@10": 0.0
        },
        {
          "task_key": "sigless_d536c0559b07",
          "n": 10,
          "pass@10": 0.0,
          "compile@10": 1.0,
          "facts@10": 0.0
        },
        {
          "task_key": "sigless_eb2d20bf5ef5",
          "n": 10,
          "pass@10": 0.0,
          "compile@10": 1.0,
          "facts@10": 0.0
        },
        {
          "task_key": "sigless_caa7fac6b703",
          "n": 10,
          "pass@10": 0.0,
          "compile@10": 1.0,
          "facts@10": 0.0
        },
        {
          "task_key": "sigless_1c1c06b969c0",
          "n": 10,
          "pass@10": 0.0,
          "compile@10": 1.0,
          "facts@10": 0.0
        },
        {
          "task_key": "sigless_e27888d66d53",
          "n": 10,
          "pass@10": 0.0,
          "compile@10": 1.0,
          "facts@10": 0.0
        },
        {
          "task_key": "sigless_8254cbec5078",
          "n": 10,
          "pass@10": 0.0,
          "compile@10": 1.0,
          "facts@10": 0.0
        },
        {
          "task_key": "sigless_71145e5c2472",
          "n": 10,
          "pass@10": 0.0,
          "compile@10": 1.0,
          "facts@10": 0.0
        },
        {
          "task_key": "sigless_9f37196b8e35",
          "n": 10,
          "pass@10": 0.0,
          "compile@10": 1.0,
          "facts@10": 0.0
        },
        {
          "task_key": "sigless_77029958b042",
          "n": 10,
          "pass@10": 0.0,
          "compile@10": 1.0,
          "facts@10": 0.0
        },
        {
          "task_key": "sigless_ff02c3c2ea99",
          "n": 10,
          "pass@10": 0.0,
          "compile@10": 1.0,
          "facts@10": 0.0
        },
        {
          "task_key": "sigless_42238084b7bb",
          "n": 10,
          "pass@10": 0.0,
          "compile@10": 1.0,
          "facts@10": 0.0
        },
        {
          "task_key": "sigless_8e3a3ae831b8",
          "n": 10,
          "pass@10": 0.0,
          "compile@10": 1.0,
          "facts@10": 0.0
        },
        {
          "task_key": "sigless_542df42d457e",
          "n": 10,
          "pass@10": 0.0,
          "compile@10": 1.0,
          "facts@10": 0.0
        },
        {
          "task_key": "sigless_b58dcc604aa0",
          "n": 10,
          "pass@10": 0.0,
          "compile@10": 1.0,
          "facts@10": 0.0
        },
        {
          "task_key": "sigless_27b77840b581",
          "n": 10,
          "pass@10": 0.0,
          "compile@10": 1.0,
          "facts@10": 0.0
        },
        {
          "task_key": "sigless_0fbd54b0ca72",
          "n": 10,
          "pass@10": 0.0,
          "compile@10": 1.0,
          "facts@10": 0.0
        },
        {
          "task_key": "sigless_0ae891d93af5",
          "n": 10,
          "pass@10": 0.0,
          "compile@10": 1.0,
          "facts@10": 0.0
        },
        {
          "task_key": "sigless_493855bb945d",
          "n": 10,
          "pass@10": 0.0,
          "compile@10": 1.0,
          "facts@10": 0.0
        },
        {
          "task_key": "sigless_09cdf62c0bfe",
          "n": 10,
          "pass@10": 0.0,
          "compile@10": 1.0,
          "facts@10": 0.0
        },
        {
          "task_key": "sigless_38cedfaa2da9",
          "n": 10,
          "pass@10": 0.0,
          "compile@10": 1.0,
          "facts@10": 0.0
        },
        {
          "task_key": "sigless_d4daa2ae7d85",
          "n": 10,
          "pass@10": 0.0,
          "compile@10": 1.0,
          "facts@10": 0.0
        },
        {
          "task_key": "sigless_ee9fdc1b7495",
          "n": 10,
          "pass@10": 0.0,
          "compile@10": 1.0,
          "facts@10": 0.0
        },
        {
          "task_key": "sigless_e7ecd405199f",
          "n": 10,
          "pass@10": 0.0,
          "compile@10": 1.0,
          "facts@10": 0.0
        },
        {
          "task_key": "sigless_66cbcf809b6c",
          "n": 10,
          "pass@10": 0.0,
          "compile@10": 1.0,
          "facts@10": 0.0
        },
        {
          "task_key": "sigless_c93235045109",
          "n": 10,
          "pass@10": 0.0,
          "compile@10": 1.0,
          "facts@10": 0.0
        },
        {
          "task_key": "sigless_27553d88bf64",
          "n": 10,
          "pass@10": 0.0,
          "compile@10": 1.0,
          "facts@10": 0.0
        },
        {
          "task_key": "sigless_d7dc17745fd1",
          "n": 10,
          "pass@10": 0.0,
          "compile@10": 1.0,
          "facts@10": 0.0
        },
        {
          "task_key": "sigless_bbb0a7dd2e47",
          "n": 10,
          "pass@10": 0.0,
          "compile@10": 1.0,
          "facts@10": 0.0
        },
        {
          "task_key": "sigless_6c5caceb9a4a",
          "n": 10,
          "pass@10": 0.0,
          "compile@10": 1.0,
          "facts@10": 0.0
        },
        {
          "task_key": "sigless_cee85a147e0f",
          "n": 10,
          "pass@10": 0.0,
          "compile@10": 1.0,
          "facts@10": 0.0
        },
        {
          "task_key": "sigless_e125bfa46108",
          "n": 10,
          "pass@10": 0.0,
          "compile@10": 1.0,
          "facts@10": 0.0
        },
        {
          "task_key": "sigless_ce27c419ed4f",
          "n": 10,
          "pass@10": 0.0,
          "compile@10": 1.0,
          "facts@10": 0.0
        },
        {
          "task_key": "sigless_3a42b341cb0d",
          "n": 10,
          "pass@10": 0.0,
          "compile@10": 1.0,
          "facts@10": 0.0
        },
        {
          "task_key": "sigless_67a96a7b9e59",
          "n": 10,
          "pass@10": 0.0,
          "compile@10": 1.0,
          "facts@10": 0.0
        },
        {
          "task_key": "sigless_17f5e0def6d4",
          "n": 10,
          "pass@10": 0.0,
          "compile@10": 1.0,
          "facts@10": 0.0
        },
        {
          "task_key": "sigless_1145f6db3531",
          "n": 10,
          "pass@10": 0.0,
          "compile@10": 1.0,
          "facts@10": 0.0
        },
        {
          "task_key": "sigless_0f200e6664e6",
          "n": 10,
          "pass@10": 0.0,
          "compile@10": 1.0,
          "facts@10": 0.0
        },
        {
          "task_key": "sigless_3929799ed687",
          "n": 10,
          "pass@10": 0.0,
          "compile@10": 1.0,
          "facts@10": 0.0
        },
        {
          "task_key": "sigless_9c432f45ea27",
          "n": 10,
          "pass@10": 0.0,
          "compile@10": 1.0,
          "facts@10": 0.0
        },
        {
          "task_key": "sigless_4af6720f4362",
          "n": 10,
          "pass@10": 0.0,
          "compile@10": 1.0,
          "facts@10": 0.0
        },
        {
          "task_key": "sigless_f87c1c2ffb3c",
          "n": 10,
          "pass@10": 0.0,
          "compile@10": 1.0,
          "facts@10": 0.0
        },
        {
          "task_key": "sigless_2be8c75a3073",
          "n": 10,
          "pass@10": 0.0,
          "compile@10": 1.0,
          "facts@10": 0.0
        },
        {
          "task_key": "sigless_c64b41f948ee",
          "n": 10,
          "pass@10": 0.0,
          "compile@10": 1.0,
          "facts@10": 0.0
        },
        {
          "task_key": "sigless_3fa9d7070871",
          "n": 10,
          "pass@10": 0.0,
          "compile@10": 1.0,
          "facts@10": 0.0
        },
        {
          "task_key": "sigless_4d39b056ad31",
          "n": 10,
          "pass@10": 0.0,
          "compile@10": 1.0,
          "facts@10": 0.0
        },
        {
          "task_key": "sigless_108cdc335d48",
          "n": 10,
          "pass@10": 0.0,
          "compile@10": 1.0,
          "facts@10": 0.0
        },
        {
          "task_key": "sigless_0fe06286c78f",
          "n": 10,
          "pass@10": 0.0,
          "compile@10": 1.0,
          "facts@10": 0.0
        },
        {
          "task_key": "sigless_da940c8246a3",
          "n": 10,
          "pass@10": 0.0,
          "compile@10": 1.0,
          "facts@10": 0.0
        },
        {
          "task_key": "sigless_c37b1bba560e",
          "n": 10,
          "pass@10": 0.0,
          "compile@10": 1.0,
          "facts@10": 0.0
        },
        {
          "task_key": "sigless_2a0961492519",
          "n": 10,
          "pass@10": 0.0,
          "compile@10": 1.0,
          "facts@10": 0.0
        },
        {
          "task_key": "sigless_ad725c2c547b",
          "n": 10,
          "pass@10": 0.0,
          "compile@10": 1.0,
          "facts@10": 0.0
        },
        {
          "task_key": "sigless_937c58f239b2",
          "n": 10,
          "pass@10": 0.0,
          "compile@10": 1.0,
          "facts@10": 0.0
        },
        {
          "task_key": "sigless_bcaf0014136d",
          "n": 10,
          "pass@10": 0.0,
          "compile@10": 1.0,
          "facts@10": 0.0
        },
        {
          "task_key": "sigless_2dcb95305f63",
          "n": 10,
          "pass@10": 0.0,
          "compile@10": 1.0,
          "facts@10": 0.0
        },
        {
          "task_key": "sigless_4e18a67c50c4",
          "n": 10,
          "pass@10": 0.0,
          "compile@10": 1.0,
          "facts@10": 0.0
        },
        {
          "task_key": "sigless_7258607a5019",
          "n": 10,
          "pass@10": 0.0,
          "compile@10": 1.0,
          "facts@10": 0.0
        },
        {
          "task_key": "sigless_ab07a2178dfd",
          "n": 10,
          "pass@10": 0.0,
          "compile@10": 1.0,
          "facts@10": 0.0
        },
        {
          "task_key": "sigless_b09251c44c87",
          "n": 10,
          "pass@10": 0.0,
          "compile@10": 1.0,
          "facts@10": 0.0
        },
        {
          "task_key": "sigless_de373d4a6b1d",
          "n": 10,
          "pass@10": 0.0,
          "compile@10": 1.0,
          "facts@10": 0.0
        },
        {
          "task_key": "sigless_2172c93430c0",
          "n": 10,
          "pass@10": 0.0,
          "compile@10": 1.0,
          "facts@10": 0.0
        },
        {
          "task_key": "sigless_b6ced25fdd4b",
          "n": 10,
          "pass@10": 0.0,
          "compile@10": 1.0,
          "facts@10": 0.0
        },
        {
          "task_key": "sigless_d074e14296e7",
          "n": 10,
          "pass@10": 0.0,
          "compile@10": 1.0,
          "facts@10": 0.0
        },
        {
          "task_key": "sigless_a84885543dbb",
          "n": 10,
          "pass@10": 0.0,
          "compile@10": 1.0,
          "facts@10": 0.0
        },
        {
          "task_key": "sigless_2f29665d864f",
          "n": 10,
          "pass@10": 0.0,
          "compile@10": 1.0,
          "facts@10": 0.0
        },
        {
          "task_key": "sigless_e2dd576e7482",
          "n": 10,
          "pass@10": 0.0,
          "compile@10": 1.0,
          "facts@10": 0.0
        },
        {
          "task_key": "sigless_c5bebcad02f9",
          "n": 10,
          "pass@10": 0.0,
          "compile@10": 1.0,
          "facts@10": 0.0
        },
        {
          "task_key": "sigless_bca943b28a8f",
          "n": 10,
          "pass@10": 0.0,
          "compile@10": 1.0,
          "facts@10": 0.0
        },
        {
          "task_key": "sigless_8837a8bab3b8",
          "n": 10,
          "pass@10": 0.0,
          "compile@10": 1.0,
          "facts@10": 0.0
        },
        {
          "task_key": "sigless_b475cdee1ff3",
          "n": 10,
          "pass@10": 0.0,
          "compile@10": 1.0,
          "facts@10": 0.0
        },
        {
          "task_key": "sigless_06fb90d83c9d",
          "n": 10,
          "pass@10": 0.0,
          "compile@10": 1.0,
          "facts@10": 0.0
        },
        {
          "task_key": "sigless_6ba5da5276ae",
          "n": 10,
          "pass@10": 0.0,
          "compile@10": 1.0,
          "facts@10": 0.0
        },
        {
          "task_key": "sigless_9c491e7e254a",
          "n": 10,
          "pass@10": 0.0,
          "compile@10": 1.0,
          "facts@10": 0.0
        },
        {
          "task_key": "sigless_4d81b9d29551",
          "n": 10,
          "pass@10": 0.0,
          "compile@10": 1.0,
          "facts@10": 0.0
        },
        {
          "task_key": "sigless_2c83de6e29cc",
          "n": 10,
          "pass@10": 0.0,
          "compile@10": 1.0,
          "facts@10": 0.0
        },
        {
          "task_key": "sigless_a14434839689",
          "n": 10,
          "pass@10": 0.0,
          "compile@10": 1.0,
          "facts@10": 0.0
        },
        {
          "task_key": "sigless_30e45ab59b81",
          "n": 10,
          "pass@10": 0.0,
          "compile@10": 1.0,
          "facts@10": 0.0
        },
        {
          "task_key": "sigless_498ea0750ff2",
          "n": 10,
          "pass@10": 0.0,
          "compile@10": 1.0,
          "facts@10": 0.0
        },
        {
          "task_key": "sigless_fdbacf7aee49",
          "n": 10,
          "pass@10": 0.0,
          "compile@10": 1.0,
          "facts@10": 0.0
        },
        {
          "task_key": "sigless_0888b30aad68",
          "n": 10,
          "pass@10": 0.0,
          "compile@10": 1.0,
          "facts@10": 0.0
        },
        {
          "task_key": "sigless_5a7d3ccec54a",
          "n": 10,
          "pass@10": 0.0,
          "compile@10": 1.0,
          "facts@10": 0.0
        },
        {
          "task_key": "sigless_7c39ccdcb589",
          "n": 10,
          "pass@10": 0.0,
          "compile@10": 1.0,
          "facts@10": 0.0
        },
        {
          "task_key": "sigless_7c6e76d81edf",
          "n": 10,
          "pass@10": 0.0,
          "compile@10": 1.0,
          "facts@10": 0.0
        },
        {
          "task_key": "sigless_1ed3cb5e7dec",
          "n": 10,
          "pass@10": 0.0,
          "compile@10": 1.0,
          "facts@10": 0.0
        },
        {
          "task_key": "sigless_2574047c1f7e",
          "n": 10,
          "pass@10": 0.0,
          "compile@10": 1.0,
          "facts@10": 0.0
        },
        {
          "task_key": "sigless_731ebfff542e",
          "n": 10,
          "pass@10": 0.0,
          "compile@10": 1.0,
          "facts@10": 0.0
        },
        {
          "task_key": "sigless_09d96b4d2aeb",
          "n": 10,
          "pass@10": 0.0,
          "compile@10": 1.0,
          "facts@10": 0.0
        },
        {
          "task_key": "sigless_caa464f52d72",
          "n": 10,
          "pass@10": 0.0,
          "compile@10": 1.0,
          "facts@10": 0.0
        },
        {
          "task_key": "sigless_8a7c79e97050",
          "n": 10,
          "pass@10": 0.0,
          "compile@10": 1.0,
          "facts@10": 0.0
        }
      ],
      "prediction_file": "/workspace/artifacts/hybrid_v2_3_s44/02b_graph_only_functional_gate/causal_matched_permutation.json"
    },
    "causal_null": {
      "rows": 490,
      "candidates": 4900,
      "expected_candidates_per_task": 10,
      "coverage_validated": true,
      "pass_at_k": {
        "10": 0.0
      },
      "compile_at_k": {
        "10": 0.9979591836734694
      },
      "facts_at_k": {
        "10": 0.0
      },
      "per_task": [
        {
          "task_key": "sigless_b7de4453c6dc",
          "n": 10,
          "pass@10": 0.0,
          "compile@10": 1.0,
          "facts@10": 0.0
        },
        {
          "task_key": "sigless_0b53c604525e",
          "n": 10,
          "pass@10": 0.0,
          "compile@10": 1.0,
          "facts@10": 0.0
        },
        {
          "task_key": "sigless_7a62398c7887",
          "n": 10,
          "pass@10": 0.0,
          "compile@10": 1.0,
          "facts@10": 0.0
        },
        {
          "task_key": "sigless_d52dd8e341e4",
          "n": 10,
          "pass@10": 0.0,
          "compile@10": 1.0,
          "facts@10": 0.0
        },
        {
          "task_key": "sigless_a71f1113f60d",
          "n": 10,
          "pass@10": 0.0,
          "compile@10": 1.0,
          "facts@10": 0.0
        },
        {
          "task_key": "sigless_b6129668ab59",
          "n": 10,
          "pass@10": 0.0,
          "compile@10": 1.0,
          "facts@10": 0.0
        },
        {
          "task_key": "sigless_0365f62bc245",
          "n": 10,
          "pass@10": 0.0,
          "compile@10": 1.0,
          "facts@10": 0.0
        },
        {
          "task_key": "sigless_2d0041783349",
          "n": 10,
          "pass@10": 0.0,
          "compile@10": 1.0,
          "facts@10": 0.0
        },
        {
          "task_key": "sigless_6b2e7a1c61f9",
          "n": 10,
          "pass@10": 0.0,
          "compile@10": 1.0,
          "facts@10": 0.0
        },
        {
          "task_key": "sigless_f18e792dd3ff",
          "n": 10,
          "pass@10": 0.0,
          "compile@10": 1.0,
          "facts@10": 0.0
        },
        {
          "task_key": "sigless_1cde6d11c76b",
          "n": 10,
          "pass@10": 0.0,
          "compile@10": 1.0,
          "facts@10": 0.0
        },
        {
          "task_key": "sigless_bbdee3be50ed",
          "n": 10,
          "pass@10": 0.0,
          "compile@10": 1.0,
          "facts@10": 0.0
        },
        {
          "task_key": "sigless_df9f6f4f61f7",
          "n": 10,
          "pass@10": 0.0,
          "compile@10": 1.0,
          "facts@10": 0.0
        },
        {
          "task_key": "sigless_cbe368b961e9",
          "n": 10,
          "pass@10": 0.0,
          "compile@10": 1.0,
          "facts@10": 0.0
        },
        {
          "task_key": "sigless_7948a7818fa0",
          "n": 10,
          "pass@10": 0.0,
          "compile@10": 1.0,
          "facts@10": 0.0
        },
        {
          "task_key": "sigless_9cf090c6ea5c",
          "n": 10,
          "pass@10": 0.0,
          "compile@10": 1.0,
          "facts@10": 0.0
        },
        {
          "task_key": "sigless_f888fb5bd025",
          "n": 10,
          "pass@10": 0.0,
          "compile@10": 1.0,
          "facts@10": 0.0
        },
        {
          "task_key": "sigless_c90fd3e1eeef",
          "n": 10,
          "pass@10": 0.0,
          "compile@10": 1.0,
          "facts@10": 0.0
        },
        {
          "task_key": "sigless_52036dfad170",
          "n": 10,
          "pass@10": 0.0,
          "compile@10": 1.0,
          "facts@10": 0.0
        },
        {
          "task_key": "sigless_8b5904e4a5e5",
          "n": 10,
          "pass@10": 0.0,
          "compile@10": 1.0,
          "facts@10": 0.0
        },
        {
          "task_key": "sigless_b886463b0e12",
          "n": 10,
          "pass@10": 0.0,
          "compile@10": 1.0,
          "facts@10": 0.0
        },
        {
          "task_key": "sigless_60b43a816d2b",
          "n": 10,
          "pass@10": 0.0,
          "compile@10": 1.0,
          "facts@10": 0.0
        },
        {
          "task_key": "sigless_0d4fdf6df500",
          "n": 10,
          "pass@10": 0.0,
          "compile@10": 1.0,
          "facts@10": 0.0
        },
        {
          "task_key": "sigless_dd66b0f93fc8",
          "n": 10,
          "pass@10": 0.0,
          "compile@10": 1.0,
          "facts@10": 0.0
        },
        {
          "task_key": "sigless_90c06f84b243",
          "n": 10,
          "pass@10": 0.0,
          "compile@10": 1.0,
          "facts@10": 0.0
        },
        {
          "task_key": "sigless_4d597ad68b51",
          "n": 10,
          "pass@10": 0.0,
          "compile@10": 1.0,
          "facts@10": 0.0
        },
        {
          "task_key": "sigless_39ca01e0c405",
          "n": 10,
          "pass@10": 0.0,
          "compile@10": 1.0,
          "facts@10": 0.0
        },
        {
          "task_key": "sigless_110273aefecc",
          "n": 10,
          "pass@10": 0.0,
          "compile@10": 1.0,
          "facts@10": 0.0
        },
        {
          "task_key": "sigless_62d8f395fc0b",
          "n": 10,
          "pass@10": 0.0,
          "compile@10": 1.0,
          "facts@10": 0.0
        },
        {
          "task_key": "sigless_6a8289911c90",
          "n": 10,
          "pass@10": 0.0,
          "compile@10": 1.0,
          "facts@10": 0.0
        },
        {
          "task_key": "sigless_6e97727a17bc",
          "n": 10,
          "pass@10": 0.0,
          "compile@10": 1.0,
          "facts@10": 0.0
        },
        {
          "task_key": "sigless_a323c289f1a4",
          "n": 10,
          "pass@10": 0.0,
          "compile@10": 1.0,
          "facts@10": 0.0
        },
        {
          "task_key": "sigless_076db1fc2ac9",
          "n": 10,
          "pass@10": 0.0,
          "compile@10": 1.0,
          "facts@10": 0.0
        },
        {
          "task_key": "sigless_e75556d246c4",
          "n": 10,
          "pass@10": 0.0,
          "compile@10": 1.0,
          "facts@10": 0.0
        },
        {
          "task_key": "sigless_bd09372a0e6d",
          "n": 10,
          "pass@10": 0.0,
          "compile@10": 1.0,
          "facts@10": 0.0
        },
        {
          "task_key": "sigless_a082255f65bb",
          "n": 10,
          "pass@10": 0.0,
          "compile@10": 1.0,
          "facts@10": 0.0
        },
        {
          "task_key": "sigless_89787986563d",
          "n": 10,
          "pass@10": 0.0,
          "compile@10": 1.0,
          "facts@10": 0.0
        },
        {
          "task_key": "sigless_51bbadf72aa1",
          "n": 10,
          "pass@10": 0.0,
          "compile@10": 1.0,
          "facts@10": 0.0
        },
        {
          "task_key": "sigless_db1a18685678",
          "n": 10,
          "pass@10": 0.0,
          "compile@10": 1.0,
          "facts@10": 0.0
        },
        {
          "task_key": "sigless_4b03a66ddf05",
          "n": 10,
          "pass@10": 0.0,
          "compile@10": 1.0,
          "facts@10": 0.0
        },
        {
          "task_key": "sigless_345138ee0b97",
          "n": 10,
          "pass@10": 0.0,
          "compile@10": 1.0,
          "facts@10": 0.0
        },
        {
          "task_key": "sigless_d08c93d3412e",
          "n": 10,
          "pass@10": 0.0,
          "compile@10": 1.0,
          "facts@10": 0.0
        },
        {
          "task_key": "sigless_1c52877d8f3c",
          "n": 10,
          "pass@10": 0.0,
          "compile@10": 1.0,
          "facts@10": 0.0
        },
        {
          "task_key": "sigless_ab103f4d6e05",
          "n": 10,
          "pass@10": 0.0,
          "compile@10": 1.0,
          "facts@10": 0.0
        },
        {
          "task_key": "sigless_2942c6ddf1d9",
          "n": 10,
          "pass@10": 0.0,
          "compile@10": 1.0,
          "facts@10": 0.0
        },
        {
          "task_key": "sigless_9d74e87ed099",
          "n": 10,
          "pass@10": 0.0,
          "compile@10": 1.0,
          "facts@10": 0.0
        },
        {
          "task_key": "sigless_67bc14f5bf32",
          "n": 10,
          "pass@10": 0.0,
          "compile@10": 1.0,
          "facts@10": 0.0
        },
        {
          "task_key": "sigless_6f07c34f4a66",
          "n": 10,
          "pass@10": 0.0,
          "compile@10": 1.0,
          "facts@10": 0.0
        },
        {
          "task_key": "sigless_ec5591adbe0f",
          "n": 10,
          "pass@10": 0.0,
          "compile@10": 1.0,
          "facts@10": 0.0
        },
        {
          "task_key": "sigless_659810ce7846",
          "n": 10,
          "pass@10": 0.0,
          "compile@10": 1.0,
          "facts@10": 0.0
        },
        {
          "task_key": "sigless_7c3e5da4f3e6",
          "n": 10,
          "pass@10": 0.0,
          "compile@10": 1.0,
          "facts@10": 0.0
        },
        {
          "task_key": "sigless_13c183eabda7",
          "n": 10,
          "pass@10": 0.0,
          "compile@10": 1.0,
          "facts@10": 0.0
        },
        {
          "task_key": "sigless_3d20bce50914",
          "n": 10,
          "pass@10": 0.0,
          "compile@10": 1.0,
          "facts@10": 0.0
        },
        {
          "task_key": "sigless_f7e9ccb52ba5",
          "n": 10,
          "pass@10": 0.0,
          "compile@10": 1.0,
          "facts@10": 0.0
        },
        {
          "task_key": "sigless_73845357c994",
          "n": 10,
          "pass@10": 0.0,
          "compile@10": 1.0,
          "facts@10": 0.0
        },
        {
          "task_key": "sigless_c353cbcda946",
          "n": 10,
          "pass@10": 0.0,
          "compile@10": 1.0,
          "facts@10": 0.0
        },
        {
          "task_key": "sigless_66ed76f51d1c",
          "n": 10,
          "pass@10": 0.0,
          "compile@10": 1.0,
          "facts@10": 0.0
        },
        {
          "task_key": "sigless_a5b21e913a22",
          "n": 10,
          "pass@10": 0.0,
          "compile@10": 1.0,
          "facts@10": 0.0
        },
        {
          "task_key": "sigless_057ae641abd1",
          "n": 10,
          "pass@10": 0.0,
          "compile@10": 1.0,
          "facts@10": 0.0
        },
        {
          "task_key": "sigless_b0b8aa38ef16",
          "n": 10,
          "pass@10": 0.0,
          "compile@10": 1.0,
          "facts@10": 0.0
        },
        {
          "task_key": "sigless_6639ec9ceb5f",
          "n": 10,
          "pass@10": 0.0,
          "compile@10": 1.0,
          "facts@10": 0.0
        },
        {
          "task_key": "sigless_1313c5dd1cf8",
          "n": 10,
          "pass@10": 0.0,
          "compile@10": 1.0,
          "facts@10": 0.0
        },
        {
          "task_key": "sigless_703eb9b1bc9e",
          "n": 10,
          "pass@10": 0.0,
          "compile@10": 1.0,
          "facts@10": 0.0
        },
        {
          "task_key": "sigless_596fce3f8c4a",
          "n": 10,
          "pass@10": 0.0,
          "compile@10": 1.0,
          "facts@10": 0.0
        },
        {
          "task_key": "sigless_b173182a8783",
          "n": 10,
          "pass@10": 0.0,
          "compile@10": 1.0,
          "facts@10": 0.0
        },
        {
          "task_key": "sigless_064e5cef3776",
          "n": 10,
          "pass@10": 0.0,
          "compile@10": 1.0,
          "facts@10": 0.0
        },
        {
          "task_key": "sigless_68baa1f5817c",
          "n": 10,
          "pass@10": 0.0,
          "compile@10": 1.0,
          "facts@10": 0.0
        },
        {
          "task_key": "sigless_0d08cc61abab",
          "n": 10,
          "pass@10": 0.0,
          "compile@10": 1.0,
          "facts@10": 0.0
        },
        {
          "task_key": "sigless_d4723e6a6157",
          "n": 10,
          "pass@10": 0.0,
          "compile@10": 1.0,
          "facts@10": 0.0
        },
        {
          "task_key": "sigless_13ef64aabc9b",
          "n": 10,
          "pass@10": 0.0,
          "compile@10": 1.0,
          "facts@10": 0.0
        },
        {
          "task_key": "sigless_b8e647bd8f35",
          "n": 10,
          "pass@10": 0.0,
          "compile@10": 1.0,
          "facts@10": 0.0
        },
        {
          "task_key": "sigless_469174e12130",
          "n": 10,
          "pass@10": 0.0,
          "compile@10": 1.0,
          "facts@10": 0.0
        },
        {
          "task_key": "sigless_41756f669109",
          "n": 10,
          "pass@10": 0.0,
          "compile@10": 1.0,
          "facts@10": 0.0
        },
        {
          "task_key": "sigless_740a7e27b834",
          "n": 10,
          "pass@10": 0.0,
          "compile@10": 1.0,
          "facts@10": 0.0
        },
        {
          "task_key": "sigless_70e4100f300d",
          "n": 10,
          "pass@10": 0.0,
          "compile@10": 1.0,
          "facts@10": 0.0
        },
        {
          "task_key": "sigless_a9c1d47432a6",
          "n": 10,
          "pass@10": 0.0,
          "compile@10": 1.0,
          "facts@10": 0.0
        },
        {
          "task_key": "sigless_ecc4968d742a",
          "n": 10,
          "pass@10": 0.0,
          "compile@10": 1.0,
          "facts@10": 0.0
        },
        {
          "task_key": "sigless_6b458e9fbcc8",
          "n": 10,
          "pass@10": 0.0,
          "compile@10": 1.0,
          "facts@10": 0.0
        },
        {
          "task_key": "sigless_d49f910da1ec",
          "n": 10,
          "pass@10": 0.0,
          "compile@10": 1.0,
          "facts@10": 0.0
        },
        {
          "task_key": "sigless_b76dc6249c47",
          "n": 10,
          "pass@10": 0.0,
          "compile@10": 1.0,
          "facts@10": 0.0
        },
        {
          "task_key": "sigless_b299d0244666",
          "n": 10,
          "pass@10": 0.0,
          "compile@10": 1.0,
          "facts@10": 0.0
        },
        {
          "task_key": "sigless_7d3f4f4e08bb",
          "n": 10,
          "pass@10": 0.0,
          "compile@10": 1.0,
          "facts@10": 0.0
        },
        {
          "task_key": "sigless_030729b77a02",
          "n": 10,
          "pass@10": 0.0,
          "compile@10": 1.0,
          "facts@10": 0.0
        },
        {
          "task_key": "sigless_d3135fe16766",
          "n": 10,
          "pass@10": 0.0,
          "compile@10": 1.0,
          "facts@10": 0.0
        },
        {
          "task_key": "sigless_66321ff63538",
          "n": 10,
          "pass@10": 0.0,
          "compile@10": 1.0,
          "facts@10": 0.0
        },
        {
          "task_key": "sigless_75b361720d32",
          "n": 10,
          "pass@10": 0.0,
          "compile@10": 1.0,
          "facts@10": 0.0
        },
        {
          "task_key": "sigless_3dbab4cfbbcc",
          "n": 10,
          "pass@10": 0.0,
          "compile@10": 1.0,
          "facts@10": 0.0
        },
        {
          "task_key": "sigless_6127f6a64fff",
          "n": 10,
          "pass@10": 0.0,
          "compile@10": 1.0,
          "facts@10": 0.0
        },
        {
          "task_key": "sigless_b6c3fd6ec2c8",
          "n": 10,
          "pass@10": 0.0,
          "compile@10": 1.0,
          "facts@10": 0.0
        },
        {
          "task_key": "sigless_7b637660307e",
          "n": 10,
          "pass@10": 0.0,
          "compile@10": 1.0,
          "facts@10": 0.0
        },
        {
          "task_key": "sigless_e3f77107da83",
          "n": 10,
          "pass@10": 0.0,
          "compile@10": 1.0,
          "facts@10": 0.0
        },
        {
          "task_key": "sigless_e6b73fe74ebe",
          "n": 10,
          "pass@10": 0.0,
          "compile@10": 1.0,
          "facts@10": 0.0
        },
        {
          "task_key": "sigless_8a54562cb965",
          "n": 10,
          "pass@10": 0.0,
          "compile@10": 1.0,
          "facts@10": 0.0
        },
        {
          "task_key": "sigless_d6b65e55cda9",
          "n": 10,
          "pass@10": 0.0,
          "compile@10": 1.0,
          "facts@10": 0.0
        },
        {
          "task_key": "sigless_c12088ad14e1",
          "n": 10,
          "pass@10": 0.0,
          "compile@10": 1.0,
          "facts@10": 0.0
        },
        {
          "task_key": "sigless_1899482d12c6",
          "n": 10,
          "pass@10": 0.0,
          "compile@10": 1.0,
          "facts@10": 0.0
        },
        {
          "task_key": "sigless_b3d1f9259f1e",
          "n": 10,
          "pass@10": 0.0,
          "compile@10": 1.0,
          "facts@10": 0.0
        },
        {
          "task_key": "sigless_22bba0303553",
          "n": 10,
          "pass@10": 0.0,
          "compile@10": 1.0,
          "facts@10": 0.0
        },
        {
          "task_key": "sigless_ca58db8767bd",
          "n": 10,
          "pass@10": 0.0,
          "compile@10": 1.0,
          "facts@10": 0.0
        },
        {
          "task_key": "sigless_2d26d0d00957",
          "n": 10,
          "pass@10": 0.0,
          "compile@10": 1.0,
          "facts@10": 0.0
        },
        {
          "task_key": "sigless_94cf5a567ad3",
          "n": 10,
          "pass@10": 0.0,
          "compile@10": 1.0,
          "facts@10": 0.0
        },
        {
          "task_key": "sigless_79db543e7d39",
          "n": 10,
          "pass@10": 0.0,
          "compile@10": 1.0,
          "facts@10": 0.0
        },
        {
          "task_key": "sigless_ad2a9ff20246",
          "n": 10,
          "pass@10": 0.0,
          "compile@10": 1.0,
          "facts@10": 0.0
        },
        {
          "task_key": "sigless_c085be85a2e6",
          "n": 10,
          "pass@10": 0.0,
          "compile@10": 1.0,
          "facts@10": 0.0
        },
        {
          "task_key": "sigless_bedaadb0311a",
          "n": 10,
          "pass@10": 0.0,
          "compile@10": 1.0,
          "facts@10": 0.0
        },
        {
          "task_key": "sigless_1f2f06b4528e",
          "n": 10,
          "pass@10": 0.0,
          "compile@10": 1.0,
          "facts@10": 0.0
        },
        {
          "task_key": "sigless_915ba43041c7",
          "n": 10,
          "pass@10": 0.0,
          "compile@10": 1.0,
          "facts@10": 0.0
        },
        {
          "task_key": "sigless_004f59a87299",
          "n": 10,
          "pass@10": 0.0,
          "compile@10": 1.0,
          "facts@10": 0.0
        },
        {
          "task_key": "sigless_d28a82e78002",
          "n": 10,
          "pass@10": 0.0,
          "compile@10": 1.0,
          "facts@10": 0.0
        },
        {
          "task_key": "sigless_6b83fbf9abc1",
          "n": 10,
          "pass@10": 0.0,
          "compile@10": 1.0,
          "facts@10": 0.0
        },
        {
          "task_key": "sigless_3ee3daf03d6a",
          "n": 10,
          "pass@10": 0.0,
          "compile@10": 1.0,
          "facts@10": 0.0
        },
        {
          "task_key": "sigless_f5c7e9a5dfa2",
          "n": 10,
          "pass@10": 0.0,
          "compile@10": 1.0,
          "facts@10": 0.0
        },
        {
          "task_key": "sigless_c6ca790363f7",
          "n": 10,
          "pass@10": 0.0,
          "compile@10": 1.0,
          "facts@10": 0.0
        },
        {
          "task_key": "sigless_188fa8c42e48",
          "n": 10,
          "pass@10": 0.0,
          "compile@10": 1.0,
          "facts@10": 0.0
        },
        {
          "task_key": "sigless_3f4340a3219f",
          "n": 10,
          "pass@10": 0.0,
          "compile@10": 1.0,
          "facts@10": 0.0
        },
        {
          "task_key": "sigless_c8748305c9d3",
          "n": 10,
          "pass@10": 0.0,
          "compile@10": 1.0,
          "facts@10": 0.0
        },
        {
          "task_key": "sigless_7b70a26d6945",
          "n": 10,
          "pass@10": 0.0,
          "compile@10": 1.0,
          "facts@10": 0.0
        },
        {
          "task_key": "sigless_c31031440228",
          "n": 10,
          "pass@10": 0.0,
          "compile@10": 1.0,
          "facts@10": 0.0
        },
        {
          "task_key": "sigless_85b32a73e1d3",
          "n": 10,
          "pass@10": 0.0,
          "compile@10": 1.0,
          "facts@10": 0.0
        },
        {
          "task_key": "sigless_cdc47ed506ec",
          "n": 10,
          "pass@10": 0.0,
          "compile@10": 1.0,
          "facts@10": 0.0
        },
        {
          "task_key": "sigless_a88fec6d45e7",
          "n": 10,
          "pass@10": 0.0,
          "compile@10": 1.0,
          "facts@10": 0.0
        },
        {
          "task_key": "sigless_83853be1060f",
          "n": 10,
          "pass@10": 0.0,
          "compile@10": 1.0,
          "facts@10": 0.0
        },
        {
          "task_key": "sigless_983da71567bf",
          "n": 10,
          "pass@10": 0.0,
          "compile@10": 1.0,
          "facts@10": 0.0
        },
        {
          "task_key": "sigless_e48e4ee68199",
          "n": 10,
          "pass@10": 0.0,
          "compile@10": 1.0,
          "facts@10": 0.0
        },
        {
          "task_key": "sigless_fc6f26ef3f45",
          "n": 10,
          "pass@10": 0.0,
          "compile@10": 1.0,
          "facts@10": 0.0
        },
        {
          "task_key": "sigless_0e1cf8571184",
          "n": 10,
          "pass@10": 0.0,
          "compile@10": 1.0,
          "facts@10": 0.0
        },
        {
          "task_key": "sigless_7b76b1907bd4",
          "n": 10,
          "pass@10": 0.0,
          "compile@10": 1.0,
          "facts@10": 0.0
        },
        {
          "task_key": "sigless_f74db07ec709",
          "n": 10,
          "pass@10": 0.0,
          "compile@10": 1.0,
          "facts@10": 0.0
        },
        {
          "task_key": "sigless_17f3d0705dab",
          "n": 10,
          "pass@10": 0.0,
          "compile@10": 1.0,
          "facts@10": 0.0
        },
        {
          "task_key": "sigless_fa51e2ce8dac",
          "n": 10,
          "pass@10": 0.0,
          "compile@10": 1.0,
          "facts@10": 0.0
        },
        {
          "task_key": "sigless_e6670d44de36",
          "n": 10,
          "pass@10": 0.0,
          "compile@10": 1.0,
          "facts@10": 0.0
        },
        {
          "task_key": "sigless_c3e6841ef222",
          "n": 10,
          "pass@10": 0.0,
          "compile@10": 1.0,
          "facts@10": 0.0
        },
        {
          "task_key": "sigless_1913d877b0d9",
          "n": 10,
          "pass@10": 0.0,
          "compile@10": 1.0,
          "facts@10": 0.0
        },
        {
          "task_key": "sigless_6cdf9496e34f",
          "n": 10,
          "pass@10": 0.0,
          "compile@10": 1.0,
          "facts@10": 0.0
        },
        {
          "task_key": "sigless_14ecef0db26a",
          "n": 10,
          "pass@10": 0.0,
          "compile@10": 1.0,
          "facts@10": 0.0
        },
        {
          "task_key": "sigless_afe4cb2feb3d",
          "n": 10,
          "pass@10": 0.0,
          "compile@10": 1.0,
          "facts@10": 0.0
        },
        {
          "task_key": "sigless_7ed820cfa6bc",
          "n": 10,
          "pass@10": 0.0,
          "compile@10": 1.0,
          "facts@10": 0.0
        },
        {
          "task_key": "sigless_18bf17fc4ad8",
          "n": 10,
          "pass@10": 0.0,
          "compile@10": 1.0,
          "facts@10": 0.0
        },
        {
          "task_key": "sigless_27ecb3229592",
          "n": 10,
          "pass@10": 0.0,
          "compile@10": 1.0,
          "facts@10": 0.0
        },
        {
          "task_key": "sigless_e4dd645b0c75",
          "n": 10,
          "pass@10": 0.0,
          "compile@10": 1.0,
          "facts@10": 0.0
        },
        {
          "task_key": "sigless_094ac2f0e28b",
          "n": 10,
          "pass@10": 0.0,
          "compile@10": 1.0,
          "facts@10": 0.0
        },
        {
          "task_key": "sigless_424672322b21",
          "n": 10,
          "pass@10": 0.0,
          "compile@10": 1.0,
          "facts@10": 0.0
        },
        {
          "task_key": "sigless_d44d5e76ac84",
          "n": 10,
          "pass@10": 0.0,
          "compile@10": 1.0,
          "facts@10": 0.0
        },
        {
          "task_key": "sigless_18951b18f216",
          "n": 10,
          "pass@10": 0.0,
          "compile@10": 1.0,
          "facts@10": 0.0
        },
        {
          "task_key": "sigless_25f1579700e7",
          "n": 10,
          "pass@10": 0.0,
          "compile@10": 1.0,
          "facts@10": 0.0
        },
        {
          "task_key": "sigless_f503c3f7aaa3",
          "n": 10,
          "pass@10": 0.0,
          "compile@10": 1.0,
          "facts@10": 0.0
        },
        {
          "task_key": "sigless_7a0f0b072203",
          "n": 10,
          "pass@10": 0.0,
          "compile@10": 1.0,
          "facts@10": 0.0
        },
        {
          "task_key": "sigless_8c7fff5c0046",
          "n": 10,
          "pass@10": 0.0,
          "compile@10": 1.0,
          "facts@10": 0.0
        },
        {
          "task_key": "sigless_0e1fb8c0e6ff",
          "n": 10,
          "pass@10": 0.0,
          "compile@10": 1.0,
          "facts@10": 0.0
        },
        {
          "task_key": "sigless_ec1b5565fb0d",
          "n": 10,
          "pass@10": 0.0,
          "compile@10": 1.0,
          "facts@10": 0.0
        },
        {
          "task_key": "sigless_e283bf65a08e",
          "n": 10,
          "pass@10": 0.0,
          "compile@10": 1.0,
          "facts@10": 0.0
        },
        {
          "task_key": "sigless_ad28ce580a8a",
          "n": 10,
          "pass@10": 0.0,
          "compile@10": 1.0,
          "facts@10": 0.0
        },
        {
          "task_key": "sigless_4610eff6eafb",
          "n": 10,
          "pass@10": 0.0,
          "compile@10": 1.0,
          "facts@10": 0.0
        },
        {
          "task_key": "sigless_a14d3b7cc150",
          "n": 10,
          "pass@10": 0.0,
          "compile@10": 1.0,
          "facts@10": 0.0
        },
        {
          "task_key": "sigless_ae86739ea226",
          "n": 10,
          "pass@10": 0.0,
          "compile@10": 1.0,
          "facts@10": 0.0
        },
        {
          "task_key": "sigless_926981f81ffa",
          "n": 10,
          "pass@10": 0.0,
          "compile@10": 1.0,
          "facts@10": 0.0
        },
        {
          "task_key": "sigless_2b00fb069d1b",
          "n": 10,
          "pass@10": 0.0,
          "compile@10": 1.0,
          "facts@10": 0.0
        },
        {
          "task_key": "sigless_c42b92739a46",
          "n": 10,
          "pass@10": 0.0,
          "compile@10": 1.0,
          "facts@10": 0.0
        },
        {
          "task_key": "sigless_46ebb39a8885",
          "n": 10,
          "pass@10": 0.0,
          "compile@10": 1.0,
          "facts@10": 0.0
        },
        {
          "task_key": "sigless_9d4d8036fd79",
          "n": 10,
          "pass@10": 0.0,
          "compile@10": 1.0,
          "facts@10": 0.0
        },
        {
          "task_key": "sigless_a9eb5343a42e",
          "n": 10,
          "pass@10": 0.0,
          "compile@10": 1.0,
          "facts@10": 0.0
        },
        {
          "task_key": "sigless_490729808cbf",
          "n": 10,
          "pass@10": 0.0,
          "compile@10": 1.0,
          "facts@10": 0.0
        },
        {
          "task_key": "sigless_72bec92f0de2",
          "n": 10,
          "pass@10": 0.0,
          "compile@10": 1.0,
          "facts@10": 0.0
        },
        {
          "task_key": "sigless_3d7ef92766c8",
          "n": 10,
          "pass@10": 0.0,
          "compile@10": 1.0,
          "facts@10": 0.0
        },
        {
          "task_key": "sigless_809bfacc884b",
          "n": 10,
          "pass@10": 0.0,
          "compile@10": 1.0,
          "facts@10": 0.0
        },
        {
          "task_key": "sigless_dd992faf52fc",
          "n": 10,
          "pass@10": 0.0,
          "compile@10": 1.0,
          "facts@10": 0.0
        },
        {
          "task_key": "sigless_a715ff0191af",
          "n": 10,
          "pass@10": 0.0,
          "compile@10": 1.0,
          "facts@10": 0.0
        },
        {
          "task_key": "sigless_fc9e7ce2987d",
          "n": 10,
          "pass@10": 0.0,
          "compile@10": 1.0,
          "facts@10": 0.0
        },
        {
          "task_key": "sigless_75dbbd49ba4d",
          "n": 10,
          "pass@10": 0.0,
          "compile@10": 1.0,
          "facts@10": 0.0
        },
        {
          "task_key": "sigless_51783c911b49",
          "n": 10,
          "pass@10": 0.0,
          "compile@10": 1.0,
          "facts@10": 0.0
        },
        {
          "task_key": "sigless_f9972d51c2b1",
          "n": 10,
          "pass@10": 0.0,
          "compile@10": 1.0,
          "facts@10": 0.0
        },
        {
          "task_key": "sigless_2a9a2c9c9365",
          "n": 10,
          "pass@10": 0.0,
          "compile@10": 1.0,
          "facts@10": 0.0
        },
        {
          "task_key": "sigless_3f62eb4395d3",
          "n": 10,
          "pass@10": 0.0,
          "compile@10": 1.0,
          "facts@10": 0.0
        },
        {
          "task_key": "sigless_2bb05d67b4d4",
          "n": 10,
          "pass@10": 0.0,
          "compile@10": 1.0,
          "facts@10": 0.0
        },
        {
          "task_key": "sigless_7d87a97fbd34",
          "n": 10,
          "pass@10": 0.0,
          "compile@10": 1.0,
          "facts@10": 0.0
        },
        {
          "task_key": "sigless_59bbf5972439",
          "n": 10,
          "pass@10": 0.0,
          "compile@10": 1.0,
          "facts@10": 0.0
        },
        {
          "task_key": "sigless_4bc3cb88ebce",
          "n": 10,
          "pass@10": 0.0,
          "compile@10": 1.0,
          "facts@10": 0.0
        },
        {
          "task_key": "sigless_cdc9411ddbed",
          "n": 10,
          "pass@10": 0.0,
          "compile@10": 1.0,
          "facts@10": 0.0
        },
        {
          "task_key": "sigless_bb95058cc89d",
          "n": 10,
          "pass@10": 0.0,
          "compile@10": 1.0,
          "facts@10": 0.0
        },
        {
          "task_key": "sigless_510066067661",
          "n": 10,
          "pass@10": 0.0,
          "compile@10": 1.0,
          "facts@10": 0.0
        },
        {
          "task_key": "sigless_08b08424f51d",
          "n": 10,
          "pass@10": 0.0,
          "compile@10": 1.0,
          "facts@10": 0.0
        },
        {
          "task_key": "sigless_5fc6e6f2e776",
          "n": 10,
          "pass@10": 0.0,
          "compile@10": 1.0,
          "facts@10": 0.0
        },
        {
          "task_key": "sigless_45a3c30bf585",
          "n": 10,
          "pass@10": 0.0,
          "compile@10": 1.0,
          "facts@10": 0.0
        },
        {
          "task_key": "sigless_11ecbc9348f0",
          "n": 10,
          "pass@10": 0.0,
          "compile@10": 1.0,
          "facts@10": 0.0
        },
        {
          "task_key": "sigless_f87c7db9d615",
          "n": 10,
          "pass@10": 0.0,
          "compile@10": 1.0,
          "facts@10": 0.0
        },
        {
          "task_key": "sigless_04a3737faa8d",
          "n": 10,
          "pass@10": 0.0,
          "compile@10": 1.0,
          "facts@10": 0.0
        },
        {
          "task_key": "sigless_8ea707879d4e",
          "n": 10,
          "pass@10": 0.0,
          "compile@10": 1.0,
          "facts@10": 0.0
        },
        {
          "task_key": "sigless_1b37bbecba6d",
          "n": 10,
          "pass@10": 0.0,
          "compile@10": 1.0,
          "facts@10": 0.0
        },
        {
          "task_key": "sigless_ac924360d8d0",
          "n": 10,
          "pass@10": 0.0,
          "compile@10": 1.0,
          "facts@10": 0.0
        },
        {
          "task_key": "sigless_9c7011b98aa7",
          "n": 10,
          "pass@10": 0.0,
          "compile@10": 1.0,
          "facts@10": 0.0
        },
        {
          "task_key": "sigless_d5f505726bee",
          "n": 10,
          "pass@10": 0.0,
          "compile@10": 1.0,
          "facts@10": 0.0
        },
        {
          "task_key": "sigless_856495da7ada",
          "n": 10,
          "pass@10": 0.0,
          "compile@10": 1.0,
          "facts@10": 0.0
        },
        {
          "task_key": "sigless_251bb89ff286",
          "n": 10,
          "pass@10": 0.0,
          "compile@10": 1.0,
          "facts@10": 0.0
        },
        {
          "task_key": "sigless_d312a6be99c4",
          "n": 10,
          "pass@10": 0.0,
          "compile@10": 1.0,
          "facts@10": 0.0
        },
        {
          "task_key": "sigless_7ec023aa5454",
          "n": 10,
          "pass@10": 0.0,
          "compile@10": 1.0,
          "facts@10": 0.0
        },
        {
          "task_key": "sigless_078e0387a63d",
          "n": 10,
          "pass@10": 0.0,
          "compile@10": 1.0,
          "facts@10": 0.0
        },
        {
          "task_key": "sigless_e90160151ca2",
          "n": 10,
          "pass@10": 0.0,
          "compile@10": 1.0,
          "facts@10": 0.0
        },
        {
          "task_key": "sigless_28a458a3dd3d",
          "n": 10,
          "pass@10": 0.0,
          "compile@10": 1.0,
          "facts@10": 0.0
        },
        {
          "task_key": "sigless_c8be86a792e2",
          "n": 10,
          "pass@10": 0.0,
          "compile@10": 1.0,
          "facts@10": 0.0
        },
        {
          "task_key": "sigless_c479573835c7",
          "n": 10,
          "pass@10": 0.0,
          "compile@10": 1.0,
          "facts@10": 0.0
        },
        {
          "task_key": "sigless_0f8be63943f9",
          "n": 10,
          "pass@10": 0.0,
          "compile@10": 1.0,
          "facts@10": 0.0
        },
        {
          "task_key": "sigless_bd884006b77d",
          "n": 10,
          "pass@10": 0.0,
          "compile@10": 1.0,
          "facts@10": 0.0
        },
        {
          "task_key": "sigless_da938c8ec837",
          "n": 10,
          "pass@10": 0.0,
          "compile@10": 1.0,
          "facts@10": 0.0
        },
        {
          "task_key": "sigless_24005a04c73d",
          "n": 10,
          "pass@10": 0.0,
          "compile@10": 1.0,
          "facts@10": 0.0
        },
        {
          "task_key": "sigless_693359d6dcdc",
          "n": 10,
          "pass@10": 0.0,
          "compile@10": 1.0,
          "facts@10": 0.0
        },
        {
          "task_key": "sigless_40fdecf7c930",
          "n": 10,
          "pass@10": 0.0,
          "compile@10": 1.0,
          "facts@10": 0.0
        },
        {
          "task_key": "sigless_8cecebd48e95",
          "n": 10,
          "pass@10": 0.0,
          "compile@10": 1.0,
          "facts@10": 0.0
        },
        {
          "task_key": "sigless_5657b211ea01",
          "n": 10,
          "pass@10": 0.0,
          "compile@10": 1.0,
          "facts@10": 0.0
        },
        {
          "task_key": "sigless_7236e6a6c952",
          "n": 10,
          "pass@10": 0.0,
          "compile@10": 1.0,
          "facts@10": 0.0
        },
        {
          "task_key": "sigless_887de1e56a3d",
          "n": 10,
          "pass@10": 0.0,
          "compile@10": 1.0,
          "facts@10": 0.0
        },
        {
          "task_key": "sigless_766c03a75fdf",
          "n": 10,
          "pass@10": 0.0,
          "compile@10": 1.0,
          "facts@10": 0.0
        },
        {
          "task_key": "sigless_da3eb223b92f",
          "n": 10,
          "pass@10": 0.0,
          "compile@10": 1.0,
          "facts@10": 0.0
        },
        {
          "task_key": "sigless_39dc520138ed",
          "n": 10,
          "pass@10": 0.0,
          "compile@10": 1.0,
          "facts@10": 0.0
        },
        {
          "task_key": "sigless_d5e02316471c",
          "n": 10,
          "pass@10": 0.0,
          "compile@10": 1.0,
          "facts@10": 0.0
        },
        {
          "task_key": "sigless_3b94e82a7db1",
          "n": 10,
          "pass@10": 0.0,
          "compile@10": 1.0,
          "facts@10": 0.0
        },
        {
          "task_key": "sigless_f69dc47b7647",
          "n": 10,
          "pass@10": 0.0,
          "compile@10": 1.0,
          "facts@10": 0.0
        },
        {
          "task_key": "sigless_cd4884f80608",
          "n": 10,
          "pass@10": 0.0,
          "compile@10": 1.0,
          "facts@10": 0.0
        },
        {
          "task_key": "sigless_61e260d0329e",
          "n": 10,
          "pass@10": 0.0,
          "compile@10": 1.0,
          "facts@10": 0.0
        },
        {
          "task_key": "sigless_1b05e8cae793",
          "n": 10,
          "pass@10": 0.0,
          "compile@10": 1.0,
          "facts@10": 0.0
        },
        {
          "task_key": "sigless_48f002c41b26",
          "n": 10,
          "pass@10": 0.0,
          "compile@10": 1.0,
          "facts@10": 0.0
        },
        {
          "task_key": "sigless_32b42a97f1be",
          "n": 10,
          "pass@10": 0.0,
          "compile@10": 1.0,
          "facts@10": 0.0
        },
        {
          "task_key": "sigless_bdab7e73bd57",
          "n": 10,
          "pass@10": 0.0,
          "compile@10": 1.0,
          "facts@10": 0.0
        },
        {
          "task_key": "sigless_55f5804993a6",
          "n": 10,
          "pass@10": 0.0,
          "compile@10": 1.0,
          "facts@10": 0.0
        },
        {
          "task_key": "sigless_c506f3d45dbf",
          "n": 10,
          "pass@10": 0.0,
          "compile@10": 1.0,
          "facts@10": 0.0
        },
        {
          "task_key": "sigless_5fe0f0f505de",
          "n": 10,
          "pass@10": 0.0,
          "compile@10": 1.0,
          "facts@10": 0.0
        },
        {
          "task_key": "sigless_aa2c5ee61156",
          "n": 10,
          "pass@10": 0.0,
          "compile@10": 1.0,
          "facts@10": 0.0
        },
        {
          "task_key": "sigless_aa54fea23359",
          "n": 10,
          "pass@10": 0.0,
          "compile@10": 1.0,
          "facts@10": 0.0
        },
        {
          "task_key": "sigless_1848f8a4fadb",
          "n": 10,
          "pass@10": 0.0,
          "compile@10": 1.0,
          "facts@10": 0.0
        },
        {
          "task_key": "sigless_4f59c078dbb3",
          "n": 10,
          "pass@10": 0.0,
          "compile@10": 1.0,
          "facts@10": 0.0
        },
        {
          "task_key": "sigless_3bcfd566827f",
          "n": 10,
          "pass@10": 0.0,
          "compile@10": 1.0,
          "facts@10": 0.0
        },
        {
          "task_key": "sigless_6c64ab901492",
          "n": 10,
          "pass@10": 0.0,
          "compile@10": 1.0,
          "facts@10": 0.0
        },
        {
          "task_key": "sigless_0e17d7a0c63a",
          "n": 10,
          "pass@10": 0.0,
          "compile@10": 1.0,
          "facts@10": 0.0
        },
        {
          "task_key": "sigless_2ca12ba49736",
          "n": 10,
          "pass@10": 0.0,
          "compile@10": 1.0,
          "facts@10": 0.0
        },
        {
          "task_key": "sigless_7e9c367b5d99",
          "n": 10,
          "pass@10": 0.0,
          "compile@10": 1.0,
          "facts@10": 0.0
        },
        {
          "task_key": "sigless_3b95913dd21e",
          "n": 10,
          "pass@10": 0.0,
          "compile@10": 1.0,
          "facts@10": 0.0
        },
        {
          "task_key": "sigless_fc95276d49fa",
          "n": 10,
          "pass@10": 0.0,
          "compile@10": 1.0,
          "facts@10": 0.0
        },
        {
          "task_key": "sigless_094029cfbd6d",
          "n": 10,
          "pass@10": 0.0,
          "compile@10": 1.0,
          "facts@10": 0.0
        },
        {
          "task_key": "sigless_e0584cff0816",
          "n": 10,
          "pass@10": 0.0,
          "compile@10": 1.0,
          "facts@10": 0.0
        },
        {
          "task_key": "sigless_45a96ee1ce2c",
          "n": 10,
          "pass@10": 0.0,
          "compile@10": 1.0,
          "facts@10": 0.0
        },
        {
          "task_key": "sigless_611d8b0907c8",
          "n": 10,
          "pass@10": 0.0,
          "compile@10": 1.0,
          "facts@10": 0.0
        },
        {
          "task_key": "sigless_afafa39351cc",
          "n": 10,
          "pass@10": 0.0,
          "compile@10": 1.0,
          "facts@10": 0.0
        },
        {
          "task_key": "sigless_aaf8a2406e15",
          "n": 10,
          "pass@10": 0.0,
          "compile@10": 1.0,
          "facts@10": 0.0
        },
        {
          "task_key": "sigless_1d5627318cb8",
          "n": 10,
          "pass@10": 0.0,
          "compile@10": 1.0,
          "facts@10": 0.0
        },
        {
          "task_key": "sigless_8c1177b585d3",
          "n": 10,
          "pass@10": 0.0,
          "compile@10": 1.0,
          "facts@10": 0.0
        },
        {
          "task_key": "sigless_7c1a8697e13a",
          "n": 10,
          "pass@10": 0.0,
          "compile@10": 1.0,
          "facts@10": 0.0
        },
        {
          "task_key": "sigless_32f2b8ea495e",
          "n": 10,
          "pass@10": 0.0,
          "compile@10": 1.0,
          "facts@10": 0.0
        },
        {
          "task_key": "sigless_a9b8d2a06a7b",
          "n": 10,
          "pass@10": 0.0,
          "compile@10": 1.0,
          "facts@10": 0.0
        },
        {
          "task_key": "sigless_9b6cd2315cf6",
          "n": 10,
          "pass@10": 0.0,
          "compile@10": 1.0,
          "facts@10": 0.0
        },
        {
          "task_key": "sigless_468f9c28192a",
          "n": 10,
          "pass@10": 0.0,
          "compile@10": 1.0,
          "facts@10": 0.0
        },
        {
          "task_key": "sigless_6dbacf47fbdc",
          "n": 10,
          "pass@10": 0.0,
          "compile@10": 1.0,
          "facts@10": 0.0
        },
        {
          "task_key": "sigless_6653a7b01405",
          "n": 10,
          "pass@10": 0.0,
          "compile@10": 1.0,
          "facts@10": 0.0
        },
        {
          "task_key": "sigless_46c1e87e951d",
          "n": 10,
          "pass@10": 0.0,
          "compile@10": 1.0,
          "facts@10": 0.0
        },
        {
          "task_key": "sigless_9065c1235bb0",
          "n": 10,
          "pass@10": 0.0,
          "compile@10": 1.0,
          "facts@10": 0.0
        },
        {
          "task_key": "sigless_3477cb846c73",
          "n": 10,
          "pass@10": 0.0,
          "compile@10": 1.0,
          "facts@10": 0.0
        },
        {
          "task_key": "sigless_6137a466801a",
          "n": 10,
          "pass@10": 0.0,
          "compile@10": 1.0,
          "facts@10": 0.0
        },
        {
          "task_key": "sigless_eb153fa6decd",
          "n": 10,
          "pass@10": 0.0,
          "compile@10": 1.0,
          "facts@10": 0.0
        },
        {
          "task_key": "sigless_567907c17adc",
          "n": 10,
          "pass@10": 0.0,
          "compile@10": 1.0,
          "facts@10": 0.0
        },
        {
          "task_key": "sigless_8d5280ab6de8",
          "n": 10,
          "pass@10": 0.0,
          "compile@10": 1.0,
          "facts@10": 0.0
        },
        {
          "task_key": "sigless_2b9f3e41dab0",
          "n": 10,
          "pass@10": 0.0,
          "compile@10": 1.0,
          "facts@10": 0.0
        },
        {
          "task_key": "sigless_816fc29f1f54",
          "n": 10,
          "pass@10": 0.0,
          "compile@10": 1.0,
          "facts@10": 0.0
        },
        {
          "task_key": "sigless_9eebadbf0966",
          "n": 10,
          "pass@10": 0.0,
          "compile@10": 1.0,
          "facts@10": 0.0
        },
        {
          "task_key": "sigless_3751a7b4226e",
          "n": 10,
          "pass@10": 0.0,
          "compile@10": 1.0,
          "facts@10": 0.0
        },
        {
          "task_key": "sigless_077cbee75c21",
          "n": 10,
          "pass@10": 0.0,
          "compile@10": 1.0,
          "facts@10": 0.0
        },
        {
          "task_key": "sigless_7bd34a18b126",
          "n": 10,
          "pass@10": 0.0,
          "compile@10": 1.0,
          "facts@10": 0.0
        },
        {
          "task_key": "sigless_80931d6275f0",
          "n": 10,
          "pass@10": 0.0,
          "compile@10": 1.0,
          "facts@10": 0.0
        },
        {
          "task_key": "sigless_72b78a5a4dca",
          "n": 10,
          "pass@10": 0.0,
          "compile@10": 1.0,
          "facts@10": 0.0
        },
        {
          "task_key": "sigless_c5a71755a377",
          "n": 10,
          "pass@10": 0.0,
          "compile@10": 1.0,
          "facts@10": 0.0
        },
        {
          "task_key": "sigless_8910fffbfa89",
          "n": 10,
          "pass@10": 0.0,
          "compile@10": 1.0,
          "facts@10": 0.0
        },
        {
          "task_key": "sigless_3c8f6582cbd5",
          "n": 10,
          "pass@10": 0.0,
          "compile@10": 1.0,
          "facts@10": 0.0
        },
        {
          "task_key": "sigless_a92da3de94b3",
          "n": 10,
          "pass@10": 0.0,
          "compile@10": 1.0,
          "facts@10": 0.0
        },
        {
          "task_key": "sigless_54718c567d29",
          "n": 10,
          "pass@10": 0.0,
          "compile@10": 1.0,
          "facts@10": 0.0
        },
        {
          "task_key": "sigless_aa908c9f6fcf",
          "n": 10,
          "pass@10": 0.0,
          "compile@10": 1.0,
          "facts@10": 0.0
        },
        {
          "task_key": "sigless_df16d8bb330c",
          "n": 10,
          "pass@10": 0.0,
          "compile@10": 1.0,
          "facts@10": 0.0
        },
        {
          "task_key": "sigless_f701382ad258",
          "n": 10,
          "pass@10": 0.0,
          "compile@10": 1.0,
          "facts@10": 0.0
        },
        {
          "task_key": "sigless_f7c02fa0ff84",
          "n": 10,
          "pass@10": 0.0,
          "compile@10": 1.0,
          "facts@10": 0.0
        },
        {
          "task_key": "sigless_34eb1874db32",
          "n": 10,
          "pass@10": 0.0,
          "compile@10": 1.0,
          "facts@10": 0.0
        },
        {
          "task_key": "sigless_cedea9bb57b4",
          "n": 10,
          "pass@10": 0.0,
          "compile@10": 1.0,
          "facts@10": 0.0
        },
        {
          "task_key": "sigless_ebd37dac0eb4",
          "n": 10,
          "pass@10": 0.0,
          "compile@10": 1.0,
          "facts@10": 0.0
        },
        {
          "task_key": "sigless_28ee3efc1e69",
          "n": 10,
          "pass@10": 0.0,
          "compile@10": 1.0,
          "facts@10": 0.0
        },
        {
          "task_key": "sigless_22e823c453e9",
          "n": 10,
          "pass@10": 0.0,
          "compile@10": 1.0,
          "facts@10": 0.0
        },
        {
          "task_key": "sigless_08e2cf400688",
          "n": 10,
          "pass@10": 0.0,
          "compile@10": 1.0,
          "facts@10": 0.0
        },
        {
          "task_key": "sigless_a7d3fdca5a88",
          "n": 10,
          "pass@10": 0.0,
          "compile@10": 1.0,
          "facts@10": 0.0
        },
        {
          "task_key": "sigless_acf10aa981d9",
          "n": 10,
          "pass@10": 0.0,
          "compile@10": 1.0,
          "facts@10": 0.0
        },
        {
          "task_key": "sigless_7b11a134aade",
          "n": 10,
          "pass@10": 0.0,
          "compile@10": 1.0,
          "facts@10": 0.0
        },
        {
          "task_key": "sigless_32764371aad2",
          "n": 10,
          "pass@10": 0.0,
          "compile@10": 1.0,
          "facts@10": 0.0
        },
        {
          "task_key": "sigless_e6da20659972",
          "n": 10,
          "pass@10": 0.0,
          "compile@10": 1.0,
          "facts@10": 0.0
        },
        {
          "task_key": "sigless_242eb7836088",
          "n": 10,
          "pass@10": 0.0,
          "compile@10": 1.0,
          "facts@10": 0.0
        },
        {
          "task_key": "sigless_cad1e080dfcc",
          "n": 10,
          "pass@10": 0.0,
          "compile@10": 1.0,
          "facts@10": 0.0
        },
        {
          "task_key": "sigless_58c9493e7045",
          "n": 10,
          "pass@10": 0.0,
          "compile@10": 1.0,
          "facts@10": 0.0
        },
        {
          "task_key": "sigless_ada0dfa1f2f5",
          "n": 10,
          "pass@10": 0.0,
          "compile@10": 1.0,
          "facts@10": 0.0
        },
        {
          "task_key": "sigless_5feeac8a22d9",
          "n": 10,
          "pass@10": 0.0,
          "compile@10": 1.0,
          "facts@10": 0.0
        },
        {
          "task_key": "sigless_bf56bc4f6b5c",
          "n": 10,
          "pass@10": 0.0,
          "compile@10": 1.0,
          "facts@10": 0.0
        },
        {
          "task_key": "sigless_c84ad8185daf",
          "n": 10,
          "pass@10": 0.0,
          "compile@10": 1.0,
          "facts@10": 0.0
        },
        {
          "task_key": "sigless_f6bf311895a9",
          "n": 10,
          "pass@10": 0.0,
          "compile@10": 1.0,
          "facts@10": 0.0
        },
        {
          "task_key": "sigless_ad752712fb1b",
          "n": 10,
          "pass@10": 0.0,
          "compile@10": 1.0,
          "facts@10": 0.0
        },
        {
          "task_key": "sigless_f514708b22c3",
          "n": 10,
          "pass@10": 0.0,
          "compile@10": 1.0,
          "facts@10": 0.0
        },
        {
          "task_key": "sigless_96bbfe276e55",
          "n": 10,
          "pass@10": 0.0,
          "compile@10": 1.0,
          "facts@10": 0.0
        },
        {
          "task_key": "sigless_09cd034aaea0",
          "n": 10,
          "pass@10": 0.0,
          "compile@10": 1.0,
          "facts@10": 0.0
        },
        {
          "task_key": "sigless_5bc0d4090303",
          "n": 10,
          "pass@10": 0.0,
          "compile@10": 1.0,
          "facts@10": 0.0
        },
        {
          "task_key": "sigless_41d93a3f0a7f",
          "n": 10,
          "pass@10": 0.0,
          "compile@10": 1.0,
          "facts@10": 0.0
        },
        {
          "task_key": "sigless_c8ac074e3ef5",
          "n": 10,
          "pass@10": 0.0,
          "compile@10": 1.0,
          "facts@10": 0.0
        },
        {
          "task_key": "sigless_725d6f6c2445",
          "n": 10,
          "pass@10": 0.0,
          "compile@10": 1.0,
          "facts@10": 0.0
        },
        {
          "task_key": "sigless_b56c4c95e504",
          "n": 10,
          "pass@10": 0.0,
          "compile@10": 1.0,
          "facts@10": 0.0
        },
        {
          "task_key": "sigless_d36d60ca0607",
          "n": 10,
          "pass@10": 0.0,
          "compile@10": 1.0,
          "facts@10": 0.0
        },
        {
          "task_key": "sigless_aa90fa9fe4da",
          "n": 10,
          "pass@10": 0.0,
          "compile@10": 1.0,
          "facts@10": 0.0
        },
        {
          "task_key": "sigless_49e496017b9e",
          "n": 10,
          "pass@10": 0.0,
          "compile@10": 1.0,
          "facts@10": 0.0
        },
        {
          "task_key": "sigless_8f40c3a3a325",
          "n": 10,
          "pass@10": 0.0,
          "compile@10": 1.0,
          "facts@10": 0.0
        },
        {
          "task_key": "sigless_d0184dea0cb3",
          "n": 10,
          "pass@10": 0.0,
          "compile@10": 1.0,
          "facts@10": 0.0
        },
        {
          "task_key": "sigless_bed3ad890ead",
          "n": 10,
          "pass@10": 0.0,
          "compile@10": 1.0,
          "facts@10": 0.0
        },
        {
          "task_key": "sigless_93a7b2d49188",
          "n": 10,
          "pass@10": 0.0,
          "compile@10": 1.0,
          "facts@10": 0.0
        },
        {
          "task_key": "sigless_0689b540dadc",
          "n": 10,
          "pass@10": 0.0,
          "compile@10": 1.0,
          "facts@10": 0.0
        },
        {
          "task_key": "sigless_16662508aabf",
          "n": 10,
          "pass@10": 0.0,
          "compile@10": 1.0,
          "facts@10": 0.0
        },
        {
          "task_key": "sigless_d9459bc02b27",
          "n": 10,
          "pass@10": 0.0,
          "compile@10": 1.0,
          "facts@10": 0.0
        },
        {
          "task_key": "sigless_f6a02366ce91",
          "n": 10,
          "pass@10": 0.0,
          "compile@10": 1.0,
          "facts@10": 0.0
        },
        {
          "task_key": "sigless_26ac4a00e81d",
          "n": 10,
          "pass@10": 0.0,
          "compile@10": 1.0,
          "facts@10": 0.0
        },
        {
          "task_key": "sigless_a0b0360f4dd5",
          "n": 10,
          "pass@10": 0.0,
          "compile@10": 1.0,
          "facts@10": 0.0
        },
        {
          "task_key": "sigless_bf128b6951a1",
          "n": 10,
          "pass@10": 0.0,
          "compile@10": 1.0,
          "facts@10": 0.0
        },
        {
          "task_key": "sigless_a917bfa2210a",
          "n": 10,
          "pass@10": 0.0,
          "compile@10": 1.0,
          "facts@10": 0.0
        },
        {
          "task_key": "sigless_223268bc745d",
          "n": 10,
          "pass@10": 0.0,
          "compile@10": 1.0,
          "facts@10": 0.0
        },
        {
          "task_key": "sigless_4ec22523397e",
          "n": 10,
          "pass@10": 0.0,
          "compile@10": 1.0,
          "facts@10": 0.0
        },
        {
          "task_key": "sigless_dc01da6f3637",
          "n": 10,
          "pass@10": 0.0,
          "compile@10": 1.0,
          "facts@10": 0.0
        },
        {
          "task_key": "sigless_3c48424dcffb",
          "n": 10,
          "pass@10": 0.0,
          "compile@10": 1.0,
          "facts@10": 0.0
        },
        {
          "task_key": "sigless_0d334fba07b8",
          "n": 10,
          "pass@10": 0.0,
          "compile@10": 1.0,
          "facts@10": 0.0
        },
        {
          "task_key": "sigless_4c8751ce14b4",
          "n": 10,
          "pass@10": 0.0,
          "compile@10": 1.0,
          "facts@10": 0.0
        },
        {
          "task_key": "sigless_f3f817fc3903",
          "n": 10,
          "pass@10": 0.0,
          "compile@10": 1.0,
          "facts@10": 0.0
        },
        {
          "task_key": "sigless_7ab18552885b",
          "n": 10,
          "pass@10": 0.0,
          "compile@10": 1.0,
          "facts@10": 0.0
        },
        {
          "task_key": "sigless_281afb93c845",
          "n": 10,
          "pass@10": 0.0,
          "compile@10": 1.0,
          "facts@10": 0.0
        },
        {
          "task_key": "sigless_24b31001b003",
          "n": 10,
          "pass@10": 0.0,
          "compile@10": 1.0,
          "facts@10": 0.0
        },
        {
          "task_key": "sigless_c2b7dcf65eb5",
          "n": 10,
          "pass@10": 0.0,
          "compile@10": 1.0,
          "facts@10": 0.0
        },
        {
          "task_key": "sigless_902b80fff5b5",
          "n": 10,
          "pass@10": 0.0,
          "compile@10": 1.0,
          "facts@10": 0.0
        },
        {
          "task_key": "sigless_851b2a6276fe",
          "n": 10,
          "pass@10": 0.0,
          "compile@10": 1.0,
          "facts@10": 0.0
        },
        {
          "task_key": "sigless_86c82dc144b0",
          "n": 10,
          "pass@10": 0.0,
          "compile@10": 1.0,
          "facts@10": 0.0
        },
        {
          "task_key": "sigless_c2deb4325727",
          "n": 10,
          "pass@10": 0.0,
          "compile@10": 1.0,
          "facts@10": 0.0
        },
        {
          "task_key": "sigless_0f224c564d47",
          "n": 10,
          "pass@10": 0.0,
          "compile@10": 1.0,
          "facts@10": 0.0
        },
        {
          "task_key": "sigless_850f0cba94ee",
          "n": 10,
          "pass@10": 0.0,
          "compile@10": 1.0,
          "facts@10": 0.0
        },
        {
          "task_key": "sigless_36af6bea8040",
          "n": 10,
          "pass@10": 0.0,
          "compile@10": 1.0,
          "facts@10": 0.0
        },
        {
          "task_key": "sigless_0a2a5d0b4fba",
          "n": 10,
          "pass@10": 0.0,
          "compile@10": 1.0,
          "facts@10": 0.0
        },
        {
          "task_key": "sigless_ea13638597d9",
          "n": 10,
          "pass@10": 0.0,
          "compile@10": 0.0,
          "facts@10": 0.0
        },
        {
          "task_key": "sigless_d58e0cbe345f",
          "n": 10,
          "pass@10": 0.0,
          "compile@10": 1.0,
          "facts@10": 0.0
        },
        {
          "task_key": "sigless_2eba1849841f",
          "n": 10,
          "pass@10": 0.0,
          "compile@10": 1.0,
          "facts@10": 0.0
        },
        {
          "task_key": "sigless_94be97bf6bc9",
          "n": 10,
          "pass@10": 0.0,
          "compile@10": 1.0,
          "facts@10": 0.0
        },
        {
          "task_key": "sigless_ac38a153e298",
          "n": 10,
          "pass@10": 0.0,
          "compile@10": 1.0,
          "facts@10": 0.0
        },
        {
          "task_key": "sigless_74a8683d28b7",
          "n": 10,
          "pass@10": 0.0,
          "compile@10": 1.0,
          "facts@10": 0.0
        },
        {
          "task_key": "sigless_3d1a89814430",
          "n": 10,
          "pass@10": 0.0,
          "compile@10": 1.0,
          "facts@10": 0.0
        },
        {
          "task_key": "sigless_fd2dab7e0235",
          "n": 10,
          "pass@10": 0.0,
          "compile@10": 1.0,
          "facts@10": 0.0
        },
        {
          "task_key": "sigless_3e3d25a37c3e",
          "n": 10,
          "pass@10": 0.0,
          "compile@10": 1.0,
          "facts@10": 0.0
        },
        {
          "task_key": "sigless_012c7b64cd1e",
          "n": 10,
          "pass@10": 0.0,
          "compile@10": 1.0,
          "facts@10": 0.0
        },
        {
          "task_key": "sigless_c5d69f4385dd",
          "n": 10,
          "pass@10": 0.0,
          "compile@10": 1.0,
          "facts@10": 0.0
        },
        {
          "task_key": "sigless_fd9b5c34b682",
          "n": 10,
          "pass@10": 0.0,
          "compile@10": 1.0,
          "facts@10": 0.0
        },
        {
          "task_key": "sigless_a5627fd985ed",
          "n": 10,
          "pass@10": 0.0,
          "compile@10": 1.0,
          "facts@10": 0.0
        },
        {
          "task_key": "sigless_cb299729c415",
          "n": 10,
          "pass@10": 0.0,
          "compile@10": 1.0,
          "facts@10": 0.0
        },
        {
          "task_key": "sigless_c410475f2267",
          "n": 10,
          "pass@10": 0.0,
          "compile@10": 1.0,
          "facts@10": 0.0
        },
        {
          "task_key": "sigless_81162dd70cff",
          "n": 10,
          "pass@10": 0.0,
          "compile@10": 1.0,
          "facts@10": 0.0
        },
        {
          "task_key": "sigless_9f72e1de2b88",
          "n": 10,
          "pass@10": 0.0,
          "compile@10": 1.0,
          "facts@10": 0.0
        },
        {
          "task_key": "sigless_ab052d24c402",
          "n": 10,
          "pass@10": 0.0,
          "compile@10": 1.0,
          "facts@10": 0.0
        },
        {
          "task_key": "sigless_ee48a457df4d",
          "n": 10,
          "pass@10": 0.0,
          "compile@10": 1.0,
          "facts@10": 0.0
        },
        {
          "task_key": "sigless_b900435bac8f",
          "n": 10,
          "pass@10": 0.0,
          "compile@10": 1.0,
          "facts@10": 0.0
        },
        {
          "task_key": "sigless_1dc0892b9294",
          "n": 10,
          "pass@10": 0.0,
          "compile@10": 1.0,
          "facts@10": 0.0
        },
        {
          "task_key": "sigless_0f676d9dd799",
          "n": 10,
          "pass@10": 0.0,
          "compile@10": 1.0,
          "facts@10": 0.0
        },
        {
          "task_key": "sigless_46b923d9a415",
          "n": 10,
          "pass@10": 0.0,
          "compile@10": 1.0,
          "facts@10": 0.0
        },
        {
          "task_key": "sigless_a7077836c395",
          "n": 10,
          "pass@10": 0.0,
          "compile@10": 1.0,
          "facts@10": 0.0
        },
        {
          "task_key": "sigless_9a61c22db822",
          "n": 10,
          "pass@10": 0.0,
          "compile@10": 1.0,
          "facts@10": 0.0
        },
        {
          "task_key": "sigless_a320a4962b0a",
          "n": 10,
          "pass@10": 0.0,
          "compile@10": 1.0,
          "facts@10": 0.0
        },
        {
          "task_key": "sigless_204516bc342b",
          "n": 10,
          "pass@10": 0.0,
          "compile@10": 1.0,
          "facts@10": 0.0
        },
        {
          "task_key": "sigless_81b0d79e6290",
          "n": 10,
          "pass@10": 0.0,
          "compile@10": 1.0,
          "facts@10": 0.0
        },
        {
          "task_key": "sigless_e77e08adc44f",
          "n": 10,
          "pass@10": 0.0,
          "compile@10": 1.0,
          "facts@10": 0.0
        },
        {
          "task_key": "sigless_1583d7d4955d",
          "n": 10,
          "pass@10": 0.0,
          "compile@10": 1.0,
          "facts@10": 0.0
        },
        {
          "task_key": "sigless_d932c2f041ab",
          "n": 10,
          "pass@10": 0.0,
          "compile@10": 1.0,
          "facts@10": 0.0
        },
        {
          "task_key": "sigless_017735ac85d8",
          "n": 10,
          "pass@10": 0.0,
          "compile@10": 1.0,
          "facts@10": 0.0
        },
        {
          "task_key": "sigless_8aac1f98ef36",
          "n": 10,
          "pass@10": 0.0,
          "compile@10": 1.0,
          "facts@10": 0.0
        },
        {
          "task_key": "sigless_c3c37fc844bf",
          "n": 10,
          "pass@10": 0.0,
          "compile@10": 1.0,
          "facts@10": 0.0
        },
        {
          "task_key": "sigless_18dac3bddab9",
          "n": 10,
          "pass@10": 0.0,
          "compile@10": 1.0,
          "facts@10": 0.0
        },
        {
          "task_key": "sigless_bbfa260f5e8f",
          "n": 10,
          "pass@10": 0.0,
          "compile@10": 1.0,
          "facts@10": 0.0
        },
        {
          "task_key": "sigless_dbc5cddf48e5",
          "n": 10,
          "pass@10": 0.0,
          "compile@10": 1.0,
          "facts@10": 0.0
        },
        {
          "task_key": "sigless_ec028412016f",
          "n": 10,
          "pass@10": 0.0,
          "compile@10": 1.0,
          "facts@10": 0.0
        },
        {
          "task_key": "sigless_f4cdbd8aca6c",
          "n": 10,
          "pass@10": 0.0,
          "compile@10": 1.0,
          "facts@10": 0.0
        },
        {
          "task_key": "sigless_243a175a4665",
          "n": 10,
          "pass@10": 0.0,
          "compile@10": 1.0,
          "facts@10": 0.0
        },
        {
          "task_key": "sigless_204f18d667a7",
          "n": 10,
          "pass@10": 0.0,
          "compile@10": 1.0,
          "facts@10": 0.0
        },
        {
          "task_key": "sigless_10b779e8ccb8",
          "n": 10,
          "pass@10": 0.0,
          "compile@10": 1.0,
          "facts@10": 0.0
        },
        {
          "task_key": "sigless_2c7c5fe7a31d",
          "n": 10,
          "pass@10": 0.0,
          "compile@10": 1.0,
          "facts@10": 0.0
        },
        {
          "task_key": "sigless_7fb1d39c8df3",
          "n": 10,
          "pass@10": 0.0,
          "compile@10": 1.0,
          "facts@10": 0.0
        },
        {
          "task_key": "sigless_2be23781d18d",
          "n": 10,
          "pass@10": 0.0,
          "compile@10": 1.0,
          "facts@10": 0.0
        },
        {
          "task_key": "sigless_2f994c6ed6d6",
          "n": 10,
          "pass@10": 0.0,
          "compile@10": 1.0,
          "facts@10": 0.0
        },
        {
          "task_key": "sigless_f1f72f5d0c07",
          "n": 10,
          "pass@10": 0.0,
          "compile@10": 1.0,
          "facts@10": 0.0
        },
        {
          "task_key": "sigless_9548a0e1a20a",
          "n": 10,
          "pass@10": 0.0,
          "compile@10": 1.0,
          "facts@10": 0.0
        },
        {
          "task_key": "sigless_7f22ce24fcb6",
          "n": 10,
          "pass@10": 0.0,
          "compile@10": 1.0,
          "facts@10": 0.0
        },
        {
          "task_key": "sigless_2f2d14b83e4b",
          "n": 10,
          "pass@10": 0.0,
          "compile@10": 1.0,
          "facts@10": 0.0
        },
        {
          "task_key": "sigless_33758c100f57",
          "n": 10,
          "pass@10": 0.0,
          "compile@10": 1.0,
          "facts@10": 0.0
        },
        {
          "task_key": "sigless_43a9b73f7242",
          "n": 10,
          "pass@10": 0.0,
          "compile@10": 1.0,
          "facts@10": 0.0
        },
        {
          "task_key": "sigless_d41223e60e42",
          "n": 10,
          "pass@10": 0.0,
          "compile@10": 1.0,
          "facts@10": 0.0
        },
        {
          "task_key": "sigless_26289372482a",
          "n": 10,
          "pass@10": 0.0,
          "compile@10": 1.0,
          "facts@10": 0.0
        },
        {
          "task_key": "sigless_6b519088b600",
          "n": 10,
          "pass@10": 0.0,
          "compile@10": 1.0,
          "facts@10": 0.0
        },
        {
          "task_key": "sigless_fb9b2485ae9b",
          "n": 10,
          "pass@10": 0.0,
          "compile@10": 1.0,
          "facts@10": 0.0
        },
        {
          "task_key": "sigless_2219e85f0b2b",
          "n": 10,
          "pass@10": 0.0,
          "compile@10": 1.0,
          "facts@10": 0.0
        },
        {
          "task_key": "sigless_990aa63bb472",
          "n": 10,
          "pass@10": 0.0,
          "compile@10": 1.0,
          "facts@10": 0.0
        },
        {
          "task_key": "sigless_87d68cc53b59",
          "n": 10,
          "pass@10": 0.0,
          "compile@10": 1.0,
          "facts@10": 0.0
        },
        {
          "task_key": "sigless_57ff19c15e0b",
          "n": 10,
          "pass@10": 0.0,
          "compile@10": 1.0,
          "facts@10": 0.0
        },
        {
          "task_key": "sigless_507f37bcd84f",
          "n": 10,
          "pass@10": 0.0,
          "compile@10": 1.0,
          "facts@10": 0.0
        },
        {
          "task_key": "sigless_8c102623e031",
          "n": 10,
          "pass@10": 0.0,
          "compile@10": 1.0,
          "facts@10": 0.0
        },
        {
          "task_key": "sigless_13a6dd86ec41",
          "n": 10,
          "pass@10": 0.0,
          "compile@10": 1.0,
          "facts@10": 0.0
        },
        {
          "task_key": "sigless_cc51ad00e22d",
          "n": 10,
          "pass@10": 0.0,
          "compile@10": 1.0,
          "facts@10": 0.0
        },
        {
          "task_key": "sigless_33b2d425b893",
          "n": 10,
          "pass@10": 0.0,
          "compile@10": 1.0,
          "facts@10": 0.0
        },
        {
          "task_key": "sigless_d536c0559b07",
          "n": 10,
          "pass@10": 0.0,
          "compile@10": 1.0,
          "facts@10": 0.0
        },
        {
          "task_key": "sigless_eb2d20bf5ef5",
          "n": 10,
          "pass@10": 0.0,
          "compile@10": 1.0,
          "facts@10": 0.0
        },
        {
          "task_key": "sigless_caa7fac6b703",
          "n": 10,
          "pass@10": 0.0,
          "compile@10": 1.0,
          "facts@10": 0.0
        },
        {
          "task_key": "sigless_1c1c06b969c0",
          "n": 10,
          "pass@10": 0.0,
          "compile@10": 1.0,
          "facts@10": 0.0
        },
        {
          "task_key": "sigless_e27888d66d53",
          "n": 10,
          "pass@10": 0.0,
          "compile@10": 1.0,
          "facts@10": 0.0
        },
        {
          "task_key": "sigless_8254cbec5078",
          "n": 10,
          "pass@10": 0.0,
          "compile@10": 1.0,
          "facts@10": 0.0
        },
        {
          "task_key": "sigless_71145e5c2472",
          "n": 10,
          "pass@10": 0.0,
          "compile@10": 1.0,
          "facts@10": 0.0
        },
        {
          "task_key": "sigless_9f37196b8e35",
          "n": 10,
          "pass@10": 0.0,
          "compile@10": 1.0,
          "facts@10": 0.0
        },
        {
          "task_key": "sigless_77029958b042",
          "n": 10,
          "pass@10": 0.0,
          "compile@10": 1.0,
          "facts@10": 0.0
        },
        {
          "task_key": "sigless_ff02c3c2ea99",
          "n": 10,
          "pass@10": 0.0,
          "compile@10": 1.0,
          "facts@10": 0.0
        },
        {
          "task_key": "sigless_42238084b7bb",
          "n": 10,
          "pass@10": 0.0,
          "compile@10": 1.0,
          "facts@10": 0.0
        },
        {
          "task_key": "sigless_8e3a3ae831b8",
          "n": 10,
          "pass@10": 0.0,
          "compile@10": 1.0,
          "facts@10": 0.0
        },
        {
          "task_key": "sigless_542df42d457e",
          "n": 10,
          "pass@10": 0.0,
          "compile@10": 1.0,
          "facts@10": 0.0
        },
        {
          "task_key": "sigless_b58dcc604aa0",
          "n": 10,
          "pass@10": 0.0,
          "compile@10": 1.0,
          "facts@10": 0.0
        },
        {
          "task_key": "sigless_27b77840b581",
          "n": 10,
          "pass@10": 0.0,
          "compile@10": 1.0,
          "facts@10": 0.0
        },
        {
          "task_key": "sigless_0fbd54b0ca72",
          "n": 10,
          "pass@10": 0.0,
          "compile@10": 1.0,
          "facts@10": 0.0
        },
        {
          "task_key": "sigless_0ae891d93af5",
          "n": 10,
          "pass@10": 0.0,
          "compile@10": 1.0,
          "facts@10": 0.0
        },
        {
          "task_key": "sigless_493855bb945d",
          "n": 10,
          "pass@10": 0.0,
          "compile@10": 1.0,
          "facts@10": 0.0
        },
        {
          "task_key": "sigless_09cdf62c0bfe",
          "n": 10,
          "pass@10": 0.0,
          "compile@10": 1.0,
          "facts@10": 0.0
        },
        {
          "task_key": "sigless_38cedfaa2da9",
          "n": 10,
          "pass@10": 0.0,
          "compile@10": 1.0,
          "facts@10": 0.0
        },
        {
          "task_key": "sigless_d4daa2ae7d85",
          "n": 10,
          "pass@10": 0.0,
          "compile@10": 1.0,
          "facts@10": 0.0
        },
        {
          "task_key": "sigless_ee9fdc1b7495",
          "n": 10,
          "pass@10": 0.0,
          "compile@10": 1.0,
          "facts@10": 0.0
        },
        {
          "task_key": "sigless_e7ecd405199f",
          "n": 10,
          "pass@10": 0.0,
          "compile@10": 1.0,
          "facts@10": 0.0
        },
        {
          "task_key": "sigless_66cbcf809b6c",
          "n": 10,
          "pass@10": 0.0,
          "compile@10": 1.0,
          "facts@10": 0.0
        },
        {
          "task_key": "sigless_c93235045109",
          "n": 10,
          "pass@10": 0.0,
          "compile@10": 1.0,
          "facts@10": 0.0
        },
        {
          "task_key": "sigless_27553d88bf64",
          "n": 10,
          "pass@10": 0.0,
          "compile@10": 1.0,
          "facts@10": 0.0
        },
        {
          "task_key": "sigless_d7dc17745fd1",
          "n": 10,
          "pass@10": 0.0,
          "compile@10": 1.0,
          "facts@10": 0.0
        },
        {
          "task_key": "sigless_bbb0a7dd2e47",
          "n": 10,
          "pass@10": 0.0,
          "compile@10": 1.0,
          "facts@10": 0.0
        },
        {
          "task_key": "sigless_6c5caceb9a4a",
          "n": 10,
          "pass@10": 0.0,
          "compile@10": 1.0,
          "facts@10": 0.0
        },
        {
          "task_key": "sigless_cee85a147e0f",
          "n": 10,
          "pass@10": 0.0,
          "compile@10": 1.0,
          "facts@10": 0.0
        },
        {
          "task_key": "sigless_e125bfa46108",
          "n": 10,
          "pass@10": 0.0,
          "compile@10": 1.0,
          "facts@10": 0.0
        },
        {
          "task_key": "sigless_ce27c419ed4f",
          "n": 10,
          "pass@10": 0.0,
          "compile@10": 1.0,
          "facts@10": 0.0
        },
        {
          "task_key": "sigless_3a42b341cb0d",
          "n": 10,
          "pass@10": 0.0,
          "compile@10": 1.0,
          "facts@10": 0.0
        },
        {
          "task_key": "sigless_67a96a7b9e59",
          "n": 10,
          "pass@10": 0.0,
          "compile@10": 1.0,
          "facts@10": 0.0
        },
        {
          "task_key": "sigless_17f5e0def6d4",
          "n": 10,
          "pass@10": 0.0,
          "compile@10": 1.0,
          "facts@10": 0.0
        },
        {
          "task_key": "sigless_1145f6db3531",
          "n": 10,
          "pass@10": 0.0,
          "compile@10": 1.0,
          "facts@10": 0.0
        },
        {
          "task_key": "sigless_0f200e6664e6",
          "n": 10,
          "pass@10": 0.0,
          "compile@10": 1.0,
          "facts@10": 0.0
        },
        {
          "task_key": "sigless_3929799ed687",
          "n": 10,
          "pass@10": 0.0,
          "compile@10": 1.0,
          "facts@10": 0.0
        },
        {
          "task_key": "sigless_9c432f45ea27",
          "n": 10,
          "pass@10": 0.0,
          "compile@10": 1.0,
          "facts@10": 0.0
        },
        {
          "task_key": "sigless_4af6720f4362",
          "n": 10,
          "pass@10": 0.0,
          "compile@10": 1.0,
          "facts@10": 0.0
        },
        {
          "task_key": "sigless_f87c1c2ffb3c",
          "n": 10,
          "pass@10": 0.0,
          "compile@10": 1.0,
          "facts@10": 0.0
        },
        {
          "task_key": "sigless_2be8c75a3073",
          "n": 10,
          "pass@10": 0.0,
          "compile@10": 1.0,
          "facts@10": 0.0
        },
        {
          "task_key": "sigless_c64b41f948ee",
          "n": 10,
          "pass@10": 0.0,
          "compile@10": 1.0,
          "facts@10": 0.0
        },
        {
          "task_key": "sigless_3fa9d7070871",
          "n": 10,
          "pass@10": 0.0,
          "compile@10": 1.0,
          "facts@10": 0.0
        },
        {
          "task_key": "sigless_4d39b056ad31",
          "n": 10,
          "pass@10": 0.0,
          "compile@10": 1.0,
          "facts@10": 0.0
        },
        {
          "task_key": "sigless_108cdc335d48",
          "n": 10,
          "pass@10": 0.0,
          "compile@10": 1.0,
          "facts@10": 0.0
        },
        {
          "task_key": "sigless_0fe06286c78f",
          "n": 10,
          "pass@10": 0.0,
          "compile@10": 1.0,
          "facts@10": 0.0
        },
        {
          "task_key": "sigless_da940c8246a3",
          "n": 10,
          "pass@10": 0.0,
          "compile@10": 1.0,
          "facts@10": 0.0
        },
        {
          "task_key": "sigless_c37b1bba560e",
          "n": 10,
          "pass@10": 0.0,
          "compile@10": 1.0,
          "facts@10": 0.0
        },
        {
          "task_key": "sigless_2a0961492519",
          "n": 10,
          "pass@10": 0.0,
          "compile@10": 1.0,
          "facts@10": 0.0
        },
        {
          "task_key": "sigless_ad725c2c547b",
          "n": 10,
          "pass@10": 0.0,
          "compile@10": 1.0,
          "facts@10": 0.0
        },
        {
          "task_key": "sigless_937c58f239b2",
          "n": 10,
          "pass@10": 0.0,
          "compile@10": 1.0,
          "facts@10": 0.0
        },
        {
          "task_key": "sigless_bcaf0014136d",
          "n": 10,
          "pass@10": 0.0,
          "compile@10": 1.0,
          "facts@10": 0.0
        },
        {
          "task_key": "sigless_2dcb95305f63",
          "n": 10,
          "pass@10": 0.0,
          "compile@10": 1.0,
          "facts@10": 0.0
        },
        {
          "task_key": "sigless_4e18a67c50c4",
          "n": 10,
          "pass@10": 0.0,
          "compile@10": 1.0,
          "facts@10": 0.0
        },
        {
          "task_key": "sigless_7258607a5019",
          "n": 10,
          "pass@10": 0.0,
          "compile@10": 1.0,
          "facts@10": 0.0
        },
        {
          "task_key": "sigless_ab07a2178dfd",
          "n": 10,
          "pass@10": 0.0,
          "compile@10": 1.0,
          "facts@10": 0.0
        },
        {
          "task_key": "sigless_b09251c44c87",
          "n": 10,
          "pass@10": 0.0,
          "compile@10": 1.0,
          "facts@10": 0.0
        },
        {
          "task_key": "sigless_de373d4a6b1d",
          "n": 10,
          "pass@10": 0.0,
          "compile@10": 1.0,
          "facts@10": 0.0
        },
        {
          "task_key": "sigless_2172c93430c0",
          "n": 10,
          "pass@10": 0.0,
          "compile@10": 1.0,
          "facts@10": 0.0
        },
        {
          "task_key": "sigless_b6ced25fdd4b",
          "n": 10,
          "pass@10": 0.0,
          "compile@10": 1.0,
          "facts@10": 0.0
        },
        {
          "task_key": "sigless_d074e14296e7",
          "n": 10,
          "pass@10": 0.0,
          "compile@10": 1.0,
          "facts@10": 0.0
        },
        {
          "task_key": "sigless_a84885543dbb",
          "n": 10,
          "pass@10": 0.0,
          "compile@10": 1.0,
          "facts@10": 0.0
        },
        {
          "task_key": "sigless_2f29665d864f",
          "n": 10,
          "pass@10": 0.0,
          "compile@10": 1.0,
          "facts@10": 0.0
        },
        {
          "task_key": "sigless_e2dd576e7482",
          "n": 10,
          "pass@10": 0.0,
          "compile@10": 1.0,
          "facts@10": 0.0
        },
        {
          "task_key": "sigless_c5bebcad02f9",
          "n": 10,
          "pass@10": 0.0,
          "compile@10": 1.0,
          "facts@10": 0.0
        },
        {
          "task_key": "sigless_bca943b28a8f",
          "n": 10,
          "pass@10": 0.0,
          "compile@10": 1.0,
          "facts@10": 0.0
        },
        {
          "task_key": "sigless_8837a8bab3b8",
          "n": 10,
          "pass@10": 0.0,
          "compile@10": 1.0,
          "facts@10": 0.0
        },
        {
          "task_key": "sigless_b475cdee1ff3",
          "n": 10,
          "pass@10": 0.0,
          "compile@10": 1.0,
          "facts@10": 0.0
        },
        {
          "task_key": "sigless_06fb90d83c9d",
          "n": 10,
          "pass@10": 0.0,
          "compile@10": 1.0,
          "facts@10": 0.0
        },
        {
          "task_key": "sigless_6ba5da5276ae",
          "n": 10,
          "pass@10": 0.0,
          "compile@10": 1.0,
          "facts@10": 0.0
        },
        {
          "task_key": "sigless_9c491e7e254a",
          "n": 10,
          "pass@10": 0.0,
          "compile@10": 1.0,
          "facts@10": 0.0
        },
        {
          "task_key": "sigless_4d81b9d29551",
          "n": 10,
          "pass@10": 0.0,
          "compile@10": 1.0,
          "facts@10": 0.0
        },
        {
          "task_key": "sigless_2c83de6e29cc",
          "n": 10,
          "pass@10": 0.0,
          "compile@10": 1.0,
          "facts@10": 0.0
        },
        {
          "task_key": "sigless_a14434839689",
          "n": 10,
          "pass@10": 0.0,
          "compile@10": 1.0,
          "facts@10": 0.0
        },
        {
          "task_key": "sigless_30e45ab59b81",
          "n": 10,
          "pass@10": 0.0,
          "compile@10": 1.0,
          "facts@10": 0.0
        },
        {
          "task_key": "sigless_498ea0750ff2",
          "n": 10,
          "pass@10": 0.0,
          "compile@10": 1.0,
          "facts@10": 0.0
        },
        {
          "task_key": "sigless_fdbacf7aee49",
          "n": 10,
          "pass@10": 0.0,
          "compile@10": 1.0,
          "facts@10": 0.0
        },
        {
          "task_key": "sigless_0888b30aad68",
          "n": 10,
          "pass@10": 0.0,
          "compile@10": 1.0,
          "facts@10": 0.0
        },
        {
          "task_key": "sigless_5a7d3ccec54a",
          "n": 10,
          "pass@10": 0.0,
          "compile@10": 1.0,
          "facts@10": 0.0
        },
        {
          "task_key": "sigless_7c39ccdcb589",
          "n": 10,
          "pass@10": 0.0,
          "compile@10": 1.0,
          "facts@10": 0.0
        },
        {
          "task_key": "sigless_7c6e76d81edf",
          "n": 10,
          "pass@10": 0.0,
          "compile@10": 1.0,
          "facts@10": 0.0
        },
        {
          "task_key": "sigless_1ed3cb5e7dec",
          "n": 10,
          "pass@10": 0.0,
          "compile@10": 1.0,
          "facts@10": 0.0
        },
        {
          "task_key": "sigless_2574047c1f7e",
          "n": 10,
          "pass@10": 0.0,
          "compile@10": 1.0,
          "facts@10": 0.0
        },
        {
          "task_key": "sigless_731ebfff542e",
          "n": 10,
          "pass@10": 0.0,
          "compile@10": 1.0,
          "facts@10": 0.0
        },
        {
          "task_key": "sigless_09d96b4d2aeb",
          "n": 10,
          "pass@10": 0.0,
          "compile@10": 1.0,
          "facts@10": 0.0
        },
        {
          "task_key": "sigless_caa464f52d72",
          "n": 10,
          "pass@10": 0.0,
          "compile@10": 1.0,
          "facts@10": 0.0
        },
        {
          "task_key": "sigless_8a7c79e97050",
          "n": 10,
          "pass@10": 0.0,
          "compile@10": 1.0,
          "facts@10": 0.0
        }
      ],
      "prediction_file": "/workspace/artifacts/hybrid_v2_3_s44/02b_graph_only_functional_gate/causal_null.json"
    }
  },
  "statistical_tests": {
    "causal_correct_vs_matched_permutation": {
      "metric": "pass@10",
      "rows": 490,
      "left_above_right_tasks": 1,
      "equal_tasks": 488,
      "right_above_left_tasks": 1,
      "effective_non_ties": 2,
      "exact_one_sided_sign_p_value": 0.75,
      "task_metric_binary": true,
      "exact_test": "one_sided_exact_mcnemar",
      "bootstrap": {
        "unit": "task",
        "rows": 490,
        "iterations": 10000,
        "confidence": 0.95,
        "seed": 44,
        "point_estimate_pp": 0.0,
        "one_sided_lower_pp": -0.40816326530612246,
        "two_sided_ci_pp": [
          -0.6122448979591837,
          0.6122448979591837
        ],
        "bootstrap_probability_positive": 0.3463
      }
    },
    "causal_correct_vs_null": {
      "metric": "pass@10",
      "rows": 490,
      "left_above_right_tasks": 1,
      "equal_tasks": 489,
      "right_above_left_tasks": 0,
      "effective_non_ties": 1,
      "exact_one_sided_sign_p_value": 0.5,
      "task_metric_binary": true,
      "exact_test": "one_sided_exact_mcnemar",
      "bootstrap": {
        "unit": "task",
        "rows": 490,
        "iterations": 10000,
        "confidence": 0.95,
        "seed": 45,
        "point_estimate_pp": 0.20408163265306123,
        "one_sided_lower_pp": 0.0,
        "two_sided_ci_pp": [
          0.0,
          0.6122448979591837
        ],
        "bootstrap_probability_positive": 0.6264
      }
    },
    "facts_correct_vs_matched_permutation": {
      "metric": "facts@10",
      "rows": 490,
      "left_above_right_tasks": 0,
      "equal_tasks": 490,
      "right_above_left_tasks": 0,
      "effective_non_ties": 0,
      "exact_one_sided_sign_p_value": 1.0,
      "task_metric_binary": true,
      "exact_test": "one_sided_exact_mcnemar",
      "bootstrap": {
        "unit": "task",
        "rows": 490,
        "iterations": 10000,
        "confidence": 0.95,
        "seed": 46,
        "point_estimate_pp": 0.0,
        "one_sided_lower_pp": 0.0,
        "two_sided_ci_pp": [
          0.0,
          0.0
        ],
        "bootstrap_probability_positive": 0.0
      }
    }
  },
  "statistical_configuration": {
    "task_is_resampling_unit": true,
    "bootstrap_iterations": 10000,
    "bootstrap_seed": 44,
    "confidence": 0.95,
    "one_sided_sign_test_alpha": 0.05,
    "minimum_causal_effective_pairs": 8,
    "minimum_deployment_effective_pairs": 8,
    "facts_statistics_required": false,
    "note": "The task bootstrap addresses finite held-out-task uncertainty. Multiple generation seeds are still recommended for final estimates."
  },
  "gates_percentage_points": {
    "causal_permutation_drop": 0.0,
    "causal_null_drop": 0.20408163265306123,
    "facts_permutation_drop": 0.0,
    "deployment_improvement": null
  },
  "thresholds_percentage_points": {
    "causal_permutation_observed_drop": 0.0,
    "causal_permutation_bootstrap_lower": 0.0,
    "causal_null_observed_drop": 0.0,
    "causal_null_bootstrap_lower": 0.0,
    "facts_permutation_observed_drop": 0.0,
    "facts_permutation_bootstrap_lower": 0.0,
    "deprecated_causal_task_losses": 0,
    "deployment_observed_improvement": null,
    "deployment_bootstrap_lower": null
  },
  "failures": [
    "causal correct-vs-permuted pass@k has only 2 discordant/effective task pairs; minimum is 8",
    "causal correct-vs-permuted pass@k exact one-sided sign-test p=0.75 > 0.05",
    "causal correct-vs-permuted pass@k paired-bootstrap one-sided lower bound -0.408 pp <= 0.000 pp",
    "causal correct-vs-null pass@k has only 1 discordant/effective task pairs; minimum is 8",
    "causal correct-vs-null pass@k exact one-sided sign-test p=0.5 > 0.05",
    "causal correct-vs-null pass@k paired-bootstrap one-sided lower bound 0.000 pp <= 0.000 pp"
  ]
}
Traceback (most recent call last):
  File "<frozen runpy>", line 198, in _run_module_as_main
  File "<frozen runpy>", line 88, in _run_code
  File "/workspace/scripts/training/run_hybrid_curriculum_antigravity.py", line 1842, in <module>
    main()
  File "/workspace/scripts/training/run_hybrid_curriculum_antigravity.py", line 1838, in main
    raise SystemExit(runner.execute())
                     ^^^^^^^^^^^^^^^^
  File "/workspace/scripts/training/run_hybrid_curriculum_antigravity.py", line 1119, in execute
    self.run(
  File "/workspace/scripts/training/run_hybrid_curriculum_antigravity.py", line 504, in run
    subprocess.run(command, cwd=self.root, env=env, check=True)
  File "/venv/main/lib/python3.12/subprocess.py", line 571, in run
    raise CalledProcessError(retcode, process.args,
subprocess.CalledProcessError: Command '['/venv/main/bin/python', '/workspace/scripts/evaluation/functional_graph_gate_antigravity.py', '--project_root', '/workspace', '--dataset', '/workspace/artifacts/hybrid_v2_3_s44/00_phase0/neutral_functional_eval.jsonl', '--checkpoint', '/workspace/artifacts/hybrid_v2_3_s44/01_graph_only_sft/pytorch_model.bin', '--output_dir', '/workspace/artifacts/hybrid_v2_3_s44/02b_graph_only_functional_gate', '--report', '/workspace/artifacts/hybrid_v2_3_s44/02b_graph_only_functional_gate/report.json', '--decoder_model', 'Qwen/Qwen3-8B', '--decoder_revision', '', '--encoder_revision', '', '--seed', '44', '--num_samples', '10', '--k', '10', '--generation_batch_size', '16', '--max_new_tokens', '3328', '--decoder_prompt_max_length', '3072', '--causality_prompt_mode', 'graph_only', '--performance_prompt_mode', 'graph_only', '--no-run_deployment_arm', '--run_causality_arm', '--min_rows', '96', '--bootstrap_iterations', '10000', '--bootstrap_seed', '44', '--statistical_confidence', '0.95', '--max_sign_test_p_value', '0.05', '--min_causal_effective_pairs', '8', '--min_deployment_effective_pairs', '8', '--min_causal_permutation_ci_lower_pp', '0.0', '--min_causal_null_ci_lower_pp', '0.0', '--min_facts_permutation_ci_lower_pp', '0.0', '--min_deployment_ci_lower_pp', '0.0', '--no-require_facts_statistics', '--min_causal_permutation_drop_pp', '0.0', '--min_facts_permutation_drop_pp', '0.0', '--min_causal_task_losses', '0', '--min_deployment_improvement_pp', '0.0', '--load_4bit', '0', '--workers', '16', '--timeout', '20']' returned non-zero exit status 1.
